interaction_id,team_id,employee_1,employee_2,interaction_type,date,duration_minutes,quality_score
INT000001,TEAM001,EMP0431,EMP0477,Pair Programming,2025-06-28,5,6.2
INT000002,TEAM001,EMP0431,EMP0477,Pair Programming,2025-10-18,3,7.3
INT000003,TEAM001,EMP0431,EMP0477,Mentoring,2025-09-18,44,7.6
INT000004,TEAM001,EMP0431,EMP0477,Pair Programming,2025-06-19,5,7.2
INT000005,TEAM001,EMP0431,EMP0123,Collaboration,2025-08-22,42,6.7
INT000006,TEAM001,EMP0431,EMP0123,Meeting,2025-06-24,41,6.3
INT000007,TEAM001,EMP0431,EMP0123,Mentoring,2025-07-02,71,8.1
INT000008,TEAM001,EMP0477,EMP0123,Code Review,2025-06-12,58,4.9
INT000009,TEAM001,EMP0477,EMP0123,Mentoring,2025-09-25,88,4.9
INT000010,TEAM001,EMP0477,EMP0123,Mentoring,2025-06-01,48,7.4
INT000011,TEAM001,EMP0477,EMP0123,Pair Programming,2025-06-06,33,5.0
INT000012,TEAM001,EMP0477,EMP0123,Meeting,2025-06-16,74,6.9
INT000013,TEAM002,EMP0386,EMP0495,Mentoring,2025-10-27,9,6.3
INT000014,TEAM002,EMP0386,EMP0495,Pair Programming,2025-06-13,22,8.0
INT000015,TEAM002,EMP0386,EMP0495,Code Review,2025-05-25,17,6.1
INT000016,TEAM003,EMP0128,EMP0410,Meeting,2025-05-28,33,4.7
INT000017,TEAM003,EMP0128,EMP0410,Mentoring,2025-07-03,26,7.9
INT000018,TEAM003,EMP0128,EMP0410,Pair Programming,2025-06-21,3,5.5
INT000019,TEAM003,EMP0128,EMP0410,Pair Programming,2025-05-27,11,5.3
INT000020,TEAM003,EMP0128,EMP0234,Discussion,2025-05-16,11,7.1
INT000021,TEAM003,EMP0128,EMP0234,Discussion,2025-08-23,12,7.9
INT000022,TEAM003,EMP0128,EMP0234,Mentoring,2025-10-20,45,7.8
INT000023,TEAM003,EMP0128,EMP0234,Code Review,2025-10-23,58,8.7
INT000024,TEAM003,EMP0128,EMP0234,Discussion,2025-07-18,5,6.8
INT000025,TEAM003,EMP0410,EMP0234,Pair Programming,2025-09-16,7,6.4
INT000026,TEAM003,EMP0410,EMP0234,Code Review,2025-06-05,41,6.5
INT000027,TEAM003,EMP0410,EMP0234,Brainstorming,2025-08-19,9,4.9
INT000028,TEAM003,EMP0410,EMP0234,Mentoring,2025-08-18,47,4.0
INT000029,TEAM003,EMP0410,EMP0234,Discussion,2025-08-11,18,7.6
INT000030,TEAM004,EMP0500,EMP0395,Collaboration,2025-08-05,7,8.1
INT000031,TEAM004,EMP0500,EMP0395,Meeting,2025-06-17,111,7.0
INT000032,TEAM004,EMP0500,EMP0395,Code Review,2025-08-18,34,9.7
INT000033,TEAM004,EMP0500,EMP0395,Meeting,2025-07-11,55,6.4
INT000034,TEAM004,EMP0500,EMP0395,Discussion,2025-08-31,15,5.5
INT000035,TEAM004,EMP0500,EMP0334,Meeting,2025-10-14,21,8.1
INT000036,TEAM004,EMP0500,EMP0334,Discussion,2025-08-25,12,8.5
INT000037,TEAM004,EMP0500,EMP0334,Discussion,2025-06-03,12,6.1
INT000038,TEAM004,EMP0500,EMP0444,Brainstorming,2025-09-28,33,7.3
INT000039,TEAM004,EMP0500,EMP0444,Collaboration,2025-08-16,4,5.9
INT000040,TEAM004,EMP0500,EMP0444,Code Review,2025-08-19,31,8.5
INT000041,TEAM004,EMP0500,EMP0444,Discussion,2025-09-28,12,7.0
INT000042,TEAM004,EMP0500,EMP0144,Discussion,2025-08-21,12,5.2
INT000043,TEAM004,EMP0500,EMP0144,Meeting,2025-11-02,49,5.7
INT000044,TEAM004,EMP0500,EMP0144,Collaboration,2025-07-30,33,8.6
INT000045,TEAM004,EMP0500,EMP0164,Code Review,2025-09-07,29,7.4
INT000046,TEAM004,EMP0500,EMP0164,Pair Programming,2025-06-11,14,8.1
INT000047,TEAM004,EMP0500,EMP0150,Discussion,2025-08-27,6,5.6
INT000048,TEAM004,EMP0500,EMP0150,Brainstorming,2025-06-08,2,7.5
INT000049,TEAM004,EMP0500,EMP0150,Mentoring,2025-05-24,38,6.3
INT000050,TEAM004,EMP0500,EMP0150,Pair Programming,2025-07-10,3,8.0
INT000051,TEAM004,EMP0500,EMP0150,Meeting,2025-06-23,36,5.6
INT000052,TEAM004,EMP0500,EMP0150,Discussion,2025-10-11,32,6.6
INT000053,TEAM004,EMP0500,EMP0396,Mentoring,2025-09-01,96,8.8
INT000054,TEAM004,EMP0500,EMP0396,Brainstorming,2025-08-06,20,7.7
INT000055,TEAM004,EMP0500,EMP0396,Pair Programming,2025-07-27,21,8.6
INT000056,TEAM004,EMP0500,EMP0254,Collaboration,2025-10-25,9,7.9
INT000057,TEAM004,EMP0500,EMP0254,Code Review,2025-06-17,59,7.0
INT000058,TEAM004,EMP0500,EMP0254,Collaboration,2025-08-07,7,5.2
INT000059,TEAM004,EMP0500,EMP0254,Meeting,2025-08-26,20,7.4
INT000060,TEAM004,EMP0500,EMP0254,Collaboration,2025-08-01,14,5.4
INT000061,TEAM004,EMP0500,EMP0254,Brainstorming,2025-07-15,2,7.3
INT000062,TEAM004,EMP0500,EMP0254,Pair Programming,2025-06-20,44,4.9
INT000063,TEAM004,EMP0500,EMP0207,Discussion,2025-10-14,12,7.2
INT000064,TEAM004,EMP0500,EMP0207,Brainstorming,2025-08-04,3,7.1
INT000065,TEAM004,EMP0500,EMP0207,Collaboration,2025-08-13,20,5.5
INT000066,TEAM004,EMP0395,EMP0126,Discussion,2025-06-30,20,7.4
INT000067,TEAM004,EMP0395,EMP0126,Meeting,2025-07-02,22,7.6
INT000068,TEAM004,EMP0395,EMP0144,Mentoring,2025-10-03,50,7.0
INT000069,TEAM004,EMP0395,EMP0144,Brainstorming,2025-08-14,8,7.4
INT000070,TEAM004,EMP0395,EMP0144,Collaboration,2025-07-09,2,4.0
INT000071,TEAM004,EMP0395,EMP0144,Code Review,2025-07-14,19,7.2
INT000072,TEAM004,EMP0395,EMP0144,Collaboration,2025-06-05,10,4.8
INT000073,TEAM004,EMP0395,EMP0164,Pair Programming,2025-06-04,5,6.6
INT000074,TEAM004,EMP0395,EMP0164,Discussion,2025-09-27,39,9.5
INT000075,TEAM004,EMP0395,EMP0164,Mentoring,2025-06-03,22,5.3
INT000076,TEAM004,EMP0395,EMP0396,Brainstorming,2025-07-01,13,7.8
INT000077,TEAM004,EMP0395,EMP0396,Collaboration,2025-06-30,14,8.1
INT000078,TEAM004,EMP0395,EMP0396,Mentoring,2025-07-05,21,7.7
INT000079,TEAM004,EMP0395,EMP0396,Pair Programming,2025-06-16,26,7.2
INT000080,TEAM004,EMP0395,EMP0396,Brainstorming,2025-07-09,13,8.1
INT000081,TEAM004,EMP0395,EMP0396,Pair Programming,2025-11-03,24,8.0
INT000082,TEAM004,EMP0395,EMP0396,Mentoring,2025-08-15,31,8.5
INT000083,TEAM004,EMP0395,EMP0254,Collaboration,2025-07-24,17,8.0
INT000084,TEAM004,EMP0395,EMP0254,Brainstorming,2025-08-21,19,6.1
INT000085,TEAM004,EMP0395,EMP0254,Mentoring,2025-05-15,36,7.3
INT000086,TEAM004,EMP0395,EMP0254,Collaboration,2025-11-01,12,6.9
INT000087,TEAM004,EMP0395,EMP0254,Pair Programming,2025-07-09,10,6.3
INT000088,TEAM004,EMP0395,EMP0207,Collaboration,2025-10-25,2,7.3
INT000089,TEAM004,EMP0395,EMP0207,Code Review,2025-07-08,24,5.2
INT000090,TEAM004,EMP0395,EMP0207,Mentoring,2025-06-26,54,3.9
INT000091,TEAM004,EMP0395,EMP0207,Brainstorming,2025-06-02,9,7.7
INT000092,TEAM004,EMP0395,EMP0207,Code Review,2025-08-02,63,8.7
INT000093,TEAM004,EMP0334,EMP0126,Mentoring,2025-06-14,35,8.1
INT000094,TEAM004,EMP0334,EMP0126,Code Review,2025-10-10,104,8.1
INT000095,TEAM004,EMP0334,EMP0126,Discussion,2025-11-03,9,5.6
INT000096,TEAM004,EMP0334,EMP0126,Discussion,2025-08-19,4,6.5
INT000097,TEAM004,EMP0334,EMP0126,Discussion,2025-09-30,30,8.2
INT000098,TEAM004,EMP0334,EMP0126,Code Review,2025-05-15,15,5.9
INT000099,TEAM004,EMP0334,EMP0126,Collaboration,2025-07-25,8,8.2
INT000100,TEAM004,EMP0334,EMP0126,Discussion,2025-06-04,7,7.8
INT000101,TEAM004,EMP0334,EMP0126,Mentoring,2025-10-23,30,8.8
INT000102,TEAM004,EMP0334,EMP0126,Collaboration,2025-10-03,10,6.0
INT000103,TEAM004,EMP0334,EMP0144,Mentoring,2025-08-16,30,4.4
INT000104,TEAM004,EMP0334,EMP0144,Collaboration,2025-07-08,39,7.8
INT000105,TEAM004,EMP0334,EMP0144,Pair Programming,2025-08-03,23,7.5
INT000106,TEAM004,EMP0334,EMP0144,Discussion,2025-09-24,16,7.8
INT000107,TEAM004,EMP0334,EMP0144,Pair Programming,2025-06-24,11,7.5
INT000108,TEAM004,EMP0334,EMP0144,Pair Programming,2025-06-21,8,6.7
INT000109,TEAM004,EMP0334,EMP0478,Code Review,2025-07-07,83,8.3
INT000110,TEAM004,EMP0334,EMP0478,Pair Programming,2025-09-05,28,4.0
INT000111,TEAM004,EMP0334,EMP0478,Pair Programming,2025-06-18,16,7.7
INT000112,TEAM004,EMP0334,EMP0478,Pair Programming,2025-09-11,0,6.9
INT000113,TEAM004,EMP0334,EMP0478,Mentoring,2025-08-26,89,6.9
INT000114,TEAM004,EMP0334,EMP0478,Mentoring,2025-09-15,22,8.7
INT000115,TEAM004,EMP0334,EMP0478,Discussion,2025-05-11,10,7.8
INT000116,TEAM004,EMP0334,EMP0366,Collaboration,2025-08-10,11,7.6
INT000117,TEAM004,EMP0334,EMP0366,Pair Programming,2025-08-29,31,7.0
INT000118,TEAM004,EMP0334,EMP0366,Collaboration,2025-10-07,30,7.3
INT000119,TEAM004,EMP0334,EMP0366,Collaboration,2025-05-18,2,7.1
INT000120,TEAM004,EMP0334,EMP0366,Discussion,2025-08-02,11,7.3
INT000121,TEAM004,EMP0334,EMP0366,Brainstorming,2025-08-11,13,7.2
INT000122,TEAM004,EMP0334,EMP0366,Pair Programming,2025-10-01,11,7.4
INT000123,TEAM004,EMP0334,EMP0366,Pair Programming,2025-10-28,23,7.0
INT000124,TEAM004,EMP0334,EMP0366,Pair Programming,2025-10-18,4,6.5
INT000125,TEAM004,EMP0334,EMP0366,Mentoring,2025-07-17,15,6.9
INT000126,TEAM004,EMP0334,EMP0366,Mentoring,2025-09-03,16,6.6
INT000127,TEAM004,EMP0334,EMP0488,Brainstorming,2025-09-17,9,7.9
INT000128,TEAM004,EMP0334,EMP0488,Pair Programming,2025-06-23,4,9.3
INT000129,TEAM004,EMP0334,EMP0488,Mentoring,2025-06-17,28,6.1
INT000130,TEAM004,EMP0334,EMP0488,Code Review,2025-08-30,14,7.7
INT000131,TEAM004,EMP0334,EMP0488,Collaboration,2025-10-11,2,5.5
INT000132,TEAM004,EMP0444,EMP0126,Mentoring,2025-10-26,102,7.6
INT000133,TEAM004,EMP0444,EMP0126,Code Review,2025-06-25,44,6.1
INT000134,TEAM004,EMP0444,EMP0126,Code Review,2025-05-28,11,8.5
INT000135,TEAM004,EMP0444,EMP0126,Meeting,2025-10-25,31,5.8
INT000136,TEAM004,EMP0444,EMP0126,Pair Programming,2025-07-25,17,6.3
INT000137,TEAM004,EMP0444,EMP0164,Meeting,2025-10-03,39,9.5
INT000138,TEAM004,EMP0444,EMP0164,Code Review,2025-06-20,35,6.2
INT000139,TEAM004,EMP0444,EMP0164,Mentoring,2025-07-26,42,6.8
INT000140,TEAM004,EMP0444,EMP0164,Discussion,2025-07-09,17,7.0
INT000141,TEAM004,EMP0444,EMP0164,Code Review,2025-05-25,11,7.9
INT000142,TEAM004,EMP0444,EMP0164,Pair Programming,2025-08-26,6,7.5
INT000143,TEAM004,EMP0444,EMP0150,Brainstorming,2025-10-23,3,6.9
INT000144,TEAM004,EMP0444,EMP0150,Mentoring,2025-10-16,53,8.3
INT000145,TEAM004,EMP0444,EMP0150,Code Review,2025-06-14,56,5.9
INT000146,TEAM004,EMP0444,EMP0150,Mentoring,2025-06-24,46,4.2
INT000147,TEAM004,EMP0444,EMP0366,Meeting,2025-09-23,30,6.2
INT000148,TEAM004,EMP0444,EMP0366,Brainstorming,2025-07-29,3,4.1
INT000149,TEAM004,EMP0444,EMP0366,Code Review,2025-07-04,17,7.6
INT000150,TEAM004,EMP0444,EMP0366,Meeting,2025-08-25,30,7.1
INT000151,TEAM004,EMP0444,EMP0366,Pair Programming,2025-11-05,11,7.0
INT000152,TEAM004,EMP0444,EMP0366,Collaboration,2025-06-15,10,7.4
INT000153,TEAM004,EMP0444,EMP0488,Pair Programming,2025-08-14,21,7.6
INT000154,TEAM004,EMP0444,EMP0488,Mentoring,2025-07-14,42,4.1
INT000155,TEAM004,EMP0444,EMP0488,Collaboration,2025-06-21,6,6.1
INT000156,TEAM004,EMP0444,EMP0488,Code Review,2025-07-04,54,8.4
INT000157,TEAM004,EMP0444,EMP0488,Discussion,2025-07-01,16,8.3
INT000158,TEAM004,EMP0444,EMP0488,Code Review,2025-08-30,102,9.0
INT000159,TEAM004,EMP0444,EMP0488,Pair Programming,2025-10-10,11,8.8
INT000160,TEAM004,EMP0444,EMP0488,Mentoring,2025-09-27,20,8.5
INT000161,TEAM004,EMP0444,EMP0488,Mentoring,2025-07-13,19,4.5
INT000162,TEAM004,EMP0444,EMP0207,Meeting,2025-09-21,47,5.4
INT000163,TEAM004,EMP0126,EMP0150,Code Review,2025-09-19,57,7.0
INT000164,TEAM004,EMP0126,EMP0150,Brainstorming,2025-06-04,6,8.6
INT000165,TEAM004,EMP0126,EMP0150,Discussion,2025-05-28,7,8.4
INT000166,TEAM004,EMP0126,EMP0150,Collaboration,2025-07-21,46,5.0
INT000167,TEAM004,EMP0126,EMP0150,Meeting,2025-08-16,40,7.4
INT000168,TEAM004,EMP0126,EMP0150,Mentoring,2025-07-28,70,8.6
INT000169,TEAM004,EMP0126,EMP0150,Code Review,2025-10-14,42,5.0
INT000170,TEAM004,EMP0126,EMP0150,Discussion,2025-10-03,5,5.3
INT000171,TEAM004,EMP0126,EMP0396,Meeting,2025-09-05,55,6.6
INT000172,TEAM004,EMP0126,EMP0396,Discussion,2025-09-02,15,6.9
INT000173,TEAM004,EMP0126,EMP0396,Discussion,2025-09-08,5,6.2
INT000174,TEAM004,EMP0126,EMP0396,Pair Programming,2025-08-31,26,6.7
INT000175,TEAM004,EMP0126,EMP0396,Collaboration,2025-08-22,16,6.9
INT000176,TEAM004,EMP0126,EMP0478,Pair Programming,2025-05-24,3,7.1
INT000177,TEAM004,EMP0126,EMP0478,Code Review,2025-05-14,33,6.9
INT000178,TEAM004,EMP0126,EMP0478,Mentoring,2025-10-23,29,6.4
INT000179,TEAM004,EMP0126,EMP0478,Discussion,2025-10-08,4,6.3
INT000180,TEAM004,EMP0126,EMP0478,Code Review,2025-08-21,61,8.8
INT000181,TEAM004,EMP0126,EMP0478,Mentoring,2025-07-27,27,4.6
INT000182,TEAM004,EMP0126,EMP0478,Mentoring,2025-07-02,41,9.0
INT000183,TEAM004,EMP0144,EMP0150,Code Review,2025-09-12,37,5.3
INT000184,TEAM004,EMP0144,EMP0150,Discussion,2025-10-04,11,7.6
INT000185,TEAM004,EMP0144,EMP0150,Discussion,2025-09-29,8,9.1
INT000186,TEAM004,EMP0144,EMP0150,Pair Programming,2025-06-05,22,7.4
INT000187,TEAM004,EMP0144,EMP0150,Mentoring,2025-07-24,17,6.4
INT000188,TEAM004,EMP0144,EMP0396,Brainstorming,2025-07-10,15,8.1
INT000189,TEAM004,EMP0144,EMP0396,Brainstorming,2025-06-23,20,6.5
INT000190,TEAM004,EMP0144,EMP0396,Brainstorming,2025-05-21,9,8.4
INT000191,TEAM004,EMP0144,EMP0254,Mentoring,2025-09-05,41,7.4
INT000192,TEAM004,EMP0144,EMP0254,Brainstorming,2025-06-08,30,7.5
INT000193,TEAM004,EMP0144,EMP0254,Collaboration,2025-10-18,35,5.2
INT000194,TEAM004,EMP0144,EMP0254,Collaboration,2025-07-16,25,6.8
INT000195,TEAM004,EMP0144,EMP0366,Meeting,2025-06-16,32,5.7
INT000196,TEAM004,EMP0144,EMP0366,Brainstorming,2025-10-23,28,6.8
INT000197,TEAM004,EMP0144,EMP0366,Collaboration,2025-06-20,34,8.2
INT000198,TEAM004,EMP0144,EMP0366,Collaboration,2025-09-17,0,5.8
INT000199,TEAM004,EMP0144,EMP0366,Code Review,2025-06-23,40,6.2
INT000200,TEAM004,EMP0144,EMP0366,Pair Programming,2025-09-26,53,7.2
INT000201,TEAM004,EMP0144,EMP0366,Discussion,2025-06-27,32,5.6
INT000202,TEAM004,EMP0144,EMP0366,Mentoring,2025-10-09,20,7.3
INT000203,TEAM004,EMP0144,EMP0488,Discussion,2025-06-11,24,4.5
INT000204,TEAM004,EMP0144,EMP0488,Collaboration,2025-10-15,8,5.7
INT000205,TEAM004,EMP0144,EMP0488,Brainstorming,2025-07-16,8,7.7
INT000206,TEAM004,EMP0144,EMP0488,Discussion,2025-10-24,19,5.5
INT000207,TEAM004,EMP0144,EMP0207,Discussion,2025-07-24,10,6.3
INT000208,TEAM004,EMP0164,EMP0150,Discussion,2025-06-17,11,7.9
INT000209,TEAM004,EMP0164,EMP0150,Brainstorming,2025-05-19,9,5.7
INT000210,TEAM004,EMP0164,EMP0150,Mentoring,2025-08-21,43,6.9
INT000211,TEAM004,EMP0164,EMP0150,Discussion,2025-11-02,15,7.0
INT000212,TEAM004,EMP0164,EMP0150,Brainstorming,2025-09-03,8,7.6
INT000213,TEAM004,EMP0164,EMP0150,Mentoring,2025-11-07,35,3.0
INT000214,TEAM004,EMP0164,EMP0396,Meeting,2025-10-20,36,7.3
INT000215,TEAM004,EMP0164,EMP0396,Pair Programming,2025-07-22,8,5.6
INT000216,TEAM004,EMP0164,EMP0396,Meeting,2025-05-12,65,5.1
INT000217,TEAM004,EMP0164,EMP0396,Meeting,2025-06-22,49,8.7
INT000218,TEAM004,EMP0164,EMP0396,Discussion,2025-10-21,19,8.6
INT000219,TEAM004,EMP0164,EMP0396,Pair Programming,2025-10-30,8,7.4
INT000220,TEAM004,EMP0164,EMP0396,Code Review,2025-07-26,28,6.7
INT000221,TEAM004,EMP0164,EMP0207,Discussion,2025-08-02,1,6.2
INT000222,TEAM004,EMP0164,EMP0207,Discussion,2025-08-03,1,6.6
INT000223,TEAM004,EMP0164,EMP0207,Mentoring,2025-10-18,18,6.1
INT000224,TEAM004,EMP0164,EMP0207,Brainstorming,2025-05-22,40,7.1
INT000225,TEAM004,EMP0164,EMP0207,Code Review,2025-06-22,17,8.3
INT000226,TEAM004,EMP0164,EMP0207,Brainstorming,2025-05-24,14,8.1
INT000227,TEAM004,EMP0164,EMP0207,Meeting,2025-08-10,56,6.9
INT000228,TEAM004,EMP0164,EMP0207,Collaboration,2025-09-23,14,6.4
INT000229,TEAM004,EMP0150,EMP0396,Mentoring,2025-10-06,26,6.1
INT000230,TEAM004,EMP0150,EMP0396,Brainstorming,2025-09-11,2,6.5
INT000231,TEAM004,EMP0150,EMP0396,Brainstorming,2025-11-07,3,6.8
INT000232,TEAM004,EMP0150,EMP0396,Pair Programming,2025-11-02,1,4.2
INT000233,TEAM004,EMP0150,EMP0396,Mentoring,2025-07-12,52,6.5
INT000234,TEAM004,EMP0150,EMP0478,Brainstorming,2025-08-02,1,8.0
INT000235,TEAM004,EMP0150,EMP0478,Code Review,2025-09-10,9,5.9
INT000236,TEAM004,EMP0150,EMP0478,Pair Programming,2025-07-13,8,6.0
INT000237,TEAM004,EMP0150,EMP0478,Pair Programming,2025-09-29,10,6.9
INT000238,TEAM004,EMP0150,EMP0478,Mentoring,2025-09-20,47,8.6
INT000239,TEAM004,EMP0150,EMP0488,Discussion,2025-05-22,7,4.9
INT000240,TEAM004,EMP0150,EMP0488,Brainstorming,2025-06-03,19,7.8
INT000241,TEAM004,EMP0396,EMP0478,Meeting,2025-10-21,21,8.9
INT000242,TEAM004,EMP0396,EMP0478,Meeting,2025-06-08,13,6.3
INT000243,TEAM004,EMP0396,EMP0478,Collaboration,2025-07-16,5,4.7
INT000244,TEAM004,EMP0396,EMP0478,Mentoring,2025-05-19,44,4.8
INT000245,TEAM004,EMP0396,EMP0478,Code Review,2025-10-26,119,4.9
INT000246,TEAM004,EMP0396,EMP0478,Discussion,2025-10-27,13,7.6
INT000247,TEAM004,EMP0396,EMP0478,Code Review,2025-07-18,38,9.3
INT000248,TEAM004,EMP0396,EMP0478,Code Review,2025-06-22,39,6.4
INT000249,TEAM004,EMP0396,EMP0207,Code Review,2025-08-25,8,5.6
INT000250,TEAM004,EMP0396,EMP0207,Pair Programming,2025-06-13,10,5.0
INT000251,TEAM004,EMP0396,EMP0207,Collaboration,2025-06-13,9,7.3
INT000252,TEAM004,EMP0396,EMP0207,Brainstorming,2025-05-19,3,5.7
INT000253,TEAM004,EMP0396,EMP0207,Code Review,2025-08-17,50,4.0
INT000254,TEAM004,EMP0396,EMP0207,Code Review,2025-08-22,42,6.8
INT000255,TEAM004,EMP0396,EMP0207,Collaboration,2025-05-22,7,9.2
INT000256,TEAM004,EMP0254,EMP0478,Pair Programming,2025-08-23,17,8.2
INT000257,TEAM004,EMP0254,EMP0478,Collaboration,2025-10-23,68,9.2
INT000258,TEAM004,EMP0478,EMP0488,Meeting,2025-07-04,35,7.4
INT000259,TEAM004,EMP0478,EMP0488,Mentoring,2025-08-11,53,6.5
INT000260,TEAM004,EMP0478,EMP0488,Discussion,2025-05-20,29,6.3
INT000261,TEAM004,EMP0478,EMP0488,Pair Programming,2025-06-26,28,4.9
INT000262,TEAM004,EMP0478,EMP0488,Discussion,2025-05-13,7,7.7
INT000263,TEAM004,EMP0478,EMP0207,Discussion,2025-08-23,8,4.9
INT000264,TEAM004,EMP0478,EMP0207,Brainstorming,2025-09-21,59,6.2
INT000265,TEAM004,EMP0478,EMP0207,Discussion,2025-06-23,9,5.9
INT000266,TEAM004,EMP0478,EMP0207,Brainstorming,2025-09-07,41,7.4
INT000267,TEAM004,EMP0478,EMP0207,Pair Programming,2025-09-11,4,8.2
INT000268,TEAM004,EMP0478,EMP0207,Brainstorming,2025-10-02,7,7.8
INT000269,TEAM004,EMP0366,EMP0488,Collaboration,2025-10-24,33,6.5
INT000270,TEAM004,EMP0366,EMP0488,Discussion,2025-07-25,13,7.9
INT000271,TEAM004,EMP0366,EMP0488,Collaboration,2025-06-18,6,4.9
INT000272,TEAM004,EMP0366,EMP0488,Discussion,2025-10-04,15,6.2
INT000273,TEAM004,EMP0366,EMP0207,Pair Programming,2025-09-16,19,7.7
INT000274,TEAM004,EMP0366,EMP0207,Meeting,2025-05-26,43,7.7
INT000275,TEAM004,EMP0366,EMP0207,Brainstorming,2025-07-15,32,8.6
INT000276,TEAM004,EMP0366,EMP0207,Meeting,2025-08-05,29,6.4
INT000277,TEAM004,EMP0488,EMP0207,Meeting,2025-09-20,109,7.8
INT000278,TEAM004,EMP0488,EMP0207,Discussion,2025-08-31,13,7.3
INT000279,TEAM004,EMP0488,EMP0207,Collaboration,2025-05-19,6,6.6
INT000280,TEAM004,EMP0488,EMP0207,Meeting,2025-06-06,60,8.6
INT000281,TEAM004,EMP0488,EMP0207,Code Review,2025-10-20,31,4.3
INT000282,TEAM004,EMP0488,EMP0207,Mentoring,2025-06-10,7,8.4
INT000283,TEAM004,EMP0488,EMP0207,Collaboration,2025-05-20,10,6.1
INT000284,TEAM005,EMP0248,EMP0362,Brainstorming,2025-09-15,8,6.7
INT000285,TEAM005,EMP0248,EMP0362,Pair Programming,2025-08-14,50,3.8
INT000286,TEAM005,EMP0248,EMP0362,Code Review,2025-11-04,31,7.4
INT000287,TEAM005,EMP0248,EMP0430,Code Review,2025-07-08,83,6.5
INT000288,TEAM005,EMP0248,EMP0430,Collaboration,2025-05-13,20,5.9
INT000289,TEAM005,EMP0248,EMP0430,Code Review,2025-05-11,71,6.8
INT000290,TEAM005,EMP0248,EMP0292,Collaboration,2025-09-07,13,7.7
INT000291,TEAM005,EMP0248,EMP0292,Brainstorming,2025-08-17,13,6.6
INT000292,TEAM005,EMP0248,EMP0292,Discussion,2025-08-27,7,7.8
INT000293,TEAM005,EMP0248,EMP0292,Collaboration,2025-07-11,10,5.2
INT000294,TEAM005,EMP0248,EMP0292,Pair Programming,2025-05-25,17,6.4
INT000295,TEAM005,EMP0248,EMP0292,Pair Programming,2025-08-21,8,7.3
INT000296,TEAM005,EMP0248,EMP0292,Collaboration,2025-08-07,10,7.4
INT000297,TEAM005,EMP0248,EMP0292,Discussion,2025-07-03,8,7.7
INT000298,TEAM005,EMP0248,EMP0016,Brainstorming,2025-07-10,20,6.1
INT000299,TEAM005,EMP0248,EMP0016,Code Review,2025-08-18,75,8.7
INT000300,TEAM005,EMP0248,EMP0016,Pair Programming,2025-08-05,6,4.2
INT000301,TEAM005,EMP0248,EMP0016,Meeting,2025-07-25,30,8.1
INT000302,TEAM005,EMP0362,EMP0277,Mentoring,2025-09-12,39,7.1
INT000303,TEAM005,EMP0362,EMP0277,Meeting,2025-10-01,28,8.2
INT000304,TEAM005,EMP0362,EMP0277,Collaboration,2025-09-02,6,6.6
INT000305,TEAM005,EMP0362,EMP0277,Collaboration,2025-06-11,13,9.0
INT000306,TEAM005,EMP0362,EMP0277,Pair Programming,2025-07-24,7,7.0
INT000307,TEAM005,EMP0362,EMP0277,Code Review,2025-09-29,38,6.1
INT000308,TEAM005,EMP0362,EMP0277,Code Review,2025-08-15,25,5.0
INT000309,TEAM005,EMP0362,EMP0277,Collaboration,2025-08-02,12,4.8
INT000310,TEAM005,EMP0362,EMP0277,Discussion,2025-09-06,3,8.4
INT000311,TEAM005,EMP0362,EMP0277,Mentoring,2025-06-20,23,7.2
INT000312,TEAM005,EMP0362,EMP0430,Mentoring,2025-07-05,104,5.9
INT000313,TEAM005,EMP0362,EMP0430,Mentoring,2025-05-27,19,4.7
INT000314,TEAM005,EMP0362,EMP0430,Discussion,2025-07-05,20,8.3
INT000315,TEAM005,EMP0362,EMP0430,Mentoring,2025-09-25,34,6.4
INT000316,TEAM005,EMP0362,EMP0016,Discussion,2025-06-21,4,8.6
INT000317,TEAM005,EMP0362,EMP0016,Collaboration,2025-09-21,17,8.1
INT000318,TEAM005,EMP0362,EMP0016,Meeting,2025-05-27,41,8.3
INT000319,TEAM005,EMP0362,EMP0016,Meeting,2025-06-26,42,6.1
INT000320,TEAM005,EMP0277,EMP0430,Meeting,2025-05-20,26,6.3
INT000321,TEAM005,EMP0277,EMP0430,Discussion,2025-11-06,29,5.4
INT000322,TEAM005,EMP0277,EMP0430,Brainstorming,2025-10-03,27,7.0
INT000323,TEAM005,EMP0277,EMP0430,Code Review,2025-05-30,38,7.9
INT000324,TEAM005,EMP0277,EMP0430,Mentoring,2025-10-21,35,5.7
INT000325,TEAM005,EMP0277,EMP0430,Meeting,2025-09-30,13,6.7
INT000326,TEAM005,EMP0277,EMP0430,Collaboration,2025-09-13,14,7.8
INT000327,TEAM005,EMP0277,EMP0430,Pair Programming,2025-07-14,16,4.2
INT000328,TEAM005,EMP0277,EMP0430,Collaboration,2025-10-23,6,6.0
INT000329,TEAM005,EMP0409,EMP0016,Collaboration,2025-06-24,7,4.6
INT000330,TEAM005,EMP0409,EMP0016,Meeting,2025-07-25,71,4.4
INT000331,TEAM005,EMP0409,EMP0016,Collaboration,2025-11-03,7,5.6
INT000332,TEAM005,EMP0409,EMP0016,Collaboration,2025-08-29,2,6.5
INT000333,TEAM005,EMP0409,EMP0016,Meeting,2025-08-26,30,7.7
INT000334,TEAM005,EMP0409,EMP0016,Brainstorming,2025-07-02,4,7.9
INT000335,TEAM005,EMP0409,EMP0016,Mentoring,2025-05-13,44,4.2
INT000336,TEAM005,EMP0430,EMP0292,Meeting,2025-09-23,46,8.0
INT000337,TEAM005,EMP0430,EMP0292,Collaboration,2025-10-14,20,7.8
INT000338,TEAM005,EMP0430,EMP0292,Code Review,2025-09-30,20,6.7
INT000339,TEAM005,EMP0430,EMP0292,Collaboration,2025-09-19,8,8.5
INT000340,TEAM005,EMP0430,EMP0292,Pair Programming,2025-06-26,13,6.2
INT000341,TEAM005,EMP0430,EMP0292,Pair Programming,2025-08-09,12,7.4
INT000342,TEAM005,EMP0430,EMP0292,Meeting,2025-07-29,60,8.5
INT000343,TEAM005,EMP0430,EMP0292,Discussion,2025-08-04,26,6.1
INT000344,TEAM005,EMP0430,EMP0292,Collaboration,2025-07-13,5,7.6
INT000345,TEAM005,EMP0430,EMP0016,Code Review,2025-05-13,87,8.4
INT000346,TEAM005,EMP0430,EMP0016,Mentoring,2025-08-23,18,8.6
INT000347,TEAM005,EMP0430,EMP0016,Mentoring,2025-10-18,65,8.6
INT000348,TEAM005,EMP0430,EMP0016,Brainstorming,2025-05-25,9,5.7
INT000349,TEAM005,EMP0430,EMP0016,Meeting,2025-10-30,59,7.0
INT000350,TEAM005,EMP0430,EMP0016,Discussion,2025-07-27,8,5.5
INT000351,TEAM005,EMP0292,EMP0016,Meeting,2025-07-09,30,8.1
INT000352,TEAM005,EMP0292,EMP0016,Meeting,2025-05-28,32,9.4
INT000353,TEAM005,EMP0292,EMP0016,Code Review,2025-05-12,17,7.6
INT000354,TEAM006,EMP0459,EMP0252,Mentoring,2025-07-19,67,5.7
INT000355,TEAM006,EMP0459,EMP0252,Collaboration,2025-08-15,9,6.6
INT000356,TEAM006,EMP0459,EMP0252,Collaboration,2025-10-14,16,5.2
INT000357,TEAM006,EMP0459,EMP0252,Code Review,2025-10-28,21,7.5
INT000358,TEAM006,EMP0459,EMP0252,Brainstorming,2025-09-14,2,8.5
INT000359,TEAM006,EMP0459,EMP0252,Collaboration,2025-05-14,9,8.2
INT000360,TEAM006,EMP0459,EMP0252,Pair Programming,2025-07-09,29,6.3
INT000361,TEAM006,EMP0459,EMP0252,Meeting,2025-10-27,34,5.7
INT000362,TEAM006,EMP0459,EMP0252,Pair Programming,2025-05-16,22,9.2
INT000363,TEAM006,EMP0459,EMP0341,Code Review,2025-10-30,86,5.4
INT000364,TEAM006,EMP0459,EMP0341,Meeting,2025-08-19,59,6.5
INT000365,TEAM006,EMP0459,EMP0341,Collaboration,2025-09-15,23,5.5
INT000366,TEAM006,EMP0252,EMP0223,Meeting,2025-07-29,48,8.7
INT000367,TEAM006,EMP0252,EMP0223,Code Review,2025-08-23,26,7.5
INT000368,TEAM006,EMP0252,EMP0223,Code Review,2025-06-16,109,6.1
INT000369,TEAM006,EMP0252,EMP0223,Brainstorming,2025-06-15,2,6.3
INT000370,TEAM007,EMP0025,EMP0138,Brainstorming,2025-08-01,9,6.3
INT000371,TEAM007,EMP0025,EMP0138,Brainstorming,2025-10-03,2,6.5
INT000372,TEAM007,EMP0025,EMP0138,Mentoring,2025-05-15,38,6.4
INT000373,TEAM007,EMP0025,EMP0138,Collaboration,2025-10-18,16,6.6
INT000374,TEAM007,EMP0025,EMP0138,Meeting,2025-08-11,42,7.7
INT000375,TEAM007,EMP0025,EMP0138,Discussion,2025-10-13,4,9.3
INT000376,TEAM007,EMP0025,EMP0222,Pair Programming,2025-10-19,22,8.1
INT000377,TEAM007,EMP0025,EMP0222,Brainstorming,2025-06-06,12,7.3
INT000378,TEAM007,EMP0025,EMP0222,Collaboration,2025-06-03,13,5.3
INT000379,TEAM007,EMP0025,EMP0222,Brainstorming,2025-07-29,3,6.7
INT000380,TEAM007,EMP0025,EMP0222,Meeting,2025-08-16,71,6.4
INT000381,TEAM007,EMP0025,EMP0222,Pair Programming,2025-05-29,32,7.7
INT000382,TEAM007,EMP0025,EMP0288,Pair Programming,2025-09-10,14,8.9
INT000383,TEAM007,EMP0025,EMP0288,Discussion,2025-06-19,4,5.9
INT000384,TEAM007,EMP0025,EMP0288,Code Review,2025-07-20,34,8.5
INT000385,TEAM007,EMP0025,EMP0288,Collaboration,2025-05-17,4,7.6
INT000386,TEAM007,EMP0025,EMP0196,Pair Programming,2025-06-02,23,8.4
INT000387,TEAM007,EMP0025,EMP0196,Mentoring,2025-09-05,25,7.3
INT000388,TEAM007,EMP0025,EMP0196,Meeting,2025-10-20,25,7.2
INT000389,TEAM007,EMP0025,EMP0196,Code Review,2025-08-31,90,9.0
INT000390,TEAM007,EMP0025,EMP0196,Mentoring,2025-08-02,40,6.9
INT000391,TEAM007,EMP0025,EMP0196,Code Review,2025-05-29,64,7.3
INT000392,TEAM007,EMP0025,EMP0196,Pair Programming,2025-07-31,8,6.5
INT000393,TEAM007,EMP0025,EMP0196,Meeting,2025-08-07,12,5.5
INT000394,TEAM007,EMP0025,EMP0360,Discussion,2025-08-21,13,5.4
INT000395,TEAM007,EMP0025,EMP0360,Brainstorming,2025-08-07,17,6.8
INT000396,TEAM007,EMP0025,EMP0360,Meeting,2025-08-30,60,5.9
INT000397,TEAM007,EMP0025,EMP0360,Meeting,2025-10-05,92,7.5
INT000398,TEAM007,EMP0025,EMP0360,Discussion,2025-09-21,7,6.9
INT000399,TEAM007,EMP0025,EMP0360,Collaboration,2025-07-16,13,8.8
INT000400,TEAM007,EMP0025,EMP0468,Meeting,2025-07-26,38,8.7
INT000401,TEAM007,EMP0025,EMP0468,Meeting,2025-11-01,23,7.1
INT000402,TEAM007,EMP0025,EMP0468,Collaboration,2025-08-09,17,8.4
INT000403,TEAM007,EMP0138,EMP0222,Brainstorming,2025-06-07,36,5.9
INT000404,TEAM007,EMP0138,EMP0222,Brainstorming,2025-08-16,24,6.8
INT000405,TEAM007,EMP0138,EMP0222,Meeting,2025-08-01,48,7.7
INT000406,TEAM007,EMP0138,EMP0222,Discussion,2025-08-25,19,7.3
INT000407,TEAM007,EMP0138,EMP0222,Brainstorming,2025-07-31,19,7.5
INT000408,TEAM007,EMP0138,EMP0222,Mentoring,2025-10-17,6,7.1
INT000409,TEAM007,EMP0138,EMP0222,Code Review,2025-06-17,67,5.2
INT000410,TEAM007,EMP0138,EMP0222,Collaboration,2025-06-14,4,7.3
INT000411,TEAM007,EMP0138,EMP0222,Mentoring,2025-09-25,4,6.0
INT000412,TEAM007,EMP0138,EMP0028,Pair Programming,2025-10-03,8,6.0
INT000413,TEAM007,EMP0138,EMP0028,Pair Programming,2025-08-22,7,6.2
INT000414,TEAM007,EMP0138,EMP0028,Code Review,2025-07-04,26,5.5
INT000415,TEAM007,EMP0138,EMP0028,Code Review,2025-10-22,17,7.4
INT000416,TEAM007,EMP0138,EMP0288,Pair Programming,2025-07-23,8,8.3
INT000417,TEAM007,EMP0138,EMP0288,Brainstorming,2025-07-07,14,8.0
INT000418,TEAM007,EMP0138,EMP0288,Pair Programming,2025-10-19,3,5.6
INT000419,TEAM007,EMP0138,EMP0345,Mentoring,2025-09-05,143,5.7
INT000420,TEAM007,EMP0138,EMP0345,Discussion,2025-05-31,10,5.9
INT000421,TEAM007,EMP0138,EMP0345,Collaboration,2025-06-08,7,4.8
INT000422,TEAM007,EMP0138,EMP0345,Discussion,2025-09-18,10,7.6
INT000423,TEAM007,EMP0138,EMP0345,Code Review,2025-10-11,35,5.9
INT000424,TEAM007,EMP0138,EMP0196,Pair Programming,2025-07-29,3,9.0
INT000425,TEAM007,EMP0138,EMP0196,Discussion,2025-06-02,14,9.2
INT000426,TEAM007,EMP0138,EMP0468,Discussion,2025-08-14,14,6.6
INT000427,TEAM007,EMP0138,EMP0468,Collaboration,2025-05-25,2,3.5
INT000428,TEAM007,EMP0138,EMP0468,Pair Programming,2025-10-04,13,8.2
INT000429,TEAM007,EMP0138,EMP0468,Collaboration,2025-08-17,5,8.3
INT000430,TEAM007,EMP0138,EMP0468,Code Review,2025-05-14,73,4.7
INT000431,TEAM007,EMP0138,EMP0468,Pair Programming,2025-07-08,41,8.0
INT000432,TEAM007,EMP0138,EMP0468,Discussion,2025-09-23,18,8.1
INT000433,TEAM007,EMP0138,EMP0468,Pair Programming,2025-08-18,36,5.6
INT000434,TEAM007,EMP0222,EMP0360,Brainstorming,2025-08-28,28,8.7
INT000435,TEAM007,EMP0222,EMP0360,Pair Programming,2025-07-30,11,7.2
INT000436,TEAM007,EMP0222,EMP0360,Collaboration,2025-10-09,10,6.8
INT000437,TEAM007,EMP0222,EMP0360,Collaboration,2025-09-17,3,5.8
INT000438,TEAM007,EMP0222,EMP0360,Code Review,2025-06-21,46,7.5
INT000439,TEAM007,EMP0222,EMP0360,Brainstorming,2025-05-17,6,6.4
INT000440,TEAM007,EMP0222,EMP0468,Mentoring,2025-07-12,37,8.8
INT000441,TEAM007,EMP0222,EMP0468,Discussion,2025-09-15,36,8.7
INT000442,TEAM007,EMP0222,EMP0468,Brainstorming,2025-08-25,26,6.3
INT000443,TEAM007,EMP0222,EMP0468,Meeting,2025-05-14,124,7.7
INT000444,TEAM007,EMP0222,EMP0468,Mentoring,2025-07-26,71,7.2
INT000445,TEAM007,EMP0028,EMP0288,Pair Programming,2025-05-29,4,5.5
INT000446,TEAM007,EMP0028,EMP0288,Pair Programming,2025-09-07,21,3.8
INT000447,TEAM007,EMP0028,EMP0288,Code Review,2025-05-23,81,8.5
INT000448,TEAM007,EMP0028,EMP0288,Brainstorming,2025-07-22,8,8.5
INT000449,TEAM007,EMP0028,EMP0345,Collaboration,2025-07-16,15,7.3
INT000450,TEAM007,EMP0028,EMP0345,Collaboration,2025-07-08,8,7.3
INT000451,TEAM007,EMP0028,EMP0345,Collaboration,2025-07-28,23,6.2
INT000452,TEAM007,EMP0028,EMP0345,Brainstorming,2025-07-01,18,5.5
INT000453,TEAM007,EMP0028,EMP0345,Discussion,2025-05-14,17,8.2
INT000454,TEAM007,EMP0028,EMP0345,Meeting,2025-06-21,53,5.4
INT000455,TEAM007,EMP0028,EMP0345,Mentoring,2025-08-07,15,7.3
INT000456,TEAM007,EMP0028,EMP0360,Meeting,2025-05-28,45,6.4
INT000457,TEAM007,EMP0028,EMP0360,Brainstorming,2025-10-11,4,6.9
INT000458,TEAM007,EMP0028,EMP0360,Mentoring,2025-09-05,96,7.4
INT000459,TEAM007,EMP0028,EMP0360,Pair Programming,2025-05-21,2,7.3
INT000460,TEAM007,EMP0028,EMP0360,Mentoring,2025-09-26,42,7.2
INT000461,TEAM007,EMP0028,EMP0360,Meeting,2025-06-04,38,7.4
INT000462,TEAM007,EMP0028,EMP0360,Mentoring,2025-06-16,31,8.7
INT000463,TEAM007,EMP0288,EMP0345,Brainstorming,2025-08-15,10,6.1
INT000464,TEAM007,EMP0288,EMP0345,Meeting,2025-07-20,48,6.2
INT000465,TEAM007,EMP0288,EMP0345,Meeting,2025-11-05,35,7.9
INT000466,TEAM007,EMP0288,EMP0196,Mentoring,2025-06-30,55,6.5
INT000467,TEAM007,EMP0288,EMP0196,Collaboration,2025-06-28,7,8.3
INT000468,TEAM007,EMP0288,EMP0196,Mentoring,2025-06-12,29,8.7
INT000469,TEAM007,EMP0288,EMP0360,Pair Programming,2025-07-16,16,7.2
INT000470,TEAM007,EMP0288,EMP0360,Discussion,2025-07-30,46,8.1
INT000471,TEAM007,EMP0288,EMP0360,Collaboration,2025-05-18,4,9.7
INT000472,TEAM007,EMP0288,EMP0360,Collaboration,2025-05-15,33,8.3
INT000473,TEAM007,EMP0288,EMP0360,Pair Programming,2025-09-30,27,7.4
INT000474,TEAM007,EMP0288,EMP0360,Discussion,2025-11-01,14,7.8
INT000475,TEAM007,EMP0288,EMP0360,Pair Programming,2025-10-12,5,6.1
INT000476,TEAM007,EMP0288,EMP0360,Meeting,2025-07-24,15,6.2
INT000477,TEAM007,EMP0288,EMP0360,Brainstorming,2025-10-09,21,7.6
INT000478,TEAM007,EMP0345,EMP0196,Pair Programming,2025-08-20,24,8.1
INT000479,TEAM007,EMP0345,EMP0196,Brainstorming,2025-07-14,27,5.8
INT000480,TEAM007,EMP0345,EMP0196,Collaboration,2025-09-16,15,5.8
INT000481,TEAM007,EMP0345,EMP0196,Pair Programming,2025-07-07,61,8.1
INT000482,TEAM007,EMP0345,EMP0360,Mentoring,2025-07-18,57,7.2
INT000483,TEAM007,EMP0345,EMP0360,Discussion,2025-05-13,19,7.3
INT000484,TEAM007,EMP0345,EMP0468,Meeting,2025-08-23,13,9.7
INT000485,TEAM007,EMP0345,EMP0468,Meeting,2025-10-09,29,9.7
INT000486,TEAM007,EMP0345,EMP0468,Mentoring,2025-08-12,48,7.0
INT000487,TEAM007,EMP0345,EMP0468,Mentoring,2025-10-11,65,7.1
INT000488,TEAM008,EMP0446,EMP0072,Code Review,2025-06-19,58,6.8
INT000489,TEAM008,EMP0446,EMP0072,Collaboration,2025-08-15,10,5.9
INT000490,TEAM008,EMP0446,EMP0072,Discussion,2025-07-21,16,5.6
INT000491,TEAM008,EMP0446,EMP0072,Brainstorming,2025-09-09,18,7.5
INT000492,TEAM008,EMP0446,EMP0072,Mentoring,2025-07-27,23,6.1
INT000493,TEAM008,EMP0446,EMP0072,Code Review,2025-09-21,54,8.9
INT000494,TEAM008,EMP0446,EMP0443,Mentoring,2025-10-31,36,7.4
INT000495,TEAM008,EMP0446,EMP0443,Code Review,2025-06-03,17,7.6
INT000496,TEAM008,EMP0446,EMP0443,Collaboration,2025-07-15,9,7.3
INT000497,TEAM008,EMP0446,EMP0443,Discussion,2025-07-21,18,7.9
INT000498,TEAM008,EMP0446,EMP0443,Mentoring,2025-11-06,66,5.1
INT000499,TEAM008,EMP0446,EMP0443,Code Review,2025-09-14,28,5.6
INT000500,TEAM008,EMP0446,EMP0443,Brainstorming,2025-08-28,12,8.5
INT000501,TEAM008,EMP0446,EMP0443,Brainstorming,2025-05-11,4,6.0
INT000502,TEAM008,EMP0446,EMP0443,Collaboration,2025-10-22,10,4.6
INT000503,TEAM008,EMP0446,EMP0473,Code Review,2025-06-23,18,6.8
INT000504,TEAM008,EMP0446,EMP0473,Pair Programming,2025-08-06,13,6.5
INT000505,TEAM008,EMP0446,EMP0473,Discussion,2025-09-18,1,9.0
INT000506,TEAM008,EMP0446,EMP0473,Pair Programming,2025-10-09,13,5.6
INT000507,TEAM008,EMP0446,EMP0473,Brainstorming,2025-05-20,24,5.0
INT000508,TEAM008,EMP0446,EMP0473,Collaboration,2025-07-05,22,6.1
INT000509,TEAM008,EMP0072,EMP0417,Collaboration,2025-07-31,3,6.6
INT000510,TEAM008,EMP0072,EMP0417,Collaboration,2025-07-30,20,8.9
INT000511,TEAM008,EMP0072,EMP0417,Pair Programming,2025-10-09,1,8.3
INT000512,TEAM008,EMP0072,EMP0417,Brainstorming,2025-08-09,12,7.0
INT000513,TEAM008,EMP0072,EMP0443,Brainstorming,2025-09-24,16,8.0
INT000514,TEAM008,EMP0072,EMP0443,Mentoring,2025-05-19,6,5.8
INT000515,TEAM008,EMP0072,EMP0443,Collaboration,2025-08-23,15,7.7
INT000516,TEAM008,EMP0072,EMP0443,Meeting,2025-06-09,41,6.2
INT000517,TEAM008,EMP0072,EMP0443,Code Review,2025-05-19,12,7.5
INT000518,TEAM008,EMP0072,EMP0443,Meeting,2025-08-19,55,5.5
INT000519,TEAM008,EMP0072,EMP0473,Code Review,2025-10-09,58,6.5
INT000520,TEAM008,EMP0072,EMP0473,Mentoring,2025-08-04,12,8.0
INT000521,TEAM008,EMP0072,EMP0473,Collaboration,2025-10-02,9,5.4
INT000522,TEAM008,EMP0072,EMP0473,Discussion,2025-07-31,20,6.5
INT000523,TEAM008,EMP0072,EMP0473,Code Review,2025-06-08,21,6.4
INT000524,TEAM008,EMP0072,EMP0473,Discussion,2025-06-13,11,6.0
INT000525,TEAM008,EMP0072,EMP0473,Code Review,2025-07-22,52,7.5
INT000526,TEAM008,EMP0072,EMP0216,Mentoring,2025-06-23,51,8.1
INT000527,TEAM008,EMP0072,EMP0216,Code Review,2025-05-26,51,8.2
INT000528,TEAM008,EMP0072,EMP0216,Code Review,2025-06-18,8,8.2
INT000529,TEAM008,EMP0072,EMP0216,Pair Programming,2025-07-05,9,6.4
INT000530,TEAM008,EMP0072,EMP0216,Code Review,2025-10-03,58,6.2
INT000531,TEAM008,EMP0072,EMP0216,Brainstorming,2025-08-19,19,8.3
INT000532,TEAM008,EMP0417,EMP0443,Brainstorming,2025-10-25,22,4.8
INT000533,TEAM008,EMP0417,EMP0443,Meeting,2025-08-08,27,5.4
INT000534,TEAM008,EMP0417,EMP0443,Code Review,2025-07-06,68,9.2
INT000535,TEAM008,EMP0417,EMP0443,Brainstorming,2025-09-19,22,7.3
INT000536,TEAM008,EMP0417,EMP0443,Collaboration,2025-08-01,11,6.3
INT000537,TEAM008,EMP0417,EMP0473,Discussion,2025-07-04,9,7.7
INT000538,TEAM008,EMP0417,EMP0473,Discussion,2025-05-16,12,8.7
INT000539,TEAM008,EMP0417,EMP0473,Mentoring,2025-07-24,101,6.1
INT000540,TEAM008,EMP0417,EMP0473,Discussion,2025-07-17,21,4.5
INT000541,TEAM008,EMP0417,EMP0473,Meeting,2025-09-26,22,4.8
INT000542,TEAM008,EMP0417,EMP0216,Pair Programming,2025-09-12,20,8.2
INT000543,TEAM008,EMP0417,EMP0216,Pair Programming,2025-10-30,4,8.1
INT000544,TEAM008,EMP0417,EMP0216,Collaboration,2025-09-11,7,7.3
INT000545,TEAM008,EMP0443,EMP0473,Collaboration,2025-07-13,16,6.7
INT000546,TEAM008,EMP0443,EMP0473,Collaboration,2025-07-04,21,8.1
INT000547,TEAM008,EMP0443,EMP0473,Meeting,2025-06-30,22,8.1
INT000548,TEAM008,EMP0443,EMP0216,Brainstorming,2025-08-31,12,8.3
INT000549,TEAM008,EMP0443,EMP0216,Brainstorming,2025-06-21,1,6.1
INT000550,TEAM008,EMP0443,EMP0216,Collaboration,2025-08-06,10,4.6
INT000551,TEAM008,EMP0443,EMP0216,Brainstorming,2025-10-28,16,8.4
INT000552,TEAM009,EMP0017,EMP0296,Meeting,2025-07-22,19,7.7
INT000553,TEAM009,EMP0017,EMP0296,Brainstorming,2025-05-24,22,7.3
INT000554,TEAM009,EMP0017,EMP0296,Pair Programming,2025-09-05,18,7.6
INT000555,TEAM009,EMP0017,EMP0481,Pair Programming,2025-09-01,23,7.8
INT000556,TEAM009,EMP0017,EMP0481,Discussion,2025-10-16,13,9.0
INT000557,TEAM009,EMP0017,EMP0481,Brainstorming,2025-10-08,3,3.8
INT000558,TEAM009,EMP0017,EMP0481,Code Review,2025-09-08,8,6.4
INT000559,TEAM009,EMP0017,EMP0481,Mentoring,2025-06-10,20,7.9
INT000560,TEAM009,EMP0017,EMP0154,Mentoring,2025-06-04,18,6.9
INT000561,TEAM009,EMP0017,EMP0154,Code Review,2025-07-21,33,7.5
INT000562,TEAM009,EMP0017,EMP0154,Code Review,2025-06-03,34,6.7
INT000563,TEAM009,EMP0017,EMP0154,Brainstorming,2025-09-16,2,8.6
INT000564,TEAM009,EMP0296,EMP0359,Collaboration,2025-10-23,22,6.9
INT000565,TEAM009,EMP0296,EMP0359,Collaboration,2025-08-10,10,5.8
INT000566,TEAM009,EMP0296,EMP0359,Collaboration,2025-08-28,9,6.7
INT000567,TEAM009,EMP0296,EMP0359,Code Review,2025-06-23,112,7.8
INT000568,TEAM009,EMP0296,EMP0481,Pair Programming,2025-05-11,17,7.4
INT000569,TEAM009,EMP0296,EMP0481,Collaboration,2025-08-25,1,7.2
INT000570,TEAM009,EMP0296,EMP0481,Brainstorming,2025-08-31,44,7.6
INT000571,TEAM009,EMP0296,EMP0481,Mentoring,2025-06-29,50,6.1
INT000572,TEAM009,EMP0296,EMP0481,Code Review,2025-10-14,22,7.6
INT000573,TEAM010,EMP0103,EMP0143,Code Review,2025-10-05,68,7.9
INT000574,TEAM010,EMP0103,EMP0406,Brainstorming,2025-08-17,2,7.3
INT000575,TEAM010,EMP0103,EMP0406,Brainstorming,2025-09-05,13,6.0
INT000576,TEAM010,EMP0103,EMP0406,Discussion,2025-05-18,10,5.3
INT000577,TEAM010,EMP0103,EMP0242,Mentoring,2025-06-13,22,7.4
INT000578,TEAM010,EMP0103,EMP0242,Mentoring,2025-08-31,67,8.5
INT000579,TEAM010,EMP0103,EMP0242,Discussion,2025-07-24,53,8.2
INT000580,TEAM010,EMP0103,EMP0242,Meeting,2025-07-15,66,7.3
INT000581,TEAM010,EMP0103,EMP0242,Brainstorming,2025-05-29,11,7.2
INT000582,TEAM010,EMP0103,EMP0242,Discussion,2025-10-15,11,7.6
INT000583,TEAM010,EMP0103,EMP0242,Mentoring,2025-06-29,42,6.1
INT000584,TEAM010,EMP0103,EMP0063,Discussion,2025-08-05,29,6.3
INT000585,TEAM010,EMP0103,EMP0063,Pair Programming,2025-07-06,10,5.4
INT000586,TEAM010,EMP0103,EMP0063,Meeting,2025-06-12,19,7.3
INT000587,TEAM010,EMP0103,EMP0063,Mentoring,2025-10-15,18,6.6
INT000588,TEAM010,EMP0103,EMP0063,Mentoring,2025-07-13,41,8.5
INT000589,TEAM010,EMP0103,EMP0063,Mentoring,2025-05-21,3,6.5
INT000590,TEAM010,EMP0103,EMP0063,Brainstorming,2025-08-08,5,6.5
INT000591,TEAM010,EMP0103,EMP0063,Brainstorming,2025-10-22,5,6.1
INT000592,TEAM010,EMP0103,EMP0063,Discussion,2025-06-24,40,6.0
INT000593,TEAM010,EMP0103,EMP0051,Brainstorming,2025-07-21,12,8.4
INT000594,TEAM010,EMP0103,EMP0051,Discussion,2025-09-14,14,9.1
INT000595,TEAM010,EMP0103,EMP0051,Pair Programming,2025-08-31,15,7.8
INT000596,TEAM010,EMP0103,EMP0051,Pair Programming,2025-08-27,9,6.6
INT000597,TEAM010,EMP0103,EMP0051,Collaboration,2025-06-20,42,6.5
INT000598,TEAM010,EMP0103,EMP0085,Brainstorming,2025-07-06,22,7.3
INT000599,TEAM010,EMP0103,EMP0085,Mentoring,2025-08-12,9,5.9
INT000600,TEAM010,EMP0103,EMP0085,Meeting,2025-10-26,42,6.5
INT000601,TEAM010,EMP0103,EMP0085,Mentoring,2025-10-13,32,6.3
INT000602,TEAM010,EMP0103,EMP0085,Meeting,2025-07-13,20,6.2
INT000603,TEAM010,EMP0445,EMP0143,Discussion,2025-09-28,30,8.7
INT000604,TEAM010,EMP0445,EMP0143,Meeting,2025-07-14,33,4.7
INT000605,TEAM010,EMP0445,EMP0143,Code Review,2025-07-21,16,5.5
INT000606,TEAM010,EMP0445,EMP0143,Code Review,2025-05-15,62,7.2
INT000607,TEAM010,EMP0445,EMP0143,Pair Programming,2025-05-25,8,8.4
INT000608,TEAM010,EMP0445,EMP0406,Meeting,2025-08-29,56,7.0
INT000609,TEAM010,EMP0445,EMP0406,Pair Programming,2025-05-24,6,3.6
INT000610,TEAM010,EMP0445,EMP0406,Meeting,2025-09-04,37,7.2
INT000611,TEAM010,EMP0445,EMP0406,Mentoring,2025-08-04,23,5.8
INT000612,TEAM010,EMP0445,EMP0406,Code Review,2025-05-25,45,8.7
INT000613,TEAM010,EMP0445,EMP0406,Discussion,2025-10-25,19,5.9
INT000614,TEAM010,EMP0445,EMP0085,Mentoring,2025-10-15,47,7.3
INT000615,TEAM010,EMP0143,EMP0406,Discussion,2025-09-14,25,9.5
INT000616,TEAM010,EMP0143,EMP0406,Code Review,2025-10-19,49,6.4
INT000617,TEAM010,EMP0143,EMP0406,Code Review,2025-06-09,10,7.2
INT000618,TEAM010,EMP0143,EMP0406,Mentoring,2025-06-28,30,9.1
INT000619,TEAM010,EMP0143,EMP0406,Meeting,2025-07-17,39,7.6
INT000620,TEAM010,EMP0143,EMP0242,Brainstorming,2025-08-12,11,5.6
INT000621,TEAM010,EMP0143,EMP0242,Brainstorming,2025-10-08,14,7.9
INT000622,TEAM010,EMP0143,EMP0242,Mentoring,2025-07-22,18,5.0
INT000623,TEAM010,EMP0143,EMP0242,Discussion,2025-10-05,17,7.3
INT000624,TEAM010,EMP0143,EMP0063,Meeting,2025-08-01,18,5.6
INT000625,TEAM010,EMP0143,EMP0063,Meeting,2025-10-12,41,9.2
INT000626,TEAM010,EMP0143,EMP0063,Pair Programming,2025-08-19,7,6.5
INT000627,TEAM010,EMP0143,EMP0063,Code Review,2025-08-23,71,6.6
INT000628,TEAM010,EMP0143,EMP0063,Brainstorming,2025-08-02,16,7.6
INT000629,TEAM010,EMP0143,EMP0063,Mentoring,2025-10-04,45,7.1
INT000630,TEAM010,EMP0143,EMP0063,Code Review,2025-05-18,54,8.0
INT000631,TEAM010,EMP0143,EMP0063,Collaboration,2025-10-21,12,9.3
INT000632,TEAM010,EMP0143,EMP0063,Meeting,2025-06-16,28,6.0
INT000633,TEAM010,EMP0143,EMP0085,Mentoring,2025-08-10,5,6.5
INT000634,TEAM010,EMP0143,EMP0085,Mentoring,2025-09-14,12,7.4
INT000635,TEAM010,EMP0143,EMP0085,Discussion,2025-09-30,10,8.8
INT000636,TEAM010,EMP0406,EMP0063,Meeting,2025-09-13,91,7.8
INT000637,TEAM010,EMP0406,EMP0063,Code Review,2025-10-13,155,7.0
INT000638,TEAM010,EMP0406,EMP0063,Collaboration,2025-10-07,5,9.4
INT000639,TEAM010,EMP0406,EMP0063,Pair Programming,2025-08-01,27,6.5
INT000640,TEAM010,EMP0406,EMP0085,Code Review,2025-10-03,46,9.1
INT000641,TEAM010,EMP0406,EMP0085,Mentoring,2025-08-29,39,6.5
INT000642,TEAM010,EMP0406,EMP0085,Code Review,2025-10-17,52,7.9
INT000643,TEAM010,EMP0406,EMP0085,Collaboration,2025-06-19,39,8.5
INT000644,TEAM011,EMP0450,EMP0200,Collaboration,2025-06-28,8,5.4
INT000645,TEAM011,EMP0450,EMP0200,Code Review,2025-06-30,70,7.0
INT000646,TEAM011,EMP0450,EMP0200,Pair Programming,2025-07-30,9,4.2
INT000647,TEAM011,EMP0450,EMP0200,Meeting,2025-05-26,46,4.2
INT000648,TEAM011,EMP0450,EMP0200,Discussion,2025-09-07,7,7.2
INT000649,TEAM011,EMP0450,EMP0183,Discussion,2025-09-07,3,6.9
INT000650,TEAM011,EMP0450,EMP0183,Collaboration,2025-05-28,14,7.6
INT000651,TEAM011,EMP0200,EMP0183,Pair Programming,2025-11-04,25,7.9
INT000652,TEAM011,EMP0200,EMP0183,Code Review,2025-08-18,34,5.6
INT000653,TEAM011,EMP0200,EMP0183,Brainstorming,2025-07-31,8,6.7
INT000654,TEAM011,EMP0200,EMP0183,Discussion,2025-06-15,12,3.9
INT000655,TEAM011,EMP0200,EMP0183,Collaboration,2025-08-06,19,5.1
INT000656,TEAM012,EMP0083,EMP0122,Meeting,2025-10-21,33,7.9
INT000657,TEAM012,EMP0083,EMP0122,Code Review,2025-09-01,45,7.7
INT000658,TEAM012,EMP0083,EMP0122,Meeting,2025-10-28,83,6.4
INT000659,TEAM012,EMP0083,EMP0122,Collaboration,2025-07-29,8,8.6
INT000660,TEAM012,EMP0083,EMP0122,Mentoring,2025-08-26,92,7.4
INT000661,TEAM012,EMP0083,EMP0122,Brainstorming,2025-07-02,17,7.2
INT000662,TEAM012,EMP0083,EMP0122,Discussion,2025-07-24,16,6.0
INT000663,TEAM012,EMP0083,EMP0122,Discussion,2025-05-12,23,5.2
INT000664,TEAM012,EMP0083,EMP0122,Mentoring,2025-10-17,71,7.4
INT000665,TEAM012,EMP0083,EMP0456,Code Review,2025-06-03,27,7.6
INT000666,TEAM012,EMP0083,EMP0456,Meeting,2025-08-28,16,7.9
INT000667,TEAM012,EMP0083,EMP0456,Meeting,2025-08-20,38,8.1
INT000668,TEAM012,EMP0083,EMP0456,Code Review,2025-06-30,44,7.2
INT000669,TEAM012,EMP0083,EMP0456,Collaboration,2025-09-29,22,8.6
INT000670,TEAM012,EMP0083,EMP0456,Discussion,2025-08-16,1,8.7
INT000671,TEAM012,EMP0083,EMP0456,Mentoring,2025-06-10,28,8.2
INT000672,TEAM012,EMP0083,EMP0456,Mentoring,2025-05-25,30,8.0
INT000673,TEAM012,EMP0083,EMP0456,Meeting,2025-05-27,49,5.7
INT000674,TEAM012,EMP0083,EMP0456,Mentoring,2025-08-20,74,6.9
INT000675,TEAM012,EMP0083,EMP0466,Meeting,2025-09-07,22,7.0
INT000676,TEAM012,EMP0083,EMP0466,Meeting,2025-09-06,21,7.7
INT000677,TEAM012,EMP0083,EMP0466,Meeting,2025-07-19,80,7.2
INT000678,TEAM012,EMP0083,EMP0466,Collaboration,2025-07-14,22,6.4
INT000679,TEAM012,EMP0083,EMP0466,Meeting,2025-06-05,39,7.8
INT000680,TEAM012,EMP0122,EMP0456,Mentoring,2025-05-23,63,6.8
INT000681,TEAM012,EMP0122,EMP0456,Meeting,2025-09-24,38,9.2
INT000682,TEAM012,EMP0122,EMP0456,Mentoring,2025-11-04,31,6.7
INT000683,TEAM012,EMP0122,EMP0456,Mentoring,2025-10-03,51,6.4
INT000684,TEAM012,EMP0122,EMP0456,Code Review,2025-11-05,15,6.6
INT000685,TEAM012,EMP0122,EMP0456,Pair Programming,2025-07-03,20,7.2
INT000686,TEAM012,EMP0122,EMP0466,Code Review,2025-09-02,17,7.3
INT000687,TEAM012,EMP0122,EMP0466,Code Review,2025-08-04,2,5.8
INT000688,TEAM012,EMP0122,EMP0466,Mentoring,2025-08-31,70,4.7
INT000689,TEAM012,EMP0122,EMP0466,Brainstorming,2025-10-08,11,8.1
INT000690,TEAM012,EMP0122,EMP0466,Pair Programming,2025-10-31,8,5.9
INT000691,TEAM013,EMP0421,EMP0023,Pair Programming,2025-10-22,3,6.6
INT000692,TEAM013,EMP0421,EMP0023,Mentoring,2025-06-13,37,6.0
INT000693,TEAM013,EMP0421,EMP0023,Discussion,2025-10-19,15,6.6
INT000694,TEAM013,EMP0421,EMP0276,Meeting,2025-08-07,47,7.7
INT000695,TEAM013,EMP0421,EMP0276,Brainstorming,2025-07-03,8,8.9
INT000696,TEAM013,EMP0421,EMP0276,Code Review,2025-06-15,20,8.0
INT000697,TEAM013,EMP0421,EMP0276,Code Review,2025-08-05,13,7.2
INT000698,TEAM013,EMP0421,EMP0276,Brainstorming,2025-09-03,18,5.8
INT000699,TEAM013,EMP0421,EMP0276,Collaboration,2025-10-12,5,5.9
INT000700,TEAM013,EMP0421,EMP0276,Mentoring,2025-05-19,26,8.1
INT000701,TEAM013,EMP0421,EMP0276,Code Review,2025-10-09,19,5.2
INT000702,TEAM014,EMP0235,EMP0084,Code Review,2025-11-04,41,6.6
INT000703,TEAM014,EMP0235,EMP0084,Discussion,2025-10-27,5,7.6
INT000704,TEAM014,EMP0235,EMP0084,Discussion,2025-08-06,6,8.2
INT000705,TEAM014,EMP0235,EMP0084,Code Review,2025-09-30,40,6.5
INT000706,TEAM014,EMP0235,EMP0084,Collaboration,2025-10-29,16,7.4
INT000707,TEAM014,EMP0235,EMP0084,Discussion,2025-05-24,18,4.3
INT000708,TEAM014,EMP0235,EMP0084,Pair Programming,2025-09-11,10,3.8
INT000709,TEAM014,EMP0235,EMP0448,Pair Programming,2025-08-18,7,5.4
INT000710,TEAM014,EMP0235,EMP0448,Collaboration,2025-10-19,16,7.2
INT000711,TEAM014,EMP0235,EMP0448,Meeting,2025-08-04,32,7.1
INT000712,TEAM014,EMP0235,EMP0448,Mentoring,2025-07-02,65,7.3
INT000713,TEAM014,EMP0235,EMP0448,Code Review,2025-10-25,29,8.9
INT000714,TEAM014,EMP0235,EMP0448,Brainstorming,2025-09-11,64,5.1
INT000715,TEAM014,EMP0235,EMP0448,Meeting,2025-06-28,29,4.9
INT000716,TEAM014,EMP0235,EMP0350,Brainstorming,2025-07-11,5,7.6
INT000717,TEAM014,EMP0235,EMP0350,Brainstorming,2025-08-27,28,4.8
INT000718,TEAM014,EMP0235,EMP0350,Pair Programming,2025-08-20,23,7.9
INT000719,TEAM014,EMP0235,EMP0350,Collaboration,2025-10-16,22,6.3
INT000720,TEAM014,EMP0235,EMP0350,Meeting,2025-07-14,37,8.0
INT000721,TEAM014,EMP0235,EMP0350,Code Review,2025-08-05,25,8.5
INT000722,TEAM014,EMP0235,EMP0350,Collaboration,2025-08-25,10,5.9
INT000723,TEAM014,EMP0235,EMP0350,Mentoring,2025-08-22,36,7.1
INT000724,TEAM014,EMP0235,EMP0350,Code Review,2025-06-01,82,6.0
INT000725,TEAM014,EMP0235,EMP0350,Pair Programming,2025-07-12,5,9.3
INT000726,TEAM014,EMP0235,EMP0350,Discussion,2025-06-09,30,6.4
INT000727,TEAM014,EMP0084,EMP0350,Code Review,2025-09-06,61,6.2
INT000728,TEAM014,EMP0084,EMP0350,Discussion,2025-11-06,8,4.6
INT000729,TEAM014,EMP0084,EMP0350,Code Review,2025-11-01,56,9.0
INT000730,TEAM014,EMP0084,EMP0350,Pair Programming,2025-06-22,43,6.9
INT000731,TEAM014,EMP0084,EMP0350,Brainstorming,2025-05-29,23,9.0
INT000732,TEAM014,EMP0084,EMP0350,Meeting,2025-05-14,48,5.8
INT000733,TEAM014,EMP0448,EMP0018,Discussion,2025-05-23,3,5.8
INT000734,TEAM014,EMP0448,EMP0018,Meeting,2025-08-21,9,5.5
INT000735,TEAM014,EMP0448,EMP0018,Collaboration,2025-09-16,18,6.6
INT000736,TEAM014,EMP0448,EMP0018,Discussion,2025-09-08,15,9.6
INT000737,TEAM014,EMP0448,EMP0350,Code Review,2025-10-23,100,6.4
INT000738,TEAM014,EMP0448,EMP0350,Meeting,2025-08-28,38,5.9
INT000739,TEAM014,EMP0448,EMP0350,Code Review,2025-10-27,31,9.0
INT000740,TEAM014,EMP0018,EMP0350,Pair Programming,2025-05-12,17,6.6
INT000741,TEAM014,EMP0018,EMP0350,Mentoring,2025-07-13,110,7.6
INT000742,TEAM014,EMP0018,EMP0350,Collaboration,2025-10-17,16,5.6
INT000743,TEAM014,EMP0018,EMP0350,Collaboration,2025-10-14,5,8.3
INT000744,TEAM014,EMP0018,EMP0350,Mentoring,2025-10-04,49,5.2
INT000745,TEAM014,EMP0350,EMP0374,Meeting,2025-06-15,54,5.4
INT000746,TEAM015,EMP0265,EMP0401,Code Review,2025-10-05,63,6.9
INT000747,TEAM015,EMP0265,EMP0401,Pair Programming,2025-08-25,35,4.6
INT000748,TEAM015,EMP0265,EMP0401,Brainstorming,2025-08-19,23,6.4
INT000749,TEAM015,EMP0265,EMP0401,Mentoring,2025-07-30,38,6.8
INT000750,TEAM015,EMP0265,EMP0401,Pair Programming,2025-08-16,8,3.7
INT000751,TEAM015,EMP0265,EMP0401,Pair Programming,2025-07-15,11,7.6
INT000752,TEAM015,EMP0265,EMP0401,Meeting,2025-09-09,38,9.3
INT000753,TEAM015,EMP0401,EMP0045,Meeting,2025-06-11,37,7.3
INT000754,TEAM015,EMP0401,EMP0045,Meeting,2025-09-29,38,6.3
INT000755,TEAM015,EMP0401,EMP0045,Discussion,2025-09-26,9,4.1
INT000756,TEAM015,EMP0401,EMP0045,Pair Programming,2025-07-11,7,5.1
INT000757,TEAM015,EMP0401,EMP0045,Meeting,2025-07-26,54,5.8
INT000758,TEAM016,EMP0228,EMP0209,Discussion,2025-09-15,15,2.3
INT000759,TEAM016,EMP0228,EMP0209,Discussion,2025-08-21,17,6.9
INT000760,TEAM016,EMP0228,EMP0209,Brainstorming,2025-09-01,46,6.7
INT000761,TEAM016,EMP0228,EMP0209,Meeting,2025-10-08,52,8.9
INT000762,TEAM016,EMP0228,EMP0209,Brainstorming,2025-09-28,39,7.8
INT000763,TEAM016,EMP0228,EMP0209,Pair Programming,2025-05-16,52,6.9
INT000764,TEAM016,EMP0228,EMP0209,Mentoring,2025-05-11,6,6.9
INT000765,TEAM016,EMP0228,EMP0209,Meeting,2025-06-06,63,7.4
INT000766,TEAM016,EMP0228,EMP0475,Code Review,2025-08-16,22,6.2
INT000767,TEAM016,EMP0228,EMP0475,Mentoring,2025-10-15,60,8.4
INT000768,TEAM016,EMP0228,EMP0475,Pair Programming,2025-09-05,15,7.5
INT000769,TEAM016,EMP0228,EMP0475,Collaboration,2025-07-29,16,5.7
INT000770,TEAM016,EMP0228,EMP0475,Mentoring,2025-10-26,110,8.4
INT000771,TEAM016,EMP0228,EMP0475,Pair Programming,2025-08-23,22,7.3
INT000772,TEAM017,EMP0033,EMP0271,Brainstorming,2025-07-27,20,8.0
INT000773,TEAM017,EMP0033,EMP0271,Collaboration,2025-07-15,12,7.8
INT000774,TEAM017,EMP0033,EMP0271,Code Review,2025-06-20,85,7.7
INT000775,TEAM017,EMP0033,EMP0438,Brainstorming,2025-10-12,1,3.4
INT000776,TEAM017,EMP0033,EMP0438,Meeting,2025-10-03,35,6.8
INT000777,TEAM017,EMP0033,EMP0438,Meeting,2025-11-04,40,8.1
INT000778,TEAM017,EMP0033,EMP0438,Code Review,2025-09-12,23,8.5
INT000779,TEAM017,EMP0033,EMP0438,Brainstorming,2025-09-18,8,5.9
INT000780,TEAM017,EMP0033,EMP0438,Pair Programming,2025-07-28,66,8.2
INT000781,TEAM017,EMP0033,EMP0438,Mentoring,2025-05-16,49,6.3
INT000782,TEAM017,EMP0033,EMP0438,Meeting,2025-05-26,75,6.7
INT000783,TEAM017,EMP0033,EMP0438,Collaboration,2025-06-11,14,7.1
INT000784,TEAM017,EMP0033,EMP0246,Meeting,2025-10-19,48,8.2
INT000785,TEAM017,EMP0033,EMP0246,Code Review,2025-10-22,22,7.2
INT000786,TEAM017,EMP0033,EMP0246,Discussion,2025-05-26,3,4.8
INT000787,TEAM017,EMP0033,EMP0246,Meeting,2025-10-06,41,6.7
INT000788,TEAM017,EMP0438,EMP0246,Discussion,2025-10-28,49,9.1
INT000789,TEAM017,EMP0438,EMP0246,Code Review,2025-10-26,27,5.5
INT000790,TEAM017,EMP0438,EMP0246,Discussion,2025-06-14,8,6.0
INT000791,TEAM017,EMP0438,EMP0246,Discussion,2025-07-29,2,8.8
INT000792,TEAM017,EMP0438,EMP0246,Discussion,2025-10-31,18,7.8
INT000793,TEAM018,EMP0006,EMP0429,Code Review,2025-09-14,48,7.2
INT000794,TEAM018,EMP0006,EMP0429,Pair Programming,2025-08-29,31,6.8
INT000795,TEAM018,EMP0134,EMP0429,Meeting,2025-09-30,35,5.9
INT000796,TEAM018,EMP0134,EMP0429,Collaboration,2025-06-03,50,7.4
INT000797,TEAM018,EMP0134,EMP0429,Code Review,2025-06-03,24,8.6
INT000798,TEAM019,EMP0120,EMP0463,Discussion,2025-06-20,5,7.8
INT000799,TEAM019,EMP0120,EMP0463,Meeting,2025-10-23,48,4.4
INT000800,TEAM019,EMP0120,EMP0463,Discussion,2025-08-28,8,7.5
INT000801,TEAM019,EMP0329,EMP0463,Mentoring,2025-09-17,27,6.6
INT000802,TEAM019,EMP0329,EMP0463,Code Review,2025-06-26,38,9.4
INT000803,TEAM019,EMP0329,EMP0463,Brainstorming,2025-05-30,9,4.4
INT000804,TEAM020,EMP0188,EMP0408,Discussion,2025-11-03,18,9.2
INT000805,TEAM020,EMP0188,EMP0408,Discussion,2025-08-08,26,6.3
INT000806,TEAM020,EMP0188,EMP0408,Brainstorming,2025-06-21,2,5.4
INT000807,TEAM020,EMP0188,EMP0408,Pair Programming,2025-07-06,1,8.1
INT000808,TEAM020,EMP0188,EMP0416,Pair Programming,2025-07-31,30,4.0
INT000809,TEAM020,EMP0188,EMP0416,Meeting,2025-09-22,53,8.4
INT000810,TEAM020,EMP0188,EMP0416,Collaboration,2025-08-18,56,7.5
INT000811,TEAM020,EMP0188,EMP0416,Meeting,2025-09-12,63,4.5
INT000812,TEAM020,EMP0188,EMP0411,Collaboration,2025-07-10,22,6.8
INT000813,TEAM020,EMP0188,EMP0411,Brainstorming,2025-08-08,20,7.6
INT000814,TEAM020,EMP0188,EMP0104,Code Review,2025-09-09,64,5.5
INT000815,TEAM020,EMP0188,EMP0104,Code Review,2025-10-13,48,9.3
INT000816,TEAM020,EMP0188,EMP0104,Code Review,2025-05-23,21,5.5
INT000817,TEAM020,EMP0188,EMP0104,Collaboration,2025-08-31,14,8.5
INT000818,TEAM020,EMP0188,EMP0104,Brainstorming,2025-10-24,15,8.3
INT000819,TEAM020,EMP0188,EMP0104,Collaboration,2025-09-12,6,6.3
INT000820,TEAM020,EMP0408,EMP0368,Code Review,2025-09-24,36,6.1
INT000821,TEAM020,EMP0408,EMP0368,Collaboration,2025-09-08,25,5.6
INT000822,TEAM020,EMP0408,EMP0368,Brainstorming,2025-08-18,11,7.8
INT000823,TEAM020,EMP0408,EMP0411,Meeting,2025-06-09,12,6.1
INT000824,TEAM020,EMP0408,EMP0411,Mentoring,2025-05-11,48,6.6
INT000825,TEAM020,EMP0408,EMP0411,Collaboration,2025-08-09,5,5.8
INT000826,TEAM020,EMP0408,EMP0411,Code Review,2025-06-16,32,7.7
INT000827,TEAM020,EMP0408,EMP0411,Code Review,2025-06-16,52,7.4
INT000828,TEAM020,EMP0408,EMP0411,Collaboration,2025-07-04,9,8.3
INT000829,TEAM020,EMP0408,EMP0411,Code Review,2025-08-20,14,3.3
INT000830,TEAM020,EMP0408,EMP0411,Meeting,2025-07-05,47,7.4
INT000831,TEAM020,EMP0408,EMP0411,Meeting,2025-10-15,13,8.4
INT000832,TEAM020,EMP0408,EMP0104,Meeting,2025-09-12,20,7.9
INT000833,TEAM020,EMP0408,EMP0104,Discussion,2025-06-26,13,5.8
INT000834,TEAM020,EMP0408,EMP0104,Pair Programming,2025-11-07,6,7.3
INT000835,TEAM020,EMP0408,EMP0104,Code Review,2025-06-03,16,5.3
INT000836,TEAM020,EMP0408,EMP0104,Pair Programming,2025-10-05,15,9.0
INT000837,TEAM020,EMP0408,EMP0104,Brainstorming,2025-09-23,31,6.9
INT000838,TEAM020,EMP0101,EMP0368,Code Review,2025-11-02,33,8.0
INT000839,TEAM020,EMP0101,EMP0368,Mentoring,2025-06-10,37,9.1
INT000840,TEAM020,EMP0101,EMP0368,Brainstorming,2025-10-02,11,6.0
INT000841,TEAM020,EMP0101,EMP0368,Brainstorming,2025-10-10,8,6.4
INT000842,TEAM020,EMP0101,EMP0368,Brainstorming,2025-06-26,21,9.1
INT000843,TEAM020,EMP0101,EMP0368,Meeting,2025-08-06,43,6.4
INT000844,TEAM020,EMP0101,EMP0368,Mentoring,2025-08-04,62,7.7
INT000845,TEAM020,EMP0101,EMP0411,Pair Programming,2025-10-13,5,7.5
INT000846,TEAM020,EMP0101,EMP0411,Pair Programming,2025-08-22,22,7.4
INT000847,TEAM020,EMP0101,EMP0411,Code Review,2025-10-04,64,7.4
INT000848,TEAM020,EMP0101,EMP0411,Brainstorming,2025-07-19,34,7.2
INT000849,TEAM020,EMP0416,EMP0368,Code Review,2025-08-18,26,9.0
INT000850,TEAM020,EMP0416,EMP0368,Mentoring,2025-06-17,38,6.8
INT000851,TEAM020,EMP0416,EMP0368,Brainstorming,2025-06-03,22,4.9
INT000852,TEAM020,EMP0416,EMP0068,Collaboration,2025-05-21,2,6.9
INT000853,TEAM020,EMP0416,EMP0068,Discussion,2025-09-24,4,7.3
INT000854,TEAM020,EMP0416,EMP0068,Mentoring,2025-08-21,30,8.7
INT000855,TEAM020,EMP0416,EMP0104,Mentoring,2025-11-07,23,7.9
INT000856,TEAM020,EMP0416,EMP0104,Discussion,2025-06-14,16,5.0
INT000857,TEAM020,EMP0416,EMP0104,Meeting,2025-06-15,48,7.9
INT000858,TEAM020,EMP0368,EMP0068,Brainstorming,2025-08-18,11,8.0
INT000859,TEAM020,EMP0368,EMP0068,Code Review,2025-06-04,6,8.2
INT000860,TEAM020,EMP0368,EMP0068,Collaboration,2025-05-28,14,5.0
INT000861,TEAM020,EMP0368,EMP0068,Discussion,2025-10-12,13,8.2
INT000862,TEAM020,EMP0368,EMP0068,Pair Programming,2025-10-02,6,8.2
INT000863,TEAM020,EMP0368,EMP0104,Code Review,2025-08-18,61,5.4
INT000864,TEAM020,EMP0368,EMP0104,Meeting,2025-05-29,46,6.0
INT000865,TEAM020,EMP0368,EMP0104,Mentoring,2025-05-20,6,6.8
INT000866,TEAM020,EMP0068,EMP0104,Pair Programming,2025-11-05,5,8.9
INT000867,TEAM020,EMP0068,EMP0104,Code Review,2025-09-15,82,7.8
INT000868,TEAM020,EMP0068,EMP0104,Meeting,2025-05-14,56,6.3
INT000869,TEAM020,EMP0068,EMP0104,Pair Programming,2025-08-10,25,3.9
INT000870,TEAM020,EMP0068,EMP0104,Mentoring,2025-10-11,24,8.6
INT000871,TEAM020,EMP0068,EMP0104,Meeting,2025-11-07,34,8.3
INT000872,TEAM020,EMP0068,EMP0104,Discussion,2025-08-01,16,7.7
INT000873,TEAM020,EMP0068,EMP0104,Code Review,2025-07-23,69,6.9
INT000874,TEAM021,EMP0407,EMP0283,Pair Programming,2025-08-03,35,4.5
INT000875,TEAM021,EMP0407,EMP0283,Discussion,2025-06-21,24,3.8
INT000876,TEAM021,EMP0407,EMP0283,Brainstorming,2025-10-13,23,8.0
INT000877,TEAM021,EMP0407,EMP0283,Brainstorming,2025-07-08,10,7.7
INT000878,TEAM021,EMP0407,EMP0283,Mentoring,2025-06-13,27,8.0
INT000879,TEAM021,EMP0283,EMP0054,Meeting,2025-07-15,36,8.9
INT000880,TEAM021,EMP0283,EMP0054,Pair Programming,2025-10-30,24,6.2
INT000881,TEAM021,EMP0283,EMP0054,Pair Programming,2025-11-02,3,5.5
INT000882,TEAM021,EMP0283,EMP0054,Meeting,2025-09-02,60,6.4
INT000883,TEAM021,EMP0283,EMP0054,Pair Programming,2025-10-20,4,8.3
INT000884,TEAM022,EMP0117,EMP0219,Code Review,2025-08-03,75,3.1
INT000885,TEAM022,EMP0117,EMP0219,Collaboration,2025-10-19,6,6.9
INT000886,TEAM022,EMP0117,EMP0219,Pair Programming,2025-10-15,12,7.2
INT000887,TEAM022,EMP0117,EMP0219,Collaboration,2025-06-08,3,8.7
INT000888,TEAM022,EMP0117,EMP0219,Mentoring,2025-07-07,16,6.1
INT000889,TEAM022,EMP0117,EMP0404,Code Review,2025-05-24,60,5.8
INT000890,TEAM022,EMP0117,EMP0404,Discussion,2025-06-05,39,8.6
INT000891,TEAM022,EMP0117,EMP0404,Meeting,2025-09-28,43,6.8
INT000892,TEAM022,EMP0117,EMP0404,Pair Programming,2025-10-13,4,8.0
INT000893,TEAM022,EMP0117,EMP0404,Code Review,2025-09-16,53,6.2
INT000894,TEAM022,EMP0117,EMP0404,Mentoring,2025-07-26,25,6.7
INT000895,TEAM022,EMP0117,EMP0404,Mentoring,2025-06-19,22,7.2
INT000896,TEAM023,EMP0369,EMP0001,Pair Programming,2025-05-22,5,7.5
INT000897,TEAM023,EMP0369,EMP0001,Code Review,2025-08-23,23,6.4
INT000898,TEAM023,EMP0369,EMP0001,Meeting,2025-10-14,14,7.4
INT000899,TEAM023,EMP0369,EMP0001,Collaboration,2025-07-30,13,6.8
INT000900,TEAM023,EMP0369,EMP0402,Code Review,2025-07-05,65,8.2
INT000901,TEAM023,EMP0369,EMP0402,Pair Programming,2025-10-25,54,6.9
INT000902,TEAM023,EMP0369,EMP0402,Discussion,2025-11-07,12,7.6
INT000903,TEAM023,EMP0369,EMP0402,Pair Programming,2025-10-16,6,6.1
INT000904,TEAM023,EMP0369,EMP0402,Mentoring,2025-05-22,52,6.4
INT000905,TEAM023,EMP0369,EMP0402,Discussion,2025-06-07,0,8.1
INT000906,TEAM023,EMP0369,EMP0402,Meeting,2025-09-17,59,8.4
INT000907,TEAM023,EMP0001,EMP0402,Mentoring,2025-09-25,45,7.9
INT000908,TEAM023,EMP0001,EMP0402,Meeting,2025-08-25,7,5.3
INT000909,TEAM023,EMP0001,EMP0402,Brainstorming,2025-07-09,6,8.9
INT000910,TEAM024,EMP0152,EMP0019,Discussion,2025-07-29,16,8.4
INT000911,TEAM024,EMP0152,EMP0019,Mentoring,2025-07-05,35,6.2
INT000912,TEAM024,EMP0152,EMP0019,Meeting,2025-09-01,34,7.7
INT000913,TEAM024,EMP0152,EMP0019,Collaboration,2025-05-27,5,8.9
INT000914,TEAM024,EMP0152,EMP0019,Code Review,2025-07-31,52,7.4
INT000915,TEAM024,EMP0152,EMP0019,Discussion,2025-08-05,9,4.9
INT000916,TEAM024,EMP0152,EMP0019,Code Review,2025-08-05,79,6.1
INT000917,TEAM024,EMP0152,EMP0019,Meeting,2025-07-16,12,6.9
INT000918,TEAM024,EMP0152,EMP0092,Pair Programming,2025-07-11,20,6.8
INT000919,TEAM024,EMP0152,EMP0092,Brainstorming,2025-09-11,15,4.7
INT000920,TEAM024,EMP0152,EMP0092,Collaboration,2025-08-31,13,8.2
INT000921,TEAM024,EMP0152,EMP0092,Code Review,2025-10-23,51,8.2
INT000922,TEAM024,EMP0152,EMP0344,Brainstorming,2025-08-11,13,8.8
INT000923,TEAM024,EMP0152,EMP0344,Discussion,2025-06-22,35,6.9
INT000924,TEAM024,EMP0152,EMP0003,Meeting,2025-06-19,42,6.1
INT000925,TEAM024,EMP0152,EMP0003,Brainstorming,2025-07-31,20,8.1
INT000926,TEAM024,EMP0152,EMP0003,Discussion,2025-06-27,4,8.7
INT000927,TEAM024,EMP0152,EMP0003,Mentoring,2025-06-23,24,7.7
INT000928,TEAM024,EMP0152,EMP0323,Discussion,2025-09-08,6,7.0
INT000929,TEAM024,EMP0152,EMP0323,Meeting,2025-08-23,15,6.6
INT000930,TEAM024,EMP0152,EMP0323,Brainstorming,2025-07-29,6,9.0
INT000931,TEAM024,EMP0152,EMP0323,Collaboration,2025-10-30,27,6.0
INT000932,TEAM024,EMP0152,EMP0323,Collaboration,2025-06-14,5,6.1
INT000933,TEAM024,EMP0019,EMP0316,Code Review,2025-07-16,73,7.6
INT000934,TEAM024,EMP0019,EMP0316,Code Review,2025-09-26,38,8.1
INT000935,TEAM024,EMP0019,EMP0316,Code Review,2025-09-19,42,4.7
INT000936,TEAM024,EMP0019,EMP0316,Discussion,2025-10-28,13,7.2
INT000937,TEAM024,EMP0019,EMP0316,Mentoring,2025-10-18,26,7.0
INT000938,TEAM024,EMP0019,EMP0316,Code Review,2025-07-19,39,4.3
INT000939,TEAM024,EMP0019,EMP0316,Code Review,2025-05-31,48,6.2
INT000940,TEAM024,EMP0019,EMP0316,Pair Programming,2025-06-08,10,5.7
INT000941,TEAM024,EMP0019,EMP0316,Mentoring,2025-08-18,17,8.6
INT000942,TEAM024,EMP0019,EMP0492,Collaboration,2025-07-31,68,7.0
INT000943,TEAM024,EMP0019,EMP0492,Collaboration,2025-07-29,30,8.8
INT000944,TEAM024,EMP0019,EMP0492,Brainstorming,2025-08-16,11,6.1
INT000945,TEAM024,EMP0019,EMP0492,Collaboration,2025-08-29,7,8.0
INT000946,TEAM024,EMP0019,EMP0492,Brainstorming,2025-07-13,8,5.0
INT000947,TEAM024,EMP0019,EMP0492,Brainstorming,2025-11-04,23,8.7
INT000948,TEAM024,EMP0019,EMP0492,Collaboration,2025-05-12,11,7.5
INT000949,TEAM024,EMP0019,EMP0003,Meeting,2025-07-23,38,8.6
INT000950,TEAM024,EMP0019,EMP0003,Code Review,2025-07-24,11,4.7
INT000951,TEAM024,EMP0019,EMP0003,Collaboration,2025-10-01,4,9.0
INT000952,TEAM024,EMP0019,EMP0069,Meeting,2025-10-13,22,6.3
INT000953,TEAM024,EMP0019,EMP0323,Brainstorming,2025-10-13,7,7.5
INT000954,TEAM024,EMP0019,EMP0323,Brainstorming,2025-08-26,4,6.0
INT000955,TEAM024,EMP0019,EMP0323,Pair Programming,2025-06-23,19,7.2
INT000956,TEAM024,EMP0092,EMP0031,Discussion,2025-05-24,29,6.4
INT000957,TEAM024,EMP0092,EMP0031,Collaboration,2025-06-14,24,5.1
INT000958,TEAM024,EMP0092,EMP0031,Meeting,2025-07-09,41,9.1
INT000959,TEAM024,EMP0092,EMP0031,Pair Programming,2025-09-24,13,9.4
INT000960,TEAM024,EMP0092,EMP0031,Code Review,2025-07-27,15,8.7
INT000961,TEAM024,EMP0092,EMP0031,Collaboration,2025-06-02,21,8.4
INT000962,TEAM024,EMP0092,EMP0031,Mentoring,2025-05-17,23,4.5
INT000963,TEAM024,EMP0092,EMP0316,Pair Programming,2025-07-29,8,6.2
INT000964,TEAM024,EMP0092,EMP0316,Code Review,2025-05-15,63,7.7
INT000965,TEAM024,EMP0092,EMP0316,Mentoring,2025-10-26,58,5.6
INT000966,TEAM024,EMP0092,EMP0316,Pair Programming,2025-07-09,10,6.8
INT000967,TEAM024,EMP0092,EMP0316,Meeting,2025-08-04,32,6.9
INT000968,TEAM024,EMP0092,EMP0316,Brainstorming,2025-08-13,0,7.8
INT000969,TEAM024,EMP0092,EMP0316,Pair Programming,2025-08-22,20,6.2
INT000970,TEAM024,EMP0092,EMP0344,Brainstorming,2025-07-05,26,8.1
INT000971,TEAM024,EMP0092,EMP0344,Mentoring,2025-05-13,39,6.5
INT000972,TEAM024,EMP0092,EMP0344,Brainstorming,2025-10-13,31,9.2
INT000973,TEAM024,EMP0092,EMP0344,Code Review,2025-09-10,40,7.0
INT000974,TEAM024,EMP0092,EMP0344,Mentoring,2025-08-23,82,7.8
INT000975,TEAM024,EMP0092,EMP0492,Pair Programming,2025-08-17,20,6.6
INT000976,TEAM024,EMP0092,EMP0492,Collaboration,2025-07-24,9,5.4
INT000977,TEAM024,EMP0092,EMP0492,Meeting,2025-05-26,31,7.2
INT000978,TEAM024,EMP0092,EMP0492,Discussion,2025-09-20,5,4.9
INT000979,TEAM024,EMP0092,EMP0003,Mentoring,2025-07-26,28,4.2
INT000980,TEAM024,EMP0092,EMP0003,Brainstorming,2025-07-06,24,4.8
INT000981,TEAM024,EMP0092,EMP0003,Brainstorming,2025-06-28,17,8.2
INT000982,TEAM024,EMP0092,EMP0003,Brainstorming,2025-08-04,13,8.1
INT000983,TEAM024,EMP0092,EMP0003,Collaboration,2025-10-24,14,6.1
INT000984,TEAM024,EMP0092,EMP0003,Meeting,2025-09-28,36,6.1
INT000985,TEAM024,EMP0092,EMP0003,Mentoring,2025-08-20,38,5.9
INT000986,TEAM024,EMP0092,EMP0003,Discussion,2025-07-01,23,8.3
INT000987,TEAM024,EMP0092,EMP0003,Brainstorming,2025-10-04,10,7.1
INT000988,TEAM024,EMP0092,EMP0003,Collaboration,2025-06-26,21,7.6
INT000989,TEAM024,EMP0092,EMP0003,Code Review,2025-10-31,37,5.9
INT000990,TEAM024,EMP0092,EMP0003,Brainstorming,2025-09-19,27,4.6
INT000991,TEAM024,EMP0092,EMP0003,Brainstorming,2025-09-17,27,9.6
INT000992,TEAM024,EMP0092,EMP0003,Code Review,2025-10-24,46,6.4
INT000993,TEAM024,EMP0092,EMP0069,Pair Programming,2025-10-26,7,5.7
INT000994,TEAM024,EMP0092,EMP0069,Code Review,2025-05-11,9,9.5
INT000995,TEAM024,EMP0092,EMP0069,Pair Programming,2025-08-29,19,7.3
INT000996,TEAM024,EMP0092,EMP0069,Collaboration,2025-07-12,5,6.3
INT000997,TEAM024,EMP0092,EMP0069,Mentoring,2025-07-29,34,7.0
INT000998,TEAM024,EMP0092,EMP0069,Mentoring,2025-10-07,88,6.0
INT000999,TEAM024,EMP0092,EMP0069,Code Review,2025-10-31,25,8.3
INT001000,TEAM024,EMP0092,EMP0069,Discussion,2025-08-04,14,3.9
INT001001,TEAM024,EMP0092,EMP0069,Discussion,2025-06-08,11,7.3
INT001002,TEAM024,EMP0092,EMP0323,Collaboration,2025-07-09,7,7.5
INT001003,TEAM024,EMP0092,EMP0323,Pair Programming,2025-06-19,9,7.7
INT001004,TEAM024,EMP0092,EMP0323,Code Review,2025-08-11,15,8.5
INT001005,TEAM024,EMP0092,EMP0323,Mentoring,2025-09-02,36,5.6
INT001006,TEAM024,EMP0092,EMP0323,Meeting,2025-05-15,20,5.5
INT001007,TEAM024,EMP0092,EMP0323,Meeting,2025-08-27,55,7.3
INT001008,TEAM024,EMP0092,EMP0323,Meeting,2025-08-01,68,5.9
INT001009,TEAM024,EMP0092,EMP0064,Brainstorming,2025-06-14,11,8.3
INT001010,TEAM024,EMP0092,EMP0064,Brainstorming,2025-09-14,14,8.9
INT001011,TEAM024,EMP0092,EMP0064,Mentoring,2025-09-12,104,7.0
INT001012,TEAM024,EMP0092,EMP0064,Mentoring,2025-09-11,39,8.5
INT001013,TEAM024,EMP0031,EMP0316,Discussion,2025-05-25,30,5.9
INT001014,TEAM024,EMP0031,EMP0316,Meeting,2025-06-29,27,7.3
INT001015,TEAM024,EMP0031,EMP0069,Mentoring,2025-10-05,34,8.2
INT001016,TEAM024,EMP0031,EMP0069,Collaboration,2025-09-24,22,6.6
INT001017,TEAM024,EMP0031,EMP0069,Code Review,2025-11-05,63,7.6
INT001018,TEAM024,EMP0031,EMP0323,Mentoring,2025-08-21,51,5.9
INT001019,TEAM024,EMP0031,EMP0323,Pair Programming,2025-05-27,12,8.7
INT001020,TEAM024,EMP0031,EMP0323,Discussion,2025-07-22,23,5.5
INT001021,TEAM024,EMP0031,EMP0323,Discussion,2025-08-10,8,5.0
INT001022,TEAM024,EMP0031,EMP0064,Pair Programming,2025-07-11,32,6.4
INT001023,TEAM024,EMP0031,EMP0064,Collaboration,2025-05-18,2,5.7
INT001024,TEAM024,EMP0031,EMP0064,Discussion,2025-06-01,5,6.5
INT001025,TEAM024,EMP0031,EMP0064,Meeting,2025-06-11,33,7.0
INT001026,TEAM024,EMP0031,EMP0064,Collaboration,2025-11-06,16,5.7
INT001027,TEAM024,EMP0316,EMP0069,Collaboration,2025-06-08,39,5.8
INT001028,TEAM024,EMP0316,EMP0069,Pair Programming,2025-08-27,13,6.8
INT001029,TEAM024,EMP0316,EMP0069,Meeting,2025-05-16,61,7.7
INT001030,TEAM024,EMP0316,EMP0323,Pair Programming,2025-08-13,12,7.3
INT001031,TEAM024,EMP0316,EMP0323,Pair Programming,2025-05-28,6,7.0
INT001032,TEAM024,EMP0316,EMP0323,Pair Programming,2025-08-29,2,6.3
INT001033,TEAM024,EMP0316,EMP0323,Mentoring,2025-05-24,19,6.4
INT001034,TEAM024,EMP0316,EMP0323,Pair Programming,2025-05-25,12,8.1
INT001035,TEAM024,EMP0316,EMP0323,Code Review,2025-09-20,10,5.5
INT001036,TEAM024,EMP0316,EMP0323,Brainstorming,2025-06-28,21,6.9
INT001037,TEAM024,EMP0316,EMP0064,Brainstorming,2025-10-24,50,8.4
INT001038,TEAM024,EMP0316,EMP0064,Discussion,2025-06-07,4,7.7
INT001039,TEAM024,EMP0316,EMP0064,Pair Programming,2025-05-22,0,8.3
INT001040,TEAM024,EMP0316,EMP0064,Code Review,2025-05-17,45,7.6
INT001041,TEAM024,EMP0344,EMP0323,Discussion,2025-07-23,5,8.6
INT001042,TEAM024,EMP0344,EMP0323,Mentoring,2025-07-31,61,7.6
INT001043,TEAM024,EMP0344,EMP0323,Collaboration,2025-10-29,3,7.5
INT001044,TEAM024,EMP0492,EMP0003,Pair Programming,2025-09-20,11,5.5
INT001045,TEAM024,EMP0492,EMP0003,Mentoring,2025-09-12,69,7.7
INT001046,TEAM024,EMP0492,EMP0003,Mentoring,2025-06-24,48,5.3
INT001047,TEAM024,EMP0492,EMP0003,Mentoring,2025-07-09,16,7.7
INT001048,TEAM024,EMP0492,EMP0003,Collaboration,2025-08-08,6,8.1
INT001049,TEAM024,EMP0492,EMP0003,Brainstorming,2025-08-23,15,6.9
INT001050,TEAM024,EMP0492,EMP0003,Brainstorming,2025-09-25,6,6.6
INT001051,TEAM024,EMP0492,EMP0323,Meeting,2025-08-24,56,6.5
INT001052,TEAM024,EMP0492,EMP0323,Code Review,2025-07-10,23,6.3
INT001053,TEAM024,EMP0492,EMP0323,Mentoring,2025-09-02,46,6.2
INT001054,TEAM024,EMP0492,EMP0323,Brainstorming,2025-06-17,23,6.1
INT001055,TEAM024,EMP0069,EMP0323,Mentoring,2025-09-11,35,8.8
INT001056,TEAM024,EMP0323,EMP0064,Pair Programming,2025-08-15,9,8.1
INT001057,TEAM024,EMP0323,EMP0064,Collaboration,2025-09-02,21,6.9
INT001058,TEAM024,EMP0323,EMP0064,Discussion,2025-08-24,17,7.9
INT001059,TEAM024,EMP0323,EMP0064,Discussion,2025-10-08,23,8.7
INT001060,TEAM025,EMP0439,EMP0163,Collaboration,2025-05-29,2,5.5
INT001061,TEAM025,EMP0439,EMP0163,Collaboration,2025-06-12,16,5.7
INT001062,TEAM025,EMP0439,EMP0163,Discussion,2025-10-20,20,5.9
INT001063,TEAM025,EMP0439,EMP0163,Collaboration,2025-09-19,9,4.7
INT001064,TEAM025,EMP0439,EMP0163,Brainstorming,2025-10-08,17,7.8
INT001065,TEAM025,EMP0439,EMP0009,Meeting,2025-07-25,33,7.7
INT001066,TEAM025,EMP0439,EMP0009,Code Review,2025-09-30,37,7.9
INT001067,TEAM025,EMP0439,EMP0009,Pair Programming,2025-09-17,20,8.3
INT001068,TEAM025,EMP0439,EMP0009,Collaboration,2025-07-26,5,8.1
INT001069,TEAM025,EMP0439,EMP0009,Code Review,2025-07-13,23,5.0
INT001070,TEAM025,EMP0439,EMP0009,Brainstorming,2025-08-19,29,6.4
INT001071,TEAM025,EMP0439,EMP0009,Brainstorming,2025-09-22,11,4.7
INT001072,TEAM025,EMP0439,EMP0009,Discussion,2025-10-18,3,6.7
INT001073,TEAM025,EMP0439,EMP0437,Pair Programming,2025-09-23,6,7.7
INT001074,TEAM025,EMP0439,EMP0437,Meeting,2025-05-29,11,8.7
INT001075,TEAM025,EMP0439,EMP0437,Discussion,2025-11-06,9,9.4
INT001076,TEAM025,EMP0163,EMP0015,Collaboration,2025-09-25,44,7.2
INT001077,TEAM025,EMP0163,EMP0015,Discussion,2025-09-28,4,5.0
INT001078,TEAM025,EMP0163,EMP0015,Code Review,2025-10-16,41,7.2
INT001079,TEAM025,EMP0163,EMP0015,Discussion,2025-06-03,7,6.4
INT001080,TEAM025,EMP0163,EMP0015,Discussion,2025-05-29,3,7.5
INT001081,TEAM025,EMP0163,EMP0015,Discussion,2025-07-27,8,6.7
INT001082,TEAM025,EMP0163,EMP0015,Discussion,2025-07-08,13,9.1
INT001083,TEAM025,EMP0163,EMP0009,Code Review,2025-06-24,68,6.6
INT001084,TEAM025,EMP0163,EMP0009,Meeting,2025-08-04,56,7.2
INT001085,TEAM025,EMP0163,EMP0009,Brainstorming,2025-08-17,8,6.2
INT001086,TEAM025,EMP0163,EMP0009,Code Review,2025-06-25,96,7.9
INT001087,TEAM025,EMP0163,EMP0009,Mentoring,2025-11-03,57,3.5
INT001088,TEAM025,EMP0163,EMP0009,Mentoring,2025-11-06,23,7.4
INT001089,TEAM025,EMP0163,EMP0009,Code Review,2025-09-05,14,4.9
INT001090,TEAM025,EMP0015,EMP0009,Meeting,2025-10-05,33,6.6
INT001091,TEAM025,EMP0015,EMP0437,Pair Programming,2025-06-10,8,6.4
INT001092,TEAM025,EMP0015,EMP0437,Meeting,2025-09-26,27,8.4
INT001093,TEAM025,EMP0015,EMP0437,Pair Programming,2025-10-27,11,7.1
INT001094,TEAM025,EMP0015,EMP0437,Discussion,2025-08-25,21,5.4
INT001095,TEAM025,EMP0015,EMP0437,Collaboration,2025-06-27,7,6.5
INT001096,TEAM025,EMP0015,EMP0437,Pair Programming,2025-06-26,19,7.9
INT001097,TEAM025,EMP0015,EMP0437,Mentoring,2025-07-19,104,7.3
INT001098,TEAM026,EMP0247,EMP0245,Pair Programming,2025-07-05,8,9.0
INT001099,TEAM026,EMP0247,EMP0245,Code Review,2025-09-20,55,5.3
INT001100,TEAM026,EMP0247,EMP0245,Meeting,2025-07-27,27,7.5
INT001101,TEAM026,EMP0247,EMP0013,Code Review,2025-10-05,152,9.1
INT001102,TEAM026,EMP0247,EMP0013,Collaboration,2025-11-02,17,8.8
INT001103,TEAM026,EMP0247,EMP0013,Code Review,2025-07-01,21,6.5
INT001104,TEAM026,EMP0247,EMP0013,Pair Programming,2025-10-07,8,5.4
INT001105,TEAM027,EMP0280,EMP0422,Pair Programming,2025-05-28,32,9.0
INT001106,TEAM027,EMP0280,EMP0422,Collaboration,2025-06-24,6,8.5
INT001107,TEAM027,EMP0280,EMP0422,Collaboration,2025-10-26,25,6.4
INT001108,TEAM027,EMP0280,EMP0422,Mentoring,2025-10-26,24,7.4
INT001109,TEAM027,EMP0280,EMP0422,Mentoring,2025-10-11,26,8.4
INT001110,TEAM028,EMP0414,EMP0464,Discussion,2025-10-09,19,8.8
INT001111,TEAM028,EMP0414,EMP0464,Discussion,2025-07-17,1,9.4
INT001112,TEAM028,EMP0414,EMP0464,Collaboration,2025-10-07,16,7.5
INT001113,TEAM028,EMP0414,EMP0464,Discussion,2025-09-04,10,8.9
INT001114,TEAM028,EMP0414,EMP0464,Code Review,2025-05-12,17,7.0
INT001115,TEAM028,EMP0414,EMP0454,Mentoring,2025-05-16,46,6.7
INT001116,TEAM028,EMP0414,EMP0454,Pair Programming,2025-11-05,3,7.5
INT001117,TEAM028,EMP0414,EMP0454,Mentoring,2025-07-23,20,5.3
INT001118,TEAM028,EMP0414,EMP0454,Mentoring,2025-10-13,60,4.6
INT001119,TEAM028,EMP0414,EMP0454,Pair Programming,2025-06-27,39,6.8
INT001120,TEAM028,EMP0414,EMP0454,Collaboration,2025-06-01,35,8.2
INT001121,TEAM028,EMP0414,EMP0454,Code Review,2025-05-12,21,4.4
INT001122,TEAM028,EMP0414,EMP0194,Collaboration,2025-10-12,14,6.0
INT001123,TEAM028,EMP0414,EMP0194,Meeting,2025-06-02,74,8.7
INT001124,TEAM028,EMP0414,EMP0367,Discussion,2025-10-11,6,6.9
INT001125,TEAM028,EMP0414,EMP0367,Collaboration,2025-09-18,5,6.2
INT001126,TEAM028,EMP0414,EMP0367,Brainstorming,2025-09-17,0,7.5
INT001127,TEAM028,EMP0414,EMP0367,Brainstorming,2025-09-01,10,6.3
INT001128,TEAM028,EMP0414,EMP0056,Pair Programming,2025-09-17,7,8.0
INT001129,TEAM028,EMP0414,EMP0056,Discussion,2025-05-11,23,5.9
INT001130,TEAM028,EMP0414,EMP0056,Code Review,2025-08-24,58,7.6
INT001131,TEAM028,EMP0414,EMP0056,Collaboration,2025-10-28,7,6.0
INT001132,TEAM028,EMP0414,EMP0056,Code Review,2025-07-03,82,7.2
INT001133,TEAM028,EMP0464,EMP0194,Meeting,2025-09-08,28,9.0
INT001134,TEAM028,EMP0464,EMP0194,Mentoring,2025-11-04,39,8.5
INT001135,TEAM028,EMP0464,EMP0194,Meeting,2025-10-16,52,7.9
INT001136,TEAM028,EMP0464,EMP0194,Mentoring,2025-06-14,32,6.3
INT001137,TEAM028,EMP0464,EMP0194,Code Review,2025-07-04,8,8.6
INT001138,TEAM028,EMP0464,EMP0194,Brainstorming,2025-10-15,16,7.9
INT001139,TEAM028,EMP0464,EMP0194,Meeting,2025-06-30,82,6.4
INT001140,TEAM028,EMP0464,EMP0056,Mentoring,2025-09-03,20,4.8
INT001141,TEAM028,EMP0464,EMP0056,Discussion,2025-09-09,7,6.5
INT001142,TEAM028,EMP0464,EMP0056,Pair Programming,2025-08-24,23,7.7
INT001143,TEAM028,EMP0454,EMP0194,Brainstorming,2025-10-13,19,7.0
INT001144,TEAM028,EMP0454,EMP0194,Brainstorming,2025-09-24,13,7.6
INT001145,TEAM028,EMP0454,EMP0194,Brainstorming,2025-10-28,25,7.6
INT001146,TEAM028,EMP0454,EMP0367,Pair Programming,2025-05-18,7,7.3
INT001147,TEAM028,EMP0454,EMP0367,Mentoring,2025-07-21,49,7.4
INT001148,TEAM028,EMP0454,EMP0367,Meeting,2025-10-09,25,7.2
INT001149,TEAM028,EMP0454,EMP0367,Meeting,2025-10-27,57,7.5
INT001150,TEAM028,EMP0454,EMP0367,Mentoring,2025-10-03,21,5.5
INT001151,TEAM028,EMP0454,EMP0367,Code Review,2025-05-26,13,4.9
INT001152,TEAM028,EMP0454,EMP0367,Pair Programming,2025-08-15,7,9.4
INT001153,TEAM028,EMP0194,EMP0056,Pair Programming,2025-10-15,8,3.1
INT001154,TEAM028,EMP0194,EMP0056,Code Review,2025-08-12,54,6.8
INT001155,TEAM028,EMP0194,EMP0056,Discussion,2025-10-09,24,7.1
INT001156,TEAM028,EMP0367,EMP0056,Pair Programming,2025-07-14,17,6.3
INT001157,TEAM028,EMP0367,EMP0056,Mentoring,2025-08-01,77,6.6
INT001158,TEAM028,EMP0367,EMP0056,Brainstorming,2025-07-08,19,7.6
INT001159,TEAM028,EMP0367,EMP0056,Mentoring,2025-07-23,8,6.0
INT001160,TEAM028,EMP0367,EMP0056,Meeting,2025-09-26,30,6.8
INT001161,TEAM028,EMP0367,EMP0056,Mentoring,2025-10-05,31,8.4
INT001162,TEAM028,EMP0367,EMP0056,Brainstorming,2025-10-23,19,8.6
INT001163,TEAM029,EMP0384,EMP0005,Collaboration,2025-07-24,18,7.6
INT001164,TEAM029,EMP0384,EMP0005,Brainstorming,2025-07-07,6,8.6
INT001165,TEAM029,EMP0384,EMP0005,Mentoring,2025-06-15,63,8.5
INT001166,TEAM029,EMP0384,EMP0005,Code Review,2025-07-18,58,6.1
INT001167,TEAM029,EMP0384,EMP0005,Discussion,2025-06-04,34,5.7
INT001168,TEAM030,EMP0002,EMP0074,Meeting,2025-07-06,12,8.3
INT001169,TEAM030,EMP0002,EMP0074,Discussion,2025-07-25,3,6.9
INT001170,TEAM030,EMP0002,EMP0074,Meeting,2025-10-27,62,6.0
INT001171,TEAM030,EMP0002,EMP0074,Mentoring,2025-09-02,30,5.2
INT001172,TEAM030,EMP0002,EMP0074,Meeting,2025-08-19,72,5.8
INT001173,TEAM030,EMP0002,EMP0074,Brainstorming,2025-05-11,21,6.0
INT001174,TEAM030,EMP0211,EMP0205,Code Review,2025-06-16,60,5.9
INT001175,TEAM030,EMP0211,EMP0205,Brainstorming,2025-05-20,14,6.7
INT001176,TEAM030,EMP0211,EMP0205,Collaboration,2025-08-13,18,9.1
INT001177,TEAM030,EMP0211,EMP0205,Mentoring,2025-06-27,34,8.6
INT001178,TEAM030,EMP0211,EMP0205,Collaboration,2025-05-12,6,8.8
INT001179,TEAM030,EMP0211,EMP0205,Discussion,2025-10-14,41,6.7
INT001180,TEAM030,EMP0211,EMP0205,Mentoring,2025-05-22,75,8.6
INT001181,TEAM030,EMP0211,EMP0074,Mentoring,2025-08-11,29,5.6
INT001182,TEAM030,EMP0211,EMP0074,Mentoring,2025-05-18,103,6.7
INT001183,TEAM030,EMP0211,EMP0074,Code Review,2025-08-01,55,8.6
INT001184,TEAM030,EMP0211,EMP0074,Collaboration,2025-06-18,25,7.7
INT001185,TEAM030,EMP0211,EMP0074,Meeting,2025-10-25,47,7.7
INT001186,TEAM030,EMP0148,EMP0205,Brainstorming,2025-07-10,14,8.7
INT001187,TEAM030,EMP0148,EMP0205,Brainstorming,2025-07-04,5,8.5
INT001188,TEAM030,EMP0148,EMP0205,Meeting,2025-09-26,31,7.6
INT001189,TEAM030,EMP0148,EMP0205,Pair Programming,2025-07-05,15,5.0
INT001190,TEAM030,EMP0148,EMP0205,Pair Programming,2025-09-07,19,7.7
INT001191,TEAM030,EMP0148,EMP0205,Meeting,2025-08-28,28,3.5
INT001192,TEAM030,EMP0148,EMP0074,Mentoring,2025-06-20,37,4.0
INT001193,TEAM030,EMP0148,EMP0074,Discussion,2025-08-03,7,4.7
INT001194,TEAM030,EMP0148,EMP0074,Meeting,2025-09-08,21,7.0
INT001195,TEAM030,EMP0148,EMP0074,Discussion,2025-07-13,24,7.2
INT001196,TEAM030,EMP0151,EMP0074,Discussion,2025-07-03,7,5.3
INT001197,TEAM030,EMP0151,EMP0074,Meeting,2025-08-19,72,8.8
INT001198,TEAM030,EMP0151,EMP0074,Mentoring,2025-07-03,65,8.3
INT001199,TEAM030,EMP0151,EMP0074,Meeting,2025-05-24,15,8.4
INT001200,TEAM030,EMP0151,EMP0074,Discussion,2025-10-12,8,8.8
INT001201,TEAM030,EMP0151,EMP0074,Meeting,2025-07-25,46,4.7
INT001202,TEAM030,EMP0151,EMP0074,Collaboration,2025-06-18,9,8.6
INT001203,TEAM030,EMP0151,EMP0074,Brainstorming,2025-11-07,52,4.8
INT001204,TEAM030,EMP0151,EMP0074,Brainstorming,2025-10-15,2,5.1
INT001205,TEAM031,EMP0243,EMP0173,Collaboration,2025-06-30,32,8.6
INT001206,TEAM031,EMP0243,EMP0173,Mentoring,2025-09-16,29,7.0
INT001207,TEAM031,EMP0243,EMP0173,Discussion,2025-05-20,21,4.1
INT001208,TEAM032,EMP0086,EMP0251,Brainstorming,2025-10-25,6,7.1
INT001209,TEAM032,EMP0086,EMP0251,Brainstorming,2025-09-11,25,7.6
INT001210,TEAM032,EMP0086,EMP0251,Pair Programming,2025-07-14,22,7.6
INT001211,TEAM032,EMP0086,EMP0251,Brainstorming,2025-06-17,8,4.3
INT001212,TEAM032,EMP0086,EMP0008,Pair Programming,2025-05-23,14,6.5
INT001213,TEAM032,EMP0086,EMP0008,Meeting,2025-07-15,33,7.2
INT001214,TEAM032,EMP0086,EMP0008,Brainstorming,2025-10-14,13,8.1
INT001215,TEAM032,EMP0086,EMP0008,Code Review,2025-05-23,28,8.0
INT001216,TEAM032,EMP0086,EMP0058,Brainstorming,2025-08-09,15,5.7
INT001217,TEAM032,EMP0086,EMP0058,Brainstorming,2025-05-29,39,7.3
INT001218,TEAM032,EMP0086,EMP0058,Collaboration,2025-08-25,7,5.9
INT001219,TEAM032,EMP0086,EMP0058,Pair Programming,2025-06-27,4,8.5
INT001220,TEAM032,EMP0086,EMP0497,Discussion,2025-09-26,45,8.2
INT001221,TEAM032,EMP0086,EMP0497,Brainstorming,2025-10-03,13,5.4
INT001222,TEAM032,EMP0086,EMP0497,Meeting,2025-07-26,28,5.1
INT001223,TEAM032,EMP0086,EMP0497,Collaboration,2025-09-03,14,4.5
INT001224,TEAM032,EMP0086,EMP0497,Code Review,2025-09-18,35,6.3
INT001225,TEAM032,EMP0251,EMP0300,Code Review,2025-07-30,122,6.9
INT001226,TEAM032,EMP0251,EMP0300,Brainstorming,2025-07-13,5,7.8
INT001227,TEAM032,EMP0251,EMP0300,Mentoring,2025-09-20,34,8.0
INT001228,TEAM032,EMP0251,EMP0300,Meeting,2025-08-13,26,8.6
INT001229,TEAM032,EMP0251,EMP0300,Meeting,2025-07-24,69,7.1
INT001230,TEAM032,EMP0251,EMP0300,Brainstorming,2025-05-29,12,7.7
INT001231,TEAM032,EMP0251,EMP0058,Discussion,2025-07-15,9,6.0
INT001232,TEAM032,EMP0251,EMP0058,Collaboration,2025-05-23,43,7.7
INT001233,TEAM032,EMP0251,EMP0058,Code Review,2025-07-01,60,5.9
INT001234,TEAM032,EMP0251,EMP0058,Meeting,2025-07-03,25,7.3
INT001235,TEAM032,EMP0251,EMP0058,Mentoring,2025-06-25,45,8.6
INT001236,TEAM032,EMP0251,EMP0352,Brainstorming,2025-07-20,9,8.9
INT001237,TEAM032,EMP0251,EMP0352,Discussion,2025-06-11,22,7.8
INT001238,TEAM032,EMP0251,EMP0352,Brainstorming,2025-06-30,6,6.3
INT001239,TEAM032,EMP0251,EMP0352,Mentoring,2025-09-23,33,6.0
INT001240,TEAM032,EMP0251,EMP0497,Meeting,2025-10-06,30,7.0
INT001241,TEAM032,EMP0251,EMP0497,Mentoring,2025-07-31,46,8.0
INT001242,TEAM032,EMP0251,EMP0497,Collaboration,2025-06-07,15,5.9
INT001243,TEAM032,EMP0300,EMP0058,Discussion,2025-08-01,6,7.9
INT001244,TEAM032,EMP0008,EMP0352,Pair Programming,2025-08-12,32,5.0
INT001245,TEAM032,EMP0008,EMP0352,Brainstorming,2025-07-15,33,8.1
INT001246,TEAM032,EMP0008,EMP0352,Code Review,2025-10-04,38,5.1
INT001247,TEAM032,EMP0008,EMP0352,Collaboration,2025-07-25,10,7.4
INT001248,TEAM032,EMP0058,EMP0497,Collaboration,2025-05-12,5,4.8
INT001249,TEAM032,EMP0058,EMP0497,Mentoring,2025-08-19,47,8.5
INT001250,TEAM032,EMP0058,EMP0497,Mentoring,2025-06-19,22,6.1
INT001251,TEAM032,EMP0058,EMP0497,Code Review,2025-09-13,28,5.9
INT001252,TEAM032,EMP0058,EMP0497,Collaboration,2025-09-15,21,6.6
INT001253,TEAM032,EMP0058,EMP0497,Mentoring,2025-08-25,23,7.4
INT001254,TEAM032,EMP0058,EMP0497,Mentoring,2025-08-11,60,4.3
INT001255,TEAM032,EMP0352,EMP0497,Code Review,2025-05-25,44,6.8
INT001256,TEAM032,EMP0352,EMP0497,Collaboration,2025-07-02,31,6.0
INT001257,TEAM032,EMP0352,EMP0497,Mentoring,2025-05-14,55,7.2
INT001258,TEAM032,EMP0352,EMP0497,Mentoring,2025-08-17,62,5.6
INT001259,TEAM033,EMP0308,EMP0499,Collaboration,2025-08-09,24,7.1
INT001260,TEAM033,EMP0308,EMP0499,Collaboration,2025-07-08,4,6.5
INT001261,TEAM033,EMP0308,EMP0499,Mentoring,2025-06-14,35,8.0
INT001262,TEAM033,EMP0308,EMP0299,Brainstorming,2025-07-22,55,6.8
INT001263,TEAM033,EMP0308,EMP0299,Collaboration,2025-11-04,8,6.4
INT001264,TEAM033,EMP0308,EMP0299,Meeting,2025-10-11,42,6.6
INT001265,TEAM033,EMP0308,EMP0299,Code Review,2025-08-02,83,6.5
INT001266,TEAM033,EMP0308,EMP0107,Code Review,2025-10-24,46,6.3
INT001267,TEAM033,EMP0308,EMP0107,Brainstorming,2025-08-31,44,7.8
INT001268,TEAM033,EMP0308,EMP0107,Pair Programming,2025-09-27,28,6.8
INT001269,TEAM033,EMP0308,EMP0107,Pair Programming,2025-05-17,3,8.0
INT001270,TEAM033,EMP0308,EMP0007,Mentoring,2025-10-23,45,7.9
INT001271,TEAM033,EMP0308,EMP0007,Code Review,2025-08-24,44,4.9
INT001272,TEAM033,EMP0308,EMP0007,Meeting,2025-06-22,27,8.0
INT001273,TEAM033,EMP0308,EMP0007,Brainstorming,2025-08-08,24,8.1
INT001274,TEAM033,EMP0308,EMP0442,Brainstorming,2025-06-03,5,7.8
INT001275,TEAM033,EMP0308,EMP0442,Mentoring,2025-05-19,34,8.0
INT001276,TEAM033,EMP0308,EMP0442,Brainstorming,2025-06-17,20,5.1
INT001277,TEAM033,EMP0308,EMP0442,Mentoring,2025-09-11,26,6.4
INT001278,TEAM033,EMP0308,EMP0442,Collaboration,2025-05-26,0,8.2
INT001279,TEAM033,EMP0308,EMP0442,Code Review,2025-07-31,59,6.7
INT001280,TEAM033,EMP0308,EMP0442,Brainstorming,2025-06-30,13,9.0
INT001281,TEAM033,EMP0499,EMP0372,Discussion,2025-08-02,18,6.4
INT001282,TEAM033,EMP0499,EMP0372,Brainstorming,2025-07-24,37,6.9
INT001283,TEAM033,EMP0499,EMP0107,Meeting,2025-06-19,34,4.7
INT001284,TEAM033,EMP0499,EMP0107,Mentoring,2025-11-04,40,6.6
INT001285,TEAM033,EMP0499,EMP0107,Code Review,2025-09-04,34,5.6
INT001286,TEAM033,EMP0499,EMP0107,Brainstorming,2025-06-02,7,7.5
INT001287,TEAM033,EMP0499,EMP0107,Brainstorming,2025-07-17,8,4.5
INT001288,TEAM033,EMP0499,EMP0107,Mentoring,2025-09-11,69,7.5
INT001289,TEAM033,EMP0499,EMP0107,Mentoring,2025-05-11,28,7.1
INT001290,TEAM033,EMP0499,EMP0107,Pair Programming,2025-05-26,15,7.1
INT001291,TEAM033,EMP0499,EMP0442,Code Review,2025-06-06,35,4.4
INT001292,TEAM033,EMP0499,EMP0442,Pair Programming,2025-09-19,30,6.2
INT001293,TEAM033,EMP0499,EMP0442,Code Review,2025-07-16,50,8.0
INT001294,TEAM033,EMP0499,EMP0442,Meeting,2025-05-17,14,7.3
INT001295,TEAM033,EMP0499,EMP0442,Code Review,2025-09-21,25,6.3
INT001296,TEAM033,EMP0184,EMP0440,Discussion,2025-10-28,38,8.5
INT001297,TEAM033,EMP0184,EMP0440,Collaboration,2025-08-28,12,7.6
INT001298,TEAM033,EMP0184,EMP0440,Code Review,2025-09-01,35,6.4
INT001299,TEAM033,EMP0184,EMP0440,Collaboration,2025-09-27,16,7.1
INT001300,TEAM033,EMP0184,EMP0440,Meeting,2025-09-03,15,6.1
INT001301,TEAM033,EMP0184,EMP0372,Meeting,2025-09-29,68,8.6
INT001302,TEAM033,EMP0184,EMP0372,Pair Programming,2025-09-29,4,6.7
INT001303,TEAM033,EMP0184,EMP0372,Meeting,2025-06-08,29,6.0
INT001304,TEAM033,EMP0184,EMP0372,Collaboration,2025-05-31,27,7.4
INT001305,TEAM033,EMP0184,EMP0372,Pair Programming,2025-05-22,10,6.8
INT001306,TEAM033,EMP0184,EMP0372,Brainstorming,2025-07-05,49,7.4
INT001307,TEAM033,EMP0184,EMP0299,Meeting,2025-08-08,60,8.9
INT001308,TEAM033,EMP0184,EMP0299,Collaboration,2025-08-18,34,6.2
INT001309,TEAM033,EMP0184,EMP0299,Code Review,2025-09-12,63,7.7
INT001310,TEAM033,EMP0184,EMP0299,Meeting,2025-06-27,16,7.7
INT001311,TEAM033,EMP0184,EMP0299,Code Review,2025-07-01,100,8.8
INT001312,TEAM033,EMP0184,EMP0299,Collaboration,2025-07-24,5,7.0
INT001313,TEAM033,EMP0184,EMP0107,Pair Programming,2025-10-15,34,6.2
INT001314,TEAM033,EMP0184,EMP0007,Mentoring,2025-09-14,46,5.2
INT001315,TEAM033,EMP0184,EMP0007,Pair Programming,2025-08-15,8,8.6
INT001316,TEAM033,EMP0184,EMP0007,Pair Programming,2025-08-07,10,7.9
INT001317,TEAM033,EMP0184,EMP0007,Brainstorming,2025-09-13,14,5.8
INT001318,TEAM033,EMP0184,EMP0007,Collaboration,2025-06-02,2,4.6
INT001319,TEAM033,EMP0184,EMP0442,Brainstorming,2025-06-17,7,8.9
INT001320,TEAM033,EMP0184,EMP0442,Meeting,2025-05-25,44,9.4
INT001321,TEAM033,EMP0184,EMP0442,Mentoring,2025-10-09,60,5.5
INT001322,TEAM033,EMP0184,EMP0301,Mentoring,2025-09-07,49,8.6
INT001323,TEAM033,EMP0184,EMP0301,Collaboration,2025-06-03,22,8.2
INT001324,TEAM033,EMP0184,EMP0301,Meeting,2025-09-06,23,6.1
INT001325,TEAM033,EMP0184,EMP0301,Pair Programming,2025-05-17,9,6.5
INT001326,TEAM033,EMP0440,EMP0372,Discussion,2025-10-09,39,6.5
INT001327,TEAM033,EMP0440,EMP0372,Collaboration,2025-09-03,49,7.5
INT001328,TEAM033,EMP0440,EMP0372,Meeting,2025-08-27,52,7.3
INT001329,TEAM033,EMP0440,EMP0007,Discussion,2025-06-30,13,7.1
INT001330,TEAM033,EMP0440,EMP0007,Meeting,2025-07-06,27,8.9
INT001331,TEAM033,EMP0440,EMP0007,Mentoring,2025-08-24,42,6.8
INT001332,TEAM033,EMP0440,EMP0007,Pair Programming,2025-09-19,10,7.6
INT001333,TEAM033,EMP0440,EMP0442,Code Review,2025-10-14,95,8.4
INT001334,TEAM033,EMP0440,EMP0442,Collaboration,2025-06-23,12,4.3
INT001335,TEAM033,EMP0440,EMP0442,Mentoring,2025-11-06,78,6.8
INT001336,TEAM033,EMP0440,EMP0442,Code Review,2025-10-22,78,8.2
INT001337,TEAM033,EMP0440,EMP0442,Mentoring,2025-05-20,8,7.2
INT001338,TEAM033,EMP0372,EMP0107,Code Review,2025-10-12,32,6.4
INT001339,TEAM033,EMP0372,EMP0107,Brainstorming,2025-06-23,26,9.1
INT001340,TEAM033,EMP0372,EMP0107,Mentoring,2025-05-12,23,5.7
INT001341,TEAM033,EMP0372,EMP0107,Mentoring,2025-07-19,67,4.2
INT001342,TEAM033,EMP0372,EMP0442,Code Review,2025-05-16,50,6.9
INT001343,TEAM033,EMP0372,EMP0442,Discussion,2025-11-01,19,6.8
INT001344,TEAM033,EMP0372,EMP0442,Meeting,2025-08-15,65,5.6
INT001345,TEAM033,EMP0372,EMP0442,Meeting,2025-10-16,57,5.1
INT001346,TEAM033,EMP0372,EMP0301,Collaboration,2025-09-04,18,9.1
INT001347,TEAM033,EMP0372,EMP0301,Collaboration,2025-10-20,11,7.4
INT001348,TEAM033,EMP0372,EMP0301,Pair Programming,2025-09-10,6,8.2
INT001349,TEAM033,EMP0299,EMP0107,Mentoring,2025-07-15,69,8.2
INT001350,TEAM033,EMP0299,EMP0107,Discussion,2025-07-27,9,8.4
INT001351,TEAM033,EMP0299,EMP0107,Meeting,2025-08-19,71,4.1
INT001352,TEAM033,EMP0299,EMP0107,Mentoring,2025-07-31,49,5.0
INT001353,TEAM033,EMP0299,EMP0107,Collaboration,2025-10-08,6,5.9
INT001354,TEAM033,EMP0299,EMP0107,Mentoring,2025-11-06,31,7.5
INT001355,TEAM033,EMP0299,EMP0107,Meeting,2025-06-02,17,5.8
INT001356,TEAM033,EMP0299,EMP0107,Meeting,2025-06-11,17,9.2
INT001357,TEAM033,EMP0299,EMP0442,Meeting,2025-07-02,28,9.3
INT001358,TEAM033,EMP0299,EMP0442,Brainstorming,2025-08-25,23,8.4
INT001359,TEAM033,EMP0299,EMP0442,Pair Programming,2025-05-16,13,7.9
INT001360,TEAM033,EMP0299,EMP0442,Meeting,2025-06-05,17,6.2
INT001361,TEAM033,EMP0299,EMP0442,Brainstorming,2025-08-27,5,2.0
INT001362,TEAM033,EMP0107,EMP0007,Meeting,2025-05-22,37,8.9
INT001363,TEAM033,EMP0107,EMP0007,Code Review,2025-07-09,45,5.5
INT001364,TEAM033,EMP0107,EMP0442,Mentoring,2025-10-04,57,6.1
INT001365,TEAM033,EMP0107,EMP0442,Brainstorming,2025-07-30,36,6.7
INT001366,TEAM033,EMP0107,EMP0442,Pair Programming,2025-06-21,71,8.0
INT001367,TEAM033,EMP0107,EMP0442,Code Review,2025-05-29,60,5.6
INT001368,TEAM033,EMP0107,EMP0442,Mentoring,2025-08-23,21,8.6
INT001369,TEAM034,EMP0471,EMP0112,Code Review,2025-06-18,78,5.4
INT001370,TEAM034,EMP0471,EMP0112,Meeting,2025-10-07,59,8.6
INT001371,TEAM034,EMP0471,EMP0112,Collaboration,2025-11-06,5,7.0
INT001372,TEAM034,EMP0471,EMP0112,Discussion,2025-06-08,32,4.7
INT001373,TEAM034,EMP0471,EMP0112,Collaboration,2025-06-23,39,6.7
INT001374,TEAM034,EMP0471,EMP0112,Pair Programming,2025-10-17,16,7.9
INT001375,TEAM034,EMP0471,EMP0112,Mentoring,2025-09-15,74,8.4
INT001376,TEAM034,EMP0471,EMP0112,Code Review,2025-08-11,71,6.2
INT001377,TEAM034,EMP0471,EMP0112,Mentoring,2025-07-25,24,8.5
INT001378,TEAM034,EMP0471,EMP0112,Code Review,2025-06-29,79,7.4
INT001379,TEAM034,EMP0471,EMP0112,Code Review,2025-09-27,16,7.4
INT001380,TEAM034,EMP0471,EMP0484,Code Review,2025-09-04,75,7.1
INT001381,TEAM034,EMP0471,EMP0484,Code Review,2025-10-09,59,8.8
INT001382,TEAM034,EMP0471,EMP0484,Brainstorming,2025-05-20,20,9.1
INT001383,TEAM034,EMP0471,EMP0379,Brainstorming,2025-10-25,0,8.0
INT001384,TEAM034,EMP0471,EMP0379,Discussion,2025-06-20,47,6.1
INT001385,TEAM034,EMP0471,EMP0379,Collaboration,2025-05-26,5,7.6
INT001386,TEAM034,EMP0471,EMP0379,Pair Programming,2025-10-20,43,7.5
INT001387,TEAM034,EMP0471,EMP0379,Meeting,2025-05-20,36,6.6
INT001388,TEAM034,EMP0471,EMP0258,Mentoring,2025-09-18,104,8.9
INT001389,TEAM034,EMP0471,EMP0258,Discussion,2025-06-12,13,4.8
INT001390,TEAM034,EMP0471,EMP0258,Pair Programming,2025-08-15,10,8.6
INT001391,TEAM034,EMP0471,EMP0258,Mentoring,2025-10-06,74,7.0
INT001392,TEAM034,EMP0471,EMP0258,Code Review,2025-05-24,17,6.5
INT001393,TEAM034,EMP0471,EMP0258,Pair Programming,2025-10-13,9,4.3
INT001394,TEAM034,EMP0471,EMP0258,Meeting,2025-06-02,63,7.9
INT001395,TEAM034,EMP0471,EMP0258,Pair Programming,2025-09-19,5,6.7
INT001396,TEAM034,EMP0471,EMP0258,Discussion,2025-07-06,9,8.0
INT001397,TEAM034,EMP0471,EMP0258,Collaboration,2025-08-15,5,9.1
INT001398,TEAM034,EMP0471,EMP0258,Pair Programming,2025-05-23,3,7.1
INT001399,TEAM034,EMP0471,EMP0312,Pair Programming,2025-06-15,22,6.8
INT001400,TEAM034,EMP0471,EMP0312,Discussion,2025-08-19,11,6.5
INT001401,TEAM034,EMP0471,EMP0312,Meeting,2025-09-25,56,9.5
INT001402,TEAM034,EMP0471,EMP0312,Code Review,2025-08-19,23,6.6
INT001403,TEAM034,EMP0462,EMP0258,Code Review,2025-08-07,34,5.4
INT001404,TEAM034,EMP0462,EMP0258,Mentoring,2025-05-18,37,5.1
INT001405,TEAM034,EMP0462,EMP0258,Discussion,2025-08-15,6,6.5
INT001406,TEAM034,EMP0462,EMP0258,Discussion,2025-07-12,8,8.9
INT001407,TEAM034,EMP0462,EMP0258,Brainstorming,2025-08-08,3,7.0
INT001408,TEAM034,EMP0462,EMP0070,Meeting,2025-06-19,37,6.0
INT001409,TEAM034,EMP0462,EMP0070,Mentoring,2025-09-24,35,6.0
INT001410,TEAM034,EMP0462,EMP0070,Meeting,2025-06-05,20,8.3
INT001411,TEAM034,EMP0462,EMP0070,Brainstorming,2025-08-28,7,6.9
INT001412,TEAM034,EMP0462,EMP0070,Collaboration,2025-10-03,8,8.3
INT001413,TEAM034,EMP0462,EMP0070,Pair Programming,2025-09-18,24,5.6
INT001414,TEAM034,EMP0462,EMP0070,Meeting,2025-05-31,41,8.9
INT001415,TEAM034,EMP0112,EMP0312,Code Review,2025-06-09,85,7.8
INT001416,TEAM034,EMP0112,EMP0312,Collaboration,2025-10-29,35,6.4
INT001417,TEAM034,EMP0112,EMP0312,Collaboration,2025-09-02,17,5.1
INT001418,TEAM034,EMP0112,EMP0312,Discussion,2025-06-22,16,7.6
INT001419,TEAM034,EMP0484,EMP0258,Code Review,2025-07-30,47,4.0
INT001420,TEAM034,EMP0484,EMP0258,Mentoring,2025-06-10,27,7.4
INT001421,TEAM034,EMP0484,EMP0258,Code Review,2025-08-25,20,7.9
INT001422,TEAM034,EMP0484,EMP0258,Collaboration,2025-07-12,11,4.8
INT001423,TEAM034,EMP0484,EMP0258,Meeting,2025-06-30,57,6.9
INT001424,TEAM034,EMP0484,EMP0258,Pair Programming,2025-07-29,15,6.1
INT001425,TEAM034,EMP0484,EMP0258,Meeting,2025-07-02,58,6.6
INT001426,TEAM034,EMP0484,EMP0258,Code Review,2025-05-22,23,6.0
INT001427,TEAM034,EMP0379,EMP0070,Code Review,2025-06-29,10,5.1
INT001428,TEAM034,EMP0379,EMP0070,Code Review,2025-07-16,94,8.6
INT001429,TEAM034,EMP0379,EMP0070,Collaboration,2025-09-23,11,6.8
INT001430,TEAM034,EMP0379,EMP0070,Mentoring,2025-06-16,16,6.4
INT001431,TEAM034,EMP0379,EMP0070,Mentoring,2025-10-01,66,7.6
INT001432,TEAM034,EMP0379,EMP0070,Pair Programming,2025-07-07,5,9.1
INT001433,TEAM034,EMP0379,EMP0312,Code Review,2025-07-06,15,6.6
INT001434,TEAM034,EMP0379,EMP0312,Pair Programming,2025-10-22,11,6.6
INT001435,TEAM034,EMP0379,EMP0312,Code Review,2025-08-05,17,5.7
INT001436,TEAM034,EMP0379,EMP0312,Mentoring,2025-10-28,59,8.8
INT001437,TEAM034,EMP0379,EMP0312,Collaboration,2025-09-16,7,7.9
INT001438,TEAM034,EMP0379,EMP0312,Discussion,2025-08-07,15,7.8
INT001439,TEAM034,EMP0258,EMP0070,Meeting,2025-07-14,80,7.4
INT001440,TEAM034,EMP0258,EMP0070,Mentoring,2025-10-28,61,4.9
INT001441,TEAM034,EMP0258,EMP0070,Meeting,2025-08-17,54,4.9
INT001442,TEAM034,EMP0258,EMP0070,Collaboration,2025-05-11,23,8.3
INT001443,TEAM034,EMP0258,EMP0070,Brainstorming,2025-05-29,9,7.6
INT001444,TEAM034,EMP0258,EMP0312,Collaboration,2025-09-01,11,4.5
INT001445,TEAM034,EMP0258,EMP0312,Collaboration,2025-06-21,21,5.0
INT001446,TEAM034,EMP0258,EMP0312,Discussion,2025-09-24,23,6.2
INT001447,TEAM034,EMP0258,EMP0312,Discussion,2025-05-24,68,8.5
INT001448,TEAM034,EMP0258,EMP0312,Collaboration,2025-08-06,14,4.3
INT001449,TEAM034,EMP0258,EMP0312,Brainstorming,2025-05-24,41,6.4
INT001450,TEAM034,EMP0070,EMP0312,Discussion,2025-09-04,33,5.7
INT001451,TEAM034,EMP0070,EMP0312,Collaboration,2025-09-11,25,5.1
INT001452,TEAM034,EMP0070,EMP0312,Pair Programming,2025-07-27,8,4.9
INT001453,TEAM034,EMP0070,EMP0312,Discussion,2025-08-11,38,7.3
INT001454,TEAM034,EMP0070,EMP0312,Collaboration,2025-07-07,32,8.0
INT001455,TEAM035,EMP0353,EMP0229,Discussion,2025-10-03,7,7.6
INT001456,TEAM035,EMP0353,EMP0229,Code Review,2025-09-26,31,5.5
INT001457,TEAM035,EMP0353,EMP0229,Collaboration,2025-10-19,10,8.9
INT001458,TEAM035,EMP0353,EMP0229,Pair Programming,2025-05-27,17,7.5
INT001459,TEAM035,EMP0353,EMP0313,Code Review,2025-09-21,35,6.5
INT001460,TEAM035,EMP0353,EMP0313,Collaboration,2025-08-07,16,5.3
INT001461,TEAM035,EMP0353,EMP0313,Mentoring,2025-10-08,28,8.0
INT001462,TEAM035,EMP0353,EMP0313,Discussion,2025-09-10,39,7.3
INT001463,TEAM035,EMP0353,EMP0313,Mentoring,2025-08-15,38,7.6
INT001464,TEAM035,EMP0353,EMP0313,Discussion,2025-10-09,6,8.8
INT001465,TEAM035,EMP0353,EMP0355,Code Review,2025-06-09,22,7.5
INT001466,TEAM035,EMP0353,EMP0355,Brainstorming,2025-05-26,1,7.0
INT001467,TEAM035,EMP0353,EMP0355,Meeting,2025-07-25,24,7.0
INT001468,TEAM035,EMP0353,EMP0355,Meeting,2025-09-06,51,8.1
INT001469,TEAM035,EMP0353,EMP0355,Collaboration,2025-10-06,29,7.3
INT001470,TEAM035,EMP0353,EMP0355,Code Review,2025-06-09,96,9.6
INT001471,TEAM035,EMP0353,EMP0355,Mentoring,2025-10-04,66,8.0
INT001472,TEAM035,EMP0353,EMP0355,Meeting,2025-06-29,34,8.2
INT001473,TEAM035,EMP0229,EMP0313,Pair Programming,2025-09-26,27,5.7
INT001474,TEAM035,EMP0229,EMP0313,Collaboration,2025-09-22,16,8.3
INT001475,TEAM035,EMP0229,EMP0355,Mentoring,2025-06-16,58,6.5
INT001476,TEAM035,EMP0229,EMP0355,Mentoring,2025-11-03,12,8.6
INT001477,TEAM035,EMP0229,EMP0355,Brainstorming,2025-05-22,8,6.8
INT001478,TEAM035,EMP0229,EMP0355,Meeting,2025-08-27,38,8.4
INT001479,TEAM035,EMP0229,EMP0355,Discussion,2025-09-13,8,7.1
INT001480,TEAM035,EMP0229,EMP0355,Discussion,2025-06-05,18,9.1
INT001481,TEAM035,EMP0313,EMP0133,Collaboration,2025-07-25,2,5.0
INT001482,TEAM035,EMP0313,EMP0133,Brainstorming,2025-10-02,13,5.8
INT001483,TEAM035,EMP0313,EMP0133,Brainstorming,2025-06-11,24,7.7
INT001484,TEAM035,EMP0313,EMP0133,Collaboration,2025-09-22,5,3.9
INT001485,TEAM035,EMP0313,EMP0133,Collaboration,2025-05-23,8,8.7
INT001486,TEAM035,EMP0313,EMP0355,Pair Programming,2025-05-16,17,8.5
INT001487,TEAM035,EMP0313,EMP0355,Collaboration,2025-07-14,14,6.8
INT001488,TEAM035,EMP0313,EMP0142,Discussion,2025-09-10,29,5.3
INT001489,TEAM035,EMP0313,EMP0142,Code Review,2025-08-01,25,8.9
INT001490,TEAM035,EMP0313,EMP0142,Meeting,2025-10-11,36,7.9
INT001491,TEAM035,EMP0313,EMP0142,Collaboration,2025-09-17,28,8.0
INT001492,TEAM035,EMP0313,EMP0142,Mentoring,2025-07-01,21,7.6
INT001493,TEAM035,EMP0133,EMP0355,Collaboration,2025-09-30,20,8.6
INT001494,TEAM035,EMP0133,EMP0355,Code Review,2025-10-14,41,8.2
INT001495,TEAM035,EMP0133,EMP0355,Collaboration,2025-07-09,6,7.2
INT001496,TEAM035,EMP0133,EMP0355,Meeting,2025-06-07,37,7.1
INT001497,TEAM035,EMP0355,EMP0142,Meeting,2025-10-08,65,5.2
INT001498,TEAM035,EMP0355,EMP0142,Mentoring,2025-07-07,56,7.4
INT001499,TEAM035,EMP0355,EMP0142,Collaboration,2025-10-05,24,5.8
INT001500,TEAM036,EMP0096,EMP0124,Brainstorming,2025-11-07,16,7.7
INT001501,TEAM036,EMP0096,EMP0124,Mentoring,2025-05-18,20,5.2
INT001502,TEAM036,EMP0096,EMP0124,Collaboration,2025-07-20,32,6.1
INT001503,TEAM036,EMP0096,EMP0124,Pair Programming,2025-07-23,16,7.5
INT001504,TEAM037,EMP0014,EMP0065,Brainstorming,2025-07-07,22,5.6
INT001505,TEAM037,EMP0014,EMP0065,Pair Programming,2025-08-02,3,6.2
INT001506,TEAM037,EMP0014,EMP0065,Brainstorming,2025-06-10,12,8.2
INT001507,TEAM037,EMP0014,EMP0065,Collaboration,2025-05-13,28,5.5
INT001508,TEAM037,EMP0014,EMP0065,Discussion,2025-10-13,12,6.5
INT001509,TEAM037,EMP0014,EMP0036,Brainstorming,2025-07-08,20,7.9
INT001510,TEAM037,EMP0014,EMP0036,Brainstorming,2025-09-09,22,7.1
INT001511,TEAM037,EMP0014,EMP0036,Pair Programming,2025-10-17,17,9.1
INT001512,TEAM037,EMP0014,EMP0036,Collaboration,2025-06-07,8,6.2
INT001513,TEAM037,EMP0014,EMP0036,Pair Programming,2025-07-26,36,7.7
INT001514,TEAM037,EMP0014,EMP0036,Meeting,2025-09-20,86,4.7
INT001515,TEAM037,EMP0014,EMP0036,Collaboration,2025-11-06,14,8.1
INT001516,TEAM037,EMP0014,EMP0036,Meeting,2025-06-27,50,6.6
INT001517,TEAM037,EMP0014,EMP0036,Meeting,2025-06-27,46,6.0
INT001518,TEAM037,EMP0014,EMP0455,Mentoring,2025-09-16,82,3.7
INT001519,TEAM037,EMP0014,EMP0455,Discussion,2025-08-19,7,9.6
INT001520,TEAM037,EMP0014,EMP0455,Meeting,2025-08-07,37,7.6
INT001521,TEAM037,EMP0014,EMP0455,Discussion,2025-09-29,4,6.3
INT001522,TEAM037,EMP0014,EMP0455,Collaboration,2025-05-25,54,6.9
INT001523,TEAM037,EMP0014,EMP0455,Pair Programming,2025-09-04,3,6.9
INT001524,TEAM037,EMP0014,EMP0455,Discussion,2025-06-23,26,5.7
INT001525,TEAM037,EMP0014,EMP0052,Pair Programming,2025-06-04,12,7.0
INT001526,TEAM037,EMP0014,EMP0052,Discussion,2025-05-17,7,6.8
INT001527,TEAM037,EMP0014,EMP0052,Discussion,2025-09-16,3,8.2
INT001528,TEAM037,EMP0014,EMP0052,Brainstorming,2025-06-19,18,6.4
INT001529,TEAM037,EMP0014,EMP0052,Discussion,2025-06-18,11,8.6
INT001530,TEAM037,EMP0014,EMP0052,Pair Programming,2025-09-23,18,7.8
INT001531,TEAM037,EMP0014,EMP0233,Pair Programming,2025-07-07,11,7.9
INT001532,TEAM037,EMP0014,EMP0233,Collaboration,2025-08-21,2,5.2
INT001533,TEAM037,EMP0014,EMP0233,Brainstorming,2025-08-11,5,4.7
INT001534,TEAM037,EMP0014,EMP0233,Discussion,2025-05-11,16,6.4
INT001535,TEAM037,EMP0014,EMP0233,Brainstorming,2025-10-03,12,7.9
INT001536,TEAM037,EMP0014,EMP0136,Discussion,2025-09-10,6,9.0
INT001537,TEAM037,EMP0014,EMP0136,Code Review,2025-05-12,27,4.1
INT001538,TEAM037,EMP0014,EMP0136,Code Review,2025-10-13,29,6.2
INT001539,TEAM037,EMP0014,EMP0136,Discussion,2025-06-30,1,6.4
INT001540,TEAM037,EMP0014,EMP0136,Brainstorming,2025-08-13,26,4.4
INT001541,TEAM037,EMP0014,EMP0129,Mentoring,2025-05-13,28,6.8
INT001542,TEAM037,EMP0014,EMP0129,Meeting,2025-05-11,49,8.9
INT001543,TEAM037,EMP0014,EMP0129,Discussion,2025-09-27,19,6.8
INT001544,TEAM037,EMP0014,EMP0129,Meeting,2025-05-29,49,6.7
INT001545,TEAM037,EMP0014,EMP0129,Brainstorming,2025-10-15,12,5.9
INT001546,TEAM037,EMP0014,EMP0098,Discussion,2025-06-07,19,7.0
INT001547,TEAM037,EMP0014,EMP0098,Meeting,2025-10-16,34,4.9
INT001548,TEAM037,EMP0014,EMP0098,Code Review,2025-09-01,82,7.0
INT001549,TEAM037,EMP0014,EMP0098,Meeting,2025-08-05,24,3.8
INT001550,TEAM037,EMP0014,EMP0098,Meeting,2025-06-05,28,6.6
INT001551,TEAM037,EMP0065,EMP0455,Collaboration,2025-05-24,2,9.1
INT001552,TEAM037,EMP0065,EMP0455,Mentoring,2025-08-26,72,7.1
INT001553,TEAM037,EMP0065,EMP0455,Meeting,2025-06-08,45,8.2
INT001554,TEAM037,EMP0065,EMP0455,Mentoring,2025-09-24,30,7.7
INT001555,TEAM037,EMP0065,EMP0455,Discussion,2025-07-04,10,4.0
INT001556,TEAM037,EMP0065,EMP0455,Code Review,2025-11-05,102,8.0
INT001557,TEAM037,EMP0065,EMP0108,Meeting,2025-09-19,35,6.3
INT001558,TEAM037,EMP0065,EMP0108,Collaboration,2025-06-07,2,8.4
INT001559,TEAM037,EMP0065,EMP0136,Collaboration,2025-09-09,16,8.3
INT001560,TEAM037,EMP0065,EMP0129,Pair Programming,2025-10-29,35,6.2
INT001561,TEAM037,EMP0065,EMP0129,Mentoring,2025-09-07,18,6.6
INT001562,TEAM037,EMP0065,EMP0129,Code Review,2025-11-07,16,7.6
INT001563,TEAM037,EMP0065,EMP0129,Pair Programming,2025-10-16,23,7.3
INT001564,TEAM037,EMP0065,EMP0129,Pair Programming,2025-07-28,3,8.4
INT001565,TEAM037,EMP0065,EMP0129,Discussion,2025-05-20,1,6.5
INT001566,TEAM037,EMP0065,EMP0098,Collaboration,2025-09-17,45,7.6
INT001567,TEAM037,EMP0065,EMP0098,Mentoring,2025-11-04,24,6.7
INT001568,TEAM037,EMP0065,EMP0098,Meeting,2025-05-11,31,7.5
INT001569,TEAM037,EMP0065,EMP0098,Collaboration,2025-10-15,10,7.6
INT001570,TEAM037,EMP0065,EMP0098,Mentoring,2025-08-27,45,6.4
INT001571,TEAM037,EMP0065,EMP0098,Collaboration,2025-06-17,0,9.8
INT001572,TEAM037,EMP0065,EMP0215,Code Review,2025-08-29,55,6.4
INT001573,TEAM037,EMP0065,EMP0215,Code Review,2025-06-05,41,7.6
INT001574,TEAM037,EMP0065,EMP0215,Discussion,2025-07-14,15,7.7
INT001575,TEAM037,EMP0036,EMP0455,Code Review,2025-09-02,25,8.1
INT001576,TEAM037,EMP0036,EMP0455,Collaboration,2025-07-26,19,7.6
INT001577,TEAM037,EMP0036,EMP0052,Collaboration,2025-10-20,2,6.8
INT001578,TEAM037,EMP0036,EMP0052,Pair Programming,2025-08-24,37,8.9
INT001579,TEAM037,EMP0036,EMP0052,Brainstorming,2025-10-09,2,6.7
INT001580,TEAM037,EMP0036,EMP0052,Pair Programming,2025-06-29,22,7.4
INT001581,TEAM037,EMP0036,EMP0136,Discussion,2025-05-14,10,6.7
INT001582,TEAM037,EMP0036,EMP0136,Collaboration,2025-08-03,12,7.6
INT001583,TEAM037,EMP0036,EMP0136,Brainstorming,2025-07-07,19,9.2
INT001584,TEAM037,EMP0036,EMP0136,Brainstorming,2025-09-06,10,5.0
INT001585,TEAM037,EMP0036,EMP0136,Brainstorming,2025-08-13,7,8.1
INT001586,TEAM037,EMP0036,EMP0136,Mentoring,2025-07-13,53,6.2
INT001587,TEAM037,EMP0036,EMP0129,Brainstorming,2025-06-10,31,5.6
INT001588,TEAM037,EMP0036,EMP0129,Discussion,2025-10-31,11,7.7
INT001589,TEAM037,EMP0036,EMP0129,Pair Programming,2025-10-09,12,8.0
INT001590,TEAM037,EMP0036,EMP0129,Discussion,2025-10-21,17,8.9
INT001591,TEAM037,EMP0036,EMP0129,Brainstorming,2025-05-29,14,7.7
INT001592,TEAM037,EMP0036,EMP0129,Mentoring,2025-09-12,64,5.5
INT001593,TEAM037,EMP0036,EMP0129,Code Review,2025-05-12,62,5.3
INT001594,TEAM037,EMP0036,EMP0129,Discussion,2025-08-19,28,8.3
INT001595,TEAM037,EMP0036,EMP0129,Collaboration,2025-08-09,18,6.9
INT001596,TEAM037,EMP0036,EMP0129,Meeting,2025-06-23,45,6.4
INT001597,TEAM037,EMP0036,EMP0129,Brainstorming,2025-05-12,37,6.7
INT001598,TEAM037,EMP0036,EMP0098,Meeting,2025-08-26,38,8.8
INT001599,TEAM037,EMP0036,EMP0098,Mentoring,2025-07-28,47,6.4
INT001600,TEAM037,EMP0036,EMP0098,Meeting,2025-08-12,22,8.3
INT001601,TEAM037,EMP0036,EMP0098,Code Review,2025-06-19,28,4.4
INT001602,TEAM037,EMP0036,EMP0098,Pair Programming,2025-07-09,33,6.6
INT001603,TEAM037,EMP0036,EMP0098,Code Review,2025-08-09,82,9.0
INT001604,TEAM037,EMP0455,EMP0052,Code Review,2025-05-17,41,7.1
INT001605,TEAM037,EMP0455,EMP0052,Mentoring,2025-07-03,99,7.4
INT001606,TEAM037,EMP0455,EMP0052,Code Review,2025-09-17,13,5.4
INT001607,TEAM037,EMP0455,EMP0052,Brainstorming,2025-09-07,32,6.5
INT001608,TEAM037,EMP0455,EMP0052,Code Review,2025-09-01,29,8.3
INT001609,TEAM037,EMP0455,EMP0052,Code Review,2025-09-10,17,6.4
INT001610,TEAM037,EMP0455,EMP0052,Brainstorming,2025-09-05,20,8.8
INT001611,TEAM037,EMP0455,EMP0108,Meeting,2025-10-11,28,8.5
INT001612,TEAM037,EMP0455,EMP0108,Mentoring,2025-10-18,64,6.7
INT001613,TEAM037,EMP0455,EMP0108,Discussion,2025-05-22,9,7.1
INT001614,TEAM037,EMP0455,EMP0108,Meeting,2025-06-03,29,6.9
INT001615,TEAM037,EMP0455,EMP0129,Brainstorming,2025-10-28,12,7.3
INT001616,TEAM037,EMP0455,EMP0129,Pair Programming,2025-07-07,30,6.5
INT001617,TEAM037,EMP0455,EMP0215,Brainstorming,2025-06-13,11,5.2
INT001618,TEAM037,EMP0052,EMP0233,Brainstorming,2025-09-22,8,7.5
INT001619,TEAM037,EMP0052,EMP0233,Pair Programming,2025-06-30,20,8.4
INT001620,TEAM037,EMP0052,EMP0233,Code Review,2025-07-29,27,8.8
INT001621,TEAM037,EMP0052,EMP0233,Code Review,2025-06-13,10,7.9
INT001622,TEAM037,EMP0052,EMP0233,Collaboration,2025-10-25,14,7.3
INT001623,TEAM037,EMP0052,EMP0233,Discussion,2025-07-22,25,5.1
INT001624,TEAM037,EMP0052,EMP0233,Meeting,2025-06-22,9,7.0
INT001625,TEAM037,EMP0052,EMP0233,Pair Programming,2025-07-02,0,7.3
INT001626,TEAM037,EMP0052,EMP0233,Brainstorming,2025-07-30,7,8.6
INT001627,TEAM037,EMP0052,EMP0233,Brainstorming,2025-05-16,22,5.8
INT001628,TEAM037,EMP0052,EMP0108,Mentoring,2025-10-08,31,7.3
INT001629,TEAM037,EMP0052,EMP0108,Discussion,2025-06-28,14,7.0
INT001630,TEAM037,EMP0052,EMP0108,Mentoring,2025-08-19,60,7.1
INT001631,TEAM037,EMP0052,EMP0108,Meeting,2025-11-05,16,7.9
INT001632,TEAM037,EMP0052,EMP0108,Code Review,2025-05-19,13,8.4
INT001633,TEAM037,EMP0052,EMP0136,Pair Programming,2025-10-13,29,4.8
INT001634,TEAM037,EMP0052,EMP0136,Collaboration,2025-08-07,5,8.4
INT001635,TEAM037,EMP0052,EMP0098,Code Review,2025-09-01,15,8.1
INT001636,TEAM037,EMP0052,EMP0098,Discussion,2025-08-31,3,7.6
INT001637,TEAM037,EMP0052,EMP0098,Pair Programming,2025-06-04,10,7.6
INT001638,TEAM037,EMP0052,EMP0098,Code Review,2025-08-06,34,7.5
INT001639,TEAM037,EMP0052,EMP0098,Discussion,2025-07-03,7,6.2
INT001640,TEAM037,EMP0052,EMP0215,Brainstorming,2025-05-12,5,5.9
INT001641,TEAM037,EMP0052,EMP0215,Pair Programming,2025-08-04,12,9.3
INT001642,TEAM037,EMP0052,EMP0215,Pair Programming,2025-07-28,1,4.7
INT001643,TEAM037,EMP0052,EMP0215,Code Review,2025-07-15,51,6.8
INT001644,TEAM037,EMP0233,EMP0108,Mentoring,2025-06-13,58,8.5
INT001645,TEAM037,EMP0233,EMP0108,Brainstorming,2025-09-10,12,7.8
INT001646,TEAM037,EMP0233,EMP0136,Brainstorming,2025-08-30,8,5.8
INT001647,TEAM037,EMP0233,EMP0136,Collaboration,2025-09-08,22,7.5
INT001648,TEAM037,EMP0233,EMP0136,Brainstorming,2025-07-20,28,6.5
INT001649,TEAM037,EMP0233,EMP0136,Code Review,2025-08-02,41,7.4
INT001650,TEAM037,EMP0233,EMP0136,Brainstorming,2025-10-01,0,9.8
INT001651,TEAM037,EMP0233,EMP0136,Discussion,2025-09-30,8,2.9
INT001652,TEAM037,EMP0233,EMP0098,Code Review,2025-07-03,54,8.1
INT001653,TEAM037,EMP0233,EMP0098,Collaboration,2025-05-30,10,6.6
INT001654,TEAM037,EMP0233,EMP0098,Mentoring,2025-06-24,51,6.6
INT001655,TEAM037,EMP0233,EMP0098,Brainstorming,2025-08-19,25,6.3
INT001656,TEAM037,EMP0233,EMP0215,Collaboration,2025-09-04,30,8.9
INT001657,TEAM037,EMP0108,EMP0129,Mentoring,2025-10-13,33,7.8
INT001658,TEAM037,EMP0108,EMP0129,Meeting,2025-09-27,37,7.9
INT001659,TEAM037,EMP0108,EMP0129,Brainstorming,2025-09-13,25,6.6
INT001660,TEAM037,EMP0108,EMP0129,Discussion,2025-09-03,21,8.8
INT001661,TEAM037,EMP0108,EMP0129,Meeting,2025-05-30,14,5.4
INT001662,TEAM037,EMP0108,EMP0129,Mentoring,2025-07-15,36,5.5
INT001663,TEAM037,EMP0108,EMP0098,Pair Programming,2025-08-07,7,6.9
INT001664,TEAM037,EMP0108,EMP0098,Collaboration,2025-06-17,51,8.3
INT001665,TEAM037,EMP0108,EMP0098,Pair Programming,2025-09-03,6,5.0
INT001666,TEAM037,EMP0108,EMP0098,Discussion,2025-11-02,21,5.2
INT001667,TEAM037,EMP0108,EMP0098,Pair Programming,2025-10-07,11,5.8
INT001668,TEAM037,EMP0136,EMP0098,Mentoring,2025-06-13,10,7.7
INT001669,TEAM037,EMP0136,EMP0098,Collaboration,2025-05-25,27,7.0
INT001670,TEAM037,EMP0136,EMP0098,Brainstorming,2025-09-24,27,6.5
INT001671,TEAM037,EMP0136,EMP0098,Pair Programming,2025-08-27,13,6.6
INT001672,TEAM037,EMP0136,EMP0098,Mentoring,2025-08-16,50,7.6
INT001673,TEAM037,EMP0136,EMP0098,Discussion,2025-06-30,9,8.2
INT001674,TEAM037,EMP0136,EMP0098,Meeting,2025-07-16,46,9.1
INT001675,TEAM037,EMP0136,EMP0215,Discussion,2025-08-26,20,7.7
INT001676,TEAM037,EMP0136,EMP0215,Code Review,2025-05-30,48,6.2
INT001677,TEAM037,EMP0136,EMP0215,Mentoring,2025-09-26,54,7.7
INT001678,TEAM037,EMP0136,EMP0215,Discussion,2025-08-13,12,7.6
INT001679,TEAM037,EMP0129,EMP0215,Meeting,2025-10-20,22,7.5
INT001680,TEAM037,EMP0129,EMP0215,Pair Programming,2025-09-27,5,8.4
INT001681,TEAM037,EMP0098,EMP0215,Mentoring,2025-08-18,43,8.9
INT001682,TEAM037,EMP0098,EMP0215,Mentoring,2025-08-25,45,6.3
INT001683,TEAM037,EMP0098,EMP0215,Collaboration,2025-08-31,19,6.3
INT001684,TEAM038,EMP0239,EMP0400,Brainstorming,2025-07-17,6,7.2
INT001685,TEAM038,EMP0239,EMP0400,Mentoring,2025-08-07,63,8.6
INT001686,TEAM038,EMP0239,EMP0400,Collaboration,2025-06-10,12,5.0
INT001687,TEAM038,EMP0239,EMP0400,Discussion,2025-07-15,16,4.0
INT001688,TEAM038,EMP0239,EMP0400,Code Review,2025-09-26,18,8.7
INT001689,TEAM039,EMP0332,EMP0420,Mentoring,2025-09-08,22,4.2
INT001690,TEAM039,EMP0332,EMP0420,Mentoring,2025-09-04,68,5.2
INT001691,TEAM039,EMP0332,EMP0420,Mentoring,2025-05-12,62,6.2
INT001692,TEAM039,EMP0332,EMP0095,Discussion,2025-09-26,17,6.8
INT001693,TEAM039,EMP0332,EMP0095,Meeting,2025-10-12,38,7.5
INT001694,TEAM039,EMP0420,EMP0095,Collaboration,2025-07-09,25,6.6
INT001695,TEAM039,EMP0420,EMP0095,Meeting,2025-10-25,19,8.7
INT001696,TEAM039,EMP0420,EMP0095,Collaboration,2025-07-29,16,7.5
INT001697,TEAM039,EMP0420,EMP0095,Meeting,2025-10-17,42,5.1
INT001698,TEAM040,EMP0050,EMP0376,Meeting,2025-09-29,64,6.0
INT001699,TEAM040,EMP0050,EMP0376,Discussion,2025-05-24,11,7.6
INT001700,TEAM040,EMP0050,EMP0212,Mentoring,2025-09-05,24,8.1
INT001701,TEAM040,EMP0050,EMP0212,Discussion,2025-08-27,3,5.4
INT001702,TEAM040,EMP0050,EMP0212,Code Review,2025-05-31,91,8.7
INT001703,TEAM040,EMP0050,EMP0212,Collaboration,2025-10-05,10,7.7
INT001704,TEAM040,EMP0050,EMP0212,Meeting,2025-09-25,15,6.7
INT001705,TEAM040,EMP0050,EMP0212,Mentoring,2025-10-30,42,5.9
INT001706,TEAM040,EMP0050,EMP0256,Brainstorming,2025-08-16,15,4.4
INT001707,TEAM040,EMP0050,EMP0256,Discussion,2025-07-09,26,7.8
INT001708,TEAM040,EMP0050,EMP0256,Pair Programming,2025-06-22,10,7.7
INT001709,TEAM040,EMP0050,EMP0256,Discussion,2025-06-20,20,6.7
INT001710,TEAM040,EMP0050,EMP0447,Collaboration,2025-05-13,5,7.7
INT001711,TEAM040,EMP0050,EMP0137,Discussion,2025-06-08,14,6.7
INT001712,TEAM040,EMP0050,EMP0137,Mentoring,2025-05-30,98,6.0
INT001713,TEAM040,EMP0050,EMP0137,Collaboration,2025-05-29,33,8.3
INT001714,TEAM040,EMP0050,EMP0137,Collaboration,2025-07-19,46,6.4
INT001715,TEAM040,EMP0050,EMP0137,Mentoring,2025-05-28,43,8.6
INT001716,TEAM040,EMP0050,EMP0137,Pair Programming,2025-06-24,28,3.9
INT001717,TEAM040,EMP0050,EMP0115,Brainstorming,2025-09-10,6,9.0
INT001718,TEAM040,EMP0050,EMP0278,Pair Programming,2025-08-21,7,8.2
INT001719,TEAM040,EMP0050,EMP0192,Pair Programming,2025-09-29,28,7.7
INT001720,TEAM040,EMP0050,EMP0192,Meeting,2025-11-05,21,8.3
INT001721,TEAM040,EMP0050,EMP0192,Brainstorming,2025-06-27,11,5.2
INT001722,TEAM040,EMP0050,EMP0192,Pair Programming,2025-10-04,12,7.0
INT001723,TEAM040,EMP0050,EMP0192,Discussion,2025-08-26,19,5.1
INT001724,TEAM040,EMP0050,EMP0192,Meeting,2025-06-24,79,7.9
INT001725,TEAM040,EMP0050,EMP0192,Discussion,2025-05-15,11,6.2
INT001726,TEAM040,EMP0050,EMP0192,Pair Programming,2025-07-08,12,4.3
INT001727,TEAM040,EMP0050,EMP0192,Brainstorming,2025-11-05,19,8.6
INT001728,TEAM040,EMP0050,EMP0192,Brainstorming,2025-07-20,9,8.5
INT001729,TEAM040,EMP0050,EMP0192,Collaboration,2025-08-25,18,8.0
INT001730,TEAM040,EMP0050,EMP0274,Collaboration,2025-11-06,12,7.5
INT001731,TEAM040,EMP0050,EMP0274,Code Review,2025-08-04,24,7.2
INT001732,TEAM040,EMP0050,EMP0274,Collaboration,2025-07-25,6,4.4
INT001733,TEAM040,EMP0050,EMP0274,Discussion,2025-07-19,5,6.8
INT001734,TEAM040,EMP0050,EMP0274,Code Review,2025-09-05,39,6.8
INT001735,TEAM040,EMP0376,EMP0447,Discussion,2025-10-18,36,7.8
INT001736,TEAM040,EMP0376,EMP0447,Code Review,2025-05-31,68,7.4
INT001737,TEAM040,EMP0376,EMP0447,Brainstorming,2025-06-28,5,8.7
INT001738,TEAM040,EMP0376,EMP0447,Brainstorming,2025-06-04,24,6.8
INT001739,TEAM040,EMP0376,EMP0447,Mentoring,2025-05-14,50,7.9
INT001740,TEAM040,EMP0376,EMP0447,Pair Programming,2025-08-30,16,6.6
INT001741,TEAM040,EMP0376,EMP0060,Discussion,2025-08-31,12,6.8
INT001742,TEAM040,EMP0376,EMP0060,Brainstorming,2025-09-20,12,6.5
INT001743,TEAM040,EMP0376,EMP0060,Code Review,2025-10-21,16,6.9
INT001744,TEAM040,EMP0376,EMP0060,Pair Programming,2025-10-04,14,9.3
INT001745,TEAM040,EMP0376,EMP0060,Mentoring,2025-10-10,42,7.8
INT001746,TEAM040,EMP0376,EMP0060,Collaboration,2025-07-14,9,7.6
INT001747,TEAM040,EMP0376,EMP0115,Collaboration,2025-05-12,7,8.3
INT001748,TEAM040,EMP0376,EMP0115,Code Review,2025-07-05,38,4.4
INT001749,TEAM040,EMP0376,EMP0115,Meeting,2025-08-17,51,6.1
INT001750,TEAM040,EMP0376,EMP0278,Meeting,2025-06-24,28,5.7
INT001751,TEAM040,EMP0376,EMP0278,Meeting,2025-09-21,32,9.7
INT001752,TEAM040,EMP0376,EMP0278,Pair Programming,2025-08-27,29,6.3
INT001753,TEAM040,EMP0376,EMP0278,Mentoring,2025-10-06,41,5.6
INT001754,TEAM040,EMP0376,EMP0192,Code Review,2025-11-05,72,5.3
INT001755,TEAM040,EMP0376,EMP0192,Code Review,2025-10-15,20,9.2
INT001756,TEAM040,EMP0376,EMP0192,Discussion,2025-11-04,34,7.3
INT001757,TEAM040,EMP0376,EMP0192,Pair Programming,2025-09-13,4,7.3
INT001758,TEAM040,EMP0376,EMP0192,Pair Programming,2025-07-23,6,4.6
INT001759,TEAM040,EMP0376,EMP0192,Pair Programming,2025-07-03,27,8.6
INT001760,TEAM040,EMP0376,EMP0274,Pair Programming,2025-10-30,6,5.9
INT001761,TEAM040,EMP0376,EMP0274,Brainstorming,2025-10-18,4,6.6
INT001762,TEAM040,EMP0376,EMP0274,Meeting,2025-10-01,12,7.1
INT001763,TEAM040,EMP0376,EMP0274,Brainstorming,2025-08-31,11,6.6
INT001764,TEAM040,EMP0376,EMP0274,Meeting,2025-07-30,23,7.7
INT001765,TEAM040,EMP0376,EMP0274,Discussion,2025-06-21,13,7.3
INT001766,TEAM040,EMP0376,EMP0281,Brainstorming,2025-09-04,26,4.8
INT001767,TEAM040,EMP0376,EMP0281,Brainstorming,2025-08-02,14,8.5
INT001768,TEAM040,EMP0376,EMP0281,Meeting,2025-11-04,19,9.0
INT001769,TEAM040,EMP0212,EMP0137,Code Review,2025-07-17,49,7.9
INT001770,TEAM040,EMP0212,EMP0137,Code Review,2025-10-30,57,9.6
INT001771,TEAM040,EMP0212,EMP0137,Mentoring,2025-07-13,30,5.1
INT001772,TEAM040,EMP0212,EMP0137,Collaboration,2025-10-14,11,6.9
INT001773,TEAM040,EMP0212,EMP0137,Code Review,2025-05-21,21,8.2
INT001774,TEAM040,EMP0212,EMP0137,Discussion,2025-07-09,19,9.2
INT001775,TEAM040,EMP0212,EMP0115,Code Review,2025-08-17,11,7.8
INT001776,TEAM040,EMP0212,EMP0115,Mentoring,2025-05-30,10,7.6
INT001777,TEAM040,EMP0212,EMP0115,Mentoring,2025-10-28,40,7.1
INT001778,TEAM040,EMP0212,EMP0115,Collaboration,2025-06-20,43,5.6
INT001779,TEAM040,EMP0212,EMP0278,Mentoring,2025-07-07,30,8.4
INT001780,TEAM040,EMP0212,EMP0278,Code Review,2025-08-23,24,7.4
INT001781,TEAM040,EMP0212,EMP0278,Meeting,2025-08-07,29,6.5
INT001782,TEAM040,EMP0212,EMP0278,Code Review,2025-05-21,86,5.0
INT001783,TEAM040,EMP0212,EMP0274,Pair Programming,2025-07-19,29,4.6
INT001784,TEAM040,EMP0212,EMP0274,Code Review,2025-11-04,42,4.3
INT001785,TEAM040,EMP0212,EMP0274,Collaboration,2025-08-29,2,8.6
INT001786,TEAM040,EMP0212,EMP0274,Discussion,2025-10-08,10,6.8
INT001787,TEAM040,EMP0212,EMP0274,Meeting,2025-09-06,55,5.4
INT001788,TEAM040,EMP0256,EMP0447,Discussion,2025-05-15,5,8.2
INT001789,TEAM040,EMP0256,EMP0447,Collaboration,2025-05-15,13,9.0
INT001790,TEAM040,EMP0256,EMP0137,Code Review,2025-10-16,15,7.6
INT001791,TEAM040,EMP0256,EMP0137,Discussion,2025-09-28,4,7.3
INT001792,TEAM040,EMP0256,EMP0137,Mentoring,2025-10-15,52,9.0
INT001793,TEAM040,EMP0256,EMP0137,Pair Programming,2025-06-02,21,9.2
INT001794,TEAM040,EMP0256,EMP0137,Meeting,2025-05-31,21,6.7
INT001795,TEAM040,EMP0256,EMP0137,Pair Programming,2025-10-23,5,6.3
INT001796,TEAM040,EMP0256,EMP0137,Code Review,2025-05-26,42,8.9
INT001797,TEAM040,EMP0256,EMP0278,Pair Programming,2025-09-09,7,6.0
INT001798,TEAM040,EMP0256,EMP0278,Brainstorming,2025-06-18,14,5.6
INT001799,TEAM040,EMP0256,EMP0278,Brainstorming,2025-05-26,55,8.2
INT001800,TEAM040,EMP0256,EMP0278,Brainstorming,2025-08-11,15,7.7
INT001801,TEAM040,EMP0256,EMP0278,Mentoring,2025-07-18,96,6.2
INT001802,TEAM040,EMP0256,EMP0278,Meeting,2025-09-19,31,7.9
INT001803,TEAM040,EMP0256,EMP0278,Discussion,2025-05-15,5,8.9
INT001804,TEAM040,EMP0256,EMP0192,Pair Programming,2025-10-04,13,3.3
INT001805,TEAM040,EMP0256,EMP0192,Discussion,2025-10-28,16,9.1
INT001806,TEAM040,EMP0256,EMP0192,Discussion,2025-05-11,5,8.8
INT001807,TEAM040,EMP0256,EMP0192,Pair Programming,2025-06-17,12,8.3
INT001808,TEAM040,EMP0256,EMP0192,Mentoring,2025-06-22,52,5.9
INT001809,TEAM040,EMP0256,EMP0192,Code Review,2025-07-05,33,7.5
INT001810,TEAM040,EMP0256,EMP0274,Pair Programming,2025-06-21,7,8.6
INT001811,TEAM040,EMP0256,EMP0274,Mentoring,2025-08-17,64,7.0
INT001812,TEAM040,EMP0256,EMP0274,Pair Programming,2025-07-11,10,8.8
INT001813,TEAM040,EMP0256,EMP0274,Brainstorming,2025-06-07,27,8.6
INT001814,TEAM040,EMP0256,EMP0274,Code Review,2025-06-19,51,7.1
INT001815,TEAM040,EMP0256,EMP0274,Collaboration,2025-10-21,3,7.8
INT001816,TEAM040,EMP0256,EMP0274,Discussion,2025-09-29,44,7.5
INT001817,TEAM040,EMP0256,EMP0281,Collaboration,2025-09-01,24,7.5
INT001818,TEAM040,EMP0256,EMP0281,Discussion,2025-08-06,16,7.8
INT001819,TEAM040,EMP0256,EMP0281,Brainstorming,2025-11-07,6,7.7
INT001820,TEAM040,EMP0447,EMP0060,Meeting,2025-09-21,101,8.3
INT001821,TEAM040,EMP0447,EMP0060,Brainstorming,2025-06-02,9,7.3
INT001822,TEAM040,EMP0447,EMP0060,Brainstorming,2025-08-06,48,6.2
INT001823,TEAM040,EMP0447,EMP0060,Code Review,2025-06-02,51,7.5
INT001824,TEAM040,EMP0447,EMP0115,Mentoring,2025-10-22,50,7.9
INT001825,TEAM040,EMP0447,EMP0115,Brainstorming,2025-06-23,16,6.7
INT001826,TEAM040,EMP0447,EMP0115,Code Review,2025-07-31,56,6.3
INT001827,TEAM040,EMP0447,EMP0115,Mentoring,2025-06-26,40,8.2
INT001828,TEAM040,EMP0447,EMP0115,Brainstorming,2025-07-03,4,5.5
INT001829,TEAM040,EMP0447,EMP0278,Pair Programming,2025-06-04,22,6.0
INT001830,TEAM040,EMP0447,EMP0278,Discussion,2025-08-17,23,4.8
INT001831,TEAM040,EMP0447,EMP0278,Pair Programming,2025-05-27,8,8.3
INT001832,TEAM040,EMP0447,EMP0278,Meeting,2025-10-10,97,7.3
INT001833,TEAM040,EMP0447,EMP0192,Meeting,2025-10-21,25,9.3
INT001834,TEAM040,EMP0447,EMP0192,Code Review,2025-10-05,27,6.7
INT001835,TEAM040,EMP0447,EMP0192,Code Review,2025-10-30,43,4.7
INT001836,TEAM040,EMP0447,EMP0192,Discussion,2025-10-11,11,6.8
INT001837,TEAM040,EMP0447,EMP0274,Collaboration,2025-10-30,5,9.1
INT001838,TEAM040,EMP0447,EMP0274,Brainstorming,2025-05-27,51,7.7
INT001839,TEAM040,EMP0447,EMP0274,Mentoring,2025-07-31,52,7.5
INT001840,TEAM040,EMP0447,EMP0274,Collaboration,2025-07-05,38,4.8
INT001841,TEAM040,EMP0447,EMP0274,Mentoring,2025-06-01,21,7.1
INT001842,TEAM040,EMP0447,EMP0274,Pair Programming,2025-06-09,4,4.5
INT001843,TEAM040,EMP0447,EMP0274,Pair Programming,2025-10-26,22,4.9
INT001844,TEAM040,EMP0447,EMP0274,Collaboration,2025-09-12,28,6.9
INT001845,TEAM040,EMP0137,EMP0060,Mentoring,2025-09-15,45,9.1
INT001846,TEAM040,EMP0137,EMP0060,Brainstorming,2025-07-05,11,6.1
INT001847,TEAM040,EMP0137,EMP0060,Discussion,2025-10-18,10,8.1
INT001848,TEAM040,EMP0137,EMP0060,Meeting,2025-05-28,9,6.7
INT001849,TEAM040,EMP0137,EMP0115,Brainstorming,2025-07-24,4,6.8
INT001850,TEAM040,EMP0137,EMP0115,Brainstorming,2025-08-05,7,9.6
INT001851,TEAM040,EMP0137,EMP0115,Brainstorming,2025-10-24,6,9.3
INT001852,TEAM040,EMP0137,EMP0192,Brainstorming,2025-10-20,9,7.6
INT001853,TEAM040,EMP0137,EMP0192,Meeting,2025-08-22,17,4.4
INT001854,TEAM040,EMP0137,EMP0192,Collaboration,2025-09-13,11,6.2
INT001855,TEAM040,EMP0137,EMP0192,Meeting,2025-10-14,61,7.4
INT001856,TEAM040,EMP0137,EMP0192,Collaboration,2025-09-09,10,7.5
INT001857,TEAM040,EMP0137,EMP0192,Code Review,2025-08-01,55,7.8
INT001858,TEAM040,EMP0137,EMP0192,Collaboration,2025-09-19,6,5.0
INT001859,TEAM040,EMP0137,EMP0281,Collaboration,2025-09-23,46,8.8
INT001860,TEAM040,EMP0137,EMP0281,Discussion,2025-06-18,2,7.2
INT001861,TEAM040,EMP0137,EMP0281,Brainstorming,2025-10-11,5,8.9
INT001862,TEAM040,EMP0137,EMP0281,Collaboration,2025-05-28,36,6.4
INT001863,TEAM040,EMP0060,EMP0115,Mentoring,2025-07-13,93,5.5
INT001864,TEAM040,EMP0060,EMP0115,Discussion,2025-05-21,7,8.3
INT001865,TEAM040,EMP0060,EMP0115,Code Review,2025-10-12,141,9.7
INT001866,TEAM040,EMP0060,EMP0192,Pair Programming,2025-07-01,6,5.3
INT001867,TEAM040,EMP0060,EMP0192,Code Review,2025-05-23,32,9.0
INT001868,TEAM040,EMP0060,EMP0192,Collaboration,2025-06-24,16,8.1
INT001869,TEAM040,EMP0060,EMP0192,Pair Programming,2025-07-17,11,6.2
INT001870,TEAM040,EMP0060,EMP0281,Brainstorming,2025-08-16,11,6.6
INT001871,TEAM040,EMP0060,EMP0281,Discussion,2025-08-04,8,6.8
INT001872,TEAM040,EMP0060,EMP0281,Discussion,2025-05-29,4,5.1
INT001873,TEAM040,EMP0060,EMP0281,Collaboration,2025-08-17,10,6.8
INT001874,TEAM040,EMP0060,EMP0281,Collaboration,2025-09-07,13,8.4
INT001875,TEAM040,EMP0060,EMP0281,Code Review,2025-06-21,47,9.1
INT001876,TEAM040,EMP0060,EMP0281,Brainstorming,2025-08-03,7,8.1
INT001877,TEAM040,EMP0060,EMP0281,Mentoring,2025-06-20,90,6.3
INT001878,TEAM040,EMP0115,EMP0278,Discussion,2025-07-15,30,4.6
INT001879,TEAM040,EMP0115,EMP0278,Meeting,2025-07-29,17,7.2
INT001880,TEAM040,EMP0115,EMP0278,Pair Programming,2025-10-30,13,6.7
INT001881,TEAM040,EMP0115,EMP0278,Meeting,2025-06-08,20,8.1
INT001882,TEAM040,EMP0115,EMP0192,Meeting,2025-08-22,62,5.9
INT001883,TEAM040,EMP0115,EMP0192,Code Review,2025-08-23,57,7.9
INT001884,TEAM040,EMP0115,EMP0192,Brainstorming,2025-09-14,12,8.1
INT001885,TEAM040,EMP0115,EMP0192,Meeting,2025-08-19,20,7.7
INT001886,TEAM040,EMP0115,EMP0192,Brainstorming,2025-05-15,27,9.6
INT001887,TEAM040,EMP0115,EMP0192,Collaboration,2025-08-29,16,6.1
INT001888,TEAM040,EMP0115,EMP0274,Collaboration,2025-06-14,6,8.9
INT001889,TEAM040,EMP0115,EMP0274,Meeting,2025-09-29,50,6.4
INT001890,TEAM040,EMP0115,EMP0274,Discussion,2025-10-29,2,7.7
INT001891,TEAM040,EMP0115,EMP0281,Pair Programming,2025-10-03,24,3.1
INT001892,TEAM040,EMP0115,EMP0281,Collaboration,2025-08-06,29,6.9
INT001893,TEAM040,EMP0115,EMP0281,Code Review,2025-09-05,29,8.8
INT001894,TEAM040,EMP0115,EMP0281,Brainstorming,2025-09-03,9,7.0
INT001895,TEAM040,EMP0278,EMP0192,Discussion,2025-06-14,15,5.1
INT001896,TEAM040,EMP0278,EMP0192,Code Review,2025-06-15,28,8.7
INT001897,TEAM040,EMP0278,EMP0192,Mentoring,2025-10-19,45,5.7
INT001898,TEAM040,EMP0278,EMP0274,Code Review,2025-07-07,65,6.4
INT001899,TEAM040,EMP0278,EMP0274,Brainstorming,2025-07-06,10,7.0
INT001900,TEAM040,EMP0278,EMP0274,Mentoring,2025-05-15,22,7.0
INT001901,TEAM040,EMP0278,EMP0274,Brainstorming,2025-06-13,33,7.1
INT001902,TEAM040,EMP0278,EMP0274,Collaboration,2025-10-14,7,5.1
INT001903,TEAM040,EMP0192,EMP0274,Discussion,2025-06-13,21,4.3
INT001904,TEAM040,EMP0192,EMP0274,Brainstorming,2025-10-18,5,7.6
INT001905,TEAM040,EMP0192,EMP0274,Brainstorming,2025-10-24,41,8.0
INT001906,TEAM040,EMP0192,EMP0274,Pair Programming,2025-08-14,57,7.0
INT001907,TEAM040,EMP0192,EMP0274,Discussion,2025-07-19,35,4.3
INT001908,TEAM040,EMP0192,EMP0274,Brainstorming,2025-10-08,11,7.4
INT001909,TEAM040,EMP0192,EMP0274,Mentoring,2025-09-10,84,6.2
INT001910,TEAM041,EMP0157,EMP0391,Discussion,2025-05-30,35,9.4
INT001911,TEAM041,EMP0157,EMP0391,Pair Programming,2025-10-25,18,5.9
INT001912,TEAM041,EMP0157,EMP0391,Meeting,2025-06-26,101,9.3
INT001913,TEAM041,EMP0157,EMP0391,Collaboration,2025-08-18,14,7.9
INT001914,TEAM041,EMP0157,EMP0391,Code Review,2025-06-16,52,6.2
INT001915,TEAM041,EMP0157,EMP0391,Collaboration,2025-08-16,10,8.1
INT001916,TEAM041,EMP0157,EMP0391,Code Review,2025-05-13,70,7.8
INT001917,TEAM041,EMP0157,EMP0391,Meeting,2025-09-29,36,8.2
INT001918,TEAM041,EMP0157,EMP0106,Code Review,2025-10-15,64,4.4
INT001919,TEAM041,EMP0157,EMP0106,Pair Programming,2025-07-20,3,8.4
INT001920,TEAM041,EMP0391,EMP0240,Meeting,2025-08-13,28,4.9
INT001921,TEAM041,EMP0391,EMP0240,Collaboration,2025-07-09,6,6.3
INT001922,TEAM041,EMP0391,EMP0240,Collaboration,2025-10-26,19,7.6
INT001923,TEAM041,EMP0391,EMP0419,Discussion,2025-10-17,18,7.1
INT001924,TEAM041,EMP0391,EMP0419,Discussion,2025-07-02,5,8.6
INT001925,TEAM041,EMP0391,EMP0419,Code Review,2025-05-13,61,8.8
INT001926,TEAM041,EMP0391,EMP0419,Discussion,2025-10-04,9,7.9
INT001927,TEAM041,EMP0391,EMP0094,Discussion,2025-07-06,29,8.3
INT001928,TEAM041,EMP0391,EMP0094,Collaboration,2025-05-25,15,5.6
INT001929,TEAM041,EMP0391,EMP0094,Collaboration,2025-09-18,16,6.8
INT001930,TEAM041,EMP0391,EMP0094,Mentoring,2025-06-03,21,7.8
INT001931,TEAM041,EMP0391,EMP0106,Meeting,2025-09-06,29,6.9
INT001932,TEAM041,EMP0391,EMP0106,Brainstorming,2025-08-31,11,8.0
INT001933,TEAM041,EMP0391,EMP0106,Pair Programming,2025-07-20,21,5.6
INT001934,TEAM041,EMP0391,EMP0106,Collaboration,2025-05-16,13,8.9
INT001935,TEAM041,EMP0061,EMP0240,Discussion,2025-05-20,15,8.8
INT001936,TEAM041,EMP0061,EMP0240,Pair Programming,2025-07-22,27,7.9
INT001937,TEAM041,EMP0061,EMP0240,Code Review,2025-08-10,38,6.3
INT001938,TEAM041,EMP0061,EMP0240,Pair Programming,2025-08-17,17,8.5
INT001939,TEAM041,EMP0061,EMP0240,Mentoring,2025-06-08,85,6.1
INT001940,TEAM041,EMP0061,EMP0419,Code Review,2025-08-21,45,7.4
INT001941,TEAM041,EMP0061,EMP0419,Collaboration,2025-08-10,35,6.6
INT001942,TEAM041,EMP0061,EMP0419,Collaboration,2025-07-17,27,7.5
INT001943,TEAM041,EMP0061,EMP0094,Brainstorming,2025-10-27,5,5.3
INT001944,TEAM041,EMP0061,EMP0094,Code Review,2025-09-09,63,7.1
INT001945,TEAM041,EMP0061,EMP0094,Pair Programming,2025-05-16,7,7.4
INT001946,TEAM041,EMP0061,EMP0094,Brainstorming,2025-09-29,4,8.5
INT001947,TEAM041,EMP0240,EMP0419,Code Review,2025-10-25,115,7.4
INT001948,TEAM041,EMP0240,EMP0419,Code Review,2025-06-02,42,9.1
INT001949,TEAM041,EMP0240,EMP0419,Meeting,2025-08-26,29,6.8
INT001950,TEAM041,EMP0240,EMP0419,Mentoring,2025-08-12,56,8.4
INT001951,TEAM041,EMP0240,EMP0419,Pair Programming,2025-10-10,11,7.6
INT001952,TEAM041,EMP0240,EMP0419,Discussion,2025-07-15,10,8.4
INT001953,TEAM041,EMP0240,EMP0419,Pair Programming,2025-11-02,11,8.7
INT001954,TEAM041,EMP0240,EMP0094,Code Review,2025-06-23,32,6.7
INT001955,TEAM041,EMP0240,EMP0094,Collaboration,2025-09-16,25,3.0
INT001956,TEAM041,EMP0240,EMP0094,Brainstorming,2025-06-27,23,9.2
INT001957,TEAM041,EMP0240,EMP0094,Collaboration,2025-09-02,33,8.1
INT001958,TEAM041,EMP0240,EMP0094,Collaboration,2025-07-07,23,9.5
INT001959,TEAM041,EMP0240,EMP0094,Mentoring,2025-10-02,73,5.7
INT001960,TEAM041,EMP0240,EMP0094,Mentoring,2025-05-13,48,8.0
INT001961,TEAM041,EMP0240,EMP0094,Discussion,2025-11-03,14,4.9
INT001962,TEAM041,EMP0240,EMP0094,Mentoring,2025-06-11,33,7.2
INT001963,TEAM041,EMP0240,EMP0094,Meeting,2025-06-26,16,8.2
INT001964,TEAM041,EMP0240,EMP0106,Pair Programming,2025-10-23,22,7.6
INT001965,TEAM041,EMP0240,EMP0106,Brainstorming,2025-09-17,15,6.1
INT001966,TEAM041,EMP0240,EMP0106,Collaboration,2025-05-13,15,2.7
INT001967,TEAM041,EMP0419,EMP0094,Mentoring,2025-07-11,39,6.8
INT001968,TEAM041,EMP0094,EMP0106,Pair Programming,2025-05-22,11,6.8
INT001969,TEAM041,EMP0094,EMP0106,Brainstorming,2025-05-22,15,7.8
INT001970,TEAM041,EMP0094,EMP0106,Pair Programming,2025-05-23,17,6.2
INT001971,TEAM041,EMP0094,EMP0106,Meeting,2025-10-11,18,7.5
INT001972,TEAM041,EMP0094,EMP0106,Brainstorming,2025-08-25,30,5.6
INT001973,TEAM042,EMP0012,EMP0185,Collaboration,2025-08-02,16,7.3
INT001974,TEAM042,EMP0012,EMP0185,Pair Programming,2025-10-13,19,8.9
INT001975,TEAM042,EMP0012,EMP0185,Brainstorming,2025-07-06,28,8.9
INT001976,TEAM042,EMP0012,EMP0185,Collaboration,2025-06-08,9,6.4
INT001977,TEAM042,EMP0012,EMP0185,Code Review,2025-10-16,41,8.2
INT001978,TEAM042,EMP0012,EMP0185,Collaboration,2025-09-18,16,7.9
INT001979,TEAM042,EMP0012,EMP0185,Collaboration,2025-07-13,22,7.6
INT001980,TEAM042,EMP0012,EMP0185,Meeting,2025-11-02,83,6.5
INT001981,TEAM042,EMP0012,EMP0185,Collaboration,2025-09-05,29,4.1
INT001982,TEAM042,EMP0012,EMP0043,Discussion,2025-07-05,10,6.4
INT001983,TEAM042,EMP0012,EMP0043,Meeting,2025-09-28,24,6.4
INT001984,TEAM042,EMP0012,EMP0043,Mentoring,2025-08-11,68,7.1
INT001985,TEAM042,EMP0012,EMP0043,Pair Programming,2025-08-09,11,8.3
INT001986,TEAM042,EMP0012,EMP0043,Pair Programming,2025-05-31,5,7.3
INT001987,TEAM042,EMP0012,EMP0043,Collaboration,2025-09-08,16,5.0
INT001988,TEAM042,EMP0012,EMP0043,Brainstorming,2025-08-29,8,7.1
INT001989,TEAM042,EMP0012,EMP0043,Mentoring,2025-10-23,89,8.6
INT001990,TEAM042,EMP0012,EMP0412,Brainstorming,2025-07-31,26,6.0
INT001991,TEAM042,EMP0012,EMP0412,Collaboration,2025-10-31,9,7.4
INT001992,TEAM042,EMP0012,EMP0412,Code Review,2025-08-28,13,8.5
INT001993,TEAM042,EMP0012,EMP0412,Pair Programming,2025-09-30,7,8.1
INT001994,TEAM042,EMP0012,EMP0412,Mentoring,2025-07-30,67,5.5
INT001995,TEAM042,EMP0012,EMP0160,Collaboration,2025-08-02,5,4.6
INT001996,TEAM042,EMP0012,EMP0160,Collaboration,2025-05-18,12,5.8
INT001997,TEAM042,EMP0012,EMP0160,Mentoring,2025-05-31,54,5.6
INT001998,TEAM042,EMP0012,EMP0160,Discussion,2025-09-10,10,7.8
INT001999,TEAM042,EMP0012,EMP0327,Discussion,2025-09-29,30,6.2
INT002000,TEAM042,EMP0012,EMP0327,Collaboration,2025-08-20,3,6.0
INT002001,TEAM042,EMP0012,EMP0327,Discussion,2025-08-15,7,8.0
INT002002,TEAM042,EMP0012,EMP0327,Code Review,2025-06-22,56,4.0
INT002003,TEAM042,EMP0012,EMP0327,Mentoring,2025-09-16,80,8.8
INT002004,TEAM042,EMP0012,EMP0327,Collaboration,2025-10-03,11,6.4
INT002005,TEAM042,EMP0012,EMP0178,Brainstorming,2025-09-17,26,6.5
INT002006,TEAM042,EMP0012,EMP0178,Pair Programming,2025-10-03,22,6.1
INT002007,TEAM042,EMP0461,EMP0160,Mentoring,2025-10-01,28,5.5
INT002008,TEAM042,EMP0461,EMP0160,Code Review,2025-06-16,17,6.6
INT002009,TEAM042,EMP0461,EMP0160,Meeting,2025-08-18,28,9.3
INT002010,TEAM042,EMP0461,EMP0327,Code Review,2025-10-08,69,5.8
INT002011,TEAM042,EMP0461,EMP0327,Brainstorming,2025-08-18,18,8.7
INT002012,TEAM042,EMP0461,EMP0327,Mentoring,2025-10-01,103,6.6
INT002013,TEAM042,EMP0461,EMP0327,Brainstorming,2025-10-31,19,7.1
INT002014,TEAM042,EMP0461,EMP0327,Discussion,2025-08-18,31,9.4
INT002015,TEAM042,EMP0461,EMP0327,Pair Programming,2025-07-25,21,6.5
INT002016,TEAM042,EMP0461,EMP0327,Mentoring,2025-07-17,44,8.2
INT002017,TEAM042,EMP0461,EMP0327,Mentoring,2025-05-28,70,6.8
INT002018,TEAM042,EMP0461,EMP0327,Code Review,2025-08-29,23,8.5
INT002019,TEAM042,EMP0461,EMP0327,Meeting,2025-09-20,27,8.8
INT002020,TEAM042,EMP0461,EMP0178,Brainstorming,2025-11-01,7,5.5
INT002021,TEAM042,EMP0461,EMP0178,Collaboration,2025-06-04,32,8.3
INT002022,TEAM042,EMP0461,EMP0178,Collaboration,2025-08-31,9,7.4
INT002023,TEAM042,EMP0185,EMP0043,Collaboration,2025-09-09,12,6.8
INT002024,TEAM042,EMP0185,EMP0043,Code Review,2025-09-09,54,5.8
INT002025,TEAM042,EMP0185,EMP0043,Meeting,2025-05-16,84,5.7
INT002026,TEAM042,EMP0185,EMP0043,Meeting,2025-08-08,38,5.0
INT002027,TEAM042,EMP0185,EMP0043,Brainstorming,2025-05-15,8,6.8
INT002028,TEAM042,EMP0185,EMP0043,Code Review,2025-07-08,52,9.1
INT002029,TEAM042,EMP0185,EMP0412,Discussion,2025-06-06,41,7.1
INT002030,TEAM042,EMP0185,EMP0412,Pair Programming,2025-05-25,16,4.4
INT002031,TEAM042,EMP0185,EMP0412,Brainstorming,2025-09-21,11,8.4
INT002032,TEAM042,EMP0185,EMP0412,Discussion,2025-07-31,15,6.6
INT002033,TEAM042,EMP0185,EMP0412,Code Review,2025-07-09,81,5.9
INT002034,TEAM042,EMP0185,EMP0160,Meeting,2025-09-11,36,7.3
INT002035,TEAM042,EMP0185,EMP0160,Brainstorming,2025-07-26,19,6.6
INT002036,TEAM042,EMP0185,EMP0160,Pair Programming,2025-11-04,8,7.8
INT002037,TEAM042,EMP0185,EMP0160,Code Review,2025-07-25,28,8.3
INT002038,TEAM042,EMP0185,EMP0160,Code Review,2025-05-20,92,5.2
INT002039,TEAM042,EMP0185,EMP0160,Meeting,2025-09-16,68,7.5
INT002040,TEAM042,EMP0185,EMP0327,Brainstorming,2025-07-18,11,6.3
INT002041,TEAM042,EMP0185,EMP0327,Discussion,2025-06-03,21,5.9
INT002042,TEAM042,EMP0185,EMP0327,Pair Programming,2025-05-15,32,4.9
INT002043,TEAM042,EMP0043,EMP0160,Collaboration,2025-10-28,26,6.1
INT002044,TEAM042,EMP0043,EMP0160,Mentoring,2025-08-02,23,5.2
INT002045,TEAM042,EMP0043,EMP0160,Discussion,2025-08-19,5,5.7
INT002046,TEAM042,EMP0043,EMP0160,Mentoring,2025-06-04,45,7.3
INT002047,TEAM042,EMP0043,EMP0160,Collaboration,2025-06-14,5,8.2
INT002048,TEAM042,EMP0043,EMP0160,Collaboration,2025-06-23,11,8.4
INT002049,TEAM042,EMP0043,EMP0160,Mentoring,2025-05-27,20,8.4
INT002050,TEAM042,EMP0043,EMP0160,Collaboration,2025-10-29,9,6.4
INT002051,TEAM042,EMP0043,EMP0160,Discussion,2025-10-11,13,7.2
INT002052,TEAM042,EMP0043,EMP0327,Code Review,2025-10-28,33,9.4
INT002053,TEAM042,EMP0043,EMP0327,Collaboration,2025-06-28,4,5.9
INT002054,TEAM042,EMP0043,EMP0327,Mentoring,2025-07-29,67,7.6
INT002055,TEAM042,EMP0043,EMP0327,Collaboration,2025-10-28,24,4.5
INT002056,TEAM042,EMP0043,EMP0327,Collaboration,2025-07-31,5,7.5
INT002057,TEAM042,EMP0412,EMP0327,Discussion,2025-07-18,1,4.0
INT002058,TEAM042,EMP0412,EMP0327,Brainstorming,2025-08-22,3,6.5
INT002059,TEAM042,EMP0412,EMP0327,Discussion,2025-08-26,14,7.1
INT002060,TEAM042,EMP0412,EMP0327,Discussion,2025-09-26,11,9.0
INT002061,TEAM042,EMP0412,EMP0327,Collaboration,2025-08-24,35,8.7
INT002062,TEAM042,EMP0327,EMP0178,Discussion,2025-05-26,9,8.4
INT002063,TEAM042,EMP0327,EMP0178,Mentoring,2025-10-15,65,8.0
INT002064,TEAM042,EMP0327,EMP0178,Meeting,2025-07-02,27,7.2
INT002065,TEAM042,EMP0327,EMP0178,Brainstorming,2025-09-22,38,5.8
INT002066,TEAM042,EMP0327,EMP0178,Mentoring,2025-06-11,36,7.9
INT002067,TEAM043,EMP0479,EMP0357,Discussion,2025-07-30,6,7.5
INT002068,TEAM043,EMP0479,EMP0357,Discussion,2025-08-17,13,8.7
INT002069,TEAM043,EMP0479,EMP0357,Code Review,2025-11-01,22,6.8
INT002070,TEAM043,EMP0479,EMP0282,Discussion,2025-09-17,2,6.9
INT002071,TEAM043,EMP0479,EMP0282,Pair Programming,2025-10-15,13,5.4
INT002072,TEAM043,EMP0479,EMP0282,Mentoring,2025-08-17,29,5.4
INT002073,TEAM043,EMP0479,EMP0282,Mentoring,2025-05-25,57,5.1
INT002074,TEAM043,EMP0479,EMP0282,Mentoring,2025-09-27,26,6.5
INT002075,TEAM043,EMP0479,EMP0319,Discussion,2025-05-11,17,8.9
INT002076,TEAM043,EMP0479,EMP0319,Pair Programming,2025-05-29,22,3.9
INT002077,TEAM043,EMP0479,EMP0319,Collaboration,2025-10-17,29,8.1
INT002078,TEAM043,EMP0479,EMP0319,Mentoring,2025-08-01,25,4.3
INT002079,TEAM043,EMP0479,EMP0498,Discussion,2025-09-28,10,7.6
INT002080,TEAM043,EMP0479,EMP0498,Discussion,2025-06-20,1,8.7
INT002081,TEAM043,EMP0479,EMP0498,Brainstorming,2025-10-27,1,5.9
INT002082,TEAM043,EMP0357,EMP0282,Collaboration,2025-08-14,14,5.3
INT002083,TEAM043,EMP0357,EMP0282,Brainstorming,2025-05-23,7,7.4
INT002084,TEAM043,EMP0357,EMP0282,Code Review,2025-09-30,19,7.5
INT002085,TEAM043,EMP0357,EMP0282,Code Review,2025-10-01,67,7.5
INT002086,TEAM043,EMP0357,EMP0282,Discussion,2025-10-25,11,7.3
INT002087,TEAM043,EMP0357,EMP0378,Pair Programming,2025-07-16,1,6.0
INT002088,TEAM043,EMP0357,EMP0378,Code Review,2025-05-31,46,8.3
INT002089,TEAM043,EMP0357,EMP0378,Code Review,2025-10-08,25,6.8
INT002090,TEAM043,EMP0357,EMP0378,Meeting,2025-09-17,26,8.3
INT002091,TEAM043,EMP0357,EMP0378,Brainstorming,2025-06-01,2,4.3
INT002092,TEAM043,EMP0357,EMP0378,Meeting,2025-09-04,64,8.8
INT002093,TEAM043,EMP0357,EMP0319,Collaboration,2025-07-03,25,6.1
INT002094,TEAM043,EMP0357,EMP0319,Collaboration,2025-11-06,51,6.8
INT002095,TEAM043,EMP0357,EMP0319,Code Review,2025-07-04,42,6.0
INT002096,TEAM043,EMP0357,EMP0319,Collaboration,2025-09-13,5,8.4
INT002097,TEAM043,EMP0357,EMP0498,Meeting,2025-07-17,24,7.0
INT002098,TEAM043,EMP0357,EMP0498,Collaboration,2025-06-07,6,7.9
INT002099,TEAM043,EMP0357,EMP0498,Code Review,2025-11-06,47,4.7
INT002100,TEAM043,EMP0357,EMP0498,Pair Programming,2025-06-20,2,7.8
INT002101,TEAM043,EMP0357,EMP0498,Mentoring,2025-06-02,21,7.0
INT002102,TEAM043,EMP0357,EMP0498,Brainstorming,2025-06-18,9,7.0
INT002103,TEAM043,EMP0282,EMP0319,Meeting,2025-10-01,31,6.7
INT002104,TEAM043,EMP0282,EMP0319,Pair Programming,2025-05-24,19,7.1
INT002105,TEAM043,EMP0282,EMP0319,Code Review,2025-10-29,37,7.2
INT002106,TEAM043,EMP0282,EMP0319,Mentoring,2025-10-30,18,9.0
INT002107,TEAM043,EMP0282,EMP0319,Brainstorming,2025-06-13,43,6.5
INT002108,TEAM043,EMP0282,EMP0319,Pair Programming,2025-06-06,18,6.4
INT002109,TEAM043,EMP0282,EMP0153,Meeting,2025-10-16,28,2.3
INT002110,TEAM043,EMP0282,EMP0153,Discussion,2025-10-11,5,8.1
INT002111,TEAM043,EMP0282,EMP0153,Code Review,2025-09-23,19,7.3
INT002112,TEAM043,EMP0282,EMP0153,Pair Programming,2025-05-19,19,8.2
INT002113,TEAM043,EMP0378,EMP0153,Code Review,2025-06-17,58,7.0
INT002114,TEAM043,EMP0378,EMP0153,Mentoring,2025-07-14,36,7.2
INT002115,TEAM043,EMP0378,EMP0498,Meeting,2025-10-29,12,8.8
INT002116,TEAM043,EMP0378,EMP0498,Pair Programming,2025-08-23,21,6.0
INT002117,TEAM043,EMP0378,EMP0498,Discussion,2025-08-05,1,9.3
INT002118,TEAM043,EMP0378,EMP0498,Brainstorming,2025-10-21,8,5.9
INT002119,TEAM043,EMP0319,EMP0153,Meeting,2025-06-20,38,6.6
INT002120,TEAM043,EMP0319,EMP0153,Discussion,2025-08-25,27,8.8
INT002121,TEAM043,EMP0319,EMP0153,Meeting,2025-10-04,59,6.7
INT002122,TEAM043,EMP0319,EMP0153,Brainstorming,2025-05-14,41,8.6
INT002123,TEAM043,EMP0319,EMP0153,Pair Programming,2025-08-29,11,6.3
INT002124,TEAM043,EMP0319,EMP0153,Discussion,2025-06-26,9,6.6
INT002125,TEAM043,EMP0319,EMP0153,Code Review,2025-06-26,15,6.4
INT002126,TEAM043,EMP0319,EMP0153,Code Review,2025-05-13,87,4.3
INT002127,TEAM043,EMP0319,EMP0153,Meeting,2025-06-04,42,7.1
INT002128,TEAM043,EMP0319,EMP0153,Collaboration,2025-10-11,12,7.6
INT002129,TEAM043,EMP0319,EMP0153,Collaboration,2025-05-30,14,6.6
INT002130,TEAM043,EMP0153,EMP0498,Collaboration,2025-05-15,21,5.0
INT002131,TEAM043,EMP0153,EMP0498,Pair Programming,2025-05-11,13,7.1
INT002132,TEAM043,EMP0153,EMP0498,Collaboration,2025-07-21,11,7.1
INT002133,TEAM044,EMP0264,EMP0433,Collaboration,2025-06-13,27,4.0
INT002134,TEAM044,EMP0264,EMP0433,Code Review,2025-08-09,54,6.5
INT002135,TEAM044,EMP0264,EMP0433,Collaboration,2025-06-03,29,8.7
INT002136,TEAM044,EMP0264,EMP0433,Collaboration,2025-07-03,18,8.6
INT002137,TEAM044,EMP0264,EMP0433,Discussion,2025-05-30,33,3.5
INT002138,TEAM044,EMP0264,EMP0389,Collaboration,2025-09-22,15,7.9
INT002139,TEAM044,EMP0264,EMP0389,Mentoring,2025-09-09,50,8.5
INT002140,TEAM044,EMP0264,EMP0389,Code Review,2025-08-25,83,7.4
INT002141,TEAM044,EMP0264,EMP0389,Meeting,2025-11-07,35,8.4
INT002142,TEAM044,EMP0264,EMP0389,Discussion,2025-11-01,10,6.6
INT002143,TEAM044,EMP0264,EMP0389,Brainstorming,2025-05-31,25,3.7
INT002144,TEAM044,EMP0264,EMP0389,Mentoring,2025-10-08,42,5.9
INT002145,TEAM044,EMP0264,EMP0347,Pair Programming,2025-08-14,16,7.6
INT002146,TEAM044,EMP0264,EMP0347,Brainstorming,2025-06-17,7,6.7
INT002147,TEAM044,EMP0264,EMP0347,Code Review,2025-05-28,47,5.5
INT002148,TEAM044,EMP0264,EMP0347,Mentoring,2025-11-05,23,3.7
INT002149,TEAM044,EMP0264,EMP0347,Mentoring,2025-09-17,44,8.6
INT002150,TEAM044,EMP0264,EMP0347,Pair Programming,2025-08-27,33,8.2
INT002151,TEAM044,EMP0264,EMP0415,Collaboration,2025-07-01,34,8.0
INT002152,TEAM044,EMP0264,EMP0415,Brainstorming,2025-08-17,8,8.9
INT002153,TEAM044,EMP0264,EMP0415,Meeting,2025-11-06,40,7.0
INT002154,TEAM044,EMP0356,EMP0433,Collaboration,2025-06-15,2,4.5
INT002155,TEAM044,EMP0356,EMP0433,Brainstorming,2025-10-31,12,6.9
INT002156,TEAM044,EMP0356,EMP0433,Code Review,2025-09-24,26,6.6
INT002157,TEAM044,EMP0356,EMP0433,Brainstorming,2025-08-15,18,8.4
INT002158,TEAM044,EMP0356,EMP0433,Mentoring,2025-08-13,45,6.3
INT002159,TEAM044,EMP0356,EMP0389,Brainstorming,2025-07-09,5,8.3
INT002160,TEAM044,EMP0356,EMP0389,Mentoring,2025-10-29,26,7.2
INT002161,TEAM044,EMP0356,EMP0389,Discussion,2025-10-04,10,6.2
INT002162,TEAM044,EMP0356,EMP0389,Mentoring,2025-09-29,73,6.8
INT002163,TEAM044,EMP0356,EMP0389,Brainstorming,2025-07-13,0,6.9
INT002164,TEAM044,EMP0356,EMP0170,Discussion,2025-08-14,25,7.8
INT002165,TEAM044,EMP0356,EMP0170,Mentoring,2025-07-25,59,6.7
INT002166,TEAM044,EMP0356,EMP0170,Brainstorming,2025-10-24,14,5.9
INT002167,TEAM044,EMP0356,EMP0170,Pair Programming,2025-06-27,19,8.2
INT002168,TEAM044,EMP0356,EMP0170,Mentoring,2025-06-16,9,8.9
INT002169,TEAM044,EMP0356,EMP0170,Pair Programming,2025-05-18,23,8.0
INT002170,TEAM044,EMP0356,EMP0266,Code Review,2025-11-03,80,6.6
INT002171,TEAM044,EMP0356,EMP0266,Mentoring,2025-06-13,53,7.0
INT002172,TEAM044,EMP0356,EMP0266,Brainstorming,2025-08-15,22,4.2
INT002173,TEAM044,EMP0356,EMP0190,Pair Programming,2025-09-30,11,7.4
INT002174,TEAM044,EMP0356,EMP0190,Pair Programming,2025-10-31,33,6.4
INT002175,TEAM044,EMP0356,EMP0190,Mentoring,2025-08-03,44,9.8
INT002176,TEAM044,EMP0356,EMP0190,Brainstorming,2025-06-24,20,6.9
INT002177,TEAM044,EMP0356,EMP0190,Collaboration,2025-09-26,20,5.9
INT002178,TEAM044,EMP0356,EMP0190,Discussion,2025-06-05,31,4.8
INT002179,TEAM044,EMP0356,EMP0415,Brainstorming,2025-10-09,1,7.6
INT002180,TEAM044,EMP0433,EMP0389,Mentoring,2025-08-19,42,5.5
INT002181,TEAM044,EMP0433,EMP0389,Pair Programming,2025-10-30,11,5.9
INT002182,TEAM044,EMP0433,EMP0389,Meeting,2025-07-25,97,5.3
INT002183,TEAM044,EMP0433,EMP0170,Pair Programming,2025-09-08,18,9.2
INT002184,TEAM044,EMP0433,EMP0170,Brainstorming,2025-07-15,14,5.9
INT002185,TEAM044,EMP0433,EMP0135,Code Review,2025-08-22,93,7.3
INT002186,TEAM044,EMP0433,EMP0135,Pair Programming,2025-10-10,21,6.7
INT002187,TEAM044,EMP0433,EMP0135,Brainstorming,2025-10-29,23,7.4
INT002188,TEAM044,EMP0433,EMP0135,Meeting,2025-09-17,62,7.3
INT002189,TEAM044,EMP0433,EMP0135,Collaboration,2025-07-17,7,6.5
INT002190,TEAM044,EMP0433,EMP0347,Collaboration,2025-07-07,18,5.2
INT002191,TEAM044,EMP0433,EMP0347,Code Review,2025-09-29,25,6.6
INT002192,TEAM044,EMP0433,EMP0347,Discussion,2025-08-12,11,6.7
INT002193,TEAM044,EMP0433,EMP0347,Pair Programming,2025-06-26,46,9.0
INT002194,TEAM044,EMP0433,EMP0415,Brainstorming,2025-10-13,23,5.8
INT002195,TEAM044,EMP0433,EMP0415,Mentoring,2025-06-28,61,5.4
INT002196,TEAM044,EMP0433,EMP0415,Code Review,2025-10-05,125,6.8
INT002197,TEAM044,EMP0433,EMP0415,Discussion,2025-10-29,0,7.5
INT002198,TEAM044,EMP0433,EMP0139,Meeting,2025-06-27,27,7.0
INT002199,TEAM044,EMP0433,EMP0139,Pair Programming,2025-11-06,19,8.4
INT002200,TEAM044,EMP0433,EMP0139,Mentoring,2025-10-27,15,6.2
INT002201,TEAM044,EMP0389,EMP0135,Meeting,2025-10-27,33,6.8
INT002202,TEAM044,EMP0389,EMP0135,Brainstorming,2025-06-27,12,8.4
INT002203,TEAM044,EMP0389,EMP0135,Mentoring,2025-05-23,30,7.9
INT002204,TEAM044,EMP0389,EMP0135,Meeting,2025-08-20,34,8.9
INT002205,TEAM044,EMP0389,EMP0347,Mentoring,2025-08-20,41,5.3
INT002206,TEAM044,EMP0389,EMP0347,Pair Programming,2025-09-15,8,7.0
INT002207,TEAM044,EMP0389,EMP0347,Code Review,2025-09-17,55,7.4
INT002208,TEAM044,EMP0389,EMP0347,Pair Programming,2025-08-26,14,7.8
INT002209,TEAM044,EMP0389,EMP0347,Pair Programming,2025-06-24,4,7.3
INT002210,TEAM044,EMP0389,EMP0347,Mentoring,2025-07-18,41,9.1
INT002211,TEAM044,EMP0389,EMP0347,Pair Programming,2025-10-08,2,5.2
INT002212,TEAM044,EMP0389,EMP0347,Code Review,2025-09-30,58,8.8
INT002213,TEAM044,EMP0389,EMP0347,Meeting,2025-08-29,50,5.2
INT002214,TEAM044,EMP0389,EMP0190,Collaboration,2025-06-01,15,6.4
INT002215,TEAM044,EMP0389,EMP0190,Meeting,2025-06-29,57,8.3
INT002216,TEAM044,EMP0389,EMP0190,Collaboration,2025-09-16,17,7.0
INT002217,TEAM044,EMP0389,EMP0190,Collaboration,2025-08-10,27,7.8
INT002218,TEAM044,EMP0389,EMP0190,Pair Programming,2025-08-18,8,9.2
INT002219,TEAM044,EMP0389,EMP0415,Brainstorming,2025-05-11,17,7.6
INT002220,TEAM044,EMP0389,EMP0139,Code Review,2025-09-06,22,8.9
INT002221,TEAM044,EMP0389,EMP0139,Pair Programming,2025-10-20,12,9.4
INT002222,TEAM044,EMP0170,EMP0135,Meeting,2025-07-17,38,8.1
INT002223,TEAM044,EMP0170,EMP0135,Meeting,2025-10-05,6,8.2
INT002224,TEAM044,EMP0170,EMP0135,Mentoring,2025-07-10,46,9.0
INT002225,TEAM044,EMP0170,EMP0347,Meeting,2025-08-01,71,5.3
INT002226,TEAM044,EMP0170,EMP0190,Code Review,2025-07-30,26,9.8
INT002227,TEAM044,EMP0170,EMP0190,Collaboration,2025-05-11,11,7.9
INT002228,TEAM044,EMP0266,EMP0347,Pair Programming,2025-08-08,18,5.0
INT002229,TEAM044,EMP0266,EMP0347,Brainstorming,2025-08-14,46,7.3
INT002230,TEAM044,EMP0266,EMP0347,Mentoring,2025-09-18,21,7.5
INT002231,TEAM044,EMP0266,EMP0347,Brainstorming,2025-05-20,0,8.9
INT002232,TEAM044,EMP0266,EMP0347,Meeting,2025-06-24,96,7.5
INT002233,TEAM044,EMP0266,EMP0139,Meeting,2025-10-05,38,6.4
INT002234,TEAM044,EMP0266,EMP0139,Discussion,2025-05-13,3,4.1
INT002235,TEAM044,EMP0135,EMP0347,Mentoring,2025-08-20,46,6.7
INT002236,TEAM044,EMP0135,EMP0347,Mentoring,2025-05-27,46,5.2
INT002237,TEAM044,EMP0135,EMP0347,Discussion,2025-07-11,23,7.5
INT002238,TEAM044,EMP0135,EMP0347,Code Review,2025-09-09,79,7.8
INT002239,TEAM044,EMP0135,EMP0190,Pair Programming,2025-06-03,8,7.2
INT002240,TEAM044,EMP0135,EMP0190,Discussion,2025-08-06,17,7.7
INT002241,TEAM044,EMP0135,EMP0190,Mentoring,2025-09-22,58,5.4
INT002242,TEAM044,EMP0135,EMP0190,Pair Programming,2025-05-21,4,9.0
INT002243,TEAM044,EMP0347,EMP0190,Meeting,2025-10-31,15,8.4
INT002244,TEAM044,EMP0347,EMP0190,Meeting,2025-07-09,12,7.5
INT002245,TEAM044,EMP0347,EMP0190,Discussion,2025-08-10,24,5.7
INT002246,TEAM044,EMP0347,EMP0190,Brainstorming,2025-07-12,16,7.8
INT002247,TEAM044,EMP0347,EMP0415,Collaboration,2025-08-10,6,8.5
INT002248,TEAM044,EMP0347,EMP0139,Meeting,2025-06-30,9,9.4
INT002249,TEAM044,EMP0347,EMP0139,Brainstorming,2025-07-27,25,9.0
INT002250,TEAM044,EMP0347,EMP0139,Pair Programming,2025-10-11,33,6.0
INT002251,TEAM044,EMP0347,EMP0139,Mentoring,2025-06-18,50,4.6
INT002252,TEAM044,EMP0347,EMP0139,Brainstorming,2025-10-20,13,8.6
INT002253,TEAM044,EMP0190,EMP0415,Discussion,2025-07-12,18,6.9
INT002254,TEAM044,EMP0190,EMP0415,Discussion,2025-06-09,22,8.4
INT002255,TEAM044,EMP0190,EMP0415,Collaboration,2025-09-07,3,5.3
INT002256,TEAM044,EMP0190,EMP0139,Discussion,2025-09-28,12,6.5
INT002257,TEAM044,EMP0190,EMP0139,Meeting,2025-08-01,53,5.6
INT002258,TEAM044,EMP0190,EMP0139,Code Review,2025-08-12,50,7.5
INT002259,TEAM044,EMP0190,EMP0139,Collaboration,2025-05-14,19,8.7
INT002260,TEAM044,EMP0190,EMP0139,Brainstorming,2025-07-20,45,8.8
INT002261,TEAM044,EMP0190,EMP0139,Collaboration,2025-07-19,24,8.4
INT002262,TEAM045,EMP0435,EMP0285,Code Review,2025-09-08,26,8.2
INT002263,TEAM045,EMP0435,EMP0285,Mentoring,2025-05-22,17,9.0
INT002264,TEAM045,EMP0435,EMP0285,Mentoring,2025-10-19,14,7.3
INT002265,TEAM045,EMP0435,EMP0285,Brainstorming,2025-06-14,14,8.5
INT002266,TEAM045,EMP0435,EMP0489,Collaboration,2025-06-09,15,8.2
INT002267,TEAM045,EMP0435,EMP0489,Pair Programming,2025-07-12,8,8.1
INT002268,TEAM045,EMP0435,EMP0489,Meeting,2025-06-18,32,9.3
INT002269,TEAM045,EMP0435,EMP0489,Code Review,2025-07-17,91,9.5
INT002270,TEAM045,EMP0435,EMP0489,Discussion,2025-08-21,4,9.4
INT002271,TEAM045,EMP0435,EMP0202,Mentoring,2025-10-11,26,6.5
INT002272,TEAM045,EMP0435,EMP0202,Brainstorming,2025-06-08,21,7.7
INT002273,TEAM045,EMP0435,EMP0202,Pair Programming,2025-08-02,11,8.1
INT002274,TEAM045,EMP0435,EMP0202,Mentoring,2025-07-04,36,6.3
INT002275,TEAM045,EMP0435,EMP0377,Collaboration,2025-10-03,16,7.1
INT002276,TEAM045,EMP0435,EMP0377,Brainstorming,2025-05-29,7,7.4
INT002277,TEAM045,EMP0285,EMP0489,Mentoring,2025-10-01,40,6.2
INT002278,TEAM045,EMP0285,EMP0489,Discussion,2025-09-30,8,6.2
INT002279,TEAM045,EMP0285,EMP0489,Pair Programming,2025-06-24,42,5.8
INT002280,TEAM045,EMP0285,EMP0489,Collaboration,2025-07-31,25,5.7
INT002281,TEAM045,EMP0285,EMP0489,Discussion,2025-06-13,43,4.8
INT002282,TEAM045,EMP0285,EMP0489,Code Review,2025-09-18,38,6.0
INT002283,TEAM045,EMP0285,EMP0489,Pair Programming,2025-05-17,18,9.0
INT002284,TEAM045,EMP0285,EMP0202,Pair Programming,2025-05-18,14,6.8
INT002285,TEAM045,EMP0285,EMP0202,Mentoring,2025-07-19,38,5.0
INT002286,TEAM045,EMP0285,EMP0202,Meeting,2025-08-11,48,6.6
INT002287,TEAM045,EMP0285,EMP0399,Collaboration,2025-06-04,12,7.2
INT002288,TEAM045,EMP0285,EMP0399,Brainstorming,2025-07-27,23,5.7
INT002289,TEAM045,EMP0285,EMP0399,Brainstorming,2025-10-06,12,8.6
INT002290,TEAM045,EMP0285,EMP0399,Meeting,2025-08-24,44,7.4
INT002291,TEAM045,EMP0285,EMP0399,Collaboration,2025-08-05,10,4.9
INT002292,TEAM045,EMP0489,EMP0202,Brainstorming,2025-06-17,6,6.5
INT002293,TEAM045,EMP0489,EMP0202,Meeting,2025-08-08,17,4.9
INT002294,TEAM045,EMP0489,EMP0202,Brainstorming,2025-08-27,3,7.4
INT002295,TEAM045,EMP0489,EMP0202,Code Review,2025-10-31,68,9.4
INT002296,TEAM045,EMP0489,EMP0202,Mentoring,2025-07-20,11,8.5
INT002297,TEAM045,EMP0489,EMP0202,Discussion,2025-06-09,3,8.1
INT002298,TEAM045,EMP0489,EMP0202,Pair Programming,2025-05-31,19,3.6
INT002299,TEAM045,EMP0489,EMP0202,Discussion,2025-08-02,1,8.2
INT002300,TEAM045,EMP0489,EMP0202,Discussion,2025-08-02,7,6.1
INT002301,TEAM045,EMP0489,EMP0202,Code Review,2025-06-21,30,7.4
INT002302,TEAM045,EMP0489,EMP0377,Collaboration,2025-09-20,16,5.5
INT002303,TEAM045,EMP0489,EMP0377,Brainstorming,2025-08-01,48,5.1
INT002304,TEAM045,EMP0489,EMP0377,Brainstorming,2025-08-07,6,5.8
INT002305,TEAM045,EMP0202,EMP0399,Brainstorming,2025-08-26,10,6.2
INT002306,TEAM045,EMP0202,EMP0399,Code Review,2025-05-20,60,8.2
INT002307,TEAM045,EMP0202,EMP0399,Meeting,2025-10-04,24,8.6
INT002308,TEAM045,EMP0202,EMP0399,Mentoring,2025-10-20,76,6.2
INT002309,TEAM045,EMP0202,EMP0399,Code Review,2025-11-03,10,6.8
INT002310,TEAM045,EMP0399,EMP0377,Code Review,2025-07-19,62,5.6
INT002311,TEAM045,EMP0399,EMP0377,Code Review,2025-10-17,32,6.5
INT002312,TEAM045,EMP0399,EMP0377,Brainstorming,2025-05-27,20,7.7
INT002313,TEAM045,EMP0399,EMP0377,Brainstorming,2025-07-24,13,7.4
INT002314,TEAM045,EMP0399,EMP0377,Brainstorming,2025-07-14,9,7.1
INT002315,TEAM045,EMP0399,EMP0377,Collaboration,2025-05-13,10,5.1
INT002316,TEAM045,EMP0399,EMP0377,Collaboration,2025-07-22,7,7.6
INT002317,TEAM046,EMP0335,EMP0493,Discussion,2025-06-30,6,6.5
INT002318,TEAM046,EMP0335,EMP0493,Brainstorming,2025-06-19,38,8.8
INT002319,TEAM046,EMP0335,EMP0493,Discussion,2025-07-15,27,8.3
INT002320,TEAM046,EMP0335,EMP0493,Code Review,2025-08-09,16,5.9
INT002321,TEAM046,EMP0335,EMP0452,Meeting,2025-06-06,24,7.3
INT002322,TEAM046,EMP0335,EMP0452,Discussion,2025-06-13,12,8.2
INT002323,TEAM046,EMP0335,EMP0452,Mentoring,2025-09-08,16,5.8
INT002324,TEAM046,EMP0335,EMP0452,Pair Programming,2025-07-02,13,6.4
INT002325,TEAM046,EMP0335,EMP0116,Collaboration,2025-06-21,20,9.0
INT002326,TEAM046,EMP0335,EMP0116,Meeting,2025-08-06,30,5.4
INT002327,TEAM046,EMP0335,EMP0116,Collaboration,2025-10-29,1,8.4
INT002328,TEAM046,EMP0335,EMP0116,Mentoring,2025-07-07,45,3.0
INT002329,TEAM046,EMP0335,EMP0116,Meeting,2025-08-05,40,4.9
INT002330,TEAM046,EMP0335,EMP0099,Meeting,2025-05-15,33,7.5
INT002331,TEAM046,EMP0335,EMP0099,Mentoring,2025-10-02,4,8.6
INT002332,TEAM046,EMP0335,EMP0099,Brainstorming,2025-06-26,10,7.4
INT002333,TEAM046,EMP0335,EMP0099,Discussion,2025-08-28,5,6.8
INT002334,TEAM046,EMP0335,EMP0099,Meeting,2025-06-28,32,6.3
INT002335,TEAM046,EMP0335,EMP0482,Meeting,2025-06-04,32,7.7
INT002336,TEAM046,EMP0335,EMP0482,Discussion,2025-09-06,19,7.6
INT002337,TEAM046,EMP0335,EMP0482,Mentoring,2025-05-30,24,7.5
INT002338,TEAM046,EMP0335,EMP0482,Mentoring,2025-05-22,47,7.4
INT002339,TEAM046,EMP0335,EMP0482,Mentoring,2025-10-19,59,6.9
INT002340,TEAM046,EMP0335,EMP0482,Collaboration,2025-05-29,5,6.7
INT002341,TEAM046,EMP0335,EMP0482,Pair Programming,2025-06-12,6,8.6
INT002342,TEAM046,EMP0335,EMP0482,Meeting,2025-06-04,47,5.9
INT002343,TEAM046,EMP0335,EMP0482,Collaboration,2025-08-12,32,7.1
INT002344,TEAM046,EMP0335,EMP0482,Discussion,2025-11-05,25,7.7
INT002345,TEAM046,EMP0335,EMP0482,Collaboration,2025-07-14,16,8.5
INT002346,TEAM046,EMP0335,EMP0110,Discussion,2025-08-15,10,4.9
INT002347,TEAM046,EMP0493,EMP0452,Pair Programming,2025-08-24,18,7.8
INT002348,TEAM046,EMP0493,EMP0452,Meeting,2025-09-26,39,5.7
INT002349,TEAM046,EMP0493,EMP0452,Collaboration,2025-05-14,9,7.0
INT002350,TEAM046,EMP0493,EMP0452,Mentoring,2025-08-22,47,5.0
INT002351,TEAM046,EMP0493,EMP0452,Pair Programming,2025-06-16,44,8.9
INT002352,TEAM046,EMP0493,EMP0116,Collaboration,2025-07-09,6,7.5
INT002353,TEAM046,EMP0493,EMP0116,Collaboration,2025-09-25,21,4.4
INT002354,TEAM046,EMP0493,EMP0116,Mentoring,2025-10-25,23,6.7
INT002355,TEAM046,EMP0493,EMP0116,Brainstorming,2025-08-25,28,6.8
INT002356,TEAM046,EMP0493,EMP0116,Meeting,2025-06-01,66,5.7
INT002357,TEAM046,EMP0493,EMP0099,Code Review,2025-10-17,25,7.8
INT002358,TEAM046,EMP0493,EMP0099,Meeting,2025-07-01,53,6.5
INT002359,TEAM046,EMP0493,EMP0099,Pair Programming,2025-08-28,10,7.7
INT002360,TEAM046,EMP0493,EMP0099,Collaboration,2025-10-05,9,5.2
INT002361,TEAM046,EMP0493,EMP0099,Pair Programming,2025-08-28,9,7.9
INT002362,TEAM046,EMP0493,EMP0099,Meeting,2025-09-03,11,5.0
INT002363,TEAM046,EMP0452,EMP0482,Pair Programming,2025-09-24,16,5.6
INT002364,TEAM046,EMP0452,EMP0482,Code Review,2025-05-12,22,6.1
INT002365,TEAM046,EMP0452,EMP0482,Code Review,2025-07-06,55,5.9
INT002366,TEAM046,EMP0452,EMP0482,Brainstorming,2025-06-25,21,8.3
INT002367,TEAM046,EMP0452,EMP0482,Pair Programming,2025-10-30,5,7.3
INT002368,TEAM046,EMP0452,EMP0482,Code Review,2025-10-17,73,6.7
INT002369,TEAM046,EMP0452,EMP0482,Brainstorming,2025-06-08,15,7.5
INT002370,TEAM046,EMP0452,EMP0175,Brainstorming,2025-07-04,17,5.5
INT002371,TEAM046,EMP0452,EMP0175,Brainstorming,2025-07-25,17,7.5
INT002372,TEAM046,EMP0452,EMP0175,Code Review,2025-08-01,58,8.4
INT002373,TEAM046,EMP0452,EMP0175,Discussion,2025-05-22,20,6.5
INT002374,TEAM046,EMP0116,EMP0099,Mentoring,2025-06-13,25,6.7
INT002375,TEAM046,EMP0116,EMP0099,Meeting,2025-08-11,26,8.7
INT002376,TEAM046,EMP0116,EMP0099,Pair Programming,2025-05-27,3,5.8
INT002377,TEAM046,EMP0116,EMP0175,Discussion,2025-09-26,22,7.9
INT002378,TEAM046,EMP0116,EMP0175,Discussion,2025-07-28,9,6.5
INT002379,TEAM046,EMP0116,EMP0175,Discussion,2025-08-22,12,4.4
INT002380,TEAM046,EMP0116,EMP0175,Code Review,2025-06-24,17,8.2
INT002381,TEAM046,EMP0116,EMP0110,Discussion,2025-05-11,25,7.7
INT002382,TEAM046,EMP0116,EMP0110,Pair Programming,2025-07-09,10,9.4
INT002383,TEAM046,EMP0116,EMP0110,Collaboration,2025-10-01,42,8.5
INT002384,TEAM046,EMP0116,EMP0110,Meeting,2025-07-19,20,8.1
INT002385,TEAM046,EMP0116,EMP0110,Brainstorming,2025-08-26,19,4.8
INT002386,TEAM046,EMP0116,EMP0110,Discussion,2025-07-16,6,7.4
INT002387,TEAM046,EMP0116,EMP0110,Pair Programming,2025-05-18,3,6.6
INT002388,TEAM046,EMP0116,EMP0110,Mentoring,2025-06-25,59,8.2
INT002389,TEAM046,EMP0099,EMP0175,Mentoring,2025-06-24,27,3.6
INT002390,TEAM046,EMP0099,EMP0175,Brainstorming,2025-08-09,20,6.9
INT002391,TEAM046,EMP0099,EMP0175,Collaboration,2025-07-20,20,7.8
INT002392,TEAM046,EMP0099,EMP0175,Brainstorming,2025-05-25,23,6.9
INT002393,TEAM046,EMP0099,EMP0110,Pair Programming,2025-08-30,24,6.9
INT002394,TEAM046,EMP0099,EMP0110,Pair Programming,2025-10-13,8,6.4
INT002395,TEAM046,EMP0099,EMP0110,Collaboration,2025-05-24,20,8.5
INT002396,TEAM046,EMP0099,EMP0110,Discussion,2025-07-30,27,5.7
INT002397,TEAM046,EMP0099,EMP0110,Mentoring,2025-05-19,95,8.8
INT002398,TEAM046,EMP0099,EMP0110,Mentoring,2025-09-07,71,8.3
INT002399,TEAM046,EMP0099,EMP0110,Collaboration,2025-05-19,11,5.5
INT002400,TEAM046,EMP0482,EMP0110,Mentoring,2025-05-18,93,8.2
INT002401,TEAM046,EMP0482,EMP0110,Pair Programming,2025-09-22,5,7.5
INT002402,TEAM046,EMP0482,EMP0110,Meeting,2025-06-20,44,7.3
INT002403,TEAM047,EMP0093,EMP0267,Collaboration,2025-10-13,3,9.5
INT002404,TEAM047,EMP0093,EMP0267,Mentoring,2025-10-12,57,6.4
INT002405,TEAM047,EMP0093,EMP0267,Pair Programming,2025-07-16,6,6.2
INT002406,TEAM047,EMP0093,EMP0267,Mentoring,2025-09-12,44,7.4
INT002407,TEAM047,EMP0093,EMP0425,Meeting,2025-09-19,17,8.2
INT002408,TEAM047,EMP0093,EMP0425,Collaboration,2025-11-01,3,5.2
INT002409,TEAM047,EMP0093,EMP0425,Meeting,2025-10-15,27,7.6
INT002410,TEAM047,EMP0093,EMP0425,Mentoring,2025-06-08,30,5.1
INT002411,TEAM047,EMP0093,EMP0425,Collaboration,2025-09-13,5,7.3
INT002412,TEAM047,EMP0093,EMP0425,Meeting,2025-05-28,27,7.4
INT002413,TEAM047,EMP0093,EMP0261,Code Review,2025-06-06,29,4.7
INT002414,TEAM047,EMP0093,EMP0261,Mentoring,2025-08-03,45,6.2
INT002415,TEAM047,EMP0275,EMP0267,Mentoring,2025-10-10,120,5.5
INT002416,TEAM047,EMP0275,EMP0267,Pair Programming,2025-09-21,20,5.0
INT002417,TEAM047,EMP0275,EMP0267,Discussion,2025-08-24,19,7.9
INT002418,TEAM047,EMP0275,EMP0267,Meeting,2025-05-22,36,8.3
INT002419,TEAM047,EMP0275,EMP0261,Mentoring,2025-07-21,61,5.3
INT002420,TEAM047,EMP0275,EMP0261,Brainstorming,2025-05-21,22,8.3
INT002421,TEAM047,EMP0275,EMP0048,Pair Programming,2025-10-20,12,8.4
INT002422,TEAM047,EMP0275,EMP0048,Discussion,2025-10-23,21,7.3
INT002423,TEAM047,EMP0275,EMP0048,Pair Programming,2025-07-31,27,4.8
INT002424,TEAM047,EMP0267,EMP0425,Code Review,2025-09-01,26,4.5
INT002425,TEAM047,EMP0267,EMP0425,Meeting,2025-07-18,6,5.7
INT002426,TEAM047,EMP0267,EMP0425,Code Review,2025-07-05,59,5.8
INT002427,TEAM047,EMP0267,EMP0425,Discussion,2025-06-04,5,5.8
INT002428,TEAM047,EMP0267,EMP0425,Mentoring,2025-09-23,50,6.8
INT002429,TEAM047,EMP0267,EMP0405,Collaboration,2025-10-02,19,7.0
INT002430,TEAM047,EMP0267,EMP0405,Code Review,2025-07-20,74,7.1
INT002431,TEAM047,EMP0267,EMP0405,Mentoring,2025-06-03,51,7.2
INT002432,TEAM047,EMP0267,EMP0405,Discussion,2025-10-11,14,7.5
INT002433,TEAM047,EMP0267,EMP0405,Meeting,2025-09-02,53,7.0
INT002434,TEAM047,EMP0267,EMP0405,Meeting,2025-10-30,50,9.2
INT002435,TEAM047,EMP0267,EMP0261,Brainstorming,2025-09-04,0,9.3
INT002436,TEAM047,EMP0267,EMP0261,Meeting,2025-07-16,33,7.3
INT002437,TEAM047,EMP0267,EMP0261,Code Review,2025-07-03,31,8.0
INT002438,TEAM047,EMP0267,EMP0261,Mentoring,2025-05-24,16,5.4
INT002439,TEAM047,EMP0267,EMP0261,Meeting,2025-11-07,63,6.9
INT002440,TEAM047,EMP0267,EMP0261,Discussion,2025-05-21,5,7.1
INT002441,TEAM047,EMP0267,EMP0261,Code Review,2025-08-31,29,5.9
INT002442,TEAM047,EMP0267,EMP0465,Mentoring,2025-06-29,44,7.7
INT002443,TEAM047,EMP0267,EMP0465,Discussion,2025-07-05,17,7.8
INT002444,TEAM047,EMP0267,EMP0465,Discussion,2025-07-19,4,6.2
INT002445,TEAM047,EMP0267,EMP0465,Collaboration,2025-10-21,31,5.1
INT002446,TEAM047,EMP0267,EMP0465,Meeting,2025-09-11,48,6.0
INT002447,TEAM047,EMP0267,EMP0465,Mentoring,2025-08-01,86,3.2
INT002448,TEAM047,EMP0425,EMP0261,Collaboration,2025-06-15,26,5.5
INT002449,TEAM047,EMP0425,EMP0261,Pair Programming,2025-08-08,6,8.1
INT002450,TEAM047,EMP0425,EMP0261,Pair Programming,2025-05-17,22,6.4
INT002451,TEAM047,EMP0425,EMP0261,Meeting,2025-07-28,29,8.9
INT002452,TEAM047,EMP0425,EMP0261,Mentoring,2025-05-30,32,8.7
INT002453,TEAM047,EMP0425,EMP0217,Brainstorming,2025-06-24,5,4.4
INT002454,TEAM047,EMP0425,EMP0217,Meeting,2025-08-12,66,9.3
INT002455,TEAM047,EMP0425,EMP0217,Brainstorming,2025-07-13,12,5.9
INT002456,TEAM047,EMP0425,EMP0217,Mentoring,2025-08-25,12,6.1
INT002457,TEAM047,EMP0425,EMP0217,Code Review,2025-09-17,24,6.4
INT002458,TEAM047,EMP0425,EMP0048,Mentoring,2025-08-01,16,7.1
INT002459,TEAM047,EMP0425,EMP0048,Pair Programming,2025-09-20,44,7.6
INT002460,TEAM047,EMP0425,EMP0048,Discussion,2025-05-13,14,6.8
INT002461,TEAM047,EMP0425,EMP0048,Mentoring,2025-10-11,10,5.8
INT002462,TEAM047,EMP0405,EMP0261,Discussion,2025-05-30,47,8.2
INT002463,TEAM047,EMP0405,EMP0261,Code Review,2025-09-20,19,9.3
INT002464,TEAM047,EMP0405,EMP0261,Code Review,2025-10-29,51,6.6
INT002465,TEAM047,EMP0405,EMP0261,Mentoring,2025-11-01,85,5.7
INT002466,TEAM047,EMP0405,EMP0261,Code Review,2025-06-09,76,6.9
INT002467,TEAM047,EMP0405,EMP0217,Brainstorming,2025-10-22,17,5.6
INT002468,TEAM047,EMP0405,EMP0217,Mentoring,2025-06-22,36,7.6
INT002469,TEAM047,EMP0405,EMP0217,Discussion,2025-08-21,4,6.7
INT002470,TEAM047,EMP0405,EMP0217,Brainstorming,2025-06-24,3,5.0
INT002471,TEAM047,EMP0405,EMP0217,Meeting,2025-07-15,77,7.0
INT002472,TEAM047,EMP0405,EMP0217,Pair Programming,2025-10-29,15,5.8
INT002473,TEAM047,EMP0405,EMP0217,Pair Programming,2025-10-24,5,7.2
INT002474,TEAM047,EMP0405,EMP0217,Discussion,2025-10-28,7,7.9
INT002475,TEAM047,EMP0405,EMP0217,Code Review,2025-10-08,35,6.7
INT002476,TEAM047,EMP0261,EMP0217,Brainstorming,2025-05-18,1,6.5
INT002477,TEAM047,EMP0261,EMP0217,Code Review,2025-06-23,29,8.6
INT002478,TEAM047,EMP0261,EMP0217,Code Review,2025-06-12,70,9.0
INT002479,TEAM047,EMP0261,EMP0465,Discussion,2025-10-02,9,7.2
INT002480,TEAM047,EMP0261,EMP0465,Meeting,2025-05-24,66,8.2
INT002481,TEAM047,EMP0261,EMP0465,Collaboration,2025-07-10,1,5.7
INT002482,TEAM047,EMP0217,EMP0048,Mentoring,2025-05-12,36,6.7
INT002483,TEAM047,EMP0217,EMP0048,Meeting,2025-10-05,62,5.9
INT002484,TEAM047,EMP0217,EMP0048,Mentoring,2025-09-24,17,7.4
INT002485,TEAM047,EMP0217,EMP0465,Brainstorming,2025-08-21,2,7.9
INT002486,TEAM047,EMP0217,EMP0465,Discussion,2025-10-14,26,5.1
INT002487,TEAM047,EMP0217,EMP0465,Code Review,2025-06-04,73,7.6
INT002488,TEAM048,EMP0066,EMP0358,Meeting,2025-10-11,38,4.1
INT002489,TEAM048,EMP0066,EMP0358,Collaboration,2025-07-03,13,7.2
INT002490,TEAM048,EMP0066,EMP0358,Code Review,2025-06-03,33,4.3
INT002491,TEAM048,EMP0066,EMP0358,Brainstorming,2025-10-22,22,8.3
INT002492,TEAM048,EMP0066,EMP0358,Discussion,2025-09-17,10,8.0
INT002493,TEAM048,EMP0066,EMP0358,Brainstorming,2025-08-13,17,8.0
INT002494,TEAM048,EMP0066,EMP0358,Discussion,2025-05-18,8,5.4
INT002495,TEAM048,EMP0066,EMP0358,Meeting,2025-08-16,41,7.8
INT002496,TEAM048,EMP0066,EMP0279,Pair Programming,2025-10-03,8,5.6
INT002497,TEAM048,EMP0066,EMP0279,Brainstorming,2025-09-14,0,5.4
INT002498,TEAM048,EMP0066,EMP0279,Collaboration,2025-10-27,29,7.8
INT002499,TEAM048,EMP0066,EMP0279,Pair Programming,2025-09-24,6,7.8
INT002500,TEAM048,EMP0066,EMP0370,Code Review,2025-08-29,15,7.9
INT002501,TEAM048,EMP0066,EMP0370,Code Review,2025-07-24,39,7.8
INT002502,TEAM048,EMP0358,EMP0193,Code Review,2025-07-18,53,8.4
INT002503,TEAM048,EMP0358,EMP0193,Meeting,2025-06-12,42,8.9
INT002504,TEAM048,EMP0358,EMP0193,Meeting,2025-10-04,41,8.8
INT002505,TEAM048,EMP0358,EMP0193,Collaboration,2025-05-30,11,6.9
INT002506,TEAM048,EMP0358,EMP0279,Meeting,2025-09-28,29,8.5
INT002507,TEAM048,EMP0358,EMP0279,Meeting,2025-07-06,20,8.6
INT002508,TEAM048,EMP0358,EMP0279,Meeting,2025-11-06,12,9.0
INT002509,TEAM048,EMP0358,EMP0279,Meeting,2025-09-23,40,7.7
INT002510,TEAM048,EMP0358,EMP0279,Mentoring,2025-05-11,4,9.3
INT002511,TEAM048,EMP0358,EMP0279,Pair Programming,2025-06-09,20,4.1
INT002512,TEAM048,EMP0358,EMP0370,Mentoring,2025-07-09,29,5.6
INT002513,TEAM048,EMP0358,EMP0370,Code Review,2025-10-06,30,7.7
INT002514,TEAM048,EMP0358,EMP0370,Mentoring,2025-10-02,57,7.7
INT002515,TEAM048,EMP0358,EMP0441,Discussion,2025-07-15,12,4.8
INT002516,TEAM048,EMP0358,EMP0441,Code Review,2025-09-07,51,8.7
INT002517,TEAM048,EMP0358,EMP0441,Mentoring,2025-06-04,10,6.1
INT002518,TEAM048,EMP0358,EMP0441,Collaboration,2025-10-29,11,5.7
INT002519,TEAM048,EMP0358,EMP0441,Mentoring,2025-09-22,46,6.6
INT002520,TEAM048,EMP0358,EMP0441,Collaboration,2025-07-03,18,7.9
INT002521,TEAM048,EMP0358,EMP0441,Mentoring,2025-10-16,17,8.4
INT002522,TEAM048,EMP0358,EMP0441,Pair Programming,2025-08-22,23,6.5
INT002523,TEAM048,EMP0358,EMP0441,Meeting,2025-07-23,69,6.8
INT002524,TEAM048,EMP0193,EMP0279,Meeting,2025-09-19,34,8.5
INT002525,TEAM048,EMP0193,EMP0279,Meeting,2025-06-25,49,6.3
INT002526,TEAM048,EMP0193,EMP0279,Pair Programming,2025-06-02,8,8.4
INT002527,TEAM048,EMP0193,EMP0279,Collaboration,2025-06-22,16,6.4
INT002528,TEAM048,EMP0193,EMP0279,Discussion,2025-09-12,13,9.1
INT002529,TEAM048,EMP0193,EMP0279,Mentoring,2025-05-31,23,5.4
INT002530,TEAM048,EMP0193,EMP0279,Pair Programming,2025-09-15,8,7.2
INT002531,TEAM048,EMP0193,EMP0279,Code Review,2025-10-25,45,5.8
INT002532,TEAM048,EMP0193,EMP0279,Brainstorming,2025-10-10,16,7.2
INT002533,TEAM048,EMP0193,EMP0370,Discussion,2025-07-09,12,6.4
INT002534,TEAM048,EMP0193,EMP0370,Code Review,2025-09-23,19,7.1
INT002535,TEAM048,EMP0193,EMP0370,Meeting,2025-05-20,77,7.7
INT002536,TEAM048,EMP0193,EMP0370,Mentoring,2025-10-25,32,7.8
INT002537,TEAM048,EMP0193,EMP0441,Discussion,2025-09-15,19,8.4
INT002538,TEAM048,EMP0193,EMP0441,Pair Programming,2025-09-04,15,5.2
INT002539,TEAM048,EMP0193,EMP0441,Brainstorming,2025-06-03,6,7.3
INT002540,TEAM048,EMP0193,EMP0441,Meeting,2025-07-14,21,9.2
INT002541,TEAM048,EMP0279,EMP0370,Collaboration,2025-10-25,3,8.1
INT002542,TEAM048,EMP0279,EMP0370,Code Review,2025-09-23,40,8.0
INT002543,TEAM048,EMP0279,EMP0370,Discussion,2025-10-31,27,8.1
INT002544,TEAM048,EMP0279,EMP0370,Meeting,2025-06-29,21,7.6
INT002545,TEAM048,EMP0279,EMP0370,Code Review,2025-10-20,119,6.8
INT002546,TEAM048,EMP0279,EMP0370,Collaboration,2025-07-17,22,7.8
INT002547,TEAM048,EMP0279,EMP0370,Pair Programming,2025-06-12,7,7.3
INT002548,TEAM048,EMP0279,EMP0441,Pair Programming,2025-05-18,13,8.8
INT002549,TEAM048,EMP0279,EMP0441,Brainstorming,2025-09-10,5,6.4
INT002550,TEAM048,EMP0279,EMP0441,Pair Programming,2025-10-10,18,7.3
INT002551,TEAM048,EMP0279,EMP0441,Meeting,2025-09-10,42,6.2
INT002552,TEAM048,EMP0279,EMP0441,Mentoring,2025-09-08,28,8.7
INT002553,TEAM048,EMP0370,EMP0441,Discussion,2025-09-17,12,5.5
INT002554,TEAM048,EMP0370,EMP0441,Meeting,2025-09-12,19,8.6
INT002555,TEAM048,EMP0370,EMP0441,Collaboration,2025-07-10,8,6.9
INT002556,TEAM048,EMP0370,EMP0441,Meeting,2025-07-06,31,6.3
INT002557,TEAM048,EMP0370,EMP0441,Code Review,2025-07-19,28,8.1
INT002558,TEAM048,EMP0370,EMP0441,Collaboration,2025-09-13,8,7.7
INT002559,TEAM049,EMP0201,EMP0338,Pair Programming,2025-07-31,3,4.0
INT002560,TEAM049,EMP0201,EMP0338,Discussion,2025-10-04,5,7.9
INT002561,TEAM049,EMP0201,EMP0338,Mentoring,2025-09-19,9,6.1
INT002562,TEAM049,EMP0201,EMP0338,Pair Programming,2025-08-08,11,7.7
INT002563,TEAM049,EMP0201,EMP0338,Pair Programming,2025-09-17,17,8.3
INT002564,TEAM049,EMP0201,EMP0338,Meeting,2025-10-06,21,7.9
INT002565,TEAM049,EMP0201,EMP0338,Collaboration,2025-05-14,33,6.4
INT002566,TEAM049,EMP0201,EMP0338,Pair Programming,2025-10-23,0,8.9
INT002567,TEAM049,EMP0201,EMP0338,Meeting,2025-10-04,64,6.8
INT002568,TEAM049,EMP0338,EMP0428,Brainstorming,2025-09-25,21,4.5
INT002569,TEAM050,EMP0073,EMP0487,Collaboration,2025-08-24,19,4.8
INT002570,TEAM050,EMP0073,EMP0487,Brainstorming,2025-09-28,10,6.0
INT002571,TEAM050,EMP0073,EMP0487,Collaboration,2025-05-28,12,5.4
INT002572,TEAM050,EMP0073,EMP0077,Brainstorming,2025-06-19,21,6.2
INT002573,TEAM050,EMP0073,EMP0077,Meeting,2025-09-10,24,8.3
INT002574,TEAM050,EMP0073,EMP0130,Discussion,2025-06-27,27,5.1
INT002575,TEAM050,EMP0073,EMP0130,Collaboration,2025-09-13,8,7.9
INT002576,TEAM050,EMP0073,EMP0130,Brainstorming,2025-07-09,6,7.8
INT002577,TEAM050,EMP0487,EMP0390,Mentoring,2025-11-04,94,5.4
INT002578,TEAM050,EMP0487,EMP0390,Mentoring,2025-07-21,85,8.3
INT002579,TEAM050,EMP0487,EMP0390,Code Review,2025-09-05,50,8.6
INT002580,TEAM050,EMP0487,EMP0390,Discussion,2025-08-16,12,5.7
INT002581,TEAM050,EMP0487,EMP0390,Code Review,2025-06-12,72,8.0
INT002582,TEAM050,EMP0487,EMP0390,Code Review,2025-06-09,4,8.2
INT002583,TEAM050,EMP0487,EMP0390,Meeting,2025-06-14,15,6.6
INT002584,TEAM050,EMP0487,EMP0390,Meeting,2025-07-24,22,8.9
INT002585,TEAM050,EMP0487,EMP0390,Discussion,2025-10-28,21,8.2
INT002586,TEAM050,EMP0487,EMP0130,Collaboration,2025-07-22,20,9.7
INT002587,TEAM050,EMP0487,EMP0130,Discussion,2025-07-30,23,6.6
INT002588,TEAM050,EMP0487,EMP0130,Brainstorming,2025-05-13,9,4.2
INT002589,TEAM050,EMP0487,EMP0130,Discussion,2025-10-13,27,7.6
INT002590,TEAM050,EMP0487,EMP0130,Code Review,2025-07-04,52,7.8
INT002591,TEAM050,EMP0487,EMP0130,Collaboration,2025-10-17,6,8.9
INT002592,TEAM050,EMP0487,EMP0130,Mentoring,2025-11-04,14,8.4
INT002593,TEAM050,EMP0487,EMP0130,Code Review,2025-07-26,36,7.5
INT002594,TEAM050,EMP0390,EMP0077,Code Review,2025-08-24,46,7.2
INT002595,TEAM050,EMP0390,EMP0077,Meeting,2025-05-26,48,4.8
INT002596,TEAM050,EMP0390,EMP0077,Discussion,2025-11-03,4,9.0
INT002597,TEAM050,EMP0390,EMP0077,Pair Programming,2025-05-20,11,6.0
INT002598,TEAM050,EMP0390,EMP0130,Brainstorming,2025-07-13,30,5.3
INT002599,TEAM050,EMP0390,EMP0130,Mentoring,2025-06-14,89,7.6
INT002600,TEAM050,EMP0390,EMP0130,Meeting,2025-06-11,53,4.6
