meeting_id,meeting_type,date,duration_minutes,num_participants,transcript,transcript_length,num_utterances,avg_sentiment,sentiment_std,agenda_clear,on_time_start,stayed_on_topic,avg_speaking_time,participation_balance,questions_asked,action_items,decisions_made,usefulness_rating,action_completion_rate,effectiveness_score
MTG00001,Retrospective,2025-11-01,59,3,I'll take the action item to follow up. I'm concerned about the timeline here. The deadline for this is next Friday. We've discussed this several times already. That's a really innovative approach. We have three items on the agenda today. This meeting could have been an email. I appreciate everyone's input today. Let me share my screen to show the data. I'm not sure this is the right approach. We have three items on the agenda today. I'm concerned about the timeline here. Excellent point. I hadn...,1088,28,0.514,0.217,1,0,0.541,19.67,0.891,0,3,0,3.6,0.568,63.2
MTG00002,Brainstorming,2025-09-29,70,6,Let's move to the next topic. I agree with this approach. It makes sense. I agree with this approach. It makes sense. I appreciate everyone's input today. I agree with this approach. It makes sense. Let's move to the next topic. This solution addresses our concerns perfectly. I think we've reached a good decision here. Can everyone see the presentation? Great idea! Let's explore that further. We should schedule a follow-up meeting. The project timeline is on track. We have three items on the age...,1272,31,0.54,0.228,1,1,0.833,11.67,0.886,0,3,0,4.1,0.766,80.9
MTG00003,Decision-Making,2025-09-27,13,4,Let's move to the next topic. I'll take the action item to follow up. Can everyone see the presentation? I agree with this approach. It makes sense. I think we've reached a good decision here. This is exactly what we need. Well done. That's a really innovative approach. Excellent point. I hadn't considered that. The deadline for this is next Friday. We should have resolved this weeks ago. I appreciate everyone's input today. We're going in circles on this topic. I disagree with this direction co...,552,14,0.674,0.197,1,1,0.568,3.25,0.901,3,5,2,4.4,0.613,81.2
MTG00004,Decision-Making,2025-10-24,39,4,I'm not sure this is the right approach. Let's move to the next topic. I'll send out the meeting notes later. Can everyone see the presentation? We have three items on the agenda today. Excellent point. I hadn't considered that. This meeting could have been an email. This solution addresses our concerns perfectly. I'm concerned about the timeline here. We should schedule a follow-up meeting. I'll send out the meeting notes later. We should schedule a follow-up meeting. The deadline for this is n...,816,21,0.52,0.206,0,0,0.69,9.75,0.897,1,5,3,3.2,0.44,51.1
MTG00005,Status Update,2025-08-07,16,20,This is exactly what we need. Well done. I disagree with this direction completely. We should have resolved this weeks ago. We've discussed this several times already. Let me share my screen to show the data. I agree with this approach. It makes sense. The deadline for this is next Friday. The deadline for this is next Friday. This seems like a waste of time honestly. Here are the key metrics from last week. We've discussed this several times already. This seems like a waste of time honestly. Th...,539,13,0.454,0.235,0,1,0.3,0.8,0.882,4,1,5,2.3,0.33,41.8
MTG00006,One-on-One,2025-06-25,57,2,I disagree with this direction completely. I'm not sure this is the right approach. We've discussed this several times already. The project timeline is on track. Can everyone see the presentation? Let's move to the next topic. We have three items on the agenda today. I'm excited about this direction. Let's move forward. I'll send out the meeting notes later. The deadline for this is next Friday. We should schedule a follow-up meeting. Great idea! Let's explore that further. Can everyone see the ...,1122,28,0.534,0.192,0,1,0.527,28.5,0.904,0,6,0,3.3,0.472,57.4
MTG00007,Decision-Making,2025-07-05,32,5,We have three items on the agenda today. This solution addresses our concerns perfectly. I'm excited about this direction. Let's move forward. I'll take the action item to follow up. Let me share my screen to show the data. I'm concerned about the timeline here. Here are the key metrics from last week. We have three items on the agenda today. We have three items on the agenda today. We should schedule a follow-up meeting. I agree with this approach. It makes sense. The project timeline is on tra...,622,15,0.497,0.172,1,0,0.615,6.4,0.914,1,3,1,3.5,0.549,65.0
MTG00008,All-Hands,2025-09-26,54,54,The project timeline is on track. This meeting could have been an email. I'll send out the meeting notes later. Excellent point. I hadn't considered that. I disagree with this direction completely. I'll take the action item to follow up. We're going in circles on this topic. I'll send out the meeting notes later. I don't think we have enough information to decide. We should schedule a follow-up meeting. That's a really innovative approach. We should have resolved this weeks ago. We have three it...,1099,27,0.419,0.205,1,1,0.567,1.0,0.897,17,5,3,4.0,0.606,76.0
MTG00009,Retrospective,2025-10-30,71,3,We have three items on the agenda today. The project timeline is on track. I'll take the action item to follow up. Can everyone see the presentation? We should have resolved this weeks ago. Excellent point. I hadn't considered that. That's a really innovative approach. The deadline for this is next Friday. This meeting could have been an email. Here are the key metrics from last week. We should schedule a follow-up meeting. Excellent point. I hadn't considered that. We should have resolved this ...,1328,33,0.533,0.196,1,1,0.52,23.67,0.902,0,3,0,3.9,0.579,73.2
MTG00010,Standup,2025-07-22,10,5,I'm excited about this direction. Let's move forward. We should schedule a follow-up meeting. Excellent point. I hadn't considered that. We have three items on the agenda today. We should have resolved this weeks ago. That's a really innovative approach. I agree with this approach. It makes sense. Great idea! Let's explore that further. That's a really innovative approach. Let me share my screen to show the data....,416,10,0.514,0.171,1,1,0.79,2.0,0.914,1,7,1,4.5,0.643,83.8
MTG00011,Retrospective,2025-09-08,67,3,I appreciate everyone's input today. We should have resolved this weeks ago. We should schedule a follow-up meeting. I'll take the action item to follow up. This seems like a waste of time honestly. Let me share my screen to show the data. The deadline for this is next Friday. I'll send out the meeting notes later. Let me share my screen to show the data. I'll send out the meeting notes later. I'm excited about this direction. Let's move forward. We should have resolved this weeks ago. Can every...,1149,29,0.454,0.185,1,1,0.445,22.33,0.907,0,2,2,4.1,0.568,67.8
MTG00012,All-Hands,2025-06-25,39,28,Great idea! Let's explore that further. That's a really innovative approach. I agree with this approach. It makes sense. This is exactly what we need. Well done. We've discussed this several times already. Here are the key metrics from last week. I agree with this approach. It makes sense. Excellent point. I hadn't considered that. I appreciate everyone's input today. I agree with this approach. It makes sense. Here are the key metrics from last week. I'll take the action item to follow up. I th...,833,20,0.631,0.21,1,1,0.896,1.39,0.895,10,4,1,4.4,0.788,86.4
MTG00013,All-Hands,2025-08-19,69,86,I'm concerned about the timeline here. Let's move to the next topic. I'll take the action item to follow up. We're going in circles on this topic. I'll send out the meeting notes later. This doesn't align with our objectives. Can everyone see the presentation? We should schedule a follow-up meeting. Let's move to the next topic. We have three items on the agenda today. Great idea! Let's explore that further. We should have resolved this weeks ago. Here are the key metrics from last week. This me...,1274,32,0.463,0.238,1,1,0.484,0.8,0.881,25,2,1,3.4,0.679,68.6
MTG00014,Planning,2025-05-21,121,5,I'm excited about this direction. Let's move forward. I agree with this approach. It makes sense. This is exactly what we need. Well done. I'm excited about this direction. Let's move forward. We have three items on the agenda today. We have three items on the agenda today. The project timeline is on track. This is exactly what we need. Well done. We're going in circles on this topic. We're going in circles on this topic. This meeting could have been an email. I'll take the action item to follow...,2154,53,0.43,0.215,0,1,0.951,24.2,0.893,4,7,2,3.7,0.498,65.8
MTG00015,All-Hands,2025-07-26,92,54,This is exactly what we need. Well done. Excellent point. I hadn't considered that. This is exactly what we need. Well done. This doesn't align with our objectives. I appreciate everyone's input today. Let me share my screen to show the data. The deadline for this is next Friday. This solution addresses our concerns perfectly. This seems like a waste of time honestly. Excellent point. I hadn't considered that. Can everyone see the presentation? The deadline for this is next Friday. We have three...,1804,44,0.609,0.216,1,1,0.789,1.7,0.892,19,1,2,4.2,0.763,77.3
MTG00016,Status Update,2025-08-11,53,5,This seems like a waste of time honestly. Here are the key metrics from last week. The project timeline is on track. We have three items on the agenda today. This seems like a waste of time honestly. I think we've reached a good decision here. I'll take the action item to follow up. I'm excited about this direction. Let's move forward. I'm not sure this is the right approach. I appreciate everyone's input today. Let me share my screen to show the data. I disagree with this direction completely. ...,1045,27,0.522,0.175,1,0,0.612,10.6,0.913,1,1,2,3.7,0.614,61.4
MTG00017,Brainstorming,2025-06-19,68,5,I'm concerned about the timeline here. I'll send out the meeting notes later. I'll send out the meeting notes later. This is exactly what we need. Well done. Here are the key metrics from last week. This meeting could have been an email. Can everyone see the presentation? This seems like a waste of time honestly. The project timeline is on track. I'm not sure this is the right approach. Can everyone see the presentation? We're going in circles on this topic. Excellent point. I hadn't considered ...,1145,29,0.455,0.201,1,1,0.696,13.6,0.9,0,5,1,4.1,0.577,80.0
MTG00018,Retrospective,2025-09-08,25,3,Can everyone see the presentation? I'll take the action item to follow up. Excellent point. I hadn't considered that. The deadline for this is next Friday. Let me share my screen to show the data. I'm not sure this is the right approach. I'm concerned about the timeline here. We should schedule a follow-up meeting. I think we've reached a good decision here. We've discussed this several times already. We should schedule a follow-up meeting. This seems like a waste of time honestly. This meeting ...,924,23,0.499,0.207,0,1,0.887,8.33,0.896,0,1,3,3.2,0.569,57.6
MTG00019,Standup,2025-05-13,7,3,We're making great progress on this. I'm not sure this is the right approach. That's a really innovative approach. I'll take the action item to follow up. We've discussed this several times already. We should schedule a follow-up meeting. This is exactly what we need. Well done. We're making great progress on this. The project timeline is on track. The project timeline is on track. I think we've reached a good decision here. This solution addresses our concerns perfectly. We're making great prog...,591,15,0.528,0.209,1,1,0.869,2.33,0.896,0,3,3,3.7,0.801,81.7
MTG00020,Status Update,2025-06-20,27,5,The deadline for this is next Friday. We're making great progress on this. We're making great progress on this. I'm excited about this direction. Let's move forward. I'll take the action item to follow up. Can everyone see the presentation? I disagree with this direction completely. We're making great progress on this. Excellent point. I hadn't considered that. We're going in circles on this topic. We should schedule a follow-up meeting. I agree with this approach. It makes sense. I'm excited ab...,878,21,0.593,0.206,1,0,0.749,5.4,0.897,1,2,3,3.6,0.55,68.0
MTG00021,Review,2025-08-01,23,3,Excellent point. I hadn't considered that. We've discussed this several times already. I appreciate everyone's input today. I'll send out the meeting notes later. This solution addresses our concerns perfectly. The project timeline is on track. We should schedule a follow-up meeting. I'll send out the meeting notes later. Let me share my screen to show the data. I'll take the action item to follow up. I'll send out the meeting notes later. I'll send out the meeting notes later. I think we've rea...,567,14,0.534,0.234,1,1,0.583,7.67,0.883,1,4,0,4.1,0.559,76.5
MTG00022,Status Update,2025-07-08,23,11,Let's move to the next topic. Can everyone see the presentation? This seems like a waste of time honestly. This seems like a waste of time honestly. I disagree with this direction completely. The project timeline is on track. Here are the key metrics from last week. I'll take the action item to follow up. We should schedule a follow-up meeting. I'm concerned about the timeline here. Can everyone see the presentation? I'll send out the meeting notes later....,459,12,0.374,0.194,1,0,0.549,2.09,0.903,4,2,2,4.1,0.514,58.8
MTG00023,One-on-One,2025-10-31,16,2,This solution addresses our concerns perfectly. I appreciate everyone's input today. This is exactly what we need. Well done. We should schedule a follow-up meeting. This is exactly what we need. Well done. I think we've reached a good decision here. That's a really innovative approach. Great idea! Let's explore that further. I appreciate everyone's input today. Here are the key metrics from last week. Here are the key metrics from last week. I'm not sure this is the right approach. I agree with...,645,16,0.634,0.157,1,0,0.821,8.0,0.922,1,0,3,3.6,,67.0
MTG00024,Standup,2025-10-26,7,4,I'll send out the meeting notes later. Let's move to the next topic. I'm concerned about the timeline here. We should schedule a follow-up meeting. Let's move to the next topic. Let's move to the next topic. I'll send out the meeting notes later. We're going in circles on this topic. I'll send out the meeting notes later. We're going in circles on this topic. I agree with this approach. It makes sense....,405,11,0.419,0.204,1,1,0.623,1.75,0.898,0,2,2,3.9,0.591,71.4
MTG00025,One-on-One,2025-11-03,28,2,Great idea! Let's explore that further. Let's move to the next topic. I'll take the action item to follow up. We have three items on the agenda today. Great idea! Let's explore that further. Let me share my screen to show the data. I'm concerned about the timeline here. Excellent point. I hadn't considered that. Great idea! Let's explore that further. Here are the key metrics from last week. This doesn't align with our objectives. Excellent point. I hadn't considered that. The deadline for this ...,888,22,0.506,0.238,1,0,0.678,14.0,0.881,0,2,0,3.9,0.53,64.3
MTG00026,Retrospective,2025-09-27,65,3,I agree with this approach. It makes sense. I think we've reached a good decision here. Great idea! Let's explore that further. We're going in circles on this topic. Here are the key metrics from last week. I'll send out the meeting notes later. I appreciate everyone's input today. Excellent point. I hadn't considered that. We've discussed this several times already. I think we've reached a good decision here. Excellent point. I hadn't considered that. I agree with this approach. It makes sense....,1206,30,0.584,0.245,1,0,0.821,21.67,0.877,1,3,4,3.8,0.548,71.4
MTG00027,One-on-One,2025-09-29,23,2,This is exactly what we need. Well done. The project timeline is on track. I'm excited about this direction. Let's move forward. I think we've reached a good decision here. I disagree with this direction completely. We're making great progress on this. We're making great progress on this. I'll send out the meeting notes later. Here are the key metrics from last week. I'm excited about this direction. Let's move forward. This solution addresses our concerns perfectly. Excellent point. I hadn't co...,779,18,0.608,0.165,1,0,0.717,11.5,0.917,0,2,3,3.5,0.673,67.9
MTG00028,Status Update,2025-08-13,22,5,We should schedule a follow-up meeting. Let's move to the next topic. The deadline for this is next Friday. We should have resolved this weeks ago. I'll take the action item to follow up. This solution addresses our concerns perfectly. I'm excited about this direction. Let's move forward. This solution addresses our concerns perfectly. Can everyone see the presentation? I think we've reached a good decision here. Can everyone see the presentation? That's a really innovative approach....,488,12,0.551,0.173,1,1,0.573,4.4,0.914,2,6,1,4.3,0.626,79.1
MTG00029,Planning,2025-06-28,42,11,I agree with this approach. It makes sense. I'm concerned about the timeline here. I appreciate everyone's input today. We should schedule a follow-up meeting. I disagree with this direction completely. I'm concerned about the timeline here. We should schedule a follow-up meeting. We should have resolved this weeks ago. We should schedule a follow-up meeting. Let me share my screen to show the data. We have three items on the agenda today. I'm excited about this direction. Let's move forward. I'...,865,22,0.437,0.231,1,1,0.522,3.82,0.885,1,6,4,3.8,0.546,75.1
MTG00030,Status Update,2025-06-20,11,6,I don't think we have enough information to decide. We should have resolved this weeks ago. Can everyone see the presentation? I'm excited about this direction. Let's move forward. I'm excited about this direction. Let's move forward. I'll take the action item to follow up. I agree with this approach. It makes sense. I'll take the action item to follow up. I don't think we have enough information to decide. We have three items on the agenda today. The project timeline is on track. This doesn't a...,564,13,0.501,0.24,0,1,0.788,1.83,0.88,3,5,0,3.7,0.561,62.9
MTG00031,Review,2025-07-07,25,5,Here are the key metrics from last week. The project timeline is on track. Here are the key metrics from last week. Can everyone see the presentation? We have three items on the agenda today. I'll take the action item to follow up. I'm excited about this direction. Let's move forward. I'll take the action item to follow up. This solution addresses our concerns perfectly. This is exactly what we need. Well done. Can everyone see the presentation? I'm not sure this is the right approach. I disagre...,687,17,0.556,0.207,1,0,0.56,5.0,0.896,1,4,1,3.8,0.582,66.6
MTG00032,All-Hands,2025-08-25,89,58,We should schedule a follow-up meeting. We've discussed this several times already. Let me share my screen to show the data. I think we've reached a good decision here. Can everyone see the presentation? We're making great progress on this. We should schedule a follow-up meeting. We should schedule a follow-up meeting. Let's move to the next topic. This is exactly what we need. Well done. I'm not sure this is the right approach. I'm excited about this direction. Let's move forward. We're making ...,1449,36,0.557,0.194,1,0,0.663,1.53,0.903,13,6,1,3.9,0.71,71.3
MTG00033,One-on-One,2025-08-23,17,2,This seems like a waste of time honestly. Can everyone see the presentation? Here are the key metrics from last week. Here are the key metrics from last week. Let me share my screen to show the data. Here are the key metrics from last week. We have three items on the agenda today. I'll take the action item to follow up. I'm concerned about the timeline here. Can everyone see the presentation? We've discussed this several times already. This doesn't align with our objectives. I'm concerned about ...,755,19,0.524,0.192,1,0,0.451,8.5,0.904,1,3,1,3.4,0.569,61.3
MTG00034,One-on-One,2025-05-15,15,2,We should have resolved this weeks ago. I'm excited about this direction. Let's move forward. Great idea! Let's explore that further. Excellent point. I hadn't considered that. We're going in circles on this topic. I'm excited about this direction. Let's move forward. We should schedule a follow-up meeting. We've discussed this several times already. I'll take the action item to follow up. Can everyone see the presentation? This meeting could have been an email. I'm concerned about the timeline ...,789,19,0.487,0.252,0,0,0.764,7.5,0.874,1,3,4,3.3,0.414,47.9
MTG00035,Retrospective,2025-10-23,68,7,I'm excited about this direction. Let's move forward. Here are the key metrics from last week. Here are the key metrics from last week. Can everyone see the presentation? We should schedule a follow-up meeting. I agree with this approach. It makes sense. We're making great progress on this. I'm excited about this direction. Let's move forward. I appreciate everyone's input today. I'm excited about this direction. Let's move forward. The project timeline is on track. That's a really innovative ap...,1250,29,0.622,0.199,1,1,0.769,9.71,0.9,0,1,4,3.8,0.668,77.2
MTG00036,Planning,2025-09-24,107,4,I disagree with this direction completely. We're making great progress on this. We're going in circles on this topic. This doesn't align with our objectives. This meeting could have been an email. I appreciate everyone's input today. We're making great progress on this. We have three items on the agenda today. We should schedule a follow-up meeting. Let's move to the next topic. I appreciate everyone's input today. This solution addresses our concerns perfectly. I don't think we have enough info...,1850,47,0.509,0.218,1,0,0.665,26.75,0.891,0,0,4,3.2,,60.2
MTG00037,One-on-One,2025-05-13,39,2,We've discussed this several times already. Let me share my screen to show the data. This meeting could have been an email. Excellent point. I hadn't considered that. The deadline for this is next Friday. We're going in circles on this topic. That's a really innovative approach. I'm not sure this is the right approach. That's a really innovative approach. This seems like a waste of time honestly. We have three items on the agenda today. I'm concerned about the timeline here. We have three items ...,1005,25,0.481,0.22,1,1,0.66,19.5,0.89,0,6,3,4.7,0.586,79.5
MTG00038,All-Hands,2025-10-01,43,32,I'm concerned about the timeline here. I think we've reached a good decision here. That's a really innovative approach. The deadline for this is next Friday. We have three items on the agenda today. Can everyone see the presentation? This seems like a waste of time honestly. This solution addresses our concerns perfectly. I disagree with this direction completely. We're going in circles on this topic. I'm not sure this is the right approach. Can everyone see the presentation? Can everyone see th...,1006,25,0.465,0.211,1,0,0.461,1.34,0.895,12,6,2,3.5,0.496,64.3
MTG00039,One-on-One,2025-08-17,25,2,I'll take the action item to follow up. I think we've reached a good decision here. I appreciate everyone's input today. I'm concerned about the timeline here. I appreciate everyone's input today. I'm not sure this is the right approach. This solution addresses our concerns perfectly. We should schedule a follow-up meeting. This seems like a waste of time honestly. I'll send out the meeting notes later. The deadline for this is next Friday. We should have resolved this weeks ago. Let me share my...,649,16,0.466,0.199,1,1,0.502,12.5,0.9,1,1,3,3.7,0.561,67.4
MTG00040,Decision-Making,2025-10-13,51,4,I agree with this approach. It makes sense. I disagree with this direction completely. We should have resolved this weeks ago. I'm not sure this is the right approach. The deadline for this is next Friday. I'll send out the meeting notes later. The deadline for this is next Friday. We have three items on the agenda today. We should schedule a follow-up meeting. I'm excited about this direction. Let's move forward. I don't think we have enough information to decide. Here are the key metrics from ...,1187,29,0.425,0.239,1,0,0.675,12.75,0.881,1,1,1,4.0,0.577,60.6
MTG00041,Retrospective,2025-07-17,28,3,Can everyone see the presentation? Great idea! Let's explore that further. Let me share my screen to show the data. Let's move to the next topic. Great idea! Let's explore that further. Can everyone see the presentation? I don't think we have enough information to decide. Let's move to the next topic. I'll send out the meeting notes later. The deadline for this is next Friday. I'll take the action item to follow up. I disagree with this direction completely. This seems like a waste of time hones...,624,16,0.443,0.212,1,1,0.536,9.33,0.894,2,3,0,3.7,0.703,71.7
MTG00042,Standup,2025-10-18,34,7,This seems like a waste of time honestly. This meeting could have been an email. I'll take the action item to follow up. We should schedule a follow-up meeting. This meeting could have been an email. This is exactly what we need. Well done. I'll take the action item to follow up. We should schedule a follow-up meeting. We're going in circles on this topic. We should schedule a follow-up meeting. We're going in circles on this topic. Let me share my screen to show the data. We should have resolve...,972,25,0.453,0.21,0,1,0.496,4.86,0.895,3,3,1,3.1,0.433,50.9
MTG00043,Review,2025-08-01,80,5,We have three items on the agenda today. I'll take the action item to follow up. This seems like a waste of time honestly. This meeting could have been an email. Let's move to the next topic. I think we've reached a good decision here. I'm excited about this direction. Let's move forward. Can everyone see the presentation? Let me share my screen to show the data. I'll send out the meeting notes later. Can everyone see the presentation? I'm not sure this is the right approach. Here are the key me...,1503,38,0.505,0.202,0,1,0.802,16.0,0.899,1,4,3,3.2,0.509,61.6
MTG00044,Review,2025-10-05,78,3,I don't think we have enough information to decide. The project timeline is on track. That's a really innovative approach. We're going in circles on this topic. This is exactly what we need. Well done. I'm excited about this direction. Let's move forward. We should have resolved this weeks ago. Can everyone see the presentation? Let's move to the next topic. I agree with this approach. It makes sense. We should have resolved this weeks ago. We have three items on the agenda today. This is exactl...,1635,39,0.486,0.211,1,0,0.688,26.0,0.895,0,1,1,3.4,0.44,62.3
MTG00045,One-on-One,2025-05-12,9,2,This seems like a waste of time honestly. We've discussed this several times already. This is exactly what we need. Well done. Let me share my screen to show the data. Let me share my screen to show the data. Can everyone see the presentation? We're making great progress on this. We've discussed this several times already. I agree with this approach. It makes sense. I'll take the action item to follow up. That's a really innovative approach. This is exactly what we need. Well done....,486,12,0.52,0.188,1,0,0.637,4.5,0.906,0,1,1,3.2,0.509,61.9
MTG00046,Status Update,2025-07-14,16,18,The project timeline is on track. I'll send out the meeting notes later. I think we've reached a good decision here. This is exactly what we need. Well done. I'll send out the meeting notes later. We have three items on the agenda today. We should schedule a follow-up meeting. Here are the key metrics from last week. This seems like a waste of time honestly. We're going in circles on this topic. I'm not sure this is the right approach. I don't think we have enough information to decide. I'll tak...,608,15,0.423,0.218,1,1,0.398,0.89,0.891,2,3,0,4.3,0.52,67.8
MTG00047,Review,2025-08-07,32,6,Let's move to the next topic. That's a really innovative approach. Let's move to the next topic. I'm not sure this is the right approach. I'll send out the meeting notes later. Can everyone see the presentation? I'll take the action item to follow up. We have three items on the agenda today. We're making great progress on this. I agree with this approach. It makes sense. I'll take the action item to follow up. This meeting could have been an email. I'm not sure this is the right approach. Let me...,626,16,0.49,0.16,1,1,0.807,5.33,0.92,2,2,3,4.6,0.636,77.8
MTG00048,Standup,2025-06-16,4,3,I agree with this approach. It makes sense. The project timeline is on track. Excellent point. I hadn't considered that. This meeting could have been an email. I'll take the action item to follow up. Excellent point. I hadn't considered that. This solution addresses our concerns perfectly. The deadline for this is next Friday. Here are the key metrics from last week....,369,9,0.482,0.159,1,1,0.763,1.33,0.92,1,3,2,4.2,0.59,78.5
MTG00049,Planning,2025-08-29,51,4,The deadline for this is next Friday. The project timeline is on track. We're going in circles on this topic. This is exactly what we need. Well done. We have three items on the agenda today. Let me share my screen to show the data. The deadline for this is next Friday. I'm not sure this is the right approach. Let's move to the next topic. I'm concerned about the timeline here. Here are the key metrics from last week. This solution addresses our concerns perfectly. Great idea! Let's explore that...,932,24,0.53,0.221,1,0,0.927,12.75,0.89,0,1,2,4.1,0.679,69.1
MTG00050,All-Hands,2025-06-09,95,20,We should schedule a follow-up meeting. That's a really innovative approach. I'm concerned about the timeline here. This meeting could have been an email. Great idea! Let's explore that further. I disagree with this direction completely. We're going in circles on this topic. We should schedule a follow-up meeting. Let me share my screen to show the data. I'm not sure this is the right approach. We're making great progress on this. I appreciate everyone's input today. I'll send out the meeting no...,1507,37,0.493,0.194,1,0,0.542,4.75,0.903,7,4,1,3.8,0.534,65.0
MTG00051,Retrospective,2025-05-24,29,3,The project timeline is on track. Excellent point. I hadn't considered that. I'll send out the meeting notes later. We should schedule a follow-up meeting. I'm concerned about the timeline here. This seems like a waste of time honestly. This solution addresses our concerns perfectly. We're making great progress on this. I appreciate everyone's input today. I appreciate everyone's input today. We have three items on the agenda today. I don't think we have enough information to decide. I'll send o...,993,24,0.575,0.196,1,1,0.742,9.67,0.902,1,2,3,4.4,0.658,77.6
MTG00052,Decision-Making,2025-10-05,49,4,Great idea! Let's explore that further. This meeting could have been an email. The project timeline is on track. The project timeline is on track. Let's move to the next topic. We have three items on the agenda today. I appreciate everyone's input today. I don't think we have enough information to decide. I appreciate everyone's input today. Let me share my screen to show the data. Can everyone see the presentation? This meeting could have been an email. Can everyone see the presentation? This s...,1163,29,0.542,0.234,0,1,0.455,12.25,0.883,2,4,4,3.0,0.415,53.5
MTG00053,Status Update,2025-06-17,32,13,I think we've reached a good decision here. That's a really innovative approach. Great idea! Let's explore that further. This meeting could have been an email. I'm excited about this direction. Let's move forward. Let me share my screen to show the data. The deadline for this is next Friday. Can everyone see the presentation? I'm excited about this direction. Let's move forward. This solution addresses our concerns perfectly. I don't think we have enough information to decide. I'm not sure this ...,997,24,0.495,0.212,1,0,0.801,2.46,0.894,5,0,2,3.9,,63.3
MTG00054,One-on-One,2025-08-12,23,2,I don't think we have enough information to decide. Can everyone see the presentation? Let's move to the next topic. Here are the key metrics from last week. I think we've reached a good decision here. We've discussed this several times already. Let me share my screen to show the data. The deadline for this is next Friday. This doesn't align with our objectives. Here are the key metrics from last week. Let me share my screen to show the data. We have three items on the agenda today. Can everyone...,562,14,0.371,0.16,0,0,0.757,11.5,0.92,1,6,0,3.3,0.434,50.1
MTG00055,Status Update,2025-07-06,18,5,We should schedule a follow-up meeting. I appreciate everyone's input today. Can everyone see the presentation? I'll take the action item to follow up. I disagree with this direction completely. I agree with this approach. It makes sense. This solution addresses our concerns perfectly. I'll send out the meeting notes later. We have three items on the agenda today. I'm excited about this direction. Let's move forward. Here are the key metrics from last week. We should schedule a follow-up meeting...,833,20,0.516,0.195,0,1,0.903,3.6,0.903,1,4,3,3.7,0.543,64.4
MTG00056,Review,2025-08-22,27,4,This doesn't align with our objectives. I'm excited about this direction. Let's move forward. Can everyone see the presentation? Let's move to the next topic. I agree with this approach. It makes sense. I'm not sure this is the right approach. We should have resolved this weeks ago. I'll send out the meeting notes later. This is exactly what we need. Well done. This doesn't align with our objectives. I appreciate everyone's input today. The project timeline is on track. Excellent point. I hadn't...,677,17,0.473,0.21,0,1,0.62,6.75,0.895,1,4,2,4.0,0.539,56.4
MTG00057,Status Update,2025-10-28,32,5,Great idea! Let's explore that further. We're making great progress on this. We've discussed this several times already. This solution addresses our concerns perfectly. Here are the key metrics from last week. I appreciate everyone's input today. Here are the key metrics from last week. I appreciate everyone's input today. I appreciate everyone's input today. I'm excited about this direction. Let's move forward. I agree with this approach. It makes sense. I appreciate everyone's input today. Gre...,867,21,0.573,0.181,1,1,0.883,6.4,0.909,1,5,3,4.6,0.63,87.2
MTG00058,Review,2025-07-19,9,3,This seems like a waste of time honestly. I disagree with this direction completely. We have three items on the agenda today. I appreciate everyone's input today. We're going in circles on this topic. Let's move to the next topic. I'll take the action item to follow up. Let's move to the next topic. This doesn't align with our objectives. We have three items on the agenda today. The project timeline is on track. We've discussed this several times already. The project timeline is on track. The pr...,627,17,0.405,0.18,0,1,0.669,3.0,0.91,0,0,3,3.2,,48.5
MTG00059,Standup,2025-09-08,6,5,This is exactly what we need. Well done. I'm excited about this direction. Let's move forward. I'm concerned about the timeline here. The deadline for this is next Friday. Here are the key metrics from last week. This doesn't align with our objectives. We have three items on the agenda today. The deadline for this is next Friday....,331,8,0.494,0.13,0,1,0.712,1.2,0.935,2,1,1,3.1,0.514,53.7
MTG00060,One-on-One,2025-07-12,9,2,Here are the key metrics from last week. We're making great progress on this. I think we've reached a good decision here. I think we've reached a good decision here. This solution addresses our concerns perfectly. I don't think we have enough information to decide. This is exactly what we need. Well done. We should schedule a follow-up meeting. We've discussed this several times already. We should schedule a follow-up meeting. We're making great progress on this. We're going in circles on this t...,717,17,0.481,0.243,1,0,0.619,4.5,0.879,2,7,0,3.6,0.557,68.3
MTG00061,Retrospective,2025-08-20,50,3,We should schedule a follow-up meeting. Let me share my screen to show the data. I'm not sure this is the right approach. I don't think we have enough information to decide. We're going in circles on this topic. We have three items on the agenda today. We have three items on the agenda today. Here are the key metrics from last week. This meeting could have been an email. The project timeline is on track. I'll send out the meeting notes later. We should have resolved this weeks ago. This meeting ...,1157,28,0.385,0.226,1,1,0.27,16.67,0.887,1,3,1,3.1,0.594,63.8
MTG00062,All-Hands,2025-05-26,33,30,Let me share my screen to show the data. I'm concerned about the timeline here. We should have resolved this weeks ago. We should have resolved this weeks ago. The project timeline is on track. The project timeline is on track. This meeting could have been an email. This is exactly what we need. Well done. Let's move to the next topic. This solution addresses our concerns perfectly. I'm excited about this direction. Let's move forward. I'll send out the meeting notes later. This seems like a was...,742,18,0.506,0.228,0,1,0.618,1.1,0.886,10,4,2,3.3,0.419,56.9
MTG00063,Decision-Making,2025-10-14,47,6,I'll send out the meeting notes later. Can everyone see the presentation? We're going in circles on this topic. Here are the key metrics from last week. The deadline for this is next Friday. This solution addresses our concerns perfectly. I agree with this approach. It makes sense. Here are the key metrics from last week. This is exactly what we need. Well done. This solution addresses our concerns perfectly. We're going in circles on this topic. This seems like a waste of time honestly. This is...,1140,28,0.54,0.203,1,0,0.7,7.83,0.898,1,2,1,3.1,0.473,65.8
MTG00064,Standup,2025-09-14,11,3,We should have resolved this weeks ago. I'm concerned about the timeline here. Excellent point. I hadn't considered that. The deadline for this is next Friday. The deadline for this is next Friday. We've discussed this several times already. We're going in circles on this topic. We have three items on the agenda today. I disagree with this direction completely. That's a really innovative approach. I disagree with this direction completely. I'm not sure this is the right approach. Let's move to t...,514,13,0.453,0.238,1,1,0.649,3.67,0.881,1,3,0,3.8,0.641,74.5
MTG00065,Standup,2025-06-08,6,3,This doesn't align with our objectives. This is exactly what we need. Well done. This is exactly what we need. Well done. I think we've reached a good decision here. The deadline for this is next Friday. We're making great progress on this. I'm not sure this is the right approach. This seems like a waste of time honestly. This solution addresses our concerns perfectly. Excellent point. I hadn't considered that. We're making great progress on this. I think we've reached a good decision here. Can ...,530,13,0.595,0.196,1,1,0.774,2.0,0.902,0,2,2,4.2,0.631,78.8
MTG00066,One-on-One,2025-09-09,17,2,I'll take the action item to follow up. Can everyone see the presentation? We're making great progress on this. Excellent point. I hadn't considered that. Let's move to the next topic. Here are the key metrics from last week. We should have resolved this weeks ago. We should schedule a follow-up meeting. Can everyone see the presentation? I'll send out the meeting notes later. That's a really innovative approach. I disagree with this direction completely. I appreciate everyone's input today. The...,690,18,0.525,0.168,0,1,0.775,8.5,0.916,0,4,3,4.0,0.612,61.6
MTG00067,Planning,2025-05-27,83,4,This solution addresses our concerns perfectly. That's a really innovative approach. We have three items on the agenda today. That's a really innovative approach. We have three items on the agenda today. Can everyone see the presentation? We have three items on the agenda today. The deadline for this is next Friday. I'm excited about this direction. Let's move forward. We're making great progress on this. The project timeline is on track. The deadline for this is next Friday. I'll send out the m...,1523,39,0.575,0.204,1,0,0.467,20.75,0.898,2,2,1,3.3,0.484,60.6
MTG00068,One-on-One,2025-06-03,34,2,We have three items on the agenda today. Let me share my screen to show the data. We're going in circles on this topic. I'm concerned about the timeline here. The deadline for this is next Friday. The project timeline is on track. This meeting could have been an email. The project timeline is on track. I'll send out the meeting notes later. We have three items on the agenda today. I'm excited about this direction. Let's move forward. I'll take the action item to follow up. I'm excited about this...,653,16,0.433,0.183,1,1,0.635,17.0,0.908,0,1,3,3.5,0.507,70.2
MTG00069,Status Update,2025-05-28,22,6,We're making great progress on this. We have three items on the agenda today. We have three items on the agenda today. We should schedule a follow-up meeting. Here are the key metrics from last week. I disagree with this direction completely. I'm not sure this is the right approach. The project timeline is on track. I think we've reached a good decision here. Excellent point. I hadn't considered that. The deadline for this is next Friday. Can everyone see the presentation? I'll send out the meet...,849,21,0.473,0.191,1,1,0.675,3.67,0.905,1,2,2,4.4,0.663,73.9
MTG00070,All-Hands,2025-08-07,36,54,That's a really innovative approach. I disagree with this direction completely. I disagree with this direction completely. The project timeline is on track. That's a really innovative approach. Let me share my screen to show the data. I'll send out the meeting notes later. We should schedule a follow-up meeting. Let me share my screen to show the data. This seems like a waste of time honestly. Let's move to the next topic. Can everyone see the presentation? Let me share my screen to show the dat...,705,18,0.538,0.2,0,1,0.838,0.67,0.9,21,3,2,3.6,0.455,61.2
MTG00071,Decision-Making,2025-10-04,15,4,This solution addresses our concerns perfectly. The project timeline is on track. Let's move to the next topic. This is exactly what we need. Well done. We should have resolved this weeks ago. We should schedule a follow-up meeting. This is exactly what we need. Well done. This is exactly what we need. Well done. We've discussed this several times already. We should have resolved this weeks ago....,398,10,0.578,0.17,0,1,0.966,3.75,0.915,2,5,2,3.9,0.635,69.4
MTG00072,Planning,2025-08-24,82,4,I'm not sure this is the right approach. I'll take the action item to follow up. I'm not sure this is the right approach. Let's move to the next topic. Can everyone see the presentation? That's a really innovative approach. This seems like a waste of time honestly. The project timeline is on track. We should schedule a follow-up meeting. I'm excited about this direction. Let's move forward. Let me share my screen to show the data. Excellent point. I hadn't considered that. We're going in circles...,1421,35,0.501,0.226,1,0,0.505,20.5,0.887,3,2,3,3.3,0.584,59.9
MTG00073,Standup,2025-06-21,17,3,Let's move to the next topic. We have three items on the agenda today. We have three items on the agenda today. This solution addresses our concerns perfectly. I'm excited about this direction. Let's move forward. Can everyone see the presentation? We're making great progress on this. I think we've reached a good decision here. I appreciate everyone's input today. This is exactly what we need. Well done. We're making great progress on this. Let's move to the next topic. We should schedule a foll...,554,14,0.612,0.21,1,1,0.791,5.67,0.895,0,3,4,4.3,0.646,81.5
MTG00074,Decision-Making,2025-06-03,45,4,Can everyone see the presentation? I'm not sure this is the right approach. We've discussed this several times already. I appreciate everyone's input today. Let's move to the next topic. I disagree with this direction completely. This is exactly what we need. Well done. Great idea! Let's explore that further. The deadline for this is next Friday. Here are the key metrics from last week. We should schedule a follow-up meeting. I'm not sure this is the right approach. This doesn't align with our o...,1057,26,0.47,0.243,1,1,0.595,11.25,0.878,1,4,2,4.3,0.729,75.5
MTG00075,Retrospective,2025-06-14,29,3,That's a really innovative approach. I don't think we have enough information to decide. This seems like a waste of time honestly. Let's move to the next topic. Can everyone see the presentation? I'm concerned about the timeline here. We have three items on the agenda today. Great idea! Let's explore that further. The deadline for this is next Friday. We should schedule a follow-up meeting. I disagree with this direction completely. I'll send out the meeting notes later. The project timeline is ...,642,16,0.462,0.206,0,1,0.672,9.67,0.897,0,5,1,3.7,0.529,59.5
MTG00076,One-on-One,2025-09-14,16,2,Can everyone see the presentation? We should schedule a follow-up meeting. I'm concerned about the timeline here. I agree with this approach. It makes sense. This doesn't align with our objectives. I agree with this approach. It makes sense. We're making great progress on this. This is exactly what we need. Well done. We should have resolved this weeks ago. I agree with this approach. It makes sense. This solution addresses our concerns perfectly. Let's move to the next topic. We've discussed th...,758,19,0.519,0.199,1,0,0.719,8.0,0.9,0,1,2,3.8,0.461,63.9
MTG00077,Decision-Making,2025-06-30,30,4,I agree with this approach. It makes sense. Excellent point. I hadn't considered that. This is exactly what we need. Well done. Excellent point. I hadn't considered that. We're making great progress on this. I'm not sure this is the right approach. This solution addresses our concerns perfectly. That's a really innovative approach. Here are the key metrics from last week. This solution addresses our concerns perfectly. We're making great progress on this. The project timeline is on track. This i...,740,18,0.53,0.216,1,1,0.76,7.5,0.892,0,2,4,4.0,0.717,77.0
MTG00078,One-on-One,2025-06-26,30,2,I appreciate everyone's input today. I think we've reached a good decision here. We've discussed this several times already. The deadline for this is next Friday. This solution addresses our concerns perfectly. We've discussed this several times already. We're making great progress on this. We should schedule a follow-up meeting. The project timeline is on track. This solution addresses our concerns perfectly. The deadline for this is next Friday. The project timeline is on track. Here are the k...,843,21,0.479,0.196,1,1,0.485,15.0,0.902,1,6,1,4.2,0.605,75.2
MTG00079,Brainstorming,2025-09-26,99,7,This solution addresses our concerns perfectly. Excellent point. I hadn't considered that. This solution addresses our concerns perfectly. The project timeline is on track. I'm excited about this direction. Let's move forward. I agree with this approach. It makes sense. Can everyone see the presentation? Excellent point. I hadn't considered that. The project timeline is on track. I'm excited about this direction. Let's move forward. This doesn't align with our objectives. Can everyone see the pr...,1675,40,0.576,0.201,1,1,0.488,14.14,0.9,1,5,5,4.0,0.636,77.2
MTG00080,One-on-One,2025-09-06,19,2,I'll send out the meeting notes later. We're going in circles on this topic. We should schedule a follow-up meeting. We have three items on the agenda today. Great idea! Let's explore that further. This is exactly what we need. Well done. We're making great progress on this. I'll send out the meeting notes later. We're making great progress on this. We're making great progress on this. Excellent point. I hadn't considered that. Let's move to the next topic. Here are the key metrics from last wee...,853,21,0.568,0.176,1,1,0.86,9.5,0.912,1,7,1,4.0,0.747,86.5
MTG00081,All-Hands,2025-10-11,32,35,Excellent point. I hadn't considered that. We should schedule a follow-up meeting. I agree with this approach. It makes sense. Can everyone see the presentation? We should have resolved this weeks ago. I'll take the action item to follow up. This is exactly what we need. Well done. I agree with this approach. It makes sense. Great idea! Let's explore that further. I'm excited about this direction. Let's move forward. I'll send out the meeting notes later. This meeting could have been an email. I...,815,20,0.594,0.214,1,1,0.773,0.91,0.893,8,3,2,3.6,0.564,80.6
MTG00082,One-on-One,2025-06-29,17,2,We should schedule a follow-up meeting. Can everyone see the presentation? We should schedule a follow-up meeting. I'm not sure this is the right approach. We've discussed this several times already. I'll send out the meeting notes later. That's a really innovative approach. We should have resolved this weeks ago. I'll take the action item to follow up. I'll take the action item to follow up. Here are the key metrics from last week. Let's move to the next topic. Let me share my screen to show th...,665,17,0.444,0.206,1,1,0.545,8.5,0.897,2,4,2,3.7,0.652,74.0
MTG00083,One-on-One,2025-08-26,25,2,Let me share my screen to show the data. I agree with this approach. It makes sense. I'll send out the meeting notes later. This is exactly what we need. Well done. Can everyone see the presentation? I don't think we have enough information to decide. This seems like a waste of time honestly. This solution addresses our concerns perfectly. I'm not sure this is the right approach. This seems like a waste of time honestly. I'm not sure this is the right approach. Here are the key metrics from last...,858,21,0.47,0.183,1,0,0.444,12.5,0.908,0,5,1,3.3,0.454,64.1
MTG00084,All-Hands,2025-08-28,67,77,Here are the key metrics from last week. I agree with this approach. It makes sense. The deadline for this is next Friday. We have three items on the agenda today. I appreciate everyone's input today. Let's move to the next topic. Let's move to the next topic. I disagree with this direction completely. Let's move to the next topic. This is exactly what we need. Well done. I'm concerned about the timeline here. This meeting could have been an email. That's a really innovative approach. I'll send ...,1394,36,0.572,0.226,0,0,0.797,0.87,0.887,22,4,3,2.8,0.419,52.7
MTG00085,All-Hands,2025-06-30,36,48,We should schedule a follow-up meeting. This meeting could have been an email. Can everyone see the presentation? We should schedule a follow-up meeting. Let me share my screen to show the data. Let's move to the next topic. Let's move to the next topic. We have three items on the agenda today. I'll send out the meeting notes later. I think we've reached a good decision here. Can everyone see the presentation? I'm not sure this is the right approach. Here are the key metrics from last week. We'r...,984,25,0.468,0.181,1,1,0.504,0.75,0.909,12,1,0,4.0,0.617,67.6
MTG00086,Standup,2025-05-17,23,9,Let me share my screen to show the data. I think we've reached a good decision here. We have three items on the agenda today. I'll take the action item to follow up. Let me share my screen to show the data. We should schedule a follow-up meeting. This solution addresses our concerns perfectly. I appreciate everyone's input today. This is exactly what we need. Well done. This seems like a waste of time honestly. Excellent point. I hadn't considered that. I appreciate everyone's input today. The p...,609,15,0.593,0.198,1,0,0.905,2.56,0.901,4,2,2,4.4,0.702,72.0
MTG00087,Planning,2025-05-11,53,4,The project timeline is on track. I'll take the action item to follow up. The project timeline is on track. Let's move to the next topic. We're making great progress on this. The project timeline is on track. This seems like a waste of time honestly. Let's move to the next topic. The deadline for this is next Friday. We should schedule a follow-up meeting. The project timeline is on track. Let's move to the next topic. I disagree with this direction completely. Let's move to the next topic. We'r...,911,24,0.533,0.225,0,1,0.821,13.25,0.887,1,3,2,3.0,0.497,60.5
MTG00088,Brainstorming,2025-05-11,37,5,We should schedule a follow-up meeting. This solution addresses our concerns perfectly. We're making great progress on this. Let's move to the next topic. The project timeline is on track. We're going in circles on this topic. Can everyone see the presentation? I agree with this approach. It makes sense. I think we've reached a good decision here. The project timeline is on track. I'll send out the meeting notes later. I'll send out the meeting notes later. Let's move to the next topic. This doe...,776,20,0.5,0.206,1,0,0.416,7.4,0.897,2,6,4,3.3,0.522,63.9
MTG00089,Brainstorming,2025-07-08,84,7,I'll take the action item to follow up. That's a really innovative approach. Can everyone see the presentation? I disagree with this direction completely. Can everyone see the presentation? The deadline for this is next Friday. I agree with this approach. It makes sense. This meeting could have been an email. Here are the key metrics from last week. I'm concerned about the timeline here. I'll take the action item to follow up. Great idea! Let's explore that further. That's a really innovative ap...,1401,36,0.484,0.203,1,0,0.563,12.0,0.898,3,1,1,3.4,0.416,59.2
MTG00090,All-Hands,2025-10-29,71,54,I'll send out the meeting notes later. The deadline for this is next Friday. Great idea! Let's explore that further. I appreciate everyone's input today. We should schedule a follow-up meeting. This is exactly what we need. Well done. I'm excited about this direction. Let's move forward. Let me share my screen to show the data. Let me share my screen to show the data. We're going in circles on this topic. Here are the key metrics from last week. This meeting could have been an email. We've discu...,1225,30,0.534,0.207,1,0,0.756,1.31,0.896,17,1,5,3.7,0.574,65.0
MTG00091,Planning,2025-08-13,74,4,This meeting could have been an email. I'm concerned about the timeline here. This is exactly what we need. Well done. Here are the key metrics from last week. This seems like a waste of time honestly. I'll send out the meeting notes later. The project timeline is on track. I don't think we have enough information to decide. We have three items on the agenda today. I'll send out the meeting notes later. We have three items on the agenda today. The deadline for this is next Friday. This doesn't a...,1337,33,0.479,0.224,1,0,0.465,18.5,0.888,4,2,4,3.6,0.412,58.5
MTG00092,Brainstorming,2025-09-28,30,6,The project timeline is on track. I'm excited about this direction. Let's move forward. I agree with this approach. It makes sense. We're going in circles on this topic. This solution addresses our concerns perfectly. I think we've reached a good decision here. Excellent point. I hadn't considered that. I'm concerned about the timeline here. The deadline for this is next Friday. We're making great progress on this. The deadline for this is next Friday. We're making great progress on this. I thin...,856,21,0.64,0.175,1,1,0.757,5.0,0.912,2,3,5,4.2,0.572,81.4
MTG00093,Retrospective,2025-06-26,56,3,The project timeline is on track. This solution addresses our concerns perfectly. We've discussed this several times already. I think we've reached a good decision here. We've discussed this several times already. Great idea! Let's explore that further. That's a really innovative approach. That's a really innovative approach. I'll take the action item to follow up. I think we've reached a good decision here. The project timeline is on track. This is exactly what we need. Well done. This is exact...,1217,30,0.534,0.202,1,1,0.659,18.67,0.899,0,1,1,4.0,0.666,72.6
MTG00094,Planning,2025-06-17,51,4,I'm excited about this direction. Let's move forward. I'm not sure this is the right approach. I appreciate everyone's input today. We're going in circles on this topic. Let me share my screen to show the data. I'll take the action item to follow up. Here are the key metrics from last week. We have three items on the agenda today. Great idea! Let's explore that further. I'll send out the meeting notes later. This solution addresses our concerns perfectly. We have three items on the agenda today....,1166,29,0.515,0.173,1,0,0.831,12.75,0.913,2,2,1,3.6,0.497,68.8
MTG00095,Standup,2025-05-24,5,11,I agree with this approach. It makes sense. This doesn't align with our objectives. The project timeline is on track. This seems like a waste of time honestly. That's a really innovative approach. This is exactly what we need. Well done. I'll take the action item to follow up. Great idea! Let's explore that further. I'm not sure this is the right approach. I'm excited about this direction. Let's move forward. We're making great progress on this....,449,11,0.557,0.259,1,1,0.75,0.45,0.87,7,6,4,4.6,0.704,83.0
MTG00096,All-Hands,2025-07-22,110,76,This seems like a waste of time honestly. Excellent point. I hadn't considered that. I'll take the action item to follow up. We should schedule a follow-up meeting. Let's move to the next topic. This is exactly what we need. Well done. Can everyone see the presentation? I'll take the action item to follow up. We have three items on the agenda today. I'm not sure this is the right approach. This seems like a waste of time honestly. This meeting could have been an email. Great idea! Let's explore ...,1988,49,0.468,0.183,1,1,0.416,1.45,0.908,21,5,1,3.8,0.606,73.4
MTG00097,Standup,2025-05-31,15,4,I'll send out the meeting notes later. The project timeline is on track. We should schedule a follow-up meeting. Let me share my screen to show the data. I don't think we have enough information to decide. I'll send out the meeting notes later. The project timeline is on track. Let's move to the next topic. This seems like a waste of time honestly. I'll send out the meeting notes later. The deadline for this is next Friday. Can everyone see the presentation? This seems like a waste of time hones...,784,20,0.491,0.169,1,0,0.387,3.75,0.916,2,8,0,3.8,0.603,63.2
MTG00098,One-on-One,2025-10-24,32,2,I'll send out the meeting notes later. I'll send out the meeting notes later. The project timeline is on track. That's a really innovative approach. This is exactly what we need. Well done. I'll send out the meeting notes later. Excellent point. I hadn't considered that. Can everyone see the presentation? Excellent point. I hadn't considered that. This solution addresses our concerns perfectly. I agree with this approach. It makes sense. We're making great progress on this. This solution address...,950,23,0.657,0.145,1,1,0.829,16.0,0.928,2,3,0,4.0,0.767,83.8
MTG00099,Review,2025-06-10,60,3,The project timeline is on track. Excellent point. I hadn't considered that. We should schedule a follow-up meeting. I'm concerned about the timeline here. I don't think we have enough information to decide. Can everyone see the presentation? Great idea! Let's explore that further. Excellent point. I hadn't considered that. I'm concerned about the timeline here. We have three items on the agenda today. We should have resolved this weeks ago. Excellent point. I hadn't considered that. I think we'...,1392,35,0.514,0.215,1,1,0.455,20.0,0.892,1,6,2,4.6,0.724,75.0
MTG00100,Status Update,2025-10-27,11,5,I'm concerned about the timeline here. This is exactly what we need. Well done. Let me share my screen to show the data. I'm excited about this direction. Let's move forward. The project timeline is on track. I think we've reached a good decision here. This meeting could have been an email. I'll send out the meeting notes later. We're going in circles on this topic. The deadline for this is next Friday. I'm concerned about the timeline here. I don't think we have enough information to decide. I'...,702,17,0.461,0.261,0,0,0.364,2.2,0.87,2,5,5,2.6,0.393,41.4
MTG00101,All-Hands,2025-05-24,50,54,Let's move to the next topic. Can everyone see the presentation? We're making great progress on this. We should have resolved this weeks ago. We should schedule a follow-up meeting. This doesn't align with our objectives. This solution addresses our concerns perfectly. This is exactly what we need. Well done. The deadline for this is next Friday. That's a really innovative approach. We're making great progress on this. The deadline for this is next Friday. The project timeline is on track. Great...,1215,31,0.577,0.221,1,1,0.777,0.93,0.889,10,0,2,3.8,,74.3
MTG00102,One-on-One,2025-05-23,57,2,Great idea! Let's explore that further. Let me share my screen to show the data. The project timeline is on track. That's a really innovative approach. I'll send out the meeting notes later. Great idea! Let's explore that further. Great idea! Let's explore that further. That's a really innovative approach. I'm excited about this direction. Let's move forward. The project timeline is on track. I'm excited about this direction. Let's move forward. Let me share my screen to show the data. That's a ...,1266,31,0.563,0.18,1,1,0.762,28.5,0.91,1,3,2,3.9,0.567,80.0
MTG00103,Review,2025-05-13,19,8,We're going in circles on this topic. We've discussed this several times already. Let me share my screen to show the data. We have three items on the agenda today. I appreciate everyone's input today. I'll send out the meeting notes later. I'll send out the meeting notes later. I disagree with this direction completely. We should schedule a follow-up meeting. Let me share my screen to show the data. Great idea! Let's explore that further. This is exactly what we need. Well done. We've discussed ...,567,14,0.454,0.21,0,0,0.845,2.38,0.895,3,5,4,2.6,0.45,53.6
MTG00104,Status Update,2025-05-26,10,7,This meeting could have been an email. We've discussed this several times already. That's a really innovative approach. Let me share my screen to show the data. I'll take the action item to follow up. I'll take the action item to follow up. Here are the key metrics from last week. We should have resolved this weeks ago. I'm excited about this direction. Let's move forward. Let me share my screen to show the data. I agree with this approach. It makes sense. I'm excited about this direction. Let's...,548,13,0.507,0.176,1,1,0.624,1.43,0.912,3,1,5,4.2,0.589,71.4
MTG00105,Planning,2025-09-23,95,4,Let me share my screen to show the data. I'm concerned about the timeline here. This meeting could have been an email. The deadline for this is next Friday. I'll send out the meeting notes later. We've discussed this several times already. Can everyone see the presentation? The deadline for this is next Friday. This meeting could have been an email. I'm concerned about the timeline here. Here are the key metrics from last week. This seems like a waste of time honestly. That's a really innovative...,1599,41,0.487,0.168,0,1,0.499,23.75,0.916,2,3,0,3.3,0.423,51.9
MTG00106,Status Update,2025-10-17,26,5,Can everyone see the presentation? I'll take the action item to follow up. We've discussed this several times already. We have three items on the agenda today. We're going in circles on this topic. The deadline for this is next Friday. I'll send out the meeting notes later. The deadline for this is next Friday. I'll send out the meeting notes later. I don't think we have enough information to decide. Let's move to the next topic. I agree with this approach. It makes sense. We've discussed this s...,888,22,0.373,0.193,1,1,0.634,5.2,0.903,2,5,4,4.2,0.612,76.9
MTG00107,Status Update,2025-07-16,21,9,The project timeline is on track. The project timeline is on track. I'll send out the meeting notes later. We have three items on the agenda today. I'm not sure this is the right approach. I agree with this approach. It makes sense. I don't think we have enough information to decide. That's a really innovative approach. We've discussed this several times already. I think we've reached a good decision here. I think we've reached a good decision here. I don't think we have enough information to de...,831,20,0.475,0.239,1,1,0.685,2.33,0.881,4,2,2,3.8,0.555,73.8
MTG00108,All-Hands,2025-09-25,61,42,I appreciate everyone's input today. This doesn't align with our objectives. This is exactly what we need. Well done. Can everyone see the presentation? Can everyone see the presentation? Can everyone see the presentation? We should schedule a follow-up meeting. The deadline for this is next Friday. We have three items on the agenda today. The deadline for this is next Friday. I appreciate everyone's input today. We're going in circles on this topic. I appreciate everyone's input today. Can ever...,1367,35,0.513,0.217,0,1,0.629,1.45,0.892,16,0,0,3.3,,49.4
MTG00109,Status Update,2025-05-25,40,5,This doesn't align with our objectives. I'm excited about this direction. Let's move forward. Let's move to the next topic. This meeting could have been an email. I'll take the action item to follow up. We're making great progress on this. Let's move to the next topic. This is exactly what we need. Well done. I'll send out the meeting notes later. I don't think we have enough information to decide. Can everyone see the presentation? We should schedule a follow-up meeting. Here are the key metric...,1058,27,0.531,0.207,1,0,0.549,8.0,0.896,0,0,4,2.8,,57.8
MTG00110,One-on-One,2025-09-15,18,2,I'm excited about this direction. Let's move forward. I agree with this approach. It makes sense. This seems like a waste of time honestly. We should have resolved this weeks ago. This doesn't align with our objectives. We're going in circles on this topic. Excellent point. I hadn't considered that. We're going in circles on this topic. This is exactly what we need. Well done. I'll send out the meeting notes later. I'll send out the meeting notes later. I agree with this approach. It makes sense...,737,18,0.476,0.229,1,1,0.657,9.0,0.885,0,2,2,3.9,0.702,73.2
MTG00111,All-Hands,2025-05-14,48,68,The project timeline is on track. Let me share my screen to show the data. Let's move to the next topic. The project timeline is on track. This meeting could have been an email. We have three items on the agenda today. I agree with this approach. It makes sense. I'm concerned about the timeline here. Let's move to the next topic. The deadline for this is next Friday. I think we've reached a good decision here. Great idea! Let's explore that further. Here are the key metrics from last week. I'll ...,1051,27,0.485,0.218,0,1,0.609,0.71,0.891,19,3,2,3.5,0.528,54.3
MTG00112,One-on-One,2025-08-04,67,2,We're making great progress on this. I think we've reached a good decision here. I disagree with this direction completely. The deadline for this is next Friday. This solution addresses our concerns perfectly. Let me share my screen to show the data. We're making great progress on this. We've discussed this several times already. I'm excited about this direction. Let's move forward. I appreciate everyone's input today. We have three items on the agenda today. We have three items on the agenda to...,1317,33,0.528,0.216,1,1,0.465,33.5,0.892,0,7,3,3.8,0.651,75.6
MTG00113,Standup,2025-09-06,10,3,This is exactly what we need. Well done. I disagree with this direction completely. The deadline for this is next Friday. I don't think we have enough information to decide. The project timeline is on track. I appreciate everyone's input today. We should have resolved this weeks ago. I'm concerned about the timeline here. I appreciate everyone's input today. The deadline for this is next Friday. The deadline for this is next Friday. I'll send out the meeting notes later. I'll send out the meetin...,634,16,0.422,0.174,1,0,0.665,3.33,0.913,0,3,3,3.7,0.594,64.8
MTG00114,One-on-One,2025-06-09,26,2,I'll send out the meeting notes later. I'm not sure this is the right approach. I'll take the action item to follow up. I'll take the action item to follow up. I'm excited about this direction. Let's move forward. We have three items on the agenda today. This meeting could have been an email. I agree with this approach. It makes sense. I disagree with this direction completely. The deadline for this is next Friday. Let's move to the next topic. This solution addresses our concerns perfectly. I'l...,775,19,0.553,0.176,1,1,0.494,13.0,0.912,1,1,2,3.8,0.665,69.1
MTG00115,Status Update,2025-06-04,60,6,Here are the key metrics from last week. We've discussed this several times already. I don't think we have enough information to decide. Let's move to the next topic. We're making great progress on this. Here are the key metrics from last week. This doesn't align with our objectives. I'm excited about this direction. Let's move forward. Here are the key metrics from last week. This meeting could have been an email. We have three items on the agenda today. This doesn't align with our objectives. ...,1263,31,0.538,0.221,1,0,0.688,10.0,0.889,2,2,3,3.1,0.575,65.3
MTG00116,Standup,2025-06-18,9,4,We should schedule a follow-up meeting. I'm excited about this direction. Let's move forward. The deadline for this is next Friday. This is exactly what we need. Well done. Let's move to the next topic. We're making great progress on this. I think we've reached a good decision here. Great idea! Let's explore that further. Let's move to the next topic. Great idea! Let's explore that further....,393,10,0.586,0.125,1,0,0.895,2.25,0.937,1,5,2,3.9,0.663,78.2
MTG00117,One-on-One,2025-10-04,3,2,I appreciate everyone's input today. That's a really innovative approach. That's a really innovative approach. We're making great progress on this. I'll send out the meeting notes later. We should schedule a follow-up meeting. I'll send out the meeting notes later. We're making great progress on this. We should have resolved this weeks ago....,342,9,0.575,0.17,1,1,0.361,1.5,0.915,3,2,1,4.4,0.631,68.3
MTG00118,Standup,2025-10-17,10,3,I'm not sure this is the right approach. Excellent point. I hadn't considered that. We're going in circles on this topic. I'm not sure this is the right approach. We're going in circles on this topic. I'll take the action item to follow up. The project timeline is on track. We're going in circles on this topic. This is exactly what we need. Well done. We should have resolved this weeks ago. Here are the key metrics from last week. We should schedule a follow-up meeting. The project timeline is o...,675,17,0.388,0.172,0,1,0.474,3.33,0.914,2,8,2,3.0,0.467,53.3
MTG00119,Brainstorming,2025-06-21,35,5,That's a really innovative approach. Great idea! Let's explore that further. We should schedule a follow-up meeting. The project timeline is on track. Excellent point. I hadn't considered that. I'll send out the meeting notes later. We have three items on the agenda today. I'll take the action item to follow up. Can everyone see the presentation? Let me share my screen to show the data. We're making great progress on this. I'm excited about this direction. Let's move forward. Let's move to the n...,851,21,0.549,0.168,1,1,0.792,7.0,0.916,0,4,3,4.7,0.69,82.5
MTG00120,Status Update,2025-09-26,22,5,This is exactly what we need. Well done. I'm concerned about the timeline here. I'll take the action item to follow up. I'm not sure this is the right approach. I think we've reached a good decision here. Let's move to the next topic. I disagree with this direction completely. We're going in circles on this topic. Here are the key metrics from last week. That's a really innovative approach. This doesn't align with our objectives. This solution addresses our concerns perfectly. I'm excited about ...,866,21,0.563,0.223,1,0,0.719,4.4,0.889,2,3,2,4.2,0.607,68.6
MTG00121,Brainstorming,2025-05-24,19,13,This doesn't align with our objectives. I'm concerned about the timeline here. The deadline for this is next Friday. Let's move to the next topic. I'll take the action item to follow up. This seems like a waste of time honestly. We're making great progress on this. This is exactly what we need. Well done. Here are the key metrics from last week. Can everyone see the presentation? This seems like a waste of time honestly. I'll send out the meeting notes later. We're making great progress on this....,500,13,0.446,0.156,0,0,0.686,1.46,0.922,6,7,2,3.5,0.377,49.9
MTG00122,Retrospective,2025-05-29,37,3,I'll send out the meeting notes later. The project timeline is on track. Can everyone see the presentation? This solution addresses our concerns perfectly. We're making great progress on this. We should schedule a follow-up meeting. Let's move to the next topic. I think we've reached a good decision here. Great idea! Let's explore that further. We have three items on the agenda today. We should schedule a follow-up meeting. I don't think we have enough information to decide. We have three items ...,716,18,0.585,0.241,1,0,0.459,12.33,0.88,0,1,3,3.4,0.581,58.4
MTG00123,One-on-One,2025-08-31,12,2,I'm excited about this direction. Let's move forward. Let's move to the next topic. The project timeline is on track. This meeting could have been an email. This is exactly what we need. Well done. Here are the key metrics from last week. We're making great progress on this. I don't think we have enough information to decide. Let me share my screen to show the data. Let me share my screen to show the data. We have three items on the agenda today. We should have resolved this weeks ago. Great ide...,571,14,0.495,0.194,1,1,0.945,6.0,0.903,2,2,7,4.3,0.57,81.1
MTG00124,Standup,2025-07-18,0,3,I'm not sure this is the right approach. I'll send out the meeting notes later. I'll take the action item to follow up. The deadline for this is next Friday. Can everyone see the presentation? This doesn't align with our objectives. I'm excited about this direction. Let's move forward. We have three items on the agenda today. This solution addresses our concerns perfectly. Can everyone see the presentation? We have three items on the agenda today. Let's move to the next topic....,481,12,0.451,0.152,1,1,0.571,0.0,0.924,1,10,3,4.4,0.691,77.1
MTG00125,Standup,2025-10-25,16,3,Can everyone see the presentation? I'm concerned about the timeline here. I'll send out the meeting notes later. We have three items on the agenda today. We have three items on the agenda today. Let me share my screen to show the data. Excellent point. I hadn't considered that. We're making great progress on this. We have three items on the agenda today. This doesn't align with our objectives. Here are the key metrics from last week. I'm concerned about the timeline here. That's a really innovat...,634,16,0.482,0.208,0,1,0.907,5.33,0.896,0,1,3,3.2,0.559,57.8
MTG00126,Decision-Making,2025-10-08,35,4,This is exactly what we need. Well done. We're making great progress on this. We have three items on the agenda today. I'll take the action item to follow up. I appreciate everyone's input today. We have three items on the agenda today. I agree with this approach. It makes sense. We have three items on the agenda today. This solution addresses our concerns perfectly. This solution addresses our concerns perfectly. Can everyone see the presentation? This is exactly what we need. Well done. I'll s...,888,22,0.645,0.14,1,1,0.721,8.75,0.93,0,5,1,5.0,0.743,84.9
MTG00127,Decision-Making,2025-09-14,36,9,This doesn't align with our objectives. I'll send out the meeting notes later. This meeting could have been an email. We should schedule a follow-up meeting. I'll take the action item to follow up. I agree with this approach. It makes sense. We have three items on the agenda today. The deadline for this is next Friday. We have three items on the agenda today. Here are the key metrics from last week. I'll send out the meeting notes later. I don't think we have enough information to decide. I'll s...,1102,27,0.508,0.214,0,1,0.616,4.0,0.893,8,1,3,2.7,0.387,50.9
MTG00128,All-Hands,2025-06-05,56,35,Excellent point. I hadn't considered that. I'll send out the meeting notes later. Can everyone see the presentation? Great idea! Let's explore that further. Excellent point. I hadn't considered that. We're making great progress on this. I'll send out the meeting notes later. I agree with this approach. It makes sense. Excellent point. I hadn't considered that. We should schedule a follow-up meeting. I think we've reached a good decision here. I agree with this approach. It makes sense. The proje...,1252,31,0.604,0.208,1,1,0.862,1.6,0.896,8,3,5,4.8,0.755,83.1
MTG00129,Planning,2025-10-23,66,12,The project timeline is on track. Can everyone see the presentation? That's a really innovative approach. I appreciate everyone's input today. I'll send out the meeting notes later. I appreciate everyone's input today. I agree with this approach. It makes sense. I disagree with this direction completely. That's a really innovative approach. Here are the key metrics from last week. The deadline for this is next Friday. Can everyone see the presentation? I agree with this approach. It makes sense....,1271,33,0.537,0.209,1,1,0.515,5.5,0.895,7,1,1,4.6,0.638,69.0
MTG00130,Planning,2025-08-20,39,4,The deadline for this is next Friday. We have three items on the agenda today. Let me share my screen to show the data. The deadline for this is next Friday. Great idea! Let's explore that further. The deadline for this is next Friday. We should schedule a follow-up meeting. I don't think we have enough information to decide. The project timeline is on track. That's a really innovative approach. We're going in circles on this topic. This is exactly what we need. Well done. I don't think we have ...,1145,28,0.436,0.219,1,1,0.478,9.75,0.89,1,5,2,4.1,0.584,74.0
MTG00131,Decision-Making,2025-10-24,50,5,I think we've reached a good decision here. The deadline for this is next Friday. This solution addresses our concerns perfectly. The deadline for this is next Friday. I'm excited about this direction. Let's move forward. We've discussed this several times already. Here are the key metrics from last week. We have three items on the agenda today. Excellent point. I hadn't considered that. The project timeline is on track. Let me share my screen to show the data. I'm not sure this is the right app...,1133,28,0.491,0.179,0,0,0.442,10.0,0.911,2,2,1,2.6,0.333,38.5
MTG00132,Brainstorming,2025-10-19,49,10,This solution addresses our concerns perfectly. We have three items on the agenda today. I disagree with this direction completely. I'm not sure this is the right approach. This is exactly what we need. Well done. Excellent point. I hadn't considered that. The project timeline is on track. I'm not sure this is the right approach. I appreciate everyone's input today. We have three items on the agenda today. We should schedule a follow-up meeting. I'm excited about this direction. Let's move forwa...,1206,30,0.516,0.166,1,0,0.479,4.9,0.917,0,3,3,3.1,0.582,62.0
MTG00133,All-Hands,2025-09-06,70,35,Great idea! Let's explore that further. This seems like a waste of time honestly. I'm not sure this is the right approach. Excellent point. I hadn't considered that. That's a really innovative approach. Let's move to the next topic. Let me share my screen to show the data. Let's move to the next topic. I'm not sure this is the right approach. I appreciate everyone's input today. I'm excited about this direction. Let's move forward. We have three items on the agenda today. I'm concerned about the...,1173,30,0.564,0.187,1,0,0.422,2.0,0.906,19,2,2,3.3,0.477,59.4
MTG00134,All-Hands,2025-10-04,74,30,I appreciate everyone's input today. We have three items on the agenda today. I think we've reached a good decision here. Here are the key metrics from last week. Let me share my screen to show the data. This seems like a waste of time honestly. This doesn't align with our objectives. I'll take the action item to follow up. Can everyone see the presentation? I'm excited about this direction. Let's move forward. Let's move to the next topic. I'll send out the meeting notes later. I don't think we...,1594,39,0.526,0.212,1,1,0.536,2.47,0.894,7,1,2,3.6,0.543,69.3
MTG00135,Standup,2025-05-16,9,3,Here are the key metrics from last week. Great idea! Let's explore that further. Excellent point. I hadn't considered that. This solution addresses our concerns perfectly. The deadline for this is next Friday. We have three items on the agenda today. Excellent point. I hadn't considered that. This solution addresses our concerns perfectly. This seems like a waste of time honestly. That's a really innovative approach. Great idea! Let's explore that further. We're going in circles on this topic....,498,12,0.5,0.19,1,0,0.718,3.0,0.905,1,2,5,3.9,0.601,65.5
MTG00136,Brainstorming,2025-09-24,70,8,I appreciate everyone's input today. We're making great progress on this. The project timeline is on track. The project timeline is on track. I'm concerned about the timeline here. I agree with this approach. It makes sense. We're making great progress on this. We have three items on the agenda today. The deadline for this is next Friday. We have three items on the agenda today. Let me share my screen to show the data. I'm not sure this is the right approach. I'll take the action item to follow ...,1100,28,0.506,0.189,1,1,0.625,8.75,0.905,3,5,2,4.3,0.689,79.3
MTG00137,Decision-Making,2025-10-07,49,4,We should schedule a follow-up meeting. Let me share my screen to show the data. The deadline for this is next Friday. Here are the key metrics from last week. I'll send out the meeting notes later. I'll send out the meeting notes later. We should have resolved this weeks ago. Great idea! Let's explore that further. This seems like a waste of time honestly. I appreciate everyone's input today. The deadline for this is next Friday. Let's move to the next topic. Excellent point. I hadn't considere...,843,21,0.542,0.246,1,1,0.76,12.25,0.877,3,3,2,4.0,0.728,79.0
MTG00138,Review,2025-05-26,19,4,We should schedule a follow-up meeting. I appreciate everyone's input today. The project timeline is on track. We should schedule a follow-up meeting. Great idea! Let's explore that further. We have three items on the agenda today. I'm excited about this direction. Let's move forward. I'll send out the meeting notes later. The deadline for this is next Friday. I'll send out the meeting notes later. Excellent point. I hadn't considered that. The project timeline is on track. I'm concerned about t...,592,15,0.458,0.195,1,0,0.467,4.75,0.902,1,3,2,3.8,0.568,60.4
MTG00139,Status Update,2025-08-08,5,5,I disagree with this direction completely. We should have resolved this weeks ago. This solution addresses our concerns perfectly. Here are the key metrics from last week. I disagree with this direction completely. I don't think we have enough information to decide. I'll send out the meeting notes later. We're going in circles on this topic. The deadline for this is next Friday. Great idea! Let's explore that further. Let's move to the next topic. I think we've reached a good decision here. I'll...,535,13,0.411,0.211,0,1,0.41,1.0,0.895,2,4,1,3.5,0.45,49.9
MTG00140,Planning,2025-08-28,35,4,We should schedule a follow-up meeting. The project timeline is on track. I don't think we have enough information to decide. Here are the key metrics from last week. I'm concerned about the timeline here. This is exactly what we need. Well done. We have three items on the agenda today. I'm concerned about the timeline here. I'll take the action item to follow up. Can everyone see the presentation? That's a really innovative approach. I'm not sure this is the right approach. I'll take the action...,630,16,0.494,0.202,1,1,0.496,8.75,0.899,5,5,2,3.7,0.722,75.8
MTG00141,Standup,2025-09-23,3,5,Here are the key metrics from last week. This solution addresses our concerns perfectly. Let's move to the next topic. Here are the key metrics from last week. Great idea! Let's explore that further. Let's move to the next topic. This meeting could have been an email. This meeting could have been an email. This doesn't align with our objectives....,347,9,0.514,0.124,1,0,0.803,0.6,0.938,2,5,3,4.1,0.594,74.4
MTG00142,Review,2025-07-04,16,3,Can everyone see the presentation? This doesn't align with our objectives. We're making great progress on this. Let me share my screen to show the data. We have three items on the agenda today. Great idea! Let's explore that further. I'll take the action item to follow up. This meeting could have been an email. Excellent point. I hadn't considered that. Let me share my screen to show the data. That's a really innovative approach. We're making great progress on this. Let me share my screen to sho...,711,18,0.547,0.174,1,1,0.65,5.33,0.913,0,1,3,3.8,0.588,72.9
MTG00143,Standup,2025-08-17,0,4,Let me share my screen to show the data. This is exactly what we need. Well done. I think we've reached a good decision here. This is exactly what we need. Well done. We've discussed this several times already....,210,5,0.631,0.274,0,1,0.653,0.0,0.863,3,5,1,3.3,0.47,61.9
MTG00144,All-Hands,2025-08-06,59,35,I don't think we have enough information to decide. I'll send out the meeting notes later. I think we've reached a good decision here. We have three items on the agenda today. This solution addresses our concerns perfectly. Can everyone see the presentation? This solution addresses our concerns perfectly. The deadline for this is next Friday. The deadline for this is next Friday. I'll send out the meeting notes later. We should have resolved this weeks ago. I don't think we have enough informati...,1031,25,0.573,0.183,1,0,0.501,1.69,0.908,10,3,4,3.8,0.592,63.6
MTG00145,Status Update,2025-06-15,30,5,The deadline for this is next Friday. I think we've reached a good decision here. Let's move to the next topic. I think we've reached a good decision here. Excellent point. I hadn't considered that. I think we've reached a good decision here. I agree with this approach. It makes sense. We're making great progress on this. This is exactly what we need. Well done. This solution addresses our concerns perfectly. We have three items on the agenda today. Excellent point. I hadn't considered that. I d...,641,15,0.561,0.242,1,1,0.825,6.0,0.879,1,1,0,3.6,0.568,77.0
MTG00146,Retrospective,2025-05-20,9,3,This solution addresses our concerns perfectly. We should schedule a follow-up meeting. Let me share my screen to show the data. I'm excited about this direction. Let's move forward. I'm concerned about the timeline here. I'll take the action item to follow up. I agree with this approach. It makes sense. This solution addresses our concerns perfectly. We're going in circles on this topic. I agree with this approach. It makes sense. Let me share my screen to show the data. Great idea! Let's explo...,746,18,0.621,0.188,1,1,0.721,3.0,0.906,0,3,3,4.4,0.618,80.0
MTG00147,Status Update,2025-08-10,25,5,This seems like a waste of time honestly. We have three items on the agenda today. We should schedule a follow-up meeting. I think we've reached a good decision here. I'll take the action item to follow up. The deadline for this is next Friday. We should schedule a follow-up meeting. We've discussed this several times already. Let me share my screen to show the data. I'm excited about this direction. Let's move forward. Great idea! Let's explore that further. I don't think we have enough informa...,884,21,0.491,0.203,0,1,0.654,5.0,0.899,1,4,0,3.6,0.415,57.6
MTG00148,Retrospective,2025-08-13,82,7,Here are the key metrics from last week. We're making great progress on this. Let me share my screen to show the data. I appreciate everyone's input today. This is exactly what we need. Well done. This meeting could have been an email. I appreciate everyone's input today. This is exactly what we need. Well done. Great idea! Let's explore that further. We have three items on the agenda today. This solution addresses our concerns perfectly. I'll take the action item to follow up. I'll take the act...,1652,41,0.561,0.184,1,1,0.963,11.71,0.908,1,4,1,4.7,0.855,86.9
MTG00149,Retrospective,2025-07-09,34,3,We're going in circles on this topic. I appreciate everyone's input today. We should have resolved this weeks ago. We should schedule a follow-up meeting. I'm excited about this direction. Let's move forward. We have three items on the agenda today. The project timeline is on track. I'll send out the meeting notes later. The deadline for this is next Friday. Let's move to the next topic. I'll send out the meeting notes later. I don't think we have enough information to decide. This is exactly wh...,675,17,0.52,0.181,1,0,0.526,11.33,0.909,1,3,3,3.1,0.585,63.2
MTG00150,One-on-One,2025-09-01,44,2,We're going in circles on this topic. Here are the key metrics from last week. Great idea! Let's explore that further. The deadline for this is next Friday. We have three items on the agenda today. We've discussed this several times already. Let's move to the next topic. The project timeline is on track. I'll send out the meeting notes later. Here are the key metrics from last week. I'm concerned about the timeline here. The project timeline is on track. I'm not sure this is the right approach. ...,841,22,0.536,0.229,0,1,0.778,22.0,0.886,0,1,0,2.9,0.544,55.5
MTG00151,Retrospective,2025-07-29,69,3,I disagree with this direction completely. This meeting could have been an email. The project timeline is on track. Here are the key metrics from last week. This meeting could have been an email. The deadline for this is next Friday. I agree with this approach. It makes sense. We should have resolved this weeks ago. This doesn't align with our objectives. The deadline for this is next Friday. I'll take the action item to follow up. I'll take the action item to follow up. The deadline for this is...,1122,28,0.442,0.185,1,1,0.66,23.0,0.907,1,0,2,3.6,,69.0
MTG00152,Decision-Making,2025-08-29,34,4,We're making great progress on this. Let me share my screen to show the data. Here are the key metrics from last week. Here are the key metrics from last week. That's a really innovative approach. I appreciate everyone's input today. We have three items on the agenda today. I appreciate everyone's input today. The deadline for this is next Friday. This doesn't align with our objectives. Here are the key metrics from last week. I think we've reached a good decision here. Here are the key metrics ...,968,24,0.567,0.177,1,1,0.936,8.5,0.912,0,3,3,4.3,0.771,84.4
MTG00153,One-on-One,2025-10-29,21,2,Can everyone see the presentation? I appreciate everyone's input today. This is exactly what we need. Well done. I think we've reached a good decision here. Here are the key metrics from last week. This seems like a waste of time honestly. Let me share my screen to show the data. I'll send out the meeting notes later. I don't think we have enough information to decide. I'll take the action item to follow up. I'm not sure this is the right approach. We're making great progress on this. Can everyo...,572,14,0.458,0.209,1,1,0.74,10.5,0.895,1,2,1,3.6,0.642,75.1
MTG00154,Planning,2025-08-13,49,4,Can everyone see the presentation? We're going in circles on this topic. We should have resolved this weeks ago. We've discussed this several times already. I'll take the action item to follow up. This doesn't align with our objectives. Can everyone see the presentation? We should have resolved this weeks ago. Let's move to the next topic. Can everyone see the presentation? I'll send out the meeting notes later. I think we've reached a good decision here. We have three items on the agenda today....,976,25,0.465,0.191,1,0,0.484,12.25,0.905,1,4,1,3.5,0.487,63.0
MTG00155,All-Hands,2025-07-27,33,31,That's a really innovative approach. Here are the key metrics from last week. Let me share my screen to show the data. This is exactly what we need. Well done. I'll take the action item to follow up. Excellent point. I hadn't considered that. Great idea! Let's explore that further. Excellent point. I hadn't considered that. Let me share my screen to show the data. We should schedule a follow-up meeting. Let me share my screen to show the data. This solution addresses our concerns perfectly. I'm ...,733,18,0.552,0.211,1,1,0.949,1.06,0.894,8,5,2,5.0,0.626,88.2
MTG00156,Retrospective,2025-05-17,34,3,I'm concerned about the timeline here. I don't think we have enough information to decide. We're making great progress on this. This meeting could have been an email. We should schedule a follow-up meeting. The deadline for this is next Friday. We should schedule a follow-up meeting. Here are the key metrics from last week. That's a really innovative approach. This solution addresses our concerns perfectly. Let's move to the next topic. This doesn't align with our objectives. We're going in circ...,634,16,0.477,0.21,0,0,0.693,11.33,0.895,2,3,1,2.8,0.399,46.3
MTG00157,Status Update,2025-10-26,43,5,I think we've reached a good decision here. I'll take the action item to follow up. I'll take the action item to follow up. Excellent point. I hadn't considered that. Excellent point. I hadn't considered that. I'm excited about this direction. Let's move forward. I appreciate everyone's input today. The project timeline is on track. Let me share my screen to show the data. Let me share my screen to show the data. We're making great progress on this. This is exactly what we need. Well done. This ...,881,21,0.605,0.124,1,1,0.718,8.6,0.938,0,2,6,3.8,0.716,78.1
MTG00158,Status Update,2025-08-10,27,5,We're going in circles on this topic. Excellent point. I hadn't considered that. We're making great progress on this. I'm excited about this direction. Let's move forward. I disagree with this direction completely. I think we've reached a good decision here. I appreciate everyone's input today. This meeting could have been an email. I agree with this approach. It makes sense. Great idea! Let's explore that further. I disagree with this direction completely. I don't think we have enough informati...,896,21,0.546,0.233,1,1,0.906,5.4,0.883,0,4,1,4.2,0.652,84.8
MTG00159,Brainstorming,2025-05-28,24,14,Can everyone see the presentation? I'm excited about this direction. Let's move forward. I'm excited about this direction. Let's move forward. Excellent point. I hadn't considered that. This is exactly what we need. Well done. That's a really innovative approach. I'm concerned about the timeline here. Let me share my screen to show the data. Here are the key metrics from last week. I appreciate everyone's input today. This solution addresses our concerns perfectly. The deadline for this is next ...,771,18,0.623,0.197,1,0,0.761,1.71,0.901,4,1,2,4.0,0.63,67.0
MTG00160,Status Update,2025-10-29,18,5,This meeting could have been an email. I'm concerned about the timeline here. This solution addresses our concerns perfectly. Excellent point. I hadn't considered that. I disagree with this direction completely. We should schedule a follow-up meeting. I don't think we have enough information to decide. The project timeline is on track. We're going in circles on this topic. This doesn't align with our objectives. The project timeline is on track. This doesn't align with our objectives. Can everyo...,798,20,0.409,0.194,1,1,0.484,3.6,0.903,1,2,0,3.6,0.484,67.8
MTG00161,Retrospective,2025-09-12,68,3,I'll take the action item to follow up. Can everyone see the presentation? I'll send out the meeting notes later. I don't think we have enough information to decide. Let's move to the next topic. I'm excited about this direction. Let's move forward. This meeting could have been an email. Can everyone see the presentation? We should schedule a follow-up meeting. We've discussed this several times already. We should have resolved this weeks ago. I'm not sure this is the right approach. Here are th...,1297,32,0.518,0.202,1,1,0.665,22.67,0.899,1,3,1,3.9,0.582,76.5
MTG00162,Standup,2025-08-19,4,10,We have three items on the agenda today. We should schedule a follow-up meeting. This solution addresses our concerns perfectly. This is exactly what we need. Well done. This solution addresses our concerns perfectly. Let me share my screen to show the data. Let me share my screen to show the data. We should schedule a follow-up meeting....,339,8,0.556,0.166,1,1,0.549,0.4,0.917,7,5,3,4.2,0.706,78.6
MTG00163,Brainstorming,2025-09-15,53,5,I think we've reached a good decision here. The deadline for this is next Friday. We're making great progress on this. I agree with this approach. It makes sense. This doesn't align with our objectives. I think we've reached a good decision here. I appreciate everyone's input today. I'll send out the meeting notes later. I appreciate everyone's input today. I appreciate everyone's input today. We're making great progress on this. This seems like a waste of time honestly. Great idea! Let's explor...,946,24,0.521,0.191,1,1,0.707,10.6,0.905,4,0,4,3.5,,71.7
MTG00164,Review,2025-05-14,32,3,Can everyone see the presentation? This is exactly what we need. Well done. We've discussed this several times already. I appreciate everyone's input today. The project timeline is on track. I think we've reached a good decision here. We're going in circles on this topic. This is exactly what we need. Well done. We have three items on the agenda today. I'm not sure this is the right approach. Can everyone see the presentation? Can everyone see the presentation? We should have resolved this weeks...,800,20,0.521,0.251,1,1,0.525,10.67,0.874,0,1,2,3.4,0.639,68.7
MTG00165,One-on-One,2025-08-08,22,2,This is exactly what we need. Well done. This seems like a waste of time honestly. Let me share my screen to show the data. I'll take the action item to follow up. I'll take the action item to follow up. This is exactly what we need. Well done. I'm concerned about the timeline here. Great idea! Let's explore that further. Here are the key metrics from last week. That's a really innovative approach. The deadline for this is next Friday. We have three items on the agenda today. Let's move to the n...,589,15,0.531,0.189,1,1,0.816,11.0,0.905,1,2,0,3.7,0.564,78.6
MTG00166,Brainstorming,2025-06-24,53,7,Great idea! Let's explore that further. This meeting could have been an email. Great idea! Let's explore that further. I agree with this approach. It makes sense. Let me share my screen to show the data. Let me share my screen to show the data. We've discussed this several times already. I'll send out the meeting notes later. We should have resolved this weeks ago. I appreciate everyone's input today. We've discussed this several times already. I disagree with this direction completely. Can ever...,1229,31,0.525,0.221,1,0,0.464,7.57,0.89,3,2,1,3.8,0.468,59.4
MTG00167,Retrospective,2025-10-11,39,7,Excellent point. I hadn't considered that. I think we've reached a good decision here. Excellent point. I hadn't considered that. I'm excited about this direction. Let's move forward. That's a really innovative approach. Excellent point. I hadn't considered that. This solution addresses our concerns perfectly. I'll send out the meeting notes later. I'm excited about this direction. Let's move forward. This doesn't align with our objectives. I'm not sure this is the right approach. The project ti...,1030,25,0.602,0.194,1,0,0.932,5.57,0.903,0,4,4,4.0,0.59,76.9
MTG00168,All-Hands,2025-10-19,78,21,Can everyone see the presentation? I'm concerned about the timeline here. We should schedule a follow-up meeting. Can everyone see the presentation? Can everyone see the presentation? We should schedule a follow-up meeting. Let me share my screen to show the data. We have three items on the agenda today. This is exactly what we need. Well done. Let me share my screen to show the data. I'm excited about this direction. Let's move forward. This solution addresses our concerns perfectly. Let's move...,1249,32,0.539,0.171,0,1,0.629,3.71,0.914,5,2,1,3.3,0.505,54.2
MTG00169,One-on-One,2025-08-30,4,2,We should have resolved this weeks ago. I appreciate everyone's input today. This doesn't align with our objectives. I agree with this approach. It makes sense. The deadline for this is next Friday. Great idea! Let's explore that further. The deadline for this is next Friday. I agree with this approach. It makes sense. I'll send out the meeting notes later. This meeting could have been an email. We should schedule a follow-up meeting. Here are the key metrics from last week....,479,12,0.482,0.169,1,1,0.516,2.0,0.916,1,2,1,3.8,0.533,70.3
MTG00170,One-on-One,2025-09-22,38,2,I'll send out the meeting notes later. This solution addresses our concerns perfectly. I think we've reached a good decision here. Let me share my screen to show the data. This doesn't align with our objectives. We should have resolved this weeks ago. We should schedule a follow-up meeting. We have three items on the agenda today. I appreciate everyone's input today. We should have resolved this weeks ago. Let me share my screen to show the data. We have three items on the agenda today. We're go...,1047,26,0.489,0.245,0,1,0.598,19.0,0.878,1,2,3,2.8,0.392,51.9
MTG00171,One-on-One,2025-08-11,53,2,I'll send out the meeting notes later. The deadline for this is next Friday. The project timeline is on track. Here are the key metrics from last week. Let me share my screen to show the data. I'm not sure this is the right approach. This doesn't align with our objectives. The project timeline is on track. We should schedule a follow-up meeting. We should schedule a follow-up meeting. The deadline for this is next Friday. We have three items on the agenda today. We should schedule a follow-up me...,1276,32,0.507,0.184,0,1,0.808,26.5,0.908,2,1,2,3.6,0.484,56.0
MTG00172,Decision-Making,2025-10-08,92,4,Let me share my screen to show the data. We have three items on the agenda today. I appreciate everyone's input today. I appreciate everyone's input today. Great idea! Let's explore that further. That's a really innovative approach. That's a really innovative approach. I'm not sure this is the right approach. We have three items on the agenda today. I think we've reached a good decision here. I think we've reached a good decision here. We're going in circles on this topic. That's a really innova...,1645,42,0.547,0.232,1,0,0.736,23.0,0.884,0,3,1,3.6,0.579,68.6
MTG00173,Standup,2025-07-26,14,3,I'm excited about this direction. Let's move forward. I think we've reached a good decision here. Excellent point. I hadn't considered that. I'll take the action item to follow up. We have three items on the agenda today. I appreciate everyone's input today. I'll take the action item to follow up. We're making great progress on this. I'm concerned about the timeline here. Let's move to the next topic....,404,10,0.513,0.204,1,0,0.849,4.67,0.898,1,4,3,3.8,0.58,72.9
MTG00174,Retrospective,2025-07-24,73,5,I think we've reached a good decision here. We've discussed this several times already. We should schedule a follow-up meeting. We should schedule a follow-up meeting. I think we've reached a good decision here. I disagree with this direction completely. This is exactly what we need. Well done. We should schedule a follow-up meeting. Great idea! Let's explore that further. That's a really innovative approach. Let me share my screen to show the data. The project timeline is on track. I'll send ou...,1156,29,0.599,0.205,1,0,0.771,14.6,0.897,0,4,3,3.8,0.563,72.7
MTG00175,Review,2025-08-29,60,3,I don't think we have enough information to decide. We're going in circles on this topic. We should schedule a follow-up meeting. This is exactly what we need. Well done. This is exactly what we need. Well done. I appreciate everyone's input today. Here are the key metrics from last week. That's a really innovative approach. Can everyone see the presentation? The project timeline is on track. This solution addresses our concerns perfectly. That's a really innovative approach. I'm concerned about...,1246,31,0.578,0.233,1,1,0.794,20.0,0.884,0,1,0,4.2,0.705,76.7
MTG00176,Brainstorming,2025-07-22,52,5,The project timeline is on track. We've discussed this several times already. Let me share my screen to show the data. I'll send out the meeting notes later. This doesn't align with our objectives. Let me share my screen to show the data. Great idea! Let's explore that further. I'll take the action item to follow up. Can everyone see the presentation? This is exactly what we need. Well done. I'm excited about this direction. Let's move forward. I'm excited about this direction. Let's move forwar...,924,22,0.504,0.198,0,1,0.559,10.4,0.901,4,5,3,2.9,0.463,57.6
MTG00177,All-Hands,2025-09-11,54,56,That's a really innovative approach. I'll send out the meeting notes later. I'll take the action item to follow up. That's a really innovative approach. I'm excited about this direction. Let's move forward. Great idea! Let's explore that further. This seems like a waste of time honestly. I'll send out the meeting notes later. I'll send out the meeting notes later. This solution addresses our concerns perfectly. That's a really innovative approach. Let me share my screen to show the data. Let me ...,1336,33,0.603,0.202,1,0,0.791,0.96,0.899,20,1,2,3.7,0.548,67.3
MTG00178,Planning,2025-07-21,72,7,That's a really innovative approach. Can everyone see the presentation? The deadline for this is next Friday. This doesn't align with our objectives. Here are the key metrics from last week. Can everyone see the presentation? Let me share my screen to show the data. This solution addresses our concerns perfectly. We're making great progress on this. This is exactly what we need. Well done. Let me share my screen to show the data. The deadline for this is next Friday. Let's move to the next topic...,1279,33,0.53,0.203,1,1,0.559,10.29,0.898,3,3,3,4.1,0.674,74.1
MTG00179,Status Update,2025-10-15,15,20,Excellent point. I hadn't considered that. I'll take the action item to follow up. This solution addresses our concerns perfectly. Let's move to the next topic. Let's move to the next topic. Can everyone see the presentation? I'm concerned about the timeline here. This meeting could have been an email. The project timeline is on track. We should have resolved this weeks ago. The project timeline is on track. Let me share my screen to show the data. We have three items on the agenda today. I don'...,585,15,0.499,0.192,1,0,0.687,0.75,0.904,6,2,4,3.4,0.598,64.7
MTG00180,Review,2025-05-27,37,3,Here are the key metrics from last week. Excellent point. I hadn't considered that. I'm not sure this is the right approach. This solution addresses our concerns perfectly. This seems like a waste of time honestly. I agree with this approach. It makes sense. I'll send out the meeting notes later. I'm excited about this direction. Let's move forward. That's a really innovative approach. Can everyone see the presentation? Great idea! Let's explore that further. That's a really innovative approach....,1087,26,0.531,0.173,1,1,0.752,12.33,0.913,1,1,2,4.0,0.719,75.1
MTG00181,All-Hands,2025-11-06,62,45,We have three items on the agenda today. Excellent point. I hadn't considered that. I'll take the action item to follow up. I'll send out the meeting notes later. We have three items on the agenda today. Excellent point. I hadn't considered that. I disagree with this direction completely. I'll send out the meeting notes later. We have three items on the agenda today. This is exactly what we need. Well done. I'm not sure this is the right approach. We should schedule a follow-up meeting. I don't ...,1415,35,0.455,0.179,0,1,0.667,1.38,0.91,17,5,1,3.1,0.473,59.4
MTG00182,Retrospective,2025-06-11,97,3,We have three items on the agenda today. Let's move to the next topic. That's a really innovative approach. We have three items on the agenda today. Can everyone see the presentation? I'm excited about this direction. Let's move forward. This meeting could have been an email. I agree with this approach. It makes sense. We're going in circles on this topic. We should schedule a follow-up meeting. I appreciate everyone's input today. I'll send out the meeting notes later. I'm not sure this is the ...,1454,37,0.521,0.235,0,0,0.713,32.33,0.883,0,1,2,3.5,0.385,43.5
MTG00183,Brainstorming,2025-09-15,47,5,I'm concerned about the timeline here. This seems like a waste of time honestly. I disagree with this direction completely. The deadline for this is next Friday. The deadline for this is next Friday. The deadline for this is next Friday. I'm concerned about the timeline here. Here are the key metrics from last week. Can everyone see the presentation? I'm concerned about the timeline here. We have three items on the agenda today. The deadline for this is next Friday. Here are the key metrics from...,976,25,0.45,0.175,1,1,0.444,9.4,0.913,1,3,2,3.8,0.497,69.8
MTG00184,Decision-Making,2025-08-08,20,5,Excellent point. I hadn't considered that. We have three items on the agenda today. I'm excited about this direction. Let's move forward. Here are the key metrics from last week. We've discussed this several times already. Excellent point. I hadn't considered that. Let's move to the next topic. We're making great progress on this. We're making great progress on this. Let's move to the next topic. Here are the key metrics from last week. I'm excited about this direction. Let's move forward. Here ...,535,13,0.642,0.237,0,0,0.733,4.0,0.881,1,2,2,2.3,0.48,48.4
MTG00185,Standup,2025-06-16,18,4,I don't think we have enough information to decide. Let's move to the next topic. I appreciate everyone's input today. The deadline for this is next Friday. Let me share my screen to show the data. Let's move to the next topic. I'm concerned about the timeline here. I'm concerned about the timeline here. I appreciate everyone's input today. I'm excited about this direction. Let's move forward. I don't think we have enough information to decide. This doesn't align with our objectives. This soluti...,814,20,0.424,0.198,0,1,0.674,4.5,0.901,3,1,2,3.5,0.393,50.8
MTG00186,Retrospective,2025-09-24,21,5,I think we've reached a good decision here. We've discussed this several times already. We're going in circles on this topic. This is exactly what we need. Well done. That's a really innovative approach. I'll take the action item to follow up. I'm excited about this direction. Let's move forward. I agree with this approach. It makes sense. We have three items on the agenda today. Great idea! Let's explore that further. The project timeline is on track. Great idea! Let's explore that further. I t...,891,22,0.588,0.234,1,1,0.716,4.2,0.883,2,2,2,4.4,0.552,76.9
MTG00187,One-on-One,2025-05-24,21,2,This solution addresses our concerns perfectly. I'll send out the meeting notes later. I'll take the action item to follow up. I think we've reached a good decision here. We're going in circles on this topic. This is exactly what we need. Well done. We should schedule a follow-up meeting. That's a really innovative approach. I disagree with this direction completely. I agree with this approach. It makes sense. I'll send out the meeting notes later. I don't think we have enough information to dec...,579,14,0.52,0.239,1,1,0.861,10.5,0.88,0,7,3,4.5,0.757,85.1
MTG00188,Review,2025-06-03,66,7,The deadline for this is next Friday. The project timeline is on track. This doesn't align with our objectives. We should schedule a follow-up meeting. This doesn't align with our objectives. This doesn't align with our objectives. This meeting could have been an email. Here are the key metrics from last week. The deadline for this is next Friday. We should have resolved this weeks ago. I don't think we have enough information to decide. Let me share my screen to show the data. I'm concerned abo...,1489,37,0.418,0.222,1,1,0.386,9.43,0.889,2,9,3,3.6,0.687,71.3
MTG00189,Status Update,2025-05-24,52,5,This solution addresses our concerns perfectly. Here are the key metrics from last week. We've discussed this several times already. That's a really innovative approach. We're going in circles on this topic. I'll send out the meeting notes later. I'll take the action item to follow up. The project timeline is on track. I appreciate everyone's input today. Let's move to the next topic. Let's move to the next topic. We should schedule a follow-up meeting. We should have resolved this weeks ago. Th...,1084,28,0.463,0.238,0,0,0.693,10.4,0.881,0,4,3,2.9,0.357,47.8
MTG00190,Retrospective,2025-05-22,26,3,I appreciate everyone's input today. This solution addresses our concerns perfectly. I agree with this approach. It makes sense. We should schedule a follow-up meeting. We should schedule a follow-up meeting. We're making great progress on this. I'll take the action item to follow up. This meeting could have been an email. The deadline for this is next Friday. This seems like a waste of time honestly. Let me share my screen to show the data. Excellent point. I hadn't considered that. Great idea!...,657,16,0.584,0.172,1,0,0.718,8.67,0.914,0,3,1,3.4,0.608,69.3
MTG00191,Standup,2025-10-04,3,3,That's a really innovative approach. Great idea! Let's explore that further. I think we've reached a good decision here. The deadline for this is next Friday. Let me share my screen to show the data. The deadline for this is next Friday. I'm excited about this direction. Let's move forward. This doesn't align with our objectives. I disagree with this direction completely. I'll send out the meeting notes later. I think we've reached a good decision here. I think we've reached a good decision here...,678,16,0.523,0.213,1,0,0.742,1.0,0.894,0,3,0,4.1,0.681,68.4
MTG00192,One-on-One,2025-06-05,29,2,We should schedule a follow-up meeting. The deadline for this is next Friday. Excellent point. I hadn't considered that. I appreciate everyone's input today. Here are the key metrics from last week. The deadline for this is next Friday. Here are the key metrics from last week. This doesn't align with our objectives. I think we've reached a good decision here. I disagree with this direction completely. Can everyone see the presentation? This is exactly what we need. Well done. Let's move to the n...,833,21,0.539,0.25,1,1,0.607,14.5,0.875,0,2,3,3.8,0.609,73.1
MTG00193,Retrospective,2025-11-03,47,3,The project timeline is on track. I disagree with this direction completely. I appreciate everyone's input today. The deadline for this is next Friday. Here are the key metrics from last week. We have three items on the agenda today. This is exactly what we need. Well done. We should have resolved this weeks ago. Here are the key metrics from last week. This meeting could have been an email. Let me share my screen to show the data. The project timeline is on track. That's a really innovative app...,900,23,0.458,0.17,1,1,0.634,15.67,0.915,2,2,0,4.5,0.547,72.7
MTG00194,Decision-Making,2025-10-27,68,4,I appreciate everyone's input today. I'll take the action item to follow up. We should schedule a follow-up meeting. I appreciate everyone's input today. This solution addresses our concerns perfectly. I think we've reached a good decision here. I think we've reached a good decision here. We have three items on the agenda today. I appreciate everyone's input today. The deadline for this is next Friday. We're going in circles on this topic. We're making great progress on this. Excellent point. I ...,1437,35,0.554,0.197,1,0,0.874,17.0,0.902,1,1,1,3.7,0.582,68.5
MTG00195,Brainstorming,2025-09-02,58,5,I'll send out the meeting notes later. I think we've reached a good decision here. This solution addresses our concerns perfectly. Here are the key metrics from last week. We're going in circles on this topic. I appreciate everyone's input today. I'll take the action item to follow up. I'll send out the meeting notes later. The project timeline is on track. The project timeline is on track. We should have resolved this weeks ago. The deadline for this is next Friday. I don't think we have enough...,1282,32,0.487,0.205,0,1,0.678,11.6,0.897,1,3,1,3.1,0.559,56.1
MTG00196,Planning,2025-09-27,56,7,Let me share my screen to show the data. I agree with this approach. It makes sense. This is exactly what we need. Well done. We're making great progress on this. I think we've reached a good decision here. This seems like a waste of time honestly. I agree with this approach. It makes sense. We have three items on the agenda today. Can everyone see the presentation? I'll take the action item to follow up. This solution addresses our concerns perfectly. We have three items on the agenda today. I ...,1169,29,0.523,0.21,1,1,0.609,8.0,0.895,1,6,1,3.7,0.6,79.1
MTG00197,Planning,2025-06-07,63,4,I disagree with this direction completely. Excellent point. I hadn't considered that. Here are the key metrics from last week. This doesn't align with our objectives. Let me share my screen to show the data. Let's move to the next topic. I'll take the action item to follow up. I'm not sure this is the right approach. This doesn't align with our objectives. We have three items on the agenda today. Can everyone see the presentation? I'll send out the meeting notes later. I don't think we have enou...,1365,34,0.477,0.215,1,1,0.366,15.75,0.892,2,4,0,3.5,0.655,70.1
MTG00198,Planning,2025-09-02,40,4,I appreciate everyone's input today. That's a really innovative approach. I agree with this approach. It makes sense. That's a really innovative approach. I agree with this approach. It makes sense. The project timeline is on track. Can everyone see the presentation? Let's move to the next topic. We have three items on the agenda today. That's a really innovative approach. We're going in circles on this topic. The project timeline is on track. I think we've reached a good decision here. Can ever...,758,20,0.575,0.211,1,0,0.895,10.0,0.894,0,1,3,3.7,0.492,69.3
MTG00199,One-on-One,2025-05-17,23,2,Here are the key metrics from last week. Let me share my screen to show the data. We should schedule a follow-up meeting. We have three items on the agenda today. We're going in circles on this topic. We've discussed this several times already. I appreciate everyone's input today. I'm concerned about the timeline here. Excellent point. I hadn't considered that. This solution addresses our concerns perfectly. I appreciate everyone's input today. This solution addresses our concerns perfectly. Tha...,781,19,0.532,0.182,1,1,0.717,11.5,0.909,0,2,0,3.8,0.555,76.2
MTG00200,Status Update,2025-05-19,49,5,We have three items on the agenda today. That's a really innovative approach. The deadline for this is next Friday. We're making great progress on this. I don't think we have enough information to decide. This solution addresses our concerns perfectly. I'm concerned about the timeline here. This meeting could have been an email. Can everyone see the presentation? This is exactly what we need. Well done. I'm concerned about the timeline here. We're making great progress on this. I'll take the act...,1059,26,0.486,0.166,1,1,0.449,9.8,0.917,1,5,4,4.1,0.613,74.7
MTG00201,One-on-One,2025-06-03,20,2,That's a really innovative approach. Great idea! Let's explore that further. We should schedule a follow-up meeting. This solution addresses our concerns perfectly. I think we've reached a good decision here. This solution addresses our concerns perfectly. We're making great progress on this. I think we've reached a good decision here. I'm excited about this direction. Let's move forward. We're making great progress on this. The deadline for this is next Friday....,466,11,0.671,0.167,1,1,0.934,10.0,0.916,0,2,1,4.7,0.603,84.5
MTG00202,All-Hands,2025-08-28,73,59,I'm concerned about the timeline here. I think we've reached a good decision here. This doesn't align with our objectives. Let me share my screen to show the data. That's a really innovative approach. I'll send out the meeting notes later. We're making great progress on this. The project timeline is on track. Great idea! Let's explore that further. The project timeline is on track. This solution addresses our concerns perfectly. This seems like a waste of time honestly. The deadline for this is ...,1410,35,0.522,0.211,1,1,0.625,1.24,0.894,19,4,3,3.7,0.728,77.5
MTG00203,Decision-Making,2025-08-06,45,4,We should schedule a follow-up meeting. I'll send out the meeting notes later. I'll take the action item to follow up. I appreciate everyone's input today. This solution addresses our concerns perfectly. Let's move to the next topic. I appreciate everyone's input today. Can everyone see the presentation? We should schedule a follow-up meeting. The deadline for this is next Friday. I think we've reached a good decision here. This doesn't align with our objectives. I think we've reached a good dec...,868,22,0.523,0.21,1,1,0.674,11.25,0.895,4,4,4,4.5,0.668,78.7
MTG00204,Standup,2025-07-09,16,3,This doesn't align with our objectives. I'll send out the meeting notes later. We should schedule a follow-up meeting. The deadline for this is next Friday. The project timeline is on track. The project timeline is on track. Let's move to the next topic. We should schedule a follow-up meeting. We're going in circles on this topic. Can everyone see the presentation?...,367,10,0.5,0.111,1,1,0.652,5.33,0.944,1,5,2,4.2,0.675,80.5
MTG00205,All-Hands,2025-06-15,35,20,I appreciate everyone's input today. I agree with this approach. It makes sense. The deadline for this is next Friday. Let me share my screen to show the data. I'm concerned about the timeline here. I'm excited about this direction. Let's move forward. We're making great progress on this. We've discussed this several times already. We should schedule a follow-up meeting. This solution addresses our concerns perfectly. I'm excited about this direction. Let's move forward. This solution addresses ...,680,16,0.521,0.153,1,0,0.781,1.75,0.924,2,2,0,4.1,0.602,67.8
MTG00206,Decision-Making,2025-11-02,56,4,We have three items on the agenda today. Let's move to the next topic. Here are the key metrics from last week. I'm concerned about the timeline here. I think we've reached a good decision here. I think we've reached a good decision here. The project timeline is on track. This doesn't align with our objectives. I'm excited about this direction. Let's move forward. I don't think we have enough information to decide. Let's move to the next topic. I disagree with this direction completely. We shoul...,1188,29,0.438,0.223,1,1,0.633,14.0,0.888,0,2,4,3.7,0.635,71.9
MTG00207,Decision-Making,2025-09-10,58,4,This solution addresses our concerns perfectly. Can everyone see the presentation? I'm excited about this direction. Let's move forward. Here are the key metrics from last week. I appreciate everyone's input today. I'm excited about this direction. Let's move forward. We're making great progress on this. This solution addresses our concerns perfectly. I think we've reached a good decision here. That's a really innovative approach. We should schedule a follow-up meeting. I appreciate everyone's i...,1195,29,0.57,0.194,1,1,0.596,14.5,0.903,0,2,2,4.1,0.654,73.8
MTG00208,Status Update,2025-06-26,11,5,I agree with this approach. It makes sense. I'm excited about this direction. Let's move forward. I think we've reached a good decision here. This is exactly what we need. Well done. I agree with this approach. It makes sense. I appreciate everyone's input today. I'm excited about this direction. Let's move forward. Excellent point. I hadn't considered that. I'll take the action item to follow up....,400,9,0.724,0.153,1,1,0.915,2.2,0.923,1,4,1,4.2,0.854,89.2
MTG00209,Brainstorming,2025-07-17,47,8,This doesn't align with our objectives. This doesn't align with our objectives. The project timeline is on track. This is exactly what we need. Well done. Let me share my screen to show the data. Let me share my screen to show the data. Let's move to the next topic. I don't think we have enough information to decide. We should schedule a follow-up meeting. We should schedule a follow-up meeting. I disagree with this direction completely. We're going in circles on this topic. That's a really inno...,1193,30,0.533,0.232,1,1,0.807,5.88,0.884,3,2,3,4.8,0.774,78.1
MTG00210,One-on-One,2025-08-21,32,2,I'll send out the meeting notes later. I'm excited about this direction. Let's move forward. This is exactly what we need. Well done. We're going in circles on this topic. Great idea! Let's explore that further. Let me share my screen to show the data. I disagree with this direction completely. The deadline for this is next Friday. Let's move to the next topic. Can everyone see the presentation? We should schedule a follow-up meeting. That's a really innovative approach. Great idea! Let's explor...,823,20,0.569,0.18,1,1,0.757,16.0,0.91,0,2,2,3.4,0.625,78.0
MTG00211,Review,2025-11-06,67,4,Let's move to the next topic. I'll take the action item to follow up. This seems like a waste of time honestly. That's a really innovative approach. I appreciate everyone's input today. I'll send out the meeting notes later. Excellent point. I hadn't considered that. The deadline for this is next Friday. This seems like a waste of time honestly. I'll send out the meeting notes later. I'm concerned about the timeline here. Can everyone see the presentation? We've discussed this several times alre...,1396,35,0.52,0.204,1,0,0.616,16.75,0.898,0,3,1,3.8,0.536,65.3
MTG00212,Decision-Making,2025-11-03,52,7,I'm not sure this is the right approach. The project timeline is on track. Let me share my screen to show the data. The deadline for this is next Friday. We have three items on the agenda today. We're going in circles on this topic. Can everyone see the presentation? The deadline for this is next Friday. We should have resolved this weeks ago. Great idea! Let's explore that further. I'll take the action item to follow up. We have three items on the agenda today. The deadline for this is next Fri...,948,24,0.482,0.237,1,0,0.68,7.43,0.881,1,3,1,3.8,0.534,65.9
MTG00213,Retrospective,2025-10-01,31,3,I'm excited about this direction. Let's move forward. I appreciate everyone's input today. I agree with this approach. It makes sense. I disagree with this direction completely. We should schedule a follow-up meeting. This is exactly what we need. Well done. Excellent point. I hadn't considered that. Can everyone see the presentation? I appreciate everyone's input today. Let me share my screen to show the data. I agree with this approach. It makes sense. I'm concerned about the timeline here. I'...,616,15,0.615,0.198,1,1,0.742,10.33,0.901,3,1,2,4.0,0.728,76.4
MTG00214,Planning,2025-09-18,87,4,We have three items on the agenda today. That's a really innovative approach. I'll take the action item to follow up. We should schedule a follow-up meeting. I'll send out the meeting notes later. I'm excited about this direction. Let's move forward. This solution addresses our concerns perfectly. This doesn't align with our objectives. I'm not sure this is the right approach. The project timeline is on track. The project timeline is on track. We have three items on the agenda today. We're going...,1663,41,0.515,0.225,0,1,0.916,21.75,0.888,1,3,1,3.5,0.464,62.5
MTG00215,Retrospective,2025-05-16,32,3,This solution addresses our concerns perfectly. Great idea! Let's explore that further. Let me share my screen to show the data. I don't think we have enough information to decide. The deadline for this is next Friday. I disagree with this direction completely. We've discussed this several times already. The deadline for this is next Friday. We're making great progress on this. I'll take the action item to follow up. I don't think we have enough information to decide. The project timeline is on ...,996,24,0.475,0.214,1,1,0.428,10.67,0.893,2,2,1,4.2,0.521,67.6
MTG00216,Brainstorming,2025-06-22,36,12,I'll take the action item to follow up. This meeting could have been an email. This is exactly what we need. Well done. The project timeline is on track. This solution addresses our concerns perfectly. This solution addresses our concerns perfectly. We should schedule a follow-up meeting. Can everyone see the presentation? This meeting could have been an email. The project timeline is on track. The deadline for this is next Friday. I agree with this approach. It makes sense. The project timeline...,951,24,0.535,0.209,0,0,0.724,3.0,0.896,2,3,2,2.1,0.47,48.2
MTG00217,Planning,2025-06-02,45,4,This meeting could have been an email. Excellent point. I hadn't considered that. Let's move to the next topic. We've discussed this several times already. I disagree with this direction completely. I'll send out the meeting notes later. Excellent point. I hadn't considered that. That's a really innovative approach. We should schedule a follow-up meeting. That's a really innovative approach. The deadline for this is next Friday. Here are the key metrics from last week. Can everyone see the prese...,1002,25,0.513,0.212,0,1,0.731,11.25,0.894,1,5,3,3.2,0.475,61.9
MTG00218,Retrospective,2025-07-06,126,3,We have three items on the agenda today. I'm not sure this is the right approach. I think we've reached a good decision here. I appreciate everyone's input today. We should schedule a follow-up meeting. The project timeline is on track. Here are the key metrics from last week. This meeting could have been an email. Can everyone see the presentation? Let me share my screen to show the data. Let's move to the next topic. I'm concerned about the timeline here. I think we've reached a good decision ...,1985,50,0.504,0.234,0,0,0.841,42.0,0.883,0,8,1,3.0,0.436,54.4
MTG00219,Decision-Making,2025-05-19,106,4,I'll send out the meeting notes later. We've discussed this several times already. The deadline for this is next Friday. This doesn't align with our objectives. That's a really innovative approach. I appreciate everyone's input today. That's a really innovative approach. This solution addresses our concerns perfectly. The deadline for this is next Friday. The project timeline is on track. I think we've reached a good decision here. We should schedule a follow-up meeting. Let's move to the next t...,1890,47,0.515,0.208,1,1,0.619,26.5,0.896,2,2,2,4.2,0.533,73.2
MTG00220,All-Hands,2025-06-30,48,29,This meeting could have been an email. Here are the key metrics from last week. This doesn't align with our objectives. We've discussed this several times already. Let me share my screen to show the data. We should have resolved this weeks ago. Let's move to the next topic. This doesn't align with our objectives. This doesn't align with our objectives. We're going in circles on this topic. Let's move to the next topic. Here are the key metrics from last week. I'll take the action item to follow ...,1154,29,0.406,0.183,1,1,0.211,1.66,0.908,16,5,2,3.5,0.496,67.0
MTG00221,Brainstorming,2025-10-29,49,5,I appreciate everyone's input today. We have three items on the agenda today. Great idea! Let's explore that further. Let's move to the next topic. This solution addresses our concerns perfectly. I appreciate everyone's input today. I'll send out the meeting notes later. I agree with this approach. It makes sense. I'll take the action item to follow up. Here are the key metrics from last week. Great idea! Let's explore that further. This seems like a waste of time honestly. I'm not sure this is ...,1203,30,0.567,0.216,0,1,0.888,9.8,0.892,1,2,1,3.6,0.51,60.9
MTG00222,Retrospective,2025-09-12,107,3,Can everyone see the presentation? I'll send out the meeting notes later. The deadline for this is next Friday. The deadline for this is next Friday. Let's move to the next topic. We have three items on the agenda today. We should schedule a follow-up meeting. This meeting could have been an email. I'm not sure this is the right approach. The project timeline is on track. This seems like a waste of time honestly. Can everyone see the presentation? We have three items on the agenda today. I appre...,1841,46,0.504,0.209,0,1,0.497,35.67,0.895,1,4,2,3.0,0.446,53.9
MTG00223,Brainstorming,2025-09-25,58,6,I think we've reached a good decision here. We should have resolved this weeks ago. This meeting could have been an email. The deadline for this is next Friday. We should have resolved this weeks ago. Let me share my screen to show the data. I'm concerned about the timeline here. I'll take the action item to follow up. Let's move to the next topic. The deadline for this is next Friday. We've discussed this several times already. I agree with this approach. It makes sense. Great idea! Let's explo...,1155,29,0.541,0.225,0,1,0.843,9.67,0.888,0,4,0,3.4,0.618,63.2
MTG00224,All-Hands,2025-06-27,52,36,That's a really innovative approach. We should schedule a follow-up meeting. I think we've reached a good decision here. This is exactly what we need. Well done. Great idea! Let's explore that further. I appreciate everyone's input today. I think we've reached a good decision here. That's a really innovative approach. Great idea! Let's explore that further. We're going in circles on this topic. This is exactly what we need. Well done. I'm not sure this is the right approach. I'm excited about th...,1075,26,0.581,0.197,1,1,0.763,1.44,0.902,4,3,3,4.2,0.636,80.2
MTG00225,Status Update,2025-09-09,7,5,That's a really innovative approach. I agree with this approach. It makes sense. This solution addresses our concerns perfectly. We're making great progress on this. I think we've reached a good decision here. The project timeline is on track. We have three items on the agenda today. This is exactly what we need. Well done. I'll take the action item to follow up. That's a really innovative approach. We're making great progress on this. That's a really innovative approach. Great idea! Let's explo...,516,13,0.718,0.119,1,1,0.757,1.4,0.94,2,3,1,4.2,0.667,83.4
MTG00226,Planning,2025-09-05,100,4,I'm excited about this direction. Let's move forward. Let's move to the next topic. We're making great progress on this. I appreciate everyone's input today. This doesn't align with our objectives. Let me share my screen to show the data. This solution addresses our concerns perfectly. I don't think we have enough information to decide. Let's move to the next topic. We're going in circles on this topic. Excellent point. I hadn't considered that. That's a really innovative approach. Can everyone ...,1861,46,0.565,0.185,1,0,0.752,25.0,0.908,1,3,1,3.7,0.585,69.7
MTG00227,Brainstorming,2025-05-15,32,5,This doesn't align with our objectives. This seems like a waste of time honestly. The deadline for this is next Friday. This meeting could have been an email. The deadline for this is next Friday. I don't think we have enough information to decide. We've discussed this several times already. I disagree with this direction completely. The project timeline is on track. I agree with this approach. It makes sense. This doesn't align with our objectives. I don't think we have enough information to de...,946,23,0.388,0.228,0,1,0.249,6.4,0.886,1,3,1,2.1,0.359,43.3
MTG00228,Standup,2025-09-21,9,3,Here are the key metrics from last week. This meeting could have been an email. We're going in circles on this topic. This meeting could have been an email. Here are the key metrics from last week. This meeting could have been an email. I'm concerned about the timeline here. Here are the key metrics from last week....,316,8,0.29,0.097,1,1,0.327,3.0,0.951,0,4,1,3.9,0.48,66.2
MTG00229,Review,2025-09-09,24,3,Great idea! Let's explore that further. Let's move to the next topic. I agree with this approach. It makes sense. We should have resolved this weeks ago. This doesn't align with our objectives. The project timeline is on track. This meeting could have been an email. We should have resolved this weeks ago. Let's move to the next topic. This is exactly what we need. Well done. This seems like a waste of time honestly. We should schedule a follow-up meeting. We should schedule a follow-up meeting. ...,893,23,0.43,0.201,0,0,0.728,8.0,0.899,0,2,1,3.2,0.33,44.3
MTG00230,Review,2025-09-16,28,3,The deadline for this is next Friday. We should have resolved this weeks ago. I think we've reached a good decision here. We should schedule a follow-up meeting. Let's move to the next topic. We should have resolved this weeks ago. Excellent point. I hadn't considered that. I'll send out the meeting notes later. This seems like a waste of time honestly. I'm not sure this is the right approach. I think we've reached a good decision here. I appreciate everyone's input today. Let's move to the next...,585,15,0.536,0.239,1,0,0.669,9.33,0.88,1,3,2,3.7,0.497,66.6
MTG00231,All-Hands,2025-06-26,59,94,Let me share my screen to show the data. That's a really innovative approach. I agree with this approach. It makes sense. We're making great progress on this. We should schedule a follow-up meeting. I'm not sure this is the right approach. I'll take the action item to follow up. The project timeline is on track. The project timeline is on track. This seems like a waste of time honestly. Let me share my screen to show the data. I disagree with this direction completely. I'll send out the meeting ...,1376,34,0.524,0.225,1,0,0.431,0.63,0.888,25,3,0,3.2,0.505,60.6
MTG00232,Standup,2025-06-11,11,3,The deadline for this is next Friday. I appreciate everyone's input today. This seems like a waste of time honestly. Let's move to the next topic. We should schedule a follow-up meeting. Let me share my screen to show the data. This is exactly what we need. Well done. We're making great progress on this. Here are the key metrics from last week. I'll take the action item to follow up. We're making great progress on this. We've discussed this several times already. I'm excited about this direction...,636,16,0.545,0.194,0,1,0.566,3.67,0.903,0,4,2,3.6,0.459,56.6
MTG00233,Retrospective,2025-10-09,43,3,I don't think we have enough information to decide. We have three items on the agenda today. That's a really innovative approach. I'll send out the meeting notes later. The project timeline is on track. Here are the key metrics from last week. The deadline for this is next Friday. I'll send out the meeting notes later. I disagree with this direction completely. I'll send out the meeting notes later. I'm not sure this is the right approach. The deadline for this is next Friday. Let's move to the ...,1025,26,0.423,0.194,1,1,0.675,14.33,0.903,1,1,2,3.5,0.537,70.9
MTG00234,Standup,2025-09-17,19,3,I think we've reached a good decision here. Can everyone see the presentation? Let me share my screen to show the data. We should schedule a follow-up meeting. We're making great progress on this. We should schedule a follow-up meeting. The project timeline is on track. Let me share my screen to show the data. Here are the key metrics from last week. We should schedule a follow-up meeting. I'll take the action item to follow up....,432,11,0.584,0.172,1,1,0.662,6.33,0.914,0,0,2,3.7,,71.9
MTG00235,Review,2025-06-10,38,3,We're making great progress on this. We're making great progress on this. I'll send out the meeting notes later. We're making great progress on this. We have three items on the agenda today. Here are the key metrics from last week. Here are the key metrics from last week. Great idea! Let's explore that further. I'll take the action item to follow up. That's a really innovative approach. I'm excited about this direction. Let's move forward. Here are the key metrics from last week. The project tim...,1083,27,0.573,0.23,1,0,0.834,12.67,0.885,0,6,5,4.0,0.669,75.6
MTG00236,Planning,2025-10-11,53,5,This doesn't align with our objectives. This is exactly what we need. Well done. We're going in circles on this topic. This meeting could have been an email. Here are the key metrics from last week. This meeting could have been an email. I disagree with this direction completely. This doesn't align with our objectives. We should have resolved this weeks ago. This meeting could have been an email. I don't think we have enough information to decide. Let me share my screen to show the data. We have...,1167,28,0.413,0.213,1,0,0.33,10.6,0.894,1,4,4,2.9,0.508,57.9
MTG00237,Status Update,2025-06-26,47,12,Excellent point. I hadn't considered that. I think we've reached a good decision here. Great idea! Let's explore that further. We have three items on the agenda today. Here are the key metrics from last week. The project timeline is on track. I agree with this approach. It makes sense. We should schedule a follow-up meeting. I think we've reached a good decision here. We're going in circles on this topic. I appreciate everyone's input today. I think we've reached a good decision here. Let's move...,925,23,0.552,0.248,1,0,0.82,3.92,0.876,6,4,3,3.8,0.516,72.7
MTG00238,One-on-One,2025-07-04,12,2,Here are the key metrics from last week. I'm concerned about the timeline here. We're going in circles on this topic. I'll take the action item to follow up. Let me share my screen to show the data. We have three items on the agenda today. I'm not sure this is the right approach. We're making great progress on this. We have three items on the agenda today. Excellent point. I hadn't considered that. Here are the key metrics from last week....,442,11,0.381,0.16,1,1,0.6,6.0,0.92,1,4,0,3.8,0.626,74.4
MTG00239,Status Update,2025-07-25,42,5,I don't think we have enough information to decide. Let's move to the next topic. The project timeline is on track. I'll take the action item to follow up. I'm not sure this is the right approach. I'm concerned about the timeline here. Can everyone see the presentation? We're going in circles on this topic. We've discussed this several times already. Can everyone see the presentation? Can everyone see the presentation? I disagree with this direction completely. The project timeline is on track. ...,738,19,0.429,0.201,1,0,0.365,8.4,0.899,0,2,5,3.3,0.481,55.2
MTG00240,Planning,2025-09-24,86,4,This solution addresses our concerns perfectly. Let's move to the next topic. We're making great progress on this. We should have resolved this weeks ago. Let me share my screen to show the data. This is exactly what we need. Well done. We're making great progress on this. The deadline for this is next Friday. We should schedule a follow-up meeting. That's a really innovative approach. Let's move to the next topic. We're making great progress on this. I appreciate everyone's input today. Great i...,1424,36,0.605,0.195,1,1,0.784,21.5,0.903,0,6,2,4.3,0.807,85.3
MTG00241,Standup,2025-06-08,10,6,Can everyone see the presentation? Let's move to the next topic. Let me share my screen to show the data. I'm excited about this direction. Let's move forward. I'll send out the meeting notes later. We have three items on the agenda today. We're making great progress on this. I'll take the action item to follow up. Let's move to the next topic....,346,9,0.606,0.153,0,1,0.726,1.67,0.924,3,4,3,3.2,0.602,62.1
MTG00242,One-on-One,2025-08-22,57,2,The project timeline is on track. I'm excited about this direction. Let's move forward. This is exactly what we need. Well done. We've discussed this several times already. Let's move to the next topic. Great idea! Let's explore that further. Excellent point. I hadn't considered that. I agree with this approach. It makes sense. We should have resolved this weeks ago. The project timeline is on track. Let me share my screen to show the data. We should schedule a follow-up meeting. I disagree with...,1106,27,0.521,0.202,1,0,0.763,28.5,0.899,0,2,2,4.0,0.511,67.0
MTG00243,Status Update,2025-06-27,21,5,Great idea! Let's explore that further. Can everyone see the presentation? I'm not sure this is the right approach. I think we've reached a good decision here. We have three items on the agenda today. Let's move to the next topic. We should schedule a follow-up meeting. Let me share my screen to show the data. We have three items on the agenda today. The project timeline is on track. I'm excited about this direction. Let's move forward. I'm not sure this is the right approach. Here are the key m...,522,13,0.517,0.198,1,0,0.657,4.2,0.901,2,2,2,3.8,0.566,64.3
MTG00244,Brainstorming,2025-05-28,86,9,This solution addresses our concerns perfectly. Excellent point. I hadn't considered that. I'll take the action item to follow up. I'm excited about this direction. Let's move forward. Can everyone see the presentation? I disagree with this direction completely. This solution addresses our concerns perfectly. We should schedule a follow-up meeting. I agree with this approach. It makes sense. I'm excited about this direction. Let's move forward. This is exactly what we need. Well done. This doesn...,1513,36,0.608,0.203,1,1,0.867,9.56,0.899,1,4,1,4.7,0.774,85.3
MTG00245,Planning,2025-10-05,62,9,We should have resolved this weeks ago. Let me share my screen to show the data. We have three items on the agenda today. This seems like a waste of time honestly. Let me share my screen to show the data. We have three items on the agenda today. I appreciate everyone's input today. I'll send out the meeting notes later. This doesn't align with our objectives. Here are the key metrics from last week. Here are the key metrics from last week. We should have resolved this weeks ago. Here are the key...,993,25,0.511,0.21,1,1,0.549,6.89,0.895,3,0,3,3.3,,67.4
MTG00246,One-on-One,2025-08-20,28,2,We're making great progress on this. We should schedule a follow-up meeting. I'll take the action item to follow up. I'll take the action item to follow up. The deadline for this is next Friday. Here are the key metrics from last week. I'm excited about this direction. Let's move forward. I don't think we have enough information to decide. I'll send out the meeting notes later. This is exactly what we need. Well done. This solution addresses our concerns perfectly. I don't think we have enough i...,1033,24,0.519,0.209,1,1,0.613,14.0,0.896,1,1,0,4.0,0.544,71.1
MTG00247,Standup,2025-06-30,30,3,I'll send out the meeting notes later. We have three items on the agenda today. Let's move to the next topic. The project timeline is on track. We have three items on the agenda today. Can everyone see the presentation? That's a really innovative approach. We should have resolved this weeks ago. I'll send out the meeting notes later. This meeting could have been an email. I'll send out the meeting notes later. Excellent point. I hadn't considered that. I think we've reached a good decision here....,611,16,0.476,0.202,1,1,0.555,10.0,0.899,1,5,0,4.8,0.551,76.9
MTG00248,One-on-One,2025-08-01,20,2,I don't think we have enough information to decide. I'll take the action item to follow up. This meeting could have been an email. I appreciate everyone's input today. I'll send out the meeting notes later. Here are the key metrics from last week. Let's move to the next topic. I disagree with this direction completely. I'm concerned about the timeline here. The deadline for this is next Friday. We've discussed this several times already. I think we've reached a good decision here....,485,12,0.438,0.215,1,1,0.427,10.0,0.893,0,7,2,3.7,0.531,72.8
MTG00249,One-on-One,2025-10-09,34,2,Here are the key metrics from last week. We're making great progress on this. Let's move to the next topic. I disagree with this direction completely. We have three items on the agenda today. We should schedule a follow-up meeting. This is exactly what we need. Well done. We're going in circles on this topic. This seems like a waste of time honestly. We have three items on the agenda today. This meeting could have been an email. We have three items on the agenda today. I think we've reached a go...,1016,25,0.521,0.238,1,1,0.536,17.0,0.881,1,8,1,4.0,0.584,77.0
MTG00250,All-Hands,2025-08-25,32,41,I think we've reached a good decision here. Here are the key metrics from last week. We're making great progress on this. Excellent point. I hadn't considered that. I'm concerned about the timeline here. This solution addresses our concerns perfectly. Can everyone see the presentation? I think we've reached a good decision here. I'm excited about this direction. Let's move forward. This seems like a waste of time honestly. Let's move to the next topic. We have three items on the agenda today. He...,840,21,0.582,0.193,1,0,0.851,0.78,0.904,11,2,2,3.8,0.518,70.5
MTG00251,All-Hands,2025-10-25,46,49,The project timeline is on track. This solution addresses our concerns perfectly. We've discussed this several times already. I'm excited about this direction. Let's move forward. Let me share my screen to show the data. I'll take the action item to follow up. I'll send out the meeting notes later. Here are the key metrics from last week. I'll send out the meeting notes later. Let's move to the next topic. I'll send out the meeting notes later. This seems like a waste of time honestly. I appreci...,798,20,0.512,0.179,1,1,0.596,0.94,0.911,18,2,0,3.8,0.695,72.8
MTG00252,All-Hands,2025-08-01,76,56,I'll send out the meeting notes later. The deadline for this is next Friday. We're going in circles on this topic. This doesn't align with our objectives. The deadline for this is next Friday. Let me share my screen to show the data. We have three items on the agenda today. I'm not sure this is the right approach. The deadline for this is next Friday. We should schedule a follow-up meeting. This seems like a waste of time honestly. The deadline for this is next Friday. We have three items on the...,1375,35,0.499,0.172,1,1,0.534,1.36,0.914,19,3,2,3.8,0.719,73.0
MTG00253,All-Hands,2025-08-31,67,60,I disagree with this direction completely. Here are the key metrics from last week. Let's move to the next topic. Great idea! Let's explore that further. Great idea! Let's explore that further. I think we've reached a good decision here. We're making great progress on this. This solution addresses our concerns perfectly. We have three items on the agenda today. This meeting could have been an email. We should schedule a follow-up meeting. We have three items on the agenda today. This is exactly ...,1351,33,0.565,0.206,1,1,0.734,1.12,0.897,25,2,2,3.6,0.762,77.1
MTG00254,One-on-One,2025-06-29,26,2,This meeting could have been an email. This solution addresses our concerns perfectly. This seems like a waste of time honestly. This solution addresses our concerns perfectly. I'm excited about this direction. Let's move forward. I'm excited about this direction. Let's move forward. This is exactly what we need. Well done. Great idea! Let's explore that further. Here are the key metrics from last week. I'm excited about this direction. Let's move forward. Here are the key metrics from last week...,857,20,0.538,0.218,1,0,0.64,13.0,0.891,1,7,3,3.8,0.591,70.1
MTG00255,Planning,2025-08-26,80,4,We have three items on the agenda today. This is exactly what we need. Well done. That's a really innovative approach. We've discussed this several times already. Can everyone see the presentation? We're going in circles on this topic. The deadline for this is next Friday. Here are the key metrics from last week. We're going in circles on this topic. We're going in circles on this topic. I'm excited about this direction. Let's move forward. Let me share my screen to show the data. We've discusse...,1526,38,0.428,0.213,0,1,0.711,20.0,0.893,0,5,3,3.4,0.552,59.7
MTG00256,Decision-Making,2025-10-25,47,4,I'm excited about this direction. Let's move forward. We have three items on the agenda today. Great idea! Let's explore that further. This doesn't align with our objectives. We're making great progress on this. I'll send out the meeting notes later. We should have resolved this weeks ago. We're going in circles on this topic. We should have resolved this weeks ago. The project timeline is on track. I'll take the action item to follow up. This seems like a waste of time honestly. This seems like...,1219,30,0.489,0.214,1,1,0.698,11.75,0.893,0,3,1,4.0,0.697,76.6
MTG00257,Brainstorming,2025-08-14,70,5,Can everyone see the presentation? I agree with this approach. It makes sense. I'm excited about this direction. Let's move forward. Here are the key metrics from last week. I'll send out the meeting notes later. We're making great progress on this. I'll take the action item to follow up. Here are the key metrics from last week. I'll take the action item to follow up. I disagree with this direction completely. Let's move to the next topic. The deadline for this is next Friday. This solution addr...,1339,32,0.553,0.224,1,1,0.839,14.0,0.888,1,4,3,4.4,0.733,83.4
MTG00258,Planning,2025-06-08,99,4,Excellent point. I hadn't considered that. Here are the key metrics from last week. I agree with this approach. It makes sense. We have three items on the agenda today. We've discussed this several times already. I think we've reached a good decision here. This is exactly what we need. Well done. This seems like a waste of time honestly. I think we've reached a good decision here. This is exactly what we need. Well done. I agree with this approach. It makes sense. The deadline for this is next F...,1980,48,0.559,0.2,1,1,0.777,24.75,0.9,2,5,1,4.0,0.676,84.1
MTG00259,Brainstorming,2025-10-12,152,10,We have three items on the agenda today. We have three items on the agenda today. This meeting could have been an email. Can everyone see the presentation? We should schedule a follow-up meeting. I'm not sure this is the right approach. We should schedule a follow-up meeting. The deadline for this is next Friday. I'm not sure this is the right approach. Let me share my screen to show the data. I'll send out the meeting notes later. Can everyone see the presentation? The deadline for this is next...,2177,55,0.488,0.199,1,1,0.623,15.2,0.901,2,4,0,4.1,0.559,76.8
MTG00260,One-on-One,2025-09-20,17,2,I'm not sure this is the right approach. I'll take the action item to follow up. Great idea! Let's explore that further. Here are the key metrics from last week. I'll take the action item to follow up. We should have resolved this weeks ago. This seems like a waste of time honestly. We've discussed this several times already. The project timeline is on track. We're going in circles on this topic. We should have resolved this weeks ago. The project timeline is on track....,473,12,0.375,0.165,1,1,0.638,8.5,0.917,0,2,4,3.5,0.656,71.2
MTG00261,One-on-One,2025-11-03,23,2,Let's move to the next topic. I'm not sure this is the right approach. This solution addresses our concerns perfectly. Let me share my screen to show the data. I'll send out the meeting notes later. We have three items on the agenda today. I'll take the action item to follow up. The project timeline is on track. We should schedule a follow-up meeting. The project timeline is on track. The deadline for this is next Friday. Here are the key metrics from last week....,466,12,0.559,0.218,1,1,0.493,11.5,0.891,0,3,1,4.5,0.522,72.8
MTG00262,Review,2025-10-20,62,4,The deadline for this is next Friday. We're making great progress on this. Let me share my screen to show the data. We should schedule a follow-up meeting. Here are the key metrics from last week. Let me share my screen to show the data. I'll take the action item to follow up. The deadline for this is next Friday. Let me share my screen to show the data. The deadline for this is next Friday. I'm not sure this is the right approach. Can everyone see the presentation? We have three items on the ag...,995,25,0.502,0.174,0,1,0.73,15.5,0.913,1,2,2,3.3,0.51,56.0
MTG00263,Review,2025-07-21,22,3,I appreciate everyone's input today. I don't think we have enough information to decide. I agree with this approach. It makes sense. I think we've reached a good decision here. The project timeline is on track. The deadline for this is next Friday. This solution addresses our concerns perfectly. Excellent point. I hadn't considered that. Great idea! Let's explore that further. Here are the key metrics from last week. The deadline for this is next Friday. This solution addresses our concerns perf...,722,17,0.564,0.222,1,1,0.932,7.33,0.889,2,4,4,3.7,0.737,85.9
MTG00264,Standup,2025-05-13,16,3,That's a really innovative approach. The deadline for this is next Friday. We're making great progress on this. Excellent point. I hadn't considered that. Here are the key metrics from last week. Great idea! Let's explore that further. The deadline for this is next Friday. We've discussed this several times already. I think we've reached a good decision here. This seems like a waste of time honestly. The deadline for this is next Friday. Great idea! Let's explore that further. We're making great...,602,15,0.586,0.238,1,1,0.811,5.33,0.881,0,4,0,3.7,0.755,83.2
MTG00265,Planning,2025-09-23,35,4,This meeting could have been an email. Can everyone see the presentation? I'll send out the meeting notes later. We should schedule a follow-up meeting. This doesn't align with our objectives. Excellent point. I hadn't considered that. This doesn't align with our objectives. We're going in circles on this topic. I disagree with this direction completely. We should have resolved this weeks ago. This seems like a waste of time honestly. I'm concerned about the timeline here. This is exactly what w...,677,17,0.356,0.242,1,1,0.292,8.75,0.879,1,2,4,3.2,0.461,61.6
MTG00266,One-on-One,2025-06-04,40,2,Can everyone see the presentation? Let's move to the next topic. This seems like a waste of time honestly. Great idea! Let's explore that further. The project timeline is on track. I'm concerned about the timeline here. I'm concerned about the timeline here. We've discussed this several times already. The project timeline is on track. We've discussed this several times already. I think we've reached a good decision here. I don't think we have enough information to decide. The project timeline is...,744,19,0.403,0.219,0,0,0.45,20.0,0.89,0,2,2,2.8,0.282,36.7
MTG00267,Review,2025-10-10,35,3,We're making great progress on this. We should schedule a follow-up meeting. This is exactly what we need. Well done. This is exactly what we need. Well done. Let me share my screen to show the data. Let me share my screen to show the data. Let's move to the next topic. I'm excited about this direction. Let's move forward. I'm concerned about the timeline here. I appreciate everyone's input today. Can everyone see the presentation? This solution addresses our concerns perfectly. Here are the key...,730,18,0.538,0.221,1,0,0.793,11.67,0.89,0,1,0,3.9,0.586,65.9
MTG00268,Standup,2025-09-28,9,3,We should schedule a follow-up meeting. That's a really innovative approach. We have three items on the agenda today. We've discussed this several times already. I'm concerned about the timeline here. We're making great progress on this. I think we've reached a good decision here. Here are the key metrics from last week....,322,8,0.492,0.175,0,1,0.649,3.0,0.912,1,1,0,3.0,0.498,51.7
MTG00269,Decision-Making,2025-07-23,20,6,Let's move to the next topic. I'll take the action item to follow up. I agree with this approach. It makes sense. Let's move to the next topic. Excellent point. I hadn't considered that. We've discussed this several times already. I'm concerned about the timeline here. I appreciate everyone's input today. Excellent point. I hadn't considered that. I'll send out the meeting notes later. I'm concerned about the timeline here. We have three items on the agenda today. We should schedule a follow-up ...,549,14,0.571,0.122,1,1,0.691,3.33,0.939,2,4,1,3.8,0.697,80.8
MTG00270,One-on-One,2025-10-25,27,2,This doesn't align with our objectives. I'll take the action item to follow up. I think we've reached a good decision here. We're making great progress on this. This doesn't align with our objectives. I'll send out the meeting notes later. This solution addresses our concerns perfectly. This is exactly what we need. Well done. We should schedule a follow-up meeting. I'm concerned about the timeline here. I don't think we have enough information to decide. I'm excited about this direction. Let's ...,861,20,0.556,0.278,1,1,0.812,13.5,0.861,2,2,2,3.7,0.605,78.3
MTG00271,Retrospective,2025-07-11,32,5,I'll send out the meeting notes later. The deadline for this is next Friday. Let's move to the next topic. I'll take the action item to follow up. I'm excited about this direction. Let's move forward. This meeting could have been an email. This is exactly what we need. Well done. This meeting could have been an email. The deadline for this is next Friday. Here are the key metrics from last week. I disagree with this direction completely. I'll take the action item to follow up. We have three item...,870,22,0.477,0.17,1,0,0.608,6.4,0.915,0,2,3,3.2,0.533,62.5
MTG00272,Status Update,2025-09-05,29,5,This solution addresses our concerns perfectly. I appreciate everyone's input today. Here are the key metrics from last week. Excellent point. I hadn't considered that. Here are the key metrics from last week. This is exactly what we need. Well done. This meeting could have been an email. I'm not sure this is the right approach. I'll send out the meeting notes later. Let me share my screen to show the data. I'm not sure this is the right approach. We should schedule a follow-up meeting. The proj...,680,17,0.569,0.24,1,0,0.572,5.8,0.88,1,1,1,4.1,0.484,60.9
MTG00273,One-on-One,2025-05-13,70,2,We should schedule a follow-up meeting. We're making great progress on this. I'll take the action item to follow up. We've discussed this several times already. That's a really innovative approach. Let me share my screen to show the data. I'll send out the meeting notes later. Excellent point. I hadn't considered that. The deadline for this is next Friday. Let's move to the next topic. We're going in circles on this topic. I'm concerned about the timeline here. We have three items on the agenda ...,1153,29,0.549,0.245,1,0,0.607,35.0,0.877,2,3,1,3.8,0.531,65.3
MTG00274,Retrospective,2025-08-01,64,6,That's a really innovative approach. I'm not sure this is the right approach. Can everyone see the presentation? I appreciate everyone's input today. Can everyone see the presentation? I think we've reached a good decision here. I disagree with this direction completely. Here are the key metrics from last week. Excellent point. I hadn't considered that. I agree with this approach. It makes sense. I think we've reached a good decision here. Let's move to the next topic. Let me share my screen to ...,1234,31,0.517,0.204,1,1,0.666,10.67,0.898,0,1,2,4.1,0.626,72.5
MTG00275,Review,2025-06-22,45,10,We're making great progress on this. Here are the key metrics from last week. I'll take the action item to follow up. I'll take the action item to follow up. I don't think we have enough information to decide. This solution addresses our concerns perfectly. I'm excited about this direction. Let's move forward. I disagree with this direction completely. I'll send out the meeting notes later. We're going in circles on this topic. Let me share my screen to show the data. We've discussed this severa...,858,21,0.465,0.187,1,1,0.661,4.5,0.906,2,1,2,4.0,0.517,71.4
MTG00276,All-Hands,2025-08-25,59,55,Here are the key metrics from last week. This solution addresses our concerns perfectly. I agree with this approach. It makes sense. Excellent point. I hadn't considered that. We should have resolved this weeks ago. We've discussed this several times already. I agree with this approach. It makes sense. I appreciate everyone's input today. This is exactly what we need. Well done. Can everyone see the presentation? I agree with this approach. It makes sense. I agree with this approach. It makes se...,1280,31,0.562,0.23,1,0,0.744,1.07,0.885,12,6,4,3.1,0.632,73.1
MTG00277,Review,2025-10-22,30,3,I'll take the action item to follow up. I disagree with this direction completely. I don't think we have enough information to decide. I'll send out the meeting notes later. Here are the key metrics from last week. This solution addresses our concerns perfectly. I don't think we have enough information to decide. We're making great progress on this. This meeting could have been an email. The project timeline is on track. The project timeline is on track. We're making great progress on this. We s...,611,15,0.376,0.156,1,0,0.624,10.0,0.922,1,5,3,3.9,0.652,66.9
MTG00278,Standup,2025-08-21,6,3,Can everyone see the presentation? Excellent point. I hadn't considered that. We should have resolved this weeks ago. This solution addresses our concerns perfectly. We're going in circles on this topic. I'm not sure this is the right approach. The deadline for this is next Friday. I don't think we have enough information to decide. Can everyone see the presentation?...,369,9,0.458,0.248,0,1,0.691,2.0,0.876,0,5,6,3.4,0.458,59.6
MTG00279,One-on-One,2025-09-26,7,2,The deadline for this is next Friday. The project timeline is on track. Can everyone see the presentation? This is exactly what we need. Well done. This doesn't align with our objectives. This is exactly what we need. Well done. The deadline for this is next Friday. Excellent point. I hadn't considered that. We have three items on the agenda today. Great idea! Let's explore that further. Let's move to the next topic. This meeting could have been an email. The deadline for this is next Friday. We...,624,16,0.462,0.189,1,1,0.401,3.5,0.906,2,4,4,4.3,0.648,70.9
MTG00280,Standup,2025-09-16,13,3,Great idea! Let's explore that further. This solution addresses our concerns perfectly. I don't think we have enough information to decide. This is exactly what we need. Well done. This solution addresses our concerns perfectly. We're making great progress on this. That's a really innovative approach. This is exactly what we need. Well done. That's a really innovative approach. Can everyone see the presentation? We've discussed this several times already. Great idea! Let's explore that further. ...,703,17,0.583,0.17,1,1,0.744,4.33,0.915,0,1,4,3.7,0.655,76.0
MTG00281,Standup,2025-11-06,0,6,That's a really innovative approach. Let's move to the next topic. We're going in circles on this topic. We're making great progress on this. I'm excited about this direction. Let's move forward. Here are the key metrics from last week. This doesn't align with our objectives. I think we've reached a good decision here. We're making great progress on this. This solution addresses our concerns perfectly. I agree with this approach. It makes sense. We're making great progress on this. Let me share ...,527,13,0.56,0.253,1,1,0.745,0.0,0.874,2,6,4,4.6,0.594,82.9
MTG00282,Standup,2025-05-18,11,3,I agree with this approach. It makes sense. I'm excited about this direction. Let's move forward. Great idea! Let's explore that further. I appreciate everyone's input today. Here are the key metrics from last week. Excellent point. I hadn't considered that. We're making great progress on this. This solution addresses our concerns perfectly. We have three items on the agenda today. Let's move to the next topic. Let me share my screen to show the data. I think we've reached a good decision here. ...,660,16,0.619,0.181,1,1,0.841,3.67,0.91,1,1,1,4.5,0.772,79.0
MTG00283,Brainstorming,2025-09-18,61,5,I agree with this approach. It makes sense. That's a really innovative approach. We should schedule a follow-up meeting. We've discussed this several times already. I disagree with this direction completely. This seems like a waste of time honestly. I'm concerned about the timeline here. We should have resolved this weeks ago. Let's move to the next topic. This meeting could have been an email. Here are the key metrics from last week. The project timeline is on track. Let me share my screen to s...,1010,25,0.491,0.2,1,1,0.65,12.2,0.9,1,3,4,4.2,0.567,75.6
MTG00284,One-on-One,2025-06-17,25,2,Excellent point. I hadn't considered that. We should schedule a follow-up meeting. I'll send out the meeting notes later. We should schedule a follow-up meeting. Can everyone see the presentation? The deadline for this is next Friday. I'll send out the meeting notes later. I'll send out the meeting notes later. The deadline for this is next Friday. Here are the key metrics from last week. I think we've reached a good decision here. I agree with this approach. It makes sense. The deadline for thi...,557,14,0.582,0.185,1,0,0.545,12.5,0.908,2,5,1,3.7,0.553,68.9
MTG00285,Brainstorming,2025-07-09,31,5,Let's move to the next topic. We have three items on the agenda today. I think we've reached a good decision here. I'll send out the meeting notes later. We have three items on the agenda today. Great idea! Let's explore that further. I appreciate everyone's input today. We're going in circles on this topic. This seems like a waste of time honestly. The deadline for this is next Friday. That's a really innovative approach. We should have resolved this weeks ago. Here are the key metrics from las...,918,23,0.609,0.214,1,1,0.54,6.2,0.893,2,2,2,3.7,0.596,73.1
MTG00286,Brainstorming,2025-07-04,79,12,We should schedule a follow-up meeting. Excellent point. I hadn't considered that. Let me share my screen to show the data. Let me share my screen to show the data. The deadline for this is next Friday. I'm excited about this direction. Let's move forward. I'm excited about this direction. Let's move forward. We're making great progress on this. I agree with this approach. It makes sense. Can everyone see the presentation? I appreciate everyone's input today. The deadline for this is next Friday...,1646,39,0.586,0.189,1,1,0.857,6.58,0.905,3,6,1,4.4,0.615,86.7
MTG00287,Standup,2025-08-08,6,3,Great idea! Let's explore that further. Can everyone see the presentation? Let's move to the next topic. This seems like a waste of time honestly. Let's move to the next topic. Let me share my screen to show the data. I'm excited about this direction. Let's move forward. We're going in circles on this topic. I disagree with this direction completely....,352,9,0.497,0.237,1,1,0.782,2.0,0.882,2,4,1,4.2,0.685,80.7
MTG00288,Retrospective,2025-06-29,18,3,The deadline for this is next Friday. We've discussed this several times already. Here are the key metrics from last week. This is exactly what we need. Well done. The project timeline is on track. Let's move to the next topic. Let's move to the next topic. Can everyone see the presentation? Can everyone see the presentation? I don't think we have enough information to decide. I agree with this approach. It makes sense. That's a really innovative approach. I think we've reached a good decision h...,552,14,0.542,0.185,1,1,0.646,6.0,0.907,2,4,1,4.1,0.683,78.6
MTG00289,Standup,2025-11-04,7,8,I disagree with this direction completely. I'm excited about this direction. Let's move forward. Let's move to the next topic. We should schedule a follow-up meeting. I appreciate everyone's input today. This solution addresses our concerns perfectly. The deadline for this is next Friday. We have three items on the agenda today. I'm concerned about the timeline here....,369,9,0.627,0.114,1,1,0.587,0.88,0.943,0,1,1,4.1,0.681,73.3
MTG00290,Standup,2025-07-02,6,3,Excellent point. I hadn't considered that. That's a really innovative approach. This meeting could have been an email. That's a really innovative approach. The project timeline is on track. The project timeline is on track. We have three items on the agenda today. I'll send out the meeting notes later. We should schedule a follow-up meeting. I agree with this approach. It makes sense....,387,10,0.47,0.174,1,1,0.751,2.0,0.913,1,5,2,3.8,0.809,81.9
MTG00291,Retrospective,2025-10-05,47,4,We're making great progress on this. Let's move to the next topic. I'm excited about this direction. Let's move forward. This solution addresses our concerns perfectly. This is exactly what we need. Well done. We should schedule a follow-up meeting. I think we've reached a good decision here. The project timeline is on track. This solution addresses our concerns perfectly. This is exactly what we need. Well done. I'm excited about this direction. Let's move forward. Great idea! Let's explore tha...,831,20,0.608,0.192,1,0,0.735,11.75,0.904,2,1,1,3.0,0.641,66.1
MTG00292,Standup,2025-10-18,4,10,We have three items on the agenda today. I agree with this approach. It makes sense. Let me share my screen to show the data. We're making great progress on this. I appreciate everyone's input today. Great idea! Let's explore that further. I'll take the action item to follow up. We have three items on the agenda today. Let me share my screen to show the data. I disagree with this direction completely. Here are the key metrics from last week. Great idea! Let's explore that further....,485,12,0.593,0.193,1,1,0.753,0.4,0.904,3,2,2,4.4,0.57,78.2
MTG00293,One-on-One,2025-10-08,21,2,I'm not sure this is the right approach. I agree with this approach. It makes sense. Can everyone see the presentation? Great idea! Let's explore that further. We have three items on the agenda today. We have three items on the agenda today. I think we've reached a good decision here. I'll take the action item to follow up. This meeting could have been an email. I'm concerned about the timeline here. The deadline for this is next Friday. Let's move to the next topic. Let me share my screen to sh...,645,16,0.538,0.213,1,0,0.627,10.5,0.893,2,3,2,3.3,0.523,65.8
MTG00294,Decision-Making,2025-08-09,82,10,I disagree with this direction completely. This meeting could have been an email. I'll take the action item to follow up. I disagree with this direction completely. I think we've reached a good decision here. I agree with this approach. It makes sense. We have three items on the agenda today. I think we've reached a good decision here. Let me share my screen to show the data. The project timeline is on track. I'll take the action item to follow up. I'll take the action item to follow up. Can eve...,1327,34,0.522,0.188,0,0,0.766,8.2,0.906,2,5,3,3.4,0.442,53.2
MTG00295,Decision-Making,2025-10-07,29,4,I agree with this approach. It makes sense. The project timeline is on track. This is exactly what we need. Well done. We should have resolved this weeks ago. Let's move to the next topic. Can everyone see the presentation? I disagree with this direction completely. Great idea! Let's explore that further. I agree with this approach. It makes sense. I don't think we have enough information to decide. We're making great progress on this. I agree with this approach. It makes sense. I'll send out th...,844,21,0.603,0.248,1,1,0.819,7.25,0.876,0,0,4,4.3,,75.7
MTG00296,Brainstorming,2025-07-21,24,5,I agree with this approach. It makes sense. We're making great progress on this. I don't think we have enough information to decide. The deadline for this is next Friday. Great idea! Let's explore that further. We should schedule a follow-up meeting. We have three items on the agenda today. I'll send out the meeting notes later. We're making great progress on this. The project timeline is on track. I agree with this approach. It makes sense. I agree with this approach. It makes sense. This is ex...,645,16,0.626,0.16,1,1,0.86,4.8,0.92,1,3,3,3.7,0.611,83.8
MTG00297,Retrospective,2025-09-25,26,4,Let's move to the next topic. I'll take the action item to follow up. Let's move to the next topic. I'll take the action item to follow up. Here are the key metrics from last week. I appreciate everyone's input today. I agree with this approach. It makes sense. Excellent point. I hadn't considered that. I appreciate everyone's input today. We're making great progress on this. I'm excited about this direction. Let's move forward. This meeting could have been an email. Here are the key metrics fro...,566,14,0.664,0.145,1,1,0.781,6.5,0.927,1,4,4,4.4,0.669,84.7
MTG00298,Status Update,2025-08-08,12,5,Here are the key metrics from last week. I'll send out the meeting notes later. We're making great progress on this. That's a really innovative approach. Can everyone see the presentation? The deadline for this is next Friday. We should have resolved this weeks ago. We have three items on the agenda today. We have three items on the agenda today. We're going in circles on this topic. We should have resolved this weeks ago. We're making great progress on this. I'm concerned about the timeline her...,622,16,0.526,0.21,1,1,0.677,2.4,0.895,5,1,1,3.8,0.717,72.9
MTG00299,Planning,2025-10-21,45,4,Great idea! Let's explore that further. The deadline for this is next Friday. I appreciate everyone's input today. I think we've reached a good decision here. I don't think we have enough information to decide. The deadline for this is next Friday. Can everyone see the presentation? Here are the key metrics from last week. I think we've reached a good decision here. I agree with this approach. It makes sense. We have three items on the agenda today. That's a really innovative approach. We're mak...,1088,27,0.563,0.208,1,0,0.847,11.25,0.896,1,4,2,4.3,0.724,73.9
MTG00300,Retrospective,2025-08-01,27,3,This solution addresses our concerns perfectly. I appreciate everyone's input today. We should have resolved this weeks ago. We should have resolved this weeks ago. Great idea! Let's explore that further. Great idea! Let's explore that further. The deadline for this is next Friday. I disagree with this direction completely. We're going in circles on this topic. The deadline for this is next Friday. We should schedule a follow-up meeting. This seems like a waste of time honestly. The deadline for...,856,21,0.513,0.219,1,1,0.74,9.0,0.89,1,1,1,4.3,0.532,74.1
MTG00301,One-on-One,2025-07-09,19,2,The deadline for this is next Friday. The project timeline is on track. Let me share my screen to show the data. I appreciate everyone's input today. Can everyone see the presentation? We should have resolved this weeks ago. Here are the key metrics from last week. I appreciate everyone's input today. I think we've reached a good decision here. Let's move to the next topic. I'm excited about this direction. Let's move forward. This solution addresses our concerns perfectly. Let me share my scree...,744,19,0.602,0.203,1,1,0.517,9.5,0.898,0,1,0,4.0,0.545,70.5
MTG00302,Planning,2025-05-31,90,7,I'll send out the meeting notes later. I agree with this approach. It makes sense. I appreciate everyone's input today. This solution addresses our concerns perfectly. This solution addresses our concerns perfectly. I'll send out the meeting notes later. I don't think we have enough information to decide. I'm not sure this is the right approach. I'll take the action item to follow up. I'll take the action item to follow up. Excellent point. I hadn't considered that. Can everyone see the presenta...,1696,40,0.59,0.172,1,1,0.798,12.86,0.914,2,3,4,4.4,0.594,81.5
MTG00303,One-on-One,2025-10-13,24,2,I'll take the action item to follow up. Let's move to the next topic. We should have resolved this weeks ago. The project timeline is on track. Let's move to the next topic. The deadline for this is next Friday. This meeting could have been an email. Can everyone see the presentation? This solution addresses our concerns perfectly. I appreciate everyone's input today. I'm concerned about the timeline here. We should have resolved this weeks ago. We have three items on the agenda today. The proje...,885,23,0.502,0.21,0,1,0.605,12.0,0.895,2,4,2,2.7,0.553,56.6
MTG00304,Retrospective,2025-06-12,50,3,Here are the key metrics from last week. This solution addresses our concerns perfectly. I'm excited about this direction. Let's move forward. We have three items on the agenda today. Here are the key metrics from last week. I disagree with this direction completely. We should have resolved this weeks ago. I appreciate everyone's input today. Excellent point. I hadn't considered that. Let's move to the next topic. We have three items on the agenda today. Can everyone see the presentation? I disa...,865,22,0.529,0.209,1,1,0.697,16.67,0.895,1,3,2,4.2,0.679,77.4
MTG00305,All-Hands,2025-07-14,70,58,That's a really innovative approach. This is exactly what we need. Well done. Let me share my screen to show the data. The project timeline is on track. This doesn't align with our objectives. I think we've reached a good decision here. We're making great progress on this. Excellent point. I hadn't considered that. We should have resolved this weeks ago. I'm excited about this direction. Let's move forward. The project timeline is on track. Here are the key metrics from last week. I appreciate e...,1594,38,0.586,0.252,1,0,0.746,1.21,0.874,17,5,3,3.6,0.529,73.5
MTG00306,Standup,2025-09-19,2,4,Excellent point. I hadn't considered that. Can everyone see the presentation? We're making great progress on this. We're making great progress on this. That's a really innovative approach....,188,5,0.674,0.175,0,1,0.534,0.5,0.912,3,4,1,3.5,0.491,58.5
MTG00307,Status Update,2025-07-22,13,5,Let me share my screen to show the data. Excellent point. I hadn't considered that. This is exactly what we need. Well done. Can everyone see the presentation? The deadline for this is next Friday. I'm not sure this is the right approach. We're going in circles on this topic. I'm excited about this direction. Let's move forward. That's a really innovative approach. The deadline for this is next Friday. Let me share my screen to show the data. We should have resolved this weeks ago. I'm not sure ...,796,19,0.529,0.254,0,1,0.656,2.6,0.873,1,2,3,2.9,0.423,54.1
MTG00308,Status Update,2025-08-06,5,7,We have three items on the agenda today. I'll send out the meeting notes later. This is exactly what we need. Well done. Excellent point. I hadn't considered that. We have three items on the agenda today. I think we've reached a good decision here. The project timeline is on track. We have three items on the agenda today. The project timeline is on track. Here are the key metrics from last week. That's a really innovative approach. I'm excited about this direction. Let's move forward. We should ...,649,16,0.579,0.201,0,1,0.855,0.71,0.9,5,5,1,3.7,0.475,66.5
MTG00309,Retrospective,2025-08-19,27,3,I think we've reached a good decision here. I appreciate everyone's input today. I'm concerned about the timeline here. I appreciate everyone's input today. Excellent point. I hadn't considered that. This is exactly what we need. Well done. I agree with this approach. It makes sense. This doesn't align with our objectives. Excellent point. I hadn't considered that. Can everyone see the presentation? We're making great progress on this. I'll send out the meeting notes later. I'm excited about thi...,762,19,0.544,0.179,1,0,0.713,9.0,0.911,2,7,2,3.7,0.714,72.4
MTG00310,Decision-Making,2025-06-21,31,4,We're making great progress on this. Excellent point. I hadn't considered that. I'm excited about this direction. Let's move forward. The deadline for this is next Friday. This solution addresses our concerns perfectly. We should have resolved this weeks ago. Let's move to the next topic. I'm excited about this direction. Let's move forward. I'm not sure this is the right approach. This meeting could have been an email. I'm not sure this is the right approach. Great idea! Let's explore that furt...,861,21,0.566,0.188,1,1,0.771,7.75,0.906,2,4,0,4.4,0.705,82.2
MTG00311,One-on-One,2025-07-31,12,2,I appreciate everyone's input today. I'm excited about this direction. Let's move forward. Can everyone see the presentation? I agree with this approach. It makes sense. I'll take the action item to follow up. Can everyone see the presentation? Excellent point. I hadn't considered that. This is exactly what we need. Well done. We should schedule a follow-up meeting....,368,9,0.648,0.246,1,0,0.843,6.0,0.877,0,3,3,3.9,0.631,73.2
MTG00312,Decision-Making,2025-05-27,40,5,Let me share my screen to show the data. Can everyone see the presentation? I agree with this approach. It makes sense. We should have resolved this weeks ago. We should schedule a follow-up meeting. I'll send out the meeting notes later. Let's move to the next topic. I'll send out the meeting notes later. I agree with this approach. It makes sense. The deadline for this is next Friday. Can everyone see the presentation? The project timeline is on track. We've discussed this several times alread...,935,24,0.447,0.155,1,1,0.445,8.0,0.922,3,4,4,4.2,0.598,71.9
MTG00313,Planning,2025-07-28,35,4,I'm excited about this direction. Let's move forward. Let's move to the next topic. This meeting could have been an email. We have three items on the agenda today. We've discussed this several times already. This is exactly what we need. Well done. I'm concerned about the timeline here. I disagree with this direction completely. The deadline for this is next Friday. I think we've reached a good decision here. I appreciate everyone's input today. Let's move to the next topic. We're making great p...,736,19,0.444,0.203,0,1,0.951,8.75,0.898,3,2,2,3.3,0.537,60.1
MTG00314,Brainstorming,2025-09-18,45,5,I appreciate everyone's input today. This solution addresses our concerns perfectly. The deadline for this is next Friday. This seems like a waste of time honestly. I appreciate everyone's input today. I think we've reached a good decision here. Excellent point. I hadn't considered that. Great idea! Let's explore that further. I'm not sure this is the right approach. The project timeline is on track. I think we've reached a good decision here. Excellent point. I hadn't considered that. We have t...,861,21,0.571,0.231,1,1,0.806,9.0,0.885,0,0,2,3.9,,74.9
MTG00315,Brainstorming,2025-09-30,34,6,I don't think we have enough information to decide. The deadline for this is next Friday. Here are the key metrics from last week. I agree with this approach. It makes sense. Great idea! Let's explore that further. The project timeline is on track. I appreciate everyone's input today. We're making great progress on this. We're making great progress on this. I agree with this approach. It makes sense. I'll take the action item to follow up. Excellent point. I hadn't considered that. Excellent poi...,713,17,0.62,0.22,1,1,0.702,5.67,0.89,4,2,1,3.7,0.617,77.3
MTG00316,Standup,2025-07-20,24,3,Here are the key metrics from last week. I'm concerned about the timeline here. Can everyone see the presentation? Excellent point. I hadn't considered that. I'll send out the meeting notes later. This doesn't align with our objectives. I'll send out the meeting notes later. The deadline for this is next Friday. Great idea! Let's explore that further. I'm excited about this direction. Let's move forward. We're going in circles on this topic. Excellent point. I hadn't considered that. This meetin...,658,16,0.563,0.224,0,1,0.639,8.0,0.888,1,3,2,3.5,0.456,56.5
MTG00317,One-on-One,2025-10-17,29,2,We should have resolved this weeks ago. The deadline for this is next Friday. Let's move to the next topic. This seems like a waste of time honestly. Excellent point. I hadn't considered that. This seems like a waste of time honestly. I'll send out the meeting notes later. Here are the key metrics from last week. I'm excited about this direction. Let's move forward. We have three items on the agenda today. We have three items on the agenda today. I disagree with this direction completely. Let me...,574,14,0.499,0.227,1,1,0.694,14.5,0.886,1,2,4,4.0,0.726,74.6
MTG00318,Decision-Making,2025-09-08,45,4,This solution addresses our concerns perfectly. This meeting could have been an email. Here are the key metrics from last week. Great idea! Let's explore that further. Let me share my screen to show the data. We're going in circles on this topic. That's a really innovative approach. I think we've reached a good decision here. This seems like a waste of time honestly. Can everyone see the presentation? I'll send out the meeting notes later. Let's move to the next topic. This is exactly what we ne...,1065,27,0.559,0.222,1,1,0.784,11.25,0.889,1,4,4,4.6,0.763,82.1
MTG00319,Status Update,2025-10-02,29,5,We have three items on the agenda today. I don't think we have enough information to decide. I'm not sure this is the right approach. The deadline for this is next Friday. We should have resolved this weeks ago. Can everyone see the presentation? Let's move to the next topic. This seems like a waste of time honestly. Can everyone see the presentation? Can everyone see the presentation? I think we've reached a good decision here. Can everyone see the presentation? The project timeline is on track...,722,18,0.464,0.187,1,1,0.56,5.8,0.906,1,3,3,3.8,0.682,72.9
MTG00320,Standup,2025-06-18,3,3,We should schedule a follow-up meeting. Great idea! Let's explore that further. I'm concerned about the timeline here. This is exactly what we need. Well done. Let me share my screen to show the data. I'll take the action item to follow up. This is exactly what we need. Well done. I'm not sure this is the right approach. We should have resolved this weeks ago. Can everyone see the presentation? This doesn't align with our objectives. We should schedule a follow-up meeting. I'll send out the meet...,641,16,0.537,0.193,1,1,0.554,1.0,0.904,2,1,0,3.9,0.651,70.1
MTG00321,One-on-One,2025-08-08,15,2,We're making great progress on this. We should schedule a follow-up meeting. We should schedule a follow-up meeting. I agree with this approach. It makes sense. The deadline for this is next Friday. We have three items on the agenda today. Let's move to the next topic. We have three items on the agenda today. I'm concerned about the timeline here. I'm excited about this direction. Let's move forward. The deadline for this is next Friday. The deadline for this is next Friday. The project timeline...,713,18,0.485,0.198,0,1,0.641,7.5,0.901,0,4,2,3.1,0.511,57.2
MTG00322,Planning,2025-06-26,133,4,The deadline for this is next Friday. I appreciate everyone's input today. We have three items on the agenda today. I'll take the action item to follow up. We should have resolved this weeks ago. I agree with this approach. It makes sense. I don't think we have enough information to decide. Let me share my screen to show the data. Can everyone see the presentation? We have three items on the agenda today. I'll send out the meeting notes later. I don't think we have enough information to decide. ...,2401,58,0.505,0.211,1,0,0.696,33.25,0.894,1,2,3,3.7,0.574,64.9
MTG00323,Brainstorming,2025-05-16,38,5,This is exactly what we need. Well done. This solution addresses our concerns perfectly. We have three items on the agenda today. This solution addresses our concerns perfectly. The project timeline is on track. I'll take the action item to follow up. We should schedule a follow-up meeting. We're making great progress on this. I'll send out the meeting notes later. We're making great progress on this. I'm excited about this direction. Let's move forward. I think we've reached a good decision her...,1064,26,0.563,0.176,1,1,0.838,7.6,0.912,1,4,0,4.1,0.795,83.9
MTG00324,Review,2025-05-26,43,3,This is exactly what we need. Well done. We should schedule a follow-up meeting. The project timeline is on track. The project timeline is on track. We have three items on the agenda today. We're going in circles on this topic. We're making great progress on this. I appreciate everyone's input today. We've discussed this several times already. We're making great progress on this. Can everyone see the presentation? The deadline for this is next Friday. This is exactly what we need. Well done. I'm...,1157,29,0.597,0.19,1,0,0.718,14.33,0.905,0,1,1,3.9,0.591,65.5
MTG00325,One-on-One,2025-05-22,26,2,Can everyone see the presentation? I don't think we have enough information to decide. Can everyone see the presentation? Here are the key metrics from last week. We have three items on the agenda today. That's a really innovative approach. I'm not sure this is the right approach. We have three items on the agenda today. We should schedule a follow-up meeting. This doesn't align with our objectives. The deadline for this is next Friday. I'll send out the meeting notes later. Great idea! Let's ex...,877,22,0.549,0.162,1,0,0.677,13.0,0.919,0,2,2,3.6,0.463,65.7
MTG00326,Decision-Making,2025-09-21,17,4,The deadline for this is next Friday. We've discussed this several times already. Here are the key metrics from last week. I'm excited about this direction. Let's move forward. We've discussed this several times already. I'll send out the meeting notes later. The project timeline is on track. Great idea! Let's explore that further. Great idea! Let's explore that further. This seems like a waste of time honestly. I agree with this approach. It makes sense. I'm not sure this is the right approach....,540,13,0.488,0.176,1,0,0.822,4.25,0.912,1,2,1,4.1,0.644,68.0
MTG00327,One-on-One,2025-07-13,31,2,I think we've reached a good decision here. We're making great progress on this. Can everyone see the presentation? I think we've reached a good decision here. This meeting could have been an email. This solution addresses our concerns perfectly. I'll send out the meeting notes later. I'm excited about this direction. Let's move forward. I agree with this approach. It makes sense. This is exactly what we need. Well done. This doesn't align with our objectives. Great idea! Let's explore that furt...,872,21,0.54,0.19,1,1,0.848,15.5,0.905,1,3,0,4.4,0.611,81.6
MTG00328,Status Update,2025-05-31,21,20,Excellent point. I hadn't considered that. We have three items on the agenda today. Can everyone see the presentation? We should schedule a follow-up meeting. This is exactly what we need. Well done. We're making great progress on this. I appreciate everyone's input today. I'm not sure this is the right approach. I agree with this approach. It makes sense. This is exactly what we need. Well done. This is exactly what we need. Well done. We're making great progress on this. We should schedule a f...,787,20,0.623,0.21,1,0,0.768,1.05,0.895,10,1,1,3.9,0.574,67.1
MTG00329,Status Update,2025-10-25,11,5,Let me share my screen to show the data. I agree with this approach. It makes sense. I appreciate everyone's input today. This seems like a waste of time honestly. We're making great progress on this. This meeting could have been an email. I think we've reached a good decision here. That's a really innovative approach. I'm excited about this direction. Let's move forward. Let me share my screen to show the data. We should have resolved this weeks ago. I'll send out the meeting notes later. We sh...,534,13,0.487,0.221,1,1,0.739,2.2,0.89,1,4,2,4.1,0.598,79.6
MTG00330,All-Hands,2025-06-09,31,84,We should schedule a follow-up meeting. I'll take the action item to follow up. Let me share my screen to show the data. That's a really innovative approach. Great idea! Let's explore that further. I'll send out the meeting notes later. Here are the key metrics from last week. I don't think we have enough information to decide. The project timeline is on track. I agree with this approach. It makes sense. Can everyone see the presentation? This seems like a waste of time honestly. We should have ...,955,24,0.54,0.22,1,1,0.647,0.37,0.89,23,5,0,4.3,0.74,80.3
MTG00331,Decision-Making,2025-07-18,19,4,That's a really innovative approach. I'll take the action item to follow up. I think we've reached a good decision here. Let's move to the next topic. I think we've reached a good decision here. We're making great progress on this. The deadline for this is next Friday. I'm excited about this direction. Let's move forward. I appreciate everyone's input today. I appreciate everyone's input today. This solution addresses our concerns perfectly. We're making great progress on this. This is exactly w...,567,14,0.626,0.175,1,1,0.728,4.75,0.913,2,1,1,4.0,0.746,76.4
MTG00332,Review,2025-08-27,32,12,We should schedule a follow-up meeting. The deadline for this is next Friday. This is exactly what we need. Well done. I'll take the action item to follow up. This doesn't align with our objectives. I think we've reached a good decision here. We're making great progress on this. I agree with this approach. It makes sense. I appreciate everyone's input today. We should schedule a follow-up meeting. I'm excited about this direction. Let's move forward. I'll take the action item to follow up. I'm c...,652,16,0.556,0.167,1,0,0.786,2.67,0.917,3,3,3,4.2,0.613,70.5
MTG00333,Decision-Making,2025-09-02,78,4,The deadline for this is next Friday. This doesn't align with our objectives. The project timeline is on track. Let me share my screen to show the data. I agree with this approach. It makes sense. Let's move to the next topic. I appreciate everyone's input today. We have three items on the agenda today. I think we've reached a good decision here. Excellent point. I hadn't considered that. I agree with this approach. It makes sense. I disagree with this direction completely. I'm concerned about t...,1408,36,0.507,0.209,1,1,0.853,19.5,0.895,2,2,4,4.7,0.635,78.9
MTG00334,Standup,2025-05-30,1,3,Excellent point. I hadn't considered that. This solution addresses our concerns perfectly. This is exactly what we need. Well done. I'm excited about this direction. Let's move forward. We should schedule a follow-up meeting. The project timeline is on track....,259,6,0.646,0.233,1,1,0.608,0.33,0.883,0,4,4,3.5,0.673,79.4
MTG00335,One-on-One,2025-10-13,16,2,This solution addresses our concerns perfectly. Let's move to the next topic. The deadline for this is next Friday. I agree with this approach. It makes sense. Excellent point. I hadn't considered that. We're making great progress on this. I appreciate everyone's input today. Great idea! Let's explore that further. I'm concerned about the timeline here. We should schedule a follow-up meeting. This solution addresses our concerns perfectly. I'm excited about this direction. Let's move forward....,497,12,0.567,0.151,1,1,0.738,8.0,0.925,0,3,1,3.8,0.69,79.7
MTG00336,All-Hands,2025-09-25,48,48,We're going in circles on this topic. This solution addresses our concerns perfectly. This seems like a waste of time honestly. This solution addresses our concerns perfectly. I'm concerned about the timeline here. The deadline for this is next Friday. That's a really innovative approach. I'll send out the meeting notes later. Excellent point. I hadn't considered that. The deadline for this is next Friday. I appreciate everyone's input today. I'll send out the meeting notes later. I appreciate e...,889,22,0.559,0.201,1,1,0.831,1.0,0.9,21,4,2,4.9,0.734,83.4
MTG00337,Retrospective,2025-08-13,22,3,This seems like a waste of time honestly. This is exactly what we need. Well done. This seems like a waste of time honestly. Let me share my screen to show the data. I'll send out the meeting notes later. Let me share my screen to show the data. This is exactly what we need. Well done. Here are the key metrics from last week. Let me share my screen to show the data. That's a really innovative approach. We're going in circles on this topic. This seems like a waste of time honestly. I appreciate e...,673,17,0.536,0.18,1,1,0.582,7.33,0.91,1,1,1,3.8,0.646,70.9
MTG00338,Planning,2025-08-28,65,4,This meeting could have been an email. This doesn't align with our objectives. I appreciate everyone's input today. We should have resolved this weeks ago. Excellent point. I hadn't considered that. The project timeline is on track. I think we've reached a good decision here. Here are the key metrics from last week. We should have resolved this weeks ago. Let's move to the next topic. I'll send out the meeting notes later. I'm concerned about the timeline here. Can everyone see the presentation?...,1310,34,0.539,0.221,0,1,0.645,16.25,0.89,1,4,0,3.5,0.559,58.2
MTG00339,Brainstorming,2025-09-07,67,5,I'll send out the meeting notes later. The project timeline is on track. We have three items on the agenda today. Let me share my screen to show the data. This solution addresses our concerns perfectly. Can everyone see the presentation? I disagree with this direction completely. Let's move to the next topic. I agree with this approach. It makes sense. Let me share my screen to show the data. We have three items on the agenda today. We're making great progress on this. Can everyone see the prese...,1242,31,0.487,0.187,0,1,0.752,13.4,0.907,1,4,0,3.2,0.488,60.1
MTG00340,Retrospective,2025-08-16,32,3,I think we've reached a good decision here. I'm concerned about the timeline here. I don't think we have enough information to decide. We're making great progress on this. We have three items on the agenda today. The deadline for this is next Friday. This seems like a waste of time honestly. I appreciate everyone's input today. We've discussed this several times already. We have three items on the agenda today. Great idea! Let's explore that further. I'll send out the meeting notes later. This d...,922,23,0.534,0.222,1,1,0.512,10.67,0.889,1,2,0,3.9,0.567,70.8
MTG00341,Status Update,2025-09-01,27,15,We're making great progress on this. I appreciate everyone's input today. We should schedule a follow-up meeting. We're making great progress on this. I'll send out the meeting notes later. The deadline for this is next Friday. This doesn't align with our objectives. That's a really innovative approach. The deadline for this is next Friday. We should schedule a follow-up meeting. We should schedule a follow-up meeting. This is exactly what we need. Well done. I disagree with this direction compl...,921,23,0.553,0.216,1,1,0.902,1.8,0.892,3,6,2,4.6,0.865,87.0
MTG00342,Status Update,2025-10-10,23,5,Let's move to the next topic. This meeting could have been an email. Can everyone see the presentation? Let me share my screen to show the data. That's a really innovative approach. This is exactly what we need. Well done. We've discussed this several times already. Let's move to the next topic. I'm excited about this direction. Let's move forward. This solution addresses our concerns perfectly. We're going in circles on this topic. We're going in circles on this topic. We should schedule a foll...,514,13,0.504,0.193,1,1,0.868,4.6,0.904,2,5,1,4.1,0.801,85.3
MTG00343,Planning,2025-10-02,86,4,I think we've reached a good decision here. I appreciate everyone's input today. Great idea! Let's explore that further. We're going in circles on this topic. We're going in circles on this topic. I'm concerned about the timeline here. This is exactly what we need. Well done. We're making great progress on this. I'm not sure this is the right approach. We have three items on the agenda today. That's a really innovative approach. This solution addresses our concerns perfectly. I agree with this a...,1401,35,0.498,0.194,1,1,0.813,21.5,0.903,2,3,1,3.9,0.597,79.8
MTG00344,Status Update,2025-07-31,53,5,I'll send out the meeting notes later. Let's move to the next topic. I disagree with this direction completely. I'm not sure this is the right approach. We should schedule a follow-up meeting. We're going in circles on this topic. We have three items on the agenda today. The deadline for this is next Friday. I'm not sure this is the right approach. This meeting could have been an email. Can everyone see the presentation? That's a really innovative approach. We have three items on the agenda toda...,987,25,0.468,0.203,1,0,0.629,10.6,0.899,2,7,1,3.8,0.583,68.6
MTG00345,Planning,2025-10-08,61,14,That's a really innovative approach. The deadline for this is next Friday. Let me share my screen to show the data. I'm excited about this direction. Let's move forward. I'm concerned about the timeline here. I'm concerned about the timeline here. This meeting could have been an email. We should have resolved this weeks ago. We've discussed this several times already. The project timeline is on track. This meeting could have been an email. Let's move to the next topic. This seems like a waste of...,1409,35,0.432,0.165,1,1,0.316,4.36,0.917,4,2,3,3.7,0.523,64.3
MTG00346,Retrospective,2025-09-29,63,3,This seems like a waste of time honestly. The deadline for this is next Friday. Let me share my screen to show the data. Here are the key metrics from last week. I don't think we have enough information to decide. This is exactly what we need. Well done. I'm not sure this is the right approach. Let me share my screen to show the data. Can everyone see the presentation? I'll send out the meeting notes later. We have three items on the agenda today. Let's move to the next topic. This is exactly wh...,1230,30,0.548,0.242,1,0,0.607,21.0,0.879,1,2,0,3.8,0.446,63.3
MTG00347,Planning,2025-08-18,82,4,That's a really innovative approach. I'll send out the meeting notes later. We have three items on the agenda today. We should have resolved this weeks ago. Let me share my screen to show the data. I'll send out the meeting notes later. I'm concerned about the timeline here. Great idea! Let's explore that further. We're going in circles on this topic. That's a really innovative approach. I think we've reached a good decision here. We have three items on the agenda today. I'll take the action ite...,1544,39,0.462,0.21,0,1,0.749,20.5,0.895,4,1,2,3.6,0.505,53.4
MTG00348,One-on-One,2025-08-30,7,2,Can everyone see the presentation? I appreciate everyone's input today. I don't think we have enough information to decide. I'll take the action item to follow up. Here are the key metrics from last week. That's a really innovative approach. We're going in circles on this topic. Let me share my screen to show the data. The deadline for this is next Friday. I disagree with this direction completely. This meeting could have been an email. We have three items on the agenda today. We're going in cir...,649,16,0.47,0.205,1,0,0.599,3.5,0.897,0,3,1,3.1,0.608,63.8
MTG00349,Standup,2025-06-18,12,3,I'll send out the meeting notes later. Excellent point. I hadn't considered that. This meeting could have been an email. That's a really innovative approach. Let's move to the next topic. This solution addresses our concerns perfectly. I'm excited about this direction. Let's move forward. We're making great progress on this. I'm excited about this direction. Let's move forward. I'll take the action item to follow up. I don't think we have enough information to decide. This solution addresses our...,563,13,0.544,0.173,1,0,0.861,4.0,0.914,3,5,3,4.1,0.57,76.1
MTG00350,One-on-One,2025-06-07,42,2,Great idea! Let's explore that further. The deadline for this is next Friday. Great idea! Let's explore that further. Here are the key metrics from last week. We should schedule a follow-up meeting. Let me share my screen to show the data. Great idea! Let's explore that further. This doesn't align with our objectives. This seems like a waste of time honestly. The project timeline is on track. We should have resolved this weeks ago. I appreciate everyone's input today. That's a really innovative ...,950,24,0.522,0.24,1,1,0.583,21.0,0.88,2,4,3,3.6,0.703,76.2
MTG00351,Standup,2025-05-13,19,9,We have three items on the agenda today. We should schedule a follow-up meeting. I don't think we have enough information to decide. I'm concerned about the timeline here. We should schedule a follow-up meeting. Let me share my screen to show the data. I'll take the action item to follow up. Let me share my screen to show the data. Can everyone see the presentation? I don't think we have enough information to decide. I'm concerned about the timeline here....,459,11,0.512,0.28,0,1,0.789,2.11,0.86,5,4,1,3.6,0.471,60.8
MTG00352,Retrospective,2025-06-03,55,4,We're going in circles on this topic. I'll take the action item to follow up. I'll take the action item to follow up. We should schedule a follow-up meeting. This solution addresses our concerns perfectly. Let me share my screen to show the data. We're going in circles on this topic. We should have resolved this weeks ago. Here are the key metrics from last week. I'll take the action item to follow up. Let me share my screen to show the data. I'll take the action item to follow up. I'll send out...,1345,33,0.464,0.189,0,1,0.586,13.75,0.905,2,1,2,3.4,0.451,49.5
MTG00353,All-Hands,2025-08-29,55,41,I'm not sure this is the right approach. That's a really innovative approach. This meeting could have been an email. Can everyone see the presentation? The project timeline is on track. We should schedule a follow-up meeting. Let me share my screen to show the data. I appreciate everyone's input today. I'm not sure this is the right approach. Let's move to the next topic. This seems like a waste of time honestly. I'll send out the meeting notes later. Can everyone see the presentation? We have t...,1019,26,0.495,0.216,0,0,0.879,1.34,0.892,13,4,3,2.4,0.507,53.2
MTG00354,Decision-Making,2025-11-06,64,4,Excellent point. I hadn't considered that. Let's move to the next topic. I agree with this approach. It makes sense. Here are the key metrics from last week. Great idea! Let's explore that further. Excellent point. I hadn't considered that. This seems like a waste of time honestly. I agree with this approach. It makes sense. I'll take the action item to follow up. I'll take the action item to follow up. This is exactly what we need. Well done. This solution addresses our concerns perfectly. I'm ...,1317,32,0.585,0.188,1,0,0.802,16.0,0.906,1,4,1,4.0,0.657,73.3
MTG00355,One-on-One,2025-10-14,47,2,We're making great progress on this. Here are the key metrics from last week. We've discussed this several times already. I agree with this approach. It makes sense. Great idea! Let's explore that further. Great idea! Let's explore that further. I'll send out the meeting notes later. Let's move to the next topic. We have three items on the agenda today. The deadline for this is next Friday. Let me share my screen to show the data. We should have resolved this weeks ago. Great idea! Let's explore...,1193,30,0.583,0.192,1,1,0.945,23.5,0.904,1,4,3,5.0,0.67,86.8
MTG00356,Planning,2025-07-14,16,6,We should schedule a follow-up meeting. This seems like a waste of time honestly. Here are the key metrics from last week. I think we've reached a good decision here. I agree with this approach. It makes sense. This solution addresses our concerns perfectly. Great idea! Let's explore that further. We should schedule a follow-up meeting. That's a really innovative approach. Let's move to the next topic. I think we've reached a good decision here. I'll take the action item to follow up. I agree wi...,661,16,0.617,0.168,1,0,0.731,2.67,0.916,2,3,1,3.6,0.585,70.4
MTG00357,Retrospective,2025-06-09,53,7,I think we've reached a good decision here. This is exactly what we need. Well done. That's a really innovative approach. Can everyone see the presentation? Let's move to the next topic. I appreciate everyone's input today. We should schedule a follow-up meeting. I think we've reached a good decision here. We're making great progress on this. The deadline for this is next Friday. Excellent point. I hadn't considered that. This is exactly what we need. Well done. Let me share my screen to show th...,969,25,0.574,0.198,1,1,0.916,7.57,0.901,1,4,2,4.5,0.627,85.9
MTG00358,One-on-One,2025-08-20,25,2,I don't think we have enough information to decide. Can everyone see the presentation? I don't think we have enough information to decide. Let me share my screen to show the data. I disagree with this direction completely. Here are the key metrics from last week. This is exactly what we need. Well done. Let me share my screen to show the data. I'll take the action item to follow up. The project timeline is on track. That's a really innovative approach. Let me share my screen to show the data. I ...,893,22,0.594,0.197,1,1,0.595,12.5,0.901,0,6,0,3.5,0.77,80.3
MTG00359,Decision-Making,2025-06-12,84,7,Let's move to the next topic. I think we've reached a good decision here. Can everyone see the presentation? I'll send out the meeting notes later. This solution addresses our concerns perfectly. The deadline for this is next Friday. I agree with this approach. It makes sense. We should have resolved this weeks ago. I'm not sure this is the right approach. We should schedule a follow-up meeting. Excellent point. I hadn't considered that. I'm not sure this is the right approach. I'll take the act...,1661,42,0.538,0.198,0,0,0.704,12.0,0.901,2,4,4,2.8,0.433,49.9
MTG00360,Brainstorming,2025-09-24,43,7,Can everyone see the presentation? This is exactly what we need. Well done. This solution addresses our concerns perfectly. The project timeline is on track. I'm concerned about the timeline here. The deadline for this is next Friday. I'll take the action item to follow up. Great idea! Let's explore that further. The deadline for this is next Friday. We're going in circles on this topic. We've discussed this several times already. I'm not sure this is the right approach. The deadline for this is...,900,22,0.484,0.235,1,1,0.46,6.14,0.882,1,4,2,4.0,0.564,72.4
MTG00361,Standup,2025-06-26,18,3,I'll send out the meeting notes later. We have three items on the agenda today. We have three items on the agenda today. The deadline for this is next Friday. The deadline for this is next Friday. I'm concerned about the timeline here. Excellent point. I hadn't considered that. The project timeline is on track. I'll send out the meeting notes later. Let's move to the next topic. Let's move to the next topic. This meeting could have been an email. I'll send out the meeting notes later. I'm concer...,763,20,0.491,0.203,0,1,0.493,6.0,0.898,0,2,5,2.6,0.408,49.6
MTG00362,Standup,2025-08-16,10,3,Let me share my screen to show the data. Can everyone see the presentation? The deadline for this is next Friday. The project timeline is on track. Here are the key metrics from last week. We should schedule a follow-up meeting. Excellent point. I hadn't considered that. I agree with this approach. It makes sense. We should have resolved this weeks ago. Here are the key metrics from last week. I agree with this approach. It makes sense....,440,11,0.519,0.2,1,1,0.617,3.33,0.9,0,2,2,4.2,0.577,73.3
MTG00363,Standup,2025-06-30,8,7,That's a really innovative approach. Let's move to the next topic. We should schedule a follow-up meeting. That's a really innovative approach. We're making great progress on this. The deadline for this is next Friday. Let's move to the next topic. Let's move to the next topic. The project timeline is on track. We should schedule a follow-up meeting. We should schedule a follow-up meeting. We should have resolved this weeks ago. Can everyone see the presentation?...,467,13,0.498,0.189,1,1,0.672,1.14,0.905,0,2,3,3.9,0.632,74.3
MTG00364,Status Update,2025-05-28,15,10,Let me share my screen to show the data. I'll take the action item to follow up. Excellent point. I hadn't considered that. I'll take the action item to follow up. We should schedule a follow-up meeting. I'll take the action item to follow up. I'll send out the meeting notes later. Excellent point. I hadn't considered that. We're going in circles on this topic. I appreciate everyone's input today. I'll send out the meeting notes later. Here are the key metrics from last week. The deadline for th...,743,19,0.532,0.203,1,1,0.445,1.5,0.898,0,3,3,3.9,0.574,71.2
MTG00365,Brainstorming,2025-07-17,28,7,I don't think we have enough information to decide. Excellent point. I hadn't considered that. I think we've reached a good decision here. Let me share my screen to show the data. We should have resolved this weeks ago. I disagree with this direction completely. This meeting could have been an email. Let's move to the next topic. I'll send out the meeting notes later. We should have resolved this weeks ago. We should schedule a follow-up meeting. This seems like a waste of time honestly. I appre...,908,22,0.431,0.193,0,1,0.71,4.0,0.904,3,1,0,3.0,0.468,51.9
MTG00366,Brainstorming,2025-05-26,34,5,Let's move to the next topic. We've discussed this several times already. Can everyone see the presentation? The project timeline is on track. I disagree with this direction completely. The project timeline is on track. I agree with this approach. It makes sense. We're going in circles on this topic. I'll take the action item to follow up. We have three items on the agenda today. We have three items on the agenda today. We have three items on the agenda today. Let's move to the next topic. I'm n...,657,17,0.518,0.194,1,0,0.439,6.8,0.903,3,3,2,3.6,0.438,60.9
MTG00367,Review,2025-05-19,67,3,Can everyone see the presentation? I'm excited about this direction. Let's move forward. Can everyone see the presentation? I'm concerned about the timeline here. Here are the key metrics from last week. The deadline for this is next Friday. The project timeline is on track. Can everyone see the presentation? Let me share my screen to show the data. Can everyone see the presentation? I'm excited about this direction. Let's move forward. I don't think we have enough information to decide. This se...,1273,32,0.504,0.222,1,1,0.695,22.33,0.889,2,2,4,4.5,0.567,74.8
MTG00368,Decision-Making,2025-09-20,42,4,This seems like a waste of time honestly. I'll take the action item to follow up. We should have resolved this weeks ago. We're making great progress on this. That's a really innovative approach. Great idea! Let's explore that further. Let's move to the next topic. The deadline for this is next Friday. Here are the key metrics from last week. The deadline for this is next Friday. Can everyone see the presentation? Let me share my screen to show the data. We should have resolved this weeks ago. L...,957,25,0.505,0.201,1,1,0.666,10.5,0.9,0,2,2,4.0,0.699,74.2
MTG00369,Planning,2025-10-03,92,4,Let's move to the next topic. This meeting could have been an email. Here are the key metrics from last week. I think we've reached a good decision here. This meeting could have been an email. This seems like a waste of time honestly. I appreciate everyone's input today. I'll take the action item to follow up. I'll send out the meeting notes later. We have three items on the agenda today. The project timeline is on track. I appreciate everyone's input today. I'll take the action item to follow u...,1503,37,0.508,0.209,1,0,0.512,23.0,0.895,0,3,0,3.7,0.445,62.4
MTG00370,Retrospective,2025-07-14,34,4,Let's move to the next topic. That's a really innovative approach. Let me share my screen to show the data. This is exactly what we need. Well done. This solution addresses our concerns perfectly. I'll send out the meeting notes later. I'll send out the meeting notes later. The deadline for this is next Friday. We've discussed this several times already. The deadline for this is next Friday. The project timeline is on track. I'll send out the meeting notes later. We should schedule a follow-up m...,624,16,0.529,0.186,0,1,0.801,8.5,0.907,4,4,5,3.4,0.483,62.2
MTG00371,Standup,2025-09-16,5,8,I'll send out the meeting notes later. We're making great progress on this. This doesn't align with our objectives. Here are the key metrics from last week. I think we've reached a good decision here. We're going in circles on this topic. Here are the key metrics from last week. Excellent point. I hadn't considered that. That's a really innovative approach. We should schedule a follow-up meeting....,399,10,0.514,0.203,1,1,0.853,0.62,0.899,4,1,0,4.2,0.596,77.1
MTG00372,Brainstorming,2025-09-17,64,5,This doesn't align with our objectives. We should schedule a follow-up meeting. I agree with this approach. It makes sense. I'll send out the meeting notes later. Here are the key metrics from last week. Excellent point. I hadn't considered that. The project timeline is on track. This solution addresses our concerns perfectly. I think we've reached a good decision here. We should schedule a follow-up meeting. We're making great progress on this. We should schedule a follow-up meeting. Here are t...,1058,26,0.517,0.192,1,1,0.697,12.8,0.904,1,1,3,3.5,0.675,73.3
MTG00373,Status Update,2025-07-13,6,8,This is exactly what we need. Well done. I think we've reached a good decision here. I agree with this approach. It makes sense. I appreciate everyone's input today. I'm not sure this is the right approach. Excellent point. I hadn't considered that. This is exactly what we need. Well done. I'm excited about this direction. Let's move forward. I disagree with this direction completely. I'm excited about this direction. Let's move forward. I agree with this approach. It makes sense. Excellent poin...,565,13,0.62,0.151,1,1,0.739,0.75,0.924,2,1,0,4.1,0.664,76.7
MTG00374,Status Update,2025-06-19,13,5,I don't think we have enough information to decide. We have three items on the agenda today. We have three items on the agenda today. The project timeline is on track. I don't think we have enough information to decide. I'll send out the meeting notes later. We should have resolved this weeks ago. The deadline for this is next Friday. I'm excited about this direction. Let's move forward. I'll take the action item to follow up....,430,10,0.335,0.211,0,1,0.734,2.6,0.894,3,2,0,3.2,0.499,52.5
MTG00375,All-Hands,2025-10-27,71,58,Great idea! Let's explore that further. We've discussed this several times already. We should schedule a follow-up meeting. This seems like a waste of time honestly. This solution addresses our concerns perfectly. I'll send out the meeting notes later. Excellent point. I hadn't considered that. This seems like a waste of time honestly. I'm not sure this is the right approach. Let me share my screen to show the data. Can everyone see the presentation? We have three items on the agenda today. This...,1420,35,0.455,0.24,0,1,0.673,1.22,0.88,13,4,3,3.0,0.51,57.1
MTG00376,Standup,2025-10-19,7,3,Let me share my screen to show the data. I'm excited about this direction. Let's move forward. The deadline for this is next Friday. We're making great progress on this. This solution addresses our concerns perfectly. The deadline for this is next Friday. Excellent point. I hadn't considered that. Let me share my screen to show the data. That's a really innovative approach. I'll take the action item to follow up. We should have resolved this weeks ago. Let me share my screen to show the data. Th...,689,17,0.544,0.156,0,0,0.715,2.33,0.922,1,2,1,2.4,0.369,46.6
MTG00377,Planning,2025-06-07,22,8,Great idea! Let's explore that further. I appreciate everyone's input today. I'm concerned about the timeline here. I'll take the action item to follow up. I don't think we have enough information to decide. I'll take the action item to follow up. I'll take the action item to follow up. I agree with this approach. It makes sense. Let me share my screen to show the data. I'll send out the meeting notes later. Let me share my screen to show the data. Great idea! Let's explore that further....,492,12,0.524,0.188,1,1,0.593,2.75,0.906,1,7,2,4.5,0.661,78.9
MTG00378,Decision-Making,2025-09-19,29,4,I agree with this approach. It makes sense. I'll take the action item to follow up. I agree with this approach. It makes sense. This is exactly what we need. Well done. This is exactly what we need. Well done. I'm not sure this is the right approach. I'll send out the meeting notes later. That's a really innovative approach. We have three items on the agenda today. Let's move to the next topic. This solution addresses our concerns perfectly. The project timeline is on track. I'm concerned about ...,978,24,0.507,0.186,1,0,0.484,7.25,0.907,2,4,1,3.5,0.558,63.8
MTG00379,Standup,2025-11-04,18,4,Let's move to the next topic. Let me share my screen to show the data. This seems like a waste of time honestly. I'll take the action item to follow up. We should schedule a follow-up meeting. I'll take the action item to follow up. We've discussed this several times already. I'm excited about this direction. Let's move forward. Here are the key metrics from last week. Let's move to the next topic. Great idea! Let's explore that further. We have three items on the agenda today. Excellent point. ...,683,17,0.574,0.209,1,1,0.486,4.5,0.896,1,2,0,4.2,0.677,71.1
MTG00380,Retrospective,2025-06-23,43,3,This doesn't align with our objectives. We're going in circles on this topic. I agree with this approach. It makes sense. Here are the key metrics from last week. Let's move to the next topic. I'll send out the meeting notes later. This is exactly what we need. Well done. This solution addresses our concerns perfectly. The deadline for this is next Friday. Let's move to the next topic. We should schedule a follow-up meeting. We have three items on the agenda today. This solution addresses our co...,1113,28,0.489,0.21,1,1,0.592,14.33,0.895,0,3,0,3.8,0.519,74.0
MTG00381,Review,2025-07-21,29,3,Here are the key metrics from last week. I agree with this approach. It makes sense. Great idea! Let's explore that further. This doesn't align with our objectives. Let's move to the next topic. We're making great progress on this. I'm excited about this direction. Let's move forward. I'm concerned about the timeline here. This doesn't align with our objectives. I appreciate everyone's input today. I'll take the action item to follow up. Great idea! Let's explore that further. Excellent point. I...,671,17,0.598,0.201,1,0,0.849,9.67,0.9,2,1,0,3.6,0.682,68.7
MTG00382,Brainstorming,2025-08-18,27,5,I'm not sure this is the right approach. The project timeline is on track. I appreciate everyone's input today. We're going in circles on this topic. I'm not sure this is the right approach. Excellent point. I hadn't considered that. Let's move to the next topic. I don't think we have enough information to decide. I'll take the action item to follow up. I'll take the action item to follow up. I disagree with this direction completely. I'm not sure this is the right approach. I'll take the action...,975,24,0.51,0.212,0,1,0.743,5.4,0.894,0,2,2,3.0,0.469,56.2
MTG00383,Review,2025-10-25,12,3,The deadline for this is next Friday. I'm concerned about the timeline here. The deadline for this is next Friday. We've discussed this several times already. This is exactly what we need. Well done. This meeting could have been an email. The project timeline is on track. I'll take the action item to follow up. I'll take the action item to follow up. The project timeline is on track. We've discussed this several times already. I appreciate everyone's input today. We're making great progress on t...,752,19,0.471,0.227,1,1,0.482,4.0,0.886,0,5,1,4.0,0.675,74.8
MTG00384,Review,2025-08-22,33,4,This meeting could have been an email. We should schedule a follow-up meeting. I'll take the action item to follow up. I'm excited about this direction. Let's move forward. We should schedule a follow-up meeting. We have three items on the agenda today. This solution addresses our concerns perfectly. This seems like a waste of time honestly. I appreciate everyone's input today. The deadline for this is next Friday. We should schedule a follow-up meeting. We're making great progress on this. I ap...,807,20,0.566,0.228,0,1,0.756,8.25,0.886,2,1,1,2.9,0.446,55.5
MTG00385,Status Update,2025-10-17,4,5,Here are the key metrics from last week. That's a really innovative approach. This is exactly what we need. Well done. I disagree with this direction completely. The deadline for this is next Friday. I'm excited about this direction. Let's move forward. This seems like a waste of time honestly. We should schedule a follow-up meeting. Can everyone see the presentation? We're making great progress on this....,407,10,0.549,0.233,1,0,0.443,0.8,0.884,1,5,3,3.4,0.626,65.3
MTG00386,Brainstorming,2025-08-03,19,5,Here are the key metrics from last week. We should have resolved this weeks ago. We have three items on the agenda today. This solution addresses our concerns perfectly. This doesn't align with our objectives. We should have resolved this weeks ago. I'm concerned about the timeline here. This is exactly what we need. Well done. I'm concerned about the timeline here. Let me share my screen to show the data. Let me share my screen to show the data. That's a really innovative approach. Let's move t...,758,19,0.517,0.229,1,1,0.575,3.8,0.886,3,3,3,4.1,0.707,74.0
MTG00387,One-on-One,2025-08-21,36,2,This meeting could have been an email. We have three items on the agenda today. I'll send out the meeting notes later. I'm not sure this is the right approach. We've discussed this several times already. I'll send out the meeting notes later. Here are the key metrics from last week. The deadline for this is next Friday. I'll take the action item to follow up. This seems like a waste of time honestly. Can everyone see the presentation? Let's move to the next topic. That's a really innovative appr...,1062,27,0.451,0.221,1,0,0.483,18.0,0.889,0,2,0,2.8,0.512,58.4
MTG00388,One-on-One,2025-05-17,20,2,We're going in circles on this topic. I'll take the action item to follow up. This meeting could have been an email. This meeting could have been an email. This is exactly what we need. Well done. I'm not sure this is the right approach. We have three items on the agenda today. I agree with this approach. It makes sense. I'll send out the meeting notes later. I'll send out the meeting notes later. I think we've reached a good decision here. We have three items on the agenda today. The project ti...,519,13,0.525,0.238,0,1,0.872,10.0,0.881,2,4,1,3.7,0.478,63.5
MTG00389,Review,2025-07-22,26,4,I'll send out the meeting notes later. We're going in circles on this topic. I'm excited about this direction. Let's move forward. I disagree with this direction completely. The project timeline is on track. This seems like a waste of time honestly. Here are the key metrics from last week. We're going in circles on this topic. I'll send out the meeting notes later. We have three items on the agenda today. We have three items on the agenda today. This meeting could have been an email. I don't thi...,613,15,0.409,0.198,1,0,0.418,6.5,0.901,2,3,4,3.4,0.558,58.1
MTG00390,Review,2025-07-29,36,3,Great idea! Let's explore that further. This is exactly what we need. Well done. We're making great progress on this. Let me share my screen to show the data. I agree with this approach. It makes sense. We have three items on the agenda today. I'll send out the meeting notes later. I disagree with this direction completely. I appreciate everyone's input today. Can everyone see the presentation? I appreciate everyone's input today. The deadline for this is next Friday. This is exactly what we nee...,842,21,0.645,0.2,1,1,0.937,12.0,0.9,0,3,1,4.1,0.848,85.8
MTG00391,One-on-One,2025-06-15,32,2,This is exactly what we need. Well done. I'll take the action item to follow up. Let me share my screen to show the data. This is exactly what we need. Well done. I'll take the action item to follow up. I'm excited about this direction. Let's move forward. I appreciate everyone's input today. We're making great progress on this. This meeting could have been an email. I agree with this approach. It makes sense. This doesn't align with our objectives. We have three items on the agenda today. Can e...,724,18,0.56,0.205,1,0,0.712,16.0,0.897,2,5,3,4.1,0.631,72.5
MTG00392,Decision-Making,2025-10-31,65,10,I'll take the action item to follow up. We should schedule a follow-up meeting. We're making great progress on this. We have three items on the agenda today. Let me share my screen to show the data. Let me share my screen to show the data. I'm excited about this direction. Let's move forward. Let me share my screen to show the data. I think we've reached a good decision here. Great idea! Let's explore that further. We have three items on the agenda today. Excellent point. I hadn't considered tha...,1416,35,0.601,0.175,1,1,0.446,6.5,0.913,6,6,2,4.6,0.641,76.9
MTG00393,Retrospective,2025-11-07,45,3,I appreciate everyone's input today. The deadline for this is next Friday. Let me share my screen to show the data. Here are the key metrics from last week. We have three items on the agenda today. I disagree with this direction completely. Can everyone see the presentation? I'll take the action item to follow up. This solution addresses our concerns perfectly. We should schedule a follow-up meeting. I think we've reached a good decision here. We should have resolved this weeks ago. The project ...,1071,27,0.493,0.22,0,1,0.919,15.0,0.89,1,2,3,3.2,0.549,60.2
MTG00394,Retrospective,2025-08-10,58,6,We should schedule a follow-up meeting. I agree with this approach. It makes sense. I'll send out the meeting notes later. Can everyone see the presentation? This meeting could have been an email. Excellent point. I hadn't considered that. The deadline for this is next Friday. That's a really innovative approach. I think we've reached a good decision here. The project timeline is on track. Let me share my screen to show the data. The deadline for this is next Friday. We're making great progress ...,1181,30,0.485,0.2,0,0,0.668,9.67,0.9,1,3,1,2.9,0.425,45.9
MTG00395,Standup,2025-08-16,3,4,We're going in circles on this topic. Excellent point. I hadn't considered that. I'm excited about this direction. Let's move forward. We should schedule a follow-up meeting. I agree with this approach. It makes sense. This is exactly what we need. Well done. The project timeline is on track. We're making great progress on this. We've discussed this several times already. This solution addresses our concerns perfectly. I'm concerned about the timeline here. Here are the key metrics from last wee...,502,12,0.579,0.262,1,0,0.599,0.75,0.869,0,1,0,3.6,0.569,61.6
MTG00396,Retrospective,2025-05-27,28,3,I'll send out the meeting notes later. I'll send out the meeting notes later. That's a really innovative approach. I appreciate everyone's input today. Excellent point. I hadn't considered that. I'll take the action item to follow up. Can everyone see the presentation? I agree with this approach. It makes sense. Can everyone see the presentation? We have three items on the agenda today. We've discussed this several times already. We've discussed this several times already. Let's move to the next...,756,19,0.545,0.218,1,0,0.793,9.33,0.891,1,2,4,3.7,0.586,68.1
MTG00397,Decision-Making,2025-08-02,52,4,Let me share my screen to show the data. I'm excited about this direction. Let's move forward. I'm not sure this is the right approach. This meeting could have been an email. The project timeline is on track. I'll take the action item to follow up. I'll send out the meeting notes later. I'll send out the meeting notes later. I don't think we have enough information to decide. This solution addresses our concerns perfectly. The deadline for this is next Friday. The project timeline is on track. T...,1250,31,0.424,0.214,1,1,0.285,13.0,0.893,0,2,3,3.5,0.566,63.0
MTG00398,Decision-Making,2025-08-20,57,7,We've discussed this several times already. Can everyone see the presentation? Here are the key metrics from last week. We should schedule a follow-up meeting. I'll take the action item to follow up. We should have resolved this weeks ago. Can everyone see the presentation? I appreciate everyone's input today. Great idea! Let's explore that further. Let's move to the next topic. The deadline for this is next Friday. I'm concerned about the timeline here. I'll take the action item to follow up. I...,1221,32,0.473,0.193,1,0,0.678,8.14,0.904,2,2,1,3.9,0.593,64.0
MTG00399,Review,2025-05-12,47,4,I'll send out the meeting notes later. We have three items on the agenda today. The deadline for this is next Friday. I don't think we have enough information to decide. This meeting could have been an email. Let me share my screen to show the data. We're going in circles on this topic. We should schedule a follow-up meeting. This is exactly what we need. Well done. This meeting could have been an email. The deadline for this is next Friday. We should schedule a follow-up meeting. We should have...,1131,28,0.547,0.192,0,1,0.652,11.75,0.904,1,2,4,2.8,0.385,54.8
MTG00400,Decision-Making,2025-07-09,48,4,I'm not sure this is the right approach. I agree with this approach. It makes sense. That's a really innovative approach. Let's move to the next topic. I think we've reached a good decision here. I appreciate everyone's input today. This is exactly what we need. Well done. I appreciate everyone's input today. I'll take the action item to follow up. Let me share my screen to show the data. I agree with this approach. It makes sense. I'll take the action item to follow up. I appreciate everyone's ...,906,23,0.6,0.228,1,1,0.733,12.0,0.886,1,3,1,4.2,0.671,79.6
MTG00401,Decision-Making,2025-11-05,37,4,I agree with this approach. It makes sense. We have three items on the agenda today. We've discussed this several times already. We should have resolved this weeks ago. The project timeline is on track. I'm concerned about the timeline here. Let me share my screen to show the data. I think we've reached a good decision here. I think we've reached a good decision here. I think we've reached a good decision here. We're making great progress on this. Can everyone see the presentation? I agree with ...,727,18,0.527,0.16,1,1,0.687,9.25,0.92,0,1,2,3.6,0.719,73.5
MTG00402,Brainstorming,2025-06-14,29,5,We have three items on the agenda today. Let's move to the next topic. We have three items on the agenda today. I disagree with this direction completely. This doesn't align with our objectives. This seems like a waste of time honestly. Great idea! Let's explore that further. I'll send out the meeting notes later. The project timeline is on track. The project timeline is on track. The project timeline is on track. We're making great progress on this. We've discussed this several times already. I...,616,16,0.407,0.173,1,0,0.693,5.8,0.913,1,0,4,3.8,,59.2
MTG00403,Retrospective,2025-09-15,56,7,We have three items on the agenda today. The deadline for this is next Friday. I think we've reached a good decision here. The deadline for this is next Friday. I'm not sure this is the right approach. That's a really innovative approach. We're making great progress on this. This solution addresses our concerns perfectly. I agree with this approach. It makes sense. Let me share my screen to show the data. This is exactly what we need. Well done. Here are the key metrics from last week. I'll take...,1362,33,0.494,0.215,0,1,0.454,8.0,0.893,4,2,1,2.8,0.347,48.6
MTG00404,One-on-One,2025-10-03,32,2,We should schedule a follow-up meeting. This solution addresses our concerns perfectly. I disagree with this direction completely. This solution addresses our concerns perfectly. Here are the key metrics from last week. The project timeline is on track. That's a really innovative approach. Excellent point. I hadn't considered that. We have three items on the agenda today. Great idea! Let's explore that further. Excellent point. I hadn't considered that. Great idea! Let's explore that further. Ex...,981,24,0.495,0.244,1,0,0.762,16.0,0.878,1,2,2,3.8,0.483,66.1
MTG00405,Status Update,2025-10-19,16,5,Can everyone see the presentation? Can everyone see the presentation? I'll send out the meeting notes later. This is exactly what we need. Well done. I'll send out the meeting notes later. We should schedule a follow-up meeting. I agree with this approach. It makes sense. I'm excited about this direction. Let's move forward. I'll send out the meeting notes later. The deadline for this is next Friday. That's a really innovative approach. I'll take the action item to follow up. I agree with this a...,745,18,0.566,0.19,1,1,0.875,3.2,0.905,1,3,2,4.3,0.669,82.8
MTG00406,Standup,2025-07-23,4,4,Let's move to the next topic. This seems like a waste of time honestly. I appreciate everyone's input today. Great idea! Let's explore that further. Here are the key metrics from last week. I'm concerned about the timeline here. We've discussed this several times already. I'm excited about this direction. Let's move forward....,326,8,0.577,0.274,1,1,0.658,1.0,0.863,2,5,3,4.1,0.58,80.9
MTG00407,Retrospective,2025-06-24,45,6,I disagree with this direction completely. I'll send out the meeting notes later. I agree with this approach. It makes sense. Let's move to the next topic. We have three items on the agenda today. Let's move to the next topic. Let's move to the next topic. I'm excited about this direction. Let's move forward. This is exactly what we need. Well done. I'll take the action item to follow up. Can everyone see the presentation? I'm not sure this is the right approach. We've discussed this several tim...,857,21,0.486,0.221,0,1,0.706,7.5,0.89,1,2,1,2.6,0.432,54.7
MTG00408,One-on-One,2025-10-14,7,2,I don't think we have enough information to decide. I think we've reached a good decision here. Can everyone see the presentation? The project timeline is on track. Can everyone see the presentation? Here are the key metrics from last week. We have three items on the agenda today. Let me share my screen to show the data. This doesn't align with our objectives. Let's move to the next topic. This seems like a waste of time honestly. The deadline for this is next Friday. Let's move to the next topi...,573,15,0.497,0.186,0,0,0.756,3.5,0.907,0,1,2,2.8,0.384,44.4
MTG00409,Status Update,2025-07-08,44,5,This doesn't align with our objectives. I'm excited about this direction. Let's move forward. Great idea! Let's explore that further. That's a really innovative approach. This is exactly what we need. Well done. The deadline for this is next Friday. This is exactly what we need. Well done. I'll send out the meeting notes later. I think we've reached a good decision here. Can everyone see the presentation? I'm not sure this is the right approach. This solution addresses our concerns perfectly. I'...,1145,28,0.557,0.217,1,0,0.846,8.8,0.892,4,1,1,4.0,0.666,67.7
MTG00410,Brainstorming,2025-07-26,87,8,I agree with this approach. It makes sense. I agree with this approach. It makes sense. I agree with this approach. It makes sense. I'll take the action item to follow up. We have three items on the agenda today. The deadline for this is next Friday. I think we've reached a good decision here. Let me share my screen to show the data. I agree with this approach. It makes sense. I'm excited about this direction. Let's move forward. The project timeline is on track. We're making great progress on t...,1593,39,0.545,0.171,1,1,0.723,10.88,0.914,4,6,1,4.1,0.812,82.7
MTG00411,Retrospective,2025-08-06,42,3,I disagree with this direction completely. This solution addresses our concerns perfectly. Let me share my screen to show the data. I appreciate everyone's input today. We're making great progress on this. This seems like a waste of time honestly. This is exactly what we need. Well done. This solution addresses our concerns perfectly. I agree with this approach. It makes sense. This solution addresses our concerns perfectly. Excellent point. I hadn't considered that. That's a really innovative a...,926,21,0.646,0.184,1,1,0.906,14.0,0.908,1,3,3,4.7,0.667,85.2
MTG00412,Status Update,2025-09-13,32,5,The project timeline is on track. Let me share my screen to show the data. We should schedule a follow-up meeting. Here are the key metrics from last week. We should schedule a follow-up meeting. Let me share my screen to show the data. Let's move to the next topic. I'm not sure this is the right approach. I think we've reached a good decision here. We're making great progress on this. I don't think we have enough information to decide. I'm excited about this direction. Let's move forward. Let's...,782,19,0.481,0.252,0,0,0.626,6.4,0.874,2,0,3,2.7,,38.4
MTG00413,Planning,2025-10-13,39,4,We should schedule a follow-up meeting. I'm concerned about the timeline here. I agree with this approach. It makes sense. The project timeline is on track. I disagree with this direction completely. The deadline for this is next Friday. I'll send out the meeting notes later. I agree with this approach. It makes sense. We're making great progress on this. Let me share my screen to show the data. This doesn't align with our objectives. Can everyone see the presentation? I'll take the action item ...,923,24,0.464,0.172,0,0,0.663,9.75,0.914,2,5,3,3.2,0.419,49.6
MTG00414,One-on-One,2025-09-27,29,2,I don't think we have enough information to decide. I appreciate everyone's input today. Let me share my screen to show the data. Let's move to the next topic. I'll take the action item to follow up. We have three items on the agenda today. Excellent point. I hadn't considered that. Can everyone see the presentation? Great idea! Let's explore that further. This doesn't align with our objectives. I appreciate everyone's input today. I appreciate everyone's input today. This solution addresses our...,644,16,0.645,0.165,1,0,0.802,14.5,0.918,0,2,5,3.7,0.577,70.7
MTG00415,One-on-One,2025-05-21,34,2,We've discussed this several times already. I appreciate everyone's input today. We should schedule a follow-up meeting. The project timeline is on track. We should schedule a follow-up meeting. This doesn't align with our objectives. This solution addresses our concerns perfectly. I'll send out the meeting notes later. That's a really innovative approach. This seems like a waste of time honestly. This doesn't align with our objectives. We've discussed this several times already. We have three i...,800,20,0.449,0.225,0,1,0.566,17.0,0.887,2,0,2,2.9,,46.4
MTG00416,Planning,2025-05-18,62,4,I'll send out the meeting notes later. This meeting could have been an email. Let me share my screen to show the data. This seems like a waste of time honestly. We're making great progress on this. I'm excited about this direction. Let's move forward. Can everyone see the presentation? We should schedule a follow-up meeting. We have three items on the agenda today. I appreciate everyone's input today. I'll take the action item to follow up. Here are the key metrics from last week. The deadline f...,1188,30,0.508,0.204,1,1,0.517,15.5,0.898,1,4,5,4.4,0.593,74.6
MTG00417,Review,2025-10-08,49,9,This seems like a waste of time honestly. Let me share my screen to show the data. I'm excited about this direction. Let's move forward. I'm concerned about the timeline here. The deadline for this is next Friday. I'll send out the meeting notes later. Let me share my screen to show the data. Here are the key metrics from last week. I'm concerned about the timeline here. I agree with this approach. It makes sense. Let me share my screen to show the data. I appreciate everyone's input today. I ap...,922,23,0.489,0.241,0,0,0.665,5.44,0.88,1,1,2,2.9,0.406,41.6
MTG00418,Planning,2025-08-22,57,4,I'm excited about this direction. Let's move forward. I don't think we have enough information to decide. Can everyone see the presentation? Let's move to the next topic. I'll send out the meeting notes later. I'll take the action item to follow up. I don't think we have enough information to decide. Great idea! Let's explore that further. The deadline for this is next Friday. Let me share my screen to show the data. Great idea! Let's explore that further. I'm not sure this is the right approach...,1037,25,0.516,0.229,1,1,0.448,14.25,0.885,2,2,3,3.6,0.513,68.8
MTG00419,Brainstorming,2025-10-10,37,5,Let me share my screen to show the data. I disagree with this direction completely. The deadline for this is next Friday. Let's move to the next topic. Let's move to the next topic. Let's move to the next topic. Here are the key metrics from last week. That's a really innovative approach. Here are the key metrics from last week. Let's move to the next topic. Excellent point. I hadn't considered that. Can everyone see the presentation? Excellent point. I hadn't considered that. Here are the key m...,682,18,0.54,0.193,1,1,0.518,7.4,0.903,1,3,2,4.5,0.668,73.3
MTG00420,Retrospective,2025-10-28,54,3,I'll take the action item to follow up. Excellent point. I hadn't considered that. We should schedule a follow-up meeting. We have three items on the agenda today. I agree with this approach. It makes sense. The project timeline is on track. I think we've reached a good decision here. This solution addresses our concerns perfectly. Can everyone see the presentation? We should have resolved this weeks ago. I'm concerned about the timeline here. That's a really innovative approach. This is exactly...,1306,32,0.662,0.168,1,1,0.849,18.0,0.916,3,3,1,4.2,0.769,84.2
MTG00421,Brainstorming,2025-05-13,30,5,Can everyone see the presentation? I'm not sure this is the right approach. I think we've reached a good decision here. Let me share my screen to show the data. I'll take the action item to follow up. I appreciate everyone's input today. We're making great progress on this. I disagree with this direction completely. I disagree with this direction completely. We have three items on the agenda today. The deadline for this is next Friday. We should schedule a follow-up meeting. That's a really inno...,670,17,0.547,0.162,1,1,0.571,6.0,0.919,2,5,2,4.3,0.667,79.0
MTG00422,Brainstorming,2025-09-16,29,6,Let me share my screen to show the data. The deadline for this is next Friday. Here are the key metrics from last week. I'm concerned about the timeline here. This meeting could have been an email. Let me share my screen to show the data. The project timeline is on track. We should have resolved this weeks ago. The project timeline is on track. The project timeline is on track. Can everyone see the presentation? We're going in circles on this topic. Excellent point. I hadn't considered that. We'...,622,16,0.388,0.154,0,1,0.628,4.83,0.923,3,3,2,3.3,0.415,53.3
MTG00423,Retrospective,2025-09-25,55,6,I'm not sure this is the right approach. The project timeline is on track. I'll take the action item to follow up. We're going in circles on this topic. Great idea! Let's explore that further. This doesn't align with our objectives. I'm excited about this direction. Let's move forward. The deadline for this is next Friday. I'm excited about this direction. Let's move forward. Let me share my screen to show the data. Excellent point. I hadn't considered that. I'm concerned about the timeline here...,1087,26,0.521,0.208,1,1,0.76,9.17,0.896,2,3,1,4.0,0.621,78.9
MTG00424,Decision-Making,2025-10-24,32,4,Let me share my screen to show the data. Let's move to the next topic. Excellent point. I hadn't considered that. Can everyone see the presentation? This doesn't align with our objectives. Can everyone see the presentation? I'm not sure this is the right approach. That's a really innovative approach. Here are the key metrics from last week. I agree with this approach. It makes sense. I'll send out the meeting notes later. We're going in circles on this topic. Here are the key metrics from last w...,1006,25,0.481,0.207,0,1,0.672,8.0,0.896,3,3,3,3.0,0.431,55.9
MTG00425,Status Update,2025-08-05,44,5,We're making great progress on this. We have three items on the agenda today. We're making great progress on this. This is exactly what we need. Well done. We should schedule a follow-up meeting. This doesn't align with our objectives. This is exactly what we need. Well done. Excellent point. I hadn't considered that. This meeting could have been an email. We're making great progress on this. The deadline for this is next Friday. We're going in circles on this topic. Let me share my screen to sh...,830,21,0.558,0.199,1,1,0.595,8.8,0.9,0,5,1,4.4,0.632,79.5
MTG00426,Retrospective,2025-07-21,52,5,We should schedule a follow-up meeting. I appreciate everyone's input today. We've discussed this several times already. That's a really innovative approach. The deadline for this is next Friday. I'm not sure this is the right approach. I think we've reached a good decision here. I agree with this approach. It makes sense. I'll send out the meeting notes later. I'll send out the meeting notes later. I'm not sure this is the right approach. I agree with this approach. It makes sense. Great idea! ...,1002,25,0.57,0.158,0,0,0.844,10.4,0.921,1,5,2,2.7,0.458,56.3
MTG00427,Retrospective,2025-09-17,35,5,We should schedule a follow-up meeting. Here are the key metrics from last week. We should have resolved this weeks ago. The deadline for this is next Friday. Can everyone see the presentation? This solution addresses our concerns perfectly. We should schedule a follow-up meeting. The deadline for this is next Friday. I'm concerned about the timeline here. I'm not sure this is the right approach. I disagree with this direction completely. We're going in circles on this topic. The project timelin...,712,18,0.491,0.172,1,0,0.482,7.0,0.914,2,4,1,3.3,0.462,63.6
MTG00428,Brainstorming,2025-10-12,50,9,I appreciate everyone's input today. This is exactly what we need. Well done. Great idea! Let's explore that further. I'll take the action item to follow up. I'm not sure this is the right approach. Excellent point. I hadn't considered that. I appreciate everyone's input today. I appreciate everyone's input today. This is exactly what we need. Well done. This solution addresses our concerns perfectly. I'm excited about this direction. Let's move forward. I'll take the action item to follow up. I...,1194,29,0.58,0.178,1,1,0.854,5.56,0.911,4,1,1,4.4,0.777,78.6
MTG00429,Standup,2025-09-23,12,3,That's a really innovative approach. Let's move to the next topic. I think we've reached a good decision here. This is exactly what we need. Well done. I appreciate everyone's input today. This is exactly what we need. Well done. I'm excited about this direction. Let's move forward. I think we've reached a good decision here. Can everyone see the presentation? This solution addresses our concerns perfectly. I agree with this approach. It makes sense. I'm excited about this direction. Let's move ...,632,15,0.699,0.149,1,0,0.743,4.0,0.926,1,3,1,4.0,0.59,72.4
MTG00430,Retrospective,2025-11-07,46,8,This is exactly what we need. Well done. Let's move to the next topic. This is exactly what we need. Well done. I'll send out the meeting notes later. We should schedule a follow-up meeting. We're making great progress on this. We've discussed this several times already. I agree with this approach. It makes sense. Here are the key metrics from last week. I appreciate everyone's input today. Can everyone see the presentation? This doesn't align with our objectives. We've discussed this several ti...,871,22,0.512,0.22,1,0,0.537,5.75,0.89,4,2,2,3.1,0.564,61.0
MTG00431,Status Update,2025-06-06,23,6,I don't think we have enough information to decide. This is exactly what we need. Well done. I'll take the action item to follow up. I'll send out the meeting notes later. I'll send out the meeting notes later. The project timeline is on track. We're making great progress on this. I disagree with this direction completely. The project timeline is on track. We should have resolved this weeks ago. The project timeline is on track. I disagree with this direction completely. I'm concerned about the ...,876,22,0.528,0.174,1,1,0.694,3.83,0.913,2,3,3,4.3,0.681,77.6
MTG00432,Decision-Making,2025-11-07,60,4,I'm not sure this is the right approach. This solution addresses our concerns perfectly. That's a really innovative approach. We're making great progress on this. The deadline for this is next Friday. We have three items on the agenda today. I'm not sure this is the right approach. Let's move to the next topic. This solution addresses our concerns perfectly. The deadline for this is next Friday. Can everyone see the presentation? We should schedule a follow-up meeting. This is exactly what we ne...,1124,28,0.542,0.231,1,1,0.765,15.0,0.884,1,2,1,3.7,0.684,77.2
MTG00433,Retrospective,2025-07-08,39,3,The deadline for this is next Friday. Let me share my screen to show the data. This doesn't align with our objectives. Let's move to the next topic. The deadline for this is next Friday. We have three items on the agenda today. Excellent point. I hadn't considered that. I agree with this approach. It makes sense. I'm not sure this is the right approach. I think we've reached a good decision here. I appreciate everyone's input today. The deadline for this is next Friday. The deadline for this is ...,1048,27,0.561,0.218,0,0,0.584,13.0,0.891,2,6,2,2.9,0.436,49.2
MTG00434,Standup,2025-07-02,7,10,I'm not sure this is the right approach. I appreciate everyone's input today. I'll send out the meeting notes later. We're making great progress on this. The project timeline is on track. I'm excited about this direction. Let's move forward. This meeting could have been an email. The project timeline is on track. Can everyone see the presentation?...,349,9,0.572,0.197,1,1,0.687,0.7,0.901,5,3,3,4.2,0.663,78.1
MTG00435,Review,2025-07-22,43,11,I'm excited about this direction. Let's move forward. We've discussed this several times already. The project timeline is on track. I'll send out the meeting notes later. The deadline for this is next Friday. I'll take the action item to follow up. I appreciate everyone's input today. Here are the key metrics from last week. Let me share my screen to show the data. I'm concerned about the timeline here. I'll send out the meeting notes later. This doesn't align with our objectives. I disagree wit...,854,21,0.471,0.2,1,1,0.63,3.91,0.9,4,2,8,4.3,0.703,72.7
MTG00436,Planning,2025-08-04,41,4,I appreciate everyone's input today. Excellent point. I hadn't considered that. I'm excited about this direction. Let's move forward. We have three items on the agenda today. We have three items on the agenda today. We've discussed this several times already. This solution addresses our concerns perfectly. This meeting could have been an email. Let's move to the next topic. Great idea! Let's explore that further. I'll take the action item to follow up. I'm excited about this direction. Let's mov...,1182,28,0.58,0.214,1,1,0.778,10.25,0.893,1,1,1,3.8,0.625,76.4
MTG00437,Planning,2025-06-16,47,4,Great idea! Let's explore that further. Great idea! Let's explore that further. I don't think we have enough information to decide. I agree with this approach. It makes sense. We're going in circles on this topic. Great idea! Let's explore that further. Let's move to the next topic. Can everyone see the presentation? I appreciate everyone's input today. That's a really innovative approach. I'm concerned about the timeline here. Let's move to the next topic. This seems like a waste of time honest...,1067,27,0.479,0.237,0,1,0.536,11.75,0.881,1,5,0,3.6,0.489,56.2
MTG00438,Planning,2025-08-25,82,10,The deadline for this is next Friday. We should have resolved this weeks ago. We have three items on the agenda today. We have three items on the agenda today. I'll take the action item to follow up. I'll take the action item to follow up. This is exactly what we need. Well done. This is exactly what we need. Well done. The project timeline is on track. The project timeline is on track. Here are the key metrics from last week. The project timeline is on track. This solution addresses our concern...,1350,34,0.544,0.191,1,1,0.635,8.2,0.905,2,5,0,4.6,0.79,80.3
MTG00439,All-Hands,2025-10-16,71,37,We've discussed this several times already. We should have resolved this weeks ago. Let's move to the next topic. This is exactly what we need. Well done. We're going in circles on this topic. This doesn't align with our objectives. We've discussed this several times already. I'm excited about this direction. Let's move forward. Here are the key metrics from last week. Let's move to the next topic. I don't think we have enough information to decide. We have three items on the agenda today. We've...,1433,35,0.446,0.203,1,1,0.518,1.92,0.899,13,2,3,3.9,0.564,69.4
MTG00440,Decision-Making,2025-10-17,26,10,This seems like a waste of time honestly. I disagree with this direction completely. We're making great progress on this. Can everyone see the presentation? Great idea! Let's explore that further. Here are the key metrics from last week. Let me share my screen to show the data. I'm concerned about the timeline here. I disagree with this direction completely. Great idea! Let's explore that further. This doesn't align with our objectives. We've discussed this several times already. I'm excited abo...,937,23,0.456,0.213,0,0,0.814,2.6,0.894,8,6,1,3.3,0.509,52.9
MTG00441,One-on-One,2025-07-11,21,2,That's a really innovative approach. We're making great progress on this. We have three items on the agenda today. I agree with this approach. It makes sense. This is exactly what we need. Well done. We have three items on the agenda today. I appreciate everyone's input today. I'll send out the meeting notes later. Excellent point. I hadn't considered that. I appreciate everyone's input today. Let's move to the next topic. We have three items on the agenda today. This solution addresses our conc...,902,22,0.643,0.154,1,0,0.744,10.5,0.923,0,4,4,3.6,0.522,73.3
MTG00442,All-Hands,2025-09-29,45,21,This doesn't align with our objectives. I'll take the action item to follow up. Let's move to the next topic. Here are the key metrics from last week. Let me share my screen to show the data. I think we've reached a good decision here. This seems like a waste of time honestly. Let me share my screen to show the data. This solution addresses our concerns perfectly. I appreciate everyone's input today. We should schedule a follow-up meeting. Excellent point. I hadn't considered that. I'm not sure ...,1116,27,0.527,0.205,1,1,0.821,2.14,0.897,10,6,1,4.4,0.605,84.5
MTG00443,Status Update,2025-06-26,11,15,I'm excited about this direction. Let's move forward. This is exactly what we need. Well done. Let me share my screen to show the data. We've discussed this several times already. I appreciate everyone's input today. This solution addresses our concerns perfectly. I'm excited about this direction. Let's move forward. This is exactly what we need. Well done. Excellent point. I hadn't considered that. This solution addresses our concerns perfectly. I'll send out the meeting notes later....,489,11,0.608,0.217,1,1,0.705,0.73,0.892,3,1,1,4.3,0.528,75.1
MTG00444,One-on-One,2025-07-09,36,2,The deadline for this is next Friday. I appreciate everyone's input today. I don't think we have enough information to decide. Here are the key metrics from last week. This seems like a waste of time honestly. Great idea! Let's explore that further. I disagree with this direction completely. Here are the key metrics from last week. I'm concerned about the timeline here. We have three items on the agenda today. Here are the key metrics from last week. I think we've reached a good decision here. T...,1070,25,0.458,0.237,1,1,0.748,18.0,0.881,1,2,2,4.1,0.694,75.1
MTG00445,Planning,2025-07-15,70,4,We're making great progress on this. I think we've reached a good decision here. I agree with this approach. It makes sense. Let me share my screen to show the data. I'll take the action item to follow up. I'll take the action item to follow up. This seems like a waste of time honestly. The project timeline is on track. The deadline for this is next Friday. This meeting could have been an email. I'll send out the meeting notes later. I'll take the action item to follow up. I don't think we have ...,1280,30,0.578,0.216,1,1,0.858,17.5,0.892,2,6,2,4.3,0.828,86.4
MTG00446,All-Hands,2025-07-21,93,24,I don't think we have enough information to decide. We have three items on the agenda today. This is exactly what we need. Well done. We're making great progress on this. I appreciate everyone's input today. Let's move to the next topic. The deadline for this is next Friday. That's a really innovative approach. I think we've reached a good decision here. This doesn't align with our objectives. The project timeline is on track. I'll send out the meeting notes later. I'll send out the meeting note...,1754,44,0.475,0.231,1,1,0.458,3.88,0.884,4,3,7,3.9,0.604,70.2
MTG00447,Decision-Making,2025-07-12,59,9,I'll send out the meeting notes later. Great idea! Let's explore that further. Let's move to the next topic. Excellent point. I hadn't considered that. That's a really innovative approach. I'm excited about this direction. Let's move forward. Can everyone see the presentation? I'm excited about this direction. Let's move forward. I'm excited about this direction. Let's move forward. I appreciate everyone's input today. Excellent point. I hadn't considered that. Let me share my screen to show the...,1254,30,0.603,0.195,1,1,0.784,6.56,0.902,4,2,1,4.3,0.675,79.2
MTG00448,Status Update,2025-10-25,5,6,I appreciate everyone's input today. The deadline for this is next Friday. I appreciate everyone's input today. This is exactly what we need. Well done. This seems like a waste of time honestly. Let's move to the next topic. The project timeline is on track. This doesn't align with our objectives. I appreciate everyone's input today. Excellent point. I hadn't considered that. I agree with this approach. It makes sense. The deadline for this is next Friday. That's a really innovative approach. I ...,582,15,0.546,0.206,1,1,0.832,0.83,0.897,1,0,3,3.9,,75.2
MTG00449,Status Update,2025-05-31,39,5,That's a really innovative approach. This is exactly what we need. Well done. Let's move to the next topic. I'll take the action item to follow up. We have three items on the agenda today. I agree with this approach. It makes sense. I'm not sure this is the right approach. I appreciate everyone's input today. I'm not sure this is the right approach. This meeting could have been an email. The deadline for this is next Friday. Let me share my screen to show the data. I think we've reached a good d...,865,22,0.521,0.2,0,1,0.709,7.8,0.9,2,1,2,2.8,0.483,53.6
MTG00450,Review,2025-05-24,30,6,Can everyone see the presentation? I'll take the action item to follow up. That's a really innovative approach. I'll take the action item to follow up. I'll send out the meeting notes later. Can everyone see the presentation? Let me share my screen to show the data. I'm excited about this direction. Let's move forward. I agree with this approach. It makes sense. This is exactly what we need. Well done. Great idea! Let's explore that further. Here are the key metrics from last week. I agree with ...,740,18,0.547,0.208,0,1,0.696,5.0,0.896,2,1,0,3.2,0.403,53.8
MTG00451,Standup,2025-08-27,16,5,This is exactly what we need. Well done. I agree with this approach. It makes sense. I agree with this approach. It makes sense. We should schedule a follow-up meeting. This solution addresses our concerns perfectly. Excellent point. I hadn't considered that. This seems like a waste of time honestly. I agree with this approach. It makes sense. We're making great progress on this. Let me share my screen to show the data. This seems like a waste of time honestly. We have three items on the agenda ...,587,14,0.623,0.153,1,1,0.738,3.2,0.924,0,1,2,3.9,0.64,76.8
MTG00452,Review,2025-05-16,34,4,I'll send out the meeting notes later. Let's move to the next topic. We should schedule a follow-up meeting. This doesn't align with our objectives. The deadline for this is next Friday. Can everyone see the presentation? I'm not sure this is the right approach. The deadline for this is next Friday. I think we've reached a good decision here. I think we've reached a good decision here. Let me share my screen to show the data. I agree with this approach. It makes sense. This solution addresses ou...,858,22,0.481,0.118,0,0,0.727,8.5,0.941,2,0,2,2.4,,41.9
MTG00453,Retrospective,2025-09-19,52,4,Great idea! Let's explore that further. That's a really innovative approach. Let me share my screen to show the data. The project timeline is on track. That's a really innovative approach. This is exactly what we need. Well done. I'll take the action item to follow up. Let's move to the next topic. We have three items on the agenda today. Excellent point. I hadn't considered that. Let me share my screen to show the data. This solution addresses our concerns perfectly. This is exactly what we nee...,1261,31,0.619,0.195,1,1,0.758,13.0,0.903,1,4,1,5.0,0.756,82.9
MTG00454,Standup,2025-09-18,4,3,Can everyone see the presentation? I'll send out the meeting notes later. We have three items on the agenda today. Here are the key metrics from last week. This meeting could have been an email. Can everyone see the presentation? The deadline for this is next Friday. I'm concerned about the timeline here. We're making great progress on this. I'll send out the meeting notes later. We should schedule a follow-up meeting. I'll send out the meeting notes later. This meeting could have been an email....,631,16,0.477,0.145,1,0,0.689,1.33,0.928,1,3,5,3.3,0.528,66.7
MTG00455,Retrospective,2025-06-05,31,6,This seems like a waste of time honestly. I'm concerned about the timeline here. Here are the key metrics from last week. I don't think we have enough information to decide. I don't think we have enough information to decide. We have three items on the agenda today. We should have resolved this weeks ago. This is exactly what we need. Well done. Let me share my screen to show the data. I disagree with this direction completely. Can everyone see the presentation? I think we've reached a good deci...,880,21,0.472,0.2,1,0,0.417,5.17,0.9,1,5,1,4.0,0.608,63.4
MTG00456,Decision-Making,2025-07-21,61,8,Let's move to the next topic. Excellent point. I hadn't considered that. I agree with this approach. It makes sense. I'll take the action item to follow up. This solution addresses our concerns perfectly. Let's move to the next topic. This is exactly what we need. Well done. Let's move to the next topic. I agree with this approach. It makes sense. Let me share my screen to show the data. Let's move to the next topic. Let me share my screen to show the data. This solution addresses our concerns p...,1058,27,0.547,0.186,0,0,0.856,7.62,0.907,3,2,0,3.0,0.409,49.9
MTG00457,All-Hands,2025-08-28,83,20,We have three items on the agenda today. I think we've reached a good decision here. I appreciate everyone's input today. I'll send out the meeting notes later. Let's move to the next topic. Let's move to the next topic. I'll take the action item to follow up. I'm concerned about the timeline here. Let me share my screen to show the data. We should have resolved this weeks ago. We should have resolved this weeks ago. Let me share my screen to show the data. Can everyone see the presentation? I'l...,1636,41,0.511,0.192,1,1,0.574,4.15,0.904,1,4,0,4.1,0.59,76.1
MTG00458,Retrospective,2025-07-24,32,4,Can everyone see the presentation? Let's move to the next topic. This solution addresses our concerns perfectly. This seems like a waste of time honestly. We have three items on the agenda today. The project timeline is on track. Let's move to the next topic. We're making great progress on this. Here are the key metrics from last week. Let me share my screen to show the data. I'll send out the meeting notes later. I'm excited about this direction. Let's move forward. We should schedule a follow-...,742,19,0.588,0.151,1,1,0.594,8.0,0.925,2,5,3,3.5,0.766,80.5
MTG00459,Review,2025-10-26,23,5,This doesn't align with our objectives. I agree with this approach. It makes sense. This solution addresses our concerns perfectly. This seems like a waste of time honestly. I'm concerned about the timeline here. This doesn't align with our objectives. We've discussed this several times already. Excellent point. I hadn't considered that. Let's move to the next topic. The project timeline is on track. Great idea! Let's explore that further. Let me share my screen to show the data....,484,12,0.42,0.298,1,1,0.498,4.6,0.851,2,3,1,4.0,0.576,69.6
MTG00460,Brainstorming,2025-10-27,20,5,Let me share my screen to show the data. Can everyone see the presentation? I agree with this approach. It makes sense. We're going in circles on this topic. Let's move to the next topic. I think we've reached a good decision here. This seems like a waste of time honestly. Can everyone see the presentation? This doesn't align with our objectives. This is exactly what we need. Well done. This meeting could have been an email. We should schedule a follow-up meeting....,468,12,0.487,0.158,1,1,0.674,4.0,0.921,3,4,3,4.4,0.664,78.4
MTG00461,Retrospective,2025-10-06,13,4,The deadline for this is next Friday. This meeting could have been an email. I'll send out the meeting notes later. We should schedule a follow-up meeting. I agree with this approach. It makes sense. The project timeline is on track. I disagree with this direction completely. Excellent point. I hadn't considered that. Here are the key metrics from last week. We should schedule a follow-up meeting. We're making great progress on this. We're going in circles on this topic. I don't think we have en...,567,14,0.429,0.148,0,1,0.644,3.25,0.926,1,2,1,3.6,0.473,52.6
MTG00462,Review,2025-10-15,28,5,Can everyone see the presentation? I agree with this approach. It makes sense. Let's move to the next topic. That's a really innovative approach. Excellent point. I hadn't considered that. I'll take the action item to follow up. We have three items on the agenda today. I agree with this approach. It makes sense. We're making great progress on this. I'm not sure this is the right approach. I'll take the action item to follow up. Great idea! Let's explore that further. I'll take the action item to...,710,18,0.533,0.214,1,1,0.536,5.6,0.893,3,3,2,4.2,0.549,73.5
MTG00463,Decision-Making,2025-09-15,72,4,That's a really innovative approach. The project timeline is on track. Let's move to the next topic. I'm excited about this direction. Let's move forward. We should have resolved this weeks ago. The deadline for this is next Friday. I disagree with this direction completely. I agree with this approach. It makes sense. The deadline for this is next Friday. I'm concerned about the timeline here. This solution addresses our concerns perfectly. I'll send out the meeting notes later. We should schedu...,1553,38,0.557,0.196,1,1,0.755,18.0,0.902,3,4,1,4.0,0.659,81.5
MTG00464,Decision-Making,2025-09-01,37,4,The project timeline is on track. We've discussed this several times already. Let's move to the next topic. This seems like a waste of time honestly. I'll take the action item to follow up. This is exactly what we need. Well done. I'll send out the meeting notes later. The project timeline is on track. I'll send out the meeting notes later. I disagree with this direction completely. This solution addresses our concerns perfectly. Great idea! Let's explore that further. We should schedule a follo...,730,18,0.508,0.197,0,1,0.533,9.25,0.902,2,5,1,3.1,0.483,57.0
MTG00465,Status Update,2025-09-19,25,5,I'm concerned about the timeline here. I'll send out the meeting notes later. This doesn't align with our objectives. This meeting could have been an email. Can everyone see the presentation? The project timeline is on track. Here are the key metrics from last week. We're making great progress on this. I disagree with this direction completely. This seems like a waste of time honestly. We have three items on the agenda today. Let me share my screen to show the data. I'm concerned about the timel...,672,17,0.439,0.16,0,1,0.651,5.0,0.92,1,3,4,3.2,0.425,54.9
MTG00466,Planning,2025-06-13,55,5,I'm concerned about the timeline here. We've discussed this several times already. That's a really innovative approach. I agree with this approach. It makes sense. Can everyone see the presentation? Excellent point. I hadn't considered that. I think we've reached a good decision here. I appreciate everyone's input today. This seems like a waste of time honestly. I'll send out the meeting notes later. We have three items on the agenda today. I'm concerned about the timeline here. Can everyone see...,1082,27,0.512,0.22,1,1,0.444,11.0,0.89,1,5,2,3.8,0.716,74.7
MTG00467,Brainstorming,2025-05-15,47,7,The deadline for this is next Friday. This solution addresses our concerns perfectly. We have three items on the agenda today. This doesn't align with our objectives. This is exactly what we need. Well done. I don't think we have enough information to decide. We should schedule a follow-up meeting. This doesn't align with our objectives. Let me share my screen to show the data. We should schedule a follow-up meeting. I'll send out the meeting notes later. Let's move to the next topic. Great idea...,935,23,0.577,0.168,1,1,0.418,6.71,0.916,1,1,3,3.3,0.482,67.7
MTG00468,One-on-One,2025-09-05,21,2,We've discussed this several times already. I'm not sure this is the right approach. Let me share my screen to show the data. Here are the key metrics from last week. Can everyone see the presentation? I'm concerned about the timeline here. That's a really innovative approach. The project timeline is on track. This is exactly what we need. Well done. The deadline for this is next Friday. We have three items on the agenda today. We've discussed this several times already. I'm excited about this d...,738,19,0.535,0.19,1,1,0.609,10.5,0.905,1,2,4,4.2,0.59,73.5
MTG00469,One-on-One,2025-09-04,31,2,We should have resolved this weeks ago. I'm not sure this is the right approach. Let's move to the next topic. Can everyone see the presentation? Let's move to the next topic. I disagree with this direction completely. This meeting could have been an email. We're making great progress on this. We have three items on the agenda today. Can everyone see the presentation? The project timeline is on track. Let me share my screen to show the data. The deadline for this is next Friday. I'll send out th...,747,20,0.48,0.171,0,1,0.741,15.5,0.915,1,6,2,3.1,0.522,61.8
MTG00470,Status Update,2025-08-07,6,5,We've discussed this several times already. Excellent point. I hadn't considered that. I'll send out the meeting notes later. We've discussed this several times already. We're going in circles on this topic. I disagree with this direction completely. We should schedule a follow-up meeting. The project timeline is on track. The deadline for this is next Friday. I'm excited about this direction. Let's move forward....,416,10,0.471,0.195,1,1,0.437,1.2,0.903,1,2,1,3.7,0.586,67.9
MTG00471,Decision-Making,2025-08-15,59,10,I think we've reached a good decision here. I'll send out the meeting notes later. We're going in circles on this topic. I'm excited about this direction. Let's move forward. I'll take the action item to follow up. Great idea! Let's explore that further. Here are the key metrics from last week. That's a really innovative approach. Let's move to the next topic. I think we've reached a good decision here. We've discussed this several times already. I'll send out the meeting notes later. We're maki...,1238,30,0.584,0.207,1,1,0.928,5.9,0.896,4,4,3,4.5,0.751,86.3
MTG00472,Retrospective,2025-08-24,51,3,We should have resolved this weeks ago. Let me share my screen to show the data. I'll take the action item to follow up. We're going in circles on this topic. Here are the key metrics from last week. I agree with this approach. It makes sense. Great idea! Let's explore that further. We should have resolved this weeks ago. Can everyone see the presentation? Great idea! Let's explore that further. This seems like a waste of time honestly. I don't think we have enough information to decide. Great i...,880,22,0.49,0.227,1,0,0.534,17.0,0.887,1,1,3,3.3,0.423,58.4
MTG00473,Brainstorming,2025-10-02,22,6,I'll send out the meeting notes later. Here are the key metrics from last week. We've discussed this several times already. We're going in circles on this topic. I'll take the action item to follow up. Great idea! Let's explore that further. We should schedule a follow-up meeting. Let's move to the next topic. Excellent point. I hadn't considered that. I'll send out the meeting notes later. I'll send out the meeting notes later. I appreciate everyone's input today. We have three items on the age...,602,15,0.496,0.203,1,1,0.629,3.67,0.899,1,4,3,4.1,0.739,77.1
MTG00474,Brainstorming,2025-09-24,41,5,This seems like a waste of time honestly. Let's move to the next topic. Here are the key metrics from last week. The deadline for this is next Friday. Excellent point. I hadn't considered that. Can everyone see the presentation? This doesn't align with our objectives. I appreciate everyone's input today. The project timeline is on track. I'll take the action item to follow up. Can everyone see the presentation? I'm excited about this direction. Let's move forward. We have three items on the agen...,1054,27,0.542,0.212,1,1,0.525,8.2,0.894,4,2,2,4.3,0.557,71.4
MTG00475,One-on-One,2025-08-09,17,2,We're making great progress on this. I'll send out the meeting notes later. I'll send out the meeting notes later. We should schedule a follow-up meeting. Let me share my screen to show the data. The project timeline is on track. I'm not sure this is the right approach. This seems like a waste of time honestly. We've discussed this several times already. This doesn't align with our objectives. Here are the key metrics from last week. I'm excited about this direction. Let's move forward. I'm conc...,635,16,0.438,0.158,0,0,0.314,8.5,0.921,0,2,0,2.9,0.251,34.4
MTG00476,Standup,2025-06-02,28,3,I think we've reached a good decision here. I'm excited about this direction. Let's move forward. Let me share my screen to show the data. I appreciate everyone's input today. The deadline for this is next Friday. I'll send out the meeting notes later. Let me share my screen to show the data. We should have resolved this weeks ago. The project timeline is on track. We should have resolved this weeks ago. Let me share my screen to show the data. We've discussed this several times already. Let me ...,898,22,0.572,0.213,1,0,0.7,9.33,0.893,0,1,4,3.3,0.616,64.3
MTG00477,Planning,2025-10-07,54,4,That's a really innovative approach. I'm not sure this is the right approach. I'm concerned about the timeline here. I disagree with this direction completely. This is exactly what we need. Well done. That's a really innovative approach. We should schedule a follow-up meeting. This is exactly what we need. Well done. I'll take the action item to follow up. The deadline for this is next Friday. I'm excited about this direction. Let's move forward. I'm excited about this direction. Let's move forw...,1323,32,0.56,0.205,1,1,0.933,13.5,0.898,4,0,4,3.8,,78.0
MTG00478,Planning,2025-10-07,52,6,I'll send out the meeting notes later. We should schedule a follow-up meeting. The deadline for this is next Friday. Excellent point. I hadn't considered that. The project timeline is on track. We're going in circles on this topic. Here are the key metrics from last week. We should have resolved this weeks ago. I think we've reached a good decision here. We have three items on the agenda today. I'll send out the meeting notes later. This doesn't align with our objectives. Let me share my screen ...,1046,26,0.497,0.212,1,1,0.626,8.67,0.894,2,3,2,4.2,0.701,75.0
MTG00479,One-on-One,2025-08-05,41,2,We're going in circles on this topic. I appreciate everyone's input today. I appreciate everyone's input today. I agree with this approach. It makes sense. We should have resolved this weeks ago. I appreciate everyone's input today. I appreciate everyone's input today. The deadline for this is next Friday. Great idea! Let's explore that further. I'm excited about this direction. Let's move forward. We should have resolved this weeks ago. I agree with this approach. It makes sense. Here are the k...,1111,28,0.594,0.195,1,1,0.824,20.5,0.903,1,2,3,4.5,0.609,80.0
MTG00480,Decision-Making,2025-07-02,49,4,I'll take the action item to follow up. Let's move to the next topic. The project timeline is on track. I'll send out the meeting notes later. The project timeline is on track. I agree with this approach. It makes sense. This doesn't align with our objectives. The deadline for this is next Friday. This solution addresses our concerns perfectly. I think we've reached a good decision here. Let's move to the next topic. We should have resolved this weeks ago. This doesn't align with our objectives....,1109,29,0.494,0.201,1,1,0.633,12.25,0.899,0,2,5,3.7,0.705,73.2
MTG00481,Decision-Making,2025-06-11,36,4,I'll send out the meeting notes later. We've discussed this several times already. Let me share my screen to show the data. I'm not sure this is the right approach. This is exactly what we need. Well done. Excellent point. I hadn't considered that. I agree with this approach. It makes sense. We have three items on the agenda today. We should schedule a follow-up meeting. We should schedule a follow-up meeting. I don't think we have enough information to decide. I'm concerned about the timeline h...,1077,26,0.47,0.179,1,1,0.451,9.0,0.91,0,5,4,3.8,0.651,74.3
MTG00482,Planning,2025-09-24,56,4,We've discussed this several times already. We should schedule a follow-up meeting. I appreciate everyone's input today. The deadline for this is next Friday. This meeting could have been an email. That's a really innovative approach. I'll take the action item to follow up. I'll take the action item to follow up. I'm excited about this direction. Let's move forward. We should schedule a follow-up meeting. We're making great progress on this. We're going in circles on this topic. I'll take the ac...,1112,28,0.461,0.196,0,1,0.771,14.0,0.902,1,4,1,3.7,0.591,60.0
MTG00483,All-Hands,2025-10-20,16,36,This doesn't align with our objectives. The project timeline is on track. We're making great progress on this. I'll take the action item to follow up. Excellent point. I hadn't considered that. Here are the key metrics from last week. We're making great progress on this. The project timeline is on track. Let's move to the next topic. Let's move to the next topic. I think we've reached a good decision here. I disagree with this direction completely. The deadline for this is next Friday. I agree w...,574,15,0.604,0.179,1,1,0.53,0.44,0.91,11,4,2,3.6,0.724,77.0
MTG00484,Status Update,2025-05-31,16,7,We have three items on the agenda today. This meeting could have been an email. We have three items on the agenda today. This doesn't align with our objectives. The project timeline is on track. Can everyone see the presentation? We have three items on the agenda today. I agree with this approach. It makes sense. We're making great progress on this. I'll take the action item to follow up. Let me share my screen to show the data. This meeting could have been an email. I disagree with this directi...,647,16,0.524,0.237,0,1,0.747,2.29,0.882,1,2,0,3.4,0.474,56.4
MTG00485,Brainstorming,2025-09-04,38,5,Let's move to the next topic. We have three items on the agenda today. The deadline for this is next Friday. I'm excited about this direction. Let's move forward. We have three items on the agenda today. I disagree with this direction completely. Here are the key metrics from last week. I'll take the action item to follow up. The project timeline is on track. Here are the key metrics from last week. The project timeline is on track. Can everyone see the presentation? I'll send out the meeting no...,933,23,0.499,0.182,0,1,0.648,7.6,0.909,0,2,1,3.0,0.396,53.8
MTG00486,Status Update,2025-09-02,40,10,I don't think we have enough information to decide. I'm not sure this is the right approach. The deadline for this is next Friday. I'll take the action item to follow up. The project timeline is on track. I don't think we have enough information to decide. I'm not sure this is the right approach. I'll take the action item to follow up. We should have resolved this weeks ago. We have three items on the agenda today. This meeting could have been an email. Here are the key metrics from last week. L...,846,21,0.454,0.177,0,1,0.548,4.0,0.911,4,4,1,3.1,0.39,54.5
MTG00487,Standup,2025-08-30,10,3,We've discussed this several times already. Let me share my screen to show the data. We're making great progress on this. I disagree with this direction completely. I'm concerned about the timeline here. Let's move to the next topic. I appreciate everyone's input today. We should have resolved this weeks ago....,310,8,0.41,0.19,0,1,0.702,3.33,0.905,1,3,5,2.9,0.422,55.3
MTG00488,Brainstorming,2025-09-10,24,5,I'm not sure this is the right approach. Great idea! Let's explore that further. I'll take the action item to follow up. The project timeline is on track. Here are the key metrics from last week. I appreciate everyone's input today. Great idea! Let's explore that further. That's a really innovative approach. We're making great progress on this. I'm not sure this is the right approach. This seems like a waste of time honestly. I appreciate everyone's input today. This is exactly what we need. Wel...,507,13,0.545,0.236,1,1,0.877,4.8,0.882,0,4,1,4.1,0.827,84.1
MTG00489,Status Update,2025-05-12,15,5,That's a really innovative approach. This doesn't align with our objectives. We've discussed this several times already. We should have resolved this weeks ago. We have three items on the agenda today. Here are the key metrics from last week. Let's move to the next topic. This solution addresses our concerns perfectly. Excellent point. I hadn't considered that. Let's move to the next topic. I appreciate everyone's input today. I'm not sure this is the right approach. Excellent point. I hadn't co...,636,16,0.542,0.23,0,1,0.805,3.0,0.885,1,2,0,3.6,0.49,58.2
MTG00490,Planning,2025-09-10,84,6,The project timeline is on track. Here are the key metrics from last week. Let me share my screen to show the data. Let me share my screen to show the data. I'll take the action item to follow up. I'm not sure this is the right approach. We have three items on the agenda today. Let me share my screen to show the data. The deadline for this is next Friday. We should have resolved this weeks ago. The deadline for this is next Friday. I'm excited about this direction. Let's move forward. Let me sha...,1611,39,0.48,0.189,0,1,0.64,14.0,0.905,3,1,1,3.2,0.381,51.2
MTG00491,Decision-Making,2025-05-13,41,7,The project timeline is on track. We have three items on the agenda today. Let me share my screen to show the data. This solution addresses our concerns perfectly. I'll send out the meeting notes later. Here are the key metrics from last week. We should schedule a follow-up meeting. We're going in circles on this topic. We have three items on the agenda today. I'm concerned about the timeline here. The deadline for this is next Friday. The project timeline is on track. I'll take the action item ...,1031,26,0.484,0.216,1,1,0.453,5.86,0.892,5,5,4,4.6,0.529,74.4
MTG00492,Planning,2025-08-30,41,8,Here are the key metrics from last week. I'll send out the meeting notes later. Can everyone see the presentation? We have three items on the agenda today. Let me share my screen to show the data. We're going in circles on this topic. I think we've reached a good decision here. I appreciate everyone's input today. We should schedule a follow-up meeting. Great idea! Let's explore that further. I appreciate everyone's input today. I'll send out the meeting notes later. We should schedule a follow-...,869,22,0.527,0.197,1,0,0.566,5.12,0.901,1,2,3,3.8,0.455,62.2
MTG00493,Planning,2025-06-22,107,4,Let me share my screen to show the data. Here are the key metrics from last week. Let's move to the next topic. Can everyone see the presentation? This meeting could have been an email. Excellent point. I hadn't considered that. I'm not sure this is the right approach. This solution addresses our concerns perfectly. Here are the key metrics from last week. I'll send out the meeting notes later. I'll send out the meeting notes later. Great idea! Let's explore that further. I agree with this appro...,1838,45,0.489,0.203,0,1,0.46,26.75,0.899,0,2,1,3.0,0.399,48.7
MTG00494,Planning,2025-10-07,42,6,This meeting could have been an email. This solution addresses our concerns perfectly. Can everyone see the presentation? This doesn't align with our objectives. We should schedule a follow-up meeting. We're making great progress on this. Let me share my screen to show the data. We should have resolved this weeks ago. Let me share my screen to show the data. We should schedule a follow-up meeting. I'm not sure this is the right approach. Let's move to the next topic. We should have resolved this...,911,23,0.495,0.228,0,1,0.64,7.0,0.886,2,3,3,2.9,0.407,55.2
MTG00495,Retrospective,2025-07-18,32,5,We're going in circles on this topic. I'm excited about this direction. Let's move forward. We're going in circles on this topic. We should schedule a follow-up meeting. The deadline for this is next Friday. I'll take the action item to follow up. The deadline for this is next Friday. This doesn't align with our objectives. I think we've reached a good decision here. Let me share my screen to show the data. I'm concerned about the timeline here. We've discussed this several times already. Great ...,689,17,0.515,0.201,0,1,0.746,6.4,0.899,2,4,0,3.0,0.544,60.4
MTG00496,Decision-Making,2025-10-28,55,4,I'll take the action item to follow up. I'm not sure this is the right approach. I'm excited about this direction. Let's move forward. Can everyone see the presentation? Great idea! Let's explore that further. This solution addresses our concerns perfectly. That's a really innovative approach. Great idea! Let's explore that further. I think we've reached a good decision here. I'm concerned about the timeline here. I don't think we have enough information to decide. I agree with this approach. It...,1313,31,0.59,0.19,1,1,0.933,13.75,0.905,0,6,5,4.2,0.803,88.7
MTG00497,Decision-Making,2025-08-14,75,9,I don't think we have enough information to decide. We should have resolved this weeks ago. We're going in circles on this topic. I think we've reached a good decision here. I'm not sure this is the right approach. The deadline for this is next Friday. Let's move to the next topic. Great idea! Let's explore that further. I'm excited about this direction. Let's move forward. The deadline for this is next Friday. Here are the key metrics from last week. Let me share my screen to show the data. We'...,1493,36,0.461,0.198,0,1,0.367,8.33,0.901,0,3,0,2.6,0.375,47.9
MTG00498,All-Hands,2025-10-25,59,91,We should schedule a follow-up meeting. The project timeline is on track. The project timeline is on track. We should have resolved this weeks ago. Let's move to the next topic. We're going in circles on this topic. I'll take the action item to follow up. Here are the key metrics from last week. Can everyone see the presentation? I'll take the action item to follow up. This solution addresses our concerns perfectly. I'm concerned about the timeline here. Let's move to the next topic. I'm concern...,1283,33,0.48,0.194,0,1,0.397,0.65,0.903,25,3,1,2.7,0.355,49.1
MTG00499,Standup,2025-06-23,4,3,I'll send out the meeting notes later. I think we've reached a good decision here. This is exactly what we need. Well done. I think we've reached a good decision here. Can everyone see the presentation? Can everyone see the presentation? This solution addresses our concerns perfectly. This solution addresses our concerns perfectly. I agree with this approach. It makes sense....,377,9,0.659,0.174,1,1,0.921,1.33,0.913,1,4,3,4.0,0.747,87.9
MTG00500,Retrospective,2025-07-26,79,3,The project timeline is on track. The deadline for this is next Friday. Here are the key metrics from last week. We're making great progress on this. I'll take the action item to follow up. This doesn't align with our objectives. We should schedule a follow-up meeting. Great idea! Let's explore that further. This doesn't align with our objectives. We have three items on the agenda today. I appreciate everyone's input today. Can everyone see the presentation? The project timeline is on track. We ...,1453,37,0.504,0.204,1,1,0.472,26.33,0.898,2,2,2,3.9,0.616,69.4
MTG00501,Retrospective,2025-10-27,28,4,Let's move to the next topic. We're making great progress on this. I'll send out the meeting notes later. We should schedule a follow-up meeting. I appreciate everyone's input today. I'm excited about this direction. Let's move forward. We're making great progress on this. This is exactly what we need. Well done. This doesn't align with our objectives. I think we've reached a good decision here. The project timeline is on track. We've discussed this several times already. The deadline for this i...,598,15,0.536,0.213,0,1,0.551,7.0,0.893,0,3,3,3.4,0.414,53.9
MTG00502,Decision-Making,2025-05-19,26,10,We should have resolved this weeks ago. I'll send out the meeting notes later. This solution addresses our concerns perfectly. We're making great progress on this. This is exactly what we need. Well done. The project timeline is on track. Here are the key metrics from last week. We're going in circles on this topic. We have three items on the agenda today. I'll take the action item to follow up. Can everyone see the presentation? We should schedule a follow-up meeting. I don't think we have enou...,933,23,0.536,0.208,1,0,0.898,2.6,0.896,5,3,1,4.4,0.619,72.6
MTG00503,Decision-Making,2025-09-23,116,4,Great idea! Let's explore that further. I'll take the action item to follow up. I'll send out the meeting notes later. That's a really innovative approach. Can everyone see the presentation? This meeting could have been an email. Here are the key metrics from last week. This solution addresses our concerns perfectly. I agree with this approach. It makes sense. Let's move to the next topic. I'm excited about this direction. Let's move forward. This is exactly what we need. Well done. I agree with...,1888,45,0.623,0.16,1,1,0.854,29.0,0.92,0,4,1,4.5,0.753,85.6
MTG00504,One-on-One,2025-06-27,16,2,We should schedule a follow-up meeting. I'm excited about this direction. Let's move forward. We have three items on the agenda today. I agree with this approach. It makes sense. We should schedule a follow-up meeting. I'll send out the meeting notes later. We should schedule a follow-up meeting. We're going in circles on this topic. We have three items on the agenda today. This is exactly what we need. Well done. Can everyone see the presentation? I agree with this approach. It makes sense....,496,12,0.509,0.158,1,1,0.611,8.0,0.921,0,1,0,3.8,0.503,71.3
MTG00505,Decision-Making,2025-10-18,10,7,I agree with this approach. It makes sense. This solution addresses our concerns perfectly. This doesn't align with our objectives. I disagree with this direction completely. Let's move to the next topic. Can everyone see the presentation? We're making great progress on this. The project timeline is on track. We have three items on the agenda today. I don't think we have enough information to decide. I'm not sure this is the right approach....,444,11,0.504,0.179,1,1,0.822,1.43,0.91,4,1,1,4.0,0.643,76.3
MTG00506,Status Update,2025-10-13,21,5,I don't think we have enough information to decide. I'll take the action item to follow up. That's a really innovative approach. I'm not sure this is the right approach. Let me share my screen to show the data. Excellent point. I hadn't considered that. This doesn't align with our objectives. Here are the key metrics from last week. This seems like a waste of time honestly. Excellent point. I hadn't considered that. I'll take the action item to follow up. Can everyone see the presentation? We're...,802,20,0.521,0.203,1,1,0.576,4.2,0.898,1,3,0,3.6,0.701,74.3
MTG00507,Retrospective,2025-06-28,41,3,Great idea! Let's explore that further. I appreciate everyone's input today. We have three items on the agenda today. We should schedule a follow-up meeting. The project timeline is on track. Here are the key metrics from last week. Excellent point. I hadn't considered that. The deadline for this is next Friday. Great idea! Let's explore that further. I'll send out the meeting notes later. Can everyone see the presentation? I think we've reached a good decision here. This seems like a waste of t...,825,21,0.531,0.194,1,1,0.894,13.67,0.903,2,6,3,3.9,0.773,86.5
MTG00508,Brainstorming,2025-05-20,57,5,We should schedule a follow-up meeting. I appreciate everyone's input today. I think we've reached a good decision here. Let's move to the next topic. That's a really innovative approach. We should schedule a follow-up meeting. I'm excited about this direction. Let's move forward. I agree with this approach. It makes sense. I'll take the action item to follow up. We have three items on the agenda today. I'm excited about this direction. Let's move forward. I appreciate everyone's input today. We...,1278,31,0.578,0.182,1,0,0.762,11.4,0.909,2,3,2,3.7,0.633,70.2
MTG00509,Brainstorming,2025-07-01,29,5,I'll send out the meeting notes later. Great idea! Let's explore that further. That's a really innovative approach. Let's move to the next topic. We're going in circles on this topic. Let's move to the next topic. I'll send out the meeting notes later. I'll send out the meeting notes later. We're making great progress on this. I'll send out the meeting notes later. This seems like a waste of time honestly. Can everyone see the presentation? Let me share my screen to show the data. Can everyone s...,648,17,0.515,0.154,1,0,0.524,5.8,0.923,1,5,0,4.1,0.493,67.2
MTG00510,Planning,2025-08-21,93,6,This seems like a waste of time honestly. I'll take the action item to follow up. I think we've reached a good decision here. This is exactly what we need. Well done. That's a really innovative approach. I'll take the action item to follow up. We have three items on the agenda today. Here are the key metrics from last week. I think we've reached a good decision here. I don't think we have enough information to decide. The deadline for this is next Friday. This meeting could have been an email. I...,1804,43,0.497,0.228,0,1,0.561,15.5,0.886,0,1,1,3.0,0.461,49.2
MTG00511,Retrospective,2025-07-02,28,4,We should schedule a follow-up meeting. I'm not sure this is the right approach. This doesn't align with our objectives. Can everyone see the presentation? I'm excited about this direction. Let's move forward. I'm not sure this is the right approach. I'll take the action item to follow up. I'll take the action item to follow up. I'm not sure this is the right approach. Can everyone see the presentation? We have three items on the agenda today. This seems like a waste of time honestly. I'll send ...,809,20,0.427,0.2,0,1,0.425,7.0,0.9,2,1,1,3.4,0.326,44.7
MTG00512,Planning,2025-11-04,81,7,Here are the key metrics from last week. This is exactly what we need. Well done. I agree with this approach. It makes sense. I think we've reached a good decision here. This seems like a waste of time honestly. Excellent point. I hadn't considered that. I think we've reached a good decision here. Can everyone see the presentation? This solution addresses our concerns perfectly. I appreciate everyone's input today. I disagree with this direction completely. Great idea! Let's explore that further...,1665,40,0.577,0.224,1,0,0.806,11.57,0.888,3,3,1,4.3,0.598,71.0
MTG00513,One-on-One,2025-09-11,48,2,Great idea! Let's explore that further. I'll send out the meeting notes later. I'll take the action item to follow up. We're making great progress on this. This solution addresses our concerns perfectly. We're making great progress on this. Here are the key metrics from last week. We've discussed this several times already. I'm excited about this direction. Let's move forward. I don't think we have enough information to decide. The deadline for this is next Friday. We've discussed this several t...,1235,30,0.527,0.224,1,1,0.746,24.0,0.888,1,3,3,4.6,0.737,78.5
MTG00514,Status Update,2025-08-20,64,5,The deadline for this is next Friday. Let me share my screen to show the data. I don't think we have enough information to decide. This meeting could have been an email. I think we've reached a good decision here. I'll send out the meeting notes later. Let me share my screen to show the data. We're going in circles on this topic. I'm concerned about the timeline here. The project timeline is on track. We're making great progress on this. That's a really innovative approach. We should have resolv...,1236,31,0.495,0.198,1,1,0.585,12.8,0.901,2,1,3,3.8,0.528,70.1
MTG00515,Review,2025-07-18,28,6,Great idea! Let's explore that further. I appreciate everyone's input today. We're making great progress on this. The deadline for this is next Friday. The project timeline is on track. We're making great progress on this. The deadline for this is next Friday. I disagree with this direction completely. I appreciate everyone's input today. I'll send out the meeting notes later. Let me share my screen to show the data. I'm excited about this direction. Let's move forward. I agree with this approac...,593,15,0.554,0.201,1,0,0.865,4.67,0.899,2,2,2,3.6,0.567,70.2
MTG00516,Brainstorming,2025-06-27,47,5,This meeting could have been an email. Let's move to the next topic. I think we've reached a good decision here. This doesn't align with our objectives. The deadline for this is next Friday. I'm excited about this direction. Let's move forward. I disagree with this direction completely. Excellent point. I hadn't considered that. This meeting could have been an email. This solution addresses our concerns perfectly. The project timeline is on track. I think we've reached a good decision here. I'm ...,1025,25,0.534,0.191,0,1,0.682,9.4,0.905,2,6,0,3.7,0.573,61.3
MTG00517,Standup,2025-07-10,14,3,Let me share my screen to show the data. We're going in circles on this topic. I'll take the action item to follow up. I'll take the action item to follow up. We've discussed this several times already. The project timeline is on track. We're making great progress on this. Let's move to the next topic. I agree with this approach. It makes sense. Let me share my screen to show the data....,388,10,0.413,0.188,1,0,0.622,4.67,0.906,1,3,0,3.5,0.455,63.4
MTG00518,One-on-One,2025-06-08,19,2,We've discussed this several times already. Let's move to the next topic. That's a really innovative approach. I'm concerned about the timeline here. I don't think we have enough information to decide. Let me share my screen to show the data. Excellent point. I hadn't considered that. We're going in circles on this topic. Can everyone see the presentation? I'll send out the meeting notes later. Here are the key metrics from last week. Can everyone see the presentation? Let's move to the next top...,503,13,0.429,0.21,0,1,0.603,9.5,0.895,2,1,4,2.9,0.391,49.1
MTG00519,Status Update,2025-09-03,60,13,That's a really innovative approach. Excellent point. I hadn't considered that. I agree with this approach. It makes sense. I think we've reached a good decision here. This is exactly what we need. Well done. I agree with this approach. It makes sense. Excellent point. I hadn't considered that. I'm excited about this direction. Let's move forward. This is exactly what we need. Well done. We're going in circles on this topic. Here are the key metrics from last week. We have three items on the age...,1381,33,0.655,0.177,1,0,0.787,4.62,0.912,2,2,2,3.8,0.599,70.4
MTG00520,One-on-One,2025-11-07,25,2,We've discussed this several times already. I'm not sure this is the right approach. This is exactly what we need. Well done. I disagree with this direction completely. We should schedule a follow-up meeting. I'll send out the meeting notes later. We should schedule a follow-up meeting. Let's move to the next topic. I'm excited about this direction. Let's move forward. That's a really innovative approach. We have three items on the agenda today. Excellent point. I hadn't considered that. That's ...,742,18,0.489,0.219,0,0,0.938,12.5,0.89,0,2,1,3.1,0.391,50.6
MTG00521,Brainstorming,2025-06-27,26,9,The project timeline is on track. I agree with this approach. It makes sense. Here are the key metrics from last week. Excellent point. I hadn't considered that. This doesn't align with our objectives. Can everyone see the presentation? The deadline for this is next Friday. I appreciate everyone's input today. The project timeline is on track. We should schedule a follow-up meeting. We should schedule a follow-up meeting. Can everyone see the presentation? We have three items on the agenda today...,695,18,0.573,0.219,1,1,0.595,2.89,0.891,4,6,1,4.4,0.788,79.7
MTG00522,Decision-Making,2025-07-11,35,4,I don't think we have enough information to decide. I'll send out the meeting notes later. Excellent point. I hadn't considered that. Here are the key metrics from last week. The project timeline is on track. I'll take the action item to follow up. I'll send out the meeting notes later. I don't think we have enough information to decide. The deadline for this is next Friday. Let me share my screen to show the data. I'll take the action item to follow up. We should schedule a follow-up meeting. I...,1038,26,0.515,0.162,0,1,0.741,8.75,0.919,1,0,2,3.1,,52.6
MTG00523,Planning,2025-05-26,50,4,We should schedule a follow-up meeting. I'll send out the meeting notes later. Let me share my screen to show the data. We're going in circles on this topic. We're going in circles on this topic. Let me share my screen to show the data. Here are the key metrics from last week. Let me share my screen to show the data. We should schedule a follow-up meeting. Here are the key metrics from last week. We should have resolved this weeks ago. We should schedule a follow-up meeting. This is exactly what...,979,25,0.436,0.195,1,0,0.597,12.5,0.902,1,4,1,3.4,0.519,65.2
MTG00524,Retrospective,2025-10-24,58,6,Great idea! Let's explore that further. I don't think we have enough information to decide. I agree with this approach. It makes sense. That's a really innovative approach. We're going in circles on this topic. I'll take the action item to follow up. Here are the key metrics from last week. Great idea! Let's explore that further. This solution addresses our concerns perfectly. Let's move to the next topic. This is exactly what we need. Well done. This meeting could have been an email. Let's move...,1256,31,0.565,0.212,1,0,0.59,9.67,0.894,2,6,1,3.8,0.687,69.5
MTG00525,Status Update,2025-09-24,17,7,Let me share my screen to show the data. I'm excited about this direction. Let's move forward. Can everyone see the presentation? That's a really innovative approach. I don't think we have enough information to decide. We've discussed this several times already. Let's move to the next topic. We should schedule a follow-up meeting. This meeting could have been an email. I agree with this approach. It makes sense. I think we've reached a good decision here. We should schedule a follow-up meeting. ...,825,20,0.655,0.177,1,1,0.702,2.43,0.911,1,2,1,4.7,0.77,78.3
MTG00526,Planning,2025-09-25,46,5,I'll take the action item to follow up. This solution addresses our concerns perfectly. We should have resolved this weeks ago. I agree with this approach. It makes sense. I'll take the action item to follow up. Can everyone see the presentation? I'll take the action item to follow up. The deadline for this is next Friday. I'm excited about this direction. Let's move forward. Great idea! Let's explore that further. I'll send out the meeting notes later. I'm excited about this direction. Let's mo...,843,20,0.591,0.156,1,0,0.723,9.2,0.922,0,1,1,3.9,0.524,65.7
MTG00527,Brainstorming,2025-09-17,12,5,I'm excited about this direction. Let's move forward. I'm excited about this direction. Let's move forward. We should have resolved this weeks ago. I'm excited about this direction. Let's move forward. I agree with this approach. It makes sense. We should schedule a follow-up meeting. This solution addresses our concerns perfectly. I think we've reached a good decision here. This solution addresses our concerns perfectly. This solution addresses our concerns perfectly. That's a really innovative...,510,11,0.663,0.122,1,1,0.778,2.4,0.939,1,5,0,4.5,0.627,86.8
MTG00528,One-on-One,2025-05-30,12,2,This is exactly what we need. Well done. Great idea! Let's explore that further. Here are the key metrics from last week. I appreciate everyone's input today. This is exactly what we need. Well done. That's a really innovative approach. This meeting could have been an email. I'll take the action item to follow up. I appreciate everyone's input today. This solution addresses our concerns perfectly. Can everyone see the presentation? Excellent point. I hadn't considered that. Let's move to the nex...,759,19,0.529,0.24,1,1,0.712,6.0,0.88,0,3,1,3.7,0.575,77.6
MTG00529,Brainstorming,2025-09-13,21,5,Can everyone see the presentation? Let me share my screen to show the data. We've discussed this several times already. The project timeline is on track. The deadline for this is next Friday. We're making great progress on this. This is exactly what we need. Well done. We're making great progress on this. Here are the key metrics from last week. Let's move to the next topic. I don't think we have enough information to decide. Here are the key metrics from last week. This seems like a waste of ti...,756,19,0.544,0.176,1,1,0.8,4.2,0.912,1,5,2,3.8,0.61,84.6
MTG00530,Standup,2025-07-23,4,3,Let's move to the next topic. Let's move to the next topic. We've discussed this several times already. This doesn't align with our objectives. I don't think we have enough information to decide. Can everyone see the presentation? This doesn't align with our objectives. We're making great progress on this. The project timeline is on track. The deadline for this is next Friday. I'm not sure this is the right approach. We're making great progress on this. This meeting could have been an email....,496,13,0.383,0.235,1,0,0.567,1.33,0.883,0,6,1,3.8,0.54,65.1
MTG00531,One-on-One,2025-06-09,49,2,I'll send out the meeting notes later. I appreciate everyone's input today. We should schedule a follow-up meeting. Excellent point. I hadn't considered that. We're going in circles on this topic. Let's move to the next topic. Here are the key metrics from last week. Let's move to the next topic. We should schedule a follow-up meeting. This seems like a waste of time honestly. We're going in circles on this topic. Let me share my screen to show the data. I'll take the action item to follow up. T...,1163,30,0.485,0.216,0,1,0.443,24.5,0.892,0,1,2,3.0,0.352,46.2
MTG00532,Standup,2025-10-05,20,3,Let's move to the next topic. Let me share my screen to show the data. We've discussed this several times already. We're going in circles on this topic. The deadline for this is next Friday. Let's move to the next topic. We should schedule a follow-up meeting. I'll send out the meeting notes later. This is exactly what we need. Well done. We should schedule a follow-up meeting. Let me share my screen to show the data. This doesn't align with our objectives. I'll take the action item to follow up...,808,21,0.475,0.169,0,1,0.617,6.67,0.916,0,0,3,3.0,,48.7
MTG00533,Retrospective,2025-09-06,21,7,The project timeline is on track. Let's move to the next topic. Great idea! Let's explore that further. We should have resolved this weeks ago. The deadline for this is next Friday. This solution addresses our concerns perfectly. We have three items on the agenda today. We should schedule a follow-up meeting. That's a really innovative approach. I appreciate everyone's input today. Excellent point. I hadn't considered that. We're making great progress on this. I'll send out the meeting notes lat...,540,14,0.556,0.195,1,1,0.718,3.0,0.902,1,4,0,4.4,0.592,80.6
MTG00534,Review,2025-10-14,41,12,This doesn't align with our objectives. Let's move to the next topic. The deadline for this is next Friday. I'll send out the meeting notes later. This solution addresses our concerns perfectly. I'm excited about this direction. Let's move forward. I appreciate everyone's input today. I think we've reached a good decision here. I appreciate everyone's input today. The project timeline is on track. We've discussed this several times already. This solution addresses our concerns perfectly. We're m...,965,24,0.553,0.204,1,0,0.753,3.42,0.898,6,1,6,4.2,0.57,65.3
MTG00535,Status Update,2025-10-19,24,5,Excellent point. I hadn't considered that. This doesn't align with our objectives. We should schedule a follow-up meeting. I'm concerned about the timeline here. Let me share my screen to show the data. I'll take the action item to follow up. Can everyone see the presentation? I'll send out the meeting notes later. We have three items on the agenda today. I don't think we have enough information to decide. I'll send out the meeting notes later. The deadline for this is next Friday. I appreciate ...,907,23,0.471,0.238,0,0,0.486,4.8,0.881,2,3,1,2.7,0.401,40.8
MTG00536,Status Update,2025-05-17,34,5,We've discussed this several times already. We should schedule a follow-up meeting. We have three items on the agenda today. Let's move to the next topic. I agree with this approach. It makes sense. I'll send out the meeting notes later. Let me share my screen to show the data. The deadline for this is next Friday. I don't think we have enough information to decide. This is exactly what we need. Well done. Here are the key metrics from last week. The project timeline is on track. This seems like...,981,24,0.489,0.173,1,0,0.586,6.8,0.913,0,0,1,3.2,,58.1
MTG00537,One-on-One,2025-07-02,19,2,We should schedule a follow-up meeting. Let's move to the next topic. That's a really innovative approach. Let's move to the next topic. We have three items on the agenda today. The deadline for this is next Friday. I'll send out the meeting notes later. That's a really innovative approach. I'll send out the meeting notes later. We've discussed this several times already. This is exactly what we need. Well done. Let me share my screen to show the data. I don't think we have enough information to...,627,16,0.576,0.163,1,1,0.542,9.5,0.918,1,6,3,3.7,0.722,78.9
MTG00538,All-Hands,2025-06-03,39,72,I'll send out the meeting notes later. Great idea! Let's explore that further. We should have resolved this weeks ago. We're going in circles on this topic. Let me share my screen to show the data. We have three items on the agenda today. We should schedule a follow-up meeting. We should have resolved this weeks ago. This solution addresses our concerns perfectly. Great idea! Let's explore that further. I think we've reached a good decision here. Let's move to the next topic. I'm excited about t...,1019,25,0.473,0.235,1,1,0.602,0.54,0.883,20,2,1,3.7,0.655,71.8
MTG00539,Decision-Making,2025-08-23,24,4,Great idea! Let's explore that further. Here are the key metrics from last week. We have three items on the agenda today. Let's move to the next topic. I'm not sure this is the right approach. That's a really innovative approach. I appreciate everyone's input today. I'll take the action item to follow up. This is exactly what we need. Well done. We've discussed this several times already. The project timeline is on track. We have three items on the agenda today. The deadline for this is next Fri...,904,23,0.565,0.183,1,0,0.663,6.0,0.909,0,1,4,3.7,0.627,63.5
MTG00540,One-on-One,2025-10-28,26,2,Let's move to the next topic. Let's move to the next topic. Let me share my screen to show the data. The deadline for this is next Friday. I think we've reached a good decision here. We've discussed this several times already. I appreciate everyone's input today. That's a really innovative approach. We have three items on the agenda today. This solution addresses our concerns perfectly. We're going in circles on this topic. I appreciate everyone's input today. I'll send out the meeting notes lat...,544,14,0.496,0.191,0,1,0.781,13.0,0.905,2,2,1,3.1,0.424,57.0
MTG00541,Standup,2025-09-03,7,5,I agree with this approach. It makes sense. I appreciate everyone's input today. I agree with this approach. It makes sense. I'm concerned about the timeline here. I think we've reached a good decision here. I'm excited about this direction. Let's move forward. Can everyone see the presentation? This meeting could have been an email. The project timeline is on track. The project timeline is on track. I'll take the action item to follow up. I'm not sure this is the right approach. This solution a...,687,17,0.58,0.212,1,0,0.909,1.4,0.894,2,3,4,3.6,0.644,73.7
MTG00542,Brainstorming,2025-05-15,89,5,We're going in circles on this topic. That's a really innovative approach. Let me share my screen to show the data. This meeting could have been an email. I'll send out the meeting notes later. The deadline for this is next Friday. I'm excited about this direction. Let's move forward. We're going in circles on this topic. Let me share my screen to show the data. This seems like a waste of time honestly. I'll take the action item to follow up. Let me share my screen to show the data. I appreciate...,1439,36,0.512,0.223,1,1,0.671,17.8,0.888,4,2,0,3.9,0.669,74.3
MTG00543,One-on-One,2025-06-18,25,2,This solution addresses our concerns perfectly. Let's move to the next topic. This solution addresses our concerns perfectly. This solution addresses our concerns perfectly. We're making great progress on this. The deadline for this is next Friday. We're making great progress on this. We should schedule a follow-up meeting. I'll take the action item to follow up. That's a really innovative approach. The deadline for this is next Friday. I'll send out the meeting notes later. Can everyone see the...,514,13,0.558,0.18,1,0,0.815,12.5,0.91,0,6,6,4.1,0.718,75.2
MTG00544,Status Update,2025-10-30,33,7,I think we've reached a good decision here. We've discussed this several times already. We should schedule a follow-up meeting. The project timeline is on track. Let's move to the next topic. We have three items on the agenda today. I'll take the action item to follow up. I disagree with this direction completely. Let's move to the next topic. Can everyone see the presentation? Can everyone see the presentation? This solution addresses our concerns perfectly. We're making great progress on this....,1035,26,0.504,0.219,0,1,0.613,4.71,0.891,2,4,0,3.3,0.559,56.8
MTG00545,All-Hands,2025-07-05,75,65,I'll send out the meeting notes later. I disagree with this direction completely. The deadline for this is next Friday. I'll send out the meeting notes later. This meeting could have been an email. We have three items on the agenda today. I agree with this approach. It makes sense. I appreciate everyone's input today. I'm concerned about the timeline here. I'll take the action item to follow up. We have three items on the agenda today. This meeting could have been an email. I'm excited about thi...,1364,33,0.491,0.208,0,1,0.509,1.15,0.896,25,4,5,3.0,0.486,54.0
MTG00546,One-on-One,2025-07-12,24,2,We should have resolved this weeks ago. This doesn't align with our objectives. This doesn't align with our objectives. This seems like a waste of time honestly. Can everyone see the presentation? Great idea! Let's explore that further. That's a really innovative approach. Let's move to the next topic. We're making great progress on this. This is exactly what we need. Well done. We've discussed this several times already. I appreciate everyone's input today. I think we've reached a good decision...,663,17,0.536,0.248,1,1,0.759,12.0,0.876,1,1,3,3.9,0.66,74.8
MTG00547,Planning,2025-06-02,57,6,This is exactly what we need. Well done. Here are the key metrics from last week. Here are the key metrics from last week. The project timeline is on track. We have three items on the agenda today. This meeting could have been an email. Here are the key metrics from last week. I appreciate everyone's input today. Let me share my screen to show the data. This solution addresses our concerns perfectly. Here are the key metrics from last week. I'll take the action item to follow up. The deadline fo...,1051,27,0.539,0.173,1,0,0.449,9.5,0.914,1,6,4,3.7,0.641,65.7
MTG00548,Standup,2025-07-10,2,6,I don't think we have enough information to decide. This doesn't align with our objectives. We're going in circles on this topic. I agree with this approach. It makes sense. Let me share my screen to show the data. I'll take the action item to follow up. Here are the key metrics from last week. We're making great progress on this....,332,8,0.508,0.276,0,1,0.65,0.33,0.862,1,1,1,2.9,0.387,51.4
MTG00549,One-on-One,2025-09-06,31,2,This meeting could have been an email. We should schedule a follow-up meeting. Excellent point. I hadn't considered that. The deadline for this is next Friday. We should schedule a follow-up meeting. I disagree with this direction completely. We have three items on the agenda today. Here are the key metrics from last week. Let's move to the next topic. This is exactly what we need. Well done. I'll take the action item to follow up. We should schedule a follow-up meeting. I agree with this approa...,988,25,0.525,0.206,1,1,0.583,15.5,0.897,0,0,5,4.0,,68.5
MTG00550,All-Hands,2025-11-01,59,39,We're making great progress on this. Great idea! Let's explore that further. Can everyone see the presentation? This seems like a waste of time honestly. I'm not sure this is the right approach. This solution addresses our concerns perfectly. I appreciate everyone's input today. That's a really innovative approach. We're making great progress on this. I appreciate everyone's input today. I agree with this approach. It makes sense. We have three items on the agenda today. This is exactly what we ...,1260,31,0.588,0.187,1,1,0.792,1.51,0.906,11,2,2,4.0,0.745,79.2
MTG00551,Brainstorming,2025-08-12,51,5,We're making great progress on this. Let's move to the next topic. We're making great progress on this. We're going in circles on this topic. I think we've reached a good decision here. Can everyone see the presentation? I think we've reached a good decision here. Great idea! Let's explore that further. This is exactly what we need. Well done. This is exactly what we need. Well done. That's a really innovative approach. I'm excited about this direction. Let's move forward. Great idea! Let's expl...,1083,26,0.621,0.174,1,1,0.764,10.2,0.913,0,4,2,4.0,0.661,83.2
MTG00552,Standup,2025-10-01,5,3,I'm excited about this direction. Let's move forward. I'll send out the meeting notes later. Can everyone see the presentation? I'm concerned about the timeline here. I'm not sure this is the right approach. I'll take the action item to follow up. This meeting could have been an email. I'm excited about this direction. Let's move forward. This is exactly what we need. Well done. This meeting could have been an email. Great idea! Let's explore that further. I'm excited about this direction. Let's...,634,15,0.435,0.236,0,1,0.562,1.67,0.882,0,5,2,2.8,0.449,56.0
MTG00553,Status Update,2025-07-08,18,6,This is exactly what we need. Well done. Let's move to the next topic. The deadline for this is next Friday. Here are the key metrics from last week. I disagree with this direction completely. Let's move to the next topic. The project timeline is on track. I don't think we have enough information to decide. This seems like a waste of time honestly. We should schedule a follow-up meeting. The deadline for this is next Friday. The project timeline is on track. We should schedule a follow-up meetin...,774,20,0.423,0.194,1,1,0.407,3.0,0.903,3,2,4,4.0,0.582,66.2
MTG00554,Brainstorming,2025-09-16,32,11,This is exactly what we need. Well done. I'm excited about this direction. Let's move forward. Here are the key metrics from last week. We have three items on the agenda today. I'll take the action item to follow up. Let's move to the next topic. We should schedule a follow-up meeting. We should have resolved this weeks ago. Here are the key metrics from last week. Let me share my screen to show the data. I disagree with this direction completely. I'm concerned about the timeline here. Excellent...,733,18,0.484,0.239,0,0,0.82,2.91,0.881,6,3,1,2.9,0.491,49.4
MTG00555,All-Hands,2025-10-21,33,22,The project timeline is on track. The project timeline is on track. I disagree with this direction completely. We have three items on the agenda today. Great idea! Let's explore that further. We should schedule a follow-up meeting. Here are the key metrics from last week. That's a really innovative approach. I'll take the action item to follow up. I'll take the action item to follow up. I'm excited about this direction. Let's move forward. This is exactly what we need. Well done. Excellent point...,807,20,0.543,0.192,1,1,0.772,1.5,0.904,4,1,3,3.7,0.584,75.7
MTG00556,Brainstorming,2025-10-15,57,5,We have three items on the agenda today. The deadline for this is next Friday. That's a really innovative approach. Can everyone see the presentation? Let me share my screen to show the data. I'll take the action item to follow up. I'll take the action item to follow up. I'll take the action item to follow up. I think we've reached a good decision here. I think we've reached a good decision here. We should have resolved this weeks ago. We're making great progress on this. I agree with this appro...,1062,27,0.517,0.192,0,0,0.755,11.4,0.904,0,0,2,3.0,,42.8
MTG00557,Review,2025-06-07,14,3,Can everyone see the presentation? I think we've reached a good decision here. Great idea! Let's explore that further. I think we've reached a good decision here. I'll send out the meeting notes later. I agree with this approach. It makes sense. We should schedule a follow-up meeting. Excellent point. I hadn't considered that. I think we've reached a good decision here. I think we've reached a good decision here. We should schedule a follow-up meeting. Great idea! Let's explore that further. We'...,668,16,0.612,0.171,1,0,0.954,4.67,0.915,1,1,2,3.7,0.524,71.8
MTG00558,One-on-One,2025-05-30,46,2,Let's move to the next topic. The project timeline is on track. We should schedule a follow-up meeting. The project timeline is on track. We're going in circles on this topic. Can everyone see the presentation? Can everyone see the presentation? I disagree with this direction completely. I'll take the action item to follow up. Let's move to the next topic. I'm excited about this direction. Let's move forward. The project timeline is on track. The project timeline is on track. Can everyone see th...,825,22,0.488,0.178,1,1,0.693,23.0,0.911,0,3,2,3.9,0.655,76.7
MTG00559,One-on-One,2025-09-27,46,2,I agree with this approach. It makes sense. This seems like a waste of time honestly. Can everyone see the presentation? We have three items on the agenda today. We should schedule a follow-up meeting. Let's move to the next topic. I disagree with this direction completely. The deadline for this is next Friday. Excellent point. I hadn't considered that. We've discussed this several times already. I'll take the action item to follow up. I'll take the action item to follow up. We're going in circl...,868,22,0.464,0.201,0,1,0.551,23.0,0.899,0,3,2,3.1,0.439,52.6
MTG00560,Standup,2025-08-17,6,3,I'm concerned about the timeline here. I'll send out the meeting notes later. The deadline for this is next Friday. This is exactly what we need. Well done. I think we've reached a good decision here. The deadline for this is next Friday. This solution addresses our concerns perfectly. I disagree with this direction completely. We should schedule a follow-up meeting....,369,9,0.576,0.205,1,1,0.546,2.0,0.898,1,5,0,4.0,0.765,78.6
MTG00561,Status Update,2025-08-31,17,5,I'm excited about this direction. Let's move forward. We should have resolved this weeks ago. I'm excited about this direction. Let's move forward. This solution addresses our concerns perfectly. This doesn't align with our objectives. I'm excited about this direction. Let's move forward. This solution addresses our concerns perfectly. This solution addresses our concerns perfectly. Let's move to the next topic. We should schedule a follow-up meeting. I'm excited about this direction. Let's move...,590,13,0.639,0.226,1,1,0.782,3.4,0.887,1,3,4,4.9,0.742,81.6
MTG00562,Status Update,2025-07-24,26,5,I'll send out the meeting notes later. Great idea! Let's explore that further. This seems like a waste of time honestly. This solution addresses our concerns perfectly. The deadline for this is next Friday. We should schedule a follow-up meeting. Can everyone see the presentation? I'm not sure this is the right approach. I'll take the action item to follow up. I'm concerned about the timeline here. We're going in circles on this topic. Can everyone see the presentation? I don't think we have eno...,526,13,0.473,0.196,1,0,0.519,5.2,0.902,0,1,1,3.0,0.422,58.0
MTG00563,Planning,2025-08-17,72,6,I'll send out the meeting notes later. Let's move to the next topic. The project timeline is on track. That's a really innovative approach. I'm concerned about the timeline here. I'll take the action item to follow up. Here are the key metrics from last week. That's a really innovative approach. We're making great progress on this. Can everyone see the presentation? We have three items on the agenda today. I agree with this approach. It makes sense. Excellent point. I hadn't considered that. The...,1388,35,0.575,0.223,1,1,0.764,12.0,0.889,1,3,2,4.3,0.705,79.9
MTG00564,Retrospective,2025-07-10,29,4,We have three items on the agenda today. I don't think we have enough information to decide. I'll send out the meeting notes later. The deadline for this is next Friday. This is exactly what we need. Well done. This meeting could have been an email. Can everyone see the presentation? This meeting could have been an email. I'll take the action item to follow up. I disagree with this direction completely. I agree with this approach. It makes sense. We should schedule a follow-up meeting. Excellent...,641,16,0.457,0.211,1,0,0.656,7.25,0.895,0,1,2,3.2,0.45,61.0
MTG00565,Brainstorming,2025-06-18,64,5,I'm excited about this direction. Let's move forward. Great idea! Let's explore that further. This is exactly what we need. Well done. We have three items on the agenda today. Let's move to the next topic. Let's move to the next topic. We should schedule a follow-up meeting. Excellent point. I hadn't considered that. The deadline for this is next Friday. This solution addresses our concerns perfectly. We're making great progress on this. I'll take the action item to follow up. We're making great...,1374,34,0.57,0.201,1,1,0.921,12.8,0.899,1,3,1,4.3,0.713,83.9
MTG00566,Planning,2025-07-01,75,4,I disagree with this direction completely. We should schedule a follow-up meeting. Can everyone see the presentation? This meeting could have been an email. Let's move to the next topic. We've discussed this several times already. We've discussed this several times already. Here are the key metrics from last week. I agree with this approach. It makes sense. That's a really innovative approach. We've discussed this several times already. The project timeline is on track. The deadline for this is ...,1408,35,0.496,0.198,0,0,0.837,18.75,0.901,4,5,1,3.3,0.464,54.4
MTG00567,Brainstorming,2025-11-06,74,5,I appreciate everyone's input today. Great idea! Let's explore that further. Let me share my screen to show the data. Excellent point. I hadn't considered that. I don't think we have enough information to decide. I'll send out the meeting notes later. This is exactly what we need. Well done. Can everyone see the presentation? I'm concerned about the timeline here. I think we've reached a good decision here. I don't think we have enough information to decide. That's a really innovative approach. ...,1552,38,0.497,0.208,1,1,0.525,14.8,0.896,0,4,6,3.2,0.617,74.5
MTG00568,Standup,2025-07-22,23,3,I'm concerned about the timeline here. I'll take the action item to follow up. I don't think we have enough information to decide. Let me share my screen to show the data. This doesn't align with our objectives. We should have resolved this weeks ago. We have three items on the agenda today. This seems like a waste of time honestly. I'm not sure this is the right approach. We should schedule a follow-up meeting. I'm concerned about the timeline here. I'll send out the meeting notes later. I'm no...,656,16,0.329,0.171,1,0,0.571,7.67,0.915,0,1,3,2.6,0.476,56.6
MTG00569,Review,2025-09-16,31,3,Here are the key metrics from last week. We have three items on the agenda today. We have three items on the agenda today. This doesn't align with our objectives. The project timeline is on track. This meeting could have been an email. The project timeline is on track. I agree with this approach. It makes sense. This is exactly what we need. Well done. Excellent point. I hadn't considered that. We have three items on the agenda today. We're making great progress on this. Here are the key metrics...,853,21,0.507,0.214,0,1,0.808,10.33,0.893,2,3,3,3.3,0.495,59.8
MTG00570,One-on-One,2025-09-03,22,2,We've discussed this several times already. We're making great progress on this. I'm not sure this is the right approach. Great idea! Let's explore that further. I'll send out the meeting notes later. I appreciate everyone's input today. I appreciate everyone's input today. I agree with this approach. It makes sense. This solution addresses our concerns perfectly. This solution addresses our concerns perfectly. I'm excited about this direction. Let's move forward. We have three items on the agen...,857,20,0.605,0.205,1,1,0.76,11.0,0.897,0,3,2,4.8,0.771,80.6
MTG00571,Decision-Making,2025-10-27,60,4,I'll take the action item to follow up. The deadline for this is next Friday. This meeting could have been an email. Let me share my screen to show the data. The deadline for this is next Friday. That's a really innovative approach. The deadline for this is next Friday. This is exactly what we need. Well done. We're making great progress on this. Let me share my screen to show the data. Let me share my screen to show the data. I think we've reached a good decision here. I'll take the action item...,1059,27,0.529,0.192,1,1,0.627,15.0,0.904,1,0,5,4.0,,69.8
MTG00572,Planning,2025-07-03,59,8,We're going in circles on this topic. I'll send out the meeting notes later. This solution addresses our concerns perfectly. Can everyone see the presentation? Here are the key metrics from last week. Let's move to the next topic. Let me share my screen to show the data. Let me share my screen to show the data. Let's move to the next topic. Great idea! Let's explore that further. We should schedule a follow-up meeting. Let me share my screen to show the data. The deadline for this is next Friday...,1078,27,0.514,0.182,0,1,0.828,7.38,0.909,1,3,2,3.3,0.575,60.6
MTG00573,Retrospective,2025-10-10,53,8,We're making great progress on this. This seems like a waste of time honestly. The project timeline is on track. We should schedule a follow-up meeting. This is exactly what we need. Well done. Here are the key metrics from last week. Let me share my screen to show the data. We're going in circles on this topic. We should have resolved this weeks ago. We should have resolved this weeks ago. We're going in circles on this topic. The deadline for this is next Friday. Let's move to the next topic. ...,1144,29,0.494,0.229,1,1,0.463,6.62,0.886,2,1,2,3.4,0.557,66.7
MTG00574,Status Update,2025-08-27,30,5,I agree with this approach. It makes sense. I'll take the action item to follow up. Excellent point. I hadn't considered that. I'm excited about this direction. Let's move forward. The deadline for this is next Friday. Can everyone see the presentation? This solution addresses our concerns perfectly. We should have resolved this weeks ago. Here are the key metrics from last week. The project timeline is on track. That's a really innovative approach. I think we've reached a good decision here. We...,952,24,0.523,0.207,1,0,0.872,6.0,0.897,2,3,0,4.2,0.535,71.7
MTG00575,Planning,2025-10-02,77,4,Let me share my screen to show the data. I'll take the action item to follow up. This is exactly what we need. Well done. This seems like a waste of time honestly. Let's move to the next topic. Great idea! Let's explore that further. Here are the key metrics from last week. We should schedule a follow-up meeting. We're making great progress on this. Let's move to the next topic. I'll take the action item to follow up. This meeting could have been an email. I appreciate everyone's input today. We...,1567,40,0.487,0.203,1,0,0.486,19.25,0.898,1,3,2,3.3,0.465,61.4
MTG00576,Standup,2025-10-14,8,3,We should schedule a follow-up meeting. I agree with this approach. It makes sense. We have three items on the agenda today. The project timeline is on track. We're going in circles on this topic. The deadline for this is next Friday. I don't think we have enough information to decide. We're going in circles on this topic. We should have resolved this weeks ago. I'll send out the meeting notes later....,403,10,0.408,0.257,1,1,0.579,2.67,0.871,1,5,3,4.0,0.695,75.7
MTG00577,All-Hands,2025-10-17,28,100,The deadline for this is next Friday. I appreciate everyone's input today. That's a really innovative approach. I'll take the action item to follow up. This doesn't align with our objectives. I'm concerned about the timeline here. Let me share my screen to show the data. I'll take the action item to follow up. Let's move to the next topic. The project timeline is on track. I think we've reached a good decision here. The deadline for this is next Friday. Here are the key metrics from last week. T...,865,22,0.46,0.23,0,1,0.576,0.28,0.885,28,1,3,3.0,0.459,48.9
MTG00578,Decision-Making,2025-09-28,37,4,The deadline for this is next Friday. I think we've reached a good decision here. I'll take the action item to follow up. This is exactly what we need. Well done. I disagree with this direction completely. I think we've reached a good decision here. I'll send out the meeting notes later. Excellent point. I hadn't considered that. I'm excited about this direction. Let's move forward. I'm not sure this is the right approach. This seems like a waste of time honestly. I'm excited about this directio...,757,18,0.555,0.222,1,1,0.901,9.25,0.889,2,3,2,4.0,0.647,83.0
MTG00579,Standup,2025-08-23,18,3,We have three items on the agenda today. We're going in circles on this topic. The project timeline is on track. Can everyone see the presentation? Excellent point. I hadn't considered that. I think we've reached a good decision here. I think we've reached a good decision here. I agree with this approach. It makes sense. Great idea! Let's explore that further. I'll send out the meeting notes later. This is exactly what we need. Well done....,442,11,0.678,0.183,1,1,0.783,6.0,0.908,1,4,3,4.7,0.617,84.8
MTG00580,Standup,2025-07-07,40,3,Excellent point. I hadn't considered that. I'll send out the meeting notes later. This is exactly what we need. Well done. I appreciate everyone's input today. I'll send out the meeting notes later. Here are the key metrics from last week. Excellent point. I hadn't considered that. Excellent point. I hadn't considered that. Let's move to the next topic. We have three items on the agenda today. Excellent point. I hadn't considered that. Can everyone see the presentation? The deadline for this is ...,795,20,0.564,0.205,1,1,0.63,13.33,0.898,1,3,3,4.4,0.704,76.5
MTG00581,Brainstorming,2025-08-16,26,7,We have three items on the agenda today. That's a really innovative approach. Can everyone see the presentation? The project timeline is on track. We have three items on the agenda today. I think we've reached a good decision here. We should schedule a follow-up meeting. I'll take the action item to follow up. We should schedule a follow-up meeting. Can everyone see the presentation? We've discussed this several times already. That's a really innovative approach. I think we've reached a good dec...,511,13,0.516,0.21,0,0,0.87,3.71,0.895,1,3,2,3.3,0.49,51.5
MTG00582,One-on-One,2025-09-29,9,2,Let's move to the next topic. We're going in circles on this topic. Let me share my screen to show the data. I'll send out the meeting notes later. Can everyone see the presentation? We've discussed this several times already. We're making great progress on this. I'll send out the meeting notes later. This meeting could have been an email....,341,9,0.436,0.233,1,1,0.697,4.5,0.884,0,3,2,4.2,0.531,75.4
MTG00583,Standup,2025-05-14,7,5,I'm excited about this direction. Let's move forward. Excellent point. I hadn't considered that. The project timeline is on track. We have three items on the agenda today. We've discussed this several times already. Here are the key metrics from last week. This meeting could have been an email. This solution addresses our concerns perfectly. I'll take the action item to follow up. We should schedule a follow-up meeting. I appreciate everyone's input today. I'll send out the meeting notes later. ...,580,14,0.526,0.215,1,1,0.907,1.4,0.893,2,4,4,4.2,0.665,84.6
MTG00584,Brainstorming,2025-08-29,48,7,That's a really innovative approach. This solution addresses our concerns perfectly. I appreciate everyone's input today. Can everyone see the presentation? Let's move to the next topic. We have three items on the agenda today. Great idea! Let's explore that further. I agree with this approach. It makes sense. We should schedule a follow-up meeting. Excellent point. I hadn't considered that. I think we've reached a good decision here. We're making great progress on this. I'll take the action ite...,1004,25,0.606,0.187,1,1,0.877,6.86,0.906,3,6,3,4.3,0.697,87.7
MTG00585,Planning,2025-06-06,52,4,I think we've reached a good decision here. I agree with this approach. It makes sense. I think we've reached a good decision here. I agree with this approach. It makes sense. I agree with this approach. It makes sense. I'll take the action item to follow up. Let's move to the next topic. Here are the key metrics from last week. Here are the key metrics from last week. I appreciate everyone's input today. I appreciate everyone's input today. Let me share my screen to show the data. I don't think...,934,23,0.612,0.185,1,0,0.754,13.0,0.907,1,2,1,4.0,0.682,68.7
MTG00586,Standup,2025-11-01,11,3,Let's move to the next topic. We have three items on the agenda today. I'm excited about this direction. Let's move forward. I'll send out the meeting notes later. Let me share my screen to show the data. We're making great progress on this. I'm excited about this direction. Let's move forward. I don't think we have enough information to decide. This solution addresses our concerns perfectly. This solution addresses our concerns perfectly. I'll take the action item to follow up. We're going in c...,762,18,0.572,0.203,1,0,0.768,3.67,0.898,1,2,0,3.7,0.631,68.1
MTG00587,Review,2025-06-18,29,3,Let's move to the next topic. I'll send out the meeting notes later. This solution addresses our concerns perfectly. The deadline for this is next Friday. We should have resolved this weeks ago. We've discussed this several times already. Let's move to the next topic. Let's move to the next topic. I think we've reached a good decision here. The project timeline is on track. I'm concerned about the timeline here. This solution addresses our concerns perfectly. Can everyone see the presentation? W...,880,22,0.487,0.194,0,1,0.773,9.67,0.903,3,5,1,3.2,0.509,62.6
MTG00588,Brainstorming,2025-07-06,26,7,This solution addresses our concerns perfectly. We should schedule a follow-up meeting. Let's move to the next topic. This doesn't align with our objectives. The deadline for this is next Friday. I don't think we have enough information to decide. Great idea! Let's explore that further. I agree with this approach. It makes sense. I'll take the action item to follow up. I think we've reached a good decision here. Can everyone see the presentation? I disagree with this direction completely. That's...,732,18,0.517,0.21,1,0,0.56,3.71,0.895,3,6,3,3.7,0.56,67.8
MTG00589,Retrospective,2025-09-18,55,6,We have three items on the agenda today. Here are the key metrics from last week. This seems like a waste of time honestly. Can everyone see the presentation? The deadline for this is next Friday. I don't think we have enough information to decide. The project timeline is on track. This solution addresses our concerns perfectly. I'll send out the meeting notes later. The deadline for this is next Friday. I appreciate everyone's input today. We have three items on the agenda today. I'm excited ab...,991,24,0.441,0.172,0,0,0.749,9.17,0.914,3,2,0,2.5,0.348,45.2
MTG00590,Planning,2025-07-04,78,8,I'll take the action item to follow up. I'll take the action item to follow up. I'll take the action item to follow up. We should schedule a follow-up meeting. I'll take the action item to follow up. This doesn't align with our objectives. I'm not sure this is the right approach. Can everyone see the presentation? I'm concerned about the timeline here. Let me share my screen to show the data. Here are the key metrics from last week. We should schedule a follow-up meeting. We're making great prog...,1335,34,0.5,0.18,0,1,0.69,9.75,0.91,3,2,1,2.4,0.456,54.9
MTG00591,Decision-Making,2025-10-19,51,4,Let's move to the next topic. I'll take the action item to follow up. That's a really innovative approach. This meeting could have been an email. This is exactly what we need. Well done. We have three items on the agenda today. The project timeline is on track. We're making great progress on this. That's a really innovative approach. Let's move to the next topic. We've discussed this several times already. Here are the key metrics from last week. Excellent point. I hadn't considered that. This s...,947,24,0.583,0.22,1,1,0.85,12.75,0.89,5,1,2,4.2,0.782,78.2
MTG00592,Status Update,2025-10-22,28,8,Let me share my screen to show the data. The project timeline is on track. We should schedule a follow-up meeting. I disagree with this direction completely. I'm not sure this is the right approach. I don't think we have enough information to decide. We're making great progress on this. This doesn't align with our objectives. We have three items on the agenda today. Let's move to the next topic. We have three items on the agenda today. We're going in circles on this topic. I think we've reached ...,638,16,0.381,0.199,1,1,0.455,3.5,0.901,5,3,2,3.4,0.483,68.5
MTG00593,One-on-One,2025-07-20,16,2,This seems like a waste of time honestly. I'll take the action item to follow up. We should have resolved this weeks ago. I'm excited about this direction. Let's move forward. That's a really innovative approach. Can everyone see the presentation? This solution addresses our concerns perfectly. I'll take the action item to follow up. Here are the key metrics from last week. That's a really innovative approach. This seems like a waste of time honestly. The deadline for this is next Friday....,493,12,0.5,0.164,0,1,0.662,8.0,0.918,0,3,3,2.8,0.548,56.3
MTG00594,All-Hands,2025-05-17,66,72,This solution addresses our concerns perfectly. I'm not sure this is the right approach. I think we've reached a good decision here. Great idea! Let's explore that further. This solution addresses our concerns perfectly. I think we've reached a good decision here. I agree with this approach. It makes sense. We have three items on the agenda today. This meeting could have been an email. We have three items on the agenda today. That's a really innovative approach. I appreciate everyone's input tod...,1483,36,0.6,0.199,1,1,0.742,0.92,0.9,22,4,2,3.9,0.766,82.1
MTG00595,Standup,2025-07-20,5,3,We're making great progress on this. We've discussed this several times already. This doesn't align with our objectives. I'm excited about this direction. Let's move forward. This seems like a waste of time honestly. Excellent point. I hadn't considered that. Excellent point. I hadn't considered that. Let's move to the next topic. We have three items on the agenda today. I don't think we have enough information to decide....,425,10,0.483,0.279,0,0,0.523,1.67,0.86,0,2,4,2.1,0.28,39.6
MTG00596,One-on-One,2025-10-14,25,2,Can everyone see the presentation? I'm not sure this is the right approach. Here are the key metrics from last week. Let me share my screen to show the data. The project timeline is on track. Great idea! Let's explore that further. I don't think we have enough information to decide. We've discussed this several times already. The deadline for this is next Friday. I'm not sure this is the right approach. That's a really innovative approach. Great idea! Let's explore that further. Great idea! Let'...,823,21,0.413,0.202,0,0,0.506,12.5,0.899,0,0,1,2.5,,34.4
MTG00597,Standup,2025-09-20,13,8,Here are the key metrics from last week. We should schedule a follow-up meeting. This is exactly what we need. Well done. The project timeline is on track. I'm concerned about the timeline here. Let's move to the next topic. We have three items on the agenda today. This is exactly what we need. Well done. I think we've reached a good decision here. Let's move to the next topic. I think we've reached a good decision here. This is exactly what we need. Well done. We're making great progress on thi...,737,19,0.588,0.185,1,1,0.605,1.62,0.908,1,6,4,4.2,0.734,80.5
MTG00598,Planning,2025-06-23,63,5,We're going in circles on this topic. I'm excited about this direction. Let's move forward. We've discussed this several times already. Let's move to the next topic. The deadline for this is next Friday. I think we've reached a good decision here. The project timeline is on track. This is exactly what we need. Well done. We've discussed this several times already. We should schedule a follow-up meeting. I'll take the action item to follow up. Here are the key metrics from last week. This doesn't...,1102,27,0.483,0.22,1,1,0.491,12.6,0.89,3,2,1,4.5,0.524,69.3
MTG00599,One-on-One,2025-09-20,34,2,Let me share my screen to show the data. This solution addresses our concerns perfectly. Let me share my screen to show the data. We're making great progress on this. This meeting could have been an email. I agree with this approach. It makes sense. The project timeline is on track. I agree with this approach. It makes sense. Let's move to the next topic. I disagree with this direction completely. This meeting could have been an email. I think we've reached a good decision here. The project time...,880,22,0.572,0.194,0,0,0.821,17.0,0.903,0,4,0,3.1,0.432,53.5
MTG00600,Brainstorming,2025-05-31,56,5,I'll send out the meeting notes later. I'll send out the meeting notes later. I'll send out the meeting notes later. We have three items on the agenda today. We should have resolved this weeks ago. Let me share my screen to show the data. We should schedule a follow-up meeting. We have three items on the agenda today. Let's move to the next topic. That's a really innovative approach. We should schedule a follow-up meeting. This meeting could have been an email. I'll send out the meeting notes la...,1146,29,0.543,0.171,1,1,0.598,11.2,0.914,0,3,2,3.6,0.597,75.5
MTG00601,Planning,2025-10-26,74,5,I appreciate everyone's input today. I'll take the action item to follow up. Let's move to the next topic. The project timeline is on track. Great idea! Let's explore that further. I'll send out the meeting notes later. I disagree with this direction completely. The project timeline is on track. This is exactly what we need. Well done. I disagree with this direction completely. Let's move to the next topic. Great idea! Let's explore that further. Excellent point. I hadn't considered that. We hav...,1334,33,0.466,0.191,1,1,0.776,14.8,0.905,0,2,3,3.8,0.75,76.3
MTG00602,Standup,2025-07-31,10,3,Let's move to the next topic. I'll send out the meeting notes later. Great idea! Let's explore that further. This doesn't align with our objectives. The deadline for this is next Friday. Here are the key metrics from last week. I'm concerned about the timeline here. This meeting could have been an email. I'm excited about this direction. Let's move forward. I'll send out the meeting notes later. This meeting could have been an email....,437,11,0.421,0.172,1,1,0.609,3.33,0.914,2,3,1,4.2,0.583,73.4
MTG00603,Brainstorming,2025-09-16,105,5,I'm excited about this direction. Let's move forward. I appreciate everyone's input today. Let me share my screen to show the data. I appreciate everyone's input today. I'll send out the meeting notes later. I appreciate everyone's input today. Can everyone see the presentation? I'll take the action item to follow up. We're making great progress on this. I'm excited about this direction. Let's move forward. Here are the key metrics from last week. I'm not sure this is the right approach. I'll se...,2049,50,0.558,0.214,1,0,0.772,21.0,0.893,2,3,0,4.1,0.673,69.9
MTG00604,Review,2025-10-29,16,3,The deadline for this is next Friday. We have three items on the agenda today. We have three items on the agenda today. I'll take the action item to follow up. This seems like a waste of time honestly. Here are the key metrics from last week. Let's move to the next topic. We should schedule a follow-up meeting. This doesn't align with our objectives. We should schedule a follow-up meeting. Here are the key metrics from last week. Let me share my screen to show the data. The project timeline is o...,643,16,0.484,0.221,0,1,0.851,5.33,0.889,0,3,2,3.3,0.524,60.3
MTG00605,Planning,2025-06-15,65,4,This doesn't align with our objectives. Let's move to the next topic. We're going in circles on this topic. This doesn't align with our objectives. Let's move to the next topic. We should schedule a follow-up meeting. I'll take the action item to follow up. I'm not sure this is the right approach. I'll send out the meeting notes later. This seems like a waste of time honestly. This doesn't align with our objectives. I'm excited about this direction. Let's move forward. I disagree with this direc...,1048,26,0.472,0.167,1,1,0.537,16.25,0.916,0,4,0,4.2,0.63,74.6
MTG00606,All-Hands,2025-09-27,34,100,The project timeline is on track. Let's move to the next topic. I'm not sure this is the right approach. I agree with this approach. It makes sense. I agree with this approach. It makes sense. I appreciate everyone's input today. The project timeline is on track. The project timeline is on track. I'm not sure this is the right approach. Here are the key metrics from last week. This doesn't align with our objectives. This solution addresses our concerns perfectly. Let's move to the next topic. Le...,699,18,0.437,0.216,1,0,0.567,0.34,0.892,35,2,3,3.6,0.6,60.3
MTG00607,Status Update,2025-11-07,13,12,I'm not sure this is the right approach. I'll send out the meeting notes later. Here are the key metrics from last week. We have three items on the agenda today. Excellent point. I hadn't considered that. Let me share my screen to show the data. Here are the key metrics from last week. The project timeline is on track. We have three items on the agenda today. Great idea! Let's explore that further. We should have resolved this weeks ago. I think we've reached a good decision here. This seems lik...,722,18,0.443,0.183,1,1,0.544,1.08,0.908,4,2,0,3.9,0.684,70.1
MTG00608,One-on-One,2025-06-04,40,2,Let's move to the next topic. We should schedule a follow-up meeting. We're making great progress on this. The deadline for this is next Friday. We should schedule a follow-up meeting. The project timeline is on track. Let's move to the next topic. Excellent point. I hadn't considered that. This doesn't align with our objectives. We're going in circles on this topic. The deadline for this is next Friday. This seems like a waste of time honestly. Can everyone see the presentation? This doesn't al...,840,22,0.548,0.191,0,0,0.814,20.0,0.904,1,2,3,3.3,0.436,48.9
MTG00609,All-Hands,2025-09-10,85,34,This is exactly what we need. Well done. This solution addresses our concerns perfectly. I'm concerned about the timeline here. I appreciate everyone's input today. This seems like a waste of time honestly. I appreciate everyone's input today. We're making great progress on this. We should schedule a follow-up meeting. We're making great progress on this. I'll send out the meeting notes later. We should schedule a follow-up meeting. This solution addresses our concerns perfectly. Let's move to t...,1553,39,0.547,0.229,1,1,0.782,2.5,0.886,4,4,2,4.7,0.598,81.8
MTG00610,Status Update,2025-10-25,26,8,Excellent point. I hadn't considered that. Let's move to the next topic. The project timeline is on track. This doesn't align with our objectives. I'll send out the meeting notes later. The project timeline is on track. This seems like a waste of time honestly. This is exactly what we need. Well done. We should schedule a follow-up meeting. Let me share my screen to show the data. Excellent point. I hadn't considered that. I'll send out the meeting notes later. This meeting could have been an em...,616,16,0.464,0.175,0,1,0.879,3.25,0.912,2,6,4,3.4,0.625,64.9
MTG00611,Standup,2025-05-27,19,3,Here are the key metrics from last week. I'll take the action item to follow up. The deadline for this is next Friday. This seems like a waste of time honestly. This solution addresses our concerns perfectly. We're making great progress on this. Excellent point. I hadn't considered that. The deadline for this is next Friday. We should schedule a follow-up meeting. I don't think we have enough information to decide. I think we've reached a good decision here. Here are the key metrics from last we...,709,17,0.543,0.271,1,0,0.735,6.33,0.865,2,5,2,3.8,0.573,72.2
MTG00612,Planning,2025-11-05,84,5,I don't think we have enough information to decide. We have three items on the agenda today. This solution addresses our concerns perfectly. I don't think we have enough information to decide. Excellent point. I hadn't considered that. The deadline for this is next Friday. I'll take the action item to follow up. Can everyone see the presentation? I agree with this approach. It makes sense. This solution addresses our concerns perfectly. Here are the key metrics from last week. This solution addr...,1368,33,0.443,0.223,0,1,0.611,16.8,0.889,2,3,0,2.8,0.443,53.5
MTG00613,Brainstorming,2025-05-15,32,5,I agree with this approach. It makes sense. This is exactly what we need. Well done. We should have resolved this weeks ago. I agree with this approach. It makes sense. Let me share my screen to show the data. This is exactly what we need. Well done. I'll send out the meeting notes later. We should have resolved this weeks ago. I appreciate everyone's input today. We're making great progress on this. This is exactly what we need. Well done. I'm not sure this is the right approach. Here are the k...,743,18,0.587,0.216,1,1,0.833,6.4,0.892,3,0,4,4.5,,75.9
MTG00614,One-on-One,2025-11-02,11,2,I think we've reached a good decision here. I don't think we have enough information to decide. Let's move to the next topic. I agree with this approach. It makes sense. Let's move to the next topic. I agree with this approach. It makes sense. The deadline for this is next Friday. The deadline for this is next Friday. Here are the key metrics from last week. I'm excited about this direction. Let's move forward. I'll send out the meeting notes later. This is exactly what we need. Well done. We ha...,627,15,0.492,0.213,1,1,0.857,5.5,0.894,2,1,1,3.8,0.73,76.7
MTG00615,Brainstorming,2025-10-17,35,6,I think we've reached a good decision here. We're making great progress on this. Let me share my screen to show the data. I think we've reached a good decision here. Here are the key metrics from last week. I appreciate everyone's input today. The deadline for this is next Friday. This solution addresses our concerns perfectly. Can everyone see the presentation? I'll take the action item to follow up. That's a really innovative approach. Can everyone see the presentation? That's a really innovat...,871,21,0.633,0.2,1,1,0.862,5.83,0.9,2,4,4,4.4,0.724,85.7
MTG00616,One-on-One,2025-07-20,53,2,Let me share my screen to show the data. We're going in circles on this topic. We should schedule a follow-up meeting. I agree with this approach. It makes sense. Let's move to the next topic. That's a really innovative approach. Let me share my screen to show the data. The deadline for this is next Friday. Here are the key metrics from last week. Great idea! Let's explore that further. I think we've reached a good decision here. Great idea! Let's explore that further. We're going in circles on ...,1087,27,0.533,0.197,1,0,0.74,26.5,0.901,1,5,0,4.0,0.673,72.7
MTG00617,Standup,2025-08-11,9,5,That's a really innovative approach. I'll take the action item to follow up. We're making great progress on this. I'm excited about this direction. Let's move forward. Can everyone see the presentation? I agree with this approach. It makes sense. We're making great progress on this. I agree with this approach. It makes sense. This solution addresses our concerns perfectly. I disagree with this direction completely. I agree with this approach. It makes sense. Great idea! Let's explore that furthe...,502,12,0.672,0.154,1,1,0.823,1.8,0.923,0,3,0,4.5,0.597,83.9
MTG00618,Standup,2025-10-11,4,3,We have three items on the agenda today. This is exactly what we need. Well done. Let's move to the next topic. We've discussed this several times already. This doesn't align with our objectives. Here are the key metrics from last week. I'll take the action item to follow up. We've discussed this several times already. We've discussed this several times already....,364,9,0.513,0.171,0,1,0.896,1.33,0.915,2,1,3,3.2,0.465,58.4
MTG00619,Planning,2025-11-04,20,4,Here are the key metrics from last week. We have three items on the agenda today. This is exactly what we need. Well done. I think we've reached a good decision here. We're making great progress on this. Let's move to the next topic. I agree with this approach. It makes sense. I think we've reached a good decision here. I agree with this approach. It makes sense. Let me share my screen to show the data. This is exactly what we need. Well done. Excellent point. I hadn't considered that. We have t...,654,16,0.615,0.184,1,0,0.527,5.0,0.908,1,2,2,3.7,0.594,63.1
MTG00620,Planning,2025-07-20,65,4,I'll take the action item to follow up. I'll take the action item to follow up. Let me share my screen to show the data. I agree with this approach. It makes sense. I'll send out the meeting notes later. Let's move to the next topic. I disagree with this direction completely. I'm concerned about the timeline here. We should schedule a follow-up meeting. I'll take the action item to follow up. We should have resolved this weeks ago. Here are the key metrics from last week. This is exactly what we...,1415,36,0.522,0.228,1,1,0.491,16.25,0.886,0,2,2,3.8,0.602,70.0
MTG00621,Status Update,2025-05-29,9,5,Can everyone see the presentation? I think we've reached a good decision here. I appreciate everyone's input today. I disagree with this direction completely. I'm excited about this direction. Let's move forward. Excellent point. I hadn't considered that. I appreciate everyone's input today. Can everyone see the presentation? I don't think we have enough information to decide. I'm concerned about the timeline here. That's a really innovative approach. Let me share my screen to show the data. Can...,710,17,0.555,0.202,1,0,0.718,1.8,0.899,1,1,2,3.6,0.583,64.5
MTG00622,Retrospective,2025-07-04,28,4,Let me share my screen to show the data. Here are the key metrics from last week. I appreciate everyone's input today. We have three items on the agenda today. We're making great progress on this. Great idea! Let's explore that further. We've discussed this several times already. Let's move to the next topic. Here are the key metrics from last week. This solution addresses our concerns perfectly. Here are the key metrics from last week. I agree with this approach. It makes sense. Here are the ke...,749,19,0.532,0.224,0,1,0.79,7.0,0.888,4,0,0,2.8,,53.7
MTG00623,One-on-One,2025-08-23,48,2,This solution addresses our concerns perfectly. The project timeline is on track. I'll take the action item to follow up. Excellent point. I hadn't considered that. I think we've reached a good decision here. This is exactly what we need. Well done. Let me share my screen to show the data. This solution addresses our concerns perfectly. I appreciate everyone's input today. We should schedule a follow-up meeting. We should schedule a follow-up meeting. This solution addresses our concerns perfect...,1152,28,0.508,0.214,1,1,0.859,24.0,0.893,0,5,1,4.6,0.622,85.0
MTG00624,Status Update,2025-05-22,23,17,This doesn't align with our objectives. Here are the key metrics from last week. This is exactly what we need. Well done. I'm concerned about the timeline here. We have three items on the agenda today. Let me share my screen to show the data. I appreciate everyone's input today. We should schedule a follow-up meeting. The deadline for this is next Friday. I'm excited about this direction. Let's move forward. This solution addresses our concerns perfectly. I'll take the action item to follow up. ...,580,14,0.556,0.193,0,0,0.803,1.35,0.904,4,1,4,2.8,0.412,46.7
MTG00625,Status Update,2025-09-28,24,15,That's a really innovative approach. Can everyone see the presentation? I'll take the action item to follow up. I'll take the action item to follow up. We're making great progress on this. I think we've reached a good decision here. We should schedule a follow-up meeting. I'll send out the meeting notes later. This seems like a waste of time honestly. This doesn't align with our objectives. We should have resolved this weeks ago. Let me share my screen to show the data. Let's move to the next to...,681,17,0.515,0.188,0,1,0.727,1.6,0.906,5,4,3,3.9,0.431,60.1
MTG00626,Brainstorming,2025-10-02,11,5,I disagree with this direction completely. We're making great progress on this. I'm concerned about the timeline here. I'll send out the meeting notes later. We should schedule a follow-up meeting. I'm not sure this is the right approach. I'm excited about this direction. Let's move forward. The deadline for this is next Friday. Let's move to the next topic. We're going in circles on this topic. This meeting could have been an email....,437,11,0.401,0.203,0,0,0.697,2.2,0.899,1,2,7,2.3,0.359,42.9
MTG00627,Status Update,2025-06-04,27,5,Here are the key metrics from last week. This is exactly what we need. Well done. That's a really innovative approach. Can everyone see the presentation? This solution addresses our concerns perfectly. Let's move to the next topic. The deadline for this is next Friday. I don't think we have enough information to decide. This meeting could have been an email. We're making great progress on this. I agree with this approach. It makes sense. Let me share my screen to show the data. We should schedul...,607,15,0.567,0.184,1,1,0.898,5.4,0.908,3,3,2,4.2,0.762,83.4
MTG00628,Review,2025-09-15,35,6,I'll take the action item to follow up. I don't think we have enough information to decide. We should have resolved this weeks ago. We're going in circles on this topic. I disagree with this direction completely. Let's move to the next topic. Here are the key metrics from last week. This solution addresses our concerns perfectly. I'm concerned about the timeline here. The deadline for this is next Friday. I don't think we have enough information to decide. I think we've reached a good decision h...,872,21,0.473,0.208,0,0,0.609,5.83,0.896,5,7,3,3.4,0.42,48.1
MTG00629,Decision-Making,2025-06-30,52,6,I'll send out the meeting notes later. The deadline for this is next Friday. I think we've reached a good decision here. Let's move to the next topic. We've discussed this several times already. I disagree with this direction completely. We're making great progress on this. We're making great progress on this. I think we've reached a good decision here. Can everyone see the presentation? I agree with this approach. It makes sense. We're making great progress on this. I appreciate everyone's inpu...,899,23,0.569,0.226,1,1,0.796,8.67,0.887,0,3,1,4.0,0.788,80.6
MTG00630,Decision-Making,2025-06-02,44,4,That's a really innovative approach. The deadline for this is next Friday. I'm excited about this direction. Let's move forward. This solution addresses our concerns perfectly. We should have resolved this weeks ago. This solution addresses our concerns perfectly. I think we've reached a good decision here. That's a really innovative approach. I'll take the action item to follow up. Excellent point. I hadn't considered that. I think we've reached a good decision here. Here are the key metrics fr...,1106,26,0.62,0.176,1,0,0.82,11.0,0.912,3,1,2,3.9,0.604,68.6
MTG00631,Standup,2025-08-24,11,4,Great idea! Let's explore that further. I'll send out the meeting notes later. I agree with this approach. It makes sense. I don't think we have enough information to decide. We should schedule a follow-up meeting. The deadline for this is next Friday. We're making great progress on this. This seems like a waste of time honestly....,331,8,0.502,0.163,1,0,0.765,2.75,0.919,1,3,1,4.1,0.614,68.9
MTG00632,All-Hands,2025-09-28,33,39,We should schedule a follow-up meeting. I don't think we have enough information to decide. We have three items on the agenda today. I'm excited about this direction. Let's move forward. We're making great progress on this. Can everyone see the presentation? I'll take the action item to follow up. Here are the key metrics from last week. We're making great progress on this. Can everyone see the presentation? This is exactly what we need. Well done. I think we've reached a good decision here. Thi...,964,25,0.588,0.198,1,1,0.834,0.85,0.901,13,4,2,4.7,0.59,84.1
MTG00633,Planning,2025-05-31,70,6,Let's move to the next topic. I appreciate everyone's input today. The deadline for this is next Friday. This solution addresses our concerns perfectly. This meeting could have been an email. Let me share my screen to show the data. Can everyone see the presentation? This solution addresses our concerns perfectly. Here are the key metrics from last week. Here are the key metrics from last week. I'm not sure this is the right approach. The project timeline is on track. Let me share my screen to s...,1375,34,0.545,0.224,1,1,0.546,11.67,0.888,1,1,3,3.7,0.625,69.9
MTG00634,Planning,2025-06-26,47,4,This seems like a waste of time honestly. The deadline for this is next Friday. That's a really innovative approach. We have three items on the agenda today. I'm concerned about the timeline here. We're making great progress on this. The deadline for this is next Friday. I agree with this approach. It makes sense. I'm excited about this direction. Let's move forward. Excellent point. I hadn't considered that. I'm concerned about the timeline here. I'm not sure this is the right approach. The pro...,1021,26,0.454,0.199,1,1,0.526,11.75,0.901,4,0,3,3.3,,65.8
MTG00635,Status Update,2025-05-29,28,6,I appreciate everyone's input today. Let me share my screen to show the data. I disagree with this direction completely. We're going in circles on this topic. We should schedule a follow-up meeting. Let me share my screen to show the data. I'll send out the meeting notes later. I disagree with this direction completely. We have three items on the agenda today. I'm not sure this is the right approach. I'm concerned about the timeline here. Here are the key metrics from last week. Let me share my ...,978,24,0.498,0.198,0,1,0.677,4.67,0.901,2,1,2,3.2,0.41,52.4
MTG00636,Status Update,2025-09-14,34,9,That's a really innovative approach. Let me share my screen to show the data. Here are the key metrics from last week. I'm excited about this direction. Let's move forward. Can everyone see the presentation? That's a really innovative approach. This solution addresses our concerns perfectly. I disagree with this direction completely. This seems like a waste of time honestly. The deadline for this is next Friday. Excellent point. I hadn't considered that. I think we've reached a good decision her...,768,18,0.574,0.227,1,0,0.79,3.78,0.886,2,2,2,3.7,0.555,68.5
MTG00637,Retrospective,2025-05-25,59,3,We're making great progress on this. Let me share my screen to show the data. We should have resolved this weeks ago. This meeting could have been an email. The project timeline is on track. I appreciate everyone's input today. Excellent point. I hadn't considered that. This is exactly what we need. Well done. I agree with this approach. It makes sense. Great idea! Let's explore that further. I appreciate everyone's input today. I agree with this approach. It makes sense. I'll take the action it...,1131,28,0.607,0.193,1,1,0.911,19.67,0.903,1,1,2,4.2,0.685,80.5
MTG00638,Brainstorming,2025-11-04,30,10,This doesn't align with our objectives. I don't think we have enough information to decide. I'm concerned about the timeline here. We should schedule a follow-up meeting. I'll send out the meeting notes later. This solution addresses our concerns perfectly. We should have resolved this weeks ago. I'll send out the meeting notes later. I think we've reached a good decision here. The deadline for this is next Friday. We should have resolved this weeks ago. We should schedule a follow-up meeting. T...,755,18,0.458,0.203,1,1,0.626,3.0,0.898,4,4,0,4.0,0.62,76.3
MTG00639,Retrospective,2025-11-07,80,3,I think we've reached a good decision here. Great idea! Let's explore that further. Great idea! Let's explore that further. Can everyone see the presentation? Great idea! Let's explore that further. I'm excited about this direction. Let's move forward. We should schedule a follow-up meeting. I'll send out the meeting notes later. I think we've reached a good decision here. The deadline for this is next Friday. We've discussed this several times already. Let me share my screen to show the data. L...,1280,31,0.629,0.189,1,1,0.804,26.67,0.906,0,5,5,4.8,0.719,86.3
MTG00640,One-on-One,2025-09-24,67,2,We've discussed this several times already. We have three items on the agenda today. I'll take the action item to follow up. We should have resolved this weeks ago. This meeting could have been an email. The project timeline is on track. Can everyone see the presentation? Can everyone see the presentation? Let me share my screen to show the data. This meeting could have been an email. We should schedule a follow-up meeting. We have three items on the agenda today. The deadline for this is next F...,1067,27,0.401,0.178,1,0,0.604,33.5,0.911,0,1,1,3.2,0.535,58.8
MTG00641,Retrospective,2025-08-28,80,3,We should have resolved this weeks ago. Excellent point. I hadn't considered that. Can everyone see the presentation? I'm not sure this is the right approach. We're going in circles on this topic. I'll take the action item to follow up. I'm concerned about the timeline here. We should schedule a follow-up meeting. Let me share my screen to show the data. Great idea! Let's explore that further. Here are the key metrics from last week. I appreciate everyone's input today. The project timeline is o...,1398,35,0.503,0.208,0,1,0.802,26.67,0.896,1,1,1,3.4,0.42,55.5
MTG00642,Status Update,2025-08-04,45,5,This solution addresses our concerns perfectly. Can everyone see the presentation? The deadline for this is next Friday. We're making great progress on this. That's a really innovative approach. I'll send out the meeting notes later. I don't think we have enough information to decide. This seems like a waste of time honestly. I agree with this approach. It makes sense. This meeting could have been an email. I'm excited about this direction. Let's move forward. This is exactly what we need. Well ...,1099,27,0.492,0.174,1,0,0.444,9.0,0.913,1,0,3,3.1,,54.6
MTG00643,Standup,2025-09-16,14,4,We've discussed this several times already. This seems like a waste of time honestly. We've discussed this several times already. That's a really innovative approach. The project timeline is on track. Great idea! Let's explore that further. The project timeline is on track. We've discussed this several times already. Here are the key metrics from last week. Let me share my screen to show the data. We're going in circles on this topic. The project timeline is on track. This doesn't align with our...,603,15,0.41,0.232,0,1,0.378,3.5,0.884,1,1,1,2.8,0.321,42.9
MTG00644,One-on-One,2025-10-09,32,2,Let's move to the next topic. That's a really innovative approach. I'll send out the meeting notes later. That's a really innovative approach. This seems like a waste of time honestly. I'll take the action item to follow up. Here are the key metrics from last week. This solution addresses our concerns perfectly. I appreciate everyone's input today. We've discussed this several times already. Excellent point. I hadn't considered that. We're making great progress on this. The deadline for this is ...,790,20,0.505,0.173,1,1,0.662,16.0,0.913,0,5,3,4.8,0.58,80.4
MTG00645,Brainstorming,2025-09-07,29,5,Can everyone see the presentation? Excellent point. I hadn't considered that. The project timeline is on track. We've discussed this several times already. I'll take the action item to follow up. Great idea! Let's explore that further. Let me share my screen to show the data. Let me share my screen to show the data. We're going in circles on this topic. We have three items on the agenda today. I'm concerned about the timeline here. This is exactly what we need. Well done. We've discussed this se...,810,20,0.44,0.193,0,1,0.565,5.8,0.904,2,8,1,3.1,0.508,56.5
MTG00646,Planning,2025-05-13,72,6,I'm excited about this direction. Let's move forward. I don't think we have enough information to decide. I appreciate everyone's input today. Let's move to the next topic. Excellent point. I hadn't considered that. We're going in circles on this topic. I appreciate everyone's input today. I think we've reached a good decision here. This meeting could have been an email. We should have resolved this weeks ago. Here are the key metrics from last week. Here are the key metrics from last week. Grea...,1531,38,0.539,0.2,1,1,0.756,12.0,0.9,2,0,3,3.6,,73.2
MTG00647,Retrospective,2025-09-06,43,3,We have three items on the agenda today. We're making great progress on this. I'll send out the meeting notes later. Let's move to the next topic. I'll take the action item to follow up. This meeting could have been an email. We should have resolved this weeks ago. Let me share my screen to show the data. Let's move to the next topic. We're going in circles on this topic. That's a really innovative approach. We're making great progress on this. I'll take the action item to follow up. Here are th...,1113,29,0.564,0.198,1,1,0.691,14.33,0.901,0,2,3,4.3,0.559,76.1
MTG00648,All-Hands,2025-05-24,29,21,I'm excited about this direction. Let's move forward. Here are the key metrics from last week. We've discussed this several times already. The project timeline is on track. We should schedule a follow-up meeting. This doesn't align with our objectives. We're making great progress on this. We're going in circles on this topic. The deadline for this is next Friday. Let me share my screen to show the data. Can everyone see the presentation? I think we've reached a good decision here. Let's move to ...,552,14,0.598,0.176,1,0,0.619,1.38,0.912,5,2,4,3.5,0.596,65.1
MTG00649,Retrospective,2025-05-16,29,6,We have three items on the agenda today. I'll take the action item to follow up. We're making great progress on this. We should schedule a follow-up meeting. Excellent point. I hadn't considered that. I'm not sure this is the right approach. I appreciate everyone's input today. The deadline for this is next Friday. I appreciate everyone's input today. Great idea! Let's explore that further. We're going in circles on this topic. The deadline for this is next Friday. Excellent point. I hadn't cons...,644,16,0.618,0.258,1,0,0.855,4.83,0.871,1,6,3,3.8,0.686,76.8
MTG00650,Review,2025-07-17,45,3,I agree with this approach. It makes sense. This is exactly what we need. Well done. This doesn't align with our objectives. The deadline for this is next Friday. Here are the key metrics from last week. This meeting could have been an email. Great idea! Let's explore that further. We should have resolved this weeks ago. We're making great progress on this. Let's move to the next topic. I appreciate everyone's input today. Let me share my screen to show the data. That's a really innovative appro...,820,21,0.585,0.207,1,1,0.812,15.0,0.896,1,4,1,4.4,0.754,83.5
MTG00651,All-Hands,2025-05-12,53,41,We have three items on the agenda today. We have three items on the agenda today. I agree with this approach. It makes sense. Can everyone see the presentation? Let's move to the next topic. We should schedule a follow-up meeting. I appreciate everyone's input today. The project timeline is on track. I'll take the action item to follow up. The deadline for this is next Friday. I agree with this approach. It makes sense. I'm not sure this is the right approach. The deadline for this is next Frida...,1129,28,0.486,0.242,0,0,0.735,1.29,0.879,14,5,2,2.9,0.465,51.3
MTG00652,All-Hands,2025-10-28,41,20,Excellent point. I hadn't considered that. This is exactly what we need. Well done. Can everyone see the presentation? The deadline for this is next Friday. I'll send out the meeting notes later. Great idea! Let's explore that further. Let's move to the next topic. Let me share my screen to show the data. The project timeline is on track. Great idea! Let's explore that further. I agree with this approach. It makes sense. That's a really innovative approach. I'm excited about this direction. Let'...,855,21,0.671,0.13,1,0,0.701,2.05,0.935,5,7,1,4.1,0.642,75.0
MTG00653,Review,2025-09-20,30,12,We should have resolved this weeks ago. We should have resolved this weeks ago. We should schedule a follow-up meeting. Excellent point. I hadn't considered that. We have three items on the agenda today. The deadline for this is next Friday. I'll send out the meeting notes later. I disagree with this direction completely. I disagree with this direction completely. We have three items on the agenda today. The deadline for this is next Friday. This doesn't align with our objectives. The project ti...,980,25,0.403,0.16,0,0,0.859,2.5,0.92,2,3,1,2.4,0.4,49.3
MTG00654,Status Update,2025-10-23,18,5,I'm not sure this is the right approach. This solution addresses our concerns perfectly. I'll send out the meeting notes later. Great idea! Let's explore that further. I'll take the action item to follow up. Let's move to the next topic. I'll send out the meeting notes later. We should schedule a follow-up meeting. Here are the key metrics from last week. I'm concerned about the timeline here. This is exactly what we need. Well done. We're making great progress on this. This meeting could have b...,666,17,0.455,0.227,0,0,0.656,3.6,0.886,0,3,2,2.6,0.44,44.8
MTG00655,All-Hands,2025-08-26,56,41,We've discussed this several times already. I'll send out the meeting notes later. Here are the key metrics from last week. I'm not sure this is the right approach. This seems like a waste of time honestly. I agree with this approach. It makes sense. The project timeline is on track. We've discussed this several times already. The deadline for this is next Friday. Let me share my screen to show the data. I don't think we have enough information to decide. Can everyone see the presentation? I'll ...,1238,30,0.428,0.227,0,1,0.82,1.37,0.887,13,4,4,3.6,0.538,60.4
MTG00656,Standup,2025-07-10,11,5,We have three items on the agenda today. We should schedule a follow-up meeting. This solution addresses our concerns perfectly. The project timeline is on track. I disagree with this direction completely. Here are the key metrics from last week. We have three items on the agenda today. We're going in circles on this topic. We're going in circles on this topic. Can everyone see the presentation? Can everyone see the presentation? Here are the key metrics from last week. The project timeline is o...,508,13,0.464,0.178,1,1,0.568,2.2,0.911,0,6,3,3.8,0.76,77.2
MTG00657,Review,2025-08-19,51,3,Excellent point. I hadn't considered that. I think we've reached a good decision here. I'll take the action item to follow up. This solution addresses our concerns perfectly. I'm excited about this direction. Let's move forward. I'll take the action item to follow up. This solution addresses our concerns perfectly. The project timeline is on track. I'll send out the meeting notes later. I'm excited about this direction. Let's move forward. I'm excited about this direction. Let's move forward. I ...,1178,27,0.608,0.225,1,1,0.892,17.0,0.888,1,4,3,4.1,0.767,85.8
MTG00658,Retrospective,2025-08-25,43,3,I'll take the action item to follow up. I'm concerned about the timeline here. Here are the key metrics from last week. This solution addresses our concerns perfectly. The deadline for this is next Friday. We're making great progress on this. I don't think we have enough information to decide. I'll take the action item to follow up. I'll send out the meeting notes later. We should schedule a follow-up meeting. Can everyone see the presentation? This meeting could have been an email. We should sc...,1157,29,0.504,0.199,0,1,0.709,14.33,0.901,1,1,1,2.9,0.436,53.3
MTG00659,One-on-One,2025-06-20,21,2,We're going in circles on this topic. That's a really innovative approach. This meeting could have been an email. I appreciate everyone's input today. I'll take the action item to follow up. Can everyone see the presentation? Let me share my screen to show the data. I appreciate everyone's input today. We should schedule a follow-up meeting. I think we've reached a good decision here. I agree with this approach. It makes sense. We should schedule a follow-up meeting. I'll send out the meeting no...,833,21,0.538,0.185,1,1,0.657,10.5,0.908,0,2,2,3.9,0.589,74.8
MTG00660,Planning,2025-10-21,50,4,I agree with this approach. It makes sense. The project timeline is on track. The project timeline is on track. Can everyone see the presentation? The deadline for this is next Friday. I agree with this approach. It makes sense. This seems like a waste of time honestly. I'm concerned about the timeline here. Let me share my screen to show the data. I think we've reached a good decision here. Let me share my screen to show the data. I'm not sure this is the right approach. We have three items on ...,1012,25,0.55,0.248,0,1,0.895,12.5,0.876,1,3,0,3.3,0.468,62.5
MTG00661,All-Hands,2025-08-09,28,65,This is exactly what we need. Well done. Let me share my screen to show the data. I disagree with this direction completely. This meeting could have been an email. Let's move to the next topic. I'm concerned about the timeline here. The deadline for this is next Friday. This seems like a waste of time honestly. I'll take the action item to follow up. I disagree with this direction completely. This meeting could have been an email. I'm not sure this is the right approach. This doesn't align with ...,676,17,0.344,0.2,1,1,0.311,0.43,0.9,19,2,1,3.1,0.557,62.2
MTG00662,One-on-One,2025-10-07,47,2,Excellent point. I hadn't considered that. I'll send out the meeting notes later. Excellent point. I hadn't considered that. Excellent point. I hadn't considered that. We should schedule a follow-up meeting. Here are the key metrics from last week. The deadline for this is next Friday. This is exactly what we need. Well done. I'm concerned about the timeline here. I'm excited about this direction. Let's move forward. We have three items on the agenda today. Let me share my screen to show the dat...,886,21,0.507,0.169,1,0,0.809,23.5,0.916,0,5,1,3.9,0.665,74.1
MTG00663,Retrospective,2025-10-18,40,3,We're making great progress on this. We're making great progress on this. This is exactly what we need. Well done. I'll send out the meeting notes later. I think we've reached a good decision here. This seems like a waste of time honestly. Great idea! Let's explore that further. The project timeline is on track. I'm excited about this direction. Let's move forward. Excellent point. I hadn't considered that. We should schedule a follow-up meeting. I'll send out the meeting notes later. The projec...,950,24,0.602,0.194,1,1,0.876,13.33,0.903,0,6,2,4.7,0.76,87.5
MTG00664,Standup,2025-05-11,10,3,Here are the key metrics from last week. I'll send out the meeting notes later. This is exactly what we need. Well done. I appreciate everyone's input today. Excellent point. I hadn't considered that. I'm concerned about the timeline here. Let's move to the next topic. This solution addresses our concerns perfectly. This seems like a waste of time honestly....,359,9,0.525,0.164,1,1,0.719,3.33,0.918,1,2,2,4.8,0.642,76.2
MTG00665,Brainstorming,2025-09-05,18,6,Excellent point. I hadn't considered that. I'll send out the meeting notes later. I think we've reached a good decision here. We're making great progress on this. Let me share my screen to show the data. I think we've reached a good decision here. I'll take the action item to follow up. We have three items on the agenda today. We should schedule a follow-up meeting. Great idea! Let's explore that further. I'll send out the meeting notes later. I think we've reached a good decision here. I don't ...,610,15,0.556,0.206,1,1,0.757,3.0,0.897,1,1,3,4.2,0.532,75.5
MTG00666,Planning,2025-07-05,33,4,We should schedule a follow-up meeting. I'll send out the meeting notes later. We have three items on the agenda today. I'll send out the meeting notes later. Can everyone see the presentation? This solution addresses our concerns perfectly. Excellent point. I hadn't considered that. We're going in circles on this topic. Let's move to the next topic. Can everyone see the presentation? We should schedule a follow-up meeting. This doesn't align with our objectives. The deadline for this is next Fr...,873,22,0.566,0.148,0,0,0.885,8.25,0.926,1,2,1,3.2,0.455,51.3
MTG00667,Planning,2025-09-10,48,5,The deadline for this is next Friday. We have three items on the agenda today. Here are the key metrics from last week. The project timeline is on track. I'm not sure this is the right approach. Can everyone see the presentation? We have three items on the agenda today. The project timeline is on track. Can everyone see the presentation? We should schedule a follow-up meeting. This is exactly what we need. Well done. We're going in circles on this topic. The deadline for this is next Friday. I'l...,835,22,0.494,0.197,1,1,0.625,9.6,0.901,0,3,2,3.9,0.713,75.0
MTG00668,Review,2025-10-15,50,3,Let me share my screen to show the data. Here are the key metrics from last week. This doesn't align with our objectives. We're going in circles on this topic. I disagree with this direction completely. We should schedule a follow-up meeting. I'll send out the meeting notes later. The deadline for this is next Friday. Excellent point. I hadn't considered that. I'm not sure this is the right approach. I'll take the action item to follow up. Here are the key metrics from last week. We have three i...,1212,30,0.443,0.21,0,1,0.735,16.67,0.895,2,1,0,3.4,0.496,52.7
MTG00669,Brainstorming,2025-06-29,27,5,The project timeline is on track. I disagree with this direction completely. Let me share my screen to show the data. This seems like a waste of time honestly. The deadline for this is next Friday. This doesn't align with our objectives. Great idea! Let's explore that further. We should have resolved this weeks ago. This doesn't align with our objectives. The deadline for this is next Friday. I'll take the action item to follow up. This meeting could have been an email. This solution addresses o...,563,14,0.436,0.208,0,1,0.466,5.4,0.896,0,1,0,2.9,0.453,45.8
MTG00670,Brainstorming,2025-07-12,36,9,We're making great progress on this. The deadline for this is next Friday. I agree with this approach. It makes sense. Excellent point. I hadn't considered that. This is exactly what we need. Well done. I think we've reached a good decision here. Great idea! Let's explore that further. I agree with this approach. It makes sense. I appreciate everyone's input today. This is exactly what we need. Well done. Let me share my screen to show the data. Can everyone see the presentation? We should sched...,777,20,0.633,0.157,1,1,0.743,4.0,0.922,1,4,2,4.4,0.642,83.1
MTG00671,One-on-One,2025-05-26,12,2,Let's move to the next topic. Here are the key metrics from last week. Here are the key metrics from last week. This seems like a waste of time honestly. I'm excited about this direction. Let's move forward. That's a really innovative approach. I appreciate everyone's input today. The deadline for this is next Friday. The project timeline is on track. We should schedule a follow-up meeting. This doesn't align with our objectives. I'm not sure this is the right approach. Excellent point. I hadn't...,684,17,0.555,0.255,1,1,0.682,6.0,0.872,2,2,3,4.6,0.58,75.2
MTG00672,Retrospective,2025-06-06,46,3,I'll send out the meeting notes later. This seems like a waste of time honestly. Can everyone see the presentation? This solution addresses our concerns perfectly. I'm not sure this is the right approach. This solution addresses our concerns perfectly. We're making great progress on this. I'm concerned about the timeline here. Let me share my screen to show the data. I'll take the action item to follow up. This seems like a waste of time honestly. This doesn't align with our objectives. We shoul...,1038,26,0.51,0.248,1,1,0.484,15.33,0.876,0,3,1,4.2,0.713,71.5
MTG00673,One-on-One,2025-08-04,23,2,We should have resolved this weeks ago. The deadline for this is next Friday. I'll send out the meeting notes later. I'm not sure this is the right approach. I'll take the action item to follow up. The deadline for this is next Friday. We have three items on the agenda today. I'm excited about this direction. Let's move forward. Let's move to the next topic. Let me share my screen to show the data. This solution addresses our concerns perfectly. We should schedule a follow-up meeting. This seems...,612,15,0.452,0.211,0,1,0.875,11.5,0.895,0,2,1,3.3,0.512,58.3
MTG00674,Brainstorming,2025-08-09,43,5,That's a really innovative approach. We should have resolved this weeks ago. I'm not sure this is the right approach. We're making great progress on this. We've discussed this several times already. Let's move to the next topic. Let's move to the next topic. I'll take the action item to follow up. Can everyone see the presentation? The project timeline is on track. This doesn't align with our objectives. Great idea! Let's explore that further. I agree with this approach. It makes sense. The dead...,1023,27,0.457,0.202,1,1,0.403,8.6,0.899,3,3,3,3.5,0.49,68.7
MTG00675,One-on-One,2025-08-11,9,2,Let's move to the next topic. We're going in circles on this topic. I don't think we have enough information to decide. Great idea! Let's explore that further. That's a really innovative approach. This meeting could have been an email. We've discussed this several times already. We should schedule a follow-up meeting. We're making great progress on this. I'll send out the meeting notes later. I disagree with this direction completely. Let me share my screen to show the data. I disagree with this...,684,17,0.485,0.223,0,1,0.602,4.5,0.889,1,2,5,2.8,0.42,52.1
MTG00676,Status Update,2025-08-15,14,5,We should schedule a follow-up meeting. I'm excited about this direction. Let's move forward. The deadline for this is next Friday. This doesn't align with our objectives. I'll take the action item to follow up. We have three items on the agenda today. This meeting could have been an email. I'll send out the meeting notes later. We're going in circles on this topic. I'll send out the meeting notes later. Excellent point. I hadn't considered that. Great idea! Let's explore that further. Let me sh...,771,19,0.501,0.236,1,1,0.694,2.8,0.882,1,7,1,4.3,0.675,80.6
MTG00677,Review,2025-07-24,46,12,I'll send out the meeting notes later. The project timeline is on track. Here are the key metrics from last week. Can everyone see the presentation? I'll take the action item to follow up. I'm not sure this is the right approach. We have three items on the agenda today. This doesn't align with our objectives. Let me share my screen to show the data. I'm excited about this direction. Let's move forward. We should have resolved this weeks ago. We have three items on the agenda today. Excellent poi...,903,22,0.513,0.176,1,1,0.735,3.83,0.912,5,1,2,4.1,0.697,74.3
MTG00678,One-on-One,2025-09-02,41,2,That's a really innovative approach. I disagree with this direction completely. This solution addresses our concerns perfectly. This solution addresses our concerns perfectly. I disagree with this direction completely. This is exactly what we need. Well done. I think we've reached a good decision here. The project timeline is on track. I'm excited about this direction. Let's move forward. I think we've reached a good decision here. Excellent point. I hadn't considered that. Excellent point. I ha...,1167,27,0.583,0.244,1,0,0.871,20.5,0.878,1,2,2,4.3,0.5,70.6
MTG00679,All-Hands,2025-09-11,60,59,Excellent point. I hadn't considered that. We should schedule a follow-up meeting. This is exactly what we need. Well done. We have three items on the agenda today. That's a really innovative approach. That's a really innovative approach. This solution addresses our concerns perfectly. I'll send out the meeting notes later. I'll send out the meeting notes later. This seems like a waste of time honestly. Here are the key metrics from last week. I don't think we have enough information to decide. ...,1133,28,0.507,0.267,1,1,0.592,1.02,0.867,15,1,0,3.9,0.632,69.9
MTG00680,Decision-Making,2025-08-05,45,4,Can everyone see the presentation? I'm concerned about the timeline here. We should schedule a follow-up meeting. We should have resolved this weeks ago. I appreciate everyone's input today. This meeting could have been an email. Excellent point. I hadn't considered that. This seems like a waste of time honestly. I'll send out the meeting notes later. I'm concerned about the timeline here. We're going in circles on this topic. I'll take the action item to follow up. Here are the key metrics from...,835,21,0.439,0.198,1,1,0.661,11.25,0.901,2,0,2,3.7,,68.8
MTG00681,Retrospective,2025-10-17,65,3,Let me share my screen to show the data. The deadline for this is next Friday. I disagree with this direction completely. I'll send out the meeting notes later. We should schedule a follow-up meeting. We have three items on the agenda today. The deadline for this is next Friday. Let me share my screen to show the data. Great idea! Let's explore that further. We're making great progress on this. This doesn't align with our objectives. Great idea! Let's explore that further. The deadline for this ...,1065,27,0.516,0.195,1,1,0.524,21.67,0.902,0,4,3,3.4,0.661,75.0
MTG00682,Planning,2025-09-19,76,4,I appreciate everyone's input today. We're making great progress on this. I agree with this approach. It makes sense. Can everyone see the presentation? This meeting could have been an email. I'm excited about this direction. Let's move forward. I think we've reached a good decision here. The project timeline is on track. I agree with this approach. It makes sense. I think we've reached a good decision here. Can everyone see the presentation? The deadline for this is next Friday. I agree with th...,1330,32,0.632,0.22,1,1,0.875,19.0,0.89,0,6,2,4.3,0.828,87.9
MTG00683,Brainstorming,2025-05-24,123,11,I'll send out the meeting notes later. I'm concerned about the timeline here. We're going in circles on this topic. Let's move to the next topic. I'm concerned about the timeline here. I'll take the action item to follow up. We're making great progress on this. The deadline for this is next Friday. This is exactly what we need. Well done. Let me share my screen to show the data. We have three items on the agenda today. Great idea! Let's explore that further. I think we've reached a good decision...,2080,52,0.552,0.228,0,1,0.816,11.18,0.886,6,4,1,3.5,0.607,62.7
MTG00684,Decision-Making,2025-07-22,38,8,I don't think we have enough information to decide. This meeting could have been an email. This is exactly what we need. Well done. Let me share my screen to show the data. The deadline for this is next Friday. Can everyone see the presentation? This seems like a waste of time honestly. We have three items on the agenda today. We should schedule a follow-up meeting. I don't think we have enough information to decide. The deadline for this is next Friday. Great idea! Let's explore that further. T...,1102,27,0.509,0.216,1,1,0.445,4.75,0.892,3,3,4,3.4,0.654,70.7
MTG00685,Decision-Making,2025-11-07,25,4,We should schedule a follow-up meeting. The project timeline is on track. I'm concerned about the timeline here. I'm concerned about the timeline here. The deadline for this is next Friday. Let's move to the next topic. The project timeline is on track. Can everyone see the presentation? That's a really innovative approach. I'll send out the meeting notes later. The project timeline is on track. I think we've reached a good decision here. Here are the key metrics from last week. This meeting cou...,522,14,0.435,0.165,1,1,0.655,6.25,0.918,1,4,3,3.5,0.754,76.8
MTG00686,Review,2025-07-19,56,3,We should have resolved this weeks ago. This meeting could have been an email. The project timeline is on track. We're going in circles on this topic. The project timeline is on track. We should schedule a follow-up meeting. Let me share my screen to show the data. I'm excited about this direction. Let's move forward. I don't think we have enough information to decide. I'm not sure this is the right approach. I appreciate everyone's input today. Here are the key metrics from last week. We have t...,944,23,0.427,0.193,0,1,0.766,18.67,0.903,2,2,1,3.2,0.406,55.2
MTG00687,Brainstorming,2025-08-23,68,7,Great idea! Let's explore that further. I'll take the action item to follow up. This meeting could have been an email. We're going in circles on this topic. I'll send out the meeting notes later. Can everyone see the presentation? Let me share my screen to show the data. The project timeline is on track. I'll take the action item to follow up. Let me share my screen to show the data. I'm concerned about the timeline here. We're making great progress on this. I'll take the action item to follow u...,1439,37,0.55,0.178,1,0,0.568,9.71,0.911,1,0,4,3.2,,58.9
MTG00688,Decision-Making,2025-09-23,51,5,I'll take the action item to follow up. Let me share my screen to show the data. This seems like a waste of time honestly. We've discussed this several times already. I don't think we have enough information to decide. I'll take the action item to follow up. We should have resolved this weeks ago. Let me share my screen to show the data. We've discussed this several times already. The deadline for this is next Friday. Can everyone see the presentation? The deadline for this is next Friday. Can e...,1203,30,0.489,0.181,1,0,0.359,10.2,0.91,0,4,3,3.4,0.465,60.4
MTG00689,Review,2025-10-22,31,3,This is exactly what we need. Well done. We've discussed this several times already. We should have resolved this weeks ago. This solution addresses our concerns perfectly. I agree with this approach. It makes sense. The project timeline is on track. That's a really innovative approach. We're making great progress on this. That's a really innovative approach. We have three items on the agenda today. We should have resolved this weeks ago. I think we've reached a good decision here. I'm excited a...,757,19,0.582,0.24,1,1,0.76,10.33,0.88,1,0,3,3.6,,73.8
MTG00690,Review,2025-06-21,29,11,Let me share my screen to show the data. This meeting could have been an email. We have three items on the agenda today. We have three items on the agenda today. The deadline for this is next Friday. This doesn't align with our objectives. I don't think we have enough information to decide. The deadline for this is next Friday. That's a really innovative approach. That's a really innovative approach. I'll take the action item to follow up. We should schedule a follow-up meeting. Let's move to th...,725,18,0.458,0.18,1,1,0.675,2.64,0.91,4,1,2,3.7,0.661,71.7
MTG00691,All-Hands,2025-07-27,58,37,The deadline for this is next Friday. I'm concerned about the timeline here. I think we've reached a good decision here. We should have resolved this weeks ago. This meeting could have been an email. We've discussed this several times already. I'll take the action item to follow up. We should schedule a follow-up meeting. That's a really innovative approach. We should schedule a follow-up meeting. I'll send out the meeting notes later. Let's move to the next topic. This solution addresses our co...,1102,27,0.506,0.161,1,1,0.542,1.57,0.92,8,2,1,4.1,0.682,71.5
MTG00692,One-on-One,2025-10-17,45,2,I agree with this approach. It makes sense. I think we've reached a good decision here. I disagree with this direction completely. The project timeline is on track. We have three items on the agenda today. This meeting could have been an email. The deadline for this is next Friday. We should schedule a follow-up meeting. We should have resolved this weeks ago. The project timeline is on track. The project timeline is on track. Let's move to the next topic. I agree with this approach. It makes se...,864,22,0.475,0.192,0,1,0.876,22.5,0.904,1,3,0,3.3,0.57,61.0
MTG00693,Retrospective,2025-10-24,52,4,This is exactly what we need. Well done. I'm excited about this direction. Let's move forward. This seems like a waste of time honestly. This is exactly what we need. Well done. I'm excited about this direction. Let's move forward. Let's move to the next topic. I appreciate everyone's input today. We have three items on the agenda today. The project timeline is on track. This solution addresses our concerns perfectly. I agree with this approach. It makes sense. We should schedule a follow-up mee...,1116,26,0.571,0.225,1,1,0.761,13.0,0.887,1,3,0,4.6,0.731,79.8
MTG00694,Decision-Making,2025-10-09,27,7,Can everyone see the presentation? Let's move to the next topic. I don't think we have enough information to decide. We have three items on the agenda today. This is exactly what we need. Well done. I think we've reached a good decision here. I'll take the action item to follow up. I think we've reached a good decision here. We've discussed this several times already. I'll take the action item to follow up. I'm not sure this is the right approach. Can everyone see the presentation? We're going i...,601,15,0.471,0.18,1,1,0.453,3.86,0.91,4,2,0,3.8,0.61,68.4
MTG00695,Retrospective,2025-06-20,95,10,That's a really innovative approach. We're going in circles on this topic. I disagree with this direction completely. I'm excited about this direction. Let's move forward. We've discussed this several times already. I'll send out the meeting notes later. Great idea! Let's explore that further. Can everyone see the presentation? I'll send out the meeting notes later. We've discussed this several times already. Let's move to the next topic. We're going in circles on this topic. Let me share my scr...,1822,45,0.505,0.205,1,1,0.509,9.5,0.897,3,3,1,4.1,0.537,72.3
MTG00696,Planning,2025-05-17,65,4,Can everyone see the presentation? This meeting could have been an email. Excellent point. I hadn't considered that. We should schedule a follow-up meeting. I disagree with this direction completely. I'm concerned about the timeline here. Great idea! Let's explore that further. I'll send out the meeting notes later. I'll take the action item to follow up. Here are the key metrics from last week. I appreciate everyone's input today. I'm concerned about the timeline here. The project timeline is o...,1368,34,0.506,0.208,1,0,0.794,16.25,0.896,1,3,2,3.9,0.678,69.4
MTG00697,Brainstorming,2025-05-15,36,5,Here are the key metrics from last week. This doesn't align with our objectives. Here are the key metrics from last week. I agree with this approach. It makes sense. I'll take the action item to follow up. The deadline for this is next Friday. Great idea! Let's explore that further. I'll take the action item to follow up. Excellent point. I hadn't considered that. Let me share my screen to show the data. We've discussed this several times already. I'll send out the meeting notes later. The deadl...,772,19,0.497,0.175,1,1,0.456,7.2,0.913,2,2,5,3.7,0.567,69.0
MTG00698,Retrospective,2025-05-13,45,3,I appreciate everyone's input today. I agree with this approach. It makes sense. I don't think we have enough information to decide. Excellent point. I hadn't considered that. We should have resolved this weeks ago. The deadline for this is next Friday. The deadline for this is next Friday. We've discussed this several times already. This solution addresses our concerns perfectly. Let's move to the next topic. This seems like a waste of time honestly. I'll send out the meeting notes later. I dis...,800,20,0.431,0.205,1,0,0.285,15.0,0.898,0,2,3,3.1,0.466,53.2
MTG00699,Review,2025-05-21,39,3,I'll take the action item to follow up. We're making great progress on this. We should schedule a follow-up meeting. Can everyone see the presentation? I'll send out the meeting notes later. Great idea! Let's explore that further. Can everyone see the presentation? I'm not sure this is the right approach. I'll send out the meeting notes later. We should schedule a follow-up meeting. This is exactly what we need. Well done. I'm not sure this is the right approach. Let me share my screen to show t...,1105,28,0.49,0.22,1,1,0.903,13.0,0.89,1,4,2,4.4,0.708,83.7
MTG00700,Retrospective,2025-06-10,47,5,Let's move to the next topic. I'm excited about this direction. Let's move forward. Excellent point. I hadn't considered that. We should schedule a follow-up meeting. Excellent point. I hadn't considered that. Can everyone see the presentation? We should schedule a follow-up meeting. I'll send out the meeting notes later. Can everyone see the presentation? This is exactly what we need. Well done. We should schedule a follow-up meeting. Excellent point. I hadn't considered that. We should have re...,1079,27,0.476,0.205,1,1,0.581,9.4,0.898,3,4,0,4.0,0.654,75.5
MTG00701,Retrospective,2025-08-30,46,3,The project timeline is on track. I'm excited about this direction. Let's move forward. I appreciate everyone's input today. I'm not sure this is the right approach. We've discussed this several times already. Here are the key metrics from last week. We've discussed this several times already. I'll take the action item to follow up. Can everyone see the presentation? I'm excited about this direction. Let's move forward. I'm concerned about the timeline here. I disagree with this direction comple...,1212,30,0.489,0.247,1,0,0.676,15.33,0.877,0,4,0,3.9,0.658,67.8
MTG00702,Retrospective,2025-08-21,37,3,Can everyone see the presentation? We're going in circles on this topic. Here are the key metrics from last week. I'll take the action item to follow up. I appreciate everyone's input today. Here are the key metrics from last week. This meeting could have been an email. Here are the key metrics from last week. I don't think we have enough information to decide. We've discussed this several times already. This seems like a waste of time honestly. We should schedule a follow-up meeting. Here are t...,975,23,0.53,0.237,1,1,0.674,12.33,0.881,2,2,2,3.6,0.596,74.7
MTG00703,One-on-One,2025-09-10,46,2,The project timeline is on track. Let me share my screen to show the data. We have three items on the agenda today. We have three items on the agenda today. This meeting could have been an email. This is exactly what we need. Well done. Excellent point. I hadn't considered that. I'll send out the meeting notes later. Let me share my screen to show the data. I'll take the action item to follow up. We should schedule a follow-up meeting. I'll send out the meeting notes later. The project timeline ...,1033,26,0.527,0.208,1,1,0.656,23.0,0.896,1,1,1,3.8,0.722,72.4
MTG00704,Status Update,2025-10-08,5,5,I think we've reached a good decision here. We're making great progress on this. Excellent point. I hadn't considered that. I agree with this approach. It makes sense. This solution addresses our concerns perfectly. I'll take the action item to follow up. Here are the key metrics from last week. We have three items on the agenda today. We have three items on the agenda today. I'm excited about this direction. Let's move forward....,432,10,0.572,0.221,1,0,0.815,1.0,0.889,2,0,1,4.3,,65.2
MTG00705,All-Hands,2025-05-30,47,55,Great idea! Let's explore that further. We're making great progress on this. Can everyone see the presentation? I disagree with this direction completely. This doesn't align with our objectives. Great idea! Let's explore that further. We should have resolved this weeks ago. I'll take the action item to follow up. I'll send out the meeting notes later. This solution addresses our concerns perfectly. We've discussed this several times already. We have three items on the agenda today. The project t...,921,23,0.551,0.211,0,1,0.732,0.85,0.894,13,5,4,3.6,0.607,62.7
MTG00706,Standup,2025-11-01,0,3,Here are the key metrics from last week. Let me share my screen to show the data. We're going in circles on this topic. Excellent point. I hadn't considered that. This doesn't align with our objectives. This is exactly what we need. Well done....,243,6,0.484,0.224,1,0,0.566,0.0,0.888,1,6,1,3.2,0.489,67.1
MTG00707,Review,2025-10-27,69,4,I'll take the action item to follow up. I'll take the action item to follow up. Excellent point. I hadn't considered that. This doesn't align with our objectives. I'm excited about this direction. Let's move forward. We're making great progress on this. Let me share my screen to show the data. We should have resolved this weeks ago. Excellent point. I hadn't considered that. I think we've reached a good decision here. This doesn't align with our objectives. Let me share my screen to show the dat...,1248,30,0.551,0.241,1,1,0.501,17.25,0.88,0,1,3,4.0,0.62,68.7
MTG00708,Retrospective,2025-09-28,75,5,We have three items on the agenda today. This is exactly what we need. Well done. I appreciate everyone's input today. We have three items on the agenda today. This seems like a waste of time honestly. I'm concerned about the timeline here. The deadline for this is next Friday. Can everyone see the presentation? I disagree with this direction completely. I disagree with this direction completely. The project timeline is on track. This meeting could have been an email. I think we've reached a goo...,1331,33,0.524,0.207,1,0,0.552,15.0,0.896,0,1,1,3.7,0.524,59.7
MTG00709,Brainstorming,2025-08-03,57,5,We should schedule a follow-up meeting. We have three items on the agenda today. Here are the key metrics from last week. We have three items on the agenda today. This is exactly what we need. Well done. I'm not sure this is the right approach. I'll take the action item to follow up. That's a really innovative approach. We have three items on the agenda today. The project timeline is on track. We should schedule a follow-up meeting. I'll send out the meeting notes later. Here are the key metrics...,1259,32,0.5,0.167,1,0,0.681,11.4,0.917,1,1,3,3.4,0.487,62.8
MTG00710,All-Hands,2025-10-15,53,20,We're going in circles on this topic. I don't think we have enough information to decide. That's a really innovative approach. This is exactly what we need. Well done. This doesn't align with our objectives. Let me share my screen to show the data. I'll send out the meeting notes later. We should have resolved this weeks ago. I'll take the action item to follow up. The deadline for this is next Friday. I'll take the action item to follow up. We have three items on the agenda today. That's a real...,1056,26,0.445,0.208,0,1,0.377,2.65,0.896,7,2,2,2.8,0.358,45.8
MTG00711,Planning,2025-11-05,62,4,Let me share my screen to show the data. Great idea! Let's explore that further. We have three items on the agenda today. Let's move to the next topic. The deadline for this is next Friday. I think we've reached a good decision here. I agree with this approach. It makes sense. I agree with this approach. It makes sense. Excellent point. I hadn't considered that. We should schedule a follow-up meeting. I agree with this approach. It makes sense. We should schedule a follow-up meeting. I disagree ...,994,25,0.502,0.247,1,0,0.661,15.5,0.876,1,5,2,3.8,0.694,69.7
MTG00712,Brainstorming,2025-09-28,67,5,That's a really innovative approach. This is exactly what we need. Well done. I think we've reached a good decision here. This meeting could have been an email. The project timeline is on track. We should schedule a follow-up meeting. Can everyone see the presentation? We should have resolved this weeks ago. That's a really innovative approach. I agree with this approach. It makes sense. This is exactly what we need. Well done. This is exactly what we need. Well done. I'm excited about this dire...,1129,28,0.584,0.228,1,1,0.701,13.4,0.886,2,5,2,4.5,0.72,82.5
MTG00713,Brainstorming,2025-09-06,44,5,This solution addresses our concerns perfectly. Let's move to the next topic. I agree with this approach. It makes sense. This solution addresses our concerns perfectly. The project timeline is on track. Can everyone see the presentation? The project timeline is on track. This is exactly what we need. Well done. This seems like a waste of time honestly. I'll send out the meeting notes later. Here are the key metrics from last week. We've discussed this several times already. I'm concerned about ...,971,25,0.508,0.22,0,0,0.653,8.8,0.89,0,7,1,2.7,0.384,49.8
MTG00714,Status Update,2025-10-28,35,8,I'm not sure this is the right approach. We should schedule a follow-up meeting. Great idea! Let's explore that further. I appreciate everyone's input today. I'll take the action item to follow up. I'll take the action item to follow up. I appreciate everyone's input today. Here are the key metrics from last week. Here are the key metrics from last week. The project timeline is on track. We should have resolved this weeks ago. Here are the key metrics from last week. Let's move to the next topic...,959,24,0.54,0.227,0,0,0.839,4.38,0.887,3,0,1,2.6,,45.1
MTG00715,Brainstorming,2025-06-25,33,5,I disagree with this direction completely. I disagree with this direction completely. Great idea! Let's explore that further. I'm excited about this direction. Let's move forward. Can everyone see the presentation? This doesn't align with our objectives. The project timeline is on track. We should schedule a follow-up meeting. We should have resolved this weeks ago. Excellent point. I hadn't considered that. I disagree with this direction completely. I'll take the action item to follow up. I app...,688,17,0.536,0.22,1,1,0.693,6.6,0.89,2,6,0,4.9,0.753,81.4
MTG00716,Brainstorming,2025-09-06,45,5,We have three items on the agenda today. The deadline for this is next Friday. This seems like a waste of time honestly. I think we've reached a good decision here. I'm excited about this direction. Let's move forward. This is exactly what we need. Well done. The project timeline is on track. Here are the key metrics from last week. Can everyone see the presentation? This seems like a waste of time honestly. We're going in circles on this topic. This doesn't align with our objectives. I'm not su...,883,22,0.5,0.205,1,1,0.655,9.0,0.898,3,2,1,3.7,0.645,73.8
MTG00717,Brainstorming,2025-10-17,58,5,Great idea! Let's explore that further. I'll send out the meeting notes later. Can everyone see the presentation? I appreciate everyone's input today. This is exactly what we need. Well done. Let's move to the next topic. I don't think we have enough information to decide. I'm excited about this direction. Let's move forward. Let me share my screen to show the data. This is exactly what we need. Well done. I'll send out the meeting notes later. I'll take the action item to follow up. This soluti...,1240,31,0.556,0.175,1,1,0.922,11.6,0.913,1,2,2,4.1,0.815,81.9
MTG00718,Review,2025-10-11,21,6,Excellent point. I hadn't considered that. The project timeline is on track. I disagree with this direction completely. The project timeline is on track. This is exactly what we need. Well done. I'm excited about this direction. Let's move forward. Let's move to the next topic. This is exactly what we need. Well done. We should schedule a follow-up meeting. This meeting could have been an email. Great idea! Let's explore that further. Let's move to the next topic. Great idea! Let's explore that ...,677,17,0.575,0.2,1,0,0.883,3.5,0.9,2,4,3,3.6,0.577,75.1
MTG00719,Review,2025-09-13,59,3,This solution addresses our concerns perfectly. Excellent point. I hadn't considered that. That's a really innovative approach. Can everyone see the presentation? I think we've reached a good decision here. Let's move to the next topic. We have three items on the agenda today. I appreciate everyone's input today. Excellent point. I hadn't considered that. The deadline for this is next Friday. I agree with this approach. It makes sense. We have three items on the agenda today. I agree with this a...,1099,27,0.611,0.179,1,1,0.772,19.67,0.91,0,2,1,4.4,0.733,79.2
MTG00720,Review,2025-10-04,30,3,This solution addresses our concerns perfectly. I'll take the action item to follow up. Let me share my screen to show the data. I appreciate everyone's input today. Great idea! Let's explore that further. I agree with this approach. It makes sense. I agree with this approach. It makes sense. Here are the key metrics from last week. That's a really innovative approach. We're making great progress on this. This solution addresses our concerns perfectly. I'll send out the meeting notes later. I ag...,848,21,0.578,0.188,1,1,0.773,10.0,0.906,1,1,3,4.1,0.573,76.5
MTG00721,Review,2025-11-01,22,3,I think we've reached a good decision here. We have three items on the agenda today. I don't think we have enough information to decide. I'll send out the meeting notes later. I agree with this approach. It makes sense. That's a really innovative approach. This is exactly what we need. Well done. I think we've reached a good decision here. That's a really innovative approach. Great idea! Let's explore that further. Excellent point. I hadn't considered that. I appreciate everyone's input today....,498,12,0.626,0.219,1,1,0.791,7.33,0.891,1,2,2,4.0,0.7,79.6
MTG00722,Decision-Making,2025-07-10,49,5,We're making great progress on this. I'm excited about this direction. Let's move forward. Can everyone see the presentation? I think we've reached a good decision here. We have three items on the agenda today. I'll send out the meeting notes later. Let me share my screen to show the data. This meeting could have been an email. I'll take the action item to follow up. I'll send out the meeting notes later. Let's move to the next topic. This meeting could have been an email. This solution addresse...,1248,31,0.484,0.197,0,1,0.584,9.8,0.902,1,3,1,3.3,0.415,53.8
MTG00723,Decision-Making,2025-11-01,53,4,This is exactly what we need. Well done. I appreciate everyone's input today. I'm concerned about the timeline here. The deadline for this is next Friday. This is exactly what we need. Well done. I'll take the action item to follow up. Here are the key metrics from last week. Here are the key metrics from last week. The project timeline is on track. This is exactly what we need. Well done. I agree with this approach. It makes sense. I'm concerned about the timeline here. We should schedule a fol...,1230,31,0.548,0.214,1,1,0.459,13.25,0.893,2,3,2,3.7,0.706,71.8
MTG00724,One-on-One,2025-07-29,43,2,I appreciate everyone's input today. Let me share my screen to show the data. That's a really innovative approach. We have three items on the agenda today. I agree with this approach. It makes sense. This is exactly what we need. Well done. I'll send out the meeting notes later. I'm not sure this is the right approach. Great idea! Let's explore that further. I'll take the action item to follow up. Great idea! Let's explore that further. The project timeline is on track. Excellent point. I hadn't...,995,25,0.576,0.193,1,1,0.804,21.5,0.903,0,2,1,4.6,0.572,79.2
MTG00725,Retrospective,2025-09-24,57,4,Can everyone see the presentation? This solution addresses our concerns perfectly. I don't think we have enough information to decide. Let me share my screen to show the data. I appreciate everyone's input today. That's a really innovative approach. I disagree with this direction completely. This doesn't align with our objectives. I appreciate everyone's input today. Here are the key metrics from last week. We've discussed this several times already. We should have resolved this weeks ago. We sh...,1101,27,0.568,0.222,1,1,0.7,14.25,0.889,0,2,0,3.8,0.737,76.2
MTG00726,All-Hands,2025-07-16,35,49,This solution addresses our concerns perfectly. Can everyone see the presentation? I'm concerned about the timeline here. We should schedule a follow-up meeting. I disagree with this direction completely. I disagree with this direction completely. This doesn't align with our objectives. I'll send out the meeting notes later. Let me share my screen to show the data. I'll take the action item to follow up. I'll take the action item to follow up. I don't think we have enough information to decide. ...,796,19,0.427,0.241,1,1,0.474,0.71,0.88,9,2,4,3.9,0.646,67.6
MTG00727,Planning,2025-07-01,58,7,I think we've reached a good decision here. Here are the key metrics from last week. I agree with this approach. It makes sense. I'm excited about this direction. Let's move forward. I'm excited about this direction. Let's move forward. Here are the key metrics from last week. The deadline for this is next Friday. Great idea! Let's explore that further. We should schedule a follow-up meeting. I'm excited about this direction. Let's move forward. Here are the key metrics from last week. This is e...,1221,29,0.593,0.236,1,1,0.798,8.29,0.882,5,1,3,4.3,0.697,77.0
MTG00728,All-Hands,2025-08-06,87,34,This seems like a waste of time honestly. I think we've reached a good decision here. I'm concerned about the timeline here. The deadline for this is next Friday. I don't think we have enough information to decide. Here are the key metrics from last week. We've discussed this several times already. I'm excited about this direction. Let's move forward. Great idea! Let's explore that further. The project timeline is on track. We're going in circles on this topic. I think we've reached a good decis...,1748,43,0.481,0.238,1,1,0.568,2.56,0.881,8,6,3,4.0,0.596,77.0
MTG00729,All-Hands,2025-06-05,63,56,Let's move to the next topic. This meeting could have been an email. This solution addresses our concerns perfectly. I'm concerned about the timeline here. That's a really innovative approach. This is exactly what we need. Well done. The project timeline is on track. Let me share my screen to show the data. Can everyone see the presentation? Great idea! Let's explore that further. Let's move to the next topic. I appreciate everyone's input today. I agree with this approach. It makes sense. The d...,1134,29,0.547,0.206,1,1,0.553,1.12,0.897,23,3,2,3.8,0.548,74.2
MTG00730,All-Hands,2025-08-02,92,44,I'll send out the meeting notes later. This solution addresses our concerns perfectly. This seems like a waste of time honestly. We have three items on the agenda today. I'll take the action item to follow up. Great idea! Let's explore that further. That's a really innovative approach. We should schedule a follow-up meeting. This seems like a waste of time honestly. We've discussed this several times already. This is exactly what we need. Well done. I'll take the action item to follow up. The pr...,1781,44,0.509,0.179,1,1,0.439,2.09,0.91,11,2,5,4.0,0.604,68.8
MTG00731,All-Hands,2025-09-17,31,42,We've discussed this several times already. I'll take the action item to follow up. Here are the key metrics from last week. This solution addresses our concerns perfectly. Let me share my screen to show the data. I'm not sure this is the right approach. We've discussed this several times already. I appreciate everyone's input today. I disagree with this direction completely. Great idea! Let's explore that further. This meeting could have been an email. We're going in circles on this topic. We'v...,681,16,0.464,0.197,1,0,0.583,0.74,0.902,16,1,2,3.4,0.422,59.4
MTG00732,Decision-Making,2025-10-25,42,4,I'll send out the meeting notes later. This is exactly what we need. Well done. The project timeline is on track. Excellent point. I hadn't considered that. This meeting could have been an email. We should schedule a follow-up meeting. I appreciate everyone's input today. This doesn't align with our objectives. Let me share my screen to show the data. I don't think we have enough information to decide. Excellent point. I hadn't considered that. I'm excited about this direction. Let's move forwar...,1054,26,0.539,0.209,1,1,0.752,10.5,0.896,0,3,3,4.3,0.566,79.0
MTG00733,Standup,2025-06-08,16,3,This solution addresses our concerns perfectly. I'm not sure this is the right approach. The project timeline is on track. We have three items on the agenda today. We should schedule a follow-up meeting. We should schedule a follow-up meeting. This seems like a waste of time honestly. I'm not sure this is the right approach. This doesn't align with our objectives. This meeting could have been an email. Here are the key metrics from last week. We've discussed this several times already....,490,12,0.4,0.169,0,1,0.885,5.33,0.915,1,5,1,3.2,0.588,63.9
MTG00734,Brainstorming,2025-11-02,55,6,That's a really innovative approach. The project timeline is on track. I'm excited about this direction. Let's move forward. I agree with this approach. It makes sense. I'll take the action item to follow up. I'll take the action item to follow up. I'll take the action item to follow up. We should have resolved this weeks ago. I'm concerned about the timeline here. We have three items on the agenda today. The deadline for this is next Friday. I don't think we have enough information to decide. I...,1212,29,0.47,0.197,0,0,0.593,9.17,0.901,2,2,0,3.1,0.377,41.7
MTG00735,Planning,2025-08-02,42,4,I'm concerned about the timeline here. I appreciate everyone's input today. Excellent point. I hadn't considered that. I disagree with this direction completely. I don't think we have enough information to decide. This is exactly what we need. Well done. We're making great progress on this. We're making great progress on this. I disagree with this direction completely. Here are the key metrics from last week. Let's move to the next topic. This seems like a waste of time honestly. We have three i...,840,20,0.507,0.216,0,0,0.645,10.5,0.892,0,5,0,3.7,0.468,49.6
MTG00736,Brainstorming,2025-06-09,51,5,This is exactly what we need. Well done. I think we've reached a good decision here. Let's move to the next topic. Let me share my screen to show the data. The deadline for this is next Friday. I appreciate everyone's input today. I'm excited about this direction. Let's move forward. I disagree with this direction completely. Let me share my screen to show the data. I agree with this approach. It makes sense. I'll send out the meeting notes later. I'm excited about this direction. Let's move for...,895,22,0.602,0.206,1,1,0.831,10.2,0.897,2,1,6,4.3,0.771,78.3
MTG00737,Retrospective,2025-10-02,32,3,We're making great progress on this. The project timeline is on track. The deadline for this is next Friday. The deadline for this is next Friday. I agree with this approach. It makes sense. Let me share my screen to show the data. The deadline for this is next Friday. I agree with this approach. It makes sense. We should schedule a follow-up meeting. This meeting could have been an email. That's a really innovative approach. The deadline for this is next Friday. We have three items on the agend...,866,22,0.518,0.184,1,0,0.614,10.67,0.908,0,4,3,4.0,0.585,67.3
MTG00738,One-on-One,2025-09-09,12,2,I'll take the action item to follow up. I disagree with this direction completely. I'll take the action item to follow up. I agree with this approach. It makes sense. I disagree with this direction completely. The deadline for this is next Friday. The project timeline is on track. Let's move to the next topic. This seems like a waste of time honestly. Let me share my screen to show the data. Let's move to the next topic. I'm concerned about the timeline here. Here are the key metrics from last w...,582,15,0.505,0.19,0,1,0.754,6.0,0.905,1,3,4,3.2,0.578,58.5
MTG00739,One-on-One,2025-05-12,15,2,The project timeline is on track. I'll send out the meeting notes later. This seems like a waste of time honestly. We've discussed this several times already. We're making great progress on this. We should schedule a follow-up meeting. I'm not sure this is the right approach. I appreciate everyone's input today. We're making great progress on this. Excellent point. I hadn't considered that. I'll send out the meeting notes later. The project timeline is on track. This is exactly what we need. Wel...,756,19,0.541,0.195,1,0,0.637,7.5,0.902,1,0,0,3.4,,60.3
MTG00740,Retrospective,2025-05-23,43,3,The deadline for this is next Friday. Excellent point. I hadn't considered that. I don't think we have enough information to decide. This solution addresses our concerns perfectly. This doesn't align with our objectives. We have three items on the agenda today. I'll send out the meeting notes later. Let's move to the next topic. Let me share my screen to show the data. Let's move to the next topic. The project timeline is on track. We should have resolved this weeks ago. We have three items on t...,846,21,0.509,0.16,1,1,0.616,14.33,0.92,0,3,2,3.6,0.597,75.4
MTG00741,Standup,2025-08-16,17,3,I'll send out the meeting notes later. We should have resolved this weeks ago. Here are the key metrics from last week. Let me share my screen to show the data. That's a really innovative approach. Here are the key metrics from last week. I disagree with this direction completely. I'm excited about this direction. Let's move forward. I'll take the action item to follow up. I appreciate everyone's input today. Here are the key metrics from last week. I think we've reached a good decision here. Th...,769,19,0.562,0.213,0,0,0.606,5.67,0.893,0,3,1,2.5,0.435,45.8
MTG00742,Decision-Making,2025-10-30,33,5,Excellent point. I hadn't considered that. That's a really innovative approach. This seems like a waste of time honestly. Here are the key metrics from last week. We're going in circles on this topic. The project timeline is on track. Can everyone see the presentation? This is exactly what we need. Well done. We're going in circles on this topic. I think we've reached a good decision here. Let's move to the next topic. I think we've reached a good decision here. The project timeline is on track....,980,25,0.489,0.207,1,0,0.874,6.6,0.896,0,1,3,3.9,0.6,67.1
MTG00743,Decision-Making,2025-09-23,9,4,That's a really innovative approach. I'll send out the meeting notes later. We should schedule a follow-up meeting. I'll send out the meeting notes later. We're making great progress on this. I'll take the action item to follow up. I disagree with this direction completely. This is exactly what we need. Well done. I'm not sure this is the right approach. Here are the key metrics from last week. We should schedule a follow-up meeting....,437,11,0.53,0.206,1,1,0.635,2.25,0.897,1,4,5,4.1,0.739,77.9
MTG00744,Brainstorming,2025-08-02,36,6,Here are the key metrics from last week. I agree with this approach. It makes sense. We should have resolved this weeks ago. We should schedule a follow-up meeting. Here are the key metrics from last week. The project timeline is on track. We should have resolved this weeks ago. I appreciate everyone's input today. The project timeline is on track. This is exactly what we need. Well done. I think we've reached a good decision here. This meeting could have been an email. I appreciate everyone's i...,718,18,0.564,0.248,1,1,0.779,6.0,0.876,2,3,2,4.2,0.594,79.9
MTG00745,All-Hands,2025-06-13,47,59,We should schedule a follow-up meeting. Let me share my screen to show the data. The project timeline is on track. This solution addresses our concerns perfectly. The project timeline is on track. I'm not sure this is the right approach. I'll send out the meeting notes later. This is exactly what we need. Well done. I'm concerned about the timeline here. This solution addresses our concerns perfectly. Let me share my screen to show the data. Can everyone see the presentation? Great idea! Let's e...,922,23,0.58,0.22,0,1,0.771,0.8,0.89,17,2,2,3.0,0.445,58.2
MTG00746,Standup,2025-08-28,14,3,The deadline for this is next Friday. This solution addresses our concerns perfectly. Let's move to the next topic. I'm excited about this direction. Let's move forward. I'm excited about this direction. Let's move forward. The deadline for this is next Friday. That's a really innovative approach. I'll send out the meeting notes later. We're making great progress on this. I think we've reached a good decision here. I appreciate everyone's input today. Excellent point. I hadn't considered that. T...,700,17,0.593,0.228,1,1,0.701,4.67,0.886,2,3,1,4.5,0.637,78.7
MTG00747,Review,2025-05-29,27,3,I disagree with this direction completely. Here are the key metrics from last week. I'm excited about this direction. Let's move forward. This seems like a waste of time honestly. Excellent point. I hadn't considered that. I'm concerned about the timeline here. I disagree with this direction completely. Here are the key metrics from last week. I agree with this approach. It makes sense. Let's move to the next topic. I'll send out the meeting notes later. This is exactly what we need. Well done. ...,666,16,0.486,0.229,1,1,0.741,9.0,0.886,1,1,0,4.2,0.611,73.5
MTG00748,All-Hands,2025-08-13,74,32,The deadline for this is next Friday. This solution addresses our concerns perfectly. This seems like a waste of time honestly. This is exactly what we need. Well done. This meeting could have been an email. This is exactly what we need. Well done. I appreciate everyone's input today. Here are the key metrics from last week. I'll take the action item to follow up. I'm concerned about the timeline here. I don't think we have enough information to decide. The project timeline is on track. This mee...,1499,36,0.447,0.23,1,1,0.409,2.31,0.885,12,1,3,3.8,0.63,64.4
MTG00749,Planning,2025-09-19,75,4,I think we've reached a good decision here. We have three items on the agenda today. The project timeline is on track. I think we've reached a good decision here. We've discussed this several times already. I agree with this approach. It makes sense. We should schedule a follow-up meeting. Here are the key metrics from last week. We're making great progress on this. The deadline for this is next Friday. Great idea! Let's explore that further. Excellent point. I hadn't considered that. The projec...,1442,34,0.618,0.209,1,1,0.735,18.75,0.895,1,4,2,4.1,0.777,82.2
MTG00750,Decision-Making,2025-06-02,59,4,I'll send out the meeting notes later. We're making great progress on this. That's a really innovative approach. I agree with this approach. It makes sense. I'm concerned about the timeline here. I appreciate everyone's input today. We should schedule a follow-up meeting. Let's move to the next topic. I'm not sure this is the right approach. I'm not sure this is the right approach. Here are the key metrics from last week. I'm excited about this direction. Let's move forward. The deadline for thi...,1093,27,0.602,0.22,1,0,0.931,14.75,0.89,1,2,5,3.8,0.686,72.7
MTG00751,All-Hands,2025-10-23,63,59,This is exactly what we need. Well done. We should schedule a follow-up meeting. Let me share my screen to show the data. I'm excited about this direction. Let's move forward. I don't think we have enough information to decide. This doesn't align with our objectives. I'm concerned about the timeline here. The project timeline is on track. The project timeline is on track. I disagree with this direction completely. Let's move to the next topic. This seems like a waste of time honestly. This is ex...,1427,35,0.533,0.196,0,1,0.694,1.07,0.902,20,3,3,2.9,0.547,57.5
MTG00752,All-Hands,2025-05-30,43,33,I think we've reached a good decision here. I appreciate everyone's input today. Let's move to the next topic. I don't think we have enough information to decide. This meeting could have been an email. I'm excited about this direction. Let's move forward. This doesn't align with our objectives. The project timeline is on track. The deadline for this is next Friday. We're going in circles on this topic. Here are the key metrics from last week. We've discussed this several times already. We've dis...,967,24,0.503,0.206,0,1,0.759,1.3,0.897,13,2,2,3.1,0.515,56.5
MTG00753,Review,2025-10-20,37,3,This doesn't align with our objectives. We have three items on the agenda today. Let's move to the next topic. I don't think we have enough information to decide. We've discussed this several times already. Excellent point. I hadn't considered that. Let me share my screen to show the data. Let's move to the next topic. Let's move to the next topic. We should schedule a follow-up meeting. Let me share my screen to show the data. That's a really innovative approach. I'm concerned about the timelin...,770,20,0.535,0.236,0,1,0.449,12.33,0.882,1,1,0,2.6,0.334,47.2
MTG00754,All-Hands,2025-06-26,51,27,This seems like a waste of time honestly. This seems like a waste of time honestly. Here are the key metrics from last week. Here are the key metrics from last week. We should schedule a follow-up meeting. This doesn't align with our objectives. We should schedule a follow-up meeting. I'm concerned about the timeline here. I'll send out the meeting notes later. We should schedule a follow-up meeting. We're making great progress on this. Can everyone see the presentation? I'll send out the meetin...,1228,31,0.426,0.213,1,1,0.591,1.89,0.893,12,1,1,3.4,0.505,68.7
MTG00755,Standup,2025-09-17,10,3,This is exactly what we need. Well done. Let me share my screen to show the data. I'm excited about this direction. Let's move forward. Here are the key metrics from last week. We've discussed this several times already. Let me share my screen to show the data. I appreciate everyone's input today. Great idea! Let's explore that further. We have three items on the agenda today. I disagree with this direction completely. I'll take the action item to follow up. I'll send out the meeting notes later...,700,17,0.582,0.184,0,1,0.693,3.33,0.908,0,2,3,2.7,0.511,56.6
MTG00756,One-on-One,2025-08-11,30,2,The project timeline is on track. This is exactly what we need. Well done. We should schedule a follow-up meeting. I appreciate everyone's input today. That's a really innovative approach. We have three items on the agenda today. We're making great progress on this. This is exactly what we need. Well done. The deadline for this is next Friday. I don't think we have enough information to decide. We should have resolved this weeks ago. We should schedule a follow-up meeting. Let's move to the next...,575,15,0.529,0.212,1,0,0.512,15.0,0.894,0,3,2,3.7,0.617,62.8
MTG00757,All-Hands,2025-05-31,74,59,We're making great progress on this. The deadline for this is next Friday. I appreciate everyone's input today. The deadline for this is next Friday. I think we've reached a good decision here. Let me share my screen to show the data. I don't think we have enough information to decide. This doesn't align with our objectives. I think we've reached a good decision here. We have three items on the agenda today. The project timeline is on track. We should schedule a follow-up meeting. I'll send out ...,1330,33,0.575,0.202,1,1,0.715,1.25,0.899,18,3,1,4.0,0.564,78.9
MTG00758,Planning,2025-08-16,49,10,This is exactly what we need. Well done. This is exactly what we need. Well done. Here are the key metrics from last week. Here are the key metrics from last week. I think we've reached a good decision here. I'll take the action item to follow up. I'll send out the meeting notes later. The deadline for this is next Friday. We have three items on the agenda today. I appreciate everyone's input today. Let's move to the next topic. Here are the key metrics from last week. We have three items on the...,911,23,0.489,0.227,1,1,0.406,4.9,0.886,5,3,4,3.7,0.576,69.2
MTG00759,All-Hands,2025-09-16,80,83,I disagree with this direction completely. Can everyone see the presentation? Can everyone see the presentation? I'll send out the meeting notes later. We have three items on the agenda today. We should schedule a follow-up meeting. We should have resolved this weeks ago. We should schedule a follow-up meeting. I'll take the action item to follow up. The deadline for this is next Friday. This seems like a waste of time honestly. We're going in circles on this topic. I'll take the action item to ...,1432,36,0.469,0.197,1,1,0.625,0.96,0.901,24,6,2,4.2,0.767,78.5
MTG00760,Review,2025-05-21,69,9,We're making great progress on this. I disagree with this direction completely. We should have resolved this weeks ago. We have three items on the agenda today. I'll take the action item to follow up. We should schedule a follow-up meeting. Let's move to the next topic. The deadline for this is next Friday. Here are the key metrics from last week. That's a really innovative approach. I disagree with this direction completely. I'll take the action item to follow up. The deadline for this is next ...,1454,37,0.472,0.186,0,1,0.756,7.67,0.907,0,3,3,3.2,0.427,57.9
MTG00761,Decision-Making,2025-05-21,52,4,This solution addresses our concerns perfectly. This doesn't align with our objectives. Excellent point. I hadn't considered that. The project timeline is on track. I appreciate everyone's input today. Great idea! Let's explore that further. Let me share my screen to show the data. Excellent point. I hadn't considered that. Let me share my screen to show the data. I'm excited about this direction. Let's move forward. Can everyone see the presentation? Excellent point. I hadn't considered that. I...,1249,30,0.594,0.196,1,1,0.749,13.0,0.902,0,1,4,4.2,0.72,76.1
MTG00762,Decision-Making,2025-05-22,67,5,I agree with this approach. It makes sense. I'm excited about this direction. Let's move forward. Excellent point. I hadn't considered that. We should schedule a follow-up meeting. We're going in circles on this topic. I disagree with this direction completely. I'll take the action item to follow up. Great idea! Let's explore that further. I think we've reached a good decision here. I'll take the action item to follow up. Great idea! Let's explore that further. Here are the key metrics from last...,1115,27,0.56,0.191,1,0,0.597,13.4,0.904,2,2,4,4.0,0.451,63.7
MTG00763,Review,2025-09-28,36,11,We're making great progress on this. I'll send out the meeting notes later. We should schedule a follow-up meeting. The deadline for this is next Friday. I'm not sure this is the right approach. We have three items on the agenda today. I think we've reached a good decision here. We have three items on the agenda today. We have three items on the agenda today. I agree with this approach. It makes sense. I appreciate everyone's input today. I appreciate everyone's input today. We have three items ...,729,18,0.526,0.213,1,0,0.907,3.27,0.894,4,2,2,4.2,0.656,70.6
MTG00764,Planning,2025-07-16,36,4,Let's move to the next topic. The project timeline is on track. We're making great progress on this. I'll take the action item to follow up. I'll take the action item to follow up. I think we've reached a good decision here. I'll take the action item to follow up. Great idea! Let's explore that further. I'm excited about this direction. Let's move forward. This meeting could have been an email. Excellent point. I hadn't considered that. I'll send out the meeting notes later. I'll send out the me...,743,19,0.528,0.251,1,1,0.884,9.0,0.875,2,3,0,4.2,0.744,81.8
MTG00765,Brainstorming,2025-06-27,54,5,This doesn't align with our objectives. We're going in circles on this topic. The deadline for this is next Friday. I agree with this approach. It makes sense. We've discussed this several times already. I'm excited about this direction. Let's move forward. Great idea! Let's explore that further. I disagree with this direction completely. I appreciate everyone's input today. The project timeline is on track. This is exactly what we need. Well done. I don't think we have enough information to dec...,993,24,0.589,0.243,1,1,0.839,10.8,0.878,1,4,4,4.0,0.718,83.9
MTG00766,Decision-Making,2025-08-10,29,4,We have three items on the agenda today. Let me share my screen to show the data. I'll take the action item to follow up. This meeting could have been an email. Here are the key metrics from last week. Let's move to the next topic. This doesn't align with our objectives. This meeting could have been an email. We should schedule a follow-up meeting. Let me share my screen to show the data. I agree with this approach. It makes sense. I'll take the action item to follow up. We should schedule a fol...,802,20,0.458,0.151,1,0,0.575,7.25,0.925,1,1,2,3.7,0.517,59.4
MTG00767,Decision-Making,2025-06-22,39,4,I appreciate everyone's input today. Can everyone see the presentation? This is exactly what we need. Well done. I'm concerned about the timeline here. Great idea! Let's explore that further. I'm excited about this direction. Let's move forward. I agree with this approach. It makes sense. This is exactly what we need. Well done. I'm not sure this is the right approach. The deadline for this is next Friday. We should schedule a follow-up meeting. Great idea! Let's explore that further. I apprecia...,947,23,0.561,0.213,1,1,0.822,9.75,0.893,1,1,2,4.2,0.725,77.2
MTG00768,Standup,2025-06-07,9,7,Great idea! Let's explore that further. We're making great progress on this. We have three items on the agenda today. I'll send out the meeting notes later. I'll send out the meeting notes later. This meeting could have been an email. Great idea! Let's explore that further. I appreciate everyone's input today. Excellent point. I hadn't considered that. This is exactly what we need. Well done. The deadline for this is next Friday. Can everyone see the presentation? The project timeline is on trac...,660,17,0.502,0.21,1,1,0.607,1.29,0.895,2,10,3,4.5,0.619,78.6
MTG00769,Standup,2025-05-16,6,3,Let me share my screen to show the data. I'll take the action item to follow up. We're going in circles on this topic. Let me share my screen to show the data. I'm concerned about the timeline here. I'm not sure this is the right approach. I agree with this approach. It makes sense. Great idea! Let's explore that further. This meeting could have been an email. Let's move to the next topic. I'll send out the meeting notes later. We should schedule a follow-up meeting. Here are the key metrics fro...,693,17,0.457,0.161,1,1,0.659,2.0,0.92,0,2,3,3.7,0.567,73.4
MTG00770,Retrospective,2025-08-05,111,6,Here are the key metrics from last week. This solution addresses our concerns perfectly. Let's move to the next topic. Can everyone see the presentation? I'll send out the meeting notes later. This is exactly what we need. Well done. I'll take the action item to follow up. Can everyone see the presentation? We should have resolved this weeks ago. We have three items on the agenda today. This doesn't align with our objectives. I'm excited about this direction. Let's move forward. We're making gre...,1976,49,0.576,0.214,1,0,0.707,18.5,0.893,0,2,4,3.7,0.6,66.6
MTG00771,Decision-Making,2025-05-11,46,4,We should have resolved this weeks ago. We have three items on the agenda today. I'll take the action item to follow up. The project timeline is on track. Let me share my screen to show the data. I'll send out the meeting notes later. We're making great progress on this. We have three items on the agenda today. I'll take the action item to follow up. Great idea! Let's explore that further. We should schedule a follow-up meeting. I'll take the action item to follow up. Let's move to the next topi...,796,20,0.537,0.13,1,1,0.688,11.5,0.935,0,3,3,4.4,0.724,78.0
MTG00772,Brainstorming,2025-09-17,59,6,This is exactly what we need. Well done. We have three items on the agenda today. I'll take the action item to follow up. Great idea! Let's explore that further. Let me share my screen to show the data. Here are the key metrics from last week. I'll send out the meeting notes later. This is exactly what we need. Well done. This solution addresses our concerns perfectly. The project timeline is on track. That's a really innovative approach. This solution addresses our concerns perfectly. We should...,1216,30,0.624,0.161,1,1,0.644,9.83,0.919,4,4,2,4.4,0.694,80.4
MTG00773,Brainstorming,2025-07-19,40,10,I'll send out the meeting notes later. This doesn't align with our objectives. I agree with this approach. It makes sense. This solution addresses our concerns perfectly. Here are the key metrics from last week. We have three items on the agenda today. The project timeline is on track. I'm concerned about the timeline here. This is exactly what we need. Well done. We should schedule a follow-up meeting. Great idea! Let's explore that further. I'm not sure this is the right approach. Great idea! ...,954,24,0.493,0.172,0,1,0.762,4.0,0.914,1,2,1,3.3,0.525,56.6
MTG00774,Planning,2025-07-16,73,4,We should have resolved this weeks ago. We're making great progress on this. I agree with this approach. It makes sense. Can everyone see the presentation? Great idea! Let's explore that further. I'm not sure this is the right approach. Can everyone see the presentation? I think we've reached a good decision here. Excellent point. I hadn't considered that. That's a really innovative approach. The project timeline is on track. I agree with this approach. It makes sense. Here are the key metrics f...,1525,38,0.522,0.194,1,1,0.575,18.25,0.903,0,2,2,3.9,0.551,72.4
MTG00775,One-on-One,2025-06-09,19,2,We have three items on the agenda today. I'll send out the meeting notes later. This seems like a waste of time honestly. This meeting could have been an email. I disagree with this direction completely. Can everyone see the presentation? We have three items on the agenda today. I appreciate everyone's input today. I appreciate everyone's input today. I agree with this approach. It makes sense. The deadline for this is next Friday. Excellent point. I hadn't considered that. We're making great pr...,715,18,0.48,0.185,1,1,0.89,9.5,0.908,2,4,0,4.5,0.697,83.5
MTG00776,Brainstorming,2025-09-05,34,5,The deadline for this is next Friday. This solution addresses our concerns perfectly. This seems like a waste of time honestly. This is exactly what we need. Well done. I'll take the action item to follow up. That's a really innovative approach. I think we've reached a good decision here. Here are the key metrics from last week. Can everyone see the presentation? Here are the key metrics from last week. I think we've reached a good decision here. We have three items on the agenda today. This mee...,766,19,0.496,0.224,1,0,0.745,6.8,0.888,1,3,1,3.8,0.489,67.9
MTG00777,Standup,2025-11-01,37,6,We should schedule a follow-up meeting. Let me share my screen to show the data. The project timeline is on track. We should have resolved this weeks ago. That's a really innovative approach. This is exactly what we need. Well done. We have three items on the agenda today. We have three items on the agenda today. I'll send out the meeting notes later. Let me share my screen to show the data. The deadline for this is next Friday. Let me share my screen to show the data. Can everyone see the prese...,798,20,0.49,0.157,1,1,0.63,6.17,0.922,3,5,2,3.6,0.59,79.4
MTG00778,All-Hands,2025-06-08,64,21,I think we've reached a good decision here. We're making great progress on this. The deadline for this is next Friday. I agree with this approach. It makes sense. We've discussed this several times already. We should schedule a follow-up meeting. Let me share my screen to show the data. That's a really innovative approach. The project timeline is on track. I think we've reached a good decision here. I'm excited about this direction. Let's move forward. That's a really innovative approach. Great ...,1396,34,0.504,0.212,1,0,0.885,3.05,0.894,6,4,2,4.1,0.557,73.6
MTG00779,Standup,2025-10-23,11,11,We're going in circles on this topic. The project timeline is on track. Let me share my screen to show the data. This seems like a waste of time honestly. We should schedule a follow-up meeting. Let's move to the next topic. We should schedule a follow-up meeting. We have three items on the agenda today....,305,8,0.378,0.058,1,1,0.658,1.0,0.971,6,2,2,4.5,0.725,72.6
MTG00780,Standup,2025-09-20,0,3,Here are the key metrics from last week. We have three items on the agenda today. Can everyone see the presentation? Here are the key metrics from last week. I'll send out the meeting notes later. We have three items on the agenda today. We've discussed this several times already. This doesn't align with our objectives. The project timeline is on track. We're making great progress on this. This meeting could have been an email....,431,11,0.515,0.151,1,1,0.679,0.0,0.925,3,6,3,4.4,0.611,81.1
MTG00781,Brainstorming,2025-09-26,62,5,I appreciate everyone's input today. I disagree with this direction completely. The project timeline is on track. This is exactly what we need. Well done. We should have resolved this weeks ago. This seems like a waste of time honestly. Here are the key metrics from last week. We should schedule a follow-up meeting. Great idea! Let's explore that further. I'm excited about this direction. Let's move forward. Let me share my screen to show the data. This meeting could have been an email. Let's mo...,1395,34,0.502,0.209,1,1,0.885,12.4,0.896,0,1,1,4.2,0.55,77.6
MTG00782,Decision-Making,2025-10-11,29,4,I think we've reached a good decision here. I appreciate everyone's input today. This is exactly what we need. Well done. I'm excited about this direction. Let's move forward. Let me share my screen to show the data. Here are the key metrics from last week. I appreciate everyone's input today. Can everyone see the presentation? I think we've reached a good decision here. I'll send out the meeting notes later. I'll send out the meeting notes later. That's a really innovative approach. I'll take t...,833,21,0.553,0.205,1,1,0.825,7.25,0.897,1,4,2,4.3,0.739,83.2
MTG00783,Standup,2025-10-22,15,5,Great idea! Let's explore that further. The deadline for this is next Friday. That's a really innovative approach. Let's move to the next topic. We have three items on the agenda today. I'll send out the meeting notes later. The deadline for this is next Friday. This is exactly what we need. Well done. This solution addresses our concerns perfectly. Here are the key metrics from last week. I'll take the action item to follow up. I'll send out the meeting notes later. We're going in circles on th...,659,17,0.533,0.159,1,1,0.796,3.0,0.92,2,6,0,3.8,0.6,84.4
MTG00784,All-Hands,2025-06-14,70,32,Can everyone see the presentation? The project timeline is on track. I'll send out the meeting notes later. That's a really innovative approach. The project timeline is on track. Excellent point. I hadn't considered that. Here are the key metrics from last week. Let me share my screen to show the data. I appreciate everyone's input today. This is exactly what we need. Well done. Can everyone see the presentation? I'll send out the meeting notes later. We're making great progress on this. The dea...,1210,31,0.513,0.15,1,1,0.54,2.19,0.925,13,1,1,3.9,0.556,69.6
MTG00785,Standup,2025-09-16,2,3,We've discussed this several times already. Excellent point. I hadn't considered that. I'm concerned about the timeline here. We should schedule a follow-up meeting. This seems like a waste of time honestly. I'm not sure this is the right approach. Let's move to the next topic. The deadline for this is next Friday. I'll take the action item to follow up. I'm not sure this is the right approach. We're going in circles on this topic....,435,11,0.364,0.244,1,0,0.392,0.67,0.878,1,3,1,3.3,0.534,56.3
MTG00786,Decision-Making,2025-06-18,34,6,We have three items on the agenda today. I'll send out the meeting notes later. Let's move to the next topic. Let me share my screen to show the data. This is exactly what we need. Well done. Let's move to the next topic. We're going in circles on this topic. Can everyone see the presentation? We're making great progress on this. The deadline for this is next Friday. Can everyone see the presentation? We've discussed this several times already. Here are the key metrics from last week. We have th...,934,24,0.44,0.245,1,1,0.53,5.67,0.878,4,7,1,3.8,0.684,75.2
MTG00787,Retrospective,2025-07-10,37,7,We have three items on the agenda today. The project timeline is on track. This doesn't align with our objectives. We're going in circles on this topic. Here are the key metrics from last week. The project timeline is on track. Here are the key metrics from last week. The project timeline is on track. Let me share my screen to show the data. I disagree with this direction completely. That's a really innovative approach. Great idea! Let's explore that further. This seems like a waste of time hone...,948,24,0.476,0.195,0,1,0.535,5.29,0.903,3,4,2,3.0,0.507,54.4
MTG00788,Review,2025-08-16,28,3,This doesn't align with our objectives. I'll send out the meeting notes later. I appreciate everyone's input today. Can everyone see the presentation? That's a really innovative approach. I appreciate everyone's input today. Here are the key metrics from last week. The project timeline is on track. Here are the key metrics from last week. I'll take the action item to follow up. Here are the key metrics from last week. I'll send out the meeting notes later. This meeting could have been an email. ...,891,23,0.538,0.219,1,1,0.663,9.33,0.891,2,2,1,3.9,0.59,74.7
MTG00789,Brainstorming,2025-08-19,68,5,Let me share my screen to show the data. I agree with this approach. It makes sense. I agree with this approach. It makes sense. Here are the key metrics from last week. This is exactly what we need. Well done. I think we've reached a good decision here. The deadline for this is next Friday. Let me share my screen to show the data. We're making great progress on this. Let's move to the next topic. Excellent point. I hadn't considered that. This seems like a waste of time honestly. Let me share m...,1474,37,0.513,0.202,1,1,0.795,13.6,0.899,1,4,4,4.5,0.741,81.6
MTG00790,Planning,2025-08-02,35,4,Great idea! Let's explore that further. Let me share my screen to show the data. Great idea! Let's explore that further. Here are the key metrics from last week. Here are the key metrics from last week. I'm excited about this direction. Let's move forward. This is exactly what we need. Well done. Can everyone see the presentation? The project timeline is on track. I think we've reached a good decision here. We're going in circles on this topic. This is exactly what we need. Well done. I'm not su...,949,23,0.565,0.169,1,0,0.746,8.75,0.915,0,0,0,3.4,,63.7
MTG00791,Planning,2025-08-16,48,4,Can everyone see the presentation? This is exactly what we need. Well done. I'm not sure this is the right approach. We're going in circles on this topic. Let's move to the next topic. I'll send out the meeting notes later. This solution addresses our concerns perfectly. We should schedule a follow-up meeting. We're making great progress on this. Let's move to the next topic. That's a really innovative approach. Let me share my screen to show the data. I think we've reached a good decision here....,1046,27,0.552,0.22,1,1,0.628,12.0,0.89,3,2,1,4.4,0.626,74.1
MTG00792,Status Update,2025-10-05,10,5,This doesn't align with our objectives. I'll send out the meeting notes later. This solution addresses our concerns perfectly. We're going in circles on this topic. Let me share my screen to show the data. I agree with this approach. It makes sense. This seems like a waste of time honestly. Let's move to the next topic. Here are the key metrics from last week. Here are the key metrics from last week. This solution addresses our concerns perfectly. I'm concerned about the timeline here. Great ide...,735,18,0.564,0.219,1,0,0.743,2.0,0.89,1,1,2,3.7,0.615,65.2
MTG00793,Standup,2025-09-30,13,3,This is exactly what we need. Well done. We should schedule a follow-up meeting. I'll send out the meeting notes later. We're making great progress on this. We're making great progress on this. We're going in circles on this topic. This seems like a waste of time honestly. This is exactly what we need. Well done. Let's move to the next topic. Here are the key metrics from last week. I agree with this approach. It makes sense. I appreciate everyone's input today. Great idea! Let's explore that fu...,506,13,0.538,0.18,1,1,0.849,4.33,0.91,1,5,2,4.6,0.759,85.6
MTG00794,Retrospective,2025-10-18,51,4,We're going in circles on this topic. We have three items on the agenda today. I agree with this approach. It makes sense. Let's move to the next topic. That's a really innovative approach. Can everyone see the presentation? The project timeline is on track. That's a really innovative approach. I appreciate everyone's input today. Great idea! Let's explore that further. Great idea! Let's explore that further. That's a really innovative approach. Great idea! Let's explore that further. We've disc...,944,24,0.606,0.226,1,1,0.915,12.75,0.887,1,5,5,4.7,0.677,88.3
MTG00795,Standup,2025-06-13,1,5,This solution addresses our concerns perfectly. We should schedule a follow-up meeting. Great idea! Let's explore that further. Can everyone see the presentation? We should schedule a follow-up meeting. This is exactly what we need. Well done. I'll send out the meeting notes later. I'm excited about this direction. Let's move forward. This doesn't align with our objectives. I appreciate everyone's input today. We've discussed this several times already. This is exactly what we need. Well done. I...,580,14,0.601,0.187,1,1,0.89,0.2,0.907,1,2,1,4.3,0.747,81.9
MTG00796,Planning,2025-09-16,37,4,Can everyone see the presentation? I'll take the action item to follow up. We should schedule a follow-up meeting. Let's move to the next topic. I'm concerned about the timeline here. This seems like a waste of time honestly. I don't think we have enough information to decide. I think we've reached a good decision here. This seems like a waste of time honestly. I disagree with this direction completely. Let me share my screen to show the data. We should schedule a follow-up meeting. I disagree w...,1009,25,0.407,0.163,1,1,0.374,9.25,0.918,0,3,0,4.1,0.539,67.3
MTG00797,Decision-Making,2025-09-04,58,4,I'm excited about this direction. Let's move forward. I'm not sure this is the right approach. I'm not sure this is the right approach. I'll send out the meeting notes later. We're going in circles on this topic. I'm excited about this direction. Let's move forward. Let's move to the next topic. I'm excited about this direction. Let's move forward. We should have resolved this weeks ago. This solution addresses our concerns perfectly. This doesn't align with our objectives. I'm concerned about t...,1194,29,0.505,0.213,1,1,0.636,14.5,0.893,1,4,3,3.9,0.558,77.4
MTG00798,Brainstorming,2025-05-26,20,5,This doesn't align with our objectives. We're making great progress on this. The deadline for this is next Friday. Great idea! Let's explore that further. I'll take the action item to follow up. That's a really innovative approach. The project timeline is on track. I appreciate everyone's input today. The deadline for this is next Friday. I agree with this approach. It makes sense. We're making great progress on this. Let's move to the next topic. Great idea! Let's explore that further. The proj...,833,21,0.613,0.162,1,1,0.804,4.0,0.919,1,1,2,4.2,0.548,78.2
MTG00799,Decision-Making,2025-05-29,77,4,Let me share my screen to show the data. I'll send out the meeting notes later. Here are the key metrics from last week. I'm concerned about the timeline here. Let's move to the next topic. The project timeline is on track. I disagree with this direction completely. The deadline for this is next Friday. We're going in circles on this topic. Here are the key metrics from last week. I'll take the action item to follow up. Let's move to the next topic. I'll take the action item to follow up. We're ...,1301,33,0.496,0.192,1,1,0.696,19.25,0.904,2,3,3,4.3,0.706,76.9
MTG00800,Brainstorming,2025-09-01,43,6,Great idea! Let's explore that further. That's a really innovative approach. I'll take the action item to follow up. The project timeline is on track. This solution addresses our concerns perfectly. We have three items on the agenda today. We should schedule a follow-up meeting. I think we've reached a good decision here. I think we've reached a good decision here. I'm concerned about the timeline here. We should schedule a follow-up meeting. The project timeline is on track. I agree with this a...,1023,25,0.583,0.204,1,0,0.862,7.17,0.898,4,1,1,3.4,0.547,68.7
MTG00801,Status Update,2025-06-01,10,5,Here are the key metrics from last week. I'll send out the meeting notes later. This meeting could have been an email. The project timeline is on track. The project timeline is on track. The deadline for this is next Friday. Here are the key metrics from last week. Great idea! Let's explore that further. We're going in circles on this topic. This solution addresses our concerns perfectly. We should have resolved this weeks ago. I think we've reached a good decision here. This doesn't align with ...,674,17,0.559,0.207,0,1,0.909,2.0,0.897,2,2,1,3.4,0.58,61.4
MTG00802,Standup,2025-09-04,10,3,Excellent point. I hadn't considered that. Let me share my screen to show the data. I agree with this approach. It makes sense. I think we've reached a good decision here. That's a really innovative approach. I appreciate everyone's input today. We're going in circles on this topic. This is exactly what we need. Well done. I'm excited about this direction. Let's move forward. This is exactly what we need. Well done. Excellent point. I hadn't considered that. That's a really innovative approach. ...,583,14,0.688,0.142,1,1,0.75,3.33,0.929,1,5,4,4.5,0.697,86.4
MTG00803,One-on-One,2025-09-27,57,2,I'm concerned about the timeline here. I'm concerned about the timeline here. I think we've reached a good decision here. We've discussed this several times already. This doesn't align with our objectives. We have three items on the agenda today. That's a really innovative approach. We should have resolved this weeks ago. Let me share my screen to show the data. I appreciate everyone's input today. The deadline for this is next Friday. This meeting could have been an email. I'll take the action ...,1263,32,0.459,0.193,1,1,0.666,28.5,0.903,2,3,1,4.1,0.591,75.4
MTG00804,All-Hands,2025-08-01,26,33,I'll send out the meeting notes later. This seems like a waste of time honestly. We've discussed this several times already. Let me share my screen to show the data. Let me share my screen to show the data. The project timeline is on track. I think we've reached a good decision here. That's a really innovative approach. We're making great progress on this. I appreciate everyone's input today. We've discussed this several times already. I'm not sure this is the right approach. I disagree with thi...,813,20,0.505,0.263,1,1,0.677,0.79,0.868,16,1,4,4.0,0.542,72.1
MTG00805,Planning,2025-09-08,76,4,We're going in circles on this topic. Let's move to the next topic. Excellent point. I hadn't considered that. We have three items on the agenda today. This meeting could have been an email. I disagree with this direction completely. Let me share my screen to show the data. We should schedule a follow-up meeting. Can everyone see the presentation? I'll send out the meeting notes later. The project timeline is on track. The deadline for this is next Friday. I'll take the action item to follow up....,1531,38,0.477,0.199,0,0,0.757,19.0,0.901,0,4,4,3.3,0.437,50.0
MTG00806,Status Update,2025-05-20,33,5,I appreciate everyone's input today. Can everyone see the presentation? We've discussed this several times already. We have three items on the agenda today. I'm not sure this is the right approach. I appreciate everyone's input today. Let's move to the next topic. I'm excited about this direction. Let's move forward. We have three items on the agenda today. We have three items on the agenda today. Excellent point. I hadn't considered that. Can everyone see the presentation? Let me share my scree...,884,22,0.573,0.216,1,1,0.662,6.6,0.892,3,3,1,4.5,0.704,77.4
MTG00807,One-on-One,2025-10-28,34,2,Here are the key metrics from last week. I'm not sure this is the right approach. I don't think we have enough information to decide. The project timeline is on track. Excellent point. I hadn't considered that. I'll send out the meeting notes later. I'll send out the meeting notes later. I disagree with this direction completely. I'm concerned about the timeline here. Can everyone see the presentation? The project timeline is on track. This doesn't align with our objectives. I'll send out the me...,952,24,0.467,0.19,1,1,0.576,17.0,0.905,1,6,3,4.1,0.65,77.3
MTG00808,Review,2025-06-22,56,12,That's a really innovative approach. The project timeline is on track. The project timeline is on track. Here are the key metrics from last week. We have three items on the agenda today. We should have resolved this weeks ago. I disagree with this direction completely. We're making great progress on this. I think we've reached a good decision here. We have three items on the agenda today. Let's move to the next topic. I'm not sure this is the right approach. Let's move to the next topic. This me...,1152,29,0.478,0.212,1,1,0.362,4.67,0.894,6,5,2,3.2,0.661,72.0
MTG00809,Status Update,2025-05-12,11,8,We're making great progress on this. The project timeline is on track. I think we've reached a good decision here. I disagree with this direction completely. This doesn't align with our objectives. I'll send out the meeting notes later. Great idea! Let's explore that further. Can everyone see the presentation? I agree with this approach. It makes sense. The project timeline is on track. Let me share my screen to show the data. I think we've reached a good decision here. I don't think we have eno...,526,13,0.628,0.266,1,0,0.711,1.38,0.867,4,0,2,3.6,,63.4
MTG00810,Standup,2025-10-20,14,8,Let's move to the next topic. I don't think we have enough information to decide. I disagree with this direction completely. Let's move to the next topic. I agree with this approach. It makes sense. We're making great progress on this. We should schedule a follow-up meeting. We should have resolved this weeks ago. Can everyone see the presentation? We've discussed this several times already. The deadline for this is next Friday. We should schedule a follow-up meeting. We're going in circles on t...,629,16,0.348,0.192,0,0,0.783,1.75,0.904,3,6,0,3.4,0.431,50.1
MTG00811,Retrospective,2025-10-14,79,3,The project timeline is on track. The deadline for this is next Friday. I'm excited about this direction. Let's move forward. We have three items on the agenda today. Here are the key metrics from last week. I think we've reached a good decision here. I'll send out the meeting notes later. The deadline for this is next Friday. I'll send out the meeting notes later. We're going in circles on this topic. This is exactly what we need. Well done. The deadline for this is next Friday. The deadline fo...,1555,39,0.516,0.22,0,1,0.758,26.33,0.89,0,5,3,3.5,0.5,62.6
MTG00812,Standup,2025-08-06,3,3,Great idea! Let's explore that further. Here are the key metrics from last week. Great idea! Let's explore that further. I'm not sure this is the right approach. We have three items on the agenda today. I'll send out the meeting notes later. I'm concerned about the timeline here. This solution addresses our concerns perfectly. I'll send out the meeting notes later. We're going in circles on this topic. Great idea! Let's explore that further. We're making great progress on this. This doesn't alig...,522,13,0.514,0.236,1,0,0.504,1.0,0.882,0,2,2,3.0,0.509,60.1
MTG00813,Review,2025-10-04,28,3,We should have resolved this weeks ago. This is exactly what we need. Well done. I disagree with this direction completely. The deadline for this is next Friday. The project timeline is on track. This meeting could have been an email. This solution addresses our concerns perfectly. I'm excited about this direction. Let's move forward. Let me share my screen to show the data. Great idea! Let's explore that further. We have three items on the agenda today. We should schedule a follow-up meeting. T...,722,18,0.457,0.102,1,1,0.657,9.33,0.949,2,4,2,4.0,0.61,77.8
MTG00814,Review,2025-10-15,23,3,This seems like a waste of time honestly. We've discussed this several times already. I appreciate everyone's input today. I disagree with this direction completely. Let's move to the next topic. Let me share my screen to show the data. We should schedule a follow-up meeting. We've discussed this several times already. Let me share my screen to show the data. Let's move to the next topic. The project timeline is on track. Let me share my screen to show the data. We've discussed this several time...,551,14,0.469,0.18,1,0,0.576,7.67,0.91,0,3,1,2.9,0.623,63.4
MTG00815,Decision-Making,2025-11-07,47,4,The deadline for this is next Friday. We're making great progress on this. I agree with this approach. It makes sense. I agree with this approach. It makes sense. Let's move to the next topic. The deadline for this is next Friday. This seems like a waste of time honestly. We have three items on the agenda today. Great idea! Let's explore that further. Let's move to the next topic. I'm concerned about the timeline here. We're making great progress on this. Great idea! Let's explore that further. ...,1158,29,0.532,0.208,1,1,0.704,11.75,0.896,0,6,3,4.7,0.63,81.7
MTG00816,Brainstorming,2025-06-17,22,5,Can everyone see the presentation? I'm concerned about the timeline here. The deadline for this is next Friday. Here are the key metrics from last week. The project timeline is on track. We should schedule a follow-up meeting. I'll send out the meeting notes later. I think we've reached a good decision here. I disagree with this direction completely. Here are the key metrics from last week. I'm concerned about the timeline here. I'll send out the meeting notes later. Let's move to the next topic...,669,17,0.492,0.222,1,1,0.588,4.4,0.889,1,6,2,4.0,0.608,77.9
MTG00817,One-on-One,2025-10-09,42,2,We have three items on the agenda today. This meeting could have been an email. The project timeline is on track. The deadline for this is next Friday. We should schedule a follow-up meeting. I'll take the action item to follow up. Can everyone see the presentation? That's a really innovative approach. I agree with this approach. It makes sense. Excellent point. I hadn't considered that. I agree with this approach. It makes sense. Great idea! Let's explore that further. Can everyone see the pres...,980,25,0.53,0.185,1,1,0.512,21.0,0.908,0,4,2,4.0,0.605,75.0
MTG00818,Review,2025-08-07,35,7,I'm excited about this direction. Let's move forward. I disagree with this direction completely. I'm concerned about the timeline here. I don't think we have enough information to decide. The deadline for this is next Friday. This seems like a waste of time honestly. That's a really innovative approach. Let me share my screen to show the data. I appreciate everyone's input today. We're going in circles on this topic. I disagree with this direction completely. This seems like a waste of time hone...,944,23,0.501,0.222,0,0,0.416,5.0,0.889,1,1,1,2.3,0.285,35.7
MTG00819,Review,2025-06-20,48,3,The deadline for this is next Friday. This solution addresses our concerns perfectly. I'm concerned about the timeline here. I appreciate everyone's input today. Can everyone see the presentation? I appreciate everyone's input today. The deadline for this is next Friday. I disagree with this direction completely. Great idea! Let's explore that further. I don't think we have enough information to decide. Let's move to the next topic. Great idea! Let's explore that further. We should have resolved...,1001,25,0.487,0.189,1,1,0.909,16.0,0.905,1,3,0,4.4,0.766,82.0
MTG00820,Standup,2025-09-16,10,9,This doesn't align with our objectives. Let me share my screen to show the data. This meeting could have been an email. I'm not sure this is the right approach. The project timeline is on track. I don't think we have enough information to decide. Let's move to the next topic. We've discussed this several times already. Great idea! Let's explore that further. We should schedule a follow-up meeting. I'm excited about this direction. Let's move forward. I'm not sure this is the right approach. Here...,708,17,0.428,0.191,0,1,0.775,1.11,0.905,6,2,5,2.9,0.437,55.5
MTG00821,Retrospective,2025-07-12,49,3,I'll send out the meeting notes later. We have three items on the agenda today. Here are the key metrics from last week. Let me share my screen to show the data. The deadline for this is next Friday. This solution addresses our concerns perfectly. I'm excited about this direction. Let's move forward. We're making great progress on this. I'll send out the meeting notes later. Great idea! Let's explore that further. This doesn't align with our objectives. This is exactly what we need. Well done. I...,1161,29,0.538,0.223,1,0,0.546,16.33,0.888,1,3,1,3.4,0.533,63.7
MTG00822,Planning,2025-11-05,50,4,I appreciate everyone's input today. Let me share my screen to show the data. I agree with this approach. It makes sense. I don't think we have enough information to decide. We've discussed this several times already. This solution addresses our concerns perfectly. I'll take the action item to follow up. The deadline for this is next Friday. Let's move to the next topic. Here are the key metrics from last week. Can everyone see the presentation? We're making great progress on this. I think we've...,938,23,0.483,0.192,0,0,0.809,12.5,0.904,3,1,2,2.5,0.364,45.4
MTG00823,One-on-One,2025-06-08,16,2,Let me share my screen to show the data. Let's move to the next topic. Here are the key metrics from last week. This solution addresses our concerns perfectly. Great idea! Let's explore that further. Excellent point. I hadn't considered that. We have three items on the agenda today. Great idea! Let's explore that further. Great idea! Let's explore that further. I appreciate everyone's input today. Can everyone see the presentation? Here are the key metrics from last week. Excellent point. I hadn...,745,18,0.627,0.201,1,1,0.704,8.0,0.9,0,3,4,4.6,0.707,79.6
MTG00824,Planning,2025-08-28,77,4,This is exactly what we need. Well done. Great idea! Let's explore that further. I'll take the action item to follow up. I appreciate everyone's input today. Let me share my screen to show the data. The project timeline is on track. This meeting could have been an email. Can everyone see the presentation? We have three items on the agenda today. We have three items on the agenda today. The project timeline is on track. I'm excited about this direction. Let's move forward. I think we've reached a...,1437,35,0.568,0.173,1,1,0.707,19.25,0.913,1,5,1,4.5,0.654,82.7
MTG00825,Planning,2025-05-27,69,4,I'll send out the meeting notes later. I think we've reached a good decision here. This seems like a waste of time honestly. The project timeline is on track. Let me share my screen to show the data. We have three items on the agenda today. I disagree with this direction completely. This seems like a waste of time honestly. We should schedule a follow-up meeting. We should schedule a follow-up meeting. Can everyone see the presentation? I'm not sure this is the right approach. Excellent point. I...,1102,28,0.417,0.21,0,1,0.822,17.25,0.895,0,4,1,3.9,0.481,60.3
MTG00826,One-on-One,2025-07-13,19,2,This is exactly what we need. Well done. This solution addresses our concerns perfectly. Let's move to the next topic. Let me share my screen to show the data. Excellent point. I hadn't considered that. This is exactly what we need. Well done. This solution addresses our concerns perfectly. Great idea! Let's explore that further. I agree with this approach. It makes sense. We're making great progress on this. Excellent point. I hadn't considered that. This seems like a waste of time honestly. Th...,714,17,0.653,0.17,1,1,0.752,9.5,0.915,0,1,4,4.0,0.695,77.6
MTG00827,Brainstorming,2025-10-11,69,5,I disagree with this direction completely. I'm excited about this direction. Let's move forward. The deadline for this is next Friday. I think we've reached a good decision here. Let me share my screen to show the data. The deadline for this is next Friday. I think we've reached a good decision here. The deadline for this is next Friday. Excellent point. I hadn't considered that. Excellent point. I hadn't considered that. Can everyone see the presentation? I don't think we have enough informatio...,1423,35,0.556,0.266,1,1,0.767,13.8,0.867,2,3,4,4.0,0.572,79.3
MTG00828,One-on-One,2025-09-12,13,2,Here are the key metrics from last week. Let me share my screen to show the data. We're going in circles on this topic. Let's move to the next topic. We should schedule a follow-up meeting. This solution addresses our concerns perfectly. Here are the key metrics from last week. The project timeline is on track. The project timeline is on track. We're making great progress on this. I don't think we have enough information to decide....,435,11,0.483,0.209,1,1,0.517,6.5,0.896,1,1,2,3.3,0.487,68.0
MTG00829,Standup,2025-10-16,7,3,Here are the key metrics from last week. Here are the key metrics from last week. I'll send out the meeting notes later. We're going in circles on this topic. This is exactly what we need. Well done. This seems like a waste of time honestly. Let me share my screen to show the data. I'll take the action item to follow up. Excellent point. I hadn't considered that....,365,9,0.497,0.16,1,0,0.425,2.33,0.92,0,3,2,2.7,0.511,60.4
MTG00830,Status Update,2025-05-20,19,5,Great idea! Let's explore that further. This is exactly what we need. Well done. We should have resolved this weeks ago. Let's move to the next topic. I don't think we have enough information to decide. The project timeline is on track. The deadline for this is next Friday. I agree with this approach. It makes sense. I'm excited about this direction. Let's move forward. We should schedule a follow-up meeting. We're making great progress on this. Great idea! Let's explore that further. This meeti...,528,13,0.517,0.195,1,1,0.509,3.8,0.902,2,5,2,3.5,0.696,76.6
MTG00831,Standup,2025-11-07,16,3,We've discussed this several times already. We have three items on the agenda today. This solution addresses our concerns perfectly. The deadline for this is next Friday. I'm concerned about the timeline here. The project timeline is on track. Let me share my screen to show the data. This doesn't align with our objectives. I'll take the action item to follow up. I'll send out the meeting notes later. This doesn't align with our objectives. I agree with this approach. It makes sense. This meeting...,672,17,0.531,0.189,1,1,0.431,5.33,0.906,1,2,0,3.8,0.66,69.0
MTG00832,Retrospective,2025-06-27,52,3,We're making great progress on this. Great idea! Let's explore that further. Let's move to the next topic. I think we've reached a good decision here. We have three items on the agenda today. I'll send out the meeting notes later. We've discussed this several times already. I agree with this approach. It makes sense. The project timeline is on track. I'll send out the meeting notes later. Excellent point. I hadn't considered that. The project timeline is on track. Let's move to the next topic. I...,1229,31,0.558,0.216,0,1,0.748,17.33,0.892,0,0,2,2.8,,53.2
MTG00833,One-on-One,2025-06-24,24,2,I'll take the action item to follow up. We have three items on the agenda today. The project timeline is on track. I'll send out the meeting notes later. This meeting could have been an email. The deadline for this is next Friday. The project timeline is on track. Here are the key metrics from last week. We're making great progress on this. The deadline for this is next Friday. The project timeline is on track. I'm excited about this direction. Let's move forward. This solution addresses our con...,890,22,0.505,0.194,0,1,0.545,12.0,0.903,0,1,2,3.2,0.41,49.3
MTG00834,Planning,2025-09-23,28,4,Excellent point. I hadn't considered that. I think we've reached a good decision here. I'm excited about this direction. Let's move forward. The project timeline is on track. This is exactly what we need. Well done. Excellent point. I hadn't considered that. This is exactly what we need. Well done. This is exactly what we need. Well done. Let me share my screen to show the data. Can everyone see the presentation? We have three items on the agenda today. Can everyone see the presentation? I'm exc...,918,22,0.6,0.234,1,1,0.914,7.0,0.883,2,2,3,4.3,0.777,82.1
MTG00835,Review,2025-05-12,26,3,This doesn't align with our objectives. Let me share my screen to show the data. This doesn't align with our objectives. I'm not sure this is the right approach. Excellent point. I hadn't considered that. Great idea! Let's explore that further. We're going in circles on this topic. This doesn't align with our objectives. I'm concerned about the timeline here. The deadline for this is next Friday. The deadline for this is next Friday. We should schedule a follow-up meeting. We should have resolve...,517,13,0.433,0.204,0,1,0.331,8.67,0.898,1,1,3,3.1,0.418,42.4
MTG00836,Decision-Making,2025-10-06,59,4,I'll take the action item to follow up. This solution addresses our concerns perfectly. I'll take the action item to follow up. Let me share my screen to show the data. This is exactly what we need. Well done. I disagree with this direction completely. We have three items on the agenda today. I'll send out the meeting notes later. Let's move to the next topic. Let me share my screen to show the data. I'll send out the meeting notes later. I'm excited about this direction. Let's move forward. I'l...,1019,25,0.501,0.181,1,1,0.543,14.75,0.909,3,4,2,3.9,0.612,75.2
MTG00837,Retrospective,2025-06-04,54,3,I'll take the action item to follow up. This doesn't align with our objectives. We have three items on the agenda today. Let me share my screen to show the data. This doesn't align with our objectives. I think we've reached a good decision here. We've discussed this several times already. I'll send out the meeting notes later. We have three items on the agenda today. We should schedule a follow-up meeting. We're going in circles on this topic. This seems like a waste of time honestly. Here are t...,1277,31,0.474,0.199,1,0,0.44,18.0,0.901,1,4,3,3.4,0.614,62.0
MTG00838,Retrospective,2025-09-17,24,3,I appreciate everyone's input today. We should schedule a follow-up meeting. Great idea! Let's explore that further. The project timeline is on track. I'm not sure this is the right approach. Let's move to the next topic. I appreciate everyone's input today. I disagree with this direction completely. I don't think we have enough information to decide. I'll send out the meeting notes later. I'll send out the meeting notes later. We're making great progress on this. Great idea! Let's explore that ...,545,14,0.562,0.195,0,1,0.781,8.0,0.902,2,2,0,3.0,0.511,58.3
MTG00839,Review,2025-05-12,42,7,This is exactly what we need. Well done. We have three items on the agenda today. I think we've reached a good decision here. The project timeline is on track. I appreciate everyone's input today. Let's move to the next topic. Let's move to the next topic. Let me share my screen to show the data. I'm excited about this direction. Let's move forward. I think we've reached a good decision here. Can everyone see the presentation? Can everyone see the presentation? I'm excited about this direction. ...,1019,25,0.599,0.182,1,0,0.792,6.0,0.909,5,4,1,3.8,0.638,73.4
MTG00840,Planning,2025-08-22,46,11,Here are the key metrics from last week. I appreciate everyone's input today. The deadline for this is next Friday. We're making great progress on this. I'll take the action item to follow up. The deadline for this is next Friday. This is exactly what we need. Well done. I'll send out the meeting notes later. The deadline for this is next Friday. I'll send out the meeting notes later. We've discussed this several times already. I agree with this approach. It makes sense. I'm excited about this d...,1208,30,0.49,0.216,0,1,0.581,4.18,0.892,2,5,0,3.2,0.555,57.7
MTG00841,Retrospective,2025-06-01,34,5,The deadline for this is next Friday. I'll take the action item to follow up. We're going in circles on this topic. We have three items on the agenda today. I think we've reached a good decision here. I think we've reached a good decision here. I'll send out the meeting notes later. Can everyone see the presentation? I'll take the action item to follow up. I'll take the action item to follow up. I disagree with this direction completely. Let's move to the next topic. Excellent point. I hadn't co...,840,22,0.497,0.199,1,1,0.619,6.8,0.9,3,4,4,4.2,0.662,76.9
MTG00842,Review,2025-09-06,36,8,Excellent point. I hadn't considered that. Great idea! Let's explore that further. Excellent point. I hadn't considered that. I agree with this approach. It makes sense. I agree with this approach. It makes sense. This solution addresses our concerns perfectly. That's a really innovative approach. We're making great progress on this. This seems like a waste of time honestly. Great idea! Let's explore that further. This solution addresses our concerns perfectly. We're going in circles on this top...,848,21,0.617,0.19,1,1,0.82,4.5,0.905,1,2,1,3.8,0.722,80.4
MTG00843,Brainstorming,2025-05-29,58,9,Excellent point. I hadn't considered that. Let's move to the next topic. I'll take the action item to follow up. I'll send out the meeting notes later. Let's move to the next topic. Here are the key metrics from last week. We're making great progress on this. Can everyone see the presentation? I'll send out the meeting notes later. I appreciate everyone's input today. I think we've reached a good decision here. The project timeline is on track. I appreciate everyone's input today. We've discusse...,1136,29,0.536,0.185,0,0,0.835,6.44,0.908,6,5,2,2.5,0.539,55.2
MTG00844,Brainstorming,2025-06-30,42,5,This solution addresses our concerns perfectly. The deadline for this is next Friday. I appreciate everyone's input today. Here are the key metrics from last week. This is exactly what we need. Well done. Let's move to the next topic. Let's move to the next topic. Here are the key metrics from last week. I appreciate everyone's input today. I'll send out the meeting notes later. I'm excited about this direction. Let's move forward. We should have resolved this weeks ago. This is exactly what we ...,802,20,0.588,0.225,1,0,0.814,8.4,0.887,0,5,0,4.4,0.676,75.4
MTG00845,Decision-Making,2025-06-10,69,4,We're going in circles on this topic. The deadline for this is next Friday. This seems like a waste of time honestly. We have three items on the agenda today. Can everyone see the presentation? Let me share my screen to show the data. I'm excited about this direction. Let's move forward. I disagree with this direction completely. This meeting could have been an email. I'll take the action item to follow up. I'm concerned about the timeline here. The deadline for this is next Friday. I'll send ou...,1149,29,0.477,0.16,1,1,0.589,17.25,0.92,1,1,1,4.2,0.676,70.1
MTG00846,Retrospective,2025-07-04,46,8,Let's move to the next topic. This is exactly what we need. Well done. The deadline for this is next Friday. I agree with this approach. It makes sense. We've discussed this several times already. I don't think we have enough information to decide. I disagree with this direction completely. We're making great progress on this. We have three items on the agenda today. I disagree with this direction completely. Can everyone see the presentation? I don't think we have enough information to decide. ...,1152,28,0.512,0.216,0,1,0.704,5.75,0.892,2,4,1,3.5,0.463,59.2
MTG00847,Planning,2025-05-14,53,5,I'll send out the meeting notes later. Let's move to the next topic. This doesn't align with our objectives. I'll take the action item to follow up. We should have resolved this weeks ago. We should schedule a follow-up meeting. We should have resolved this weeks ago. This doesn't align with our objectives. Here are the key metrics from last week. I'll send out the meeting notes later. I'll send out the meeting notes later. I don't think we have enough information to decide. I'll send out the me...,1214,30,0.501,0.224,1,0,0.749,10.6,0.888,2,7,1,3.9,0.666,72.1
MTG00848,Planning,2025-10-29,65,4,The deadline for this is next Friday. We should schedule a follow-up meeting. The deadline for this is next Friday. This doesn't align with our objectives. I agree with this approach. It makes sense. We're going in circles on this topic. This is exactly what we need. Well done. This solution addresses our concerns perfectly. We're making great progress on this. I'm concerned about the timeline here. I agree with this approach. It makes sense. I'll send out the meeting notes later. I'm not sure t...,1049,26,0.506,0.219,1,1,0.498,16.25,0.891,4,2,1,3.8,0.52,69.9
MTG00849,Retrospective,2025-09-18,31,4,This meeting could have been an email. Let's move to the next topic. I don't think we have enough information to decide. The deadline for this is next Friday. The project timeline is on track. I appreciate everyone's input today. This is exactly what we need. Well done. I'm not sure this is the right approach. I think we've reached a good decision here. The deadline for this is next Friday. Here are the key metrics from last week. We should have resolved this weeks ago. I'm concerned about the t...,822,21,0.47,0.205,1,0,0.535,7.75,0.898,1,3,2,3.7,0.459,62.2
MTG00850,Standup,2025-09-30,24,5,We should schedule a follow-up meeting. I'll take the action item to follow up. This meeting could have been an email. Excellent point. I hadn't considered that. That's a really innovative approach. I think we've reached a good decision here. Here are the key metrics from last week. This is exactly what we need. Well done. Let me share my screen to show the data. Can everyone see the presentation? Let's move to the next topic. We're making great progress on this. I'll take the action item to fol...,924,23,0.601,0.192,1,0,0.72,4.8,0.904,1,6,0,3.6,0.704,73.6
MTG00851,One-on-One,2025-07-29,20,2,Let me share my screen to show the data. The project timeline is on track. We should schedule a follow-up meeting. Let me share my screen to show the data. That's a really innovative approach. This is exactly what we need. Well done. I appreciate everyone's input today. Here are the key metrics from last week. We should have resolved this weeks ago. We have three items on the agenda today. That's a really innovative approach. The deadline for this is next Friday....,467,12,0.593,0.227,0,1,0.763,10.0,0.887,1,3,3,3.3,0.456,60.2
MTG00852,Review,2025-08-02,31,3,We've discussed this several times already. Let me share my screen to show the data. We should schedule a follow-up meeting. We've discussed this several times already. This is exactly what we need. Well done. I'll send out the meeting notes later. We have three items on the agenda today. Let's move to the next topic. The project timeline is on track. I'll take the action item to follow up. I disagree with this direction completely. The project timeline is on track. The deadline for this is next...,592,15,0.392,0.169,1,1,0.443,10.33,0.915,0,3,0,3.8,0.64,68.6
MTG00853,Status Update,2025-09-01,12,5,Can everyone see the presentation? I'll send out the meeting notes later. We should have resolved this weeks ago. I'll take the action item to follow up. Let's move to the next topic. We should have resolved this weeks ago. Can everyone see the presentation? The deadline for this is next Friday. This is exactly what we need. Well done. Excellent point. I hadn't considered that. I'll take the action item to follow up. The deadline for this is next Friday. The deadline for this is next Friday. The...,653,17,0.47,0.186,1,1,0.634,2.4,0.907,0,3,1,3.9,0.586,74.9
MTG00854,Brainstorming,2025-09-04,42,5,This solution addresses our concerns perfectly. That's a really innovative approach. Here are the key metrics from last week. This is exactly what we need. Well done. This is exactly what we need. Well done. This is exactly what we need. Well done. This solution addresses our concerns perfectly. I appreciate everyone's input today. Great idea! Let's explore that further. I appreciate everyone's input today. This is exactly what we need. Well done. I think we've reached a good decision here. This...,874,21,0.578,0.161,1,0,0.936,8.4,0.919,1,6,2,4.3,0.608,78.8
MTG00855,Retrospective,2025-06-24,49,3,I'm excited about this direction. Let's move forward. I'll send out the meeting notes later. We should schedule a follow-up meeting. We're going in circles on this topic. I agree with this approach. It makes sense. I'll take the action item to follow up. I'm not sure this is the right approach. We should schedule a follow-up meeting. Let's move to the next topic. Excellent point. I hadn't considered that. I disagree with this direction completely. We're going in circles on this topic. We have th...,863,21,0.578,0.172,0,1,0.681,16.33,0.914,1,4,1,3.5,0.489,60.3
MTG00856,Status Update,2025-05-22,30,5,That's a really innovative approach. I'm excited about this direction. Let's move forward. I appreciate everyone's input today. I'll take the action item to follow up. Here are the key metrics from last week. We're making great progress on this. Let's move to the next topic. I appreciate everyone's input today. We have three items on the agenda today. Let's move to the next topic. Can everyone see the presentation? We're making great progress on this. Let me share my screen to show the data. Let...,578,15,0.468,0.197,1,0,0.747,6.0,0.902,2,5,1,3.6,0.676,71.6
MTG00857,Brainstorming,2025-06-15,93,7,This is exactly what we need. Well done. I agree with this approach. It makes sense. This solution addresses our concerns perfectly. We have three items on the agenda today. I'll send out the meeting notes later. Can everyone see the presentation? We have three items on the agenda today. We have three items on the agenda today. This meeting could have been an email. I don't think we have enough information to decide. This solution addresses our concerns perfectly. This seems like a waste of time...,1508,37,0.566,0.194,0,1,0.817,13.29,0.903,2,2,2,2.9,0.476,59.3
MTG00858,Retrospective,2025-06-01,39,6,We're making great progress on this. I agree with this approach. It makes sense. This is exactly what we need. Well done. We have three items on the agenda today. The deadline for this is next Friday. Can everyone see the presentation? We've discussed this several times already. I'll take the action item to follow up. This meeting could have been an email. I'm concerned about the timeline here. I'll send out the meeting notes later. Here are the key metrics from last week. I appreciate everyone'...,1109,28,0.58,0.177,1,1,0.715,6.5,0.912,0,4,1,4.8,0.699,81.2
MTG00859,Review,2025-10-18,52,7,This doesn't align with our objectives. This doesn't align with our objectives. We should schedule a follow-up meeting. I appreciate everyone's input today. Let me share my screen to show the data. We're making great progress on this. Let's move to the next topic. I think we've reached a good decision here. The project timeline is on track. The project timeline is on track. This meeting could have been an email. We should schedule a follow-up meeting. That's a really innovative approach. I'll se...,1208,31,0.554,0.231,1,1,0.587,7.43,0.885,3,3,2,3.6,0.678,75.0
MTG00860,Standup,2025-09-09,16,3,This is exactly what we need. Well done. I'm not sure this is the right approach. This is exactly what we need. Well done. We have three items on the agenda today. I think we've reached a good decision here. I agree with this approach. It makes sense. Let's move to the next topic. Let me share my screen to show the data. This solution addresses our concerns perfectly. We're making great progress on this. This seems like a waste of time honestly....,449,11,0.657,0.163,1,1,0.767,5.33,0.918,0,2,1,4.0,0.587,80.1
MTG00861,Brainstorming,2025-08-27,58,5,We should have resolved this weeks ago. We're going in circles on this topic. We should have resolved this weeks ago. Great idea! Let's explore that further. Let me share my screen to show the data. Let me share my screen to show the data. The deadline for this is next Friday. I'll send out the meeting notes later. The project timeline is on track. We should have resolved this weeks ago. This seems like a waste of time honestly. I'm excited about this direction. Let's move forward. Can everyone ...,1316,33,0.485,0.196,1,1,0.662,11.6,0.902,1,1,1,4.2,0.571,71.8
MTG00862,Planning,2025-07-26,80,8,Let's move to the next topic. Let's move to the next topic. Excellent point. I hadn't considered that. We should have resolved this weeks ago. I'll take the action item to follow up. Let me share my screen to show the data. This meeting could have been an email. I'll send out the meeting notes later. We're going in circles on this topic. Here are the key metrics from last week. I'll send out the meeting notes later. Here are the key metrics from last week. The deadline for this is next Friday. W...,1349,34,0.508,0.192,1,0,0.463,10.0,0.904,3,3,1,3.1,0.519,61.3
MTG00863,Standup,2025-06-25,3,6,We should schedule a follow-up meeting. I appreciate everyone's input today. I'm concerned about the timeline here. I'll send out the meeting notes later. Can everyone see the presentation? Excellent point. I hadn't considered that. We've discussed this several times already. Let's move to the next topic....,306,8,0.607,0.179,1,1,0.661,0.5,0.911,0,1,3,3.3,0.737,74.3
MTG00864,Brainstorming,2025-06-26,72,5,That's a really innovative approach. This meeting could have been an email. I don't think we have enough information to decide. Here are the key metrics from last week. I'll send out the meeting notes later. This solution addresses our concerns perfectly. I'm excited about this direction. Let's move forward. I appreciate everyone's input today. I'll send out the meeting notes later. Excellent point. I hadn't considered that. We're going in circles on this topic. This solution addresses our conce...,1566,38,0.512,0.216,1,1,0.691,14.4,0.892,3,1,3,4.5,0.701,72.9
MTG00865,Planning,2025-06-26,110,4,That's a really innovative approach. The deadline for this is next Friday. This is exactly what we need. Well done. I'll take the action item to follow up. I'm not sure this is the right approach. I think we've reached a good decision here. This solution addresses our concerns perfectly. That's a really innovative approach. I'll send out the meeting notes later. This is exactly what we need. Well done. I think we've reached a good decision here. We should schedule a follow-up meeting. I'll take ...,2119,51,0.619,0.186,1,1,0.909,27.5,0.907,1,4,1,4.1,0.783,86.7
MTG00866,Status Update,2025-08-22,13,10,We've discussed this several times already. The deadline for this is next Friday. Here are the key metrics from last week. I'm concerned about the timeline here. This meeting could have been an email. I'm not sure this is the right approach. I'm not sure this is the right approach. This doesn't align with our objectives. Let's move to the next topic. We have three items on the agenda today. The deadline for this is next Friday. We have three items on the agenda today. I'll take the action item t...,582,15,0.426,0.176,0,0,0.391,1.3,0.912,2,2,4,2.4,0.357,36.0
MTG00867,Status Update,2025-08-08,21,9,Here are the key metrics from last week. I'll send out the meeting notes later. Excellent point. I hadn't considered that. This solution addresses our concerns perfectly. This meeting could have been an email. Let's move to the next topic. We should schedule a follow-up meeting. Great idea! Let's explore that further. That's a really innovative approach. I'll send out the meeting notes later. We have three items on the agenda today. This meeting could have been an email. I think we've reached a ...,804,20,0.601,0.198,1,1,0.844,2.33,0.901,6,0,1,4.0,,76.6
MTG00868,Brainstorming,2025-05-13,26,5,I appreciate everyone's input today. I appreciate everyone's input today. I'm concerned about the timeline here. I agree with this approach. It makes sense. I agree with this approach. It makes sense. I'm concerned about the timeline here. The project timeline is on track. The project timeline is on track. This solution addresses our concerns perfectly. Great idea! Let's explore that further. I'm concerned about the timeline here. Can everyone see the presentation? The deadline for this is next ...,706,18,0.6,0.225,1,1,0.843,5.2,0.888,1,3,1,4.3,0.784,82.4
MTG00869,Review,2025-09-19,23,11,We should have resolved this weeks ago. We're going in circles on this topic. The deadline for this is next Friday. I'm excited about this direction. Let's move forward. I'll send out the meeting notes later. I'll take the action item to follow up. We've discussed this several times already. I'm not sure this is the right approach. Can everyone see the presentation? I'll take the action item to follow up. We should have resolved this weeks ago. This meeting could have been an email. This seems l...,648,16,0.481,0.207,0,1,0.541,2.09,0.896,2,5,2,3.4,0.476,56.6
MTG00870,Planning,2025-10-30,62,4,Let's move to the next topic. This is exactly what we need. Well done. I think we've reached a good decision here. I'm excited about this direction. Let's move forward. I'll send out the meeting notes later. I think we've reached a good decision here. I'm not sure this is the right approach. This is exactly what we need. Well done. I agree with this approach. It makes sense. We should schedule a follow-up meeting. We're making great progress on this. Can everyone see the presentation? I agree wi...,1366,33,0.58,0.21,1,1,0.82,15.5,0.895,0,2,4,4.1,0.646,79.5
MTG00871,Decision-Making,2025-09-22,46,4,Let's move to the next topic. This doesn't align with our objectives. I'll take the action item to follow up. I'll take the action item to follow up. The deadline for this is next Friday. That's a really innovative approach. This is exactly what we need. Well done. Here are the key metrics from last week. I'm concerned about the timeline here. Great idea! Let's explore that further. This doesn't align with our objectives. Great idea! Let's explore that further. The deadline for this is next Frid...,1072,27,0.549,0.225,0,0,0.772,11.5,0.888,2,2,1,2.6,0.339,47.6
MTG00872,One-on-One,2025-10-21,53,2,I appreciate everyone's input today. We should have resolved this weeks ago. Let's move to the next topic. Let me share my screen to show the data. We should schedule a follow-up meeting. This seems like a waste of time honestly. The deadline for this is next Friday. We should have resolved this weeks ago. Here are the key metrics from last week. I think we've reached a good decision here. Let's move to the next topic. I don't think we have enough information to decide. I'll take the action item...,923,23,0.482,0.225,0,1,0.753,26.5,0.888,0,2,1,3.3,0.416,55.8
MTG00873,All-Hands,2025-09-02,24,45,This is exactly what we need. Well done. I'm concerned about the timeline here. I'm not sure this is the right approach. I'm concerned about the timeline here. Can everyone see the presentation? The deadline for this is next Friday. Let me share my screen to show the data. The deadline for this is next Friday. I disagree with this direction completely. Can everyone see the presentation? We should have resolved this weeks ago. We have three items on the agenda today. Here are the key metrics from...,785,20,0.442,0.196,1,1,0.648,0.53,0.902,15,5,3,3.7,0.608,78.6
MTG00874,Planning,2025-08-04,82,4,We're making great progress on this. I'll send out the meeting notes later. Can everyone see the presentation? I disagree with this direction completely. We're making great progress on this. We have three items on the agenda today. We should have resolved this weeks ago. We should schedule a follow-up meeting. This solution addresses our concerns perfectly. I'm excited about this direction. Let's move forward. I appreciate everyone's input today. We've discussed this several times already. Here ...,1265,32,0.575,0.165,1,1,0.83,20.5,0.917,0,5,3,4.3,0.722,86.0
MTG00875,Planning,2025-06-11,26,4,I appreciate everyone's input today. I'll send out the meeting notes later. The project timeline is on track. We're going in circles on this topic. Can everyone see the presentation? That's a really innovative approach. The deadline for this is next Friday. I'll take the action item to follow up. We should have resolved this weeks ago. I'm concerned about the timeline here. I'm concerned about the timeline here. We should schedule a follow-up meeting. I think we've reached a good decision here. ...,706,18,0.507,0.214,0,1,0.497,6.5,0.893,2,3,1,3.2,0.397,52.0
MTG00876,Retrospective,2025-10-26,58,3,The project timeline is on track. We should schedule a follow-up meeting. The project timeline is on track. Let me share my screen to show the data. I'm concerned about the timeline here. Let's move to the next topic. The project timeline is on track. I'll send out the meeting notes later. Here are the key metrics from last week. Great idea! Let's explore that further. I agree with this approach. It makes sense. We should have resolved this weeks ago. Great idea! Let's explore that further. We s...,993,25,0.582,0.207,0,0,0.776,19.33,0.897,2,3,1,2.5,0.483,50.5
MTG00877,Decision-Making,2025-09-23,38,4,This solution addresses our concerns perfectly. We have three items on the agenda today. We should schedule a follow-up meeting. We have three items on the agenda today. This is exactly what we need. Well done. This is exactly what we need. Well done. This is exactly what we need. Well done. We should schedule a follow-up meeting. I'll send out the meeting notes later. I'm excited about this direction. Let's move forward. Excellent point. I hadn't considered that. Excellent point. I hadn't consi...,1094,26,0.531,0.197,1,0,0.75,9.5,0.901,1,2,2,3.4,0.655,66.9
MTG00878,Brainstorming,2025-06-09,40,5,I'll send out the meeting notes later. Excellent point. I hadn't considered that. Excellent point. I hadn't considered that. Let me share my screen to show the data. That's a really innovative approach. Excellent point. I hadn't considered that. I'll take the action item to follow up. I'm excited about this direction. Let's move forward. Can everyone see the presentation? Can everyone see the presentation? We should have resolved this weeks ago. Great idea! Let's explore that further. I'm excite...,1153,28,0.537,0.222,1,0,0.794,8.0,0.889,2,1,2,3.5,0.569,65.9
MTG00879,Status Update,2025-07-01,30,9,I don't think we have enough information to decide. I agree with this approach. It makes sense. Here are the key metrics from last week. Let's move to the next topic. Excellent point. I hadn't considered that. We should schedule a follow-up meeting. We should have resolved this weeks ago. I'm excited about this direction. Let's move forward. I think we've reached a good decision here. The deadline for this is next Friday. I'll send out the meeting notes later. I'll send out the meeting notes lat...,1015,25,0.515,0.206,0,1,0.869,3.33,0.897,5,3,4,3.2,0.459,61.5
MTG00880,Standup,2025-08-08,9,3,The deadline for this is next Friday. Let me share my screen to show the data. I'll send out the meeting notes later. We've discussed this several times already. I appreciate everyone's input today. I don't think we have enough information to decide. The project timeline is on track. I agree with this approach. It makes sense. The deadline for this is next Friday. Here are the key metrics from last week. The deadline for this is next Friday. I'm not sure this is the right approach. Let's move to...,677,17,0.46,0.136,0,0,0.493,3.0,0.932,2,5,2,3.1,0.454,45.5
MTG00881,Brainstorming,2025-10-09,17,6,Let's move to the next topic. This seems like a waste of time honestly. Excellent point. I hadn't considered that. I'm not sure this is the right approach. This doesn't align with our objectives. Here are the key metrics from last week. This solution addresses our concerns perfectly. This solution addresses our concerns perfectly. This meeting could have been an email. I appreciate everyone's input today. Excellent point. I hadn't considered that....,451,11,0.482,0.182,1,0,0.55,2.83,0.909,1,1,2,2.6,0.418,59.0
MTG00882,Status Update,2025-09-06,23,5,This is exactly what we need. Well done. I appreciate everyone's input today. The deadline for this is next Friday. This meeting could have been an email. Can everyone see the presentation? This is exactly what we need. Well done. Let me share my screen to show the data. This seems like a waste of time honestly. I appreciate everyone's input today. We have three items on the agenda today. Let's move to the next topic. Can everyone see the presentation? I think we've reached a good decision here....,745,19,0.545,0.173,0,1,0.636,4.6,0.914,4,4,2,3.7,0.569,58.5
MTG00883,Review,2025-10-11,32,3,I disagree with this direction completely. Let me share my screen to show the data. Let me share my screen to show the data. We're going in circles on this topic. I think we've reached a good decision here. The project timeline is on track. Excellent point. I hadn't considered that. The deadline for this is next Friday. We have three items on the agenda today. We have three items on the agenda today. The deadline for this is next Friday. The deadline for this is next Friday. We have three items ...,723,18,0.512,0.206,1,1,0.669,10.67,0.897,0,6,1,4.8,0.752,80.4
MTG00884,Retrospective,2025-08-04,85,3,This is exactly what we need. Well done. I appreciate everyone's input today. That's a really innovative approach. I appreciate everyone's input today. That's a really innovative approach. We're making great progress on this. I appreciate everyone's input today. Can everyone see the presentation? Let me share my screen to show the data. We have three items on the agenda today. Here are the key metrics from last week. I agree with this approach. It makes sense. That's a really innovative approach...,1641,41,0.598,0.21,1,1,0.714,28.33,0.895,2,4,2,4.3,0.649,81.2
MTG00885,Retrospective,2025-06-08,56,8,This is exactly what we need. Well done. Excellent point. I hadn't considered that. Can everyone see the presentation? This is exactly what we need. Well done. We have three items on the agenda today. I think we've reached a good decision here. This is exactly what we need. Well done. I appreciate everyone's input today. This is exactly what we need. Well done. This is exactly what we need. Well done. I agree with this approach. It makes sense. Excellent point. I hadn't considered that. This is ...,1247,29,0.628,0.168,1,1,0.927,7.0,0.916,0,3,3,4.4,0.814,85.5
MTG00886,Retrospective,2025-07-10,50,12,We should have resolved this weeks ago. This doesn't align with our objectives. This seems like a waste of time honestly. Here are the key metrics from last week. Here are the key metrics from last week. I think we've reached a good decision here. I think we've reached a good decision here. We're going in circles on this topic. Here are the key metrics from last week. The project timeline is on track. We've discussed this several times already. The deadline for this is next Friday. The project t...,1204,30,0.49,0.221,1,1,0.634,4.17,0.89,7,2,3,4.5,0.572,73.0
MTG00887,All-Hands,2025-08-13,45,24,That's a really innovative approach. I'll send out the meeting notes later. I'm concerned about the timeline here. We have three items on the agenda today. I'm not sure this is the right approach. I don't think we have enough information to decide. Great idea! Let's explore that further. I don't think we have enough information to decide. This doesn't align with our objectives. We're going in circles on this topic. I'll take the action item to follow up. That's a really innovative approach. Exce...,948,23,0.485,0.213,0,0,0.753,1.88,0.893,9,3,2,3.2,0.379,47.9
MTG00888,Planning,2025-10-23,80,4,I appreciate everyone's input today. I disagree with this direction completely. I appreciate everyone's input today. The deadline for this is next Friday. We should schedule a follow-up meeting. I appreciate everyone's input today. I'll take the action item to follow up. I'll take the action item to follow up. The deadline for this is next Friday. The project timeline is on track. I'll take the action item to follow up. The project timeline is on track. This meeting could have been an email. Thi...,1507,38,0.41,0.197,1,0,0.315,20.0,0.901,1,3,1,3.2,0.398,55.6
MTG00889,Standup,2025-09-17,5,3,Here are the key metrics from last week. This is exactly what we need. Well done. I agree with this approach. It makes sense. That's a really innovative approach. That's a really innovative approach. I'm concerned about the timeline here. This solution addresses our concerns perfectly. This is exactly what we need. Well done. We're making great progress on this....,364,9,0.687,0.133,1,1,0.728,1.67,0.933,3,3,1,4.1,0.763,81.9
MTG00890,Retrospective,2025-06-25,56,5,This solution addresses our concerns perfectly. Let me share my screen to show the data. I appreciate everyone's input today. We should schedule a follow-up meeting. We should schedule a follow-up meeting. I'll send out the meeting notes later. I agree with this approach. It makes sense. Let me share my screen to show the data. I'll send out the meeting notes later. Let's move to the next topic. Here are the key metrics from last week. This is exactly what we need. Well done. Great idea! Let's e...,1198,30,0.58,0.174,0,1,0.887,11.2,0.913,2,4,2,4.1,0.552,65.5
MTG00891,Status Update,2025-06-12,57,13,Excellent point. I hadn't considered that. I disagree with this direction completely. I'm excited about this direction. Let's move forward. This solution addresses our concerns perfectly. We're making great progress on this. The deadline for this is next Friday. Let me share my screen to show the data. The deadline for this is next Friday. I appreciate everyone's input today. I appreciate everyone's input today. I don't think we have enough information to decide. I appreciate everyone's input to...,1320,32,0.629,0.184,1,1,0.762,4.38,0.908,6,3,2,4.3,0.669,81.2
MTG00892,Brainstorming,2025-05-20,35,15,Let me share my screen to show the data. We should schedule a follow-up meeting. Can everyone see the presentation? The deadline for this is next Friday. I think we've reached a good decision here. Here are the key metrics from last week. I'm not sure this is the right approach. We should schedule a follow-up meeting. We're going in circles on this topic. We should schedule a follow-up meeting. This is exactly what we need. Well done. I think we've reached a good decision here. This seems like a...,880,22,0.502,0.22,0,1,0.709,2.33,0.89,9,2,3,2.4,0.519,55.1
MTG00893,Planning,2025-06-17,18,6,That's a really innovative approach. Here are the key metrics from last week. We should schedule a follow-up meeting. I'm excited about this direction. Let's move forward. We should have resolved this weeks ago. We're going in circles on this topic. I disagree with this direction completely. I don't think we have enough information to decide. I think we've reached a good decision here. I think we've reached a good decision here. We're going in circles on this topic....,470,11,0.433,0.197,1,0,0.527,3.0,0.901,0,6,2,3.6,0.607,65.4
MTG00894,Status Update,2025-08-29,46,5,The project timeline is on track. Excellent point. I hadn't considered that. This meeting could have been an email. The project timeline is on track. We're going in circles on this topic. I agree with this approach. It makes sense. I'll send out the meeting notes later. We're making great progress on this. I'll take the action item to follow up. Can everyone see the presentation? We should have resolved this weeks ago. The project timeline is on track. Let's move to the next topic. I'll take the...,811,21,0.5,0.204,0,1,0.802,9.2,0.898,3,4,0,3.1,0.571,61.5
MTG00895,All-Hands,2025-10-31,83,55,We're going in circles on this topic. Let's move to the next topic. Let me share my screen to show the data. This meeting could have been an email. The deadline for this is next Friday. That's a really innovative approach. This seems like a waste of time honestly. I'm not sure this is the right approach. This solution addresses our concerns perfectly. This doesn't align with our objectives. I agree with this approach. It makes sense. Great idea! Let's explore that further. The deadline for this ...,1414,36,0.501,0.193,0,0,0.686,1.51,0.903,16,4,1,3.1,0.483,48.7
MTG00896,All-Hands,2025-09-20,28,62,Let me share my screen to show the data. I don't think we have enough information to decide. We should schedule a follow-up meeting. We're going in circles on this topic. I disagree with this direction completely. The project timeline is on track. I'll take the action item to follow up. Here are the key metrics from last week. Here are the key metrics from last week. We should have resolved this weeks ago. We're going in circles on this topic. We have three items on the agenda today. That's a re...,967,24,0.419,0.221,1,1,0.491,0.45,0.889,22,3,3,3.6,0.576,70.0
MTG00897,Planning,2025-05-18,62,8,I appreciate everyone's input today. I'll send out the meeting notes later. We have three items on the agenda today. I think we've reached a good decision here. Here are the key metrics from last week. Let's move to the next topic. I'm concerned about the timeline here. Great idea! Let's explore that further. I don't think we have enough information to decide. This seems like a waste of time honestly. Can everyone see the presentation? I agree with this approach. It makes sense. The project time...,1204,30,0.541,0.231,1,0,0.669,7.75,0.885,1,3,1,3.4,0.475,66.8
MTG00898,Status Update,2025-05-27,14,6,Let me share my screen to show the data. I agree with this approach. It makes sense. I'll take the action item to follow up. I appreciate everyone's input today. This solution addresses our concerns perfectly. We've discussed this several times already. Great idea! Let's explore that further. Excellent point. I hadn't considered that. Can everyone see the presentation?...,371,9,0.521,0.234,1,1,0.724,2.33,0.883,2,0,3,3.8,,71.8
MTG00899,Brainstorming,2025-08-22,28,5,The deadline for this is next Friday. Here are the key metrics from last week. Here are the key metrics from last week. Let me share my screen to show the data. I'll send out the meeting notes later. We're making great progress on this. We're going in circles on this topic. Let's move to the next topic. I'll send out the meeting notes later. The project timeline is on track. I appreciate everyone's input today. This solution addresses our concerns perfectly. This is exactly what we need. Well do...,692,18,0.52,0.184,0,1,0.8,5.6,0.908,3,4,1,3.5,0.441,62.0
MTG00900,Retrospective,2025-08-17,57,3,Here are the key metrics from last week. Here are the key metrics from last week. I appreciate everyone's input today. We're making great progress on this. This is exactly what we need. Well done. This solution addresses our concerns perfectly. I'll send out the meeting notes later. The deadline for this is next Friday. This is exactly what we need. Well done. This is exactly what we need. Well done. We have three items on the agenda today. Here are the key metrics from last week. I'm not sure t...,1224,29,0.574,0.206,1,1,0.749,19.0,0.897,0,3,2,4.2,0.683,79.7
MTG00901,Review,2025-06-07,19,4,This solution addresses our concerns perfectly. This doesn't align with our objectives. We have three items on the agenda today. Excellent point. I hadn't considered that. The project timeline is on track. Excellent point. I hadn't considered that. Let's move to the next topic. Great idea! Let's explore that further. We're making great progress on this. We have three items on the agenda today. This is exactly what we need. Well done. I'm excited about this direction. Let's move forward. This sol...,715,17,0.592,0.173,1,1,0.928,4.75,0.913,1,5,0,4.2,0.788,88.7
MTG00902,Planning,2025-11-07,43,4,I'll send out the meeting notes later. The deadline for this is next Friday. This is exactly what we need. Well done. We've discussed this several times already. We have three items on the agenda today. We should schedule a follow-up meeting. I'll take the action item to follow up. The deadline for this is next Friday. We're making great progress on this. We should schedule a follow-up meeting. The deadline for this is next Friday. This seems like a waste of time honestly. We're going in circles...,852,22,0.586,0.22,0,1,0.587,10.75,0.89,2,3,2,3.2,0.469,55.7
MTG00903,Decision-Making,2025-09-25,39,7,I think we've reached a good decision here. Can everyone see the presentation? This is exactly what we need. Well done. Let's move to the next topic. This doesn't align with our objectives. I don't think we have enough information to decide. We have three items on the agenda today. This seems like a waste of time honestly. We've discussed this several times already. The project timeline is on track. Let's move to the next topic. We should schedule a follow-up meeting. Let's move to the next topi...,790,20,0.468,0.169,1,1,0.54,5.57,0.915,2,1,4,3.2,0.573,68.6
MTG00904,All-Hands,2025-05-28,37,39,Let's move to the next topic. I'm excited about this direction. Let's move forward. I think we've reached a good decision here. We've discussed this several times already. I'm excited about this direction. Let's move forward. We should schedule a follow-up meeting. We should schedule a follow-up meeting. Can everyone see the presentation? Can everyone see the presentation? We're making great progress on this. I'm concerned about the timeline here. This solution addresses our concerns perfectly. ...,720,17,0.582,0.212,1,1,0.569,0.95,0.894,12,7,1,3.7,0.604,79.3
MTG00905,All-Hands,2025-08-24,59,20,We should have resolved this weeks ago. We have three items on the agenda today. This solution addresses our concerns perfectly. I think we've reached a good decision here. Can everyone see the presentation? I think we've reached a good decision here. We're making great progress on this. Excellent point. I hadn't considered that. I'm excited about this direction. Let's move forward. Can everyone see the presentation? This meeting could have been an email. Excellent point. I hadn't considered tha...,1023,25,0.588,0.2,1,0,0.874,2.95,0.9,7,2,2,3.7,0.71,71.1
MTG00906,Retrospective,2025-10-21,23,3,Excellent point. I hadn't considered that. That's a really innovative approach. This meeting could have been an email. The deadline for this is next Friday. I'll send out the meeting notes later. Great idea! Let's explore that further. That's a really innovative approach. We should schedule a follow-up meeting. I disagree with this direction completely. That's a really innovative approach. The deadline for this is next Friday. That's a really innovative approach. We've discussed this several tim...,579,15,0.525,0.189,1,1,0.708,7.67,0.905,2,0,2,3.5,,71.8
MTG00907,One-on-One,2025-06-21,36,2,I'll take the action item to follow up. I'm not sure this is the right approach. I'm excited about this direction. Let's move forward. I disagree with this direction completely. I appreciate everyone's input today. The deadline for this is next Friday. This solution addresses our concerns perfectly. We've discussed this several times already. Let's move to the next topic. This is exactly what we need. Well done. We have three items on the agenda today. We should schedule a follow-up meeting. We'...,989,24,0.477,0.218,1,0,0.838,18.0,0.891,0,2,4,3.8,0.631,67.9
MTG00908,Retrospective,2025-08-08,90,4,We should schedule a follow-up meeting. I'm concerned about the timeline here. Can everyone see the presentation? We're going in circles on this topic. I'll send out the meeting notes later. We should schedule a follow-up meeting. We have three items on the agenda today. We should schedule a follow-up meeting. We're making great progress on this. I appreciate everyone's input today. The deadline for this is next Friday. This meeting could have been an email. I'll send out the meeting notes later...,1638,41,0.504,0.2,1,0,0.441,22.5,0.9,1,3,4,3.7,0.587,60.6
MTG00909,One-on-One,2025-09-10,12,2,I'm not sure this is the right approach. I disagree with this direction completely. Excellent point. I hadn't considered that. This solution addresses our concerns perfectly. The deadline for this is next Friday. We have three items on the agenda today. We have three items on the agenda today. The project timeline is on track. Here are the key metrics from last week. I'll send out the meeting notes later. The project timeline is on track. Can everyone see the presentation? Can everyone see the p...,696,18,0.462,0.173,1,1,0.649,6.0,0.914,0,1,3,3.5,0.56,71.2
MTG00910,All-Hands,2025-08-23,40,51,Here are the key metrics from last week. We should schedule a follow-up meeting. I think we've reached a good decision here. Let's move to the next topic. We should schedule a follow-up meeting. This is exactly what we need. Well done. The project timeline is on track. This solution addresses our concerns perfectly. We should schedule a follow-up meeting. This solution addresses our concerns perfectly. Here are the key metrics from last week. Let's move to the next topic. I disagree with this di...,1080,27,0.586,0.211,1,1,0.849,0.78,0.894,12,4,0,4.6,0.749,84.3
MTG00911,Standup,2025-08-23,8,3,The project timeline is on track. I'm concerned about the timeline here. This meeting could have been an email. We're making great progress on this. I agree with this approach. It makes sense. We should schedule a follow-up meeting. I'm not sure this is the right approach. Let's move to the next topic. This meeting could have been an email. The project timeline is on track. Can everyone see the presentation? I'm excited about this direction. Let's move forward. Let's move to the next topic. We h...,571,15,0.475,0.199,1,0,0.81,2.67,0.9,2,6,2,4.0,0.699,73.3
MTG00912,Review,2025-07-22,18,3,The deadline for this is next Friday. The project timeline is on track. I'll send out the meeting notes later. I disagree with this direction completely. We have three items on the agenda today. I agree with this approach. It makes sense. The deadline for this is next Friday. Excellent point. I hadn't considered that. I'm not sure this is the right approach. I'm concerned about the timeline here. That's a really innovative approach. The project timeline is on track. Let's move to the next topic....,703,18,0.472,0.227,0,0,0.694,6.0,0.887,0,2,4,2.5,0.344,44.1
MTG00913,Review,2025-06-04,25,3,The project timeline is on track. I agree with this approach. It makes sense. Can everyone see the presentation? I don't think we have enough information to decide. This meeting could have been an email. Let me share my screen to show the data. Let me share my screen to show the data. Here are the key metrics from last week. This meeting could have been an email. This is exactly what we need. Well done. We have three items on the agenda today. We should schedule a follow-up meeting. We should sc...,808,20,0.505,0.208,1,1,0.56,8.33,0.896,0,2,3,4.1,0.704,71.5
MTG00914,Status Update,2025-06-11,41,5,Excellent point. I hadn't considered that. Let's move to the next topic. I agree with this approach. It makes sense. This solution addresses our concerns perfectly. The project timeline is on track. The project timeline is on track. Let me share my screen to show the data. We should schedule a follow-up meeting. Great idea! Let's explore that further. I don't think we have enough information to decide. Excellent point. I hadn't considered that. This is exactly what we need. Well done. I'll send ...,859,21,0.517,0.179,1,1,0.915,8.2,0.91,1,2,3,3.8,0.611,80.9
MTG00915,Review,2025-06-24,68,3,I think we've reached a good decision here. We should schedule a follow-up meeting. We're going in circles on this topic. The deadline for this is next Friday. Let's move to the next topic. This solution addresses our concerns perfectly. I agree with this approach. It makes sense. Excellent point. I hadn't considered that. This seems like a waste of time honestly. Let me share my screen to show the data. Here are the key metrics from last week. Great idea! Let's explore that further. I disagree ...,1177,29,0.543,0.188,0,0,0.673,22.67,0.906,2,1,1,2.2,0.399,43.3
MTG00916,Decision-Making,2025-05-13,38,4,We're making great progress on this. Excellent point. I hadn't considered that. I appreciate everyone's input today. This seems like a waste of time honestly. This doesn't align with our objectives. We're making great progress on this. We've discussed this several times already. I'll take the action item to follow up. I don't think we have enough information to decide. I disagree with this direction completely. I think we've reached a good decision here. This seems like a waste of time honestly....,1017,25,0.517,0.237,1,1,0.897,9.5,0.882,0,2,1,4.3,0.757,80.0
MTG00917,Decision-Making,2025-05-29,46,4,We should schedule a follow-up meeting. I'm concerned about the timeline here. We've discussed this several times already. This solution addresses our concerns perfectly. This seems like a waste of time honestly. I'll send out the meeting notes later. Excellent point. I hadn't considered that. This meeting could have been an email. We should schedule a follow-up meeting. Here are the key metrics from last week. The deadline for this is next Friday. Let's move to the next topic. I don't think we ...,978,24,0.452,0.214,0,1,0.652,11.5,0.893,0,4,2,3.3,0.477,56.7
MTG00918,One-on-One,2025-07-06,23,2,We should schedule a follow-up meeting. Great idea! Let's explore that further. The deadline for this is next Friday. The project timeline is on track. This meeting could have been an email. I'll send out the meeting notes later. I'll send out the meeting notes later. This seems like a waste of time honestly. I'm not sure this is the right approach. This solution addresses our concerns perfectly. I'm concerned about the timeline here. I'm excited about this direction. Let's move forward. The dea...,564,14,0.474,0.201,1,0,0.358,11.5,0.899,0,6,3,3.7,0.532,61.9
MTG00919,Retrospective,2025-08-03,21,3,Can everyone see the presentation? I agree with this approach. It makes sense. I'll send out the meeting notes later. I agree with this approach. It makes sense. Great idea! Let's explore that further. I agree with this approach. It makes sense. I think we've reached a good decision here. We're making great progress on this. This solution addresses our concerns perfectly. I'll take the action item to follow up. Let's move to the next topic. That's a really innovative approach. I'm excited about ...,653,16,0.625,0.184,1,1,0.782,7.0,0.908,2,4,0,4.2,0.722,83.7
MTG00920,Decision-Making,2025-10-07,25,7,I'll take the action item to follow up. I disagree with this direction completely. The project timeline is on track. Let me share my screen to show the data. This is exactly what we need. Well done. We're making great progress on this. I'm concerned about the timeline here. Let me share my screen to show the data. Can everyone see the presentation? The deadline for this is next Friday. We're making great progress on this. I'll send out the meeting notes later. I'll take the action item to follow...,504,13,0.537,0.156,0,1,0.78,3.57,0.922,2,2,0,3.2,0.484,58.1
MTG00921,Status Update,2025-10-04,14,5,We've discussed this several times already. Can everyone see the presentation? Can everyone see the presentation? Can everyone see the presentation? We should schedule a follow-up meeting. We've discussed this several times already. The project timeline is on track. This meeting could have been an email. Excellent point. I hadn't considered that. I think we've reached a good decision here. I don't think we have enough information to decide. I'm concerned about the timeline here. I'm not sure thi...,687,17,0.4,0.26,0,1,0.561,2.8,0.87,3,2,3,3.2,0.401,49.1
MTG00922,Status Update,2025-07-04,24,20,Can everyone see the presentation? Here are the key metrics from last week. Let me share my screen to show the data. Here are the key metrics from last week. The deadline for this is next Friday. This doesn't align with our objectives. That's a really innovative approach. I disagree with this direction completely. Can everyone see the presentation? This meeting could have been an email. I disagree with this direction completely. We should have resolved this weeks ago. Can everyone see the presen...,751,19,0.511,0.178,1,1,0.318,1.2,0.911,8,1,2,3.5,0.548,63.8
MTG00923,One-on-One,2025-10-04,9,2,I agree with this approach. It makes sense. We should have resolved this weeks ago. Can everyone see the presentation? Excellent point. I hadn't considered that. I'm not sure this is the right approach. I'll send out the meeting notes later. The project timeline is on track. The project timeline is on track. I agree with this approach. It makes sense. We've discussed this several times already. This seems like a waste of time honestly. Can everyone see the presentation? Let me share my screen to...,612,15,0.446,0.266,1,1,0.477,4.5,0.867,1,2,1,3.3,0.641,67.8
MTG00924,Review,2025-06-09,20,3,The project timeline is on track. We have three items on the agenda today. That's a really innovative approach. We should schedule a follow-up meeting. I'll take the action item to follow up. That's a really innovative approach. We should have resolved this weeks ago. We should schedule a follow-up meeting. Let's move to the next topic. That's a really innovative approach. Excellent point. I hadn't considered that. I'll take the action item to follow up. I'll take the action item to follow up. I...,763,19,0.579,0.221,1,1,0.865,6.67,0.89,1,1,1,3.9,0.748,78.5
MTG00925,Retrospective,2025-09-09,40,3,I think we've reached a good decision here. Great idea! Let's explore that further. Here are the key metrics from last week. I agree with this approach. It makes sense. This solution addresses our concerns perfectly. I'm concerned about the timeline here. I disagree with this direction completely. I appreciate everyone's input today. Great idea! Let's explore that further. This is exactly what we need. Well done. That's a really innovative approach. This doesn't align with our objectives. I appr...,752,18,0.593,0.195,1,1,0.884,13.33,0.902,0,5,3,3.6,0.649,87.5
MTG00926,Brainstorming,2025-10-21,34,13,The deadline for this is next Friday. I'll take the action item to follow up. I agree with this approach. It makes sense. I think we've reached a good decision here. Let me share my screen to show the data. I don't think we have enough information to decide. We should schedule a follow-up meeting. We should schedule a follow-up meeting. This doesn't align with our objectives. I'm not sure this is the right approach. We're going in circles on this topic. Can everyone see the presentation? I agree...,1058,26,0.495,0.203,1,0,0.587,2.62,0.898,2,2,5,3.0,0.48,62.1
MTG00927,Retrospective,2025-10-23,89,3,We're making great progress on this. I think we've reached a good decision here. I'm excited about this direction. Let's move forward. We have three items on the agenda today. The deadline for this is next Friday. This doesn't align with our objectives. Can everyone see the presentation? I disagree with this direction completely. We're making great progress on this. Great idea! Let's explore that further. I think we've reached a good decision here. I disagree with this direction completely. We s...,1744,43,0.511,0.213,0,0,0.691,29.67,0.893,1,3,2,3.1,0.336,46.9
MTG00928,Status Update,2025-10-13,18,5,I'm concerned about the timeline here. Let me share my screen to show the data. We're making great progress on this. Great idea! Let's explore that further. This is exactly what we need. Well done. I disagree with this direction completely. I appreciate everyone's input today. We're making great progress on this. This is exactly what we need. Well done. Great idea! Let's explore that further. This is exactly what we need. Well done. I'm not sure this is the right approach. Let me share my screen...,667,17,0.51,0.259,1,0,0.822,3.6,0.871,3,4,1,4.0,0.546,71.8
MTG00929,Status Update,2025-10-04,63,10,Here are the key metrics from last week. This solution addresses our concerns perfectly. Excellent point. I hadn't considered that. I appreciate everyone's input today. The project timeline is on track. I think we've reached a good decision here. Let me share my screen to show the data. I'm not sure this is the right approach. This solution addresses our concerns perfectly. We should have resolved this weeks ago. We're making great progress on this. Here are the key metrics from last week. This ...,1123,27,0.56,0.235,1,1,0.766,6.3,0.883,2,0,2,4.3,,73.6
MTG00930,Retrospective,2025-09-20,68,5,We're making great progress on this. This is exactly what we need. Well done. This doesn't align with our objectives. I agree with this approach. It makes sense. We have three items on the agenda today. Excellent point. I hadn't considered that. The project timeline is on track. I'll send out the meeting notes later. I think we've reached a good decision here. Let me share my screen to show the data. I disagree with this direction completely. We should schedule a follow-up meeting. We have three...,1109,27,0.551,0.198,1,1,0.773,13.6,0.901,3,1,2,4.3,0.685,75.9
MTG00931,Standup,2025-06-20,22,4,We're making great progress on this. I'm not sure this is the right approach. We're making great progress on this. We're going in circles on this topic. Can everyone see the presentation? I'll take the action item to follow up. I'll send out the meeting notes later. I'm not sure this is the right approach. This doesn't align with our objectives. I'm concerned about the timeline here. Can everyone see the presentation? We're going in circles on this topic. The deadline for this is next Friday....,497,13,0.387,0.218,0,0,0.77,5.5,0.891,0,2,1,2.9,0.351,44.3
MTG00932,Standup,2025-08-07,4,5,We have three items on the agenda today. This seems like a waste of time honestly. Great idea! Let's explore that further. The deadline for this is next Friday. This solution addresses our concerns perfectly. The deadline for this is next Friday. I'll take the action item to follow up. Here are the key metrics from last week....,327,8,0.544,0.175,1,1,0.642,0.8,0.912,2,6,1,4.1,0.588,80.6
MTG00933,Brainstorming,2025-10-17,54,5,Let me share my screen to show the data. Here are the key metrics from last week. We're going in circles on this topic. Can everyone see the presentation? We should have resolved this weeks ago. We're making great progress on this. This doesn't align with our objectives. This seems like a waste of time honestly. Here are the key metrics from last week. I'm not sure this is the right approach. I'll take the action item to follow up. This is exactly what we need. Well done. This seems like a waste...,1029,25,0.374,0.2,1,1,0.388,10.8,0.9,0,4,0,4.0,0.602,68.7
MTG00934,Planning,2025-05-18,34,4,We're going in circles on this topic. Let's move to the next topic. Let's move to the next topic. Here are the key metrics from last week. I disagree with this direction completely. Let's move to the next topic. We have three items on the agenda today. I'll send out the meeting notes later. Let me share my screen to show the data. This is exactly what we need. Well done. We've discussed this several times already. We have three items on the agenda today. Here are the key metrics from last week. ...,689,18,0.426,0.21,1,0,0.697,8.5,0.895,0,3,0,3.8,0.647,65.4
MTG00935,Standup,2025-07-20,11,3,I appreciate everyone's input today. I'm excited about this direction. Let's move forward. Here are the key metrics from last week. The project timeline is on track. This seems like a waste of time honestly. I'm excited about this direction. Let's move forward. We're making great progress on this. The project timeline is on track. I'll send out the meeting notes later. The project timeline is on track. I appreciate everyone's input today. This doesn't align with our objectives. Excellent point. ...,639,16,0.613,0.214,1,1,0.76,3.67,0.893,3,1,1,4.3,0.761,76.6
MTG00936,Planning,2025-07-02,94,9,I'm excited about this direction. Let's move forward. Can everyone see the presentation? We should schedule a follow-up meeting. I'm excited about this direction. Let's move forward. Let me share my screen to show the data. The project timeline is on track. Excellent point. I hadn't considered that. We should schedule a follow-up meeting. The project timeline is on track. We have three items on the agenda today. This meeting could have been an email. I agree with this approach. It makes sense. I...,1779,44,0.578,0.184,1,1,0.708,10.44,0.908,1,6,2,4.4,0.785,82.9
MTG00937,Retrospective,2025-09-11,62,4,That's a really innovative approach. This seems like a waste of time honestly. Let's move to the next topic. We're going in circles on this topic. I appreciate everyone's input today. This is exactly what we need. Well done. This is exactly what we need. Well done. Great idea! Let's explore that further. This is exactly what we need. Well done. I agree with this approach. It makes sense. The deadline for this is next Friday. I'll take the action item to follow up. We're making great progress on ...,1375,34,0.569,0.244,1,1,0.77,15.5,0.878,3,5,3,4.7,0.662,83.8
MTG00938,Planning,2025-11-07,66,4,The project timeline is on track. Here are the key metrics from last week. I think we've reached a good decision here. We've discussed this several times already. We have three items on the agenda today. Can everyone see the presentation? I agree with this approach. It makes sense. I appreciate everyone's input today. Great idea! Let's explore that further. Let me share my screen to show the data. Here are the key metrics from last week. We've discussed this several times already. I appreciate e...,1399,35,0.546,0.234,1,1,0.949,16.5,0.883,1,3,1,4.0,0.646,83.9
MTG00939,One-on-One,2025-09-02,15,2,Excellent point. I hadn't considered that. Great idea! Let's explore that further. I'm not sure this is the right approach. Let me share my screen to show the data. Here are the key metrics from last week. I think we've reached a good decision here. That's a really innovative approach. Can everyone see the presentation? Excellent point. I hadn't considered that. I'll take the action item to follow up. I'll send out the meeting notes later. I agree with this approach. It makes sense. I agree with...,655,16,0.599,0.193,1,1,0.72,7.5,0.903,1,3,3,3.9,0.788,79.5
MTG00940,Retrospective,2025-06-27,87,3,This solution addresses our concerns perfectly. We've discussed this several times already. I think we've reached a good decision here. That's a really innovative approach. Let's move to the next topic. Can everyone see the presentation? This solution addresses our concerns perfectly. That's a really innovative approach. The deadline for this is next Friday. I think we've reached a good decision here. I'm excited about this direction. Let's move forward. This is exactly what we need. Well done. ...,1463,35,0.566,0.185,1,1,0.701,29.0,0.908,4,3,2,4.1,0.773,78.5
MTG00941,Status Update,2025-07-20,5,5,This is exactly what we need. Well done. Let me share my screen to show the data. I agree with this approach. It makes sense. I'm not sure this is the right approach. That's a really innovative approach. The deadline for this is next Friday. Can everyone see the presentation? I'm not sure this is the right approach. This is exactly what we need. Well done. That's a really innovative approach. I agree with this approach. It makes sense. I disagree with this direction completely. The deadline for ...,520,13,0.513,0.226,1,1,0.869,1.0,0.887,1,2,1,4.8,0.737,79.3
MTG00942,Standup,2025-05-24,5,11,I disagree with this direction completely. We should schedule a follow-up meeting. Here are the key metrics from last week. Can everyone see the presentation? Let me share my screen to show the data. This doesn't align with our objectives. I'll send out the meeting notes later. This doesn't align with our objectives. Let me share my screen to show the data....,359,9,0.367,0.109,0,1,0.885,0.45,0.945,3,3,2,4.1,0.545,59.6
MTG00943,All-Hands,2025-08-11,31,49,We have three items on the agenda today. We're making great progress on this. Can everyone see the presentation? This solution addresses our concerns perfectly. The deadline for this is next Friday. We should have resolved this weeks ago. I'll take the action item to follow up. Let's move to the next topic. I'll take the action item to follow up. I appreciate everyone's input today. Can everyone see the presentation? The deadline for this is next Friday. I'll take the action item to follow up. L...,886,23,0.468,0.166,0,1,0.882,0.63,0.917,18,2,1,3.9,0.502,59.2
MTG00944,Standup,2025-06-19,23,5,We've discussed this several times already. The project timeline is on track. I agree with this approach. It makes sense. I appreciate everyone's input today. We have three items on the agenda today. This doesn't align with our objectives. This solution addresses our concerns perfectly. Let's move to the next topic. Here are the key metrics from last week. Let me share my screen to show the data. I'm excited about this direction. Let's move forward. I'll send out the meeting notes later. I agree...,699,17,0.539,0.131,1,1,0.47,4.6,0.935,0,3,3,4.3,0.615,72.6
MTG00945,Standup,2025-09-12,1,3,I'm excited about this direction. Let's move forward. I'll send out the meeting notes later. I appreciate everyone's input today. Great idea! Let's explore that further. Let me share my screen to show the data....,210,5,0.629,0.174,1,1,0.796,0.33,0.913,0,3,0,4.5,0.742,82.2
MTG00946,Retrospective,2025-10-06,43,3,I'll take the action item to follow up. The project timeline is on track. The deadline for this is next Friday. We should schedule a follow-up meeting. We have three items on the agenda today. I'm not sure this is the right approach. We've discussed this several times already. The deadline for this is next Friday. Excellent point. I hadn't considered that. This is exactly what we need. Well done. Here are the key metrics from last week. I appreciate everyone's input today. We have three items on...,1095,27,0.494,0.181,1,1,0.879,14.33,0.909,3,6,0,4.4,0.697,85.5
MTG00947,Brainstorming,2025-08-02,25,10,Can everyone see the presentation? The deadline for this is next Friday. The deadline for this is next Friday. We should schedule a follow-up meeting. I'll send out the meeting notes later. I'm concerned about the timeline here. I'm excited about this direction. Let's move forward. This seems like a waste of time honestly. I'm not sure this is the right approach. We have three items on the agenda today. This meeting could have been an email. We have three items on the agenda today. I don't think...,538,13,0.396,0.217,1,1,0.314,2.5,0.891,2,2,3,3.7,0.556,63.2
MTG00948,Review,2025-11-06,47,3,We're making great progress on this. Excellent point. I hadn't considered that. I'm excited about this direction. Let's move forward. We're making great progress on this. This is exactly what we need. Well done. Can everyone see the presentation? I'll take the action item to follow up. This solution addresses our concerns perfectly. I disagree with this direction completely. I'll send out the meeting notes later. I agree with this approach. It makes sense. We should have resolved this weeks ago....,1007,25,0.586,0.192,1,0,0.816,15.67,0.904,1,3,0,3.6,0.503,71.7
MTG00949,Status Update,2025-07-23,44,5,Let's move to the next topic. This seems like a waste of time honestly. This is exactly what we need. Well done. The deadline for this is next Friday. Can everyone see the presentation? I agree with this approach. It makes sense. I think we've reached a good decision here. We're making great progress on this. I appreciate everyone's input today. The project timeline is on track. We should schedule a follow-up meeting. That's a really innovative approach. Can everyone see the presentation? This m...,995,25,0.557,0.241,1,1,0.761,8.8,0.879,0,1,1,3.9,0.547,75.3
MTG00950,Status Update,2025-10-11,41,5,I'm excited about this direction. Let's move forward. That's a really innovative approach. I think we've reached a good decision here. We're making great progress on this. We're going in circles on this topic. This is exactly what we need. Well done. The deadline for this is next Friday. I'll take the action item to follow up. I don't think we have enough information to decide. I'm excited about this direction. Let's move forward. Excellent point. I hadn't considered that. I'm excited about this...,1121,26,0.6,0.2,1,1,0.706,8.2,0.9,1,5,3,4.6,0.828,83.2
MTG00951,Standup,2025-08-08,5,6,Here are the key metrics from last week. The deadline for this is next Friday. Great idea! Let's explore that further. I'll send out the meeting notes later. We're going in circles on this topic. Can everyone see the presentation? We have three items on the agenda today. We've discussed this several times already. We've discussed this several times already. Here are the key metrics from last week....,400,10,0.395,0.137,1,1,0.54,0.83,0.932,5,3,1,3.8,0.508,71.4
MTG00952,One-on-One,2025-09-18,67,2,The project timeline is on track. I agree with this approach. It makes sense. That's a really innovative approach. This is exactly what we need. Well done. We're making great progress on this. I'm concerned about the timeline here. Great idea! Let's explore that further. I'll send out the meeting notes later. Excellent point. I hadn't considered that. I'm excited about this direction. Let's move forward. I'll take the action item to follow up. Let's move to the next topic. I think we've reached ...,1443,35,0.628,0.196,1,1,0.967,33.5,0.902,1,3,3,4.6,0.698,86.3
MTG00953,Standup,2025-08-05,7,3,I'll take the action item to follow up. I'm excited about this direction. Let's move forward. We've discussed this several times already. The deadline for this is next Friday. Excellent point. I hadn't considered that. Let me share my screen to show the data. We've discussed this several times already. I appreciate everyone's input today. Let me share my screen to show the data. Can everyone see the presentation? I think we've reached a good decision here....,460,11,0.597,0.21,1,1,0.727,2.33,0.895,2,0,2,3.7,,73.5
MTG00954,All-Hands,2025-07-22,31,34,I'll take the action item to follow up. We should schedule a follow-up meeting. This doesn't align with our objectives. We've discussed this several times already. The project timeline is on track. I appreciate everyone's input today. Let me share my screen to show the data. Let me share my screen to show the data. I'm concerned about the timeline here. The deadline for this is next Friday. Great idea! Let's explore that further. I'll take the action item to follow up. We've discussed this sever...,601,15,0.471,0.206,1,1,0.618,0.91,0.897,12,2,5,3.8,0.657,72.3
MTG00955,All-Hands,2025-06-09,80,37,This meeting could have been an email. Let me share my screen to show the data. I agree with this approach. It makes sense. I agree with this approach. It makes sense. We're going in circles on this topic. Great idea! Let's explore that further. Let me share my screen to show the data. Excellent point. I hadn't considered that. We're going in circles on this topic. We should schedule a follow-up meeting. We have three items on the agenda today. I'll take the action item to follow up. We have thr...,1592,40,0.444,0.22,0,1,0.458,2.16,0.89,14,3,1,2.7,0.494,49.7
MTG00956,Decision-Making,2025-09-11,32,4,I disagree with this direction completely. The deadline for this is next Friday. We've discussed this several times already. Let me share my screen to show the data. We're making great progress on this. This is exactly what we need. Well done. That's a really innovative approach. I disagree with this direction completely. We're making great progress on this. The project timeline is on track. Great idea! Let's explore that further. We should schedule a follow-up meeting. The deadline for this is ...,794,20,0.497,0.151,1,0,0.704,8.0,0.925,1,1,3,3.7,0.523,63.4
MTG00957,Retrospective,2025-07-21,32,5,The project timeline is on track. The project timeline is on track. We have three items on the agenda today. I think we've reached a good decision here. We should have resolved this weeks ago. The deadline for this is next Friday. The deadline for this is next Friday. I'll take the action item to follow up. I think we've reached a good decision here. Here are the key metrics from last week. This seems like a waste of time honestly. I'm excited about this direction. Let's move forward. We should ...,613,15,0.55,0.211,1,0,0.735,6.4,0.895,2,1,1,3.3,0.51,64.8
MTG00958,All-Hands,2025-09-18,51,39,I don't think we have enough information to decide. Excellent point. I hadn't considered that. Let me share my screen to show the data. We should schedule a follow-up meeting. I appreciate everyone's input today. The project timeline is on track. I agree with this approach. It makes sense. Great idea! Let's explore that further. This is exactly what we need. Well done. I'm excited about this direction. Let's move forward. The project timeline is on track. Let me share my screen to show the data....,1181,29,0.586,0.191,1,1,0.713,1.31,0.905,20,2,2,4.1,0.651,77.1
MTG00959,Status Update,2025-06-11,9,5,I'll send out the meeting notes later. I think we've reached a good decision here. I appreciate everyone's input today. That's a really innovative approach. This solution addresses our concerns perfectly. We should schedule a follow-up meeting. We're going in circles on this topic. This seems like a waste of time honestly....,324,8,0.469,0.213,1,1,0.825,1.8,0.893,1,9,2,4.4,0.808,83.4
MTG00960,One-on-One,2025-11-02,36,2,We should schedule a follow-up meeting. This solution addresses our concerns perfectly. I agree with this approach. It makes sense. I appreciate everyone's input today. This meeting could have been an email. We've discussed this several times already. I'm concerned about the timeline here. Here are the key metrics from last week. Let's move to the next topic. This is exactly what we need. Well done. We have three items on the agenda today. Let's move to the next topic. Let me share my screen to ...,933,23,0.571,0.202,1,1,0.728,18.0,0.899,0,3,4,3.8,0.587,79.1
MTG00961,Review,2025-08-06,26,3,The project timeline is on track. Can everyone see the presentation? The deadline for this is next Friday. We're going in circles on this topic. Excellent point. I hadn't considered that. We have three items on the agenda today. I think we've reached a good decision here. The project timeline is on track. I'm concerned about the timeline here. Here are the key metrics from last week. This doesn't align with our objectives. Can everyone see the presentation? That's a really innovative approach....,498,13,0.474,0.234,1,1,0.608,8.67,0.883,0,6,2,4.4,0.548,77.9
MTG00962,Brainstorming,2025-07-02,104,10,I'm concerned about the timeline here. Let me share my screen to show the data. Great idea! Let's explore that further. We're going in circles on this topic. We have three items on the agenda today. I'll send out the meeting notes later. I think we've reached a good decision here. We have three items on the agenda today. Let me share my screen to show the data. Let's move to the next topic. I'm concerned about the timeline here. I'm not sure this is the right approach. This doesn't align with ou...,1564,40,0.449,0.221,0,1,0.673,10.4,0.89,1,6,0,3.5,0.521,59.2
MTG00963,Standup,2025-07-05,0,7,This meeting could have been an email. This seems like a waste of time honestly. We've discussed this several times already. Let's move to the next topic. We should schedule a follow-up meeting. I'm concerned about the timeline here. That's a really innovative approach. This solution addresses our concerns perfectly. I don't think we have enough information to decide. I agree with this approach. It makes sense. The deadline for this is next Friday. I disagree with this direction completely. We h...,536,13,0.484,0.221,1,1,0.388,0.0,0.89,4,3,5,3.6,0.482,68.7
MTG00964,One-on-One,2025-07-04,25,2,I agree with this approach. It makes sense. This is exactly what we need. Well done. I'll take the action item to follow up. Here are the key metrics from last week. This solution addresses our concerns perfectly. Here are the key metrics from last week. We should schedule a follow-up meeting. I disagree with this direction completely. I agree with this approach. It makes sense. Let's move to the next topic. Let's move to the next topic. Can everyone see the presentation? The deadline for this i...,710,18,0.482,0.193,0,1,0.612,12.5,0.904,1,3,4,2.8,0.447,54.5
MTG00965,Review,2025-08-01,73,3,This doesn't align with our objectives. I'm excited about this direction. Let's move forward. I'm excited about this direction. Let's move forward. I appreciate everyone's input today. Let's move to the next topic. Can everyone see the presentation? This seems like a waste of time honestly. We're making great progress on this. We're making great progress on this. The deadline for this is next Friday. Great idea! Let's explore that further. This solution addresses our concerns perfectly. We've di...,1154,29,0.508,0.192,0,1,0.682,24.33,0.904,0,7,1,3.6,0.439,60.8
MTG00966,Planning,2025-09-13,77,4,We're making great progress on this. I don't think we have enough information to decide. I'm excited about this direction. Let's move forward. I'm concerned about the timeline here. The project timeline is on track. Let me share my screen to show the data. This is exactly what we need. Well done. We're making great progress on this. I'm excited about this direction. Let's move forward. We have three items on the agenda today. I'm excited about this direction. Let's move forward. The project time...,1314,31,0.552,0.214,1,1,0.935,19.25,0.893,0,4,0,4.3,0.642,85.8
MTG00967,Planning,2025-07-16,68,6,I'll send out the meeting notes later. We're going in circles on this topic. This doesn't align with our objectives. Let me share my screen to show the data. We're making great progress on this. I appreciate everyone's input today. Excellent point. I hadn't considered that. The deadline for this is next Friday. We should schedule a follow-up meeting. I agree with this approach. It makes sense. I'll take the action item to follow up. Let's move to the next topic. I'll take the action item to foll...,1290,33,0.527,0.19,1,0,0.651,11.33,0.905,2,2,1,3.3,0.523,64.4
MTG00968,Status Update,2025-06-09,11,5,I'll take the action item to follow up. The deadline for this is next Friday. Let me share my screen to show the data. This solution addresses our concerns perfectly. This solution addresses our concerns perfectly. I'm concerned about the timeline here. We're going in circles on this topic. Let me share my screen to show the data. Let's move to the next topic. Let me share my screen to show the data. The project timeline is on track. I think we've reached a good decision here. The deadline for t...,721,18,0.481,0.165,0,0,0.801,2.2,0.918,0,1,0,2.6,0.45,45.4
MTG00969,Decision-Making,2025-06-08,29,4,I'll send out the meeting notes later. I'm excited about this direction. Let's move forward. Great idea! Let's explore that further. Let's move to the next topic. I'll take the action item to follow up. This solution addresses our concerns perfectly. I'll send out the meeting notes later. We should have resolved this weeks ago. Let me share my screen to show the data. We should schedule a follow-up meeting. That's a really innovative approach. This meeting could have been an email. We're making ...,841,21,0.541,0.215,1,1,0.874,7.25,0.892,1,4,2,4.5,0.742,84.1
MTG00970,Planning,2025-09-07,24,8,I'm excited about this direction. Let's move forward. The deadline for this is next Friday. This doesn't align with our objectives. We should have resolved this weeks ago. I'll take the action item to follow up. I'll send out the meeting notes later. This is exactly what we need. Well done. We should have resolved this weeks ago. Excellent point. I hadn't considered that. The deadline for this is next Friday. Let me share my screen to show the data. The deadline for this is next Friday. The dead...,849,21,0.54,0.217,1,1,0.558,3.0,0.892,3,3,2,3.8,0.716,74.1
MTG00971,Status Update,2025-06-05,39,5,We should schedule a follow-up meeting. We have three items on the agenda today. I'll send out the meeting notes later. The deadline for this is next Friday. I'm not sure this is the right approach. Can everyone see the presentation? The deadline for this is next Friday. I think we've reached a good decision here. The project timeline is on track. Let's move to the next topic. We've discussed this several times already. We're going in circles on this topic. Can everyone see the presentation? Tha...,726,19,0.533,0.181,0,1,0.569,7.8,0.909,2,2,2,3.4,0.407,52.5
MTG00972,Decision-Making,2025-09-24,54,4,I'll send out the meeting notes later. I think we've reached a good decision here. Let me share my screen to show the data. I'll take the action item to follow up. Here are the key metrics from last week. This is exactly what we need. Well done. This is exactly what we need. Well done. I'm not sure this is the right approach. This is exactly what we need. Well done. I'll send out the meeting notes later. Here are the key metrics from last week. That's a really innovative approach. Great idea! Le...,992,24,0.645,0.179,1,1,0.846,13.5,0.91,0,2,2,4.3,0.769,81.7
MTG00973,Retrospective,2025-07-15,31,5,Let me share my screen to show the data. I'll take the action item to follow up. We have three items on the agenda today. This seems like a waste of time honestly. Excellent point. I hadn't considered that. We should have resolved this weeks ago. Let me share my screen to show the data. Let's move to the next topic. Let me share my screen to show the data. Let me share my screen to show the data. Can everyone see the presentation? Here are the key metrics from last week. I'll take the action ite...,869,22,0.45,0.219,0,1,0.833,6.2,0.89,0,1,2,2.9,0.397,55.2
MTG00974,Review,2025-10-10,23,7,The deadline for this is next Friday. I think we've reached a good decision here. Can everyone see the presentation? We should schedule a follow-up meeting. I appreciate everyone's input today. Excellent point. I hadn't considered that. The project timeline is on track. Let me share my screen to show the data. That's a really innovative approach. Excellent point. I hadn't considered that. This meeting could have been an email. Let me share my screen to show the data. I appreciate everyone's inpu...,765,19,0.628,0.234,1,1,0.923,3.29,0.883,0,3,0,3.9,0.821,84.9
MTG00975,All-Hands,2025-08-16,70,52,Here are the key metrics from last week. I'll take the action item to follow up. Here are the key metrics from last week. I'll take the action item to follow up. The deadline for this is next Friday. We should schedule a follow-up meeting. The deadline for this is next Friday. We should schedule a follow-up meeting. This doesn't align with our objectives. I disagree with this direction completely. We have three items on the agenda today. The deadline for this is next Friday. This meeting could h...,1149,29,0.499,0.126,0,1,0.733,1.35,0.937,13,5,1,3.2,0.524,62.4
MTG00976,One-on-One,2025-09-26,38,2,I'm excited about this direction. Let's move forward. This solution addresses our concerns perfectly. Excellent point. I hadn't considered that. I think we've reached a good decision here. We're making great progress on this. I'm excited about this direction. Let's move forward. This meeting could have been an email. Here are the key metrics from last week. This solution addresses our concerns perfectly. Great idea! Let's explore that further. We're making great progress on this. Great idea! Let...,1065,25,0.609,0.252,1,1,0.74,19.0,0.874,0,3,2,3.9,0.66,79.8
MTG00977,Planning,2025-05-21,80,12,I think we've reached a good decision here. This is exactly what we need. Well done. Here are the key metrics from last week. I'm not sure this is the right approach. This is exactly what we need. Well done. The deadline for this is next Friday. We have three items on the agenda today. Let's move to the next topic. We're going in circles on this topic. Excellent point. I hadn't considered that. I think we've reached a good decision here. I'm not sure this is the right approach. We're going in ci...,1318,32,0.564,0.207,1,0,0.793,6.67,0.896,3,2,2,3.4,0.569,68.5
MTG00978,Standup,2025-08-04,7,3,This solution addresses our concerns perfectly. Let's move to the next topic. Great idea! Let's explore that further. We have three items on the agenda today. Here are the key metrics from last week. I'll take the action item to follow up. Let's move to the next topic. Can everyone see the presentation? Let's move to the next topic. Let me share my screen to show the data. I'm concerned about the timeline here. I appreciate everyone's input today. This meeting could have been an email. The proje...,645,17,0.55,0.19,1,1,0.545,2.33,0.905,0,3,0,3.7,0.695,74.2
MTG00979,Review,2025-06-01,21,8,Excellent point. I hadn't considered that. I'll take the action item to follow up. This is exactly what we need. Well done. I'm excited about this direction. Let's move forward. I'll take the action item to follow up. This seems like a waste of time honestly. This doesn't align with our objectives. I think we've reached a good decision here. I appreciate everyone's input today. The deadline for this is next Friday. Let me share my screen to show the data. I disagree with this direction completel...,632,15,0.518,0.212,1,1,0.833,2.62,0.894,0,3,2,4.2,0.757,80.6
MTG00980,All-Hands,2025-05-26,62,22,I agree with this approach. It makes sense. This is exactly what we need. Well done. Can everyone see the presentation? I'm excited about this direction. Let's move forward. We have three items on the agenda today. The deadline for this is next Friday. Here are the key metrics from last week. Let me share my screen to show the data. We're making great progress on this. Let's move to the next topic. Here are the key metrics from last week. I appreciate everyone's input today. This solution addres...,1130,28,0.666,0.163,1,1,0.863,2.82,0.919,6,3,2,4.9,0.819,84.7
MTG00981,Decision-Making,2025-08-28,39,4,I agree with this approach. It makes sense. I'm not sure this is the right approach. This seems like a waste of time honestly. The deadline for this is next Friday. I think we've reached a good decision here. I'm excited about this direction. Let's move forward. I agree with this approach. It makes sense. I think we've reached a good decision here. Excellent point. I hadn't considered that. We should schedule a follow-up meeting. I don't think we have enough information to decide. Here are the k...,859,20,0.619,0.177,1,0,0.771,9.75,0.912,1,4,1,3.7,0.527,73.3
MTG00982,Retrospective,2025-07-07,56,8,Excellent point. I hadn't considered that. I'll send out the meeting notes later. The deadline for this is next Friday. I'll send out the meeting notes later. Can everyone see the presentation? We should schedule a follow-up meeting. This solution addresses our concerns perfectly. The deadline for this is next Friday. The project timeline is on track. I'll send out the meeting notes later. Can everyone see the presentation? This seems like a waste of time honestly. We've discussed this several t...,1114,28,0.476,0.233,0,1,0.878,7.0,0.884,1,3,1,4.0,0.571,60.7
MTG00983,Standup,2025-08-30,3,3,I'm concerned about the timeline here. The deadline for this is next Friday. I agree with this approach. It makes sense. We have three items on the agenda today. This solution addresses our concerns perfectly. I'm concerned about the timeline here....,248,6,0.472,0.19,1,1,0.685,1.0,0.905,0,2,2,3.7,0.59,74.1
MTG00984,Decision-Making,2025-08-09,73,4,This solution addresses our concerns perfectly. We have three items on the agenda today. I'm excited about this direction. Let's move forward. I'll take the action item to follow up. The deadline for this is next Friday. We have three items on the agenda today. I think we've reached a good decision here. We've discussed this several times already. Can everyone see the presentation? I'm concerned about the timeline here. Great idea! Let's explore that further. The project timeline is on track. We...,1195,29,0.508,0.199,1,1,0.764,18.25,0.9,0,2,1,3.9,0.741,76.8
MTG00985,Brainstorming,2025-05-31,30,5,I don't think we have enough information to decide. The project timeline is on track. I agree with this approach. It makes sense. This meeting could have been an email. The deadline for this is next Friday. I'm not sure this is the right approach. Can everyone see the presentation? That's a really innovative approach. We should schedule a follow-up meeting. We should schedule a follow-up meeting. Great idea! Let's explore that further. I'll send out the meeting notes later. We should schedule a ...,998,25,0.493,0.202,0,1,0.41,6.0,0.899,1,3,1,3.2,0.496,49.6
MTG00986,Decision-Making,2025-06-02,52,8,This is exactly what we need. Well done. Let's move to the next topic. We're making great progress on this. I disagree with this direction completely. I'm excited about this direction. Let's move forward. I appreciate everyone's input today. I'm excited about this direction. Let's move forward. I'm not sure this is the right approach. I disagree with this direction completely. Let's move to the next topic. That's a really innovative approach. Let's move to the next topic. I disagree with this di...,882,22,0.524,0.173,1,1,0.599,6.5,0.914,4,6,5,4.5,0.757,79.2
MTG00987,Standup,2025-11-03,12,3,I'm excited about this direction. Let's move forward. I'll send out the meeting notes later. We're making great progress on this. The deadline for this is next Friday. I think we've reached a good decision here. The deadline for this is next Friday. Let's move to the next topic. I'm excited about this direction. Let's move forward. I'll take the action item to follow up. This solution addresses our concerns perfectly. Let's move to the next topic. We have three items on the agenda today. Here ar...,683,17,0.585,0.185,1,1,0.762,4.0,0.908,1,4,1,4.5,0.802,82.4
MTG00988,Standup,2025-09-22,6,3,Let me share my screen to show the data. I agree with this approach. It makes sense. The project timeline is on track. The deadline for this is next Friday. Let's move to the next topic. I'll send out the meeting notes later. The deadline for this is next Friday. Can everyone see the presentation? We should schedule a follow-up meeting. The deadline for this is next Friday. The project timeline is on track. I appreciate everyone's input today....,447,12,0.534,0.18,1,0,0.796,2.0,0.91,2,3,6,3.7,0.653,70.2
MTG00989,Review,2025-06-10,64,3,The deadline for this is next Friday. Let me share my screen to show the data. We have three items on the agenda today. This doesn't align with our objectives. The deadline for this is next Friday. I'll take the action item to follow up. Can everyone see the presentation? We've discussed this several times already. Can everyone see the presentation? Here are the key metrics from last week. Here are the key metrics from last week. This doesn't align with our objectives. Here are the key metrics f...,1216,30,0.489,0.203,1,0,0.531,21.33,0.899,0,2,2,3.7,0.445,60.5
MTG00990,Status Update,2025-09-19,21,5,We've discussed this several times already. We should schedule a follow-up meeting. Can everyone see the presentation? Let me share my screen to show the data. Let me share my screen to show the data. I'm concerned about the timeline here. Here are the key metrics from last week. We've discussed this several times already. Let me share my screen to show the data. We've discussed this several times already. Here are the key metrics from last week. Excellent point. I hadn't considered that. I'll t...,563,14,0.516,0.247,0,1,0.51,4.2,0.876,1,4,3,3.2,0.449,54.2
MTG00991,Review,2025-06-23,17,3,The deadline for this is next Friday. The deadline for this is next Friday. This doesn't align with our objectives. We're going in circles on this topic. We should schedule a follow-up meeting. We have three items on the agenda today. I agree with this approach. It makes sense. I think we've reached a good decision here. Excellent point. I hadn't considered that. I'll send out the meeting notes later. I'm not sure this is the right approach. Let me share my screen to show the data. I'll send out...,762,19,0.527,0.189,1,1,0.661,5.67,0.906,1,3,1,4.2,0.725,76.7
MTG00992,Decision-Making,2025-07-28,26,4,I'll send out the meeting notes later. I agree with this approach. It makes sense. I appreciate everyone's input today. Great idea! Let's explore that further. We should schedule a follow-up meeting. I appreciate everyone's input today. This doesn't align with our objectives. I'll send out the meeting notes later. We're going in circles on this topic. Excellent point. I hadn't considered that. The project timeline is on track. Let's move to the next topic. Let me share my screen to show the data...,653,17,0.494,0.228,1,1,0.672,6.5,0.886,1,2,1,4.1,0.692,74.0
MTG00993,One-on-One,2025-09-24,21,2,Can everyone see the presentation? This seems like a waste of time honestly. We have three items on the agenda today. We should schedule a follow-up meeting. This seems like a waste of time honestly. This doesn't align with our objectives. I'm concerned about the timeline here. We've discussed this several times already. I'll take the action item to follow up. I'll take the action item to follow up. I'll send out the meeting notes later. We have three items on the agenda today. Great idea! Let's...,596,15,0.404,0.192,1,1,0.603,10.5,0.904,1,3,5,3.9,0.704,72.7
MTG00994,Brainstorming,2025-10-15,14,5,Can everyone see the presentation? The deadline for this is next Friday. I'll take the action item to follow up. We have three items on the agenda today. I'll send out the meeting notes later. I don't think we have enough information to decide. I'm excited about this direction. Let's move forward. Can everyone see the presentation? We've discussed this several times already. I'm concerned about the timeline here. We should schedule a follow-up meeting. The deadline for this is next Friday. We sh...,613,15,0.447,0.171,0,0,0.6,2.8,0.915,2,1,2,2.1,0.308,39.7
MTG00995,All-Hands,2025-08-07,49,30,This seems like a waste of time honestly. I'm not sure this is the right approach. This seems like a waste of time honestly. I'll take the action item to follow up. We're going in circles on this topic. This meeting could have been an email. Can everyone see the presentation? This doesn't align with our objectives. This meeting could have been an email. I'm not sure this is the right approach. We're going in circles on this topic. This seems like a waste of time honestly. We have three items on ...,1155,28,0.441,0.216,1,1,0.31,1.63,0.892,14,3,1,3.8,0.544,65.9
MTG00996,Brainstorming,2025-05-13,56,5,I'm not sure this is the right approach. The deadline for this is next Friday. Can everyone see the presentation? I disagree with this direction completely. I'll take the action item to follow up. We should have resolved this weeks ago. We're going in circles on this topic. We're going in circles on this topic. We're going in circles on this topic. We've discussed this several times already. We should have resolved this weeks ago. The deadline for this is next Friday. I'm concerned about the tim...,981,25,0.386,0.208,0,1,0.349,11.2,0.896,1,1,3,3.1,0.343,41.9
MTG00997,Standup,2025-08-08,9,8,I disagree with this direction completely. Let's move to the next topic. I'll take the action item to follow up. This seems like a waste of time honestly. The deadline for this is next Friday. I'll send out the meeting notes later. That's a really innovative approach. Here are the key metrics from last week. Great idea! Let's explore that further. Can everyone see the presentation? We're making great progress on this. The deadline for this is next Friday....,459,12,0.534,0.205,1,1,0.549,1.12,0.898,2,3,1,4.0,0.647,73.9
MTG00998,Review,2025-06-28,25,7,Can everyone see the presentation? I agree with this approach. It makes sense. I'm not sure this is the right approach. Let me share my screen to show the data. This meeting could have been an email. Let's move to the next topic. Excellent point. I hadn't considered that. The project timeline is on track. I don't think we have enough information to decide. This solution addresses our concerns perfectly. We should schedule a follow-up meeting. Can everyone see the presentation? The deadline for t...,786,19,0.469,0.199,0,1,0.78,3.57,0.901,3,1,1,3.3,0.385,54.4
MTG00999,Planning,2025-10-30,98,4,Excellent point. I hadn't considered that. We should schedule a follow-up meeting. That's a really innovative approach. We have three items on the agenda today. I'm excited about this direction. Let's move forward. This seems like a waste of time honestly. Let me share my screen to show the data. I'm excited about this direction. Let's move forward. We should schedule a follow-up meeting. I'll send out the meeting notes later. I agree with this approach. It makes sense. Can everyone see the pres...,1867,46,0.575,0.197,0,1,0.732,24.5,0.901,2,3,2,3.3,0.432,59.3
MTG01000,Planning,2025-09-30,50,4,We should schedule a follow-up meeting. This doesn't align with our objectives. I think we've reached a good decision here. We have three items on the agenda today. I'm not sure this is the right approach. The project timeline is on track. We're going in circles on this topic. This solution addresses our concerns perfectly. Great idea! Let's explore that further. We should schedule a follow-up meeting. The project timeline is on track. This seems like a waste of time honestly. Let me share my sc...,1119,28,0.515,0.222,0,1,0.729,12.5,0.889,1,4,3,3.4,0.465,59.8
