candidate_id,role,experience_level,years_experience,education,technical_score,problem_solving_score,communication_score,culture_fit_score,num_interview_rounds,avg_interview_score,reference_score,background_clear,num_previous_companies,avg_tenure_previous,months_to_hire,salary_expectation_k,salary_offered_k,salary_delta_pct,hire_date,success_12mo,performance_rating,retained_12mo,time_to_productivity_weeks
CAND00001,Data Scientist,Mid,5.9,Master,65.9,61.9,69.8,2.61,3,7.1,3.48,1,2,2.47,0.48,74.7,78.8,5.4,2024-06-20,0,1.89,1,13
CAND00002,Sales Representative,Entry,1.7,Bachelor,87.7,59.5,77.5,8.16,3,6.57,4.45,0,1,2.38,1.34,28.3,29.2,3.2,2024-08-28,1,3.72,1,10
CAND00003,Data Scientist,Senior,9.7,Master,79.1,92.8,30.0,7.33,5,7.27,3.51,1,3,3.82,4.8,41.4,44.2,6.8,2024-02-02,0,2.2,1,8
CAND00004,Data Scientist,Entry,0.7,Bachelor,89.6,52.8,93.8,7.03,5,6.86,3.78,1,1,2.06,1.01,125.0,125.8,0.6,2024-04-05,1,3.74,0,8
CAND00005,Software Engineer,Entry,0.8,PhD,72.1,49.1,75.7,4.05,3,7.41,4.6,1,1,4.08,0.25,49.6,52.3,5.4,2024-09-21,0,3.02,0,32
CAND00006,Sales Representative,Lead,16.6,Bachelor,100.0,79.4,76.7,4.35,3,8.07,3.34,1,6,6.04,2.75,58.2,56.1,-3.6,2024-02-23,0,3.06,1,24
CAND00007,Software Engineer,Senior,8.9,Associate,78.9,75.2,63.8,8.03,5,7.04,4.16,1,3,5.48,2.18,57.8,61.2,6.0,2024-07-29,0,1.66,0,9
CAND00008,UX Designer,Mid,3.2,Master,66.3,73.1,94.7,8.22,3,6.97,4.21,1,1,2.61,4.71,44.8,43.0,-4.1,2024-03-23,0,2.72,0,6
CAND00009,Customer Support,Lead,19.9,Master,81.9,82.2,71.1,8.3,3,7.31,4.72,1,7,3.69,1.6,45.1,47.6,5.4,2024-08-18,0,3.26,0,12
CAND00010,UX Designer,Mid,3.6,Bachelor,38.9,97.2,72.0,5.73,4,6.95,4.28,1,1,1.57,0.41,45.9,52.1,13.4,2024-06-18,1,4.27,1,4
CAND00011,Product Manager,Mid,4.4,Master,40.3,74.0,79.1,7.29,3,7.5,3.94,1,1,0.65,1.88,46.7,47.0,0.7,2024-05-19,1,3.76,1,5
CAND00012,Data Scientist,Entry,1.3,PhD,75.5,74.6,67.9,5.1,3,5.65,4.2,1,1,5.51,1.51,49.4,54.9,11.3,2024-04-27,0,2.38,1,24
CAND00013,Data Scientist,Mid,4.5,Bachelor,66.0,55.5,65.0,7.45,4,7.54,3.46,1,1,0.4,3.33,63.4,68.0,7.2,2024-05-15,1,3.99,1,14
CAND00014,Customer Support,Mid,5.8,PhD,68.4,63.7,50.4,2.69,3,7.36,4.63,1,2,2.19,1.26,57.6,57.0,-0.9,2024-03-17,1,2.51,1,0
CAND00015,Data Scientist,Entry,0.4,PhD,65.3,61.1,66.8,6.99,4,6.34,4.31,1,1,0.75,3.84,62.0,60.7,-2.2,2024-09-28,0,2.66,1,16
CAND00016,Customer Support,Entry,0.3,Master,55.4,35.2,56.1,6.38,5,7.1,4.83,1,1,5.45,0.69,57.3,59.5,3.7,2023-12-27,1,3.63,1,3
CAND00017,Marketing Specialist,Entry,1.9,Bachelor,57.6,50.7,76.9,7.28,5,6.92,4.27,0,1,2.66,2.59,48.9,52.6,7.6,2024-08-01,0,1.57,1,6
CAND00018,Data Scientist,Entry,0.1,Bachelor,91.0,51.2,31.6,4.6,3,7.76,3.62,1,1,1.84,3.43,98.4,98.7,0.3,2023-12-05,0,3.63,0,7
CAND00019,Sales Representative,Entry,0.4,Master,33.7,87.7,66.2,6.24,4,7.54,4.8,1,1,3.01,3.48,70.1,79.7,13.7,2024-09-28,0,2.09,0,23
CAND00020,Sales Representative,Senior,11.9,Associate,68.4,77.4,50.2,5.59,3,6.55,4.11,1,4,2.08,1.61,66.9,73.8,10.2,2024-04-27,1,3.2,1,7
CAND00021,Customer Support,Mid,4.3,Bachelor,71.2,48.9,75.7,8.68,4,7.61,4.14,1,1,6.31,2.38,59.1,66.5,12.4,2023-12-18,0,1.48,0,24
CAND00022,Marketing Specialist,Mid,4.6,Master,97.7,31.5,81.7,5.96,3,8.95,3.73,1,1,0.77,1.79,63.0,72.1,14.4,2024-05-02,0,1.93,1,22
CAND00023,Marketing Specialist,Entry,0.8,Associate,93.3,48.9,39.2,8.78,3,6.63,4.62,1,1,4.73,1.62,106.3,101.7,-4.4,2023-11-30,1,2.96,1,3
CAND00024,Customer Support,Entry,1.4,Master,91.3,86.0,82.1,8.17,5,6.64,4.6,1,1,1.96,3.61,79.0,81.0,2.6,2023-11-24,0,3.32,0,6
CAND00025,Data Scientist,Mid,5.3,Master,74.8,61.7,73.8,3.94,5,7.56,3.91,1,2,0.78,0.69,52.7,51.0,-3.1,2023-12-18,0,3.9,0,12
CAND00026,Product Manager,Mid,4.8,Master,61.6,85.1,62.9,7.65,5,6.9,4.52,1,1,3.93,0.66,84.2,95.7,13.5,2024-07-05,1,3.34,1,5
CAND00027,Product Manager,Senior,10.9,Master,100.0,68.0,48.6,5.13,4,7.63,2.97,1,4,1.96,0.48,52.5,50.1,-4.5,2024-04-27,1,4.88,1,6
CAND00028,Customer Support,Mid,5.0,Bachelor,73.9,70.8,78.4,3.86,5,7.35,3.92,1,1,2.45,0.55,54.8,56.4,2.9,2023-11-21,1,3.71,1,3
CAND00029,Sales Representative,Senior,7.2,PhD,87.7,92.5,68.3,7.79,5,7.23,4.27,1,2,2.58,1.31,63.2,70.3,11.2,2024-05-25,0,2.53,1,7
CAND00030,Software Engineer,Senior,8.2,Bachelor,92.0,75.5,83.6,6.66,3,7.76,4.23,1,3,4.26,1.66,55.5,55.4,-0.1,2024-10-22,0,3.03,0,7
CAND00031,Marketing Specialist,Senior,9.8,Bachelor,100.0,78.0,72.9,6.66,4,6.06,4.97,1,3,4.39,1.17,55.8,64.1,15.0,2024-06-23,1,4.08,1,6
CAND00032,Data Scientist,Mid,4.8,Bachelor,82.6,53.8,78.3,4.87,3,7.57,4.42,1,1,4.72,0.62,57.6,55.4,-3.7,2024-01-22,0,2.63,0,14
CAND00033,Marketing Specialist,Entry,0.8,Bachelor,91.8,69.4,76.3,4.9,3,7.71,4.74,1,1,2.65,0.72,44.3,48.8,10.1,2023-12-08,0,2.25,0,17
CAND00034,Operations Manager,Entry,0.1,Bachelor,60.3,67.3,43.7,7.12,4,7.39,4.13,1,1,0.96,1.71,83.1,93.7,12.8,2023-12-14,1,3.05,1,2
CAND00035,Operations Manager,Senior,9.3,Bachelor,100.0,93.4,53.5,7.84,3,6.84,3.96,1,3,0.72,1.97,81.3,88.1,8.4,2024-06-25,0,2.09,0,22
CAND00036,Product Manager,Mid,3.1,Master,70.4,66.0,81.0,7.81,3,6.88,4.6,1,1,2.64,2.75,42.4,48.0,13.2,2024-01-25,0,1.67,1,17
CAND00037,Customer Support,Mid,4.8,Master,100.0,81.6,72.4,6.86,5,7.67,3.62,1,1,1.36,0.28,63.1,63.9,1.2,2024-01-13,0,2.4,1,4
CAND00038,UX Designer,Mid,5.3,Bachelor,65.7,53.8,44.9,7.32,5,7.74,4.88,1,2,1.38,2.54,81.7,84.6,3.6,2024-04-17,1,4.32,1,10
CAND00039,Marketing Specialist,Mid,4.8,Bachelor,100.0,77.7,61.8,5.07,3,7.7,3.47,1,1,2.19,0.85,28.4,27.7,-2.2,2024-08-29,1,3.48,1,8
CAND00040,Operations Manager,Mid,3.1,Bachelor,54.1,48.6,60.6,8.11,3,7.76,4.56,1,1,2.14,1.11,69.8,79.2,13.5,2024-10-14,0,3.31,1,8
CAND00041,Data Scientist,Entry,0.4,Associate,61.5,65.9,65.5,8.45,3,7.09,3.63,1,1,2.51,0.25,44.9,49.9,11.1,2023-12-22,0,3.28,0,13
CAND00042,Product Manager,Mid,4.9,Bachelor,67.5,60.6,68.2,5.34,5,6.14,3.12,1,1,4.87,2.87,59.7,57.9,-2.9,2024-04-05,0,1.76,0,6
CAND00043,Data Scientist,Mid,4.1,Bachelor,35.1,71.7,72.8,6.66,4,7.69,3.99,1,1,2.46,1.01,38.6,42.7,10.5,2024-04-26,0,1.85,1,14
CAND00044,Operations Manager,Mid,3.0,Bachelor,82.9,79.7,44.9,5.94,5,7.44,4.73,1,1,2.21,4.41,58.1,64.6,11.1,2024-07-02,1,2.95,1,2
CAND00045,Software Engineer,Lead,18.6,PhD,100.0,80.7,79.5,6.04,5,7.28,4.56,1,7,1.87,0.72,46.7,51.4,10.1,2024-09-10,0,1.92,1,4
CAND00046,Customer Support,Entry,0.4,PhD,99.5,61.6,85.9,8.83,5,6.9,4.72,1,1,3.41,0.82,56.5,53.7,-5.0,2024-05-17,1,4.03,1,7
CAND00047,Data Scientist,Senior,9.1,Bachelor,63.2,64.5,26.6,6.39,4,7.04,4.59,1,3,3.7,1.73,73.8,84.1,13.9,2024-03-30,0,2.29,0,25
CAND00048,Product Manager,Mid,5.9,Bachelor,100.0,87.1,52.7,6.99,4,7.35,4.72,1,2,2.82,1.8,51.5,50.0,-3.0,2024-11-06,0,2.46,0,12
CAND00049,Customer Support,Mid,4.3,Bachelor,81.8,49.1,55.2,5.15,5,7.32,3.92,1,1,3.41,1.23,54.8,62.1,13.3,2024-08-08,0,1.79,0,13
CAND00050,Data Scientist,Mid,3.3,Bachelor,73.7,74.0,83.0,6.55,5,6.81,3.99,1,1,0.4,1.24,46.1,50.8,10.3,2024-06-08,1,2.98,1,2
CAND00051,Sales Representative,Entry,0.6,Bachelor,95.0,79.6,77.0,9.45,3,5.63,3.31,0,1,1.36,0.38,116.1,111.6,-3.8,2024-04-30,0,1.84,0,6
CAND00052,Product Manager,Mid,5.1,Bachelor,44.0,65.0,52.2,6.04,5,7.49,4.22,1,2,1.38,2.26,25.4,27.4,8.0,2024-02-10,0,2.04,1,9
CAND00053,Software Engineer,Mid,4.4,Master,81.5,41.7,51.4,7.4,5,6.94,4.54,1,1,2.53,2.34,42.7,46.2,8.2,2024-05-26,0,3.17,0,7
CAND00054,Operations Manager,Mid,3.7,Master,54.9,86.4,82.0,8.55,3,7.01,4.02,0,1,1.65,1.6,89.0,88.7,-0.4,2024-09-11,1,3.41,0,15
CAND00055,Marketing Specialist,Mid,6.0,Master,100.0,77.4,54.9,7.29,4,6.41,4.35,1,2,6.06,1.29,69.0,67.7,-1.9,2024-07-08,0,3.3,1,22
CAND00056,Software Engineer,Entry,1.2,PhD,68.8,60.6,69.6,7.18,3,6.48,3.94,1,1,1.67,0.94,49.9,55.5,11.2,2024-01-22,1,4.17,1,7
CAND00057,Data Scientist,Entry,1.2,Master,76.5,93.1,80.5,2.79,3,7.78,3.54,1,1,2.06,0.98,101.3,109.3,7.9,2024-03-04,1,2.26,1,3
CAND00058,Data Scientist,Entry,1.7,Bachelor,63.4,77.6,72.7,7.95,5,6.21,4.74,1,1,1.83,1.66,60.7,68.7,13.2,2024-09-04,0,1.68,1,12
CAND00059,Product Manager,Mid,3.7,Bachelor,78.1,42.1,58.6,5.32,5,6.93,4.76,1,1,0.75,2.48,49.7,50.9,2.5,2024-03-09,0,3.07,0,14
CAND00060,Product Manager,Senior,9.9,PhD,89.9,98.3,57.3,6.88,4,7.33,4.26,1,3,2.27,1.34,91.1,98.6,8.2,2024-02-11,0,2.44,1,17
CAND00061,UX Designer,Mid,4.4,Bachelor,52.7,68.8,82.3,7.75,3,7.8,3.16,1,1,3.6,1.94,61.0,62.3,2.1,2024-02-05,0,3.56,1,24
CAND00062,Sales Representative,Mid,5.0,Master,90.8,60.8,87.3,7.36,5,6.97,4.88,1,2,2.32,1.7,79.7,82.1,3.0,2024-06-01,0,2.23,1,7
CAND00063,UX Designer,Mid,4.3,Bachelor,66.4,77.4,80.9,7.5,5,7.7,4.62,1,1,2.64,0.68,45.7,44.3,-3.1,2023-12-11,0,1.55,1,9
CAND00064,Marketing Specialist,Entry,0.8,Master,92.4,65.4,87.8,8.71,4,7.75,4.21,1,1,4.66,3.99,111.8,115.8,3.5,2024-02-17,0,2.66,0,15
CAND00065,Operations Manager,Entry,1.6,Bachelor,78.0,64.6,56.2,6.48,3,5.94,3.66,1,1,2.46,0.47,101.5,102.4,0.9,2024-07-04,1,2.93,1,14
CAND00066,Sales Representative,Mid,4.0,PhD,72.9,82.6,64.0,8.54,3,7.17,4.26,1,1,2.66,1.87,26.4,27.1,2.8,2024-05-18,1,3.95,0,11
CAND00067,Software Engineer,Lead,17.1,Master,84.6,81.1,41.9,7.34,5,6.02,3.75,1,6,2.99,3.15,36.4,39.7,9.0,2024-01-29,0,2.72,0,13
CAND00068,Sales Representative,Mid,4.2,Master,63.1,60.8,89.8,6.3,5,6.48,3.89,1,1,3.03,0.61,59.5,61.2,2.9,2024-07-18,1,3.98,1,5
CAND00069,Software Engineer,Senior,7.4,Bachelor,90.7,90.6,80.0,7.9,3,5.19,3.67,1,2,3.46,2.65,68.3,73.1,7.1,2023-11-11,1,3.19,1,5
CAND00070,Software Engineer,Mid,3.2,Bachelor,96.5,58.0,39.8,6.75,3,6.23,4.86,1,1,2.74,2.46,26.9,29.2,8.4,2024-10-04,0,3.05,1,17
CAND00071,Software Engineer,Entry,0.2,Bachelor,64.3,45.8,86.8,4.77,4,6.06,3.12,1,1,0.42,4.58,93.1,88.9,-4.5,2024-10-02,0,1.55,0,28
CAND00072,Sales Representative,Mid,3.4,Bachelor,100.0,72.0,73.3,5.85,4,8.35,4.88,1,1,2.64,0.37,84.3,91.1,8.0,2023-12-01,0,1.7,0,8
CAND00073,Operations Manager,Entry,0.5,PhD,89.5,77.1,83.2,4.04,3,6.73,2.9,1,1,4.29,1.92,47.0,51.7,10.0,2024-02-05,1,3.4,1,3
CAND00074,Product Manager,Entry,1.7,PhD,64.4,36.0,56.5,6.16,5,6.49,4.11,1,1,5.68,2.58,48.0,54.1,12.7,2024-01-20,1,3.65,1,4
CAND00075,Operations Manager,Mid,3.4,Bachelor,82.0,58.4,55.4,7.62,3,5.94,4.19,1,1,1.85,0.35,45.7,44.0,-3.6,2024-03-10,0,1.76,1,25
CAND00076,UX Designer,Entry,0.1,Associate,52.4,34.6,65.0,7.65,3,7.16,3.83,1,1,0.71,0.12,56.4,54.3,-3.8,2024-09-20,0,1.57,1,15
CAND00077,Data Scientist,Senior,8.0,Master,77.7,70.2,78.7,7.31,5,7.6,4.38,1,3,2.41,1.44,38.7,44.0,13.8,2024-04-01,0,1.93,1,21
CAND00078,Marketing Specialist,Entry,1.2,Master,61.2,45.6,84.6,7.59,4,7.99,3.84,1,1,1.24,0.33,61.0,61.9,1.6,2024-04-11,1,3.11,1,11
CAND00079,Operations Manager,Mid,3.7,Master,67.5,42.6,57.0,6.3,5,8.23,3.98,1,1,4.53,2.43,67.1,73.5,9.6,2024-10-11,0,3.45,1,20
CAND00080,Data Scientist,Entry,0.7,Master,34.9,77.2,59.9,4.93,3,7.35,4.45,1,1,1.81,0.46,64.9,69.3,6.8,2024-04-15,1,3.38,1,6
CAND00081,Marketing Specialist,Senior,7.9,Bachelor,70.9,85.4,50.5,5.03,3,7.08,4.5,1,3,1.5,0.52,61.8,69.0,11.7,2024-07-03,1,3.67,1,3
CAND00082,Sales Representative,Entry,0.2,Bachelor,78.3,53.3,34.1,7.37,3,7.34,4.88,1,1,1.0,1.46,77.9,88.0,13.0,2024-02-07,0,2.1,0,7
CAND00083,Operations Manager,Senior,9.4,Bachelor,100.0,79.2,69.6,6.67,3,7.78,3.4,1,3,4.42,3.07,76.2,84.6,11.0,2024-04-05,1,4.02,1,2
CAND00084,Product Manager,Mid,5.2,Bachelor,84.7,85.2,69.7,9.54,4,6.71,3.96,1,2,2.52,1.77,50.3,49.1,-2.4,2024-03-16,1,2.88,1,4
CAND00085,Sales Representative,Mid,3.5,PhD,98.0,79.3,58.6,6.52,3,6.14,3.88,1,1,1.18,0.45,74.2,70.6,-4.9,2024-03-26,0,1.86,0,16
CAND00086,Data Scientist,Mid,3.5,Associate,29.0,66.3,68.4,7.28,3,6.35,4.34,1,1,2.33,0.57,73.4,76.2,3.9,2023-12-10,0,3.07,1,13
CAND00087,Software Engineer,Entry,1.0,Bachelor,87.2,85.6,77.9,4.96,3,7.09,4.72,1,1,1.47,2.1,58.8,66.0,12.2,2024-07-09,0,3.41,0,13
CAND00088,Product Manager,Mid,5.3,Bachelor,87.3,34.7,75.3,7.05,4,7.49,4.45,1,2,3.09,0.76,106.6,114.9,7.8,2024-03-04,1,3.16,1,3
CAND00089,Operations Manager,Entry,1.8,Master,65.6,56.1,72.7,7.25,3,6.59,3.91,1,1,2.27,2.26,68.7,66.0,-3.9,2024-04-16,1,4.0,1,4
CAND00090,Software Engineer,Mid,5.0,Master,64.2,53.1,80.2,7.26,3,6.24,4.36,1,1,1.67,2.92,63.6,68.0,6.9,2024-04-27,0,3.42,1,18
CAND00091,Software Engineer,Mid,5.6,Associate,59.8,73.9,67.8,7.01,4,6.61,4.28,1,2,1.07,0.34,54.1,52.5,-2.9,2024-06-25,0,1.87,1,10
CAND00092,Operations Manager,Entry,0.2,Bachelor,78.8,52.1,40.0,6.87,4,7.8,3.42,1,1,2.28,1.69,53.8,53.9,0.1,2024-04-05,1,2.69,1,2
CAND00093,Operations Manager,Entry,1.8,Bachelor,79.9,54.7,75.1,4.84,3,7.19,4.66,1,1,1.49,1.45,57.8,60.0,3.6,2024-08-02,0,2.52,0,8
CAND00094,Customer Support,Entry,1.7,Bachelor,84.7,79.8,87.9,6.79,3,5.53,4.73,1,1,2.39,0.14,19.6,21.7,11.0,2024-10-09,1,3.66,0,1
CAND00095,Software Engineer,Lead,16.7,Master,91.0,52.6,80.6,8.58,5,7.67,4.47,1,6,0.78,1.07,54.4,52.1,-4.1,2024-05-31,0,2.83,1,23
CAND00096,Software Engineer,Mid,5.7,PhD,82.7,56.0,83.6,7.11,3,5.42,3.65,1,2,0.68,2.06,58.0,63.9,10.1,2024-01-13,1,3.45,0,4
CAND00097,Operations Manager,Entry,1.4,Bachelor,53.3,47.9,54.0,7.03,5,6.14,4.17,1,1,2.22,0.38,67.6,69.0,2.1,2024-02-10,0,1.87,1,9
CAND00098,Product Manager,Entry,0.8,Master,97.1,72.8,82.7,7.7,3,6.34,4.21,1,1,6.64,3.07,46.6,44.5,-4.6,2024-02-21,0,1.6,1,25
CAND00099,Data Scientist,Senior,7.8,Master,100.0,67.1,55.2,6.78,3,6.35,3.23,1,3,3.89,2.48,87.6,95.3,8.8,2024-10-03,0,1.64,0,11
CAND00100,Data Scientist,Entry,1.9,Bachelor,90.1,77.9,58.5,7.61,5,7.99,3.62,1,1,0.74,1.12,81.0,87.6,8.3,2024-07-10,0,1.93,0,14
CAND00101,UX Designer,Entry,0.6,Master,59.4,63.1,44.1,5.81,3,7.02,4.45,1,1,0.6,0.34,65.6,65.8,0.4,2024-01-21,0,2.04,1,15
CAND00102,Sales Representative,Mid,3.2,Bachelor,100.0,31.4,86.9,8.31,5,7.55,4.96,1,1,0.46,2.96,58.3,66.3,13.7,2024-01-08,0,2.72,0,5
CAND00103,Software Engineer,Entry,1.1,Bachelor,91.9,89.0,61.3,5.46,5,7.31,4.46,1,1,2.67,0.47,77.7,81.4,4.7,2024-09-27,1,4.01,1,1
CAND00104,UX Designer,Entry,0.5,Master,79.1,47.4,76.8,7.14,5,6.81,4.48,1,1,2.78,0.26,58.9,67.6,14.6,2024-01-14,1,3.74,1,9
CAND00105,Marketing Specialist,Senior,7.0,Bachelor,100.0,52.8,88.8,5.41,4,7.13,4.94,1,2,2.95,0.87,79.7,90.7,13.8,2024-07-26,0,2.48,1,17
CAND00106,Marketing Specialist,Entry,0.8,PhD,77.3,47.1,82.8,7.07,3,8.27,3.61,1,1,2.84,3.94,68.0,73.6,8.3,2024-06-25,1,4.24,1,5
CAND00107,UX Designer,Mid,5.7,Bachelor,93.2,56.2,58.8,9.05,3,6.25,3.81,1,2,0.82,2.06,34.7,33.4,-3.5,2023-11-30,0,3.0,0,7
CAND00108,Customer Support,Entry,1.1,Master,91.2,20.1,63.3,6.85,4,6.22,3.98,1,1,1.63,1.47,67.3,65.1,-3.3,2024-05-30,1,4.17,1,3
CAND00109,Data Scientist,Entry,1.6,PhD,64.8,57.7,63.6,5.97,3,6.45,4.09,1,1,1.98,1.07,34.3,37.7,9.8,2024-03-18,0,1.63,1,25
CAND00110,Data Scientist,Senior,10.5,Bachelor,96.5,65.7,75.5,7.71,3,7.95,4.57,1,4,3.68,1.34,33.9,35.1,3.7,2024-02-06,1,4.23,1,4
CAND00111,Sales Representative,Senior,8.0,Bachelor,51.0,100.0,58.4,4.25,5,7.11,4.56,1,3,5.26,0.66,63.7,61.1,-4.1,2024-06-25,0,1.65,1,12
CAND00112,Product Manager,Entry,1.6,Bachelor,75.0,69.2,48.7,6.28,4,6.41,2.92,1,1,4.56,1.8,70.5,74.5,5.7,2024-10-03,0,1.61,1,6
CAND00113,Sales Representative,Mid,5.2,Master,71.0,69.5,90.3,5.27,4,7.13,3.03,1,2,2.97,1.25,48.6,49.7,2.3,2024-06-15,1,3.08,1,2
CAND00114,Product Manager,Entry,1.5,Bachelor,93.5,33.9,63.5,7.33,4,6.61,4.66,1,1,2.19,0.96,52.2,51.3,-1.8,2024-02-03,0,2.27,1,9
CAND00115,Customer Support,Mid,5.3,Bachelor,73.3,81.4,92.2,4.28,5,7.97,4.34,1,2,0.14,0.36,58.4,57.0,-2.4,2023-12-09,1,4.17,1,3
CAND00116,Software Engineer,Mid,3.5,Bachelor,63.0,69.9,68.1,6.6,5,5.78,3.98,1,1,1.29,0.75,50.0,51.1,2.1,2024-01-29,0,2.0,0,10
CAND00117,Customer Support,Mid,4.7,Bachelor,95.6,74.4,83.3,9.26,5,8.14,4.77,1,1,1.49,1.74,51.6,52.7,2.0,2024-09-15,1,2.34,1,2
CAND00118,Product Manager,Mid,4.4,Master,73.3,51.9,62.5,5.22,4,6.9,4.32,1,1,1.51,0.23,61.0,58.7,-3.8,2024-09-09,1,3.49,1,1
CAND00119,Data Scientist,Entry,1.3,Associate,98.9,81.5,86.5,8.29,5,6.65,4.13,1,1,0.76,2.02,34.6,34.6,0.1,2024-01-29,1,4.06,1,6
CAND00120,Product Manager,Entry,1.6,Bachelor,100.0,93.0,93.6,6.5,4,6.98,3.48,1,1,1.13,1.35,24.7,25.2,2.1,2024-06-16,1,4.35,1,4
CAND00121,Sales Representative,Senior,10.5,Master,100.0,89.8,79.9,8.87,5,6.8,3.87,1,4,8.68,1.67,44.4,49.6,11.8,2024-05-16,0,3.25,0,22
CAND00122,Sales Representative,Mid,4.0,Bachelor,88.1,47.9,64.3,7.29,5,7.17,3.99,1,1,9.65,0.94,58.0,58.4,0.5,2023-12-19,0,2.35,0,14
CAND00123,Customer Support,Mid,5.2,Associate,62.4,67.6,78.6,8.16,5,7.56,3.91,1,2,2.27,1.49,45.6,49.4,8.3,2024-03-02,1,3.63,1,1
CAND00124,Customer Support,Entry,1.3,Bachelor,59.1,43.1,86.0,6.12,3,6.31,3.52,1,1,0.59,1.52,44.7,43.6,-2.5,2024-09-21,0,1.74,0,12
CAND00125,UX Designer,Mid,3.8,PhD,100.0,82.1,72.9,6.53,4,6.25,3.67,1,1,4.03,0.31,49.6,47.6,-3.9,2024-10-16,0,3.32,0,6
CAND00126,Software Engineer,Senior,11.5,Master,100.0,100.0,55.2,5.96,4,7.65,2.73,1,4,0.9,3.04,77.1,87.8,13.8,2024-09-02,0,1.69,0,11
CAND00127,Customer Support,Entry,0.2,Master,35.9,67.9,82.8,7.67,3,7.53,3.62,1,1,2.73,1.44,47.6,47.3,-0.6,2024-03-26,0,2.2,0,7
CAND00128,UX Designer,Entry,0.2,Bachelor,66.9,71.8,54.1,3.72,5,7.56,4.47,1,1,1.66,0.55,55.9,62.8,12.4,2024-11-03,1,3.98,1,1
CAND00129,Data Scientist,Senior,7.8,Associate,90.1,32.2,69.4,3.3,3,6.92,4.53,1,3,3.45,1.25,33.1,33.1,-0.2,2023-11-20,1,2.71,1,4
CAND00130,Product Manager,Mid,5.9,Bachelor,90.0,75.1,57.7,6.9,5,6.44,4.04,1,2,1.52,1.0,78.0,80.0,2.6,2024-10-20,1,2.83,1,4
CAND00131,Marketing Specialist,Entry,0.1,Bachelor,72.8,24.2,72.0,5.49,5,7.91,4.3,1,1,5.18,1.02,85.0,83.9,-1.3,2024-01-30,0,3.65,1,14
CAND00132,Product Manager,Mid,4.5,Bachelor,59.4,40.6,60.5,6.34,4,8.02,4.27,1,1,3.42,1.0,35.6,34.7,-2.5,2024-09-03,1,2.89,0,4
CAND00133,Software Engineer,Mid,5.4,Master,63.7,71.1,70.9,4.85,4,6.46,4.09,1,2,0.74,1.31,56.9,57.8,1.7,2024-05-05,0,2.52,0,18
CAND00134,Software Engineer,Mid,5.6,Associate,88.1,78.0,67.6,4.8,4,7.52,4.62,1,2,1.52,1.87,42.2,41.1,-2.7,2024-07-23,1,3.76,1,5
CAND00135,Sales Representative,Lead,15.3,Associate,90.2,100.0,86.6,5.88,5,7.01,4.29,1,6,4.97,2.69,83.2,86.1,3.5,2024-09-16,1,4.85,1,9
CAND00136,Marketing Specialist,Entry,1.1,Master,96.0,57.5,86.7,9.13,5,7.09,4.84,1,1,1.25,0.53,68.2,68.5,0.4,2024-04-13,1,3.28,1,5
CAND00137,Product Manager,Senior,7.0,Bachelor,82.2,100.0,68.8,8.73,3,7.24,3.22,1,2,0.92,2.04,76.2,79.4,4.1,2024-08-16,0,2.6,1,3
CAND00138,Product Manager,Entry,1.4,Bachelor,100.0,38.8,42.1,4.54,4,7.2,4.86,1,1,4.39,4.08,43.5,45.9,5.4,2024-10-26,0,1.87,1,14
CAND00139,Product Manager,Entry,1.0,Master,65.5,88.1,53.2,4.38,5,7.01,4.51,1,1,0.78,1.74,45.6,47.8,4.8,2024-05-21,1,2.82,1,4
CAND00140,UX Designer,Entry,0.5,Bachelor,67.1,52.9,67.0,7.97,5,6.52,4.52,1,1,1.93,2.98,77.8,82.9,6.5,2024-07-03,0,1.64,1,7
CAND00141,Customer Support,Entry,0.8,Master,80.8,70.3,55.7,6.79,3,6.24,3.0,1,1,2.0,0.71,35.6,36.1,1.4,2023-11-14,0,2.35,1,19
CAND00142,Data Scientist,Mid,3.0,Bachelor,82.6,68.9,50.1,7.34,4,6.06,3.73,1,1,7.06,0.26,42.3,47.5,12.3,2024-10-19,0,3.16,1,17
CAND00143,Operations Manager,Entry,0.6,Master,63.3,16.0,55.8,4.1,3,6.6,3.34,1,1,2.78,1.3,75.7,81.4,7.6,2024-07-28,0,2.03,1,18
CAND00144,Operations Manager,Entry,0.1,Bachelor,43.6,89.7,61.4,5.05,4,7.37,4.38,1,1,1.61,3.07,58.6,57.3,-2.4,2024-06-04,0,1.45,0,18
CAND00145,Sales Representative,Entry,0.7,Bachelor,89.1,87.9,80.5,6.97,3,6.4,4.69,1,1,2.34,2.48,66.8,71.5,7.0,2024-10-26,0,1.67,0,7
CAND00146,Sales Representative,Mid,4.2,Bachelor,69.4,92.2,67.7,4.81,4,7.19,3.95,1,1,6.23,1.6,45.3,49.6,9.6,2024-05-23,1,3.82,0,6
CAND00147,Customer Support,Mid,4.4,PhD,94.0,76.1,65.8,4.9,3,6.54,4.61,1,1,5.21,2.56,18.5,18.7,1.2,2024-06-18,1,2.74,1,3
CAND00148,Marketing Specialist,Entry,0.9,Master,52.9,79.3,37.6,8.45,5,6.45,3.12,1,1,2.57,0.86,41.0,44.8,9.2,2024-02-21,1,2.04,1,2
CAND00149,UX Designer,Mid,4.3,Bachelor,89.8,46.3,86.3,8.54,5,6.86,4.05,1,1,2.29,1.08,51.3,51.8,1.0,2024-02-07,0,3.67,1,34
CAND00150,Marketing Specialist,Lead,14.6,Master,93.6,38.3,71.7,7.9,3,5.42,4.69,1,5,4.81,0.86,67.3,68.0,0.9,2024-09-09,1,3.83,1,7
CAND00151,Customer Support,Mid,3.1,Associate,48.3,50.7,81.2,8.8,3,7.15,3.76,1,1,5.71,1.75,53.2,51.0,-4.1,2024-01-15,0,2.87,1,28
CAND00152,Customer Support,Senior,8.9,Bachelor,100.0,94.2,70.3,7.68,3,6.62,4.6,1,3,3.29,0.66,52.4,54.7,4.4,2024-09-13,0,2.13,0,14
CAND00153,UX Designer,Mid,4.6,Bachelor,100.0,50.3,73.8,7.23,4,6.26,3.74,1,1,2.45,3.09,40.7,39.5,-2.9,2024-05-31,0,2.02,1,9
CAND00154,UX Designer,Mid,4.2,Bachelor,93.8,84.2,76.1,8.93,5,6.47,3.5,1,1,1.05,0.46,51.5,58.7,14.0,2024-02-20,1,3.28,1,10
CAND00155,Data Scientist,Mid,5.5,Associate,73.1,47.9,65.1,4.76,4,6.13,3.78,1,2,2.07,1.07,90.5,97.0,7.1,2024-01-17,0,1.32,1,9
CAND00156,Sales Representative,Senior,8.1,Bachelor,73.4,69.3,46.7,4.4,4,7.59,3.81,1,3,2.76,0.73,69.9,74.2,6.2,2024-10-16,0,3.05,1,14
CAND00157,UX Designer,Lead,17.9,Master,88.7,83.9,48.0,3.71,3,8.02,4.33,1,7,1.1,0.86,36.4,35.9,-1.5,2024-02-15,1,2.85,1,4
CAND00158,Sales Representative,Mid,4.3,Master,64.5,59.5,44.1,6.47,4,7.9,3.69,1,1,1.44,0.96,65.0,62.4,-3.9,2024-04-01,1,2.63,1,0
CAND00159,Data Scientist,Mid,4.2,Bachelor,68.5,53.5,59.7,8.38,5,8.12,4.3,1,1,3.79,1.67,38.7,37.1,-4.4,2024-05-22,0,2.35,0,15
CAND00160,Marketing Specialist,Entry,0.5,Bachelor,71.9,57.2,61.1,9.03,5,6.68,4.28,1,1,4.91,1.26,35.4,35.6,0.5,2024-09-05,1,3.5,1,5
CAND00161,Customer Support,Mid,5.1,Bachelor,100.0,58.8,82.1,7.21,5,7.5,4.14,1,2,6.06,0.68,109.8,106.9,-2.6,2024-06-02,0,2.83,0,13
CAND00162,UX Designer,Senior,9.6,PhD,100.0,66.6,54.0,7.6,4,8.08,4.45,1,3,0.62,2.41,77.7,77.4,-0.3,2024-04-15,1,4.02,1,3
CAND00163,Customer Support,Mid,5.9,Bachelor,76.3,68.1,24.4,6.98,5,5.38,3.59,1,2,5.7,0.07,46.2,47.5,2.7,2024-09-03,1,2.57,1,4
CAND00164,Sales Representative,Mid,4.1,PhD,93.6,86.4,41.1,6.47,4,7.5,4.73,1,1,3.92,3.65,67.2,69.4,3.3,2023-12-03,0,1.42,1,19
CAND00165,UX Designer,Mid,4.7,Master,85.5,90.8,50.2,8.44,5,6.87,4.32,1,1,7.39,0.8,44.3,50.7,14.5,2024-08-10,0,1.56,1,11
CAND00166,Customer Support,Senior,11.1,Master,100.0,100.0,50.9,6.15,4,5.74,3.84,1,4,4.05,0.89,40.4,44.9,11.0,2024-02-01,0,2.41,1,9
CAND00167,Software Engineer,Mid,4.1,Bachelor,79.7,63.5,82.8,3.9,4,7.39,3.33,1,1,6.5,0.84,74.9,72.0,-3.9,2024-06-14,0,1.28,1,15
CAND00168,Sales Representative,Senior,11.5,Bachelor,90.4,70.0,62.3,5.78,4,6.66,4.59,1,4,2.69,0.28,48.2,51.1,6.0,2024-01-16,0,1.97,1,7
CAND00169,Marketing Specialist,Mid,5.6,Master,70.4,84.4,78.4,7.06,4,7.03,4.22,1,2,3.92,1.09,105.3,101.1,-4.0,2024-03-26,0,3.9,1,10
CAND00170,Operations Manager,Entry,0.4,Bachelor,68.9,70.3,53.7,7.18,5,6.42,3.42,1,1,0.9,0.59,93.0,91.6,-1.5,2024-07-21,0,3.7,0,24
CAND00171,Operations Manager,Entry,0.4,Bachelor,53.3,70.9,71.3,5.1,5,6.22,4.08,1,1,2.99,1.77,42.4,43.1,1.8,2024-08-13,0,2.02,1,12
CAND00172,Data Scientist,Senior,7.3,PhD,94.0,46.8,71.0,8.46,4,6.94,3.87,1,2,2.34,2.38,62.0,65.1,5.0,2024-02-18,0,1.17,0,17
CAND00173,Marketing Specialist,Senior,8.7,Bachelor,77.9,57.3,57.4,8.67,3,6.42,4.87,1,3,1.83,0.65,70.2,72.5,3.2,2024-07-10,1,4.2,1,6
CAND00174,Customer Support,Entry,0.2,Bachelor,56.7,44.0,80.5,6.1,3,7.71,4.58,1,1,4.52,1.5,39.4,40.6,2.8,2024-07-29,1,4.13,1,12
CAND00175,Product Manager,Senior,8.8,Bachelor,83.8,87.5,44.7,8.22,3,6.78,4.75,1,3,7.02,0.76,35.0,38.7,10.5,2024-10-15,0,2.25,0,13
CAND00176,Sales Representative,Entry,0.0,Bachelor,51.1,29.4,73.3,4.46,4,7.33,4.4,1,1,0.26,1.95,51.3,56.2,9.7,2023-12-31,0,1.6,1,24
CAND00177,Data Scientist,Mid,5.6,PhD,96.7,84.6,68.2,6.47,4,5.18,4.35,1,2,1.23,0.43,65.8,65.2,-0.8,2024-04-09,0,2.13,0,16
CAND00178,Sales Representative,Entry,1.4,PhD,65.5,37.6,70.8,7.94,5,7.64,3.73,1,1,1.76,0.23,63.3,66.6,5.2,2023-11-17,0,1.69,0,12
CAND00179,UX Designer,Senior,9.4,Bachelor,71.9,91.5,63.6,5.37,4,7.21,4.65,1,3,0.31,3.69,65.6,68.4,4.2,2024-04-17,1,3.24,1,1
CAND00180,Sales Representative,Lead,14.0,Master,100.0,95.1,79.5,5.61,3,7.0,3.4,1,5,3.41,1.84,90.5,99.8,10.2,2023-12-08,0,1.51,0,10
CAND00181,Software Engineer,Mid,4.4,Bachelor,95.9,43.1,67.1,7.23,3,5.98,4.07,1,1,0.44,0.67,61.6,61.7,0.2,2024-04-04,0,2.77,0,13
CAND00182,Sales Representative,Mid,5.9,Bachelor,100.0,51.0,64.1,7.03,3,6.76,4.44,1,2,4.03,0.57,69.4,70.3,1.3,2023-11-17,1,4.54,1,6
CAND00183,Operations Manager,Senior,9.4,PhD,100.0,69.1,61.5,7.58,3,6.03,4.55,1,3,3.7,2.59,52.2,55.8,6.9,2024-01-27,1,4.88,1,2
CAND00184,Sales Representative,Mid,5.9,Bachelor,83.3,80.1,50.5,8.07,3,7.07,4.17,1,2,6.3,2.79,71.4,80.7,13.0,2024-03-19,1,4.13,1,7
CAND00185,Product Manager,Senior,11.7,Master,91.5,82.2,74.9,7.43,4,6.69,4.6,1,4,4.76,2.57,30.0,33.8,12.8,2023-12-02,0,1.88,0,11
CAND00186,Marketing Specialist,Senior,8.8,Master,83.5,80.4,76.0,6.79,4,6.05,4.24,1,3,1.24,3.68,62.2,62.9,1.2,2023-12-30,1,3.13,1,7
CAND00187,UX Designer,Entry,1.4,Bachelor,100.0,32.3,81.7,8.06,5,7.92,3.18,1,1,4.48,1.65,101.8,96.8,-4.9,2024-03-24,0,2.57,1,12
CAND00188,Product Manager,Mid,4.1,Associate,60.7,70.6,51.7,7.01,5,7.12,4.5,1,1,4.88,1.59,67.4,71.2,5.6,2024-03-09,0,1.71,0,12
CAND00189,Operations Manager,Entry,1.2,Master,100.0,66.4,71.4,8.82,4,6.39,3.5,1,1,3.95,0.84,72.4,69.1,-4.6,2024-07-04,0,3.06,1,7
CAND00190,Customer Support,Mid,3.3,Bachelor,78.3,70.4,65.7,7.17,5,7.63,4.38,1,1,2.23,0.62,48.3,46.8,-3.0,2024-03-04,1,3.73,1,4
CAND00191,Sales Representative,Mid,5.6,Bachelor,93.8,61.5,75.8,6.14,4,6.45,4.63,1,2,1.75,1.67,84.4,88.8,5.2,2024-03-27,0,1.53,0,29
CAND00192,Data Scientist,Mid,4.0,Associate,91.6,44.5,77.3,7.42,5,7.42,4.62,1,1,0.43,2.17,48.0,50.2,4.5,2024-06-14,0,2.96,0,11
CAND00193,Sales Representative,Entry,0.5,Bachelor,75.5,51.6,77.5,5.88,4,6.44,4.77,0,1,5.79,2.7,41.7,47.0,12.8,2024-05-20,0,1.68,0,2
CAND00194,Marketing Specialist,Entry,1.9,Master,63.2,80.9,93.1,7.28,5,6.16,3.92,1,1,4.14,2.68,71.6,79.4,10.9,2024-09-27,0,2.05,0,11
CAND00195,Product Manager,Entry,0.7,Master,45.6,67.8,59.6,6.56,3,6.98,4.26,1,1,3.7,0.62,36.4,36.1,-0.7,2024-07-12,0,1.87,0,18
CAND00196,UX Designer,Entry,1.8,Bachelor,69.5,51.1,82.7,5.85,5,5.89,4.8,1,1,0.73,1.4,52.6,53.2,1.3,2024-08-21,0,3.3,0,9
CAND00197,Sales Representative,Mid,5.8,Master,83.6,90.0,27.6,6.0,3,6.51,3.4,1,2,1.56,0.69,55.5,52.8,-4.9,2024-04-09,0,2.67,0,9
CAND00198,UX Designer,Mid,4.3,Bachelor,85.4,77.3,74.4,8.73,4,6.51,4.72,1,1,6.67,1.65,52.4,51.4,-1.8,2024-02-04,1,3.77,1,6
CAND00199,Operations Manager,Mid,4.2,Bachelor,77.1,72.0,66.0,4.6,4,6.99,4.25,1,1,3.99,1.55,54.6,53.3,-2.4,2024-10-07,0,2.0,1,14
CAND00200,Sales Representative,Entry,1.6,PhD,78.7,63.6,80.3,4.57,4,6.3,3.37,1,1,4.29,0.47,44.6,47.5,6.5,2024-04-22,1,3.46,1,6
CAND00201,Software Engineer,Mid,5.2,Bachelor,82.7,61.8,56.1,5.12,5,7.25,4.7,1,2,4.46,1.29,45.7,50.1,9.7,2024-04-27,1,3.51,1,1
CAND00202,Operations Manager,Mid,3.4,PhD,82.5,75.6,45.5,7.26,3,7.36,3.72,1,1,5.59,1.0,66.5,65.5,-1.5,2024-05-11,1,3.61,1,3
CAND00203,Customer Support,Entry,0.7,Bachelor,35.0,73.7,86.7,9.04,4,7.71,4.62,1,1,1.99,1.37,45.1,48.2,6.9,2024-04-07,0,1.19,1,17
CAND00204,Sales Representative,Mid,3.4,Master,94.3,77.3,60.0,5.89,4,5.15,2.78,1,1,0.12,1.8,40.8,44.2,8.3,2024-07-18,0,1.64,1,26
CAND00205,Customer Support,Entry,1.5,Master,97.0,62.2,83.4,6.81,4,7.03,4.26,1,1,4.04,2.79,68.3,72.2,5.7,2024-03-04,0,1.6,1,8
CAND00206,Software Engineer,Entry,0.6,Master,80.8,54.3,54.8,8.29,4,6.83,4.29,1,1,3.83,1.1,50.4,48.1,-4.7,2024-05-19,0,2.83,1,14
CAND00207,UX Designer,Mid,4.2,Associate,74.9,90.9,77.8,3.99,5,7.67,4.05,1,1,2.94,1.51,69.9,68.9,-1.4,2024-08-15,0,1.79,1,17
CAND00208,Operations Manager,Mid,5.1,Bachelor,71.9,75.5,67.7,3.51,3,8.11,3.85,1,2,1.08,1.99,36.0,41.4,14.9,2023-12-25,0,2.12,0,14
CAND00209,Software Engineer,Senior,8.3,Bachelor,100.0,65.9,60.4,5.69,4,7.28,4.17,1,3,2.13,1.25,61.4,58.4,-4.9,2024-01-09,1,3.78,1,8
CAND00210,Software Engineer,Mid,3.5,Bachelor,58.2,87.5,54.4,5.68,3,7.91,4.02,1,1,2.02,0.68,44.0,48.1,9.3,2023-12-14,0,1.88,0,8
CAND00211,UX Designer,Mid,4.3,PhD,90.6,87.4,58.7,6.89,3,7.4,4.23,1,1,10.02,1.42,78.0,83.0,6.4,2024-03-16,1,4.05,1,2
CAND00212,Product Manager,Mid,5.6,Bachelor,82.9,86.9,51.6,8.19,3,7.5,4.1,1,2,2.57,1.11,85.5,84.0,-1.8,2024-06-27,0,1.72,1,7
CAND00213,UX Designer,Entry,0.5,PhD,76.3,68.5,64.7,6.42,4,7.17,4.13,1,1,2.87,1.56,85.3,84.3,-1.2,2024-07-22,0,2.5,0,24
CAND00214,Operations Manager,Mid,4.6,Master,92.0,73.5,54.7,7.94,4,7.56,4.32,1,1,4.26,2.03,57.9,55.5,-4.1,2024-05-19,0,3.69,1,6
CAND00215,UX Designer,Mid,5.6,Master,100.0,76.6,80.7,8.82,4,7.15,3.98,1,2,0.63,0.16,58.9,65.1,10.6,2024-04-06,1,3.9,1,7
CAND00216,Customer Support,Entry,1.9,Bachelor,78.6,59.2,77.5,5.61,3,5.25,3.75,1,1,1.68,0.77,57.9,57.1,-1.4,2024-03-12,0,2.04,0,8
CAND00217,Software Engineer,Mid,4.7,Master,86.1,40.6,68.5,5.93,5,6.58,4.46,1,1,4.77,0.71,46.9,45.3,-3.3,2024-02-05,0,1.71,0,13
CAND00218,Software Engineer,Entry,1.1,Bachelor,91.6,79.2,75.0,8.42,4,7.51,3.34,1,1,4.68,0.62,44.8,45.5,1.6,2024-07-16,0,2.65,0,13
CAND00219,Data Scientist,Entry,1.2,Master,95.0,65.3,74.9,6.97,5,8.0,4.73,1,1,1.21,1.61,56.6,56.5,-0.2,2024-10-18,0,1.11,0,27
CAND00220,Software Engineer,Senior,9.3,Master,100.0,73.1,56.9,6.68,3,6.51,4.27,1,3,4.81,1.62,60.5,65.4,8.1,2024-07-28,0,1.54,1,19
CAND00221,Software Engineer,Mid,5.1,Master,87.0,55.3,77.9,5.43,5,6.31,4.21,1,2,2.25,0.64,54.8,55.9,2.0,2024-08-21,0,2.43,0,14
CAND00222,Sales Representative,Mid,5.3,PhD,93.2,59.3,74.9,8.04,3,6.41,4.17,1,2,4.47,0.66,48.0,47.7,-0.7,2024-03-10,0,3.48,1,23
CAND00223,Data Scientist,Entry,1.1,Master,61.9,26.2,66.2,4.66,5,6.46,4.85,1,1,3.05,1.07,36.4,34.8,-4.6,2024-07-19,1,3.48,1,13
CAND00224,Operations Manager,Mid,5.2,Bachelor,98.9,85.5,48.8,5.38,5,6.94,3.87,1,2,2.3,1.14,38.6,43.1,11.6,2024-06-29,0,2.54,1,11
CAND00225,Marketing Specialist,Mid,3.9,PhD,67.3,67.6,78.9,5.49,3,7.3,4.55,1,1,9.23,1.98,51.1,49.4,-3.4,2024-01-02,0,1.69,0,15
CAND00226,Data Scientist,Mid,3.0,Bachelor,56.4,92.0,83.1,4.45,3,6.65,3.96,1,1,1.96,1.95,49.8,49.4,-0.9,2024-06-01,0,2.94,0,22
CAND00227,Data Scientist,Mid,3.2,PhD,81.7,49.3,82.2,7.28,5,6.56,4.67,1,1,0.96,0.67,26.1,25.6,-2.1,2024-10-25,0,2.65,1,11
CAND00228,Customer Support,Lead,15.3,PhD,95.9,89.7,67.7,7.37,5,5.47,4.27,1,6,0.7,1.85,72.8,72.0,-1.1,2023-11-27,0,3.02,0,9
CAND00229,UX Designer,Senior,7.1,PhD,71.3,84.3,62.9,7.83,4,7.02,4.37,1,2,3.66,0.6,46.0,43.9,-4.7,2024-07-29,0,2.13,0,17
CAND00230,Data Scientist,Entry,0.1,Master,91.1,80.9,62.5,7.47,5,8.09,4.52,1,1,1.82,2.23,47.8,48.8,2.1,2023-11-20,0,2.12,1,18
CAND00231,Sales Representative,Mid,4.5,Master,86.7,58.0,70.6,8.57,3,6.8,4.22,1,1,3.83,2.91,81.0,88.3,9.0,2023-11-17,0,1.72,1,12
CAND00232,Customer Support,Senior,9.3,Master,87.5,71.8,79.7,5.19,5,7.7,4.78,1,3,2.75,2.6,57.9,57.0,-1.6,2024-01-05,0,2.82,1,12
CAND00233,Data Scientist,Lead,15.6,Master,100.0,84.4,72.0,8.33,5,8.29,3.33,1,6,1.88,2.34,52.3,54.3,3.7,2024-10-17,1,3.25,1,18
CAND00234,Marketing Specialist,Senior,9.6,Master,100.0,63.4,67.6,8.52,5,7.88,4.16,1,3,0.26,0.62,39.7,38.8,-2.4,2024-04-02,0,2.11,0,12
CAND00235,Marketing Specialist,Mid,4.3,Master,100.0,44.2,70.8,5.74,3,7.53,4.73,1,1,2.09,3.22,46.0,43.9,-4.5,2024-02-22,1,3.7,1,2
CAND00236,Marketing Specialist,Mid,3.2,PhD,75.2,79.7,60.1,8.31,3,7.44,4.49,1,1,2.67,1.08,40.7,43.2,6.2,2024-04-06,0,2.08,1,21
CAND00237,Operations Manager,Entry,0.7,Bachelor,88.1,75.4,69.0,7.1,3,6.46,3.41,1,1,1.99,3.47,76.2,81.3,6.6,2024-03-31,1,4.36,1,2
CAND00238,Marketing Specialist,Mid,4.7,Bachelor,96.9,45.8,79.1,7.61,5,7.43,4.02,1,1,2.59,1.69,43.4,41.3,-4.7,2024-03-17,0,2.32,0,16
CAND00239,Product Manager,Mid,3.1,PhD,72.4,91.9,71.7,8.2,4,6.17,4.9,1,1,3.79,0.83,60.5,57.9,-4.3,2024-08-09,0,1.34,1,11
CAND00240,Customer Support,Lead,19.4,Bachelor,100.0,92.7,78.9,8.55,5,5.81,4.56,1,7,3.32,0.53,44.1,49.1,11.4,2024-02-06,1,3.97,1,1
CAND00241,Operations Manager,Entry,0.2,PhD,83.0,72.7,78.9,8.08,4,6.08,3.69,1,1,1.51,1.83,78.0,81.3,4.3,2024-03-29,0,1.7,1,24
CAND00242,Customer Support,Mid,4.2,Master,51.2,33.6,66.6,7.23,4,7.49,4.11,1,1,3.24,1.24,66.6,71.1,6.7,2024-07-05,0,3.27,0,5
CAND00243,Data Scientist,Entry,0.0,Master,53.1,82.5,55.1,7.73,4,7.25,3.39,1,1,3.09,0.98,55.5,61.6,11.0,2024-03-22,0,2.1,1,13
CAND00244,Sales Representative,Entry,0.6,Bachelor,59.7,74.8,87.3,5.04,4,6.8,2.81,1,1,0.3,1.15,35.7,38.7,8.6,2024-01-21,0,1.88,0,10
CAND00245,UX Designer,Mid,5.5,Bachelor,70.6,78.9,85.4,6.47,4,6.53,4.02,1,2,4.88,0.67,43.4,44.5,2.5,2024-10-24,0,1.76,0,26
CAND00246,Operations Manager,Mid,5.7,Bachelor,100.0,95.9,71.7,7.5,4,7.69,3.5,1,2,2.88,4.49,49.7,56.5,13.8,2024-08-06,0,2.12,1,10
CAND00247,Operations Manager,Mid,4.8,Master,68.2,66.9,63.1,8.03,3,7.58,3.17,1,1,0.83,0.93,56.7,63.3,11.7,2024-05-10,0,3.51,0,9
CAND00248,Customer Support,Entry,0.3,Bachelor,87.8,79.3,66.4,8.74,4,6.7,4.02,1,1,3.12,1.07,43.6,46.0,5.4,2024-06-17,0,2.05,1,11
CAND00249,Customer Support,Mid,4.3,Bachelor,90.3,80.7,78.1,5.15,5,6.8,3.6,1,1,2.1,0.96,47.4,46.3,-2.3,2024-11-02,0,1.61,1,6
CAND00250,Sales Representative,Lead,17.5,PhD,100.0,64.5,56.5,5.39,3,7.94,4.24,1,7,6.6,0.49,64.8,65.1,0.5,2024-07-07,1,2.75,1,2
CAND00251,UX Designer,Mid,5.7,Bachelor,78.5,86.2,74.1,8.22,4,7.1,2.68,0,2,2.51,0.81,44.8,45.6,2.0,2024-01-28,0,2.76,1,19
CAND00252,Sales Representative,Entry,0.7,Bachelor,84.4,63.2,53.4,8.91,5,7.05,4.21,1,1,5.04,1.58,32.2,33.8,4.8,2024-03-09,0,1.49,0,19
CAND00253,Operations Manager,Mid,5.4,Master,100.0,42.2,80.2,5.84,4,6.53,4.02,1,2,2.27,1.48,35.2,40.4,14.9,2024-10-30,0,1.91,0,12
CAND00254,Data Scientist,Entry,1.8,Bachelor,83.2,26.6,62.6,5.2,4,7.23,4.2,1,1,3.6,0.25,55.9,54.0,-3.5,2024-07-17,0,2.43,0,18
CAND00255,UX Designer,Senior,10.2,PhD,78.1,86.9,66.5,7.89,5,6.58,4.53,1,4,0.68,1.06,41.8,45.6,8.9,2024-07-06,1,3.56,1,4
CAND00256,Customer Support,Entry,1.1,Master,91.5,40.9,58.2,6.41,5,6.32,3.89,1,1,0.9,0.03,56.4,55.0,-2.4,2024-01-15,0,2.51,1,14
CAND00257,Marketing Specialist,Entry,1.6,Bachelor,94.9,54.9,38.3,5.92,4,6.27,4.19,1,1,2.83,0.3,77.3,80.7,4.3,2024-01-29,1,3.51,1,6
CAND00258,Marketing Specialist,Entry,0.5,PhD,90.9,66.1,58.0,6.68,4,7.17,3.78,1,1,4.49,0.5,61.2,58.3,-4.8,2024-01-31,0,3.37,1,21
CAND00259,Marketing Specialist,Senior,8.9,Bachelor,100.0,86.9,61.9,3.9,4,7.57,4.46,1,3,4.81,1.24,77.9,80.3,3.0,2023-11-14,0,2.63,1,20
CAND00260,Operations Manager,Mid,3.8,Master,94.4,87.1,42.5,8.35,4,7.17,4.38,1,1,0.82,0.85,66.9,69.2,3.5,2024-06-04,0,3.56,0,7
CAND00261,Customer Support,Lead,15.1,Bachelor,100.0,73.9,55.5,5.58,3,6.38,4.11,1,6,8.12,0.73,72.1,70.8,-1.8,2024-09-07,1,3.44,1,5
CAND00262,Sales Representative,Mid,5.0,Master,77.8,79.8,48.6,4.16,4,7.07,4.42,1,1,5.44,1.13,50.5,54.5,8.1,2024-09-07,1,2.61,1,10
CAND00263,Product Manager,Mid,5.9,Bachelor,100.0,74.5,67.1,7.01,3,8.12,4.09,1,2,1.49,1.23,83.8,95.5,13.9,2024-07-20,0,1.85,0,12
CAND00264,Operations Manager,Mid,3.0,Bachelor,52.4,64.0,56.4,6.65,4,7.6,4.63,1,1,3.01,0.45,50.3,51.1,1.6,2024-01-11,1,3.52,1,2
CAND00265,Customer Support,Senior,10.7,Master,49.6,77.6,55.6,6.8,3,5.61,4.1,1,4,4.81,1.36,36.8,38.9,5.5,2024-07-31,0,1.55,0,19
CAND00266,Customer Support,Mid,5.7,Bachelor,96.6,45.7,82.5,7.64,3,6.59,3.55,1,2,1.34,0.97,53.6,57.2,6.7,2024-05-07,1,3.87,1,8
CAND00267,Product Manager,Entry,1.7,PhD,75.8,68.4,77.6,6.67,4,7.13,3.96,1,1,3.76,3.36,59.0,58.8,-0.4,2024-10-31,0,1.91,0,12
CAND00268,Product Manager,Senior,8.4,Bachelor,62.7,56.2,97.3,5.31,4,8.36,3.15,1,3,2.73,1.08,55.1,53.2,-3.4,2024-10-15,1,4.32,0,4
CAND00269,Software Engineer,Mid,5.3,Master,86.5,89.3,61.5,4.4,5,7.94,4.4,1,2,0.96,0.56,63.0,63.8,1.4,2024-06-11,0,1.83,0,5
CAND00270,Product Manager,Senior,11.0,Master,100.0,63.4,39.9,5.96,5,6.83,3.54,1,4,0.57,1.68,64.8,69.9,7.9,2024-03-01,1,3.32,1,7
CAND00271,Data Scientist,Mid,5.9,Bachelor,82.7,67.9,66.4,6.92,3,7.26,4.68,1,2,2.98,0.67,72.2,82.9,14.8,2024-01-19,0,2.06,0,22
CAND00272,Customer Support,Senior,10.3,Master,100.0,80.1,81.1,9.05,4,6.16,4.7,1,4,3.85,0.59,52.7,55.7,5.7,2024-03-07,1,3.13,1,5
CAND00273,Operations Manager,Mid,5.2,Master,66.7,74.9,68.6,6.17,4,7.94,3.99,1,2,3.67,0.18,44.0,42.0,-4.5,2024-08-05,1,3.58,1,4
CAND00274,Software Engineer,Entry,0.8,Bachelor,58.1,96.4,80.7,4.75,4,6.69,4.85,1,1,7.79,1.32,54.1,51.4,-4.9,2024-03-08,0,2.25,1,9
CAND00275,Data Scientist,Mid,3.5,PhD,98.5,47.6,81.8,7.91,3,6.53,4.49,0,1,1.48,2.2,47.7,54.6,14.3,2024-04-16,0,2.39,0,14
CAND00276,Operations Manager,Senior,8.2,Master,65.7,57.0,65.5,5.67,3,6.79,4.07,0,3,1.77,1.34,95.4,108.5,13.7,2024-01-17,0,2.31,1,14
CAND00277,Software Engineer,Mid,5.9,Bachelor,73.5,74.9,58.6,7.25,3,7.43,3.97,1,2,6.61,1.36,31.3,32.7,4.6,2024-08-23,1,3.61,1,14
CAND00278,Customer Support,Entry,0.8,Bachelor,83.2,71.1,29.2,7.61,3,8.22,4.44,1,1,6.62,0.7,41.4,47.3,14.2,2024-07-03,0,1.92,0,19
CAND00279,Data Scientist,Senior,11.6,Associate,97.3,69.1,88.3,9.4,5,8.6,3.19,1,4,1.38,3.57,28.7,27.4,-4.3,2024-04-08,0,1.57,0,11
CAND00280,Sales Representative,Mid,4.5,Bachelor,46.6,88.0,37.9,4.2,5,7.37,4.64,1,1,0.63,2.23,46.4,53.1,14.4,2024-04-27,1,3.48,1,4
CAND00281,Operations Manager,Mid,3.4,Master,82.7,78.4,71.8,8.6,4,6.69,3.36,1,1,1.39,0.95,56.8,58.0,2.1,2024-06-08,0,1.67,1,5
CAND00282,UX Designer,Mid,4.8,Bachelor,98.4,51.1,44.3,5.13,4,7.17,4.19,1,1,5.24,0.67,43.2,45.0,4.2,2024-01-21,1,2.73,1,4
CAND00283,Software Engineer,Entry,0.9,Master,63.1,73.7,72.8,9.11,5,6.56,4.67,1,1,1.21,1.04,49.3,47.3,-4.1,2024-09-18,0,1.56,1,5
CAND00284,Sales Representative,Mid,5.0,Bachelor,49.8,46.6,51.9,5.46,5,6.96,3.77,1,1,2.72,3.6,66.6,69.4,4.3,2024-07-22,0,1.96,0,6
CAND00285,Customer Support,Mid,4.3,Bachelor,81.3,81.6,77.1,5.93,5,6.88,3.56,1,1,3.22,2.37,68.9,72.0,4.4,2024-09-27,1,3.78,1,8
CAND00286,Product Manager,Senior,10.7,Bachelor,79.1,89.6,66.3,6.7,3,6.31,4.2,1,4,3.2,0.92,65.4,67.7,3.5,2024-08-11,0,1.62,0,26
CAND00287,Data Scientist,Mid,4.9,PhD,84.2,93.7,95.2,7.19,3,8.17,4.25,0,1,0.79,0.92,53.8,58.9,9.5,2024-11-06,0,2.98,0,24
CAND00288,UX Designer,Mid,5.2,Bachelor,81.6,72.0,55.1,6.61,4,7.53,3.86,1,2,1.44,0.55,44.5,45.2,1.6,2023-11-21,0,1.97,0,25
CAND00289,Operations Manager,Entry,1.1,Master,50.3,67.2,58.3,5.57,4,7.35,4.69,1,1,5.19,0.21,82.0,82.6,0.8,2024-10-22,0,2.46,0,11
CAND00290,Sales Representative,Senior,7.5,Bachelor,100.0,72.7,59.4,5.08,4,6.75,4.03,1,2,3.47,0.73,60.7,65.6,8.1,2023-11-12,0,1.53,0,6
CAND00291,Customer Support,Senior,7.3,Associate,89.3,79.7,44.4,8.62,5,7.28,2.89,1,2,2.2,1.68,86.6,98.7,13.9,2024-03-20,1,3.82,1,5
CAND00292,Data Scientist,Senior,9.6,Bachelor,100.0,95.8,53.1,5.9,5,8.05,3.22,1,3,4.56,3.32,53.4,61.2,14.5,2024-07-11,1,4.13,1,4
CAND00293,Customer Support,Mid,3.2,PhD,83.4,55.0,78.0,7.57,5,6.67,3.58,1,1,1.26,2.98,70.2,68.0,-3.2,2024-01-11,1,1.96,1,3
CAND00294,Sales Representative,Entry,0.7,Bachelor,68.1,84.1,85.1,5.27,4,6.26,4.2,1,1,1.98,0.58,74.9,78.7,5.1,2024-09-10,1,3.61,1,4
CAND00295,Sales Representative,Entry,0.6,Master,83.9,55.9,81.8,6.65,5,7.23,4.71,1,1,3.17,1.02,68.4,69.0,0.9,2024-08-23,1,3.87,1,6
CAND00296,Customer Support,Senior,9.5,Bachelor,75.3,76.0,55.1,5.83,3,7.64,3.9,1,3,6.54,0.69,66.5,70.5,6.0,2024-10-02,1,3.61,1,4
CAND00297,Software Engineer,Mid,5.5,Bachelor,80.1,85.2,48.4,6.84,3,7.2,4.14,1,2,1.34,0.89,45.3,49.1,8.2,2024-06-03,1,4.38,1,1
CAND00298,Customer Support,Senior,10.0,Master,100.0,77.0,66.7,4.8,4,6.64,4.44,1,3,1.27,0.96,53.9,56.0,3.9,2024-09-05,0,2.16,1,16
CAND00299,Operations Manager,Mid,5.7,Bachelor,89.9,79.1,68.3,5.4,5,7.01,4.42,1,2,5.1,0.39,56.9,59.6,4.8,2024-06-05,0,1.86,0,5
CAND00300,UX Designer,Mid,6.0,Master,100.0,71.4,52.9,7.79,4,7.08,4.8,1,2,4.58,2.58,52.0,56.1,8.0,2024-02-25,1,3.05,1,1
CAND00301,Operations Manager,Mid,5.1,Bachelor,73.4,68.1,70.8,7.58,4,7.37,3.11,1,2,1.03,1.06,71.7,77.8,8.5,2024-09-27,1,3.14,1,4
CAND00302,Software Engineer,Mid,5.1,Master,100.0,70.0,76.2,6.31,4,7.95,3.69,1,2,2.87,3.5,58.7,66.6,13.5,2024-05-26,0,2.38,0,16
CAND00303,Customer Support,Mid,4.8,Bachelor,83.8,94.6,39.7,6.98,3,7.81,3.1,1,1,3.85,4.06,70.1,79.6,13.5,2024-09-22,0,1.63,1,8
CAND00304,Sales Representative,Entry,1.3,Bachelor,63.0,72.0,69.3,6.55,5,5.66,2.9,1,1,1.83,1.91,56.1,60.5,7.9,2024-01-18,1,2.28,1,3
CAND00305,Software Engineer,Mid,3.5,Master,82.2,27.0,42.3,5.72,5,7.25,4.17,1,1,3.44,0.37,71.3,78.3,9.8,2024-06-23,0,1.35,0,18
CAND00306,Software Engineer,Mid,4.7,Bachelor,87.1,82.4,65.8,5.76,3,6.89,3.7,1,1,2.18,0.67,67.4,65.3,-3.2,2024-03-12,1,3.53,1,3
CAND00307,Operations Manager,Mid,4.0,Master,72.0,63.5,67.8,9.56,4,6.17,4.33,1,1,0.35,0.08,61.2,61.6,0.7,2024-08-07,0,2.19,1,8
CAND00308,UX Designer,Mid,5.0,PhD,89.8,48.1,55.0,7.03,5,6.37,4.64,1,2,1.82,0.57,72.5,70.7,-2.5,2024-03-01,0,2.7,0,10
CAND00309,Data Scientist,Entry,1.8,PhD,97.6,89.9,48.6,7.18,4,7.94,1.87,1,1,2.75,2.13,36.5,40.2,10.1,2024-05-13,1,4.01,1,3
CAND00310,UX Designer,Entry,0.3,Bachelor,85.8,78.1,70.3,6.76,4,6.34,3.12,1,1,1.64,1.7,53.5,57.2,7.0,2024-05-27,1,4.41,1,7
CAND00311,Data Scientist,Mid,3.9,Master,97.1,78.1,97.5,7.25,3,6.51,4.41,1,1,8.22,3.65,85.8,84.5,-1.6,2024-05-23,1,3.32,1,3
CAND00312,UX Designer,Senior,8.3,Master,43.4,71.5,85.8,4.44,5,6.36,3.08,1,3,2.49,0.59,89.9,95.0,5.7,2024-02-28,0,1.87,1,14
CAND00313,Customer Support,Lead,15.9,Bachelor,100.0,95.0,74.6,3.26,5,7.06,4.55,1,6,2.29,1.28,52.5,53.2,1.3,2024-04-16,0,1.76,1,14
CAND00314,Software Engineer,Mid,3.8,Bachelor,73.6,74.0,35.3,8.09,4,7.36,4.86,1,1,1.73,0.67,57.8,63.4,9.6,2024-09-23,0,1.36,1,26
CAND00315,Marketing Specialist,Mid,3.3,Bachelor,54.5,66.7,58.0,5.14,4,7.84,3.49,1,1,4.57,1.92,61.0,68.0,11.5,2024-05-26,0,1.19,1,18
CAND00316,Data Scientist,Mid,3.4,Associate,79.9,70.5,54.6,7.79,4,7.05,4.35,1,1,3.87,1.17,54.3,59.5,9.6,2024-02-18,0,1.41,1,10
CAND00317,Software Engineer,Entry,0.6,Bachelor,69.1,73.7,46.7,7.26,5,6.52,2.91,1,1,2.24,2.18,97.1,95.3,-1.9,2024-02-04,0,2.39,1,11
CAND00318,Operations Manager,Mid,3.7,Master,100.0,46.8,45.8,4.62,4,7.71,3.77,1,1,1.02,0.41,66.0,66.5,0.7,2024-10-11,1,4.23,1,4
CAND00319,Sales Representative,Senior,8.6,Master,100.0,81.3,42.4,4.32,5,7.66,4.02,1,3,1.06,1.33,55.2,54.1,-2.1,2024-05-06,0,2.96,1,9
CAND00320,Operations Manager,Mid,5.3,Bachelor,61.5,96.4,50.9,7.64,5,6.3,4.09,1,2,1.1,2.82,51.6,57.1,10.7,2024-03-26,0,1.5,1,19
CAND00321,Software Engineer,Senior,8.3,Bachelor,84.6,64.4,75.5,8.83,3,5.53,3.76,1,3,4.46,1.03,64.5,69.1,7.2,2024-06-24,1,3.78,1,7
CAND00322,Product Manager,Entry,0.9,Bachelor,98.6,93.3,61.4,7.24,4,6.26,4.39,1,1,5.86,0.36,69.9,79.3,13.4,2024-03-28,1,4.12,1,4
CAND00323,Operations Manager,Mid,4.0,PhD,52.8,77.1,56.0,7.97,3,8.46,3.13,1,1,1.49,0.62,71.6,70.1,-2.1,2024-10-24,0,2.01,0,14
CAND00324,Sales Representative,Mid,4.6,Bachelor,71.3,69.0,58.9,7.84,5,6.69,3.71,1,1,6.11,1.81,40.7,43.6,7.1,2024-08-18,0,2.31,1,13
CAND00325,Customer Support,Senior,7.6,Associate,63.7,91.2,58.4,7.21,5,6.25,4.75,1,3,2.79,1.91,99.0,98.5,-0.5,2024-10-31,1,4.4,1,5
CAND00326,UX Designer,Senior,9.5,Master,100.0,61.6,64.4,5.32,3,6.18,4.16,1,3,3.52,1.19,61.9,63.0,1.7,2024-07-15,1,3.17,1,11
CAND00327,Data Scientist,Mid,5.4,Bachelor,61.6,49.8,88.4,9.28,4,7.93,4.27,1,2,1.99,3.34,32.6,34.3,5.3,2024-09-08,1,3.36,1,4
CAND00328,Product Manager,Entry,0.1,PhD,74.9,89.2,56.0,6.23,4,7.97,4.68,1,1,5.95,0.54,64.9,69.7,7.3,2024-06-11,0,1.62,0,22
CAND00329,Customer Support,Entry,1.7,Bachelor,63.3,89.2,90.3,3.99,4,8.29,4.25,1,1,0.81,0.37,48.1,47.8,-0.5,2024-03-05,1,3.48,1,10
CAND00330,Operations Manager,Entry,0.9,Bachelor,88.3,62.5,73.1,7.1,3,7.09,4.45,1,1,3.92,2.75,116.0,126.9,9.4,2024-03-19,0,1.36,0,11
CAND00331,Product Manager,Entry,1.3,Master,78.1,41.0,57.2,8.04,4,6.46,4.62,1,1,4.49,0.51,43.1,42.2,-2.2,2024-08-02,1,2.79,1,7
CAND00332,Product Manager,Senior,7.2,Bachelor,93.0,91.2,72.5,8.27,3,7.84,3.32,1,2,1.23,0.75,44.7,47.7,6.6,2024-06-19,0,1.43,1,6
CAND00333,UX Designer,Mid,4.7,Master,68.5,95.1,42.3,8.61,4,7.75,4.62,1,1,1.56,4.89,51.7,53.4,3.4,2024-02-22,1,4.38,0,5
CAND00334,Customer Support,Mid,3.2,Bachelor,91.3,31.5,66.7,5.26,3,6.68,4.74,1,1,2.89,0.28,47.4,48.1,1.5,2024-06-16,0,2.46,0,13
CAND00335,Customer Support,Mid,3.1,Master,90.5,78.4,59.1,5.57,5,6.62,4.58,1,1,4.2,0.47,55.4,57.5,3.8,2024-01-16,0,1.64,1,8
CAND00336,Operations Manager,Senior,9.0,Bachelor,95.5,95.8,69.0,3.87,3,7.53,4.81,1,3,3.43,2.63,64.5,70.8,9.9,2024-03-24,1,4.22,1,2
CAND00337,Operations Manager,Entry,0.8,Bachelor,75.3,62.7,60.8,7.38,4,7.02,4.87,1,1,2.79,2.47,61.9,67.3,8.6,2024-05-21,0,1.92,1,4
CAND00338,UX Designer,Entry,0.9,Bachelor,70.2,73.9,49.1,8.05,4,6.25,4.44,1,1,2.15,1.85,76.7,78.4,2.2,2024-05-27,1,4.06,1,6
CAND00339,Sales Representative,Entry,1.1,Bachelor,67.6,71.0,50.2,6.19,5,7.48,4.49,1,1,0.89,0.6,35.9,39.2,9.4,2024-07-08,0,1.94,1,22
CAND00340,UX Designer,Lead,18.2,Master,100.0,89.9,72.4,4.99,3,6.62,4.19,1,7,4.43,2.3,69.4,73.7,6.2,2024-04-11,1,3.23,0,4
CAND00341,Software Engineer,Mid,3.5,Bachelor,72.6,63.3,33.2,4.84,4,7.58,3.52,1,1,3.63,1.51,46.8,44.9,-4.1,2024-03-10,1,3.37,1,2
CAND00342,UX Designer,Senior,9.6,PhD,85.7,100.0,77.5,6.08,4,7.0,3.87,1,3,5.08,0.36,78.4,79.0,0.7,2023-12-04,0,1.86,1,19
CAND00343,Product Manager,Senior,8.8,Master,90.9,74.2,74.6,7.46,4,6.04,4.73,1,3,1.65,0.2,59.5,58.9,-1.1,2024-10-20,0,2.37,1,16
CAND00344,Product Manager,Senior,9.0,Bachelor,93.7,95.4,43.3,5.93,5,6.77,4.49,1,3,5.47,4.58,63.8,64.7,1.4,2024-01-10,0,1.74,1,6
CAND00345,Marketing Specialist,Mid,3.9,Master,62.6,61.8,85.2,4.79,3,6.76,4.59,1,1,5.59,1.06,39.4,44.2,12.3,2024-03-27,0,2.56,0,9
CAND00346,Data Scientist,Mid,5.0,Bachelor,91.4,85.3,84.0,5.7,5,7.06,4.27,1,1,4.37,1.47,62.9,72.2,14.7,2024-03-19,1,3.3,0,11
CAND00347,Software Engineer,Mid,3.7,Master,80.2,75.4,85.4,8.68,5,5.82,4.12,1,1,7.51,0.99,87.8,96.5,9.9,2024-08-26,0,1.04,0,8
CAND00348,UX Designer,Entry,1.2,Master,53.7,72.3,84.6,8.52,5,6.92,4.49,1,1,3.99,0.35,136.2,150.9,10.8,2024-08-20,0,2.65,0,8
CAND00349,Data Scientist,Senior,7.6,Master,100.0,79.5,54.2,5.79,4,7.4,4.8,1,3,1.07,3.18,75.4,86.6,14.9,2024-06-25,1,3.92,1,12
CAND00350,Marketing Specialist,Entry,1.9,Bachelor,65.6,47.4,36.3,4.52,5,7.27,4.85,1,1,3.39,0.74,75.3,81.1,7.6,2023-11-19,0,2.22,1,5
CAND00351,UX Designer,Senior,7.7,Master,68.3,57.0,70.5,6.81,5,6.72,3.92,1,3,2.36,0.96,79.5,83.5,5.0,2024-09-27,0,1.82,1,19
CAND00352,Marketing Specialist,Mid,4.0,Master,46.6,73.1,88.3,5.57,5,6.35,4.06,1,1,6.32,1.71,51.0,49.4,-3.1,2024-02-08,0,1.72,0,15
CAND00353,UX Designer,Entry,1.8,PhD,96.8,55.8,98.4,6.91,4,7.55,3.76,0,1,8.44,0.68,62.8,67.4,7.2,2023-12-23,0,3.6,1,14
CAND00354,Operations Manager,Mid,6.0,Bachelor,73.1,73.6,45.8,6.46,5,6.92,4.69,0,2,5.58,3.04,38.5,42.3,10.0,2024-10-20,0,2.32,1,8
CAND00355,Data Scientist,Senior,8.8,Master,97.0,83.2,84.3,7.69,3,6.57,4.3,1,3,3.0,2.74,55.3,63.0,13.8,2023-12-20,1,2.62,1,4
CAND00356,Customer Support,Entry,1.3,Bachelor,87.3,47.7,56.6,4.19,3,5.32,3.99,1,1,1.55,1.26,72.6,83.5,14.9,2024-09-22,1,3.16,0,2
CAND00357,UX Designer,Mid,5.3,Bachelor,79.4,79.9,27.1,7.03,3,7.6,2.81,1,2,0.05,0.71,41.0,47.0,14.7,2023-12-19,0,1.89,1,9
CAND00358,Data Scientist,Lead,18.5,Bachelor,66.1,100.0,75.2,5.49,4,6.88,4.03,1,7,1.35,0.61,43.6,46.5,6.8,2024-08-14,1,4.48,1,9
CAND00359,Customer Support,Mid,3.5,Bachelor,95.3,61.8,33.8,8.11,3,7.07,3.02,1,1,1.83,2.18,78.6,78.8,0.3,2024-10-15,1,3.37,1,6
CAND00360,Marketing Specialist,Mid,4.0,Master,67.1,52.0,34.6,4.81,3,7.31,3.95,1,1,1.66,3.06,62.8,62.0,-1.2,2024-06-10,0,1.93,1,11
CAND00361,Marketing Specialist,Mid,5.1,Bachelor,100.0,88.6,71.0,3.89,4,6.65,3.68,1,2,1.76,1.58,44.6,45.0,0.9,2024-04-01,1,3.2,0,7
CAND00362,Product Manager,Senior,10.9,Bachelor,70.8,67.8,58.3,8.4,3,6.15,4.84,1,4,4.18,0.4,69.5,71.4,2.7,2024-02-10,1,4.54,1,4
CAND00363,UX Designer,Entry,1.9,Master,54.8,72.1,86.2,5.05,5,7.33,3.4,1,1,1.91,3.2,47.5,47.2,-0.6,2023-11-24,0,2.16,1,9
CAND00364,Product Manager,Mid,3.2,Master,81.8,61.2,61.9,4.14,3,8.79,4.26,1,1,0.87,0.51,93.3,97.9,5.0,2024-08-10,0,2.47,0,25
CAND00365,Data Scientist,Mid,3.3,Bachelor,91.8,73.6,73.6,8.57,5,7.62,4.15,1,1,1.66,2.02,58.9,65.9,11.8,2024-04-26,1,3.36,0,6
CAND00366,Sales Representative,Mid,5.9,Master,75.2,38.1,65.8,5.85,4,6.82,3.54,1,2,3.25,0.69,67.6,69.6,3.0,2024-01-14,0,1.38,0,10
CAND00367,Product Manager,Mid,5.2,Bachelor,68.6,95.1,90.5,3.63,3,7.98,3.1,1,2,3.65,1.25,56.7,57.5,1.5,2024-03-16,0,1.64,1,16
CAND00368,Customer Support,Entry,0.9,Bachelor,67.3,59.2,80.4,6.32,4,6.67,4.38,1,1,2.02,0.62,99.3,103.8,4.5,2024-06-30,0,2.2,0,13
CAND00369,Software Engineer,Mid,3.9,Master,71.3,80.7,71.3,7.17,4,6.32,4.21,0,1,3.1,3.02,59.1,67.9,14.9,2024-06-13,1,3.12,1,3
CAND00370,Product Manager,Mid,5.8,PhD,87.0,63.5,68.4,5.18,3,7.18,3.7,1,2,3.47,0.67,55.4,61.5,11.1,2024-03-26,1,2.92,1,5
CAND00371,Marketing Specialist,Entry,0.7,Bachelor,73.6,64.2,81.2,8.73,5,7.12,3.9,1,1,0.28,0.61,71.8,74.3,3.6,2024-06-07,0,2.93,1,20
CAND00372,UX Designer,Entry,1.9,Master,89.1,73.2,56.3,2.7,5,6.74,3.96,1,1,5.11,1.16,65.8,66.0,0.3,2024-07-02,0,2.16,0,16
CAND00373,Operations Manager,Entry,2.0,Master,100.0,94.5,77.8,6.76,4,7.54,3.93,1,1,5.96,4.65,45.2,47.1,4.2,2024-07-29,1,4.51,1,6
CAND00374,UX Designer,Entry,0.9,Associate,72.8,74.8,41.3,8.26,4,6.54,4.27,1,1,2.7,1.06,66.7,69.9,4.8,2024-09-14,0,2.24,1,13
CAND00375,Sales Representative,Lead,14.0,Associate,100.0,44.7,80.7,6.43,4,7.56,4.75,1,5,0.94,1.39,72.1,81.5,13.0,2024-01-20,1,3.77,1,4
CAND00376,Marketing Specialist,Lead,14.6,Bachelor,100.0,81.4,88.9,8.83,5,6.31,2.98,1,5,0.98,0.68,94.4,107.5,13.9,2024-06-09,1,4.51,1,6
CAND00377,Customer Support,Senior,10.9,Master,99.4,84.2,54.4,7.81,3,6.61,4.7,1,4,1.78,2.5,51.4,56.3,9.5,2023-12-06,0,2.02,1,26
CAND00378,UX Designer,Entry,1.8,Bachelor,90.3,88.8,92.3,7.08,4,6.95,4.29,1,1,2.05,0.83,57.4,59.2,3.2,2024-11-03,1,4.28,1,11
CAND00379,Software Engineer,Senior,11.4,Master,97.3,47.6,62.6,7.38,5,7.86,4.1,1,4,4.46,0.95,102.4,117.4,14.6,2024-02-27,1,3.26,1,3
CAND00380,Customer Support,Senior,8.1,Bachelor,66.8,88.1,72.5,6.79,3,5.54,2.62,1,3,1.37,1.26,45.6,43.9,-3.8,2024-01-02,0,2.06,0,11
CAND00381,Marketing Specialist,Mid,5.9,Bachelor,69.8,53.6,55.4,7.72,3,7.88,4.66,1,2,6.2,0.6,74.9,75.6,1.0,2023-12-18,0,2.28,0,20
CAND00382,Sales Representative,Entry,1.3,Bachelor,79.2,54.2,73.4,5.57,5,7.44,4.71,1,1,2.62,2.69,44.1,50.6,14.9,2024-07-02,1,3.76,1,3
CAND00383,Product Manager,Mid,5.0,Master,83.9,93.0,64.0,5.16,5,7.74,2.66,1,1,9.87,1.8,59.6,66.4,11.4,2024-09-19,1,4.04,1,2
CAND00384,Software Engineer,Senior,9.3,Associate,69.4,86.5,44.5,6.34,4,6.5,4.26,1,3,2.64,0.56,55.7,56.1,0.8,2024-03-27,1,4.61,1,0
CAND00385,Software Engineer,Mid,5.4,PhD,95.2,58.1,78.1,6.01,5,5.75,3.76,0,2,3.07,1.43,64.7,61.7,-4.7,2024-05-05,0,1.95,0,15
CAND00386,Product Manager,Lead,19.6,Master,100.0,82.0,69.2,6.22,3,8.27,3.66,1,7,1.15,2.05,60.2,58.3,-3.1,2024-06-09,0,1.71,1,17
CAND00387,Marketing Specialist,Entry,0.2,Bachelor,81.4,58.0,49.1,9.54,5,6.16,4.47,1,1,1.86,3.18,78.8,85.3,8.4,2024-04-09,0,2.87,1,21
CAND00388,Product Manager,Mid,5.9,Master,100.0,50.3,60.7,8.4,3,5.66,3.77,0,2,1.93,0.36,78.8,85.9,9.0,2024-09-01,0,2.15,1,13
CAND00389,Marketing Specialist,Mid,4.9,PhD,80.5,67.9,70.5,5.08,5,6.93,4.49,1,1,2.11,2.0,53.5,56.0,4.6,2024-02-25,0,2.07,1,10
CAND00390,Customer Support,Senior,11.4,Bachelor,99.7,75.4,71.9,8.51,3,5.86,3.48,1,4,1.71,2.02,82.5,92.5,12.0,2024-06-29,1,2.61,1,10
CAND00391,Operations Manager,Entry,1.6,Associate,75.6,67.1,76.7,5.66,4,6.42,4.6,1,1,4.82,2.35,92.5,99.7,7.8,2024-05-18,1,3.6,1,3
CAND00392,Data Scientist,Entry,1.8,Bachelor,73.7,60.7,71.2,6.61,4,7.27,4.47,1,1,4.25,1.26,85.5,85.6,0.2,2024-09-30,1,2.26,0,1
CAND00393,Product Manager,Mid,4.1,Bachelor,72.6,60.8,58.3,7.12,3,6.49,4.87,1,1,3.9,5.01,54.1,57.6,6.6,2023-11-27,0,2.67,0,13
CAND00394,UX Designer,Mid,3.0,Master,79.0,70.7,72.6,5.26,5,7.19,3.97,1,1,2.57,0.15,92.4,94.9,2.7,2024-05-04,1,3.51,1,7
CAND00395,Data Scientist,Lead,13.3,PhD,100.0,56.7,80.3,9.08,4,7.01,4.34,1,5,4.45,1.13,51.8,55.8,7.7,2024-10-31,0,1.94,0,7
CAND00396,Customer Support,Mid,3.2,Bachelor,83.7,87.9,85.6,8.96,5,5.38,4.46,1,1,0.58,0.68,47.5,52.8,11.2,2024-09-05,0,1.33,0,26
CAND00397,Operations Manager,Mid,4.6,Master,67.3,90.4,62.8,7.21,4,6.98,4.12,1,1,8.32,2.05,70.5,79.4,12.5,2023-11-29,1,3.42,1,14
CAND00398,Customer Support,Senior,9.7,PhD,100.0,89.7,74.2,5.5,5,6.05,3.21,1,3,1.58,0.32,65.8,68.8,4.5,2024-04-26,0,1.57,0,15
CAND00399,Marketing Specialist,Entry,1.0,PhD,69.6,58.7,78.9,7.42,3,5.88,4.09,1,1,5.11,1.92,29.9,31.8,6.6,2023-11-28,0,2.29,0,10
CAND00400,Sales Representative,Mid,4.4,Associate,68.6,82.6,34.3,6.32,4,7.04,3.36,1,1,3.77,0.37,64.0,62.2,-2.9,2024-10-26,0,1.47,1,8
CAND00401,Marketing Specialist,Entry,0.8,Bachelor,52.7,80.7,57.6,5.31,5,6.32,3.32,1,1,3.24,1.54,34.4,35.6,3.4,2024-07-17,0,3.25,1,17
CAND00402,Data Scientist,Mid,5.0,Bachelor,79.8,66.7,77.7,6.02,5,7.06,4.52,1,1,2.36,2.18,81.2,81.3,0.1,2024-03-15,1,3.28,1,4
CAND00403,Customer Support,Senior,10.9,Bachelor,100.0,63.9,47.6,6.05,5,7.31,3.52,1,4,5.79,0.86,49.9,48.0,-3.8,2024-04-12,0,1.32,1,28
CAND00404,Data Scientist,Mid,4.5,Master,75.7,89.4,83.0,7.35,3,8.07,4.56,0,1,3.88,1.07,56.1,54.4,-3.0,2024-10-15,0,2.34,0,12
CAND00405,Software Engineer,Mid,4.6,PhD,71.0,66.0,73.9,8.91,4,7.06,2.6,1,1,2.11,0.93,77.1,75.8,-1.7,2024-02-29,0,1.4,0,19
CAND00406,Data Scientist,Entry,0.3,Bachelor,53.5,90.4,79.5,7.03,3,8.1,3.56,1,1,6.42,1.9,60.9,64.4,5.8,2024-07-10,0,2.35,1,12
CAND00407,Product Manager,Senior,8.0,Bachelor,92.6,75.1,61.5,9.24,4,6.17,4.89,1,3,5.7,0.26,38.7,38.4,-0.6,2024-03-20,1,2.96,1,2
CAND00408,Marketing Specialist,Entry,1.9,Bachelor,64.8,74.7,37.5,6.55,5,7.42,3.56,1,1,8.73,0.96,46.5,48.3,4.0,2023-11-17,0,2.82,1,26
CAND00409,UX Designer,Entry,1.9,Bachelor,42.1,36.0,40.1,8.04,5,6.63,4.4,1,1,1.84,3.67,62.1,63.8,2.7,2024-08-20,0,1.53,1,12
CAND00410,UX Designer,Mid,3.5,Bachelor,62.9,81.8,95.7,6.14,5,7.3,4.42,1,1,0.38,0.52,59.5,67.8,14.0,2024-09-18,0,1.53,0,19
CAND00411,Operations Manager,Senior,9.2,Bachelor,100.0,98.4,40.4,6.65,5,6.71,3.88,1,3,4.61,2.99,55.3,56.1,1.6,2024-04-13,1,3.94,1,12
CAND00412,Customer Support,Entry,1.0,Bachelor,100.0,89.4,87.5,7.14,3,6.63,3.44,1,1,4.1,1.26,76.0,77.6,2.1,2023-11-20,0,3.3,0,26
CAND00413,Marketing Specialist,Entry,0.2,Bachelor,52.3,67.3,62.9,4.68,3,6.2,4.47,1,1,1.39,0.77,49.5,54.6,10.2,2024-03-25,1,4.79,0,4
CAND00414,Operations Manager,Mid,4.1,Bachelor,81.2,64.4,57.9,6.73,3,7.15,4.4,1,1,1.31,4.62,69.1,71.8,3.9,2024-05-06,0,1.82,0,10
CAND00415,Data Scientist,Mid,3.9,Bachelor,77.8,67.9,75.8,7.79,5,7.68,4.09,1,1,1.38,0.68,69.0,72.1,4.5,2024-05-03,0,2.3,0,17
CAND00416,Marketing Specialist,Mid,5.1,Master,73.4,56.5,67.8,5.43,3,7.65,4.18,1,2,0.1,1.88,86.9,86.7,-0.3,2024-04-18,0,1.61,1,9
CAND00417,Customer Support,Senior,11.7,Bachelor,100.0,92.9,43.9,6.36,3,5.93,4.67,1,4,0.46,3.48,49.1,49.9,1.8,2024-09-06,1,3.84,1,11
CAND00418,Operations Manager,Mid,4.7,Bachelor,85.6,48.5,71.8,9.23,3,6.59,3.99,1,1,1.63,1.59,40.2,46.0,14.5,2023-12-04,0,1.42,1,12
CAND00419,Sales Representative,Mid,3.7,Master,68.7,57.2,89.7,6.26,5,6.26,3.77,1,1,2.59,1.13,62.2,70.4,13.1,2023-12-16,1,3.6,1,2
CAND00420,Software Engineer,Senior,8.1,Bachelor,81.8,67.7,63.2,6.1,3,7.84,2.93,1,3,3.3,1.02,69.9,76.7,9.7,2024-05-21,1,2.85,0,2
CAND00421,Sales Representative,Senior,8.0,Master,100.0,83.5,67.7,7.33,3,7.92,4.54,1,3,1.31,0.87,62.0,66.4,7.1,2024-01-23,0,2.75,0,12
CAND00422,Sales Representative,Senior,10.4,Bachelor,100.0,78.2,42.6,6.61,3,7.34,4.5,1,4,1.84,1.2,52.4,54.5,3.9,2024-01-29,0,3.73,1,13
CAND00423,Sales Representative,Mid,5.0,PhD,98.4,58.9,95.4,6.84,5,7.07,4.47,1,1,1.76,0.47,83.8,90.5,8.0,2024-07-20,1,3.06,1,7
CAND00424,Sales Representative,Entry,1.1,Bachelor,99.5,78.9,73.7,7.81,4,7.5,3.31,0,1,6.8,0.34,53.7,59.4,10.6,2024-08-24,0,1.73,1,29
CAND00425,Software Engineer,Mid,5.3,Master,56.8,71.6,79.7,5.87,4,7.81,4.51,1,2,5.6,0.88,33.7,34.2,1.8,2024-08-25,0,1.81,0,22
CAND00426,Product Manager,Mid,3.3,Master,78.8,93.7,73.5,7.26,5,6.09,3.76,1,1,1.57,0.44,94.5,103.1,9.1,2024-07-02,0,1.91,1,14
CAND00427,Product Manager,Senior,10.2,Bachelor,81.1,96.1,82.5,7.14,3,5.18,4.09,1,4,5.18,3.51,40.7,42.3,3.9,2023-12-05,0,1.48,0,6
CAND00428,Software Engineer,Entry,0.8,Master,65.3,68.9,90.6,4.12,3,7.4,4.4,1,1,2.62,0.19,50.4,57.4,13.9,2024-10-31,0,2.19,0,5
CAND00429,Marketing Specialist,Mid,3.2,Bachelor,66.7,60.5,68.0,7.33,3,7.16,4.17,1,1,3.52,0.5,60.8,64.3,5.8,2024-01-11,0,1.58,1,20
CAND00430,Marketing Specialist,Mid,5.4,Master,95.6,86.6,22.1,5.04,3,6.16,3.79,1,2,0.35,3.0,98.0,94.3,-3.8,2024-08-10,0,1.87,1,26
CAND00431,Customer Support,Entry,0.9,Master,74.6,46.6,73.3,5.9,3,7.09,3.87,1,1,1.63,3.12,67.1,66.6,-0.7,2024-09-04,0,1.52,1,11
CAND00432,UX Designer,Entry,1.2,PhD,88.3,40.5,69.2,6.96,5,6.79,4.58,1,1,0.71,1.51,90.0,88.8,-1.2,2024-09-10,1,2.73,1,7
CAND00433,Data Scientist,Entry,0.1,Master,61.8,87.4,80.5,5.32,4,7.02,4.36,1,1,3.42,0.38,62.9,66.8,6.2,2024-03-23,1,2.12,1,5
CAND00434,Marketing Specialist,Mid,5.9,Bachelor,50.8,84.1,72.9,6.08,5,6.86,3.2,1,2,5.23,0.52,64.2,65.7,2.3,2024-01-09,0,1.38,0,22
CAND00435,Data Scientist,Mid,4.7,Master,57.8,94.1,61.4,4.21,4,8.35,4.38,1,1,2.74,1.08,68.6,75.1,9.4,2024-02-24,0,3.62,0,7
CAND00436,Sales Representative,Mid,3.7,Master,89.8,90.7,89.0,5.51,5,7.76,3.94,1,1,4.34,0.5,99.4,105.7,6.4,2024-10-16,0,1.63,1,10
CAND00437,Customer Support,Entry,1.3,Master,53.4,54.6,56.7,3.21,4,6.62,4.83,1,1,3.94,2.04,37.5,37.2,-0.8,2023-12-14,0,1.39,1,15
CAND00438,Software Engineer,Mid,4.3,Bachelor,96.4,71.1,55.4,6.41,3,6.51,4.65,1,1,1.48,0.61,71.7,75.9,5.9,2024-03-07,1,3.95,1,6
CAND00439,UX Designer,Mid,3.3,Bachelor,47.5,57.3,58.2,6.08,4,6.62,3.41,1,1,3.46,0.79,46.4,47.1,1.4,2023-11-22,1,3.07,1,6
CAND00440,Data Scientist,Entry,0.1,Master,76.4,54.2,66.7,8.52,4,7.98,4.12,1,1,3.32,0.9,50.5,52.2,3.4,2023-11-09,0,2.87,1,14
CAND00441,Operations Manager,Senior,10.9,Bachelor,91.3,95.4,69.4,8.92,3,7.51,3.51,1,4,3.92,0.51,30.2,30.4,0.7,2024-09-27,0,2.75,0,9
CAND00442,Marketing Specialist,Mid,5.1,Bachelor,86.3,76.1,58.5,6.76,5,6.44,2.8,1,2,6.68,2.06,30.9,34.7,12.2,2024-08-24,1,3.32,1,3
CAND00443,Data Scientist,Entry,0.9,Bachelor,66.5,63.6,87.6,8.68,3,6.86,4.22,1,1,7.13,0.58,47.5,47.4,-0.2,2024-06-20,0,1.68,1,5
CAND00444,Marketing Specialist,Entry,0.2,Master,86.0,77.3,79.7,6.44,4,5.64,4.12,1,1,3.02,0.61,50.0,57.0,14.0,2024-01-07,0,1.41,0,22
CAND00445,Customer Support,Entry,1.2,Bachelor,74.5,71.8,36.6,8.18,4,7.79,4.24,1,1,0.98,0.6,50.4,50.3,-0.3,2024-02-23,1,3.89,0,4
CAND00446,UX Designer,Entry,0.8,Master,48.2,67.5,91.0,5.1,3,6.17,4.46,1,1,7.77,2.82,61.8,62.8,1.6,2023-11-14,0,2.39,1,7
CAND00447,Data Scientist,Entry,1.3,Master,76.4,68.0,89.0,8.11,5,7.25,4.87,1,1,0.53,1.58,50.6,56.5,11.6,2023-12-10,0,2.66,1,21
CAND00448,Sales Representative,Mid,4.8,Bachelor,64.9,42.7,67.1,6.73,4,8.49,3.78,1,1,2.2,0.86,68.0,66.7,-1.8,2024-03-21,0,2.29,1,37
CAND00449,Sales Representative,Entry,0.5,Bachelor,80.1,56.0,88.2,8.43,4,7.82,4.11,1,1,1.91,0.21,70.8,72.4,2.3,2024-05-18,0,3.51,0,26
CAND00450,Operations Manager,Entry,0.9,PhD,100.0,43.8,62.4,7.37,4,7.27,3.73,1,1,1.04,0.37,54.9,58.8,7.2,2024-04-09,1,2.23,0,2
CAND00451,Data Scientist,Mid,3.3,Bachelor,57.3,82.5,67.3,5.0,4,5.98,4.69,1,1,2.53,0.69,13.0,13.1,0.4,2024-04-03,0,1.86,0,18
CAND00452,Marketing Specialist,Mid,3.5,Bachelor,72.4,55.4,51.8,4.29,5,7.45,4.14,1,1,3.38,1.01,45.9,45.8,-0.2,2024-06-30,1,4.4,1,8
CAND00453,Marketing Specialist,Entry,1.7,Bachelor,57.4,81.7,69.3,6.06,3,7.83,4.43,1,1,6.9,2.31,69.7,74.9,7.4,2023-11-22,0,1.66,0,16
CAND00454,Operations Manager,Entry,1.5,Bachelor,24.5,65.7,35.8,7.99,3,7.42,4.79,1,1,2.86,0.79,70.2,76.1,8.3,2024-09-22,0,2.34,1,10
CAND00455,Data Scientist,Mid,4.1,Bachelor,77.7,80.9,57.1,8.26,3,8.34,4.3,1,1,1.1,0.4,48.0,53.6,11.8,2024-03-31,0,2.48,0,14
CAND00456,Data Scientist,Entry,1.1,PhD,96.0,56.9,96.7,5.02,5,7.57,2.75,1,1,2.59,0.8,58.4,57.8,-1.0,2024-05-01,0,3.35,0,10
CAND00457,Product Manager,Entry,0.8,Bachelor,65.4,61.5,92.1,6.1,5,5.87,3.35,1,1,2.51,1.18,109.6,122.4,11.7,2024-10-08,0,1.09,0,9
CAND00458,Marketing Specialist,Entry,0.1,Master,31.2,81.1,59.6,6.33,5,7.26,3.49,1,1,5.19,1.47,59.0,57.8,-2.0,2024-09-06,0,2.19,1,26
CAND00459,UX Designer,Entry,0.0,Master,70.1,76.6,62.5,7.31,4,6.59,4.5,1,1,1.16,2.04,111.7,110.5,-1.0,2023-12-03,1,4.09,0,4
CAND00460,UX Designer,Entry,1.3,Bachelor,57.1,47.2,56.9,8.25,5,7.56,4.33,1,1,1.09,2.08,55.7,63.5,14.0,2024-10-12,0,2.0,0,15
CAND00461,Customer Support,Mid,5.3,Bachelor,88.2,78.1,67.6,5.87,5,7.26,4.7,1,2,3.35,1.07,72.8,74.5,2.3,2024-06-01,1,2.87,1,11
CAND00462,Marketing Specialist,Mid,3.4,Bachelor,79.4,78.5,51.6,6.5,3,8.23,4.33,1,1,1.41,0.78,56.1,54.8,-2.3,2024-01-17,0,2.04,0,9
CAND00463,Sales Representative,Entry,1.6,Bachelor,100.0,83.5,85.6,5.71,3,6.57,4.87,1,1,2.56,1.04,75.1,80.6,7.3,2023-12-07,0,2.64,0,11
CAND00464,Operations Manager,Mid,3.2,Master,99.6,86.1,89.9,5.4,3,6.44,4.74,1,1,1.35,0.4,87.7,95.7,9.1,2024-09-13,0,2.04,1,23
CAND00465,Marketing Specialist,Entry,0.2,Bachelor,61.2,45.6,75.8,5.88,5,7.11,3.36,1,1,4.96,0.76,45.1,47.5,5.3,2024-05-03,1,3.91,1,4
CAND00466,Data Scientist,Entry,0.1,Master,80.5,53.9,29.6,9.2,4,6.76,3.66,1,1,0.87,0.47,88.6,92.5,4.4,2024-01-19,0,1.83,0,4
CAND00467,Sales Representative,Entry,1.4,Bachelor,95.3,55.2,53.2,5.7,4,6.76,4.54,1,1,3.45,2.03,58.8,65.4,11.3,2024-01-25,0,1.58,0,9
CAND00468,Software Engineer,Mid,4.0,Bachelor,100.0,77.4,81.5,6.31,5,7.37,3.49,1,1,0.44,0.48,39.9,38.6,-3.3,2023-12-07,0,3.12,0,11
CAND00469,Customer Support,Entry,0.4,Bachelor,54.5,44.3,40.0,3.39,3,6.46,4.46,1,1,5.31,1.0,71.5,77.1,7.8,2024-08-07,0,2.31,0,26
CAND00470,Customer Support,Mid,5.5,Master,64.8,34.4,69.6,6.0,5,6.78,4.71,1,2,7.37,1.38,46.9,50.1,6.9,2024-06-02,0,2.7,1,10
CAND00471,Marketing Specialist,Senior,10.9,Bachelor,91.7,74.7,34.1,5.6,4,6.66,3.65,1,4,8.33,1.21,24.3,24.7,1.6,2024-11-04,1,4.43,1,5
CAND00472,Product Manager,Mid,4.4,PhD,100.0,70.2,64.9,7.48,3,6.99,3.24,1,1,0.39,1.47,66.0,67.9,3.0,2024-01-23,0,1.83,0,11
CAND00473,UX Designer,Entry,0.1,Bachelor,94.2,58.7,56.3,6.74,3,7.75,4.72,1,1,1.6,1.35,76.3,74.0,-3.0,2024-08-27,0,2.46,0,20
CAND00474,Software Engineer,Senior,9.1,Bachelor,85.7,95.3,84.2,8.93,3,6.92,4.55,1,3,2.42,2.11,81.2,88.3,8.8,2024-02-10,1,3.68,1,5
CAND00475,Sales Representative,Entry,0.6,PhD,78.1,62.1,82.3,8.03,4,7.1,3.72,1,1,3.71,2.38,55.2,56.6,2.5,2024-04-07,1,4.49,1,1
CAND00476,Operations Manager,Entry,1.5,Bachelor,92.7,67.8,74.4,7.27,4,6.38,4.81,1,1,5.18,0.89,32.6,33.2,1.7,2024-08-19,0,2.05,1,18
CAND00477,Marketing Specialist,Entry,1.5,Master,82.1,85.2,80.9,3.06,4,6.81,3.87,1,1,2.06,1.24,74.5,75.7,1.5,2024-05-25,1,3.45,1,3
CAND00478,Data Scientist,Senior,8.0,Master,69.4,73.1,84.0,6.61,3,6.53,4.62,1,3,3.77,3.04,75.3,83.8,11.3,2024-08-20,0,2.27,1,15
CAND00479,Product Manager,Entry,1.3,Master,70.1,60.9,86.8,4.48,5,6.44,3.91,1,1,1.43,0.25,104.2,101.9,-2.2,2024-10-13,1,4.01,0,3
CAND00480,Data Scientist,Entry,0.8,Bachelor,58.8,49.1,37.5,7.4,4,7.21,4.8,1,1,2.56,0.8,73.9,84.0,13.7,2024-03-26,0,1.96,1,6
CAND00481,UX Designer,Mid,4.9,Bachelor,72.7,84.5,85.5,6.77,4,6.89,3.88,1,1,2.09,1.98,46.9,45.7,-2.6,2024-01-02,0,1.6,0,17
CAND00482,Operations Manager,Mid,5.5,Master,85.2,94.0,81.7,8.13,4,6.77,3.97,1,2,6.07,1.96,42.2,45.2,7.0,2024-06-21,1,3.01,1,6
CAND00483,Sales Representative,Mid,4.7,Bachelor,34.0,74.3,76.8,7.32,5,6.92,4.58,1,1,2.01,2.0,59.2,57.1,-3.5,2024-09-10,1,4.32,1,2
CAND00484,Marketing Specialist,Senior,9.9,Bachelor,96.4,100.0,71.2,6.14,4,6.97,4.42,1,3,2.19,1.33,69.7,79.3,13.8,2024-09-12,0,3.08,0,11
CAND00485,Customer Support,Senior,11.1,Bachelor,94.6,95.8,77.5,8.85,5,6.23,3.45,1,4,5.6,1.4,43.8,44.4,1.3,2023-11-26,1,2.84,1,8
CAND00486,Operations Manager,Entry,0.5,Bachelor,66.3,65.5,83.3,5.8,5,7.21,4.19,1,1,6.7,0.79,72.0,68.7,-4.5,2023-12-02,1,3.09,1,5
CAND00487,Customer Support,Entry,1.2,Bachelor,56.8,90.2,66.5,5.79,3,7.38,3.67,1,1,3.73,0.99,43.9,49.5,12.8,2024-07-18,1,2.68,1,4
CAND00488,UX Designer,Entry,1.3,Bachelor,37.9,66.5,70.8,6.15,5,6.45,3.88,1,1,0.1,1.1,91.6,98.2,7.1,2024-10-10,0,1.91,1,8
CAND00489,Software Engineer,Mid,4.0,Master,66.5,77.0,61.7,7.5,3,8.22,3.64,1,1,3.42,0.55,46.1,47.3,2.7,2024-06-06,1,3.71,1,8
CAND00490,Sales Representative,Mid,5.1,Master,88.1,72.3,58.1,5.48,3,6.52,4.0,1,2,2.63,1.26,57.8,56.6,-2.1,2024-06-30,1,3.2,1,2
CAND00491,Customer Support,Entry,1.4,Master,78.9,82.9,66.2,5.76,4,7.38,4.85,1,1,2.97,1.41,95.9,99.3,3.6,2024-09-07,0,3.04,1,14
CAND00492,Software Engineer,Senior,7.9,Bachelor,100.0,88.3,78.6,7.45,4,7.04,4.73,1,3,2.9,0.16,32.9,35.3,7.4,2024-04-01,1,3.11,1,11
CAND00493,Product Manager,Lead,16.2,Master,91.4,80.6,50.4,8.98,3,5.74,4.62,1,6,1.26,0.99,30.9,29.5,-4.6,2024-04-27,1,3.79,1,4
CAND00494,Sales Representative,Mid,3.1,Bachelor,94.7,86.6,45.3,7.08,5,6.9,4.77,1,1,1.91,0.65,64.7,66.8,3.2,2024-01-26,0,1.42,0,12
CAND00495,Marketing Specialist,Mid,4.0,PhD,100.0,60.5,65.2,6.75,3,6.82,4.42,1,1,3.93,0.17,67.7,75.7,11.8,2024-04-18,0,2.9,1,18
CAND00496,Software Engineer,Mid,5.6,Associate,90.3,62.7,62.2,7.76,4,6.58,4.5,1,2,2.1,1.75,62.7,63.5,1.3,2024-10-29,1,3.78,0,9
CAND00497,Operations Manager,Senior,8.5,Bachelor,95.7,85.3,84.2,7.42,3,6.71,2.96,1,3,4.3,1.52,59.8,61.9,3.5,2024-05-31,1,3.22,1,5
CAND00498,UX Designer,Lead,13.2,Master,100.0,82.5,75.1,7.07,5,6.43,2.81,0,5,3.12,1.3,77.1,87.8,13.9,2024-04-14,0,2.61,1,31
CAND00499,UX Designer,Mid,3.7,Bachelor,74.4,55.8,70.4,5.02,4,6.65,4.62,1,1,1.49,1.67,61.7,60.6,-1.7,2024-09-10,1,3.0,1,11
CAND00500,UX Designer,Mid,4.2,Bachelor,100.0,90.1,80.4,7.12,3,5.95,4.37,1,1,2.27,1.54,66.5,74.6,12.3,2024-05-25,0,1.32,0,10
CAND00501,Product Manager,Mid,4.1,Bachelor,100.0,56.0,84.3,6.45,5,7.67,3.74,1,1,1.91,0.62,68.4,70.3,2.8,2024-03-17,0,1.88,0,11
CAND00502,Marketing Specialist,Lead,15.7,Associate,100.0,100.0,70.5,8.2,3,8.06,4.38,1,6,4.44,2.32,48.2,48.6,0.8,2024-03-29,1,3.91,1,2
CAND00503,Data Scientist,Senior,11.1,Associate,82.4,98.7,50.5,8.04,3,7.49,3.85,1,4,1.13,2.45,69.4,66.6,-4.0,2024-03-29,0,2.71,1,15
CAND00504,UX Designer,Mid,3.3,PhD,100.0,63.8,94.8,6.7,5,7.35,4.46,1,1,3.75,0.49,58.7,56.7,-3.4,2024-09-28,0,2.15,1,14
CAND00505,UX Designer,Entry,1.9,Master,88.3,22.4,48.9,6.55,4,6.52,3.98,1,1,0.95,0.81,33.2,37.1,11.9,2024-05-18,0,2.2,1,13
CAND00506,Sales Representative,Mid,3.2,Master,71.3,82.5,69.5,7.94,4,6.95,2.59,1,1,4.04,1.88,64.8,72.7,12.2,2024-08-13,1,3.84,1,3
CAND00507,Data Scientist,Lead,17.6,Master,91.2,91.2,75.0,6.09,5,6.74,2.85,1,7,2.75,0.32,52.3,58.7,12.3,2023-12-19,1,2.82,1,5
CAND00508,Data Scientist,Entry,0.5,Master,54.3,83.7,36.9,6.14,5,7.31,4.59,1,1,0.11,0.44,66.0,65.6,-0.6,2024-02-20,0,1.39,1,8
CAND00509,Sales Representative,Senior,8.2,Associate,70.2,67.6,86.9,2.88,4,6.64,4.67,1,3,5.84,0.26,110.5,113.6,2.8,2024-05-12,0,2.72,0,12
CAND00510,Product Manager,Entry,0.5,Master,48.4,42.7,62.8,4.24,3,5.53,4.2,1,1,3.03,1.34,51.5,49.1,-4.8,2024-09-16,1,4.0,1,16
CAND00511,Product Manager,Entry,0.3,Master,68.0,67.1,75.5,6.17,4,6.98,3.95,1,1,6.68,0.62,55.5,55.5,0.1,2024-07-29,0,2.68,0,9
CAND00512,Product Manager,Mid,5.6,PhD,88.5,93.9,84.6,6.57,5,6.19,3.38,1,2,15.34,0.88,100.9,115.6,14.5,2024-08-21,0,1.64,0,18
CAND00513,Data Scientist,Entry,0.4,Bachelor,52.0,61.8,25.6,8.17,3,8.34,4.46,1,1,5.44,0.94,43.4,48.2,11.1,2023-12-22,0,1.85,1,17
CAND00514,Operations Manager,Entry,1.5,Bachelor,92.1,34.5,48.8,8.56,4,7.15,4.07,0,1,1.76,0.92,61.2,59.2,-3.2,2024-01-24,0,2.44,0,9
CAND00515,Operations Manager,Mid,4.3,Bachelor,87.8,58.7,90.5,7.8,5,7.49,3.81,0,1,3.7,1.22,35.0,38.6,10.4,2024-01-23,0,1.59,0,9
CAND00516,Marketing Specialist,Mid,3.3,Associate,78.0,54.9,53.7,7.87,5,6.99,3.05,1,1,2.08,1.23,102.6,100.5,-2.0,2024-05-30,0,2.61,0,10
CAND00517,Product Manager,Entry,1.3,Bachelor,73.0,48.4,45.4,8.05,4,5.98,4.91,1,1,5.0,0.77,89.4,101.9,14.0,2024-10-04,0,2.57,0,10
CAND00518,Operations Manager,Entry,1.3,Bachelor,45.6,30.4,66.0,5.42,4,6.76,4.12,1,1,3.34,2.17,63.2,61.9,-2.0,2023-12-20,0,2.09,0,16
CAND00519,Customer Support,Mid,4.3,Associate,99.6,79.8,81.3,5.6,4,7.53,4.39,1,1,2.71,1.59,86.6,86.7,0.1,2024-01-10,1,4.04,1,6
CAND00520,Software Engineer,Entry,1.3,Bachelor,78.8,68.4,77.7,5.53,4,7.73,4.24,1,1,4.58,1.68,29.1,29.5,1.4,2024-02-22,0,1.61,0,22
CAND00521,Data Scientist,Entry,1.3,Bachelor,34.1,60.5,88.5,8.32,4,6.7,3.76,1,1,4.13,2.98,53.7,57.2,6.6,2024-03-16,0,2.16,0,19
CAND00522,Operations Manager,Lead,18.4,Master,95.1,100.0,58.7,8.94,3,5.02,4.78,1,7,3.65,1.16,45.9,52.0,13.3,2024-10-09,0,2.26,1,8
CAND00523,Marketing Specialist,Entry,1.3,Bachelor,32.0,60.1,86.1,7.39,4,6.03,2.88,1,1,1.24,3.1,92.4,94.6,2.3,2024-09-29,0,2.06,1,6
CAND00524,Data Scientist,Mid,5.8,Bachelor,94.5,64.4,68.4,6.22,5,6.84,4.11,1,2,4.62,2.12,67.8,64.4,-5.0,2024-01-08,1,3.45,1,6
CAND00525,UX Designer,Entry,0.6,Master,59.2,67.7,73.1,7.89,4,7.51,4.41,1,1,3.4,1.35,43.2,47.9,10.9,2024-01-15,1,4.42,1,7
CAND00526,Software Engineer,Mid,5.2,Bachelor,56.3,42.1,74.7,7.41,4,7.8,3.2,1,2,1.51,1.13,66.6,73.2,10.0,2024-01-20,0,2.7,0,9
CAND00527,Sales Representative,Entry,1.8,Master,72.3,79.0,62.2,6.18,4,7.25,3.5,1,1,0.27,2.24,57.1,56.9,-0.4,2024-01-03,0,2.53,1,27
CAND00528,Operations Manager,Mid,3.2,Master,73.2,62.5,50.6,6.4,5,7.0,4.41,1,1,3.23,2.21,52.7,60.5,14.9,2024-08-22,0,3.07,0,15
CAND00529,Software Engineer,Mid,4.7,Master,57.3,55.1,55.8,7.59,4,7.58,4.61,1,1,1.61,0.45,52.3,51.7,-1.0,2024-09-16,1,4.12,1,4
CAND00530,Marketing Specialist,Mid,5.8,Bachelor,55.9,76.5,44.8,7.0,5,6.85,3.42,1,2,0.18,2.2,44.8,49.2,9.8,2024-09-25,0,1.12,0,6
CAND00531,Product Manager,Mid,4.5,Master,88.5,82.3,50.7,7.56,3,5.17,4.15,1,1,5.09,1.62,45.2,45.0,-0.5,2024-07-04,0,4.28,1,10
CAND00532,Operations Manager,Mid,4.2,PhD,65.2,63.7,85.9,5.89,4,7.5,4.36,1,1,4.61,1.86,61.7,69.7,13.0,2024-02-13,0,1.64,0,14
CAND00533,Product Manager,Entry,1.5,Master,86.3,36.8,84.1,7.38,4,6.28,4.15,1,1,2.0,1.36,76.5,81.9,7.1,2024-05-01,1,3.77,1,2
CAND00534,Customer Support,Entry,0.6,Associate,60.7,71.7,76.3,5.84,4,7.43,4.31,1,1,2.54,0.81,39.0,38.6,-1.0,2024-04-12,0,1.92,0,9
CAND00535,Marketing Specialist,Mid,5.6,Master,74.1,82.9,56.2,8.34,5,6.76,3.05,1,2,3.26,0.16,38.4,38.5,0.2,2024-01-06,0,1.2,1,28
CAND00536,Software Engineer,Entry,0.4,Bachelor,68.8,75.0,66.1,6.59,5,7.26,4.08,1,1,8.87,1.19,68.7,78.8,14.7,2023-12-12,1,3.65,1,7
CAND00537,Marketing Specialist,Mid,3.9,Bachelor,66.4,95.4,56.6,6.84,3,7.57,3.15,1,1,0.9,0.28,77.3,78.4,1.4,2024-05-23,0,1.72,0,22
CAND00538,Data Scientist,Entry,1.4,Bachelor,55.3,52.2,60.5,6.19,5,7.13,3.92,1,1,1.14,0.87,71.4,69.4,-2.8,2023-11-26,0,1.82,0,13
CAND00539,UX Designer,Mid,5.7,Bachelor,89.3,38.2,30.3,9.45,4,6.76,4.06,1,2,3.54,1.14,62.9,61.6,-2.0,2024-07-01,0,2.54,1,13
CAND00540,Product Manager,Mid,4.2,Bachelor,69.9,69.8,82.5,8.9,4,6.92,3.95,1,1,2.37,0.38,60.2,64.3,6.8,2024-09-27,0,3.01,0,17
CAND00541,Product Manager,Senior,7.5,Bachelor,78.4,86.5,50.4,7.71,4,7.52,4.85,1,2,6.56,0.3,43.3,42.6,-1.5,2024-06-02,0,2.44,0,23
CAND00542,UX Designer,Entry,0.6,Bachelor,86.7,41.2,63.8,5.09,3,7.35,4.43,1,1,1.43,1.95,79.6,83.7,5.2,2024-01-08,0,3.31,1,14
CAND00543,Data Scientist,Entry,0.8,Bachelor,67.6,49.1,86.8,4.23,4,6.13,4.35,1,1,0.87,3.85,89.3,92.7,3.8,2024-01-26,0,1.73,1,17
CAND00544,UX Designer,Senior,11.4,Bachelor,66.3,63.0,88.6,7.46,5,6.59,4.79,1,4,3.41,1.02,44.0,48.4,10.0,2024-05-23,0,3.69,1,32
CAND00545,Product Manager,Mid,5.5,Master,75.0,83.8,64.0,5.38,5,7.56,4.59,1,2,1.45,0.06,88.1,85.7,-2.7,2023-11-14,1,4.65,1,3
CAND00546,Data Scientist,Mid,5.1,Bachelor,90.1,70.2,58.4,4.5,5,7.53,3.27,1,2,4.07,2.44,38.8,44.0,13.3,2023-11-30,0,3.03,0,9
CAND00547,UX Designer,Mid,5.3,Bachelor,91.2,71.9,47.7,6.01,5,7.93,4.61,1,2,4.41,0.12,58.4,66.3,13.4,2024-05-06,0,1.6,0,25
CAND00548,Software Engineer,Entry,1.6,Bachelor,87.2,78.1,52.3,8.27,4,6.35,4.51,1,1,1.93,1.16,78.5,77.6,-1.1,2024-06-02,1,3.85,1,8
CAND00549,Product Manager,Mid,3.9,Bachelor,77.8,64.6,27.5,7.29,3,5.81,4.25,1,1,5.06,5.75,56.1,60.6,8.1,2024-05-17,1,2.97,0,10
CAND00550,Operations Manager,Mid,3.3,Bachelor,94.6,83.4,67.6,7.67,3,7.46,3.56,1,1,2.5,1.31,25.7,26.7,4.0,2024-07-15,0,1.37,0,11
CAND00551,Product Manager,Entry,0.5,Master,71.6,68.6,75.6,8.71,3,6.97,2.39,1,1,4.05,4.19,35.9,34.8,-3.1,2024-09-29,0,1.85,1,12
CAND00552,Customer Support,Entry,0.6,Bachelor,74.2,88.6,62.6,6.47,3,6.45,3.35,1,1,6.78,1.59,57.9,62.9,8.6,2024-02-22,0,1.25,0,13
CAND00553,Software Engineer,Mid,5.1,Master,68.1,83.6,82.5,5.65,5,7.35,4.15,1,2,1.33,0.68,33.2,35.4,6.6,2024-05-19,0,1.37,1,11
CAND00554,Product Manager,Mid,5.9,PhD,63.3,52.2,36.1,7.4,5,7.15,4.43,1,2,7.75,0.67,57.7,65.7,13.9,2024-04-29,1,4.52,1,3
CAND00555,Product Manager,Entry,1.6,Master,64.9,88.8,59.6,3.88,3,5.96,4.47,1,1,1.76,0.27,40.0,46.0,14.9,2024-08-07,1,3.93,1,2
CAND00556,Product Manager,Mid,3.7,Bachelor,84.6,73.3,69.3,5.52,5,5.92,4.35,1,1,5.0,1.63,72.8,72.2,-0.7,2024-03-28,1,3.8,1,7
CAND00557,Software Engineer,Entry,0.7,Master,86.2,58.2,81.2,4.38,4,7.66,3.02,1,1,2.52,0.23,35.8,38.5,7.4,2024-05-05,1,4.31,1,5
CAND00558,Sales Representative,Entry,1.7,Master,87.1,59.2,74.2,6.18,4,6.86,4.32,1,1,2.75,0.82,50.2,53.0,5.4,2023-12-31,0,1.59,0,18
CAND00559,Customer Support,Mid,3.2,Master,67.3,48.5,42.0,4.46,5,7.58,4.0,1,1,0.92,2.23,58.1,60.9,4.9,2024-03-23,0,3.19,0,10
CAND00560,Sales Representative,Lead,15.7,PhD,93.2,100.0,69.8,5.96,5,7.14,3.01,1,6,3.65,1.17,60.3,59.9,-0.6,2024-07-08,0,1.93,0,18
CAND00561,Customer Support,Mid,3.9,Bachelor,96.4,72.7,30.8,5.61,4,6.39,4.31,1,1,4.14,1.72,44.7,43.4,-2.9,2024-07-31,0,3.0,1,24
CAND00562,Marketing Specialist,Mid,4.3,Master,95.7,30.1,82.6,8.86,5,7.07,3.57,1,1,3.66,1.09,58.8,61.3,4.2,2024-01-20,0,2.92,1,18
CAND00563,Operations Manager,Senior,10.9,Bachelor,100.0,99.4,57.8,7.04,4,7.95,3.78,1,4,1.69,0.29,70.7,69.3,-1.9,2024-06-16,0,1.61,1,22
CAND00564,UX Designer,Entry,0.6,Bachelor,26.9,50.9,78.9,5.74,5,7.92,4.52,1,1,5.14,4.18,76.6,87.9,14.6,2024-02-11,1,4.5,1,2
CAND00565,UX Designer,Entry,0.3,Bachelor,71.7,85.2,81.8,5.87,3,5.72,4.49,1,1,2.53,0.72,42.0,45.2,7.5,2024-07-28,0,2.53,1,29
CAND00566,Product Manager,Entry,1.4,Bachelor,72.1,85.2,80.2,4.96,4,7.67,3.51,1,1,5.33,1.39,68.8,77.1,12.0,2024-10-12,0,1.79,0,9
CAND00567,Operations Manager,Entry,1.4,Master,51.1,88.6,76.1,7.81,4,6.81,3.67,1,1,2.95,3.62,55.5,58.7,5.9,2024-01-29,1,4.41,1,7
CAND00568,Data Scientist,Mid,3.0,PhD,81.9,88.0,60.3,6.8,5,7.69,4.81,1,1,1.81,0.89,60.9,65.9,8.2,2024-02-17,0,2.02,1,20
CAND00569,Data Scientist,Mid,3.1,Bachelor,71.7,66.4,61.1,9.24,4,7.79,4.12,1,1,3.12,0.57,48.6,55.6,14.3,2024-09-26,0,2.14,1,30
CAND00570,Product Manager,Senior,9.6,Bachelor,61.2,78.8,93.1,9.58,4,6.61,4.9,1,3,1.69,1.0,64.9,72.8,12.2,2024-03-22,1,3.63,1,6
CAND00571,Product Manager,Mid,4.7,Master,68.6,60.9,62.7,7.8,4,7.52,4.46,1,1,1.54,2.8,52.4,59.7,14.1,2024-09-22,1,3.31,1,5
CAND00572,Sales Representative,Senior,10.4,Bachelor,100.0,70.2,43.4,7.19,4,6.45,4.42,1,4,1.42,1.44,57.2,60.1,5.1,2024-05-13,0,2.3,0,10
CAND00573,Software Engineer,Mid,3.1,Associate,90.6,84.3,71.0,5.09,4,6.4,4.37,1,1,2.72,1.35,24.0,23.0,-4.0,2024-10-11,0,2.27,0,18
CAND00574,UX Designer,Mid,4.8,Bachelor,83.9,54.5,76.2,3.78,5,7.75,4.62,1,1,1.66,3.17,72.3,75.3,4.1,2024-04-30,1,3.12,1,3
CAND00575,Sales Representative,Mid,4.8,Bachelor,83.2,59.7,48.4,8.7,4,5.99,4.3,1,1,1.25,1.19,49.9,50.9,2.1,2024-09-27,0,2.88,1,26
CAND00576,Marketing Specialist,Entry,0.0,Bachelor,78.1,42.6,66.0,3.71,3,8.02,3.66,1,1,2.14,3.02,70.9,70.9,-0.1,2024-10-24,0,2.44,0,6
CAND00577,Marketing Specialist,Senior,8.0,Master,98.0,49.0,85.8,5.4,3,5.17,3.99,1,3,3.44,0.62,75.3,75.0,-0.5,2023-11-08,0,2.1,1,7
CAND00578,Marketing Specialist,Entry,1.8,PhD,52.3,45.7,73.4,8.16,3,8.37,4.55,1,1,1.05,2.71,39.0,44.0,12.6,2024-08-29,0,1.55,1,19
CAND00579,Software Engineer,Mid,5.6,Master,84.5,59.7,72.5,5.61,4,8.18,4.45,1,2,6.11,0.79,102.1,108.8,6.6,2024-03-11,0,2.19,1,9
CAND00580,Product Manager,Entry,1.7,Bachelor,77.7,89.3,71.1,4.36,5,7.99,4.21,1,1,4.85,1.01,42.9,48.2,12.2,2024-03-12,0,1.56,1,16
CAND00581,Operations Manager,Entry,0.9,Bachelor,71.0,60.7,82.8,7.51,5,7.09,3.71,1,1,0.89,0.26,51.6,49.0,-5.0,2024-11-05,1,4.05,0,6
CAND00582,Data Scientist,Mid,5.2,Master,83.5,75.9,76.3,4.06,3,6.63,4.4,1,2,2.66,0.51,75.1,73.4,-2.4,2024-06-29,0,2.76,1,30
CAND00583,Sales Representative,Senior,10.2,Bachelor,67.0,59.2,70.6,8.23,3,7.09,4.53,1,4,4.5,1.24,67.7,68.4,1.0,2024-02-01,0,1.58,0,10
CAND00584,UX Designer,Mid,5.9,Bachelor,98.2,79.9,58.9,5.3,3,6.98,4.09,1,2,2.77,0.61,60.7,62.3,2.7,2024-06-13,0,2.64,1,12
CAND00585,Sales Representative,Entry,0.4,Bachelor,52.8,68.3,91.8,5.35,4,5.37,4.56,1,1,3.15,0.72,66.1,74.7,13.1,2024-09-06,0,2.25,0,13
CAND00586,Software Engineer,Mid,5.2,Master,77.1,76.2,46.5,6.47,3,6.45,3.88,1,2,1.55,2.36,49.2,47.9,-2.6,2024-04-07,1,4.61,1,1
CAND00587,Operations Manager,Mid,5.7,Associate,40.6,75.8,82.8,7.06,3,8.98,4.04,1,2,2.49,1.86,44.4,49.8,12.3,2024-09-12,0,1.59,0,13
CAND00588,Operations Manager,Entry,0.6,Master,72.4,78.4,76.4,5.02,5,6.36,3.66,1,1,2.73,0.84,84.0,96.5,14.8,2024-02-07,1,4.06,1,10
CAND00589,Software Engineer,Senior,10.8,Master,86.2,40.8,50.8,8.68,5,6.71,4.26,1,4,1.58,4.35,32.1,31.4,-2.1,2024-02-18,1,4.42,1,9
CAND00590,Sales Representative,Entry,1.5,Bachelor,55.1,67.9,84.0,5.57,5,7.72,4.71,1,1,2.3,2.03,48.3,48.6,0.6,2024-08-26,1,2.99,1,11
CAND00591,Customer Support,Mid,3.7,Master,94.3,34.4,64.1,4.72,4,6.04,4.59,1,1,4.2,5.53,66.4,68.8,3.6,2024-11-07,0,3.48,0,15
CAND00592,Marketing Specialist,Senior,8.7,Bachelor,89.1,95.3,47.5,6.22,3,8.18,4.11,1,3,2.61,0.61,35.6,37.4,5.1,2024-01-20,0,1.67,1,9
CAND00593,UX Designer,Mid,5.4,Associate,54.8,45.4,71.1,5.98,3,7.79,3.56,1,2,2.24,0.69,97.8,98.9,1.1,2023-12-03,0,2.59,0,19
CAND00594,Data Scientist,Mid,4.5,Bachelor,76.9,59.7,72.6,6.47,5,6.85,4.59,1,1,7.63,1.84,72.2,82.9,14.7,2024-05-07,1,3.49,1,4
CAND00595,Data Scientist,Senior,8.8,Bachelor,100.0,82.3,75.7,6.99,5,6.49,3.82,1,3,2.75,1.48,94.5,93.7,-0.8,2024-02-03,0,1.94,1,14
CAND00596,Software Engineer,Senior,10.7,Master,89.7,92.7,46.1,9.09,4,6.79,3.71,1,4,1.78,1.17,52.0,53.0,1.9,2024-03-12,0,1.47,1,9
CAND00597,Software Engineer,Entry,1.7,Bachelor,95.2,49.8,75.5,8.23,5,6.18,4.14,1,1,2.43,3.49,81.8,90.5,10.7,2024-04-23,1,3.77,1,2
CAND00598,Marketing Specialist,Entry,2.0,Master,67.6,90.8,90.2,6.42,4,7.45,4.96,1,1,0.52,1.04,71.5,69.5,-2.8,2024-10-30,0,1.68,0,14
CAND00599,Marketing Specialist,Entry,0.3,Bachelor,84.0,23.6,79.4,7.09,3,6.6,4.8,1,1,3.64,5.43,43.0,45.0,4.7,2024-05-15,1,4.19,1,7
CAND00600,Sales Representative,Mid,5.9,Bachelor,100.0,66.7,52.3,7.82,5,5.88,4.4,1,2,2.65,1.01,39.0,40.7,4.2,2023-12-07,0,1.8,0,12
CAND00601,Data Scientist,Senior,11.5,Master,92.5,59.4,95.3,6.72,5,6.59,3.95,1,4,2.74,1.7,62.9,66.5,5.8,2024-05-21,1,4.01,1,10
CAND00602,Product Manager,Entry,1.3,Master,74.1,49.2,83.4,5.62,3,6.85,4.24,1,1,1.08,1.71,103.7,98.7,-4.8,2024-05-11,1,3.24,0,6
CAND00603,Marketing Specialist,Senior,8.1,Master,97.7,51.8,50.8,4.32,5,6.52,3.03,1,3,4.2,0.75,76.4,77.9,2.1,2024-08-10,0,2.31,1,12
CAND00604,Operations Manager,Entry,2.0,Bachelor,96.6,68.4,65.3,5.97,5,7.22,4.13,1,1,7.82,0.9,79.0,83.0,5.0,2024-03-07,0,2.71,0,14
CAND00605,Product Manager,Entry,0.1,Bachelor,66.6,63.3,77.4,6.23,3,6.55,2.99,1,1,2.27,1.52,92.3,95.7,3.7,2024-10-06,0,2.95,1,16
CAND00606,Operations Manager,Mid,4.8,Bachelor,55.8,92.2,67.9,7.88,3,7.57,3.99,1,1,5.65,1.05,77.6,74.2,-4.3,2024-06-10,0,2.35,0,11
CAND00607,Sales Representative,Mid,5.2,Master,95.7,76.5,66.8,8.6,3,8.73,3.52,1,2,2.61,2.95,47.3,50.3,6.4,2024-07-28,1,4.31,0,8
CAND00608,Software Engineer,Lead,14.9,Bachelor,100.0,89.7,70.5,5.6,4,6.9,2.74,1,5,1.62,1.55,34.4,33.9,-1.3,2024-06-02,0,1.7,1,15
CAND00609,UX Designer,Entry,0.2,Master,76.9,32.4,46.4,3.67,5,6.62,4.28,1,1,4.29,0.47,42.4,40.8,-3.8,2024-03-10,0,2.4,1,13
CAND00610,Customer Support,Entry,1.0,Bachelor,81.6,79.1,62.4,7.25,3,6.26,3.2,1,1,1.96,3.08,77.3,75.7,-2.1,2023-12-12,0,1.85,1,14
CAND00611,Sales Representative,Lead,17.6,Bachelor,100.0,96.9,56.5,4.65,4,6.93,3.51,1,7,1.01,0.93,45.9,44.0,-4.1,2024-05-09,0,1.71,1,14
CAND00612,Software Engineer,Entry,0.8,Master,82.1,94.9,92.5,7.7,5,6.56,3.97,1,1,2.11,0.51,50.8,54.8,7.9,2024-05-22,0,1.87,0,16
CAND00613,Customer Support,Mid,5.7,Master,49.8,100.0,47.9,5.39,3,6.04,4.72,1,2,8.57,1.13,31.0,30.3,-2.2,2024-05-03,1,4.05,1,9
CAND00614,UX Designer,Mid,5.0,Bachelor,81.9,31.8,65.2,6.95,4,6.42,3.63,1,2,6.96,0.7,97.2,92.5,-4.9,2024-03-27,0,3.46,1,8
CAND00615,UX Designer,Mid,5.4,Master,89.5,75.8,73.8,5.47,4,6.13,3.53,1,2,1.36,1.85,86.3,87.0,0.7,2024-08-04,0,2.41,0,12
CAND00616,Operations Manager,Entry,1.8,Master,93.7,80.5,95.3,6.9,5,7.02,4.09,1,1,3.72,0.9,56.9,59.4,4.4,2024-02-27,0,1.22,1,14
CAND00617,Marketing Specialist,Entry,1.2,Bachelor,71.4,74.4,61.6,4.39,5,7.07,3.47,1,1,5.81,2.29,30.0,29.7,-0.9,2024-06-24,0,2.08,1,16
CAND00618,Data Scientist,Mid,3.7,Master,85.4,74.3,46.4,7.79,5,7.59,3.95,1,1,3.52,1.6,81.9,82.6,0.8,2024-04-04,1,3.41,1,1
CAND00619,Data Scientist,Entry,2.0,Associate,58.5,62.8,61.2,7.15,4,7.46,3.05,1,1,2.97,0.77,47.4,49.6,4.6,2024-01-04,0,1.8,0,10
CAND00620,Product Manager,Entry,0.9,Bachelor,70.1,61.1,47.5,3.97,5,6.53,3.36,1,1,1.79,0.47,65.8,67.9,3.1,2024-06-10,0,3.33,0,12
CAND00621,Marketing Specialist,Senior,10.6,Master,88.8,90.0,38.9,7.66,3,7.45,3.92,1,4,0.74,1.38,60.3,62.9,4.2,2024-09-28,0,1.63,1,25
CAND00622,Marketing Specialist,Mid,5.9,Master,64.6,55.7,62.1,6.42,5,6.14,4.85,1,2,2.11,1.29,58.4,63.2,8.3,2024-06-09,0,2.64,0,30
CAND00623,Customer Support,Senior,9.6,Master,100.0,72.2,89.1,8.66,4,7.66,4.0,1,3,2.76,0.26,64.3,61.2,-4.7,2024-01-04,1,4.02,1,8
CAND00624,UX Designer,Entry,0.3,Master,87.6,66.3,55.7,7.06,3,8.19,4.29,1,1,0.95,2.12,65.6,66.1,0.7,2023-11-20,0,2.8,0,8
CAND00625,Operations Manager,Senior,7.1,Master,100.0,65.6,72.0,6.88,4,6.78,3.95,1,2,1.31,0.34,69.7,69.9,0.3,2024-03-24,1,3.31,1,4
CAND00626,Software Engineer,Entry,1.4,Bachelor,90.2,89.6,62.7,6.14,5,7.08,4.4,1,1,5.76,2.38,80.1,78.4,-2.0,2024-05-11,0,2.12,1,12
CAND00627,UX Designer,Senior,8.6,Master,81.6,95.9,44.2,6.72,4,6.1,4.43,1,3,3.49,2.42,57.5,57.9,0.7,2023-12-16,0,1.57,0,12
CAND00628,Software Engineer,Entry,0.3,Bachelor,63.6,55.6,65.8,7.26,3,6.46,3.5,1,1,2.46,1.5,72.4,82.0,13.3,2023-11-30,0,1.99,0,17
CAND00629,UX Designer,Senior,9.3,Master,100.0,79.3,68.5,6.37,4,8.16,4.46,1,3,1.7,0.93,66.6,68.0,2.1,2024-02-19,0,1.61,1,21
CAND00630,Product Manager,Mid,5.0,Bachelor,100.0,66.7,70.1,7.92,3,8.05,3.22,1,1,2.37,1.17,77.5,76.5,-1.3,2024-08-26,0,1.41,1,18
CAND00631,Operations Manager,Mid,4.8,PhD,100.0,55.7,78.1,7.71,3,6.44,3.78,1,1,1.27,2.34,48.1,47.4,-1.4,2024-09-04,1,3.9,1,5
CAND00632,Data Scientist,Senior,7.8,Bachelor,100.0,68.6,43.0,8.13,3,7.03,4.1,1,3,1.0,0.29,81.8,92.1,12.6,2023-12-13,0,1.77,1,16
CAND00633,Marketing Specialist,Entry,0.9,Master,77.6,71.6,54.3,4.05,4,7.68,4.53,1,1,2.35,0.47,45.5,50.0,9.7,2024-04-25,0,1.85,0,17
CAND00634,Software Engineer,Entry,0.3,Bachelor,91.8,64.0,88.3,5.87,5,7.15,4.45,1,1,5.89,0.88,43.4,48.0,10.8,2024-08-21,0,1.71,0,11
CAND00635,Operations Manager,Mid,4.2,Master,100.0,65.5,76.8,7.22,4,5.83,4.11,1,1,5.48,0.13,47.2,46.0,-2.5,2024-05-01,0,1.58,0,15
CAND00636,Operations Manager,Mid,5.6,Bachelor,53.4,42.1,78.4,3.67,3,7.48,4.17,1,2,4.03,0.42,105.7,106.2,0.5,2024-01-19,0,2.83,1,18
CAND00637,Product Manager,Lead,18.5,Bachelor,69.7,100.0,49.1,6.65,5,7.16,3.09,1,7,4.72,0.99,34.7,35.0,0.7,2024-05-04,1,3.8,0,8
CAND00638,UX Designer,Mid,5.7,Bachelor,59.3,63.2,47.9,6.97,4,5.89,4.66,1,2,4.71,1.16,70.7,68.8,-2.6,2023-12-11,0,2.02,0,10
CAND00639,Customer Support,Mid,5.5,PhD,57.0,84.5,57.5,3.85,3,5.83,3.63,1,2,2.33,0.56,26.9,30.6,13.6,2024-09-10,0,1.58,1,20
CAND00640,Software Engineer,Mid,4.0,Bachelor,93.9,96.9,85.8,5.22,5,6.77,4.06,1,1,3.47,1.4,35.1,36.2,3.1,2024-08-04,1,3.98,1,8
CAND00641,Operations Manager,Entry,0.5,Bachelor,74.1,93.8,76.1,6.59,5,6.14,4.24,1,1,5.63,2.78,41.1,43.2,5.2,2024-04-23,0,1.5,0,18
CAND00642,Data Scientist,Entry,0.6,Bachelor,59.9,47.9,61.0,7.08,4,6.69,3.95,1,1,2.68,2.35,45.8,44.4,-2.9,2024-06-27,0,2.27,1,5
CAND00643,Operations Manager,Senior,9.9,Associate,100.0,100.0,41.3,7.33,3,6.41,3.17,1,3,0.81,3.2,79.3,88.0,11.0,2023-12-30,0,2.23,0,8
CAND00644,Customer Support,Entry,0.3,Master,70.4,73.5,85.5,5.32,5,7.87,4.35,1,1,1.13,1.85,49.2,52.2,6.0,2024-03-01,1,4.43,1,2
CAND00645,Sales Representative,Senior,10.3,Bachelor,100.0,75.3,65.1,5.84,3,6.3,4.79,1,4,1.1,0.53,55.6,59.3,6.7,2024-08-30,1,4.36,1,6
CAND00646,Data Scientist,Entry,0.2,Master,72.6,58.0,80.1,8.6,4,7.6,4.92,1,1,4.55,0.18,65.0,73.8,13.5,2024-08-11,1,2.84,1,4
CAND00647,Operations Manager,Entry,0.0,Bachelor,66.1,41.9,70.0,5.34,3,6.46,4.35,1,1,3.75,1.4,56.4,54.4,-3.6,2023-11-24,0,1.74,0,19
CAND00648,Marketing Specialist,Mid,4.7,Associate,45.8,59.5,84.9,8.8,5,6.47,2.48,1,1,1.93,4.12,43.0,43.3,0.8,2024-05-14,0,1.77,1,31
CAND00649,Data Scientist,Mid,3.6,Master,67.4,86.9,73.8,5.62,5,8.12,4.03,1,1,4.38,1.87,131.8,130.8,-0.8,2024-02-04,0,1.72,1,22
CAND00650,Customer Support,Mid,5.6,Bachelor,74.6,59.0,79.5,8.54,4,7.07,3.66,1,2,2.73,0.77,52.6,56.4,7.3,2024-08-19,0,1.72,1,26
CAND00651,Product Manager,Senior,11.1,Master,62.4,84.6,61.3,8.9,4,7.62,4.06,1,4,0.99,0.61,49.1,53.1,8.1,2024-02-21,1,3.06,0,2
CAND00652,Sales Representative,Mid,4.5,Master,89.5,84.6,75.9,7.29,3,5.78,4.36,1,1,0.98,0.49,29.9,28.7,-4.2,2024-07-28,0,1.52,0,21
CAND00653,Product Manager,Entry,0.3,Bachelor,53.8,40.0,39.3,6.53,3,6.35,2.73,1,1,0.52,2.02,64.9,63.8,-1.7,2024-02-29,0,1.54,0,10
CAND00654,Software Engineer,Mid,5.4,Bachelor,78.9,64.6,84.3,8.39,4,7.71,3.19,1,2,1.88,1.96,45.5,45.0,-1.2,2024-01-29,0,3.14,0,11
CAND00655,Marketing Specialist,Senior,9.3,Bachelor,100.0,38.3,74.0,5.72,4,6.47,4.57,1,3,4.03,0.94,45.9,51.7,12.5,2024-01-30,0,1.66,1,15
CAND00656,Product Manager,Senior,9.4,Master,82.3,78.2,72.0,9.34,5,7.83,4.19,1,3,6.66,1.2,105.1,102.4,-2.6,2024-09-24,1,4.05,0,12
CAND00657,Data Scientist,Entry,0.6,Bachelor,77.0,90.0,49.0,6.2,4,7.53,3.97,1,1,5.98,0.37,88.7,93.5,5.4,2024-04-18,0,1.27,0,10
CAND00658,Operations Manager,Senior,8.0,Bachelor,68.5,96.4,91.3,7.56,5,6.45,2.43,1,3,1.87,0.68,44.4,49.9,12.6,2024-04-11,0,2.58,1,14
CAND00659,UX Designer,Mid,3.0,Bachelor,83.6,79.3,87.1,4.91,5,6.82,3.64,1,1,0.55,0.56,30.3,34.6,14.2,2024-10-01,0,1.92,1,15
CAND00660,Product Manager,Mid,4.1,Master,77.6,53.2,83.5,5.31,4,8.24,3.99,1,1,3.64,2.77,77.2,83.2,7.7,2023-12-15,0,3.09,1,11
CAND00661,Data Scientist,Mid,4.9,PhD,100.0,85.1,83.4,5.28,4,5.91,4.47,1,1,3.35,3.42,35.5,35.2,-0.9,2024-03-14,0,2.41,1,17
CAND00662,Marketing Specialist,Entry,1.5,Master,72.7,62.7,51.1,7.21,3,6.41,4.06,1,1,1.27,0.58,60.5,61.6,1.7,2024-01-30,0,1.54,1,15
CAND00663,Product Manager,Entry,0.8,Bachelor,79.4,77.7,68.2,4.99,3,6.54,3.33,1,1,2.5,1.88,40.0,42.4,6.0,2024-03-31,0,2.27,0,14
CAND00664,Software Engineer,Senior,7.1,Bachelor,91.8,88.4,82.4,6.28,3,6.11,4.31,1,2,1.95,2.75,48.7,52.6,8.1,2024-02-16,0,1.84,1,9
CAND00665,Product Manager,Lead,16.1,Associate,100.0,80.5,50.7,6.65,4,7.37,3.72,1,6,0.77,1.77,41.4,46.6,12.4,2024-08-15,0,1.64,1,6
CAND00666,Product Manager,Entry,0.4,Master,61.8,39.5,75.0,6.56,4,8.04,4.11,1,1,1.23,4.17,83.2,90.0,8.2,2023-11-10,0,2.51,1,18
CAND00667,Sales Representative,Senior,11.0,Master,57.6,96.0,82.4,7.14,4,7.46,4.67,1,4,1.03,1.23,109.9,112.5,2.4,2024-02-16,1,4.77,1,3
CAND00668,Customer Support,Entry,1.4,Master,91.1,75.2,36.2,7.46,3,7.31,4.42,1,1,1.56,0.43,30.3,34.2,12.7,2024-07-02,1,3.8,1,5
CAND00669,Sales Representative,Mid,5.4,Bachelor,91.0,78.9,75.3,6.54,5,7.31,4.64,1,2,1.12,0.48,47.4,45.9,-3.1,2024-01-30,1,2.87,0,6
CAND00670,Customer Support,Senior,7.3,Associate,78.8,35.9,64.3,5.44,3,7.16,3.53,1,2,5.08,0.98,66.0,71.6,8.5,2023-12-23,0,2.53,0,14
CAND00671,Customer Support,Entry,1.2,Bachelor,27.0,55.9,86.7,6.68,5,7.69,3.91,1,1,1.88,1.39,98.3,95.7,-2.6,2024-02-08,0,1.53,0,18
CAND00672,Data Scientist,Entry,1.5,Master,74.1,62.7,89.1,7.91,5,7.65,4.2,1,1,2.46,2.54,62.7,63.7,1.7,2023-12-15,1,3.36,1,4
CAND00673,Product Manager,Mid,5.8,Master,75.7,65.5,73.3,6.99,5,7.06,4.33,1,2,1.83,0.73,84.2,89.1,5.8,2024-01-15,0,2.54,1,16
CAND00674,Product Manager,Entry,0.6,Master,48.0,74.6,78.1,7.48,3,6.72,3.68,1,1,2.32,1.3,66.0,65.2,-1.2,2023-12-06,0,1.88,1,10
CAND00675,Marketing Specialist,Mid,4.1,Bachelor,63.3,36.6,75.9,4.64,5,6.87,4.75,1,1,1.24,3.73,57.2,61.7,7.9,2024-10-17,0,2.6,0,5
CAND00676,Software Engineer,Entry,1.4,Master,79.6,56.9,43.5,8.24,3,7.06,3.49,1,1,2.13,0.91,35.5,38.8,9.3,2024-10-15,0,3.14,1,16
CAND00677,Customer Support,Entry,1.6,Master,85.3,59.5,92.2,5.1,5,8.26,4.33,1,1,0.49,2.81,71.1,77.8,9.5,2024-07-23,0,2.82,1,6
CAND00678,UX Designer,Entry,1.1,Master,73.9,78.4,74.8,8.13,5,7.26,4.39,1,1,5.46,0.81,55.3,58.2,5.3,2023-12-16,0,2.76,1,24
CAND00679,Software Engineer,Senior,10.0,Bachelor,79.3,90.4,51.4,7.12,4,6.25,3.79,1,4,0.64,1.29,59.4,61.2,3.0,2023-12-22,1,2.96,1,4
CAND00680,Customer Support,Senior,11.6,Master,99.5,56.8,54.6,7.23,5,6.59,4.58,1,4,1.3,2.47,49.3,53.8,9.1,2024-06-06,1,3.6,1,13
CAND00681,Operations Manager,Senior,11.3,Master,100.0,67.8,79.7,4.82,3,7.48,3.53,1,4,2.34,1.71,79.5,79.9,0.5,2023-11-23,1,3.65,1,6
CAND00682,UX Designer,Senior,9.4,Master,100.0,91.6,75.0,7.16,4,7.95,3.37,1,3,2.73,2.74,68.1,74.7,9.6,2024-03-20,1,3.17,1,6
CAND00683,Data Scientist,Mid,4.6,PhD,95.4,51.3,71.5,7.48,5,6.53,4.31,1,1,4.93,1.2,34.8,35.5,2.0,2024-10-08,1,4.09,1,5
CAND00684,Product Manager,Entry,1.6,Master,83.2,79.1,31.2,3.96,4,6.54,4.71,1,1,4.93,1.14,62.2,61.9,-0.5,2024-04-09,0,1.73,0,19
CAND00685,Operations Manager,Mid,4.2,PhD,68.2,76.4,83.0,6.25,4,6.68,4.84,1,1,3.32,1.77,36.8,36.4,-1.0,2024-07-26,0,3.52,1,4
CAND00686,Marketing Specialist,Senior,7.3,Bachelor,98.6,82.6,66.1,4.48,5,6.97,3.7,1,2,2.73,1.07,42.5,42.0,-1.3,2024-08-26,1,4.14,1,5
CAND00687,Marketing Specialist,Mid,4.8,Bachelor,95.9,86.5,67.0,6.15,5,7.42,2.61,1,1,0.73,1.78,91.6,90.4,-1.3,2024-05-28,0,2.52,0,38
CAND00688,Marketing Specialist,Mid,4.0,Bachelor,77.6,83.0,53.8,6.24,4,6.85,4.21,1,1,5.67,0.81,44.1,42.9,-2.6,2024-09-02,0,2.52,1,18
CAND00689,Marketing Specialist,Entry,0.8,PhD,52.4,54.2,79.6,4.29,5,6.89,3.44,1,1,1.06,1.05,49.4,51.3,3.9,2024-01-25,1,2.58,1,6
CAND00690,Data Scientist,Mid,5.2,Master,92.2,84.8,84.1,9.01,4,7.4,3.65,1,2,0.23,0.67,47.2,49.2,4.3,2024-07-07,0,1.83,0,12
CAND00691,Operations Manager,Mid,4.8,Master,100.0,63.8,90.8,8.9,3,6.54,4.53,1,1,6.06,0.35,70.6,77.1,9.2,2024-06-24,1,4.28,1,6
CAND00692,Operations Manager,Mid,4.8,Bachelor,83.4,68.5,89.9,4.38,3,7.01,4.79,1,1,2.98,0.89,96.2,109.3,13.6,2024-08-27,0,1.27,0,18
CAND00693,Data Scientist,Entry,1.5,Master,80.2,89.9,55.8,7.25,3,6.19,4.44,0,1,7.11,3.44,68.2,69.1,1.4,2024-06-12,0,1.34,1,9
CAND00694,UX Designer,Entry,0.0,Master,66.8,61.1,57.8,6.77,5,7.43,3.2,1,1,1.14,0.79,59.3,66.5,12.2,2024-04-07,0,2.05,1,11
CAND00695,Sales Representative,Mid,3.1,PhD,86.4,63.9,73.9,5.06,3,7.43,4.81,1,1,4.48,1.07,35.5,38.6,8.9,2024-05-24,1,4.3,1,4
CAND00696,Marketing Specialist,Mid,3.3,Bachelor,74.6,84.8,92.6,7.56,3,8.21,4.18,1,1,1.87,0.97,41.2,46.4,12.7,2024-08-18,0,2.4,0,10
CAND00697,Operations Manager,Entry,1.0,Master,72.0,28.4,88.3,6.66,5,6.86,4.72,1,1,3.76,2.16,40.1,40.3,0.3,2024-03-13,1,3.41,1,6
CAND00698,Operations Manager,Mid,5.3,Bachelor,90.6,91.0,78.7,7.8,4,6.58,4.75,0,2,1.22,2.08,28.2,29.6,4.9,2024-02-27,0,3.17,1,12
CAND00699,Software Engineer,Entry,1.9,Master,75.3,65.7,82.3,8.19,3,7.55,4.26,1,1,5.23,0.62,35.3,34.6,-1.9,2024-04-20,0,1.97,1,7
CAND00700,Operations Manager,Mid,3.9,Bachelor,79.2,83.3,57.0,7.95,3,6.71,3.56,1,1,2.56,0.27,72.9,72.2,-1.0,2024-07-20,0,2.57,1,21
CAND00701,Marketing Specialist,Mid,4.5,Bachelor,82.8,50.9,58.1,2.98,3,5.84,4.91,1,1,3.33,1.59,44.1,43.5,-1.5,2024-10-13,1,3.83,0,4
CAND00702,Customer Support,Entry,0.2,Master,88.1,52.7,84.7,7.78,4,7.38,3.63,1,1,4.74,0.88,63.7,64.3,0.9,2024-01-07,1,3.93,1,5
CAND00703,Operations Manager,Entry,1.6,Master,75.2,55.3,40.3,7.88,4,7.3,4.2,1,1,0.97,1.69,71.2,69.1,-2.9,2024-02-07,0,1.61,0,42
CAND00704,Software Engineer,Entry,1.0,Bachelor,73.3,64.1,60.9,6.96,3,6.54,4.36,1,1,0.49,0.6,73.0,76.3,4.5,2024-04-01,0,1.68,1,2
CAND00705,Product Manager,Mid,5.2,Bachelor,56.5,59.2,84.1,6.85,4,5.8,4.79,1,2,1.43,2.06,45.7,45.0,-1.7,2024-05-04,1,4.23,1,9
CAND00706,UX Designer,Mid,5.3,Bachelor,80.0,61.8,33.9,8.43,4,7.13,4.4,1,2,2.35,0.41,58.6,66.8,14.1,2024-10-15,0,1.45,0,10
CAND00707,UX Designer,Entry,1.2,Bachelor,60.0,88.7,53.2,7.11,3,7.12,4.15,1,1,2.59,1.84,67.3,73.1,8.5,2024-01-21,0,1.64,0,3
CAND00708,Sales Representative,Mid,4.6,Bachelor,92.1,78.3,24.9,8.0,4,7.06,4.62,1,1,1.92,0.82,65.2,62.9,-3.6,2024-01-29,0,3.06,0,31
CAND00709,Customer Support,Senior,11.4,Master,100.0,90.0,80.1,7.88,3,8.13,4.48,1,4,1.66,1.63,70.0,78.1,11.6,2024-04-24,1,4.22,1,2
CAND00710,Operations Manager,Entry,1.6,Associate,54.2,54.3,73.0,6.5,5,6.4,4.0,1,1,2.77,0.4,49.2,49.9,1.4,2024-06-17,1,3.14,1,4
CAND00711,Data Scientist,Entry,1.2,Master,96.3,53.2,43.5,7.52,3,7.26,4.53,1,1,5.15,0.54,48.6,47.6,-2.2,2024-09-19,0,2.72,1,23
CAND00712,UX Designer,Mid,4.4,Bachelor,99.2,96.0,74.4,4.71,4,6.7,4.73,1,1,2.75,2.58,69.3,78.3,13.0,2024-05-18,1,3.57,0,5
CAND00713,Marketing Specialist,Entry,0.6,Master,28.0,67.4,62.9,5.45,3,7.2,4.6,1,1,1.51,0.62,68.2,76.1,11.6,2024-07-29,0,3.06,1,8
CAND00714,UX Designer,Entry,0.5,Master,88.6,80.0,83.4,5.0,5,6.62,4.51,1,1,4.08,0.65,36.9,39.1,5.9,2024-10-18,1,2.95,1,5
CAND00715,Software Engineer,Senior,10.8,Master,89.0,59.0,62.4,7.51,3,6.09,4.79,1,4,1.14,4.87,75.4,77.9,3.3,2024-08-29,1,3.77,1,10
CAND00716,Marketing Specialist,Entry,0.3,Master,77.5,63.0,37.2,4.98,4,7.79,4.31,1,1,2.53,0.57,67.1,64.6,-3.8,2024-02-16,0,1.24,1,10
CAND00717,Operations Manager,Mid,3.2,Associate,59.3,85.4,56.3,5.26,3,6.58,3.82,1,1,0.81,4.16,65.5,67.3,2.7,2024-01-02,0,2.02,0,14
CAND00718,Product Manager,Mid,3.8,Bachelor,94.7,46.7,56.1,5.96,4,7.37,4.29,1,1,1.03,1.86,59.2,57.4,-3.0,2023-12-30,0,2.18,0,18
CAND00719,Marketing Specialist,Mid,3.3,Bachelor,91.5,65.0,71.2,8.4,3,7.34,4.51,1,1,1.81,1.52,60.8,65.3,7.4,2024-04-20,0,1.54,1,16
CAND00720,Customer Support,Senior,9.1,Bachelor,84.8,63.3,50.9,4.78,5,7.62,4.64,1,3,0.88,2.13,60.9,62.5,2.6,2024-05-19,1,3.56,1,8
CAND00721,Operations Manager,Mid,4.9,Bachelor,69.0,88.1,88.0,8.82,5,7.21,4.53,1,1,0.66,2.76,44.0,45.0,2.4,2024-01-24,1,2.84,1,2
CAND00722,Customer Support,Mid,5.9,Master,79.2,83.8,89.1,7.21,4,7.72,3.85,1,2,2.41,0.48,75.8,84.9,12.0,2024-10-30,1,4.22,1,2
CAND00723,Marketing Specialist,Senior,10.3,Master,69.1,92.0,43.9,6.08,4,6.67,4.59,0,4,1.36,0.62,84.6,89.4,5.7,2023-11-29,0,2.69,0,6
CAND00724,Data Scientist,Entry,0.8,PhD,57.3,78.2,83.9,7.91,4,7.24,4.14,1,1,1.66,1.92,68.8,70.7,2.7,2024-01-14,0,2.4,0,7
CAND00725,Customer Support,Entry,1.8,Master,100.0,85.3,66.9,5.24,5,7.83,3.81,0,1,2.34,0.45,61.8,65.1,5.5,2023-11-21,0,2.45,0,2
CAND00726,Software Engineer,Mid,3.1,Bachelor,92.0,88.9,51.2,4.57,5,7.34,3.72,1,1,1.36,1.73,57.3,59.2,3.2,2024-03-10,1,2.82,1,9
CAND00727,Customer Support,Entry,1.6,PhD,58.3,55.1,81.7,7.27,5,5.97,3.94,1,1,0.46,1.22,30.7,34.0,10.9,2024-01-16,0,3.67,0,3
CAND00728,Sales Representative,Lead,17.0,Master,100.0,90.3,48.7,5.77,5,7.46,4.29,1,6,2.78,0.49,52.0,55.6,7.0,2024-10-12,0,1.7,0,21
CAND00729,Operations Manager,Mid,3.3,Bachelor,79.4,77.9,83.6,8.58,3,7.23,3.48,1,1,0.6,3.19,57.6,56.2,-2.4,2024-02-13,0,2.44,1,14
CAND00730,UX Designer,Lead,15.1,Bachelor,100.0,72.9,49.4,8.23,3,7.36,4.81,1,6,3.86,1.24,66.6,75.7,13.7,2023-11-25,0,1.97,0,7
CAND00731,Sales Representative,Mid,5.0,Bachelor,53.2,76.6,37.2,7.36,3,6.59,3.84,1,1,1.55,1.54,49.9,57.1,14.2,2024-01-19,1,2.78,1,10
CAND00732,Data Scientist,Mid,3.8,PhD,100.0,94.4,77.3,7.79,3,6.7,4.49,1,1,3.74,1.33,69.9,70.1,0.4,2024-10-29,0,2.55,0,22
CAND00733,Operations Manager,Mid,3.7,Bachelor,73.8,46.5,79.3,7.05,4,7.6,3.55,1,1,0.55,0.48,71.5,79.5,11.2,2024-04-07,0,1.74,0,11
CAND00734,Product Manager,Mid,5.8,PhD,78.6,54.2,43.5,7.46,4,6.58,3.78,1,2,3.24,2.51,65.2,68.3,4.6,2023-11-20,0,2.32,1,26
CAND00735,Sales Representative,Entry,0.3,Bachelor,70.3,62.0,77.2,7.84,4,8.65,4.66,1,1,1.69,0.91,38.7,42.6,10.0,2024-02-25,1,2.85,1,4
CAND00736,Operations Manager,Mid,4.2,Master,75.0,63.4,78.7,4.68,5,7.57,4.57,1,1,1.85,1.64,48.0,54.1,12.7,2024-10-07,0,2.93,0,19
CAND00737,Product Manager,Senior,10.8,Bachelor,99.9,82.1,60.1,6.82,5,5.77,4.37,1,4,0.65,1.01,27.2,28.8,5.7,2024-07-24,0,2.94,1,5
CAND00738,Marketing Specialist,Mid,4.0,Master,64.8,51.9,85.1,8.68,5,6.74,3.95,1,1,1.07,1.85,68.2,68.9,0.9,2024-03-08,0,1.88,0,16
CAND00739,UX Designer,Mid,5.4,Master,88.1,35.6,70.7,6.92,4,7.5,4.65,1,2,1.79,1.09,51.8,57.4,10.7,2024-08-11,0,2.33,0,10
CAND00740,Operations Manager,Mid,4.5,Bachelor,94.1,70.8,45.3,4.75,5,6.56,3.07,1,1,4.27,4.26,29.8,28.9,-3.0,2024-05-16,0,2.09,1,6
CAND00741,Marketing Specialist,Entry,1.4,Master,92.0,57.8,75.5,7.09,5,6.96,4.08,1,1,4.01,0.91,42.3,44.1,4.3,2023-11-25,1,2.35,1,7
CAND00742,Customer Support,Entry,0.8,Bachelor,47.7,51.5,66.4,6.03,5,7.19,4.59,1,1,5.15,0.76,51.9,50.0,-3.6,2024-03-05,0,1.55,0,24
CAND00743,Sales Representative,Entry,0.5,PhD,68.1,81.1,90.8,7.33,3,7.15,3.98,1,1,5.82,0.35,94.5,101.9,7.8,2024-06-18,0,1.5,0,18
CAND00744,Customer Support,Entry,1.5,Bachelor,39.1,63.5,69.6,6.17,3,5.95,3.34,1,1,3.26,1.8,21.5,22.2,3.1,2024-06-08,0,2.19,1,15
CAND00745,Customer Support,Senior,11.7,Master,85.8,76.3,48.6,7.13,5,7.19,4.34,1,4,1.15,0.89,55.9,64.2,14.8,2024-07-24,1,3.84,1,2
CAND00746,Operations Manager,Lead,17.4,Master,83.7,100.0,70.6,7.21,4,7.36,3.57,1,6,4.87,0.85,63.2,64.2,1.7,2024-03-07,1,2.66,1,2
CAND00747,Marketing Specialist,Entry,1.7,Master,74.0,74.1,33.9,6.85,5,6.38,4.23,1,1,3.0,0.97,75.7,85.2,12.5,2024-06-20,0,1.92,0,6
CAND00748,Customer Support,Entry,0.4,PhD,93.9,66.3,75.5,9.02,3,5.88,4.61,1,1,2.68,1.04,52.4,52.7,0.6,2024-01-19,1,3.85,0,4
CAND00749,UX Designer,Entry,1.8,Master,48.0,52.3,70.5,7.53,4,7.83,4.54,1,1,1.14,3.13,78.1,88.9,13.9,2024-05-15,0,2.11,0,10
CAND00750,Product Manager,Entry,0.9,Master,88.4,64.7,72.7,7.18,4,6.64,3.68,1,1,0.69,0.63,51.3,55.0,7.3,2024-10-17,0,2.03,1,9
CAND00751,Customer Support,Entry,1.5,Bachelor,82.5,82.2,84.2,6.41,5,7.4,4.58,1,1,2.15,0.46,65.9,73.4,11.4,2024-09-28,0,1.62,0,14
CAND00752,Marketing Specialist,Senior,8.1,Bachelor,57.0,54.5,70.0,6.15,4,7.58,4.34,1,3,1.79,0.98,48.6,51.9,6.8,2023-12-08,0,3.49,1,22
CAND00753,Customer Support,Senior,9.9,Associate,61.9,100.0,74.1,8.43,5,7.04,4.33,1,3,1.2,1.62,68.3,74.2,8.7,2024-03-07,0,1.59,0,14
CAND00754,Sales Representative,Mid,3.2,Bachelor,82.5,61.1,84.8,4.99,3,7.0,4.8,1,1,4.48,3.0,86.9,99.4,14.4,2024-02-06,1,3.0,1,2
CAND00755,Customer Support,Senior,9.2,Bachelor,90.8,96.9,69.8,4.34,5,7.26,4.36,1,3,1.72,0.77,71.4,78.2,9.5,2023-11-17,0,1.91,0,19
CAND00756,Customer Support,Entry,1.7,PhD,48.6,73.1,84.9,6.87,3,5.4,3.9,1,1,1.25,3.73,43.1,46.5,7.8,2024-09-13,0,3.01,1,13
CAND00757,Sales Representative,Entry,0.4,Bachelor,74.3,47.2,73.2,6.94,3,7.3,4.36,1,1,1.59,0.59,29.5,33.4,13.3,2024-10-13,0,2.58,0,8
CAND00758,Sales Representative,Mid,3.3,Master,64.4,81.7,93.3,6.21,5,7.34,4.18,0,1,1.19,0.14,53.5,54.8,2.4,2024-07-11,1,3.21,1,4
CAND00759,Software Engineer,Entry,0.8,Bachelor,81.7,61.7,66.0,7.25,3,6.75,4.26,1,1,2.06,0.79,61.0,67.7,11.1,2024-04-10,1,3.0,1,3
CAND00760,Marketing Specialist,Mid,3.9,Bachelor,77.3,74.9,87.6,4.81,5,7.1,4.66,1,1,1.16,1.92,84.4,85.0,0.6,2024-03-11,0,3.39,0,20
CAND00761,Data Scientist,Senior,8.6,Bachelor,72.0,68.1,91.5,8.58,5,7.17,3.41,1,3,1.12,2.62,59.1,66.5,12.6,2024-08-29,0,1.52,0,13
CAND00762,Software Engineer,Senior,10.7,Bachelor,100.0,73.5,37.8,3.89,5,8.53,4.89,1,4,1.07,2.09,56.2,60.4,7.6,2024-08-19,0,2.22,1,10
CAND00763,UX Designer,Entry,0.1,Bachelor,59.5,79.1,36.3,7.3,5,7.15,4.0,1,1,2.64,1.85,43.7,47.1,7.6,2024-03-09,0,1.72,1,6
CAND00764,Operations Manager,Senior,7.1,Bachelor,100.0,89.3,68.0,8.83,5,6.45,4.4,1,2,1.13,1.66,42.1,48.2,14.7,2024-07-28,1,4.03,1,4
CAND00765,Customer Support,Mid,3.0,Bachelor,81.3,79.3,84.4,7.08,4,6.52,4.41,1,1,2.93,1.77,93.0,105.3,13.2,2024-06-14,1,3.14,1,3
CAND00766,Software Engineer,Senior,11.8,PhD,89.8,84.9,69.8,5.67,3,7.1,3.3,1,4,2.92,0.03,46.8,46.3,-1.0,2023-12-10,0,2.27,1,7
CAND00767,Sales Representative,Mid,4.9,Bachelor,83.2,68.6,84.0,4.36,5,6.47,4.26,0,1,1.49,0.47,83.2,93.6,12.4,2024-10-19,0,2.74,0,5
CAND00768,Product Manager,Senior,10.8,Master,100.0,83.9,46.4,7.21,4,7.99,4.58,1,4,2.69,1.4,76.6,81.7,6.7,2024-08-09,0,1.97,1,6
CAND00769,Software Engineer,Senior,7.1,PhD,73.5,61.5,77.2,8.23,4,5.71,4.93,1,2,8.96,1.93,74.8,77.1,3.1,2024-02-28,1,4.1,1,5
CAND00770,Product Manager,Entry,1.5,Bachelor,51.8,78.1,73.4,5.39,5,6.57,4.71,1,1,7.23,2.66,68.0,74.7,9.9,2024-06-12,0,1.62,0,10
CAND00771,Software Engineer,Mid,3.9,Bachelor,100.0,86.2,69.4,4.11,3,8.92,4.25,1,1,4.1,2.82,60.1,61.0,1.5,2024-06-08,1,4.24,1,8
CAND00772,Data Scientist,Entry,1.7,Bachelor,69.4,64.2,66.8,7.26,4,5.89,3.61,1,1,2.11,0.14,104.8,112.7,7.6,2024-06-15,0,1.79,1,6
CAND00773,Operations Manager,Mid,4.7,Bachelor,100.0,48.0,74.5,8.52,5,7.7,3.71,1,1,8.16,1.01,63.2,65.8,4.1,2024-02-03,1,2.86,0,7
CAND00774,Operations Manager,Senior,10.3,PhD,100.0,61.4,57.9,6.13,3,6.16,4.66,1,4,3.63,1.43,51.4,53.7,4.5,2024-02-23,0,1.98,1,10
CAND00775,Operations Manager,Senior,10.0,Bachelor,100.0,97.5,70.0,5.06,4,6.74,3.61,1,4,4.28,0.71,124.6,134.7,8.1,2024-08-01,0,2.55,0,13
CAND00776,Data Scientist,Mid,3.0,Bachelor,60.5,92.0,74.8,5.34,4,7.9,4.54,1,1,1.68,3.21,57.3,62.4,8.9,2024-08-16,0,1.91,0,9
CAND00777,Operations Manager,Senior,8.2,Bachelor,92.3,52.2,88.5,7.56,5,7.21,3.52,1,3,0.25,0.2,74.8,82.1,9.8,2024-06-29,0,2.64,0,14
CAND00778,Product Manager,Entry,0.6,Master,78.7,75.2,48.1,6.26,3,6.24,3.62,1,1,3.58,0.59,32.5,33.5,3.1,2024-05-19,0,2.14,1,13
CAND00779,Customer Support,Mid,4.4,PhD,61.7,89.8,90.8,7.49,5,6.2,4.71,1,1,5.46,0.81,42.8,48.9,14.4,2023-11-28,0,2.59,0,11
CAND00780,Sales Representative,Mid,3.7,Master,88.7,47.3,68.3,6.17,3,5.38,4.66,1,1,5.82,0.24,48.6,53.1,9.1,2023-12-31,0,2.2,0,17
CAND00781,UX Designer,Mid,4.8,Bachelor,72.4,52.2,70.9,6.54,4,7.26,4.0,1,1,7.02,5.38,53.5,60.9,13.9,2024-02-18,0,2.03,1,11
CAND00782,Marketing Specialist,Mid,3.4,Bachelor,66.2,67.1,60.0,8.11,3,7.76,4.44,1,1,0.82,2.25,65.3,68.8,5.4,2024-04-16,0,2.9,1,11
CAND00783,Data Scientist,Entry,1.8,Bachelor,80.9,45.1,46.8,8.66,3,6.49,3.97,1,1,1.06,0.5,73.2,72.8,-0.6,2024-08-28,0,1.59,1,8
CAND00784,Operations Manager,Mid,4.0,Master,91.5,39.8,73.6,7.45,4,7.45,4.05,1,1,14.61,1.77,61.5,69.0,12.1,2024-07-03,0,3.79,1,17
CAND00785,Software Engineer,Mid,5.9,Bachelor,86.1,74.0,70.9,5.27,4,7.69,3.34,1,2,0.94,2.2,60.4,66.5,10.0,2024-04-25,0,1.57,0,7
CAND00786,Sales Representative,Lead,14.2,Bachelor,100.0,77.5,90.6,6.44,4,5.44,4.1,1,5,1.15,0.42,88.1,99.8,13.3,2024-06-24,0,1.77,0,16
CAND00787,Marketing Specialist,Mid,3.1,Master,84.5,34.4,74.9,8.17,4,6.37,4.09,1,1,1.62,3.01,41.9,41.8,-0.1,2024-01-14,0,2.45,0,13
CAND00788,Software Engineer,Mid,4.3,PhD,93.7,70.0,89.3,7.0,4,7.58,4.59,1,1,2.94,1.2,64.8,62.9,-2.9,2023-12-09,0,3.29,0,6
CAND00789,Marketing Specialist,Entry,1.6,Bachelor,59.5,76.5,65.3,8.59,5,6.28,4.15,1,1,3.2,0.39,59.4,57.7,-2.8,2024-07-10,0,2.79,0,15
CAND00790,Software Engineer,Senior,7.8,Master,96.7,77.5,38.0,6.94,5,5.83,3.98,1,3,1.01,0.23,35.3,35.1,-0.5,2024-09-08,1,4.12,1,1
CAND00791,Operations Manager,Entry,1.9,Bachelor,77.9,69.5,68.0,4.07,4,6.33,3.74,0,1,0.96,1.16,55.5,60.6,9.1,2024-08-18,0,1.38,1,15
CAND00792,UX Designer,Entry,1.7,Associate,84.4,60.3,56.8,5.27,5,7.14,4.35,1,1,2.3,2.27,72.1,76.7,6.4,2024-02-24,0,1.65,0,14
CAND00793,Customer Support,Senior,11.0,PhD,100.0,68.8,68.1,4.46,5,7.66,3.85,1,4,3.18,1.2,62.3,59.7,-4.2,2024-09-08,0,1.98,0,16
CAND00794,Customer Support,Mid,4.7,Master,54.7,87.3,67.1,5.95,4,6.98,4.4,1,1,7.4,3.62,85.9,90.1,4.9,2023-12-29,1,4.4,1,1
CAND00795,Sales Representative,Mid,4.8,Master,79.5,64.9,67.1,6.64,3,5.37,4.28,1,1,1.75,2.9,82.7,86.8,5.0,2024-08-31,0,3.33,0,16
CAND00796,Operations Manager,Mid,3.1,Bachelor,77.3,71.3,64.2,7.73,3,6.96,4.34,1,1,3.92,0.98,96.6,105.5,9.2,2024-03-20,0,2.48,1,13
CAND00797,Marketing Specialist,Entry,0.9,Bachelor,66.8,40.6,72.5,7.22,4,7.19,3.16,1,1,4.55,1.43,69.3,68.8,-0.7,2023-11-14,0,2.99,0,11
CAND00798,Operations Manager,Mid,5.6,Master,65.9,45.8,82.8,8.03,5,7.77,3.03,1,2,1.52,0.71,68.8,72.7,5.6,2023-12-03,1,3.76,1,9
CAND00799,Sales Representative,Entry,1.4,Master,96.0,85.6,90.3,7.07,3,7.81,4.11,1,1,6.07,1.57,68.0,76.4,12.3,2023-11-25,0,1.72,1,24
CAND00800,Data Scientist,Lead,19.6,Master,94.9,92.8,57.5,9.22,5,7.14,4.34,1,7,1.3,2.61,51.5,49.7,-3.5,2024-03-24,1,3.04,1,3
CAND00801,Marketing Specialist,Mid,5.3,Master,82.2,70.1,55.1,7.21,3,7.3,2.86,1,2,1.79,1.15,23.0,25.3,9.9,2024-01-24,0,2.37,0,10
CAND00802,Data Scientist,Mid,5.1,PhD,82.1,68.3,69.2,8.07,3,6.27,3.9,1,2,4.38,1.52,70.3,78.5,11.6,2024-02-01,1,3.38,1,6
CAND00803,Sales Representative,Mid,4.7,Master,96.5,68.4,68.1,7.8,5,8.12,4.62,1,1,7.8,0.76,109.3,120.1,9.9,2024-02-07,1,3.92,1,11
CAND00804,Product Manager,Senior,8.4,Bachelor,79.3,57.3,70.1,5.82,3,5.5,4.04,1,3,2.73,0.91,61.5,65.6,6.7,2024-05-24,1,3.98,1,7
CAND00805,Operations Manager,Mid,4.0,Master,38.8,82.2,41.1,6.3,3,5.44,3.78,1,1,0.18,0.49,56.1,55.3,-1.4,2023-11-25,0,3.55,1,4
CAND00806,Sales Representative,Mid,3.8,Bachelor,55.9,78.4,67.9,7.88,5,7.5,3.98,1,1,6.29,0.58,85.0,92.3,8.6,2024-01-14,0,2.37,1,8
CAND00807,Operations Manager,Mid,5.9,Bachelor,65.2,63.7,73.7,7.34,3,8.26,4.31,1,2,2.89,1.82,32.9,32.3,-1.6,2024-02-20,1,3.83,1,1
CAND00808,Operations Manager,Entry,1.3,Master,82.6,80.8,73.1,6.15,3,4.96,3.42,1,1,0.74,0.78,49.7,53.7,8.2,2024-03-20,0,2.16,0,16
CAND00809,Product Manager,Mid,4.4,Master,57.1,79.5,52.8,5.06,5,6.69,4.52,1,1,4.28,0.57,61.5,64.7,5.3,2024-04-09,1,3.44,1,3
CAND00810,Operations Manager,Mid,4.7,PhD,89.9,82.3,76.0,6.8,5,6.05,3.26,1,1,2.87,1.62,61.4,58.7,-4.3,2024-10-09,0,2.09,1,26
CAND00811,Operations Manager,Mid,4.8,Master,100.0,84.1,67.3,8.19,5,6.35,3.51,1,1,6.43,2.37,89.6,87.4,-2.5,2024-06-03,0,2.36,1,9
CAND00812,Software Engineer,Mid,3.3,Master,94.8,94.1,72.4,9.21,4,6.97,4.57,1,1,3.37,2.66,63.3,60.6,-4.2,2024-06-30,1,4.19,1,9
CAND00813,Software Engineer,Mid,3.7,Bachelor,60.7,81.5,87.4,6.6,5,6.19,4.24,1,1,0.47,0.41,85.9,84.4,-1.8,2024-07-19,1,3.33,1,14
CAND00814,Data Scientist,Entry,1.8,PhD,73.6,59.5,72.2,4.61,3,7.06,4.02,1,1,1.02,1.24,61.5,70.7,14.9,2024-04-05,0,2.81,1,29
CAND00815,Marketing Specialist,Senior,9.8,Bachelor,62.4,52.4,23.1,8.32,5,6.99,4.97,1,3,3.77,0.54,90.1,98.0,8.8,2024-10-06,0,1.58,1,19
CAND00816,Software Engineer,Entry,0.9,Master,70.1,79.2,47.1,8.63,3,7.13,3.75,1,1,4.05,2.54,46.5,47.9,3.0,2024-03-11,0,1.65,1,20
CAND00817,Software Engineer,Lead,18.9,Master,93.0,86.4,33.0,8.16,4,6.82,4.68,1,7,0.56,2.21,94.0,107.7,14.6,2024-04-12,0,2.48,1,18
CAND00818,Product Manager,Mid,4.0,Master,59.7,28.9,82.8,6.02,3,6.83,4.31,1,1,1.02,0.91,64.2,69.4,8.1,2023-12-15,0,3.01,0,16
CAND00819,UX Designer,Mid,5.6,PhD,100.0,86.1,68.2,6.8,4,7.29,4.87,1,2,1.62,1.8,53.5,51.4,-3.9,2024-04-26,1,4.44,1,7
CAND00820,Operations Manager,Entry,0.3,Bachelor,29.5,51.9,42.3,6.04,4,7.11,3.22,1,1,1.25,1.95,67.3,72.6,7.9,2024-04-29,1,4.72,1,6
CAND00821,Data Scientist,Lead,18.2,Master,97.9,100.0,79.9,7.63,5,7.73,4.6,1,7,1.29,1.52,78.8,76.7,-2.6,2023-12-05,1,4.16,1,1
CAND00822,Product Manager,Mid,3.0,Bachelor,67.4,55.6,51.4,6.3,5,6.35,4.5,1,1,1.12,0.35,71.9,74.5,3.6,2024-05-13,0,2.67,0,11
CAND00823,Data Scientist,Entry,0.7,Bachelor,85.2,52.1,84.2,8.78,3,6.82,3.82,0,1,1.52,1.67,54.2,57.0,5.1,2024-02-06,1,4.68,1,7
CAND00824,UX Designer,Mid,4.4,Bachelor,72.0,68.6,82.9,9.4,5,6.92,3.88,1,1,1.0,0.33,64.1,67.2,4.8,2024-09-03,1,3.97,1,4
CAND00825,Sales Representative,Entry,1.4,PhD,72.7,46.4,31.0,5.11,3,5.71,4.29,1,1,3.42,1.89,57.7,65.6,13.7,2024-10-27,1,2.49,0,1
CAND00826,Customer Support,Entry,1.3,Bachelor,89.4,40.6,59.5,7.36,4,6.28,3.97,1,1,1.38,1.41,40.1,45.6,13.8,2023-11-29,0,3.09,1,12
CAND00827,UX Designer,Lead,19.8,Bachelor,100.0,100.0,47.1,6.75,5,7.15,4.85,1,7,1.93,2.97,69.8,73.8,5.8,2024-04-27,1,3.62,1,16
CAND00828,Sales Representative,Entry,0.6,PhD,79.3,60.1,55.5,5.3,3,5.71,4.16,1,1,5.13,1.78,59.8,66.0,10.4,2024-03-17,1,4.12,1,2
CAND00829,Marketing Specialist,Entry,0.6,Master,56.0,51.1,61.7,6.85,3,6.67,3.99,1,1,0.63,0.47,81.1,86.6,6.8,2024-06-19,1,2.67,1,7
CAND00830,Sales Representative,Senior,9.9,Bachelor,84.8,78.2,34.8,6.6,5,7.53,4.65,1,3,2.56,0.78,25.0,27.7,10.7,2024-09-11,0,1.42,1,11
CAND00831,Software Engineer,Senior,9.5,Master,76.1,83.8,63.0,6.04,5,6.74,3.31,1,3,2.76,1.08,43.6,44.8,2.8,2024-04-07,0,2.75,1,20
CAND00832,Software Engineer,Senior,8.4,PhD,71.9,60.3,33.4,5.54,3,7.97,4.53,1,3,0.9,4.14,72.8,79.8,9.7,2024-07-25,0,1.64,0,12
CAND00833,Data Scientist,Mid,3.5,Master,80.0,51.2,42.9,8.99,3,7.86,3.95,1,1,2.33,3.01,33.2,35.9,8.0,2024-01-08,0,2.67,1,11
CAND00834,Software Engineer,Mid,3.3,Master,59.9,45.5,49.4,4.66,4,7.43,4.25,1,1,6.39,0.96,65.6,68.4,4.2,2024-01-06,0,1.35,1,8
CAND00835,Software Engineer,Senior,11.3,Bachelor,100.0,76.1,78.1,8.05,3,7.92,3.65,1,4,8.29,2.51,70.5,75.2,6.7,2024-10-16,1,4.13,1,6
CAND00836,UX Designer,Entry,0.0,Bachelor,94.0,56.6,55.0,6.51,4,7.27,3.77,1,1,4.63,1.1,49.3,48.8,-1.1,2024-07-11,0,1.09,0,15
CAND00837,Sales Representative,Entry,0.2,Bachelor,49.8,76.3,64.0,5.76,3,7.79,4.61,1,1,2.76,2.99,42.1,42.9,1.8,2024-08-28,0,2.93,1,20
CAND00838,Customer Support,Senior,8.4,Bachelor,96.7,61.9,81.5,7.44,3,7.71,3.96,1,3,5.73,5.61,59.4,64.7,9.0,2024-01-18,1,3.65,1,6
CAND00839,Marketing Specialist,Senior,9.7,Master,100.0,69.9,64.2,8.14,5,7.38,4.86,1,3,1.72,0.67,72.7,74.0,1.7,2024-01-06,0,2.44,1,6
CAND00840,Marketing Specialist,Mid,4.4,Master,100.0,45.8,48.7,7.19,3,6.9,3.92,1,1,8.69,1.95,82.1,91.3,11.2,2024-06-06,1,2.37,1,1
CAND00841,Product Manager,Entry,2.0,PhD,71.0,56.1,56.9,5.81,5,6.99,3.55,1,1,2.22,0.72,45.1,48.1,6.5,2024-02-15,0,1.17,1,13
CAND00842,Sales Representative,Entry,0.7,Master,80.2,82.1,45.6,5.09,4,7.95,4.39,1,1,2.53,0.76,55.8,63.8,14.2,2024-06-07,0,2.04,0,18
CAND00843,Customer Support,Senior,7.3,Bachelor,94.0,49.9,61.8,7.21,3,6.63,4.3,1,2,2.31,0.82,62.0,70.2,13.3,2024-01-27,0,1.96,0,12
CAND00844,Product Manager,Mid,3.4,Master,50.2,79.3,60.4,8.36,5,6.55,3.68,0,1,1.33,1.06,82.9,85.9,3.6,2023-11-26,1,4.55,1,3
CAND00845,UX Designer,Mid,4.1,Master,70.1,46.7,69.1,6.7,5,7.15,4.12,1,1,1.15,0.27,78.4,89.9,14.7,2024-02-28,0,2.56,1,22
CAND00846,Software Engineer,Mid,4.2,Master,71.8,86.4,69.9,8.01,4,6.16,4.42,1,1,0.87,1.13,20.6,21.8,5.9,2023-12-14,1,2.76,1,6
CAND00847,UX Designer,Entry,1.5,Bachelor,75.5,50.2,50.0,4.3,5,7.09,3.87,1,1,6.65,0.93,93.4,94.5,1.3,2024-05-28,1,3.72,1,5
CAND00848,UX Designer,Entry,1.7,Bachelor,98.0,92.5,63.2,3.3,4,6.79,4.11,0,1,0.62,1.3,50.7,58.1,14.6,2024-08-23,0,2.22,1,12
CAND00849,Customer Support,Entry,0.6,Bachelor,75.0,72.4,73.6,7.78,4,6.26,3.75,1,1,4.78,0.69,69.6,72.6,4.3,2024-08-05,0,2.18,0,19
CAND00850,Operations Manager,Senior,9.5,Master,100.0,30.8,33.0,6.41,3,6.58,3.17,1,3,1.86,0.95,81.3,77.8,-4.3,2024-07-15,1,4.13,1,6
CAND00851,Customer Support,Lead,14.2,Master,100.0,89.1,79.0,7.71,5,7.5,4.37,1,5,5.08,1.52,92.6,98.5,6.4,2024-08-26,0,3.01,0,14
CAND00852,Operations Manager,Mid,4.4,Bachelor,82.2,77.0,84.1,6.72,3,6.99,4.36,1,1,3.29,3.31,52.3,58.1,11.2,2024-01-25,0,2.17,0,23
CAND00853,UX Designer,Mid,5.2,Associate,79.8,63.5,47.7,7.94,4,7.53,3.85,1,2,3.31,3.28,53.5,53.6,0.2,2024-01-27,1,4.14,1,17
CAND00854,Product Manager,Mid,3.1,Bachelor,78.3,72.0,49.8,7.13,4,6.68,2.98,1,1,5.95,2.59,60.0,57.9,-3.5,2024-07-06,1,2.83,1,4
CAND00855,Customer Support,Senior,11.7,Master,100.0,83.6,44.5,6.15,3,6.91,4.12,1,4,2.96,1.05,35.7,34.1,-4.5,2024-05-22,1,3.61,1,3
CAND00856,Data Scientist,Mid,4.7,Master,73.2,58.0,68.7,6.31,4,5.63,4.23,1,1,3.07,1.07,70.0,78.4,12.0,2024-05-02,0,1.85,0,5
CAND00857,Data Scientist,Mid,4.0,Master,100.0,61.3,58.2,6.19,5,6.15,3.7,1,1,1.44,0.14,72.7,77.4,6.5,2024-08-02,1,3.81,1,2
CAND00858,Software Engineer,Entry,2.0,PhD,100.0,73.1,89.7,8.74,4,6.49,4.38,1,1,1.9,0.24,51.9,52.5,1.3,2024-04-28,0,3.16,1,17
CAND00859,Software Engineer,Mid,4.9,Master,68.8,84.0,63.6,2.9,3,7.09,3.48,1,1,3.09,1.21,45.0,50.1,11.3,2024-08-03,0,1.63,1,10
CAND00860,Sales Representative,Entry,1.8,PhD,50.7,69.5,59.0,7.07,4,8.1,4.58,1,1,2.61,1.91,43.9,46.7,6.3,2024-07-24,1,3.29,1,2
CAND00861,Marketing Specialist,Mid,3.6,Associate,96.6,35.9,68.6,8.28,4,6.29,4.68,1,1,2.31,3.29,43.4,44.6,2.7,2024-10-31,1,2.73,1,6
CAND00862,Sales Representative,Entry,1.6,Master,87.7,81.0,83.6,5.57,3,6.81,4.58,1,1,1.63,0.68,82.4,94.0,14.1,2024-09-08,0,3.08,0,25
CAND00863,Operations Manager,Entry,0.7,Bachelor,70.8,68.2,85.7,5.64,3,7.3,3.05,1,1,3.29,0.57,104.5,102.8,-1.7,2023-11-17,1,3.9,1,2
CAND00864,Sales Representative,Mid,5.5,Bachelor,94.9,83.5,77.5,7.74,4,5.91,4.39,1,2,6.8,3.38,57.4,60.5,5.5,2024-07-08,1,3.21,1,3
CAND00865,Marketing Specialist,Entry,1.1,Bachelor,84.3,62.1,53.5,6.19,4,5.28,3.86,1,1,2.13,2.41,80.6,91.1,13.0,2024-04-27,1,4.94,1,4
CAND00866,Operations Manager,Entry,1.2,Master,66.6,80.4,67.6,6.11,5,7.4,4.16,1,1,2.94,0.36,61.3,59.7,-2.6,2023-12-11,0,1.54,1,21
CAND00867,Marketing Specialist,Entry,1.6,Bachelor,44.1,49.3,61.9,5.42,4,7.67,4.24,1,1,5.2,2.92,57.5,59.7,3.8,2024-06-27,0,1.72,1,17
CAND00868,Marketing Specialist,Entry,1.2,Associate,50.6,94.3,85.4,6.79,5,6.6,2.9,1,1,4.29,1.09,71.9,80.3,11.6,2024-02-27,0,3.18,1,21
CAND00869,Operations Manager,Entry,1.4,Bachelor,72.2,90.4,78.9,8.92,3,7.69,4.36,0,1,4.35,0.53,29.3,31.7,8.1,2024-03-12,0,2.72,0,9
CAND00870,Marketing Specialist,Mid,4.9,PhD,100.0,56.9,81.6,8.39,3,6.87,4.42,1,1,2.4,1.18,69.4,72.2,4.1,2024-05-02,1,4.25,1,7
CAND00871,Marketing Specialist,Lead,18.1,Bachelor,78.7,78.0,52.0,8.35,4,6.7,4.63,1,7,2.86,3.91,68.1,65.9,-3.3,2024-10-15,1,4.26,1,3
CAND00872,Sales Representative,Mid,5.9,Bachelor,75.9,71.6,64.3,5.4,5,6.73,3.99,1,2,1.59,2.14,58.1,60.5,4.2,2024-08-25,1,3.13,1,13
CAND00873,Software Engineer,Mid,3.7,Bachelor,96.1,93.5,63.1,6.29,4,7.07,3.51,1,1,2.29,1.06,48.5,49.9,2.8,2024-01-29,0,1.51,0,13
CAND00874,UX Designer,Entry,0.9,Bachelor,90.2,85.8,75.4,7.4,4,5.91,4.69,1,1,1.76,0.87,44.1,43.3,-1.8,2024-08-21,0,2.97,1,27
CAND00875,Sales Representative,Senior,10.2,Bachelor,78.8,82.2,69.4,4.35,4,7.48,4.65,1,4,1.31,4.35,62.0,67.1,8.3,2024-07-13,1,3.87,1,10
CAND00876,UX Designer,Lead,16.1,Bachelor,68.9,52.0,80.8,6.98,5,7.33,3.95,1,6,0.99,0.58,107.5,107.6,0.1,2024-07-05,0,2.05,1,13
CAND00877,Operations Manager,Entry,0.1,Master,42.9,76.8,65.5,6.33,5,7.68,4.17,1,1,2.74,0.95,41.2,46.1,11.9,2023-12-08,0,1.55,0,14
CAND00878,Marketing Specialist,Entry,1.7,Master,47.8,68.5,72.5,4.45,4,6.71,4.3,1,1,1.35,1.0,39.1,43.3,10.7,2024-03-02,0,3.23,0,12
CAND00879,Operations Manager,Mid,4.4,Bachelor,65.6,38.6,72.9,6.79,4,6.35,2.94,1,1,5.19,1.06,51.5,57.6,11.9,2024-08-13,1,3.86,1,3
CAND00880,Marketing Specialist,Mid,4.2,Master,66.1,77.4,61.3,5.8,3,6.33,4.75,1,1,5.64,1.44,47.0,46.7,-0.6,2024-08-28,0,3.11,1,5
CAND00881,Operations Manager,Mid,5.9,PhD,74.3,71.4,52.7,8.68,3,7.5,4.58,1,2,2.75,4.11,85.8,85.3,-0.6,2024-02-04,1,4.46,1,5
CAND00882,Software Engineer,Senior,8.3,Bachelor,100.0,78.7,77.8,7.54,5,7.34,4.15,1,3,3.88,2.09,67.4,73.9,9.6,2024-10-21,0,1.92,0,29
CAND00883,Data Scientist,Senior,9.5,Bachelor,83.9,59.6,57.0,9.31,5,7.28,4.15,1,3,1.45,2.17,45.1,47.5,5.4,2024-10-14,1,3.62,1,2
CAND00884,Software Engineer,Senior,10.1,Master,100.0,42.3,47.9,6.64,4,6.86,4.12,1,4,1.37,1.07,62.2,62.1,-0.1,2024-08-29,0,2.54,0,13
CAND00885,Sales Representative,Entry,0.6,Bachelor,90.1,51.8,65.1,7.38,3,8.05,4.74,1,1,2.33,1.97,64.3,72.4,12.6,2023-11-11,0,1.76,0,17
CAND00886,Product Manager,Entry,1.4,Bachelor,75.7,57.8,51.0,3.91,3,6.59,4.75,1,1,2.73,2.17,52.3,50.3,-3.9,2024-07-19,0,2.69,0,20
CAND00887,Operations Manager,Mid,5.2,PhD,96.2,75.0,72.8,6.53,4,6.33,4.85,1,2,2.86,0.82,55.6,54.9,-1.4,2024-10-08,0,3.18,1,10
CAND00888,Operations Manager,Senior,11.6,Master,100.0,43.1,72.5,6.51,5,6.11,4.11,1,4,1.73,0.28,96.0,109.4,13.9,2024-03-03,0,1.02,0,17
CAND00889,Software Engineer,Senior,12.0,Master,100.0,80.0,63.4,8.36,3,7.15,2.81,1,4,4.16,1.91,51.8,50.1,-3.3,2024-02-09,1,3.95,0,3
CAND00890,UX Designer,Entry,1.2,Bachelor,68.4,19.1,91.8,5.74,3,6.3,4.7,1,1,6.84,1.31,61.3,58.8,-4.1,2024-10-30,0,1.72,0,6
CAND00891,Customer Support,Mid,5.1,Bachelor,68.8,50.4,86.1,8.54,5,6.67,4.99,1,2,2.12,0.89,66.7,73.9,10.7,2024-06-14,0,1.8,1,12
CAND00892,Software Engineer,Mid,5.1,Bachelor,60.2,76.9,69.0,7.96,5,6.96,4.76,0,2,3.6,0.73,60.3,67.6,12.1,2023-11-16,0,3.19,0,7
CAND00893,UX Designer,Entry,1.4,Bachelor,88.2,33.8,69.1,8.51,3,5.42,4.52,1,1,6.91,2.16,24.5,27.8,13.5,2024-09-14,0,1.89,1,7
CAND00894,Data Scientist,Mid,4.4,Bachelor,80.5,93.5,79.5,6.31,5,6.75,4.52,1,1,6.8,3.39,69.2,71.7,3.7,2024-08-23,0,1.31,1,19
CAND00895,Sales Representative,Entry,0.9,Bachelor,70.0,60.7,64.3,7.35,3,5.48,4.78,0,1,0.53,2.39,71.9,72.7,1.2,2023-12-26,0,2.31,0,24
CAND00896,Customer Support,Senior,12.0,Master,87.1,48.6,64.7,6.04,4,6.92,2.68,1,4,4.17,0.09,46.4,44.7,-3.8,2024-06-24,0,1.79,0,17
CAND00897,UX Designer,Senior,7.9,PhD,87.0,65.5,74.5,4.91,3,6.67,2.97,1,3,6.73,0.96,37.0,39.5,6.8,2024-04-30,0,1.9,1,19
CAND00898,UX Designer,Mid,3.4,Bachelor,95.2,89.3,56.4,8.3,4,7.24,3.99,1,1,4.91,0.67,62.0,60.3,-2.7,2024-01-23,0,3.23,1,20
CAND00899,Sales Representative,Mid,4.3,Bachelor,89.2,85.6,87.4,5.81,5,6.77,2.5,1,1,2.15,1.35,84.0,84.0,0.1,2024-07-15,0,2.15,0,28
CAND00900,Customer Support,Lead,15.9,Master,91.6,63.4,92.9,4.4,5,6.17,4.21,1,6,4.18,0.94,55.0,54.6,-0.7,2024-09-27,0,2.25,1,29
CAND00901,Software Engineer,Mid,5.8,Bachelor,81.4,82.7,83.6,5.39,3,6.43,4.42,1,2,0.73,0.72,55.9,58.1,4.0,2024-04-14,1,2.95,1,4
CAND00902,UX Designer,Mid,3.0,PhD,68.1,53.9,46.5,4.59,4,7.27,4.77,1,1,1.65,0.89,46.8,51.7,10.5,2024-01-30,0,1.58,0,11
CAND00903,Operations Manager,Entry,0.4,Bachelor,93.1,68.4,79.9,7.5,3,6.82,4.5,0,1,3.33,0.79,76.6,80.6,5.2,2023-12-17,0,1.54,1,8
CAND00904,Software Engineer,Lead,13.9,Master,100.0,91.1,67.7,6.7,5,6.5,2.79,1,5,5.9,4.27,46.0,45.5,-1.1,2024-08-12,1,4.21,1,1
CAND00905,Data Scientist,Mid,3.6,Master,57.8,79.8,64.3,3.87,4,7.09,3.61,1,1,1.65,2.46,88.7,90.9,2.5,2024-03-30,0,2.55,1,11
CAND00906,Marketing Specialist,Mid,3.5,Bachelor,100.0,79.9,78.6,5.79,5,7.07,4.5,1,1,1.15,0.58,61.0,61.1,0.1,2024-09-20,0,2.84,0,17
CAND00907,Software Engineer,Mid,4.3,Master,78.3,37.1,47.5,7.91,3,8.15,2.92,1,1,2.53,0.71,71.2,76.7,7.6,2024-07-22,0,2.69,0,1
CAND00908,Operations Manager,Entry,1.8,Master,65.8,70.4,49.2,7.34,4,6.8,4.68,1,1,1.22,0.67,52.9,56.3,6.4,2024-10-15,0,2.27,0,27
CAND00909,Data Scientist,Mid,4.7,Master,79.3,90.3,43.0,8.45,5,6.99,3.86,1,1,5.22,0.67,65.3,66.5,1.7,2024-06-17,1,3.75,1,7
CAND00910,Software Engineer,Entry,0.6,Master,71.0,65.2,63.6,5.12,3,7.01,3.99,1,1,4.21,2.35,74.8,71.2,-4.8,2024-05-30,0,1.66,0,18
CAND00911,Software Engineer,Mid,5.4,Master,60.0,64.9,45.7,5.16,3,7.71,4.83,1,2,5.33,0.73,61.1,61.8,1.3,2024-01-12,1,3.03,1,2
CAND00912,Product Manager,Mid,3.1,PhD,80.8,80.6,66.0,6.91,5,7.01,3.7,1,1,5.52,1.31,49.0,55.4,13.0,2024-04-18,0,2.27,1,3
CAND00913,Data Scientist,Entry,0.8,Bachelor,65.7,77.2,52.2,8.27,4,6.04,4.49,1,1,3.43,1.74,46.5,52.1,12.2,2024-08-16,1,4.28,1,6
CAND00914,Sales Representative,Entry,1.8,Bachelor,69.6,82.4,40.4,9.1,5,7.01,4.03,1,1,5.02,0.31,73.8,72.0,-2.4,2024-04-22,0,2.1,1,10
CAND00915,Marketing Specialist,Entry,0.4,Master,64.2,73.3,40.6,8.22,4,6.24,3.42,1,1,2.1,2.67,105.5,113.3,7.4,2024-08-28,0,1.2,1,25
CAND00916,Data Scientist,Mid,4.9,Bachelor,73.7,73.6,87.5,8.19,5,7.29,3.14,0,1,1.45,1.73,35.2,34.0,-3.2,2024-05-14,1,4.22,1,4
CAND00917,Software Engineer,Entry,0.7,PhD,86.1,64.1,36.5,3.16,3,7.93,4.04,1,1,2.95,1.18,56.8,65.4,15.0,2024-03-29,0,2.67,0,21
CAND00918,Sales Representative,Mid,4.9,Bachelor,92.1,57.3,70.5,5.24,3,7.59,3.6,1,1,1.58,2.88,42.8,46.4,8.5,2024-05-17,0,1.43,1,11
CAND00919,UX Designer,Mid,4.9,Associate,88.5,63.4,75.6,7.62,4,7.51,3.58,1,1,1.64,2.73,33.5,38.2,13.9,2024-10-23,0,1.54,0,19
CAND00920,Customer Support,Mid,4.5,Bachelor,78.4,79.2,85.7,6.52,4,7.84,4.11,1,1,6.05,0.54,47.5,50.6,6.5,2024-03-01,0,1.46,0,6
CAND00921,Sales Representative,Mid,4.8,Bachelor,96.2,55.8,75.0,4.84,4,8.45,4.04,1,1,0.89,2.13,69.7,77.5,11.3,2024-01-29,1,3.57,1,3
CAND00922,UX Designer,Mid,5.1,Master,100.0,69.3,41.8,6.64,4,7.39,4.74,1,2,3.17,0.56,55.1,59.1,7.3,2024-08-04,0,2.07,0,5
CAND00923,UX Designer,Mid,4.3,Bachelor,66.0,76.3,75.0,4.25,3,7.97,3.83,1,1,2.8,2.52,39.7,38.2,-3.7,2023-12-27,1,3.84,1,5
CAND00924,Customer Support,Entry,0.8,Bachelor,71.4,79.4,55.0,4.11,3,7.8,4.51,1,1,1.69,1.17,61.0,70.1,14.9,2023-11-08,0,1.83,0,16
CAND00925,Data Scientist,Senior,10.5,PhD,97.5,81.0,81.2,8.51,3,6.37,4.68,1,4,4.64,0.26,55.8,58.3,4.4,2024-06-23,1,4.25,1,2
CAND00926,Product Manager,Entry,1.9,Bachelor,58.9,67.7,57.3,6.83,4,6.83,4.5,1,1,0.93,1.46,57.1,54.8,-4.1,2023-11-09,0,1.48,0,17
CAND00927,Product Manager,Senior,11.1,Bachelor,100.0,50.8,48.2,4.62,5,6.95,4.67,1,4,10.28,2.11,43.7,44.2,1.1,2024-04-22,0,2.42,1,14
CAND00928,Marketing Specialist,Senior,7.3,Bachelor,87.9,66.8,71.1,7.21,4,7.52,3.21,1,2,1.19,1.28,38.1,38.9,2.1,2024-09-14,1,4.07,1,7
CAND00929,Data Scientist,Mid,5.4,Master,60.1,88.4,75.6,7.79,3,8.1,4.13,1,2,3.32,1.1,87.3,83.1,-4.8,2024-06-03,1,3.93,1,14
CAND00930,Operations Manager,Entry,1.0,Bachelor,57.7,67.4,79.9,3.1,4,6.82,3.43,1,1,5.09,2.93,46.5,47.2,1.4,2024-06-22,1,3.15,0,8
CAND00931,Data Scientist,Entry,1.2,Master,75.4,76.2,84.8,7.9,3,5.3,4.61,1,1,5.75,0.46,64.2,70.0,9.0,2024-09-24,0,2.06,0,12
CAND00932,Product Manager,Mid,4.7,Master,94.1,62.2,86.5,8.75,4,6.2,4.12,1,1,0.57,0.91,59.7,60.4,1.1,2024-03-23,0,1.68,0,4
CAND00933,UX Designer,Lead,14.4,Bachelor,100.0,90.3,66.3,7.7,3,6.81,4.59,1,5,8.95,1.26,69.0,75.5,9.3,2024-10-25,0,1.9,0,9
CAND00934,Data Scientist,Entry,1.2,Master,89.0,85.6,75.1,8.02,4,6.8,4.18,1,1,5.47,0.43,32.0,34.7,8.6,2024-01-29,0,1.35,0,11
CAND00935,Data Scientist,Mid,4.5,Bachelor,94.1,47.4,84.4,7.85,5,6.32,4.14,1,1,5.88,0.81,54.7,55.8,2.1,2024-01-06,0,1.8,1,20
CAND00936,Marketing Specialist,Mid,4.8,Bachelor,80.8,90.5,77.0,8.83,4,6.07,4.5,1,1,3.46,1.82,36.8,35.7,-2.9,2024-11-01,0,1.59,0,21
CAND00937,Customer Support,Mid,5.1,Bachelor,100.0,71.4,48.2,5.35,4,6.77,4.12,1,2,6.11,0.92,72.2,76.9,6.5,2024-04-23,1,3.95,1,6
CAND00938,Data Scientist,Senior,8.0,Master,76.3,60.2,86.4,8.03,5,7.35,4.53,1,3,2.9,2.54,39.2,44.4,13.2,2024-01-26,0,1.88,0,14
CAND00939,Sales Representative,Senior,10.4,Master,98.7,79.5,66.6,7.27,5,7.71,4.09,1,4,3.4,1.2,52.0,52.1,0.3,2024-02-15,1,2.99,0,0
CAND00940,Product Manager,Mid,5.9,Bachelor,100.0,70.1,58.5,6.92,5,7.03,3.53,1,2,7.83,4.27,63.5,69.2,9.1,2024-04-27,1,4.24,1,9
CAND00941,Product Manager,Mid,3.9,Bachelor,100.0,86.9,47.5,6.55,3,7.23,4.28,1,1,4.2,1.33,54.4,56.1,3.0,2024-06-23,1,3.28,1,3
CAND00942,Customer Support,Mid,4.6,Master,61.4,85.4,69.9,7.17,4,7.63,3.71,1,1,4.76,0.84,47.3,47.9,1.3,2024-02-29,1,4.95,1,5
CAND00943,Product Manager,Senior,8.0,Bachelor,79.0,90.3,57.9,7.74,3,7.46,3.79,1,3,4.16,2.37,47.0,53.7,14.3,2024-08-14,0,1.51,1,23
CAND00944,UX Designer,Mid,5.0,Bachelor,84.2,79.1,65.8,8.13,4,6.68,4.77,1,1,1.43,3.04,84.1,91.9,9.2,2024-04-06,0,1.71,1,13
CAND00945,Customer Support,Entry,0.6,Master,84.9,76.4,68.0,7.95,4,7.02,3.46,1,1,2.3,0.57,53.3,52.8,-0.9,2024-09-29,0,2.95,1,11
CAND00946,Marketing Specialist,Lead,18.5,Associate,93.1,71.1,69.1,7.76,4,8.47,3.87,1,7,2.11,1.23,64.1,66.9,4.4,2024-07-04,0,2.1,1,9
CAND00947,Operations Manager,Mid,3.7,Master,62.7,31.6,76.5,7.26,5,7.3,4.1,1,1,1.56,1.16,58.6,64.5,10.0,2023-12-28,0,1.7,1,4
CAND00948,Sales Representative,Mid,3.4,Bachelor,81.0,45.1,63.6,7.14,4,5.64,4.45,1,1,1.21,2.41,78.3,83.6,6.7,2024-09-14,0,1.19,1,15
CAND00949,Product Manager,Entry,1.7,PhD,79.6,59.9,78.1,4.08,4,7.65,3.78,1,1,1.36,1.19,61.0,67.1,10.0,2024-11-04,1,3.45,1,11
CAND00950,UX Designer,Mid,4.8,Bachelor,100.0,73.5,67.3,3.16,4,7.59,4.84,1,1,3.44,6.4,47.4,53.2,12.2,2023-12-26,0,2.15,0,6
CAND00951,UX Designer,Senior,8.3,Bachelor,94.6,84.1,75.5,5.26,4,7.63,3.69,1,3,0.31,1.91,50.1,49.1,-2.0,2024-03-27,1,4.13,1,9
CAND00952,Marketing Specialist,Entry,0.1,Bachelor,92.1,83.5,54.8,6.13,4,6.36,3.77,1,1,1.06,2.66,50.2,52.7,5.0,2023-12-10,0,3.28,1,33
CAND00953,Product Manager,Mid,4.4,Bachelor,77.5,68.7,48.6,8.2,4,5.99,4.06,1,1,1.58,1.44,30.0,31.2,4.0,2024-05-27,1,4.58,0,1
CAND00954,Sales Representative,Mid,4.4,Bachelor,62.7,49.2,83.1,5.69,4,6.53,4.0,1,1,5.01,1.71,84.3,86.1,2.1,2024-05-31,1,3.34,0,2
CAND00955,Product Manager,Mid,4.1,Bachelor,100.0,63.3,69.6,4.38,4,7.36,4.15,1,1,0.74,3.51,57.3,55.0,-4.0,2024-05-28,0,1.05,0,14
CAND00956,Customer Support,Entry,0.8,Bachelor,71.6,80.3,41.9,4.82,5,7.2,3.78,1,1,3.31,3.25,58.2,56.5,-3.0,2023-11-18,0,2.08,0,18
CAND00957,Operations Manager,Mid,4.1,Master,74.9,63.2,83.2,3.48,5,7.17,4.62,1,1,3.94,3.7,47.3,45.9,-3.0,2024-07-06,0,2.58,1,20
CAND00958,Marketing Specialist,Entry,1.3,Bachelor,58.2,55.8,77.5,7.63,4,7.89,4.6,1,1,1.36,1.68,37.8,38.1,0.8,2024-06-17,0,2.88,1,22
CAND00959,UX Designer,Entry,0.3,PhD,98.8,25.4,62.9,8.02,4,6.88,3.91,1,1,4.84,1.28,88.7,90.3,1.8,2024-09-10,0,1.44,0,6
CAND00960,Sales Representative,Mid,4.3,PhD,48.4,61.6,53.8,6.62,5,6.92,4.18,1,1,2.44,0.49,51.7,53.4,3.2,2024-02-02,1,3.34,1,8
CAND00961,Product Manager,Senior,8.5,Bachelor,75.3,84.2,39.3,4.69,5,6.26,4.5,1,3,2.01,1.05,36.9,37.9,2.8,2024-01-31,0,2.49,0,18
CAND00962,Software Engineer,Entry,0.5,Master,59.1,56.3,39.5,6.54,5,6.47,3.46,0,1,0.24,2.35,56.4,58.9,4.4,2024-03-16,0,3.13,0,18
CAND00963,Sales Representative,Entry,1.5,Master,78.6,74.8,70.0,7.49,4,6.78,4.91,1,1,4.55,0.46,68.6,67.5,-1.6,2024-06-11,0,2.2,1,12
CAND00964,Data Scientist,Mid,4.2,Bachelor,68.1,59.1,68.7,5.63,4,7.15,2.44,1,1,2.72,3.83,51.1,53.7,5.2,2023-11-29,1,3.53,1,3
CAND00965,Operations Manager,Mid,3.4,Master,87.9,82.5,95.8,8.47,3,5.8,3.57,1,1,1.3,1.45,26.9,29.1,8.0,2023-12-19,0,1.49,1,13
CAND00966,Customer Support,Mid,5.9,PhD,98.5,63.1,74.7,7.66,3,6.88,3.23,1,2,3.22,1.09,118.8,125.6,5.7,2024-07-01,0,2.83,0,8
CAND00967,Product Manager,Entry,1.1,Bachelor,89.9,68.3,80.5,4.85,5,6.81,4.76,1,1,1.68,2.14,28.1,26.9,-4.2,2024-04-05,0,3.44,1,18
CAND00968,UX Designer,Mid,5.9,PhD,95.7,78.4,50.1,8.85,3,6.86,4.35,1,2,0.5,0.12,33.6,34.5,2.9,2024-03-23,1,4.37,1,1
CAND00969,Operations Manager,Lead,14.3,Master,100.0,87.4,63.9,7.2,5,6.68,2.95,1,5,1.1,1.66,69.8,79.9,14.5,2024-04-16,1,4.36,1,6
CAND00970,UX Designer,Mid,4.5,Bachelor,74.4,92.5,52.5,6.49,5,7.17,3.55,1,1,4.72,0.17,71.4,74.1,3.8,2024-10-20,0,2.68,1,22
CAND00971,Marketing Specialist,Entry,0.6,Bachelor,86.8,73.2,41.8,7.29,5,7.38,4.27,1,1,0.46,1.46,66.3,74.7,12.6,2024-02-07,1,1.91,0,2
CAND00972,Data Scientist,Senior,8.8,Master,75.5,85.5,65.6,6.76,3,7.19,4.32,1,3,6.84,1.33,69.5,79.6,14.5,2024-07-03,1,3.82,0,5
CAND00973,Marketing Specialist,Senior,11.4,Bachelor,100.0,96.2,67.1,7.08,3,5.83,3.52,1,4,1.24,0.9,50.4,49.4,-1.9,2023-12-12,0,1.36,0,11
CAND00974,Software Engineer,Lead,16.6,Master,100.0,70.5,63.4,5.23,5,6.34,4.77,1,6,2.63,0.91,67.8,66.6,-1.7,2023-12-13,0,1.38,0,10
CAND00975,UX Designer,Mid,3.2,Bachelor,50.3,70.1,70.4,5.49,4,7.02,4.75,1,1,2.07,0.94,41.1,43.6,6.1,2024-04-01,0,1.42,0,20
CAND00976,Data Scientist,Senior,11.7,Bachelor,91.4,91.6,55.6,6.26,3,5.81,4.53,1,4,1.81,2.27,90.4,97.7,8.1,2024-09-18,0,3.01,0,14
CAND00977,Customer Support,Entry,1.8,Bachelor,84.8,52.6,88.2,7.3,3,7.05,3.33,1,1,1.9,1.43,33.6,34.4,2.2,2024-02-20,1,3.55,1,2
CAND00978,Sales Representative,Senior,9.2,Associate,95.1,91.9,59.7,3.87,4,7.46,4.66,1,3,2.7,1.02,55.0,62.3,13.3,2024-04-30,0,3.25,0,8
CAND00979,UX Designer,Senior,8.3,PhD,100.0,83.6,68.6,6.49,4,7.27,4.09,1,3,1.43,0.41,64.6,69.3,7.3,2023-11-26,1,3.43,1,3
CAND00980,Product Manager,Entry,1.7,Bachelor,74.4,76.2,74.7,4.84,4,6.68,4.48,1,1,2.14,1.69,30.0,30.7,2.3,2024-10-26,1,2.85,1,6
CAND00981,Operations Manager,Mid,3.9,Master,56.6,62.2,74.2,7.63,3,6.06,3.6,1,1,2.0,0.69,33.9,37.3,9.8,2024-06-09,0,2.25,1,19
CAND00982,UX Designer,Entry,1.9,Bachelor,62.6,77.8,62.3,3.88,3,6.55,4.64,1,1,3.88,0.22,115.7,125.9,8.8,2024-09-09,0,1.88,0,21
CAND00983,Product Manager,Senior,9.9,Bachelor,59.6,88.5,82.3,5.51,4,7.06,3.45,1,3,1.51,1.72,15.9,16.7,4.9,2024-06-01,1,2.91,1,9
CAND00984,Marketing Specialist,Lead,16.5,Master,94.6,79.5,75.4,5.3,4,7.37,2.58,1,6,1.79,2.36,22.9,23.6,3.1,2024-07-25,0,1.64,1,15
CAND00985,Operations Manager,Mid,4.2,Master,81.6,65.4,75.9,8.23,4,6.62,4.49,0,1,2.3,6.63,68.3,76.3,11.8,2024-03-09,0,2.97,0,10
CAND00986,Data Scientist,Senior,11.2,Bachelor,100.0,63.2,55.0,8.34,4,6.7,4.22,1,4,3.86,2.19,62.8,68.7,9.4,2023-11-17,0,1.93,1,7
CAND00987,Operations Manager,Senior,8.3,Bachelor,76.2,64.1,73.7,7.71,4,7.45,4.45,1,3,0.57,1.47,59.8,68.4,14.5,2024-10-04,1,3.45,1,6
CAND00988,Customer Support,Entry,1.3,Bachelor,61.2,76.7,80.6,7.18,3,6.33,3.62,1,1,0.82,1.84,82.1,83.5,1.7,2023-11-10,0,3.51,1,6
CAND00989,Data Scientist,Entry,1.5,Master,70.8,59.4,59.7,8.45,3,5.22,4.27,1,1,10.03,0.59,65.6,66.6,1.5,2024-05-16,0,1.55,1,10
CAND00990,Data Scientist,Entry,0.8,Associate,76.8,39.3,62.6,8.42,5,6.83,3.47,1,1,6.42,1.89,86.4,97.9,13.3,2024-08-15,0,1.7,0,8
CAND00991,Sales Representative,Mid,4.6,Bachelor,71.6,83.6,47.6,6.09,5,6.27,4.33,1,1,2.11,1.34,71.2,73.3,2.9,2024-08-10,1,4.43,1,6
CAND00992,Product Manager,Entry,1.0,Master,33.7,43.5,65.0,9.3,4,6.94,4.2,1,1,1.59,0.55,73.8,70.7,-4.2,2024-01-26,0,2.34,0,14
CAND00993,UX Designer,Senior,8.0,Bachelor,100.0,85.5,46.3,6.13,4,6.52,4.4,1,3,2.24,0.95,38.3,43.7,14.2,2024-07-12,1,3.39,1,2
CAND00994,UX Designer,Entry,1.3,Associate,60.5,69.0,65.1,5.38,5,6.97,3.53,1,1,2.63,2.82,48.9,50.4,2.9,2024-08-05,0,1.96,0,6
CAND00995,Product Manager,Senior,9.6,Bachelor,68.3,51.2,44.2,7.88,5,7.06,3.88,1,3,2.54,0.66,44.2,42.3,-4.4,2023-12-07,1,3.54,1,3
CAND00996,UX Designer,Mid,5.3,Bachelor,100.0,89.4,66.9,8.52,4,6.81,4.27,1,2,0.86,0.81,43.9,47.1,7.5,2024-10-24,0,2.97,0,7
CAND00997,Sales Representative,Entry,1.3,Master,90.4,76.9,70.9,8.7,4,5.53,4.32,1,1,4.85,1.32,55.6,61.5,10.6,2024-01-09,0,2.3,0,14
CAND00998,UX Designer,Senior,8.7,Bachelor,68.3,62.8,78.2,9.18,4,6.79,4.38,1,3,2.33,0.18,64.3,71.2,10.8,2024-11-05,1,4.24,1,7
CAND00999,Sales Representative,Senior,10.8,Bachelor,96.6,98.6,78.4,2.9,3,7.28,4.46,1,4,0.9,0.34,52.5,58.8,12.1,2024-06-18,0,3.35,1,22
CAND01000,Data Scientist,Entry,1.0,Bachelor,75.0,51.6,69.9,4.11,5,5.65,3.43,1,1,1.68,1.25,81.6,82.5,1.1,2024-09-16,0,2.0,0,21
CAND01001,Product Manager,Mid,3.4,Master,52.1,68.5,60.1,6.34,4,6.87,3.95,1,1,3.33,1.1,58.9,63.6,8.0,2024-05-25,0,1.51,0,10
CAND01002,Sales Representative,Senior,11.6,Master,63.7,66.7,63.3,6.85,4,6.99,4.32,1,4,1.88,2.04,79.0,84.4,6.8,2024-09-10,1,3.71,1,10
CAND01003,Customer Support,Mid,5.4,Bachelor,80.8,74.8,22.6,6.16,5,7.38,4.68,1,2,0.99,3.42,34.0,38.8,14.2,2024-03-02,0,1.53,0,7
CAND01004,Marketing Specialist,Entry,0.8,PhD,98.0,78.1,38.7,7.39,5,5.53,4.26,1,1,2.37,1.92,54.6,62.3,14.2,2024-04-23,1,4.01,1,5
CAND01005,UX Designer,Senior,9.2,Master,100.0,87.5,38.9,6.08,5,7.07,4.66,1,3,2.5,0.85,48.0,50.5,5.2,2024-09-10,0,2.11,0,9
CAND01006,Marketing Specialist,Entry,0.5,Master,41.1,75.6,77.6,6.5,4,7.34,4.59,1,1,3.05,0.93,34.6,34.2,-1.3,2024-03-18,1,3.26,1,4
CAND01007,Product Manager,Mid,4.4,Master,73.1,97.5,49.3,6.48,5,7.21,4.66,1,1,1.38,1.84,43.9,48.7,11.0,2023-11-12,0,2.77,0,13
CAND01008,Customer Support,Entry,1.0,Bachelor,77.5,74.3,51.4,4.51,5,6.84,4.52,1,1,4.06,1.39,26.3,26.7,1.5,2024-01-10,1,3.02,1,3
CAND01009,Data Scientist,Senior,10.5,Master,83.9,51.9,49.1,7.01,5,7.52,2.72,1,4,0.49,2.25,77.7,74.8,-3.8,2024-08-31,0,1.07,0,10
CAND01010,Marketing Specialist,Senior,10.5,PhD,88.2,71.6,50.9,3.59,3,5.55,4.0,1,4,1.18,3.53,49.2,47.6,-3.3,2024-07-08,0,3.64,0,17
CAND01011,Customer Support,Senior,10.9,Bachelor,100.0,75.7,80.5,8.41,3,6.07,4.44,1,4,5.9,0.94,76.9,87.0,13.0,2024-08-06,0,2.02,0,5
CAND01012,Marketing Specialist,Lead,18.6,Bachelor,100.0,100.0,76.7,8.49,5,6.52,4.64,1,7,2.18,1.43,85.0,94.9,11.7,2024-08-27,1,3.77,1,4
CAND01013,UX Designer,Entry,0.8,Bachelor,67.0,76.7,43.8,6.83,4,7.35,4.29,1,1,2.05,1.53,30.9,34.6,12.1,2024-01-07,0,2.08,0,8
CAND01014,Product Manager,Entry,0.4,Master,58.9,78.4,44.1,6.56,5,7.49,4.43,0,1,0.36,5.27,62.5,61.8,-1.2,2024-04-25,0,1.86,0,13
CAND01015,UX Designer,Mid,4.0,Master,93.4,59.4,70.7,8.62,3,6.65,4.85,1,1,2.07,0.13,69.0,68.1,-1.4,2024-03-03,0,1.25,0,12
CAND01016,Product Manager,Entry,0.5,Bachelor,64.3,70.6,70.1,7.25,5,7.04,3.41,1,1,2.35,0.26,53.5,60.8,13.7,2024-08-14,0,3.03,0,3
CAND01017,Operations Manager,Entry,1.8,Master,100.0,61.7,62.3,7.22,4,5.4,3.96,1,1,3.48,1.34,72.2,72.8,0.9,2024-08-28,1,3.29,1,5
CAND01018,Product Manager,Entry,0.2,Bachelor,65.2,78.9,62.0,2.98,4,6.37,4.1,1,1,2.18,4.03,69.4,66.1,-4.7,2024-03-22,0,1.63,1,11
CAND01019,Software Engineer,Mid,3.9,Associate,48.5,94.5,75.4,6.94,4,6.53,4.01,1,1,4.27,0.74,63.4,69.0,8.8,2024-11-03,1,4.41,1,6
CAND01020,Operations Manager,Senior,7.7,Master,100.0,86.2,73.8,7.73,3,8.21,3.53,1,3,1.83,2.47,77.6,86.8,11.9,2024-07-31,0,1.56,0,7
CAND01021,UX Designer,Mid,3.3,Master,60.4,63.2,46.7,8.99,5,7.99,4.51,1,1,1.23,0.33,58.9,57.1,-3.1,2024-02-23,0,4.32,1,14
CAND01022,Operations Manager,Mid,4.2,Master,79.9,70.6,50.9,6.1,4,7.38,4.29,1,1,1.26,0.29,59.2,60.0,1.3,2023-11-23,0,2.31,1,18
CAND01023,Operations Manager,Entry,0.7,Master,72.5,53.7,66.3,6.58,4,8.2,4.54,1,1,1.0,2.39,74.0,73.5,-0.7,2023-11-10,0,2.44,1,21
CAND01024,Operations Manager,Mid,5.2,Bachelor,58.0,64.4,36.8,8.89,4,6.75,4.24,1,2,1.17,1.56,90.2,96.6,7.1,2024-08-14,0,2.98,1,16
CAND01025,Data Scientist,Mid,4.9,Bachelor,66.4,92.3,83.0,8.22,5,7.08,4.39,1,1,4.01,0.68,48.4,50.9,5.1,2024-10-23,0,1.14,0,11
CAND01026,Sales Representative,Entry,0.6,Bachelor,61.9,85.1,67.4,6.57,4,6.65,3.58,1,1,4.94,0.92,56.2,56.9,1.3,2024-10-22,0,1.99,0,9
CAND01027,Customer Support,Mid,5.7,Associate,77.2,85.8,57.4,5.67,3,7.01,4.0,1,2,6.96,2.08,70.2,76.0,8.2,2024-02-06,1,3.14,1,7
CAND01028,Customer Support,Entry,2.0,Master,98.0,71.7,86.9,8.56,3,7.49,4.65,1,1,0.43,0.41,55.2,61.0,10.5,2024-03-18,0,2.93,1,16
CAND01029,Operations Manager,Senior,7.4,Master,90.0,91.4,76.7,8.65,5,7.07,4.76,1,2,2.0,1.39,102.5,100.9,-1.5,2024-02-20,0,1.56,1,27
CAND01030,Data Scientist,Senior,10.4,Bachelor,100.0,97.3,69.4,7.62,5,7.86,4.01,1,4,4.71,4.79,51.4,52.8,2.7,2024-09-10,0,2.89,0,23
CAND01031,Customer Support,Mid,3.2,Bachelor,78.1,65.3,71.0,6.39,5,6.64,2.42,1,1,3.76,1.14,55.5,57.8,4.1,2024-05-04,1,4.24,1,2
CAND01032,Software Engineer,Mid,4.2,Associate,85.1,64.3,72.3,5.44,5,6.99,4.26,1,1,2.65,0.65,41.9,43.5,3.7,2024-03-27,0,1.19,1,13
CAND01033,Sales Representative,Entry,0.9,Bachelor,51.2,79.9,67.8,5.62,4,7.29,4.63,1,1,3.4,0.84,72.6,73.8,1.6,2024-09-16,0,2.31,0,21
CAND01034,Sales Representative,Mid,4.7,PhD,79.0,54.4,68.4,2.79,4,6.94,4.17,1,1,1.57,0.32,41.8,43.2,3.3,2024-10-22,0,2.13,0,10
CAND01035,Operations Manager,Entry,1.8,Master,64.2,72.1,75.3,8.83,4,6.73,4.18,1,1,4.36,0.8,54.3,57.6,6.1,2024-05-13,0,2.5,1,13
CAND01036,Data Scientist,Mid,5.9,Master,90.7,94.6,64.3,8.47,4,7.34,3.56,1,2,2.78,3.04,46.4,45.0,-3.0,2024-09-08,0,2.39,1,21
CAND01037,Sales Representative,Senior,7.0,Master,91.2,56.7,50.0,6.47,3,7.24,3.74,1,2,4.12,0.75,52.1,52.0,-0.1,2024-01-11,0,2.68,1,19
CAND01038,Marketing Specialist,Senior,9.0,PhD,100.0,71.6,62.9,3.79,5,7.34,4.59,1,3,1.32,1.34,63.7,63.1,-1.0,2023-12-31,1,3.86,0,6
CAND01039,UX Designer,Mid,3.3,Master,92.3,67.3,63.1,5.75,3,6.39,3.76,1,1,1.26,1.56,35.4,38.5,8.8,2023-12-28,1,4.49,1,4
CAND01040,Product Manager,Entry,0.4,Bachelor,63.8,52.9,79.2,4.72,3,5.8,4.1,1,1,4.5,6.82,55.3,60.2,8.9,2024-07-25,0,2.12,1,24
CAND01041,Software Engineer,Entry,1.1,Bachelor,48.5,90.0,53.6,7.28,5,6.62,4.58,1,1,0.87,0.42,71.4,69.0,-3.3,2024-05-12,0,2.13,1,7
CAND01042,Customer Support,Mid,3.5,Master,98.1,45.6,86.0,7.07,5,7.4,4.17,1,1,0.3,0.3,97.1,110.5,13.8,2024-02-06,0,1.76,0,17
CAND01043,Product Manager,Entry,1.5,Bachelor,100.0,67.6,69.5,6.94,4,7.73,4.55,1,1,1.49,1.85,42.6,46.2,8.5,2023-11-13,0,3.57,1,18
CAND01044,Customer Support,Senior,8.7,PhD,80.0,75.1,67.2,6.41,4,7.68,4.04,1,3,3.78,1.86,90.7,94.1,3.7,2024-01-19,1,3.07,1,2
CAND01045,Customer Support,Entry,1.3,Master,64.2,97.9,62.9,5.72,5,6.74,4.57,1,1,2.83,1.41,47.7,46.3,-2.9,2023-11-26,1,3.8,1,5
CAND01046,Data Scientist,Senior,9.0,Bachelor,76.3,77.4,44.0,2.82,3,7.07,4.1,1,3,1.49,0.6,74.5,78.9,5.9,2024-04-11,0,3.33,1,6
CAND01047,Software Engineer,Entry,0.2,Bachelor,78.9,68.6,80.5,4.39,4,7.18,4.42,1,1,2.06,1.7,66.3,67.7,2.0,2023-12-08,0,2.98,1,18
CAND01048,Product Manager,Mid,5.4,Bachelor,78.7,64.5,84.8,6.61,5,8.23,4.01,1,2,3.1,3.56,35.6,38.4,7.7,2024-09-01,1,4.53,1,6
CAND01049,Sales Representative,Mid,3.0,Bachelor,56.7,59.2,19.1,6.14,3,7.08,4.37,1,1,0.42,0.37,41.2,45.8,11.2,2023-11-09,1,3.91,1,12
CAND01050,Marketing Specialist,Entry,0.7,Master,83.3,63.2,45.4,8.98,3,7.29,4.16,1,1,5.04,0.64,54.6,53.8,-1.6,2023-11-27,0,3.02,1,12
CAND01051,UX Designer,Mid,5.1,Master,75.4,83.0,73.5,6.7,4,7.71,4.19,1,2,6.42,1.36,83.4,79.7,-4.4,2024-08-27,0,2.07,0,5
CAND01052,Customer Support,Mid,5.1,PhD,73.6,95.9,62.7,6.68,5,7.5,4.1,0,2,1.05,0.79,61.5,62.9,2.2,2024-04-09,0,2.25,1,5
CAND01053,UX Designer,Entry,1.7,Bachelor,75.9,89.6,67.7,7.8,4,6.56,4.03,1,1,2.49,1.65,50.5,54.5,7.9,2024-09-30,0,1.84,1,12
CAND01054,Data Scientist,Senior,7.1,Master,67.0,81.5,67.8,7.78,4,7.29,4.3,1,2,2.72,2.39,70.7,71.8,1.5,2024-02-18,1,4.28,1,2
CAND01055,Customer Support,Mid,3.3,Bachelor,81.1,67.9,57.1,8.44,5,6.8,4.5,1,1,2.76,2.18,52.9,59.2,11.8,2024-05-03,0,1.17,1,11
CAND01056,Operations Manager,Senior,11.3,Bachelor,77.6,72.2,74.7,7.85,4,6.92,4.37,1,4,0.46,0.87,83.1,78.9,-5.0,2024-05-24,0,1.9,0,8
CAND01057,Software Engineer,Entry,0.8,Master,72.9,48.4,78.3,6.9,5,6.49,4.0,1,1,1.77,2.01,79.4,82.7,4.1,2024-09-21,0,2.25,0,21
CAND01058,Operations Manager,Senior,9.7,Bachelor,45.7,82.9,81.6,6.69,5,7.65,4.66,1,3,3.09,0.56,73.3,71.2,-3.0,2023-12-03,0,2.59,0,8
CAND01059,Marketing Specialist,Mid,5.0,Master,52.2,38.0,60.5,7.7,3,6.4,4.55,1,1,1.77,0.92,41.3,44.0,6.6,2024-02-08,0,2.74,0,6
CAND01060,UX Designer,Entry,0.4,Bachelor,91.0,38.9,72.0,8.02,3,7.74,4.14,1,1,3.32,0.54,65.2,73.8,13.2,2024-04-02,0,3.69,0,10
CAND01061,Sales Representative,Senior,8.9,Master,83.3,57.3,31.2,8.11,4,7.66,4.7,0,3,3.74,1.68,60.7,60.2,-0.9,2024-06-23,0,3.26,0,13
CAND01062,Marketing Specialist,Entry,0.5,Master,78.9,61.7,67.2,6.95,4,7.57,4.08,0,1,3.67,1.32,39.3,44.1,12.0,2024-05-19,0,1.82,0,19
CAND01063,Product Manager,Lead,17.5,Bachelor,89.4,99.1,65.1,7.57,5,7.09,3.96,1,7,3.64,0.94,58.0,60.4,4.2,2024-03-04,1,4.43,1,10
CAND01064,Marketing Specialist,Mid,4.2,Master,86.0,90.0,57.2,6.99,5,7.38,4.49,1,1,3.07,0.51,98.8,94.3,-4.5,2024-10-14,0,3.5,1,22
CAND01065,Software Engineer,Mid,3.1,Master,67.5,84.8,71.9,7.08,3,5.75,4.69,1,1,4.04,0.58,77.5,80.6,4.0,2023-12-23,0,2.79,1,8
CAND01066,Operations Manager,Mid,3.6,Bachelor,83.2,79.5,50.3,9.25,3,7.41,4.3,1,1,1.99,1.43,36.9,39.3,6.6,2024-09-05,0,1.24,0,18
CAND01067,Product Manager,Senior,8.6,PhD,100.0,69.1,49.5,6.99,4,7.65,4.59,1,3,0.27,2.59,49.2,48.0,-2.3,2024-03-19,0,2.75,0,21
CAND01068,Software Engineer,Mid,5.8,Bachelor,96.8,83.0,44.0,8.88,4,6.85,4.34,0,2,3.31,2.52,104.6,106.8,2.2,2024-07-27,1,3.26,1,5
CAND01069,Product Manager,Mid,5.8,Master,95.5,76.3,60.3,6.1,5,6.86,4.3,1,2,6.65,1.41,81.7,89.0,9.0,2024-06-06,0,1.52,1,19
CAND01070,Product Manager,Entry,1.7,Bachelor,81.9,75.8,55.9,5.81,4,7.89,4.32,1,1,2.9,0.89,28.9,29.7,2.9,2024-09-21,0,2.56,0,16
CAND01071,Marketing Specialist,Mid,3.0,Master,75.7,66.4,68.9,6.49,4,7.27,3.04,1,1,1.11,0.49,39.7,38.8,-2.3,2024-09-26,0,2.78,0,8
CAND01072,Marketing Specialist,Mid,4.9,PhD,83.2,56.4,74.1,7.85,5,6.84,4.6,0,1,0.21,0.35,39.7,45.5,14.8,2023-12-11,1,1.68,1,7
CAND01073,Product Manager,Entry,0.6,Bachelor,88.0,44.7,77.2,5.72,3,7.14,4.36,0,1,2.49,0.62,54.2,53.0,-2.3,2024-04-19,1,3.08,1,2
CAND01074,Customer Support,Mid,5.8,Master,84.9,78.1,55.7,8.56,5,7.66,4.62,1,2,3.3,0.28,73.4,72.9,-0.7,2023-11-15,0,1.77,1,15
CAND01075,Sales Representative,Mid,3.9,Master,50.9,75.8,80.8,9.02,4,7.28,3.87,1,1,4.21,2.87,71.2,74.1,4.0,2023-12-08,1,3.62,1,5
CAND01076,Data Scientist,Mid,3.9,Bachelor,98.4,86.9,61.0,6.63,5,6.11,3.9,1,1,3.92,0.59,61.1,64.7,6.0,2024-09-20,1,3.82,0,9
CAND01077,Software Engineer,Mid,4.1,Bachelor,69.3,90.9,68.7,7.6,3,7.51,4.25,1,1,2.15,3.6,91.6,104.6,14.3,2024-03-08,0,2.27,0,6
CAND01078,Data Scientist,Mid,3.5,Master,68.7,58.7,75.5,8.54,3,5.89,2.96,1,1,2.48,1.26,110.2,107.8,-2.2,2024-01-09,1,2.16,1,3
CAND01079,Sales Representative,Senior,8.3,Master,100.0,72.4,89.0,6.49,5,6.84,3.35,1,3,4.86,2.44,45.1,47.9,6.2,2023-11-25,1,3.87,1,4
CAND01080,Operations Manager,Mid,4.8,Bachelor,53.8,59.1,65.8,5.02,3,6.74,4.9,1,1,4.09,0.97,61.9,61.3,-1.0,2024-11-03,0,2.35,0,19
CAND01081,Marketing Specialist,Entry,0.1,Master,92.5,49.3,93.6,7.61,3,7.35,4.3,1,1,0.41,1.17,33.5,37.1,10.7,2024-04-05,1,3.19,1,7
CAND01082,Product Manager,Entry,0.9,Bachelor,98.2,82.1,65.3,8.92,4,7.36,4.47,1,1,2.11,1.09,127.7,134.6,5.4,2024-10-02,0,2.94,0,13
CAND01083,Sales Representative,Senior,10.3,Master,96.3,51.9,58.8,6.5,4,6.55,4.33,1,4,6.27,0.7,83.8,89.3,6.5,2024-09-23,0,3.28,1,12
CAND01084,Data Scientist,Entry,0.8,Master,86.4,82.5,43.2,5.38,3,7.3,3.79,1,1,1.33,1.06,70.6,79.2,12.3,2024-05-31,0,1.65,1,24
CAND01085,Marketing Specialist,Mid,5.1,Master,87.1,83.0,56.5,3.87,4,6.47,4.64,1,2,0.96,0.47,110.4,121.5,10.0,2024-08-29,0,2.32,0,17
CAND01086,UX Designer,Senior,7.7,Master,74.8,68.5,64.3,4.4,3,6.11,4.33,1,3,4.57,2.31,60.3,64.6,7.1,2023-12-15,0,1.67,1,10
CAND01087,Product Manager,Mid,5.1,Master,93.3,91.9,55.7,7.95,3,7.63,4.77,1,2,1.28,0.18,58.8,64.3,9.4,2024-02-10,1,3.61,1,7
CAND01088,Software Engineer,Mid,3.1,Bachelor,99.2,25.9,81.7,6.52,5,8.31,4.92,1,1,3.92,2.1,54.5,60.9,11.8,2023-12-11,0,1.37,0,10
CAND01089,Product Manager,Mid,4.3,Bachelor,92.8,53.2,52.2,6.04,4,7.69,4.62,1,1,1.74,1.32,41.6,46.4,11.5,2024-05-12,1,3.98,1,14
CAND01090,Sales Representative,Senior,11.2,Bachelor,100.0,32.6,78.7,7.42,5,5.76,4.04,0,4,2.19,2.75,94.9,105.5,11.2,2024-08-22,0,1.44,0,6
CAND01091,UX Designer,Mid,3.1,Bachelor,80.0,80.4,70.3,3.86,5,5.67,2.77,1,1,8.7,0.66,64.6,71.1,10.1,2023-11-22,1,2.87,0,13
CAND01092,Operations Manager,Senior,11.1,Bachelor,69.0,81.2,78.8,7.8,3,6.31,4.82,1,4,2.69,1.96,56.3,58.2,3.4,2024-09-24,0,2.71,1,12
CAND01093,Data Scientist,Mid,5.4,Master,57.6,70.9,70.1,6.84,3,7.48,4.52,1,2,3.07,3.64,67.7,70.5,4.1,2024-09-05,0,2.89,1,16
CAND01094,UX Designer,Mid,5.5,Bachelor,77.7,56.0,87.7,7.3,4,7.87,3.46,1,2,4.99,0.45,78.5,76.0,-3.2,2024-04-02,0,3.66,0,11
CAND01095,Marketing Specialist,Entry,1.3,Bachelor,88.4,49.0,65.4,2.64,3,7.22,3.37,1,1,1.91,1.52,38.4,41.9,9.2,2024-07-04,0,1.59,0,21
CAND01096,Customer Support,Senior,8.8,Master,90.9,100.0,71.0,5.04,5,7.11,4.38,1,3,1.51,1.4,49.0,50.6,3.2,2024-09-25,0,1.9,0,10
CAND01097,Sales Representative,Senior,9.8,Master,100.0,88.1,60.8,7.61,5,7.11,4.09,1,3,4.64,1.6,96.1,99.4,3.5,2024-01-05,0,3.09,1,19
CAND01098,Customer Support,Senior,10.9,Bachelor,76.3,64.6,66.1,7.93,5,5.86,4.73,1,4,1.44,0.23,54.1,58.9,9.0,2024-10-25,0,1.78,0,19
CAND01099,Customer Support,Mid,5.6,Bachelor,63.8,59.6,76.6,6.24,3,6.19,4.05,1,2,2.94,2.07,86.4,83.6,-3.2,2024-02-16,0,1.88,0,30
CAND01100,Sales Representative,Entry,2.0,Bachelor,54.2,54.7,51.7,5.54,5,6.77,3.19,1,1,8.12,0.59,33.2,35.8,8.0,2024-04-21,0,1.19,0,16
CAND01101,Customer Support,Mid,4.8,Bachelor,51.1,60.1,53.8,7.81,5,6.42,4.29,1,1,4.93,2.46,60.1,61.7,2.6,2024-10-11,0,2.55,0,12
CAND01102,Sales Representative,Entry,1.4,Master,75.1,60.2,63.0,7.86,4,8.52,4.04,1,1,3.71,0.46,84.6,90.1,6.5,2024-04-24,1,4.42,1,1
CAND01103,Data Scientist,Senior,7.7,Associate,98.9,55.2,74.3,8.43,3,7.74,4.04,1,3,8.9,1.02,51.4,55.8,8.7,2024-02-26,1,2.83,1,5
CAND01104,Data Scientist,Senior,9.8,Master,89.2,97.9,39.0,7.66,5,7.08,3.72,1,3,10.12,0.89,48.2,55.1,14.3,2024-11-01,0,1.25,1,17
CAND01105,Marketing Specialist,Entry,1.0,Master,89.1,49.6,87.5,5.02,4,6.25,4.35,1,1,2.24,0.53,82.8,92.3,11.5,2024-09-01,1,2.47,1,2
CAND01106,UX Designer,Senior,11.1,Bachelor,100.0,85.2,73.1,7.25,5,6.74,4.39,1,4,3.82,0.3,83.5,79.5,-4.8,2024-04-06,1,3.57,1,24
CAND01107,Marketing Specialist,Mid,4.2,Master,78.6,70.4,70.5,4.56,5,7.28,4.15,1,1,3.23,1.19,52.3,55.0,5.1,2023-11-24,1,4.18,1,11
CAND01108,Product Manager,Senior,11.9,PhD,100.0,33.1,83.9,5.77,4,5.89,4.27,1,4,3.73,0.48,65.7,62.8,-4.4,2024-10-01,0,2.77,1,15
CAND01109,Software Engineer,Senior,11.4,Bachelor,100.0,91.7,38.9,6.14,5,6.92,3.64,1,4,2.36,0.7,61.7,60.9,-1.3,2024-10-04,1,3.19,1,7
CAND01110,Software Engineer,Senior,11.1,Bachelor,98.0,70.1,55.7,6.96,4,8.18,4.46,1,4,1.76,0.66,105.0,105.3,0.2,2024-07-20,0,2.95,0,8
CAND01111,Software Engineer,Entry,0.2,Bachelor,41.6,64.6,68.9,5.28,3,7.04,4.59,1,1,0.68,2.02,44.6,50.9,14.1,2024-04-18,0,2.62,0,13
CAND01112,Customer Support,Mid,4.9,Master,68.6,61.8,42.1,6.48,5,6.64,3.46,1,1,3.19,1.58,35.5,37.9,6.7,2023-11-09,1,4.17,1,7
CAND01113,UX Designer,Entry,0.1,Bachelor,66.1,57.2,38.1,6.47,4,7.9,3.97,1,1,3.09,0.42,59.7,66.4,11.2,2023-11-14,0,1.26,0,10
CAND01114,UX Designer,Mid,3.6,Master,63.3,57.5,43.5,8.51,3,6.26,3.87,1,1,1.99,1.08,52.9,52.1,-1.5,2023-12-16,1,3.68,1,0
CAND01115,Product Manager,Mid,4.9,Bachelor,67.7,93.6,66.3,2.93,4,7.68,3.42,1,1,4.43,2.13,44.8,47.3,5.6,2024-09-26,1,4.33,1,1
CAND01116,Customer Support,Mid,4.0,Bachelor,64.5,67.5,56.3,6.77,3,6.94,3.13,1,1,2.52,0.73,68.6,71.9,4.7,2024-02-20,0,3.3,1,13
CAND01117,Sales Representative,Senior,7.2,Master,78.5,66.1,64.7,4.51,3,5.07,4.73,1,2,1.33,2.63,53.0,57.0,7.7,2024-02-07,0,3.05,1,11
CAND01118,Marketing Specialist,Mid,4.4,Bachelor,100.0,69.1,78.8,5.72,4,6.74,4.32,1,1,2.4,0.18,71.1,75.3,6.0,2024-01-12,1,3.82,1,5
CAND01119,Data Scientist,Entry,0.2,Bachelor,83.4,70.9,71.1,9.45,4,6.98,4.38,1,1,4.22,0.84,38.6,41.6,7.7,2023-11-16,1,3.87,1,3
CAND01120,UX Designer,Mid,4.5,Master,83.1,54.4,37.4,6.01,5,6.57,3.96,1,1,8.36,0.76,79.7,76.9,-3.6,2024-07-08,1,3.95,1,7
CAND01121,Software Engineer,Entry,1.8,Bachelor,94.1,46.5,92.4,5.17,3,5.31,3.7,1,1,3.42,1.97,111.1,114.8,3.4,2024-09-24,0,1.75,1,11
CAND01122,UX Designer,Senior,11.5,Master,52.3,75.4,60.6,5.39,3,8.79,3.98,1,4,5.82,0.97,58.5,64.8,10.9,2024-03-20,0,1.81,1,11
CAND01123,Software Engineer,Entry,1.4,Bachelor,61.7,83.1,55.9,5.93,4,7.26,4.27,1,1,1.08,0.52,55.6,58.3,4.8,2023-12-02,0,1.23,1,11
CAND01124,Product Manager,Mid,3.6,Master,68.7,35.6,85.5,5.41,3,7.76,4.29,1,1,4.75,1.54,49.8,54.1,8.4,2024-11-01,1,4.23,1,7
CAND01125,Product Manager,Mid,5.0,Bachelor,72.8,98.4,73.5,6.24,5,7.09,4.1,1,2,2.67,2.07,27.2,26.4,-2.8,2024-11-02,1,3.7,1,9
CAND01126,Product Manager,Entry,1.9,Master,77.7,67.5,55.5,5.85,4,7.2,3.77,1,1,1.53,0.55,48.3,46.6,-3.5,2024-05-14,1,4.24,1,4
CAND01127,Customer Support,Entry,1.2,Bachelor,72.6,58.2,82.5,7.1,3,7.29,3.62,1,1,2.75,1.32,58.9,56.6,-4.0,2024-05-01,0,2.64,1,24
CAND01128,Product Manager,Mid,5.7,Master,93.9,56.6,88.5,6.1,5,7.44,4.65,1,2,2.94,0.72,55.0,60.9,10.7,2024-06-23,0,1.37,1,8
CAND01129,Data Scientist,Entry,1.6,Bachelor,74.9,84.2,49.4,8.21,3,6.89,3.67,1,1,3.67,1.35,47.8,49.8,4.1,2024-05-20,1,4.07,1,4
CAND01130,UX Designer,Entry,0.9,Master,51.1,70.0,81.4,6.16,4,6.28,4.33,1,1,3.94,1.44,43.2,49.2,14.1,2024-02-13,1,3.32,1,2
CAND01131,Data Scientist,Lead,16.9,Master,99.7,77.5,78.3,5.06,4,7.85,3.7,1,6,5.44,1.38,68.9,76.4,10.9,2023-11-09,1,3.94,0,4
CAND01132,Data Scientist,Mid,4.1,PhD,96.8,77.7,61.8,6.28,4,6.9,4.56,1,1,1.94,1.34,25.4,26.8,5.3,2024-03-19,1,3.46,1,2
CAND01133,Marketing Specialist,Entry,0.4,Bachelor,52.2,41.1,75.9,7.44,3,7.12,4.08,1,1,6.8,1.18,42.2,45.3,7.4,2024-02-26,1,3.02,1,12
CAND01134,Product Manager,Entry,1.7,Master,81.2,65.9,37.3,7.93,4,6.13,4.47,1,1,1.25,1.07,81.0,90.2,11.3,2024-08-19,0,2.82,1,25
CAND01135,Customer Support,Entry,0.5,Bachelor,88.1,48.6,57.5,5.32,3,7.22,4.63,1,1,2.01,0.91,52.1,53.8,3.2,2024-01-19,0,1.25,0,5
CAND01136,Data Scientist,Entry,1.4,Master,64.8,71.9,69.1,8.4,3,7.87,3.59,1,1,7.7,0.96,49.1,52.0,6.0,2024-02-21,0,2.15,0,23
CAND01137,Software Engineer,Mid,3.6,Master,94.8,92.6,84.4,7.52,3,8.02,4.73,1,1,6.51,2.74,71.8,72.7,1.3,2024-11-01,0,1.81,1,24
CAND01138,Sales Representative,Entry,0.6,Bachelor,61.6,94.9,74.2,6.5,3,6.74,4.9,1,1,2.43,0.6,35.3,36.2,2.6,2024-03-11,1,4.37,1,5
CAND01139,Marketing Specialist,Mid,4.9,Bachelor,84.1,90.0,79.4,4.62,4,5.47,4.58,1,1,2.89,0.92,82.0,92.3,12.6,2024-08-23,0,2.03,0,9
CAND01140,Product Manager,Entry,0.7,PhD,97.8,42.6,26.1,5.82,3,7.82,3.91,1,1,1.19,0.88,43.5,46.3,6.4,2024-01-29,1,3.6,1,5
CAND01141,UX Designer,Mid,3.1,Bachelor,75.3,43.1,80.8,8.39,3,6.03,3.32,1,1,1.69,0.76,36.1,40.7,12.9,2024-05-27,0,1.4,0,21
CAND01142,Sales Representative,Mid,4.9,Associate,79.4,73.1,68.1,5.51,4,7.24,4.15,1,1,1.14,2.83,60.1,58.1,-3.4,2024-05-28,0,2.3,0,18
CAND01143,Customer Support,Mid,3.1,Master,85.2,57.0,41.0,7.96,3,6.61,4.4,1,1,1.66,2.03,47.3,46.4,-1.9,2024-01-20,0,1.34,0,7
CAND01144,Marketing Specialist,Entry,0.5,Bachelor,79.5,31.3,40.5,6.97,3,8.07,4.4,1,1,1.66,1.72,65.7,63.1,-3.8,2024-02-24,0,1.7,1,9
CAND01145,Software Engineer,Mid,3.6,Bachelor,73.0,94.8,63.5,5.17,3,8.03,4.04,1,1,0.24,1.87,69.4,79.6,14.8,2024-07-16,0,3.34,0,2
CAND01146,Software Engineer,Entry,0.4,Master,55.9,56.8,68.7,5.58,4,7.17,3.26,1,1,6.84,1.52,83.8,93.3,11.4,2024-10-03,0,1.52,0,11
CAND01147,Operations Manager,Entry,1.6,Bachelor,79.2,80.2,68.6,6.28,4,7.37,3.71,1,1,1.11,1.04,46.1,50.0,8.5,2024-06-01,0,2.27,1,5
CAND01148,Marketing Specialist,Mid,4.6,Bachelor,79.8,68.0,79.7,7.59,3,6.69,4.79,1,1,2.87,0.36,67.3,76.3,13.4,2024-01-29,1,2.21,1,5
CAND01149,Operations Manager,Entry,0.3,Bachelor,57.2,71.0,67.8,7.73,3,8.0,3.46,1,1,2.08,1.31,46.4,45.6,-1.9,2024-05-03,0,2.15,0,14
CAND01150,Sales Representative,Entry,2.0,Associate,68.7,58.3,73.0,7.91,4,7.2,4.48,1,1,0.95,0.32,34.7,39.4,13.5,2024-01-24,0,1.23,0,12
CAND01151,Customer Support,Mid,4.0,Bachelor,92.5,47.1,66.8,6.52,5,6.76,3.16,1,1,0.63,0.68,54.4,61.1,12.4,2023-12-25,0,1.91,1,24
CAND01152,Sales Representative,Senior,8.4,Master,84.1,79.4,91.7,5.17,4,6.13,4.21,1,3,2.51,0.47,46.5,50.8,9.4,2024-05-03,0,3.01,1,22
CAND01153,Operations Manager,Mid,3.7,Master,63.6,49.4,85.6,6.63,3,7.55,4.04,1,1,1.21,6.13,42.5,48.3,13.5,2024-02-02,0,2.25,0,25
CAND01154,Sales Representative,Senior,11.5,Bachelor,94.6,70.2,56.9,8.49,3,7.63,4.25,1,4,1.04,1.17,84.7,87.9,3.7,2024-11-04,0,2.45,1,27
CAND01155,UX Designer,Entry,0.8,Bachelor,67.8,83.9,91.4,7.74,3,7.4,3.93,1,1,1.76,0.62,46.1,44.5,-3.5,2024-07-11,0,2.57,1,22
CAND01156,Marketing Specialist,Entry,1.6,Bachelor,89.0,81.0,78.2,7.22,5,5.59,4.16,1,1,2.87,4.85,43.9,42.2,-4.0,2023-11-18,0,4.26,0,18
CAND01157,Software Engineer,Entry,1.3,Bachelor,97.5,75.4,57.3,6.7,4,5.65,4.51,1,1,2.25,1.64,47.8,46.1,-3.6,2024-11-07,0,2.38,0,11
CAND01158,UX Designer,Mid,3.6,Master,79.0,80.8,68.9,7.69,5,7.37,4.27,1,1,6.79,1.29,81.0,80.8,-0.2,2024-06-03,0,2.08,0,16
CAND01159,Data Scientist,Mid,3.4,Master,83.5,75.7,84.6,8.02,3,5.79,4.44,1,1,2.08,2.7,34.3,37.7,10.0,2024-02-10,0,1.59,1,24
CAND01160,Sales Representative,Entry,1.0,Master,48.7,53.5,59.0,5.25,4,5.88,4.17,1,1,2.89,1.12,52.3,50.8,-2.8,2024-03-01,1,4.49,1,4
CAND01161,Software Engineer,Senior,11.0,Bachelor,86.6,88.5,74.2,7.25,3,6.78,4.55,0,4,0.41,1.46,54.7,61.8,13.1,2023-11-09,0,1.52,0,18
CAND01162,Customer Support,Mid,5.6,Bachelor,79.5,89.2,50.8,7.97,3,5.79,4.28,1,2,6.72,0.14,74.1,72.2,-2.5,2024-10-16,0,2.05,1,18
CAND01163,Sales Representative,Mid,3.2,Master,68.7,79.2,47.1,6.39,5,7.92,2.21,0,1,2.84,1.33,110.7,121.5,9.7,2024-04-10,0,1.74,0,23
CAND01164,Marketing Specialist,Entry,0.3,Bachelor,55.4,68.2,79.3,7.85,4,5.64,3.31,0,1,0.56,3.0,39.3,39.3,-0.1,2024-09-25,0,2.09,1,11
CAND01165,Data Scientist,Mid,5.7,Master,100.0,55.4,51.0,8.34,5,7.62,4.13,1,2,0.84,1.71,60.9,67.4,10.8,2024-08-31,1,4.58,0,4
CAND01166,UX Designer,Mid,4.1,PhD,98.8,60.7,59.9,6.01,3,6.9,4.77,0,1,2.98,0.82,49.0,52.7,7.6,2024-01-09,0,1.68,1,16
CAND01167,Software Engineer,Entry,1.7,Bachelor,100.0,78.6,61.4,7.66,4,6.58,4.13,1,1,5.57,2.71,56.3,62.3,10.6,2023-12-04,1,4.22,0,5
CAND01168,Product Manager,Mid,3.6,Bachelor,95.4,67.8,55.2,5.04,3,7.46,4.51,1,1,0.6,1.63,38.0,38.7,1.8,2024-06-11,0,2.75,1,13
CAND01169,Customer Support,Lead,19.1,Bachelor,100.0,75.4,49.3,7.45,4,7.22,3.79,1,7,2.57,2.82,65.1,73.5,12.9,2024-04-20,0,2.17,1,7
CAND01170,Marketing Specialist,Senior,9.7,Bachelor,90.4,94.2,67.3,6.73,4,6.53,4.32,1,3,5.82,3.02,76.3,83.2,9.0,2024-03-21,0,2.09,0,14
CAND01171,Customer Support,Entry,0.0,Master,75.5,85.7,55.5,8.05,3,6.81,4.03,1,1,6.5,1.27,47.4,45.5,-4.0,2024-09-30,1,3.46,1,6
CAND01172,Sales Representative,Senior,7.0,Bachelor,100.0,80.6,74.9,7.53,3,7.59,4.52,1,2,4.05,0.89,69.3,75.0,8.1,2024-01-13,0,1.65,1,12
CAND01173,Data Scientist,Mid,4.7,Bachelor,64.2,78.6,67.6,6.78,3,5.48,4.16,1,1,8.82,1.17,49.1,52.3,6.7,2024-09-14,0,3.0,0,8
CAND01174,Product Manager,Mid,5.6,Bachelor,100.0,57.5,39.2,5.48,4,7.82,3.58,1,2,0.53,1.13,42.9,48.1,12.3,2024-03-14,0,3.36,1,15
CAND01175,Marketing Specialist,Senior,8.1,Master,60.7,74.6,66.0,5.36,4,7.61,3.5,1,3,2.62,0.7,46.9,46.7,-0.5,2024-09-07,0,1.56,0,15
CAND01176,Marketing Specialist,Mid,3.7,Bachelor,76.3,65.5,57.0,5.83,3,7.99,4.35,1,1,1.84,0.29,49.6,51.5,3.9,2024-03-21,0,2.36,1,23
CAND01177,Customer Support,Mid,5.1,Bachelor,61.8,60.8,79.7,3.3,4,8.32,4.79,1,2,0.94,2.18,50.0,54.7,9.5,2024-06-25,1,4.43,1,5
CAND01178,Data Scientist,Entry,1.5,Master,91.7,26.0,84.3,4.05,3,7.61,4.54,1,1,0.8,1.46,64.7,69.8,7.9,2024-08-19,0,1.35,1,33
CAND01179,Customer Support,Entry,1.6,PhD,86.4,47.5,53.0,7.49,5,6.04,4.44,0,1,4.45,1.26,41.7,42.1,1.0,2023-11-17,0,2.57,0,17
CAND01180,Software Engineer,Mid,4.4,Master,68.6,91.8,70.4,7.52,3,7.55,3.48,1,1,4.31,0.96,90.9,91.9,1.0,2024-05-24,1,3.71,1,2
CAND01181,Product Manager,Mid,4.7,Bachelor,56.9,90.1,73.5,7.42,3,6.74,4.05,1,1,3.62,1.54,57.8,57.1,-1.2,2023-11-09,0,1.7,0,47
CAND01182,Sales Representative,Mid,5.1,Bachelor,100.0,98.6,34.4,5.89,4,6.14,4.6,1,2,2.93,3.62,84.3,88.3,4.7,2024-04-19,1,2.48,1,2
CAND01183,Software Engineer,Senior,10.0,Bachelor,94.0,78.5,86.4,5.39,5,6.84,3.3,1,3,3.38,4.07,64.4,66.8,3.8,2024-06-07,0,2.49,0,11
CAND01184,Customer Support,Entry,1.8,Master,91.7,53.4,64.5,3.66,3,8.12,3.15,1,1,0.7,0.59,37.4,37.0,-0.9,2024-10-23,0,2.08,1,12
CAND01185,UX Designer,Mid,3.8,Bachelor,56.6,63.8,51.8,5.04,4,7.09,4.8,1,1,7.21,1.37,97.2,94.7,-2.5,2024-01-28,0,1.22,1,8
CAND01186,Sales Representative,Entry,1.8,Master,70.6,62.3,83.0,6.62,3,6.83,3.11,1,1,4.96,2.26,25.2,24.1,-4.3,2024-03-16,0,1.54,1,13
CAND01187,Data Scientist,Entry,1.6,Master,68.3,57.0,76.6,7.37,3,7.54,4.4,1,1,1.05,1.59,63.0,66.3,5.2,2024-09-06,0,1.64,1,13
CAND01188,Software Engineer,Entry,1.9,Bachelor,88.0,14.7,30.7,7.32,3,7.83,4.44,1,1,4.62,0.62,68.5,76.7,12.0,2024-07-17,0,2.71,0,12
CAND01189,Product Manager,Entry,1.7,Bachelor,62.9,45.1,54.6,6.62,3,6.88,4.43,1,1,2.34,0.95,74.3,75.3,1.2,2024-04-16,1,3.26,0,6
CAND01190,Marketing Specialist,Entry,0.3,Bachelor,65.4,68.7,51.3,6.13,5,5.97,3.35,1,1,0.16,1.32,58.8,61.3,4.2,2023-12-21,0,3.72,0,25
CAND01191,Data Scientist,Mid,5.0,Bachelor,61.3,95.1,84.0,5.87,5,6.31,3.25,1,2,0.74,1.35,61.1,64.9,6.3,2024-01-12,0,2.33,0,14
CAND01192,Customer Support,Entry,0.5,Master,45.7,53.7,59.9,7.79,3,6.81,3.56,1,1,2.85,0.23,49.2,47.0,-4.6,2024-10-27,0,2.17,1,9
CAND01193,Data Scientist,Entry,1.6,Master,86.8,62.6,90.6,7.43,3,6.49,4.66,1,1,2.84,0.78,54.4,58.9,8.3,2023-12-13,1,3.24,1,3
CAND01194,Operations Manager,Mid,5.8,Master,87.0,69.0,70.1,6.29,3,7.16,4.16,1,2,4.46,0.61,54.1,58.9,8.9,2024-09-21,1,3.55,1,12
CAND01195,Marketing Specialist,Senior,10.2,Associate,83.0,70.0,48.6,7.1,3,6.33,4.6,1,4,1.45,2.11,38.9,38.1,-2.2,2024-10-17,0,2.52,1,15
CAND01196,Operations Manager,Lead,15.2,Bachelor,100.0,100.0,78.3,8.48,3,6.98,4.48,1,6,4.57,1.53,38.9,42.4,8.9,2024-08-13,0,3.11,0,15
CAND01197,UX Designer,Entry,1.8,Master,63.2,70.4,68.1,7.28,5,5.09,3.71,1,1,2.07,0.62,88.5,87.4,-1.2,2024-04-19,1,3.08,1,2
CAND01198,Operations Manager,Mid,5.0,Bachelor,71.9,52.2,29.4,4.33,3,6.87,4.69,1,2,1.36,2.43,48.3,55.2,14.3,2024-04-26,0,1.81,1,11
CAND01199,UX Designer,Mid,4.5,Bachelor,87.1,43.9,68.4,7.87,3,6.43,3.6,1,1,0.42,1.58,57.3,60.8,6.1,2024-05-10,0,1.32,1,18
CAND01200,Sales Representative,Senior,7.6,Bachelor,76.7,79.5,76.8,8.88,3,7.79,4.09,1,3,6.18,2.38,70.2,71.2,1.4,2024-06-20,0,1.26,1,11
CAND01201,Customer Support,Mid,5.1,Bachelor,91.9,78.6,75.2,6.65,4,7.18,4.24,1,2,1.32,5.82,59.8,65.1,9.0,2024-08-23,0,2.06,0,12
CAND01202,Software Engineer,Mid,5.6,PhD,90.1,48.2,72.4,6.18,5,6.59,4.1,1,2,0.92,1.39,59.5,63.4,6.7,2023-12-26,0,1.59,1,16
CAND01203,Sales Representative,Entry,1.9,Master,68.3,73.6,67.8,6.9,5,7.32,2.74,1,1,6.44,0.32,70.5,69.9,-0.8,2024-06-09,1,4.15,1,11
CAND01204,Operations Manager,Entry,0.0,Master,81.8,53.7,90.2,5.72,4,6.38,4.37,1,1,0.32,1.74,53.6,59.6,11.2,2024-01-31,0,2.71,0,15
CAND01205,Operations Manager,Entry,0.4,Bachelor,71.2,84.4,71.4,7.53,3,7.08,4.62,1,1,1.24,0.68,71.9,82.3,14.4,2024-09-24,1,2.71,1,1
CAND01206,Customer Support,Mid,3.3,PhD,91.5,90.6,75.3,5.53,4,7.47,4.38,1,1,1.43,0.71,50.8,52.7,3.7,2024-08-29,0,2.79,1,17
CAND01207,UX Designer,Mid,3.7,Bachelor,75.2,32.2,74.4,6.39,3,7.99,3.29,1,1,4.04,0.4,20.9,20.5,-2.2,2023-12-14,0,1.19,1,10
CAND01208,Sales Representative,Senior,9.9,Bachelor,97.6,70.5,52.1,9.44,5,6.33,4.01,1,3,1.05,1.75,50.0,48.0,-4.0,2024-02-03,0,1.15,1,24
CAND01209,Software Engineer,Mid,3.9,Bachelor,68.6,62.0,77.4,9.69,4,6.79,3.82,1,1,0.72,1.12,78.3,84.3,7.7,2023-11-08,0,3.07,1,6
CAND01210,Marketing Specialist,Mid,3.3,Bachelor,74.0,76.0,44.7,5.59,4,5.79,4.58,1,1,2.57,4.99,64.3,69.5,8.1,2024-02-03,0,2.39,0,10
CAND01211,Operations Manager,Senior,8.4,Master,63.6,84.0,79.5,7.39,4,5.71,4.3,1,3,4.15,2.75,49.6,48.6,-2.0,2024-01-23,1,3.5,1,7
CAND01212,Marketing Specialist,Entry,0.8,Master,100.0,79.4,62.9,5.16,4,6.8,4.0,1,1,2.46,2.0,110.8,106.5,-3.9,2024-06-22,0,1.94,1,12
CAND01213,Product Manager,Mid,3.4,Bachelor,86.3,54.3,61.3,6.25,3,7.15,4.05,1,1,1.55,0.75,47.9,48.8,1.9,2024-05-28,0,2.08,1,9
CAND01214,Sales Representative,Senior,7.3,Bachelor,89.3,63.9,44.7,4.31,3,7.26,3.73,1,2,1.44,4.02,70.7,76.5,8.3,2024-06-17,1,3.95,1,3
CAND01215,Software Engineer,Senior,9.8,Master,92.6,70.0,53.4,5.49,4,7.47,3.94,1,3,2.23,0.73,43.6,41.5,-4.7,2024-02-10,1,3.14,1,6
CAND01216,Marketing Specialist,Mid,4.2,Master,93.3,70.3,80.2,5.13,5,7.24,3.93,1,1,1.02,2.37,87.8,94.9,8.1,2024-07-11,0,1.09,1,28
CAND01217,Product Manager,Mid,5.5,Master,100.0,61.4,80.6,4.13,3,6.24,4.88,1,2,1.44,0.73,47.3,48.5,2.6,2024-07-04,0,1.74,0,20
CAND01218,Sales Representative,Mid,3.8,Bachelor,73.0,31.7,42.9,7.77,4,6.32,4.53,1,1,2.93,0.83,37.8,40.7,7.6,2024-02-08,0,2.51,1,18
CAND01219,Software Engineer,Mid,5.7,Bachelor,59.4,59.1,79.6,7.4,3,7.08,4.73,1,2,5.2,0.6,64.7,70.1,8.4,2024-01-18,0,1.22,1,18
CAND01220,UX Designer,Entry,0.2,Bachelor,62.1,87.7,71.4,6.47,4,6.2,3.89,1,1,8.19,3.7,77.4,86.4,11.7,2024-08-11,0,1.74,0,7
CAND01221,Product Manager,Entry,1.0,PhD,62.2,37.1,55.2,6.65,3,7.08,4.56,1,1,1.14,3.3,68.9,72.4,5.1,2024-01-09,0,2.69,1,10
CAND01222,Marketing Specialist,Mid,5.6,PhD,84.4,46.6,68.9,8.67,5,7.22,4.6,1,2,1.72,0.41,52.3,56.6,8.3,2023-11-16,1,4.0,0,3
CAND01223,Marketing Specialist,Senior,11.8,Bachelor,73.0,100.0,79.1,8.47,5,7.0,3.43,1,4,2.52,2.64,41.7,44.6,6.8,2024-10-24,0,3.63,0,11
CAND01224,Marketing Specialist,Mid,4.9,Bachelor,99.2,79.4,88.1,7.79,5,6.96,3.2,1,1,1.58,3.59,77.7,75.9,-2.3,2024-01-24,1,3.36,0,8
CAND01225,Product Manager,Senior,11.5,Master,58.8,64.4,57.7,7.41,5,7.67,4.19,1,4,3.34,0.69,76.9,87.9,14.3,2024-08-03,0,2.42,1,9
CAND01226,Operations Manager,Mid,3.1,Master,63.2,59.3,51.0,8.67,5,7.1,3.5,1,1,3.83,5.46,56.7,64.9,14.5,2024-06-02,0,1.51,0,19
CAND01227,Product Manager,Lead,13.5,Master,100.0,80.1,51.8,6.8,4,6.65,4.41,1,5,1.08,0.91,48.4,47.8,-1.3,2024-10-19,0,1.67,0,21
CAND01228,Data Scientist,Entry,0.7,Bachelor,81.4,68.1,85.4,6.53,3,6.39,4.83,1,1,4.73,1.45,119.3,116.8,-2.1,2024-07-11,1,4.11,1,8
CAND01229,Sales Representative,Mid,4.3,PhD,78.1,81.3,64.7,4.38,3,6.69,4.45,1,1,0.96,0.58,82.8,83.9,1.3,2024-02-12,1,4.09,1,4
CAND01230,Operations Manager,Mid,5.8,Bachelor,64.6,90.2,68.2,7.83,3,7.73,4.98,1,2,0.93,0.73,80.3,82.2,2.2,2024-05-22,1,4.56,1,8
CAND01231,Sales Representative,Lead,18.0,Master,100.0,100.0,67.0,4.98,3,7.59,4.66,1,7,0.91,1.17,38.8,40.2,3.5,2024-05-17,0,1.76,0,8
CAND01232,Product Manager,Entry,1.8,Bachelor,51.0,66.3,54.5,7.18,4,6.89,4.74,1,1,3.25,2.84,48.7,53.6,9.9,2024-10-08,0,1.69,0,11
CAND01233,Software Engineer,Senior,9.2,Bachelor,100.0,83.6,64.8,5.95,3,7.54,4.51,1,3,1.49,0.35,47.3,54.1,14.4,2024-01-12,0,2.05,1,6
CAND01234,Product Manager,Mid,3.8,Bachelor,80.1,58.2,75.4,4.92,3,8.14,4.2,0,1,4.08,0.35,49.9,57.4,15.0,2024-02-12,0,3.09,0,6
CAND01235,Marketing Specialist,Entry,0.9,PhD,52.0,42.6,52.8,5.85,3,6.68,3.67,1,1,0.95,4.95,37.3,40.9,9.7,2024-04-30,0,2.36,0,16
CAND01236,UX Designer,Entry,0.7,Master,70.4,47.9,71.8,5.45,5,7.8,3.93,1,1,0.2,0.66,59.5,60.5,1.7,2024-09-17,0,2.46,0,23
CAND01237,Marketing Specialist,Lead,18.9,Bachelor,100.0,100.0,69.0,7.11,4,7.73,4.29,1,7,4.8,0.42,66.3,73.5,10.9,2024-05-26,1,3.57,1,20
CAND01238,Product Manager,Entry,1.7,Bachelor,69.7,35.1,79.6,6.85,3,7.23,4.08,1,1,3.95,0.54,62.0,61.2,-1.3,2024-03-29,0,1.85,1,22
CAND01239,Operations Manager,Mid,4.1,Master,92.9,77.6,75.6,7.53,5,7.64,3.66,1,1,2.43,1.11,61.1,65.6,7.3,2024-05-29,1,4.12,1,1
CAND01240,Product Manager,Entry,1.1,Master,62.8,57.8,80.8,6.26,5,7.31,4.08,1,1,0.69,2.63,36.6,37.9,3.4,2024-01-25,0,1.89,1,12
CAND01241,Marketing Specialist,Senior,9.6,Master,91.1,65.3,59.5,6.57,3,7.59,4.38,1,3,4.34,1.85,85.7,90.7,5.9,2023-12-03,1,3.8,1,4
CAND01242,Product Manager,Senior,9.8,Bachelor,92.4,77.9,58.2,4.65,4,6.41,2.97,1,3,3.52,1.43,69.7,67.9,-2.5,2024-06-03,1,4.41,1,4
CAND01243,Customer Support,Senior,7.9,Master,79.4,65.5,44.5,6.06,3,7.67,4.78,1,3,6.94,4.3,50.2,54.9,9.4,2024-08-09,1,3.75,0,6
CAND01244,Software Engineer,Mid,5.0,Bachelor,64.1,31.3,81.0,7.48,5,6.66,4.89,1,1,5.54,2.34,104.8,104.4,-0.3,2024-01-19,1,3.92,0,5
CAND01245,UX Designer,Mid,5.4,Bachelor,87.1,58.5,50.4,7.65,5,7.36,4.06,1,2,4.89,2.93,64.4,71.8,11.5,2024-10-22,0,2.32,1,17
CAND01246,Product Manager,Mid,5.8,Master,69.9,54.9,50.0,6.72,5,6.61,3.1,1,2,2.6,0.95,86.6,88.1,1.7,2024-05-29,0,2.46,0,16
CAND01247,Sales Representative,Entry,1.7,Bachelor,56.8,50.0,93.0,6.62,5,6.92,4.81,1,1,1.93,1.54,42.6,42.2,-0.9,2024-01-23,1,3.24,1,3
CAND01248,Data Scientist,Senior,11.3,Master,91.1,78.5,67.3,5.68,4,7.2,4.69,1,4,3.84,0.81,43.4,47.6,9.7,2024-08-27,1,4.31,1,16
CAND01249,Marketing Specialist,Senior,11.6,Master,78.8,100.0,52.7,4.84,5,7.57,4.69,1,4,2.08,3.25,83.6,89.7,7.3,2024-09-29,0,2.21,0,8
CAND01250,Sales Representative,Entry,1.6,Bachelor,87.3,85.3,94.9,8.43,4,7.05,3.77,1,1,1.83,1.35,95.3,93.8,-1.6,2024-05-28,0,2.5,1,9
CAND01251,Product Manager,Mid,4.0,Bachelor,80.5,87.6,63.4,6.76,5,6.82,4.8,1,1,3.12,0.2,40.1,38.7,-3.3,2024-09-23,0,1.88,0,10
CAND01252,Marketing Specialist,Mid,4.9,Master,56.1,69.6,78.7,9.17,4,7.35,4.08,1,1,0.67,1.81,50.8,48.7,-4.0,2024-11-02,0,1.89,1,6
CAND01253,Customer Support,Entry,1.5,Master,62.4,48.8,66.7,6.88,3,7.79,2.95,1,1,5.04,3.46,75.0,77.8,3.7,2024-07-03,0,2.13,1,17
CAND01254,Data Scientist,Mid,5.5,Bachelor,58.8,49.8,48.2,7.17,4,6.63,4.55,1,2,1.14,2.38,78.2,87.1,11.4,2024-06-29,1,2.77,1,3
CAND01255,Data Scientist,Entry,0.7,Master,92.6,83.2,56.9,7.38,5,6.28,4.94,1,1,3.25,6.44,79.6,87.9,10.4,2024-11-07,0,1.5,0,20
CAND01256,Software Engineer,Mid,4.3,Bachelor,93.3,44.8,76.9,7.47,4,6.38,3.36,1,1,0.7,1.44,55.6,61.2,10.1,2024-03-28,0,1.88,1,11
CAND01257,UX Designer,Mid,3.1,Bachelor,55.1,77.5,63.1,7.56,3,7.27,4.38,1,1,3.36,1.1,69.9,70.2,0.4,2024-04-10,0,1.6,0,10
CAND01258,Operations Manager,Lead,13.5,Bachelor,85.5,80.9,70.7,4.48,4,6.52,3.76,1,5,1.85,1.23,60.4,64.1,6.2,2024-05-12,0,2.57,0,9
CAND01259,UX Designer,Mid,4.2,Bachelor,58.9,38.5,53.8,9.37,3,6.39,4.2,1,1,1.47,0.92,70.8,71.5,0.9,2024-03-07,0,1.42,0,8
CAND01260,Sales Representative,Entry,0.6,Bachelor,36.4,52.2,77.4,8.13,3,7.29,4.09,1,1,2.49,2.39,92.0,88.1,-4.2,2024-03-21,0,2.72,0,15
CAND01261,Data Scientist,Mid,4.9,Bachelor,74.2,59.7,55.5,6.12,3,7.94,3.49,1,1,4.02,3.01,94.4,96.0,1.7,2024-06-10,0,1.64,1,18
CAND01262,Software Engineer,Entry,1.0,PhD,60.7,38.8,55.5,7.15,4,7.23,4.5,1,1,3.47,0.25,74.5,82.5,10.7,2024-06-27,0,1.7,0,20
CAND01263,Data Scientist,Mid,5.1,Bachelor,78.7,76.8,62.5,7.34,3,7.83,4.74,1,2,3.31,0.93,49.6,49.6,0.0,2024-05-16,0,2.3,0,8
CAND01264,Product Manager,Mid,3.4,PhD,100.0,57.1,57.5,8.25,4,8.52,4.83,1,1,6.99,2.89,69.9,79.0,12.9,2024-08-17,1,3.17,1,3
CAND01265,Data Scientist,Senior,9.5,Bachelor,82.9,53.0,79.0,8.23,5,6.65,4.61,1,3,1.27,2.14,39.5,39.3,-0.4,2024-09-21,0,2.94,1,7
CAND01266,Marketing Specialist,Entry,0.5,Bachelor,67.0,76.4,27.3,7.68,5,7.52,4.12,1,1,0.96,1.15,85.1,86.2,1.3,2023-12-29,1,3.08,1,13
CAND01267,Operations Manager,Mid,4.5,Bachelor,96.1,82.5,80.4,4.78,5,6.97,3.41,1,1,3.66,1.87,43.7,44.5,1.8,2024-10-23,1,3.94,0,3
CAND01268,UX Designer,Entry,1.1,PhD,86.0,48.0,76.6,7.87,5,6.27,3.99,1,1,2.87,2.0,58.2,65.7,12.8,2024-08-15,0,1.62,1,8
CAND01269,UX Designer,Entry,1.7,Master,100.0,70.3,67.5,8.16,3,7.21,4.15,1,1,1.31,0.75,73.9,78.5,6.2,2024-10-11,1,4.61,1,5
CAND01270,Data Scientist,Mid,4.0,PhD,92.5,64.2,80.6,7.71,4,6.09,3.59,1,1,0.65,0.52,36.2,38.0,4.8,2024-07-25,1,4.32,1,2
CAND01271,Sales Representative,Entry,2.0,Bachelor,68.3,62.7,61.2,7.41,4,6.59,4.61,1,1,2.13,1.02,82.9,80.1,-3.3,2023-11-17,0,2.87,1,16
CAND01272,Customer Support,Senior,9.4,Bachelor,100.0,79.7,49.0,6.34,5,6.61,3.17,1,3,1.42,1.14,37.5,42.7,14.0,2024-06-16,0,2.72,1,8
CAND01273,Customer Support,Senior,8.1,Master,89.5,82.9,73.0,4.84,3,6.97,3.93,1,3,3.58,3.4,63.1,69.2,9.6,2024-09-19,0,1.74,1,28
CAND01274,Software Engineer,Senior,10.3,Master,95.3,90.4,28.8,6.0,4,6.71,4.19,1,4,0.49,1.87,78.4,76.7,-2.1,2024-01-20,1,2.5,1,2
CAND01275,Operations Manager,Senior,10.0,Bachelor,64.8,65.8,49.6,5.71,3,7.78,4.69,1,3,3.45,1.78,76.6,80.9,5.6,2024-10-11,1,3.53,1,5
CAND01276,Marketing Specialist,Senior,7.1,Master,87.8,85.5,80.1,7.87,3,5.94,3.04,1,2,3.47,3.38,86.2,90.3,4.8,2024-04-03,0,2.51,0,6
CAND01277,Data Scientist,Entry,0.3,Bachelor,90.5,32.7,83.1,9.01,4,7.11,3.4,1,1,5.65,1.37,42.6,47.5,11.5,2023-12-05,1,3.3,1,3
CAND01278,Operations Manager,Entry,1.0,Bachelor,69.7,51.7,79.1,8.4,3,7.82,4.36,1,1,1.1,2.18,55.3,62.7,13.4,2024-09-19,0,3.62,0,20
CAND01279,Software Engineer,Mid,4.3,Master,88.5,83.2,75.4,5.75,3,6.01,3.53,1,1,4.36,1.58,64.8,63.7,-1.6,2024-08-12,0,1.2,0,16
CAND01280,Customer Support,Mid,4.5,PhD,75.4,63.6,77.3,6.87,3,6.1,4.39,1,1,4.62,0.54,51.4,50.2,-2.4,2024-03-10,0,1.5,1,20
CAND01281,Data Scientist,Mid,3.2,Bachelor,74.1,47.9,61.4,7.92,4,6.04,4.52,1,1,1.31,2.01,71.8,78.3,9.1,2024-04-18,0,2.44,0,14
CAND01282,Operations Manager,Entry,0.5,PhD,53.0,45.0,58.4,5.63,4,7.3,3.97,1,1,2.6,0.14,63.5,68.9,8.6,2023-12-05,0,2.21,0,15
CAND01283,Customer Support,Mid,4.4,Bachelor,53.4,65.7,41.8,7.66,3,7.03,4.46,1,1,1.52,0.38,96.2,94.4,-1.8,2023-12-15,1,4.24,1,4
CAND01284,UX Designer,Mid,5.6,Bachelor,68.1,49.2,73.1,8.4,3,7.37,3.49,1,2,3.5,0.85,85.5,84.1,-1.6,2024-05-02,0,2.31,0,17
CAND01285,UX Designer,Mid,5.8,Bachelor,86.0,66.6,65.2,6.8,4,6.07,4.15,1,2,5.12,2.91,32.5,36.0,10.8,2024-08-04,1,3.25,1,6
CAND01286,Operations Manager,Senior,11.9,Bachelor,100.0,100.0,83.9,6.62,3,7.54,4.19,1,4,2.54,2.08,44.3,46.6,5.3,2024-06-26,0,1.67,1,13
CAND01287,Operations Manager,Mid,3.5,Master,59.0,85.9,66.9,8.39,4,6.92,3.56,1,1,2.1,0.93,33.4,36.6,9.7,2024-06-26,0,2.68,1,19
CAND01288,Sales Representative,Lead,19.5,Bachelor,100.0,100.0,46.7,6.25,4,6.71,4.32,1,7,8.53,0.86,40.7,40.7,-0.1,2024-01-24,0,1.9,1,10
CAND01289,Software Engineer,Lead,17.0,Bachelor,100.0,96.8,64.5,8.32,3,7.06,4.15,1,6,1.98,4.23,61.6,63.7,3.3,2023-11-17,0,3.34,0,15
CAND01290,Data Scientist,Entry,0.9,PhD,59.7,84.4,81.4,6.5,3,6.96,3.52,1,1,2.27,2.41,54.5,58.7,7.7,2023-12-01,0,2.28,1,20
CAND01291,Marketing Specialist,Senior,10.3,Bachelor,78.0,75.8,63.5,6.51,5,7.27,3.98,1,4,2.5,1.75,56.3,57.6,2.3,2024-04-10,0,2.55,1,42
CAND01292,Sales Representative,Mid,6.0,Master,63.9,70.3,82.8,5.53,5,7.22,4.24,1,2,4.13,4.14,41.2,46.8,13.5,2024-10-07,0,2.09,0,13
CAND01293,UX Designer,Entry,0.9,Bachelor,86.0,52.2,86.2,7.47,5,6.77,4.5,1,1,1.41,1.93,60.2,58.7,-2.5,2024-04-07,0,1.46,1,7
CAND01294,Operations Manager,Senior,8.8,PhD,88.7,59.6,74.5,4.86,5,7.44,4.46,1,3,0.8,2.14,73.6,75.8,2.9,2024-07-10,0,2.11,0,28
CAND01295,Operations Manager,Senior,11.3,Bachelor,76.6,100.0,70.8,7.36,4,6.93,4.58,1,4,3.32,0.91,38.3,40.5,5.8,2024-09-28,0,1.48,0,17
CAND01296,UX Designer,Senior,10.7,Master,100.0,75.5,42.8,8.95,5,7.54,4.34,1,4,2.58,0.56,71.2,73.3,2.9,2024-10-21,1,4.15,1,7
CAND01297,Product Manager,Mid,3.2,PhD,73.4,56.7,60.0,2.8,3,7.74,4.15,1,1,1.12,2.06,74.0,83.0,12.3,2024-03-23,0,2.45,1,18
CAND01298,Product Manager,Entry,1.5,Bachelor,79.3,69.9,75.7,6.61,3,7.4,4.06,1,1,6.0,0.35,51.9,54.7,5.4,2024-07-22,1,3.1,1,8
CAND01299,Sales Representative,Entry,1.5,Bachelor,99.5,57.5,66.5,8.09,3,7.35,4.9,1,1,4.98,0.13,62.1,62.7,0.9,2024-10-17,0,1.63,1,10
CAND01300,UX Designer,Mid,5.4,Bachelor,96.6,87.5,52.6,6.01,3,6.52,3.58,1,2,3.85,3.53,67.4,68.8,2.1,2023-11-24,1,3.97,1,8
CAND01301,UX Designer,Senior,8.6,Master,100.0,46.5,76.6,4.78,3,6.92,4.1,0,3,7.06,0.31,49.1,53.3,8.5,2023-12-22,1,3.22,1,2
CAND01302,Product Manager,Mid,3.1,Bachelor,79.7,72.7,76.2,8.21,5,6.95,4.8,1,1,5.32,1.12,63.1,70.9,12.4,2024-06-28,1,4.86,1,6
CAND01303,Marketing Specialist,Entry,1.5,Master,65.9,61.3,40.7,4.74,5,7.5,3.86,1,1,11.42,0.32,52.2,56.6,8.4,2024-10-04,0,2.89,0,20
CAND01304,Data Scientist,Mid,5.4,Master,79.4,92.9,83.2,3.73,4,7.83,3.92,1,2,2.7,1.06,68.4,67.9,-0.7,2024-01-28,0,1.11,0,10
CAND01305,UX Designer,Entry,1.2,Master,81.4,73.0,93.6,8.15,5,7.09,3.04,1,1,2.51,1.37,68.9,71.4,3.6,2024-05-25,1,4.6,1,2
CAND01306,Customer Support,Senior,8.3,Master,67.3,42.3,49.6,4.92,5,6.41,4.77,1,3,3.95,0.18,35.5,40.5,13.9,2024-03-18,0,2.38,0,16
CAND01307,Software Engineer,Senior,7.2,Bachelor,84.4,84.3,65.6,6.48,5,7.48,4.77,1,2,3.18,0.86,83.5,88.4,5.9,2023-12-24,0,2.55,1,11
CAND01308,UX Designer,Entry,2.0,Master,96.6,53.1,61.5,8.05,3,6.15,4.91,1,1,4.21,0.29,54.7,52.0,-4.9,2024-04-09,1,2.65,1,10
CAND01309,Product Manager,Entry,1.0,Master,91.7,85.3,70.9,5.6,3,6.67,4.03,1,1,2.98,0.08,35.9,39.8,10.8,2024-01-22,0,3.29,1,15
CAND01310,Data Scientist,Senior,7.4,PhD,87.3,99.7,52.0,5.55,3,6.8,4.88,1,2,0.95,2.94,66.0,67.8,2.8,2024-01-24,1,3.2,1,7
CAND01311,Data Scientist,Mid,5.3,Master,59.5,55.7,56.6,6.36,4,6.85,3.97,1,2,3.22,0.72,77.7,78.0,0.4,2024-02-07,0,2.86,1,18
CAND01312,Marketing Specialist,Mid,4.0,Master,84.3,76.6,72.9,5.31,4,6.92,3.95,1,1,3.86,1.17,71.2,68.7,-3.6,2024-06-25,0,1.87,1,12
CAND01313,UX Designer,Lead,19.2,Bachelor,100.0,98.0,64.3,9.27,5,6.6,4.68,1,7,1.59,1.27,70.7,71.5,1.1,2024-03-04,0,2.51,0,7
CAND01314,Operations Manager,Mid,3.8,Master,79.5,56.3,60.9,7.88,3,7.01,3.95,1,1,2.4,1.18,75.7,82.6,9.1,2024-08-11,1,4.06,1,5
CAND01315,Customer Support,Senior,11.7,Bachelor,81.7,82.8,90.0,4.65,4,6.25,3.98,1,4,3.63,0.47,70.8,80.4,13.6,2024-08-26,1,3.23,1,4
CAND01316,UX Designer,Entry,0.2,Master,99.5,42.9,71.1,5.44,3,6.57,4.72,1,1,0.5,1.18,41.7,40.2,-3.8,2024-04-19,0,3.17,0,4
CAND01317,Marketing Specialist,Entry,0.6,Associate,58.4,67.1,55.2,3.08,5,6.13,3.95,1,1,1.79,0.91,46.7,52.2,11.7,2024-07-09,1,4.16,1,3
CAND01318,Software Engineer,Lead,13.6,Bachelor,90.8,72.0,71.5,8.26,5,6.32,3.89,1,5,4.92,1.25,51.7,56.9,10.1,2024-03-09,0,1.23,1,28
CAND01319,Customer Support,Mid,3.9,Bachelor,81.3,71.5,72.4,6.35,4,7.13,4.7,1,1,5.8,0.69,61.4,67.3,9.7,2024-10-28,0,2.32,0,9
CAND01320,Marketing Specialist,Entry,1.9,Bachelor,73.3,84.3,84.3,5.52,4,5.44,4.46,1,1,5.1,2.28,68.4,69.5,1.6,2024-06-01,1,3.7,1,7
CAND01321,Customer Support,Entry,1.2,Bachelor,73.5,80.5,51.9,6.27,4,6.54,3.68,1,1,3.0,1.93,65.6,70.0,6.8,2023-11-17,0,2.57,0,19
CAND01322,Data Scientist,Entry,1.8,Master,75.1,50.4,82.8,7.04,3,7.2,4.53,1,1,0.89,3.43,59.0,63.7,8.1,2024-08-31,1,4.33,1,9
CAND01323,Customer Support,Mid,3.7,PhD,41.2,82.1,89.4,4.95,5,7.79,4.44,1,1,3.52,1.25,43.4,48.6,12.0,2024-03-26,1,2.88,1,6
CAND01324,Marketing Specialist,Mid,4.5,Master,96.9,56.9,50.1,6.87,4,6.88,4.44,1,1,0.86,0.46,41.7,46.4,11.2,2024-04-08,0,2.49,0,22
CAND01325,Data Scientist,Mid,5.9,Bachelor,100.0,97.9,48.6,8.64,3,7.09,3.9,1,2,1.81,1.67,56.2,57.1,1.5,2024-03-26,1,4.06,0,2
CAND01326,Sales Representative,Senior,8.2,PhD,100.0,65.0,77.6,8.82,4,7.36,4.46,0,3,0.55,0.19,54.9,61.5,12.2,2024-03-04,0,1.97,0,9
CAND01327,Marketing Specialist,Mid,4.7,Master,71.7,61.0,75.5,7.89,3,6.93,4.27,1,1,7.61,0.56,66.9,67.1,0.3,2024-02-18,1,3.08,1,3
CAND01328,Product Manager,Mid,5.4,PhD,95.3,71.0,51.6,5.87,3,5.99,3.64,1,2,1.11,0.85,47.4,51.4,8.3,2024-06-01,0,1.61,0,9
CAND01329,UX Designer,Lead,15.1,Associate,84.1,76.6,44.9,3.91,3,5.41,4.0,1,6,9.71,1.7,50.1,55.8,11.3,2024-02-13,1,4.18,1,4
CAND01330,Software Engineer,Senior,8.0,PhD,100.0,80.3,83.5,6.94,3,5.27,4.21,1,3,12.06,0.62,60.5,66.0,9.1,2024-08-01,1,2.82,1,5
CAND01331,Sales Representative,Entry,0.4,Bachelor,59.7,80.0,76.6,6.64,3,5.22,4.15,1,1,2.89,0.71,58.6,58.9,0.5,2024-07-03,0,1.98,1,20
CAND01332,Software Engineer,Entry,1.8,Master,96.1,73.1,92.1,6.56,4,6.96,4.18,1,1,0.53,1.53,94.3,101.1,7.2,2024-10-13,0,2.03,1,14
CAND01333,Marketing Specialist,Entry,1.2,PhD,83.8,78.8,27.4,8.91,5,6.68,4.7,1,1,1.01,1.87,44.9,47.2,5.1,2024-07-29,0,2.35,0,9
CAND01334,Customer Support,Lead,13.6,Bachelor,85.2,73.6,70.3,7.55,4,7.29,4.98,1,5,3.33,1.38,58.6,59.0,0.7,2024-03-15,0,1.47,0,5
CAND01335,UX Designer,Entry,2.0,Master,78.3,68.9,43.6,7.22,5,6.16,4.22,1,1,1.36,3.02,69.7,66.5,-4.5,2024-09-05,0,2.68,0,11
CAND01336,Software Engineer,Entry,1.7,Master,96.6,51.9,84.2,7.2,3,7.55,2.98,1,1,6.54,0.41,42.1,41.9,-0.3,2024-05-01,0,3.38,1,12
CAND01337,Operations Manager,Mid,3.2,Master,62.5,71.8,71.3,5.51,5,8.17,4.0,1,1,8.87,1.17,62.8,69.7,11.0,2024-03-24,0,1.79,0,17
CAND01338,Product Manager,Entry,0.7,Master,81.0,48.9,48.0,9.05,4,6.37,3.98,1,1,3.26,3.74,29.4,33.0,12.0,2024-01-12,0,2.36,1,3
CAND01339,Marketing Specialist,Entry,1.0,Associate,83.2,59.8,72.7,6.99,4,7.1,4.56,1,1,1.17,2.99,41.6,43.6,5.0,2024-08-16,1,2.15,1,6
CAND01340,Customer Support,Mid,4.8,Bachelor,71.1,76.5,40.4,5.89,5,6.92,3.39,1,1,3.68,3.53,74.7,73.4,-1.8,2023-11-21,1,2.67,1,4
CAND01341,Data Scientist,Senior,7.1,Master,95.2,67.0,77.0,7.24,4,6.06,4.2,1,2,5.17,0.75,59.2,56.7,-4.2,2024-10-24,0,2.29,0,13
CAND01342,UX Designer,Mid,3.1,Bachelor,48.1,77.9,68.5,8.88,3,6.8,4.64,1,1,4.09,0.58,59.8,63.5,6.2,2024-08-16,0,1.91,0,23
CAND01343,Sales Representative,Mid,5.0,Master,44.2,69.9,55.0,8.29,3,7.23,3.38,0,1,5.25,0.56,62.2,63.8,2.5,2023-12-12,0,1.41,1,13
CAND01344,Sales Representative,Entry,1.7,Associate,64.8,53.8,47.6,5.8,5,6.35,4.11,1,1,6.37,3.33,71.7,73.6,2.6,2024-07-25,0,2.19,1,15
CAND01345,Customer Support,Mid,5.5,Master,82.5,50.3,50.2,7.16,5,7.27,3.04,1,2,1.72,0.9,30.4,30.8,1.6,2024-04-12,0,4.11,1,33
CAND01346,Software Engineer,Entry,0.4,Master,60.9,44.0,79.6,6.2,5,7.65,3.82,1,1,2.02,0.73,65.3,66.4,1.6,2024-11-03,1,4.01,1,6
CAND01347,Operations Manager,Senior,9.3,Master,95.8,79.9,58.5,5.88,3,6.5,4.79,1,3,2.87,0.45,88.0,86.9,-1.3,2023-12-12,1,3.84,1,3
CAND01348,Product Manager,Entry,1.8,Master,69.4,69.9,74.0,8.62,5,7.57,3.92,1,1,3.05,0.83,66.1,72.2,9.2,2024-11-03,1,4.71,1,7
CAND01349,Sales Representative,Entry,0.5,Master,65.4,50.6,72.9,8.92,4,5.37,3.72,1,1,2.41,1.26,46.6,51.3,10.1,2024-01-01,1,4.15,1,5
CAND01350,Customer Support,Mid,5.0,Master,73.6,67.6,55.2,6.24,5,7.43,4.39,1,1,8.26,1.57,54.0,61.0,12.9,2023-11-10,0,1.63,0,9
CAND01351,Customer Support,Entry,1.4,Associate,82.6,70.8,58.1,7.52,4,7.2,3.88,0,1,1.98,0.96,80.6,90.2,11.8,2024-04-29,0,2.74,0,17
CAND01352,Marketing Specialist,Senior,7.3,Bachelor,94.4,86.5,75.0,7.51,4,7.28,4.11,1,2,1.12,1.13,67.3,76.1,13.0,2024-07-01,0,2.57,0,8
CAND01353,Sales Representative,Senior,8.5,Bachelor,90.6,97.9,83.2,5.08,4,6.77,4.27,1,3,1.31,0.96,61.8,60.1,-2.7,2024-06-06,0,1.9,0,17
CAND01354,UX Designer,Senior,7.2,Bachelor,92.7,84.8,78.9,6.46,5,6.8,3.02,1,2,3.2,2.85,91.6,92.1,0.6,2024-09-16,0,1.8,1,17
CAND01355,Software Engineer,Mid,4.0,Bachelor,87.9,67.4,51.6,5.0,5,6.37,3.39,1,1,5.62,0.49,70.8,79.2,11.9,2023-12-04,0,1.38,0,13
CAND01356,Marketing Specialist,Entry,0.1,Bachelor,77.1,69.2,71.6,7.55,5,7.78,2.91,1,1,3.47,0.67,48.9,49.3,1.0,2023-12-12,0,1.83,1,6
CAND01357,Customer Support,Entry,1.3,Bachelor,71.6,80.8,44.8,7.06,4,7.56,4.06,1,1,1.59,2.63,53.9,55.5,2.8,2023-11-23,0,1.43,1,16
CAND01358,Data Scientist,Senior,7.2,Master,98.4,70.1,60.1,6.16,4,7.66,4.21,1,2,1.48,0.97,47.2,49.8,5.6,2024-10-06,0,1.95,0,15
CAND01359,Marketing Specialist,Senior,11.1,Bachelor,76.5,79.0,67.6,6.65,4,5.96,3.94,1,4,7.16,0.99,52.4,56.5,7.9,2023-12-16,0,1.36,1,4
CAND01360,Marketing Specialist,Mid,4.9,Bachelor,53.8,72.8,72.4,7.69,4,7.73,3.68,1,1,2.87,2.21,95.8,106.4,11.1,2024-06-27,0,2.02,1,22
CAND01361,Customer Support,Entry,0.9,Master,72.5,66.3,62.0,6.9,3,6.91,4.0,1,1,4.85,1.89,55.1,62.6,13.6,2024-08-23,1,2.96,1,3
CAND01362,Sales Representative,Mid,3.5,Bachelor,68.7,74.1,67.2,8.01,3,6.08,3.24,1,1,8.41,0.37,38.2,38.8,1.6,2024-01-05,0,2.99,0,4
CAND01363,UX Designer,Entry,1.2,Master,84.3,65.5,60.3,7.82,5,6.05,3.09,1,1,3.1,0.94,78.4,87.2,11.2,2024-05-28,0,1.35,0,24
CAND01364,Product Manager,Mid,5.7,Bachelor,95.1,95.5,34.0,4.99,5,5.87,3.51,1,2,11.41,0.61,64.3,68.8,7.1,2024-10-25,0,1.75,0,16
CAND01365,Operations Manager,Entry,1.0,PhD,76.6,67.3,46.2,7.52,4,7.53,4.71,1,1,1.46,2.54,74.5,77.0,3.2,2024-06-28,1,3.77,1,7
CAND01366,UX Designer,Mid,4.0,Bachelor,84.4,21.1,57.2,7.28,4,7.72,4.31,1,1,4.95,2.07,44.7,46.8,4.6,2024-04-23,0,1.51,0,6
CAND01367,Software Engineer,Senior,10.0,Bachelor,67.4,89.2,78.3,7.81,5,6.96,4.73,1,4,2.32,0.53,71.1,76.0,6.9,2023-11-11,0,1.31,1,18
CAND01368,Sales Representative,Mid,3.1,Master,84.5,43.5,64.8,4.93,4,7.84,3.91,1,1,5.14,1.45,49.6,49.2,-0.9,2023-11-08,1,3.15,0,5
CAND01369,Sales Representative,Mid,5.4,PhD,100.0,70.4,79.8,4.02,5,7.18,4.1,1,2,0.72,1.22,48.1,49.3,2.4,2024-02-08,1,4.13,1,4
CAND01370,Operations Manager,Mid,4.4,Associate,74.2,73.5,81.7,9.29,5,7.61,4.76,1,1,2.64,1.11,51.7,53.6,3.6,2024-05-08,1,4.14,1,4
CAND01371,Customer Support,Entry,0.4,Master,100.0,89.0,71.4,7.78,3,6.58,4.51,1,1,2.71,0.18,48.5,52.0,7.2,2023-12-07,0,2.69,1,18
CAND01372,Product Manager,Senior,11.7,Master,100.0,85.6,66.1,8.28,4,7.16,4.01,1,4,2.12,2.01,55.4,52.7,-4.8,2024-09-19,0,2.29,1,15
CAND01373,Operations Manager,Mid,3.1,Associate,84.2,88.9,70.6,5.2,3,7.19,4.22,1,1,2.86,1.01,59.7,57.7,-3.3,2024-06-28,0,2.74,1,9
CAND01374,Product Manager,Entry,0.1,PhD,82.2,53.5,53.3,5.89,5,7.03,3.73,1,1,6.86,1.08,61.1,66.9,9.4,2024-05-20,0,2.89,1,19
CAND01375,Data Scientist,Senior,9.3,Bachelor,79.7,79.1,84.0,7.49,3,7.37,3.37,1,3,3.9,0.51,66.5,67.9,2.0,2024-05-10,0,1.12,1,22
CAND01376,Sales Representative,Lead,17.9,Bachelor,89.3,100.0,33.6,6.35,5,7.88,4.85,1,7,6.92,1.02,79.0,82.3,4.1,2024-06-03,1,3.55,0,8
CAND01377,UX Designer,Mid,4.3,Bachelor,83.0,79.3,63.6,3.87,4,7.71,4.68,1,1,1.35,1.25,60.3,57.8,-4.1,2024-05-01,1,2.98,0,3
CAND01378,Customer Support,Mid,3.2,Bachelor,70.1,69.7,56.0,6.97,5,6.88,4.39,1,1,3.69,1.05,82.0,90.4,10.2,2024-06-10,0,1.87,0,6
CAND01379,Operations Manager,Mid,3.1,Bachelor,86.3,72.3,68.0,5.49,3,6.75,3.49,1,1,1.48,0.12,71.0,69.6,-2.0,2024-03-12,1,2.83,1,10
CAND01380,Software Engineer,Mid,3.9,PhD,63.8,69.9,48.3,3.87,5,7.29,4.27,1,1,0.82,1.72,85.3,85.1,-0.2,2024-01-14,0,1.29,1,15
CAND01381,Data Scientist,Entry,0.3,Bachelor,47.6,67.4,75.3,6.54,4,7.67,2.69,1,1,5.66,1.13,67.0,65.1,-2.8,2024-07-31,0,1.46,1,15
CAND01382,Data Scientist,Entry,1.6,Bachelor,100.0,89.9,77.1,4.65,5,8.1,4.18,1,1,1.17,2.77,63.8,61.6,-3.4,2024-04-26,0,2.42,1,6
CAND01383,Customer Support,Entry,0.0,Master,74.9,50.9,75.2,9.2,4,6.69,3.84,1,1,4.11,2.76,51.3,49.0,-4.5,2024-10-11,0,1.31,0,25
CAND01384,Product Manager,Entry,1.0,Bachelor,56.0,72.7,69.5,4.06,3,7.21,4.15,1,1,4.64,1.4,53.9,57.1,5.9,2024-07-28,0,4.13,1,28
CAND01385,Marketing Specialist,Lead,17.0,PhD,100.0,98.0,72.5,6.09,4,7.16,4.75,1,6,2.51,1.55,78.7,79.7,1.3,2024-01-21,0,1.6,0,9
CAND01386,Operations Manager,Entry,1.5,Bachelor,50.8,58.8,61.9,7.81,3,7.29,4.46,1,1,8.59,1.85,90.9,102.7,13.0,2024-05-30,1,4.44,1,12
CAND01387,Product Manager,Mid,4.3,Master,82.3,58.2,75.0,8.46,3,8.66,4.76,1,1,9.38,1.21,92.0,91.0,-1.0,2024-03-03,0,2.69,0,6
CAND01388,Marketing Specialist,Mid,3.6,Bachelor,84.2,47.9,74.1,8.24,5,6.22,4.25,1,1,5.9,1.89,98.8,95.8,-3.0,2024-08-09,0,2.41,0,12
CAND01389,Marketing Specialist,Mid,4.9,Bachelor,97.0,50.2,77.7,6.31,5,7.74,4.3,1,1,4.1,1.98,51.9,56.2,8.3,2024-10-09,0,3.75,0,29
CAND01390,Software Engineer,Mid,5.4,Master,100.0,91.7,55.6,7.69,4,6.14,4.59,1,2,10.06,2.06,78.8,86.7,10.0,2024-06-20,0,1.91,0,17
CAND01391,Sales Representative,Senior,8.4,Master,77.4,82.3,86.9,3.91,3,7.21,3.91,1,3,3.34,2.08,58.2,60.7,4.3,2024-01-17,0,1.77,1,11
CAND01392,Product Manager,Entry,1.7,Bachelor,77.0,48.8,82.3,4.44,4,6.53,3.8,1,1,1.19,0.51,78.6,77.0,-2.0,2024-09-23,0,3.07,1,10
CAND01393,Product Manager,Senior,9.7,Bachelor,95.6,66.7,81.3,6.64,5,7.43,3.18,1,3,1.99,2.97,42.9,47.9,11.7,2024-03-30,1,3.08,1,7
CAND01394,UX Designer,Senior,11.7,Master,91.0,96.7,80.0,9.14,4,6.46,3.9,1,4,1.06,0.66,50.4,49.7,-1.3,2024-04-02,0,2.46,1,11
CAND01395,Operations Manager,Lead,14.7,Master,100.0,92.3,75.9,6.26,4,7.22,3.13,1,5,4.86,2.72,39.1,38.6,-1.2,2024-11-05,0,2.2,0,29
CAND01396,Software Engineer,Mid,3.9,Bachelor,81.6,56.9,48.2,8.77,5,6.77,4.27,1,1,2.69,2.03,34.4,33.5,-2.7,2024-07-28,0,1.5,1,30
CAND01397,Marketing Specialist,Mid,5.7,PhD,82.7,60.7,89.5,7.98,3,5.89,4.26,1,2,1.54,1.85,81.4,78.4,-3.6,2024-05-27,0,2.33,0,19
CAND01398,Sales Representative,Entry,1.4,Bachelor,67.1,56.7,62.0,5.35,3,6.38,4.89,1,1,5.12,0.83,70.0,69.9,-0.1,2023-11-27,0,2.05,1,13
CAND01399,Software Engineer,Mid,4.6,Master,88.8,63.0,61.4,5.19,5,7.03,4.86,1,1,3.41,0.64,44.8,50.5,12.7,2024-07-03,0,2.68,0,13
CAND01400,Sales Representative,Mid,4.4,Master,77.4,53.2,67.9,6.42,5,7.56,4.48,1,1,5.49,5.48,61.0,65.1,6.7,2024-05-15,1,4.45,1,2
CAND01401,Customer Support,Entry,1.3,Master,69.3,87.1,96.0,6.89,3,5.34,4.16,1,1,3.81,1.41,60.0,66.8,11.4,2024-09-16,0,1.44,1,7
CAND01402,UX Designer,Mid,3.9,Bachelor,76.3,70.1,86.7,7.58,5,7.15,4.23,1,1,3.59,0.73,79.9,88.0,10.1,2024-01-11,0,2.99,0,16
CAND01403,Customer Support,Entry,1.5,Bachelor,62.5,67.3,83.8,8.42,3,7.12,4.3,1,1,0.66,1.57,47.5,46.2,-2.8,2024-10-05,0,1.03,1,23
CAND01404,Software Engineer,Senior,7.7,Master,71.9,96.0,66.9,7.96,4,7.38,4.63,1,3,3.63,0.65,42.3,46.7,10.3,2024-06-12,0,2.19,1,25
CAND01405,Operations Manager,Senior,7.7,Master,100.0,65.4,90.0,5.26,5,7.53,3.87,1,3,1.07,0.73,51.2,52.4,2.3,2024-02-15,0,1.48,0,27
CAND01406,Marketing Specialist,Entry,0.2,Bachelor,43.0,59.5,73.0,7.85,4,5.88,4.96,1,1,3.59,0.83,47.8,47.9,0.3,2023-11-22,0,3.47,0,10
CAND01407,Product Manager,Mid,3.5,Master,100.0,77.3,57.9,5.18,4,6.58,2.69,1,1,2.1,0.26,36.0,37.3,3.8,2024-03-02,0,1.83,0,9
CAND01408,Marketing Specialist,Entry,0.8,Master,77.1,62.6,76.9,7.06,3,6.57,2.97,1,1,0.69,2.15,33.0,36.4,10.1,2024-08-15,1,3.35,1,13
CAND01409,UX Designer,Entry,0.8,Master,57.3,48.3,45.0,6.52,3,7.02,4.21,1,1,1.97,1.87,46.3,52.1,12.6,2024-07-14,1,3.52,1,8
CAND01410,Sales Representative,Mid,3.2,Master,69.2,53.4,94.8,5.53,5,7.43,3.43,1,1,1.64,0.17,45.6,46.0,0.9,2024-09-01,1,3.83,1,11
CAND01411,Sales Representative,Senior,8.6,Bachelor,75.3,86.6,75.9,7.45,5,7.45,4.54,1,3,8.39,0.4,78.9,82.6,4.6,2024-10-27,0,1.15,0,9
CAND01412,Product Manager,Entry,1.5,Master,95.5,70.2,75.3,3.64,3,6.38,3.84,1,1,3.2,3.15,38.7,39.9,3.2,2024-05-04,0,2.56,0,11
CAND01413,Software Engineer,Entry,1.3,Bachelor,65.6,82.1,67.2,7.51,4,7.42,4.47,1,1,5.25,0.55,38.5,38.2,-0.7,2023-12-16,0,2.52,1,8
CAND01414,Customer Support,Mid,5.2,Master,94.3,75.0,53.5,8.65,5,7.54,4.3,1,2,1.79,1.41,70.8,78.0,10.1,2023-12-24,1,4.26,1,4
CAND01415,Software Engineer,Mid,4.7,Master,76.1,84.3,85.7,5.69,5,7.13,4.35,1,1,1.16,2.27,54.3,57.8,6.3,2024-10-14,0,1.66,0,9
CAND01416,Data Scientist,Mid,4.5,Bachelor,53.3,80.0,67.9,6.27,5,6.81,4.51,1,1,2.45,1.52,49.3,54.3,10.3,2024-10-28,1,3.67,1,3
CAND01417,Software Engineer,Senior,7.4,Bachelor,85.6,79.2,40.5,3.9,5,7.24,4.68,1,2,0.99,0.72,89.9,95.8,6.6,2024-09-09,0,2.48,1,15
CAND01418,UX Designer,Entry,1.9,Master,63.1,79.4,62.3,6.69,4,7.54,4.33,1,1,5.29,0.67,48.7,49.6,1.8,2024-04-27,1,3.88,1,7
CAND01419,Data Scientist,Mid,4.2,Master,83.0,37.2,90.3,6.74,5,7.33,4.66,1,1,4.6,0.76,66.5,73.6,10.7,2024-07-01,1,4.7,1,5
CAND01420,Operations Manager,Mid,4.4,Bachelor,72.5,65.1,70.9,6.6,5,6.87,3.18,0,1,11.13,2.46,44.1,47.6,8.1,2024-08-21,0,1.77,0,12
CAND01421,Sales Representative,Mid,3.1,Master,83.7,50.7,76.0,5.56,5,5.95,4.57,1,1,2.27,1.01,52.7,55.0,4.5,2023-11-22,0,1.71,0,7
CAND01422,Software Engineer,Entry,0.2,Bachelor,88.6,76.2,82.2,8.85,4,6.63,3.02,1,1,2.22,3.58,66.6,71.5,7.4,2024-04-06,0,2.16,0,13
CAND01423,Data Scientist,Mid,4.4,Bachelor,81.2,56.9,52.4,5.87,5,7.33,4.3,1,1,2.67,1.31,81.0,83.1,2.6,2024-02-15,0,1.66,0,29
CAND01424,Customer Support,Mid,3.1,Bachelor,88.2,71.4,67.9,7.02,5,7.22,3.45,1,1,1.83,0.47,57.7,63.6,10.3,2024-01-02,0,2.19,0,17
CAND01425,Product Manager,Mid,5.4,Bachelor,100.0,57.0,55.3,6.86,4,7.56,4.28,0,2,3.25,0.53,47.8,52.5,9.9,2024-09-15,0,3.03,1,7
CAND01426,Data Scientist,Mid,4.0,Master,100.0,79.9,49.3,5.42,4,6.34,4.3,1,1,3.76,2.15,91.1,93.1,2.2,2024-09-10,0,1.4,0,22
CAND01427,Data Scientist,Mid,3.9,Bachelor,100.0,27.3,52.1,4.23,4,7.02,3.97,0,1,2.48,0.98,26.0,27.3,5.3,2024-07-29,1,4.31,0,2
CAND01428,Sales Representative,Mid,4.6,Bachelor,99.3,65.7,72.0,6.94,4,6.28,4.71,1,1,6.06,0.43,34.1,36.6,7.4,2024-02-14,0,1.63,0,14
CAND01429,Sales Representative,Senior,9.5,Master,79.9,48.5,78.8,7.91,4,7.23,4.5,1,3,1.96,1.89,41.1,45.1,9.8,2023-11-13,1,4.26,1,2
CAND01430,UX Designer,Mid,5.1,PhD,99.3,67.2,81.2,6.49,4,6.77,4.46,1,2,5.99,4.89,53.1,58.9,10.9,2024-08-17,0,3.08,0,13
CAND01431,Software Engineer,Mid,5.1,Bachelor,100.0,83.4,70.6,7.87,5,6.19,4.45,0,2,2.06,0.58,58.1,59.4,2.3,2024-02-27,1,3.32,1,6
CAND01432,Sales Representative,Entry,1.0,PhD,83.8,91.0,85.6,6.71,5,7.13,3.02,1,1,1.64,2.94,51.4,49.0,-4.7,2024-03-06,0,1.18,1,31
CAND01433,Marketing Specialist,Mid,3.6,Bachelor,55.2,78.9,60.3,7.79,3,7.74,4.57,1,1,0.78,2.38,65.0,72.9,12.2,2024-11-06,0,3.1,1,7
CAND01434,Software Engineer,Mid,5.3,Master,76.1,80.1,83.9,8.19,5,6.85,3.43,1,2,2.38,0.62,42.5,43.8,3.1,2024-09-23,1,3.75,0,5
CAND01435,Data Scientist,Entry,1.7,Bachelor,78.5,67.1,71.4,4.89,5,6.57,4.27,1,1,2.85,3.37,25.8,27.5,6.8,2023-12-01,0,2.78,1,15
CAND01436,Operations Manager,Entry,1.7,Bachelor,67.5,43.0,67.0,7.8,3,7.52,4.04,1,1,4.89,1.35,60.4,61.7,2.1,2024-09-22,0,3.02,1,5
CAND01437,Data Scientist,Senior,8.6,Associate,100.0,75.7,71.1,5.02,5,7.71,3.88,1,3,3.25,0.11,93.6,95.1,1.7,2024-09-17,1,4.18,1,11
CAND01438,Customer Support,Entry,1.7,Master,65.1,76.1,73.5,5.49,5,7.43,4.55,1,1,1.37,1.95,37.5,39.4,5.0,2024-07-12,1,4.08,1,6
CAND01439,Operations Manager,Entry,1.4,Bachelor,85.4,53.7,76.3,6.78,4,7.55,4.52,1,1,1.34,1.72,91.3,93.6,2.5,2024-06-25,0,2.38,0,12
CAND01440,Operations Manager,Entry,1.0,Master,55.2,38.1,93.7,6.02,3,7.71,4.12,1,1,4.88,0.96,55.3,53.6,-3.1,2024-09-17,0,1.76,0,14
CAND01441,Product Manager,Senior,7.4,Bachelor,87.0,59.9,72.7,6.79,3,7.39,4.26,1,2,0.64,0.38,71.1,81.5,14.7,2024-06-12,0,2.68,0,5
CAND01442,Marketing Specialist,Senior,10.6,Bachelor,78.7,71.2,30.5,7.83,5,7.1,3.76,1,4,2.61,1.59,95.4,91.0,-4.6,2024-05-31,1,2.99,0,4
CAND01443,UX Designer,Mid,4.0,Bachelor,84.5,53.8,48.1,5.37,5,7.2,4.04,1,1,1.46,0.91,81.3,81.3,-0.0,2024-09-09,1,4.05,0,1
CAND01444,Data Scientist,Entry,0.0,Bachelor,61.0,71.0,86.5,3.99,3,6.57,4.15,1,1,1.93,5.17,83.3,95.6,14.7,2024-11-03,0,2.03,0,19
CAND01445,Product Manager,Entry,1.1,Master,96.7,74.8,90.5,6.88,5,6.53,3.62,1,1,5.66,1.9,68.6,72.7,5.9,2023-12-12,1,2.22,1,6
CAND01446,Product Manager,Mid,3.5,Master,63.8,74.7,63.9,3.11,4,7.51,4.02,1,1,5.86,2.6,75.4,83.1,10.2,2024-05-08,0,2.43,0,28
CAND01447,Operations Manager,Entry,0.8,Master,49.6,34.1,73.2,7.48,5,6.56,3.25,1,1,1.16,1.22,61.4,58.9,-4.0,2024-06-23,0,2.17,0,17
CAND01448,Data Scientist,Mid,4.0,Bachelor,100.0,87.1,76.5,6.89,4,6.49,4.4,1,1,1.84,1.73,58.5,64.7,10.7,2024-05-16,0,2.31,0,9
CAND01449,Product Manager,Lead,14.3,Bachelor,100.0,100.0,74.7,8.5,3,7.51,4.6,1,5,1.75,3.59,50.2,54.2,8.1,2024-04-16,0,3.5,0,12
CAND01450,UX Designer,Senior,7.7,Bachelor,87.3,84.9,90.3,7.71,4,7.28,4.01,1,3,9.71,1.44,59.0,62.4,5.8,2024-06-21,1,4.03,1,4
CAND01451,UX Designer,Mid,4.8,Bachelor,100.0,82.7,73.3,5.88,5,7.3,3.19,1,1,2.02,1.94,70.6,77.0,9.0,2024-03-08,0,3.4,0,9
CAND01452,UX Designer,Entry,1.4,Bachelor,49.0,41.5,72.7,8.17,5,7.24,4.68,1,1,7.4,0.83,40.0,42.4,6.2,2024-08-14,0,1.41,1,9
CAND01453,Data Scientist,Lead,17.2,Bachelor,100.0,94.5,58.7,4.7,3,7.13,4.7,1,6,1.43,3.32,108.5,113.8,4.9,2023-11-17,0,1.31,0,12
CAND01454,Software Engineer,Senior,12.0,Bachelor,100.0,92.8,45.4,6.57,3,6.94,4.28,1,4,5.19,2.0,30.0,33.3,11.2,2024-09-15,0,2.63,0,11
CAND01455,UX Designer,Senior,9.3,PhD,87.5,86.1,54.4,5.74,5,7.13,4.91,1,3,0.83,0.9,57.3,56.5,-1.4,2024-03-05,0,1.72,1,6
CAND01456,Operations Manager,Entry,0.8,Master,81.2,51.0,94.2,7.38,3,5.37,4.22,1,1,0.46,0.49,72.7,76.8,5.7,2023-12-31,0,2.61,1,29
CAND01457,UX Designer,Mid,4.9,Bachelor,65.7,74.9,44.0,6.43,4,7.0,4.9,1,1,3.53,0.93,48.8,48.0,-1.7,2023-12-30,0,1.72,1,10
CAND01458,Software Engineer,Entry,1.9,PhD,56.6,50.0,82.4,6.8,5,7.64,4.21,1,1,3.97,2.21,73.7,71.7,-2.6,2024-09-02,0,2.26,0,9
CAND01459,Operations Manager,Lead,15.8,Master,100.0,99.4,90.7,5.15,4,6.79,4.26,1,6,9.23,1.91,86.6,97.9,13.1,2024-09-11,1,3.91,1,7
CAND01460,UX Designer,Senior,7.5,Bachelor,82.9,36.0,68.3,4.98,4,5.45,4.69,1,2,1.57,0.92,60.2,64.9,7.7,2024-10-15,1,3.76,1,8
CAND01461,Data Scientist,Senior,11.2,PhD,80.9,63.7,73.9,8.0,4,6.49,3.01,1,4,3.31,0.66,69.6,75.3,8.2,2023-12-08,0,2.19,1,18
CAND01462,Marketing Specialist,Senior,7.8,Bachelor,78.7,100.0,48.2,6.8,3,6.65,4.61,1,3,6.49,0.61,110.5,121.3,9.7,2023-11-13,1,3.86,1,4
CAND01463,Sales Representative,Senior,8.0,Bachelor,81.0,100.0,51.1,8.95,5,6.62,4.67,1,3,4.78,0.58,54.7,53.6,-2.1,2024-05-18,0,3.03,1,21
CAND01464,Data Scientist,Senior,7.5,Bachelor,37.8,38.2,54.6,5.02,4,7.32,4.07,1,3,0.98,0.97,83.2,86.6,4.0,2023-12-05,0,2.05,1,7
CAND01465,Sales Representative,Entry,1.9,Master,71.6,75.3,79.1,5.27,4,7.29,4.49,1,1,0.85,1.66,44.5,45.0,1.3,2024-05-14,1,3.21,0,4
CAND01466,UX Designer,Senior,8.4,Associate,77.1,45.5,59.6,8.23,3,6.48,3.21,1,3,4.66,0.58,79.0,80.6,2.1,2024-01-27,1,2.84,1,6
CAND01467,Software Engineer,Mid,5.1,Master,70.2,65.8,65.5,7.47,3,7.59,3.12,1,2,2.36,1.4,63.8,62.7,-1.6,2023-12-14,1,3.66,0,11
CAND01468,Product Manager,Entry,0.8,Master,65.9,90.6,49.7,6.46,5,6.76,2.59,1,1,0.88,1.27,54.4,61.4,13.0,2024-03-12,1,3.93,1,5
CAND01469,Operations Manager,Mid,5.2,Bachelor,86.3,66.5,50.6,7.13,3,6.86,4.29,1,2,3.78,0.63,50.1,52.0,3.8,2024-09-30,1,2.88,1,4
CAND01470,Operations Manager,Mid,4.0,Master,62.7,44.6,82.3,5.15,4,7.4,4.63,1,1,4.2,3.56,60.5,65.3,7.9,2024-07-07,0,1.6,0,19
CAND01471,Marketing Specialist,Entry,1.6,Master,86.4,81.8,49.8,7.64,4,6.87,3.85,1,1,6.2,0.58,70.8,71.3,0.7,2024-10-13,1,4.34,1,9
CAND01472,Sales Representative,Entry,1.2,Associate,74.8,47.6,83.8,6.4,5,7.45,4.32,1,1,2.78,0.43,78.2,78.4,0.3,2023-12-14,0,1.37,1,10
CAND01473,UX Designer,Entry,0.5,Master,70.8,81.0,73.2,6.75,4,6.73,4.23,1,1,4.12,0.74,50.3,56.6,12.6,2024-07-10,1,3.35,1,1
CAND01474,Data Scientist,Entry,0.9,PhD,79.4,98.0,89.2,8.58,4,7.29,4.28,1,1,2.76,0.31,52.8,50.4,-4.5,2024-03-25,0,1.62,1,15
CAND01475,Operations Manager,Mid,4.7,Master,100.0,82.8,43.8,5.06,3,7.59,2.45,1,1,3.07,2.44,78.2,88.0,12.5,2024-02-26,0,2.03,0,19
CAND01476,Operations Manager,Mid,4.0,Bachelor,70.8,55.2,68.5,6.54,4,8.19,4.11,1,1,5.75,1.79,44.1,48.8,10.6,2024-09-08,0,3.94,1,12
CAND01477,Operations Manager,Entry,0.6,Bachelor,74.5,44.5,35.3,6.06,5,7.03,4.01,1,1,4.32,2.82,67.0,73.7,10.0,2023-12-09,0,1.17,1,20
CAND01478,Software Engineer,Mid,4.7,Bachelor,87.3,65.2,60.7,8.87,3,7.53,4.47,1,1,0.99,1.12,87.2,95.6,9.6,2024-04-15,1,2.7,1,9
CAND01479,UX Designer,Mid,6.0,Bachelor,87.8,78.0,79.4,6.83,3,6.3,4.19,0,2,1.23,4.23,47.5,49.2,3.4,2024-01-27,1,3.36,1,3
CAND01480,Software Engineer,Entry,1.3,Bachelor,74.4,58.4,54.9,7.71,3,8.04,4.54,1,1,1.09,0.91,51.1,58.2,14.0,2024-01-03,1,2.67,1,6
CAND01481,Customer Support,Mid,3.9,Bachelor,73.0,67.7,38.3,8.3,5,8.1,3.87,1,1,3.67,0.99,33.6,38.4,14.2,2024-01-25,1,3.37,0,7
CAND01482,Sales Representative,Senior,10.0,PhD,100.0,100.0,74.1,6.47,5,7.28,4.32,1,4,1.52,1.64,93.0,97.7,5.1,2023-11-30,0,2.45,1,9
CAND01483,Operations Manager,Mid,5.8,Bachelor,57.8,56.3,72.1,6.2,4,6.44,2.45,1,2,3.24,1.71,72.0,74.1,2.8,2024-05-05,0,2.0,0,25
CAND01484,Software Engineer,Mid,5.3,Master,100.0,85.8,80.5,5.54,3,6.4,3.84,1,2,4.66,1.1,72.4,76.7,6.1,2024-03-20,1,3.51,1,3
CAND01485,Marketing Specialist,Mid,4.3,Bachelor,89.9,46.1,71.5,5.64,5,6.82,3.99,1,1,1.28,3.31,58.8,59.7,1.5,2023-12-26,0,1.79,1,5
CAND01486,Operations Manager,Mid,4.1,Bachelor,100.0,94.8,36.1,2.58,5,7.02,3.69,1,1,3.19,0.97,86.6,84.4,-2.6,2023-12-07,1,3.59,1,7
CAND01487,Marketing Specialist,Mid,5.9,Bachelor,77.5,81.8,58.1,7.23,5,7.36,3.03,1,2,4.79,1.4,83.1,82.6,-0.6,2024-03-21,1,4.73,0,7
CAND01488,Data Scientist,Entry,1.6,Master,60.5,56.0,50.2,6.38,3,6.1,4.01,1,1,2.3,0.64,57.7,62.2,7.7,2023-12-06,0,2.62,1,16
CAND01489,Sales Representative,Mid,4.9,Master,75.1,89.5,61.0,5.07,3,8.52,4.39,1,1,1.87,0.24,44.8,42.8,-4.3,2024-05-17,1,3.37,1,5
CAND01490,Marketing Specialist,Entry,1.0,Master,68.2,56.7,41.8,4.73,5,6.93,4.51,1,1,3.3,0.34,124.0,127.1,2.6,2024-06-11,0,2.24,0,23
CAND01491,Marketing Specialist,Mid,3.8,Master,57.9,56.5,67.1,4.28,5,6.79,4.13,1,1,2.29,1.55,99.1,99.4,0.3,2024-09-14,0,3.34,1,20
CAND01492,Software Engineer,Senior,7.8,Master,100.0,89.9,69.3,4.76,3,7.67,4.71,1,3,3.96,1.8,64.7,67.8,4.7,2024-02-29,0,1.9,0,14
CAND01493,Product Manager,Senior,11.7,Bachelor,85.1,100.0,88.3,7.19,5,7.36,4.44,1,4,1.83,3.7,74.3,71.8,-3.3,2024-04-12,1,4.6,1,4
CAND01494,Data Scientist,Mid,3.1,Master,91.8,89.9,34.6,9.19,4,8.06,4.26,1,1,0.59,0.66,46.8,47.9,2.5,2023-12-31,0,1.71,1,7
CAND01495,Sales Representative,Mid,5.4,Master,94.0,51.0,32.9,8.81,3,8.01,4.4,1,2,2.37,0.78,44.9,47.6,5.9,2024-09-07,1,3.33,1,11
CAND01496,UX Designer,Entry,0.9,Bachelor,82.7,54.8,86.0,5.28,3,8.14,4.38,1,1,0.59,1.02,65.9,69.7,5.8,2024-03-18,0,2.27,0,16
CAND01497,Sales Representative,Entry,0.3,Master,82.8,42.3,81.5,8.44,5,7.38,4.38,1,1,2.47,2.31,27.3,27.7,1.4,2024-05-18,1,3.8,1,7
CAND01498,Data Scientist,Mid,5.9,Bachelor,83.8,70.3,44.4,7.25,4,7.54,4.46,1,2,4.47,1.18,65.5,64.2,-2.0,2024-10-15,1,2.56,1,6
CAND01499,Data Scientist,Lead,14.9,Master,86.7,79.4,71.8,6.53,4,7.72,3.88,1,5,1.62,1.46,35.4,35.6,0.6,2024-03-18,1,3.66,1,5
CAND01500,Product Manager,Entry,0.2,Bachelor,82.0,59.7,71.3,6.29,4,6.3,4.76,1,1,3.28,2.45,74.6,82.9,11.3,2024-11-05,0,2.0,1,13
CAND01501,Software Engineer,Entry,0.6,Bachelor,61.2,92.2,90.8,9.05,5,6.1,4.19,1,1,3.75,0.95,53.6,57.1,6.4,2024-03-31,0,2.59,1,18
CAND01502,Operations Manager,Mid,4.3,Bachelor,88.7,61.4,80.8,5.38,5,6.32,3.55,1,1,6.26,1.36,60.8,68.6,13.0,2024-08-09,0,3.42,1,7
CAND01503,Product Manager,Senior,11.2,Master,100.0,89.8,61.1,6.55,5,6.42,4.24,1,4,1.04,1.65,41.7,41.6,-0.1,2024-09-03,0,2.99,0,17
CAND01504,Data Scientist,Senior,9.6,Bachelor,81.1,76.7,90.2,5.11,4,6.14,4.54,1,3,3.35,2.72,70.6,70.2,-0.5,2023-12-07,1,3.62,1,2
CAND01505,Marketing Specialist,Entry,0.7,Bachelor,61.6,70.4,73.8,5.87,5,7.34,4.18,1,1,2.2,0.52,55.4,53.5,-3.4,2024-04-25,0,1.71,1,8
CAND01506,UX Designer,Mid,4.4,Bachelor,62.5,69.0,76.4,4.22,5,7.1,4.82,1,1,2.67,2.4,55.8,56.4,1.0,2023-11-19,0,2.36,0,17
CAND01507,Sales Representative,Senior,8.1,Master,78.4,61.5,84.6,7.01,4,6.01,2.98,1,3,0.31,0.98,76.3,84.4,10.7,2024-04-18,0,3.2,0,10
CAND01508,Marketing Specialist,Mid,5.6,Bachelor,100.0,76.1,59.2,7.66,4,7.21,4.04,1,2,3.5,0.07,57.7,61.0,5.7,2024-03-21,0,2.38,0,27
CAND01509,Product Manager,Mid,4.4,Bachelor,56.5,92.2,68.5,4.47,3,6.29,3.81,1,1,1.38,2.15,51.1,53.2,4.1,2024-04-10,0,2.77,1,5
CAND01510,Customer Support,Mid,5.4,Bachelor,86.2,85.4,77.7,7.14,5,6.86,3.83,1,2,1.18,2.25,39.9,44.6,11.8,2024-02-01,0,2.28,0,10
CAND01511,Marketing Specialist,Entry,0.6,Master,47.6,70.2,86.5,5.78,5,7.56,4.54,1,1,2.62,3.46,77.9,82.8,6.2,2024-01-29,1,3.67,0,3
CAND01512,Sales Representative,Mid,4.3,Bachelor,57.0,90.2,78.7,7.39,3,8.19,3.34,1,1,7.31,2.51,49.8,49.6,-0.4,2024-07-23,1,3.74,0,5
CAND01513,Customer Support,Entry,1.9,Bachelor,87.4,93.0,80.5,6.83,5,7.5,4.8,1,1,11.36,1.03,55.4,56.1,1.3,2024-05-15,1,3.9,0,7
CAND01514,Product Manager,Mid,5.6,Master,84.5,100.0,96.4,9.38,5,6.74,4.43,1,2,4.66,0.76,68.5,73.0,6.5,2023-12-11,0,1.79,1,19
CAND01515,Product Manager,Mid,3.0,PhD,88.0,93.0,63.3,8.42,5,7.07,4.03,1,1,2.91,0.56,35.9,35.5,-1.0,2024-02-04,1,4.1,1,8
CAND01516,Marketing Specialist,Entry,0.3,Bachelor,59.7,77.1,66.4,5.69,5,7.09,4.07,1,1,2.92,1.48,63.5,69.9,10.2,2024-09-09,0,1.76,1,7
CAND01517,Marketing Specialist,Senior,7.8,PhD,83.0,100.0,86.3,4.87,5,7.27,3.88,1,3,0.68,1.65,68.4,72.9,6.5,2024-03-07,1,3.72,1,4
CAND01518,UX Designer,Mid,5.1,Master,100.0,57.0,36.4,3.88,5,6.95,3.44,1,2,2.01,0.44,67.4,65.3,-3.2,2024-02-08,1,2.26,1,13
CAND01519,Customer Support,Senior,8.7,Bachelor,90.2,75.6,74.8,7.65,4,8.27,4.11,1,3,3.58,2.1,57.2,57.5,0.4,2024-11-01,0,1.45,1,24
CAND01520,Data Scientist,Entry,0.9,Master,37.4,47.2,30.9,7.16,3,6.27,3.8,1,1,3.42,1.18,59.4,67.8,14.2,2024-04-26,0,3.43,0,6
CAND01521,Product Manager,Mid,5.0,Master,92.9,72.9,63.9,6.31,3,7.75,4.92,1,1,1.24,2.2,58.7,66.6,13.4,2023-11-30,0,2.95,1,10
CAND01522,Software Engineer,Mid,3.0,PhD,72.9,81.1,55.8,5.06,3,6.17,3.76,1,1,1.1,3.88,63.3,64.1,1.4,2024-06-24,1,4.48,1,5
CAND01523,Product Manager,Entry,2.0,Bachelor,86.2,74.1,56.7,6.24,4,7.0,3.78,1,1,5.51,3.56,40.1,40.7,1.6,2023-11-24,0,3.04,1,9
CAND01524,Customer Support,Mid,3.2,Master,58.8,71.2,81.9,4.77,3,7.4,4.37,1,1,5.4,0.6,50.3,53.0,5.4,2024-10-07,0,2.92,1,22
CAND01525,Customer Support,Mid,3.2,Bachelor,61.4,83.7,60.5,8.61,3,7.4,2.69,1,1,2.43,1.66,45.9,43.9,-4.5,2024-02-04,0,2.09,1,5
CAND01526,Software Engineer,Entry,1.5,Bachelor,63.1,91.2,68.0,7.91,4,6.89,3.49,1,1,10.49,1.57,58.7,63.7,8.5,2024-03-21,0,2.7,0,16
CAND01527,Data Scientist,Entry,0.4,Bachelor,78.3,59.5,48.5,5.64,5,7.36,3.79,1,1,0.77,2.71,47.7,51.4,7.8,2023-11-28,0,1.24,1,19
CAND01528,Sales Representative,Mid,3.3,Master,62.8,64.7,67.6,5.91,5,7.47,4.24,1,1,0.81,1.13,101.4,107.8,6.3,2023-12-12,0,2.71,0,10
CAND01529,UX Designer,Entry,0.4,PhD,82.8,72.7,55.3,6.93,3,6.93,4.82,1,1,3.44,1.98,102.3,114.0,11.5,2024-02-20,1,3.52,1,6
CAND01530,Customer Support,Entry,1.4,Bachelor,78.8,65.5,51.1,6.58,5,6.41,4.58,1,1,2.47,0.66,45.9,52.2,13.7,2023-12-03,1,3.8,1,2
CAND01531,Software Engineer,Mid,5.7,Bachelor,86.5,58.0,75.7,8.05,4,7.02,2.55,1,2,4.78,0.57,24.4,27.1,11.0,2024-04-23,1,4.69,1,2
CAND01532,UX Designer,Entry,1.0,Master,83.3,47.9,79.7,5.64,5,7.95,4.88,1,1,9.58,2.24,46.1,52.2,13.2,2024-05-31,0,1.7,0,18
CAND01533,Software Engineer,Entry,1.8,Master,58.3,76.2,69.7,7.03,3,7.89,3.11,1,1,1.57,0.72,72.3,69.3,-4.2,2024-07-02,0,1.97,0,9
CAND01534,Sales Representative,Entry,1.5,Associate,82.3,58.8,90.7,6.12,5,6.62,3.16,0,1,2.69,1.29,78.0,88.8,13.8,2024-03-26,1,2.2,1,4
CAND01535,Sales Representative,Mid,5.2,Bachelor,99.3,67.8,82.7,6.9,5,6.47,4.36,1,2,1.21,2.11,74.9,83.9,12.0,2023-11-13,0,2.39,0,18
CAND01536,Marketing Specialist,Mid,3.2,PhD,80.6,54.4,63.2,5.35,5,7.49,3.87,1,1,1.64,1.38,76.1,82.8,8.8,2024-02-02,0,3.09,1,20
CAND01537,Sales Representative,Mid,3.6,Bachelor,72.7,60.9,61.7,7.24,5,7.9,4.78,1,1,0.96,4.97,39.1,40.4,3.3,2024-07-31,1,2.49,1,4
CAND01538,Customer Support,Senior,10.9,Associate,71.5,85.5,62.2,5.55,4,7.45,4.59,1,4,2.43,1.46,43.1,42.1,-2.3,2024-08-09,0,3.54,1,11
CAND01539,Data Scientist,Mid,3.5,Master,98.5,39.1,58.1,6.48,3,6.95,4.4,1,1,5.33,0.92,46.5,44.3,-4.9,2024-08-11,1,4.29,1,2
CAND01540,Data Scientist,Mid,5.0,Associate,52.8,81.0,71.7,5.63,4,6.67,3.87,1,1,4.21,0.3,70.0,70.4,0.5,2024-10-18,1,4.21,1,2
CAND01541,UX Designer,Mid,3.5,Bachelor,54.8,80.6,47.7,7.76,4,7.65,4.44,1,1,7.6,3.13,56.8,58.8,3.4,2024-01-28,1,3.39,1,2
CAND01542,Customer Support,Entry,1.7,Bachelor,44.4,56.7,70.6,6.3,3,8.31,3.38,1,1,1.39,0.78,30.2,29.9,-0.9,2024-08-17,1,4.3,1,3
CAND01543,Customer Support,Entry,1.0,Bachelor,62.0,96.5,79.4,6.92,3,7.28,4.59,1,1,0.53,0.58,75.9,73.8,-2.8,2024-05-22,1,3.88,1,1
CAND01544,Operations Manager,Entry,1.9,Bachelor,49.4,79.3,60.0,7.25,5,7.54,3.93,1,1,0.47,1.83,55.5,56.2,1.2,2024-08-20,0,2.75,0,6
CAND01545,Software Engineer,Mid,5.1,Master,62.1,83.9,82.5,4.52,3,6.34,3.86,1,2,2.3,0.69,36.5,37.7,3.2,2024-05-26,0,2.36,0,20
CAND01546,Software Engineer,Entry,1.6,Bachelor,53.1,51.4,61.8,8.29,5,6.62,4.85,1,1,1.48,1.55,69.1,77.4,12.0,2023-12-28,0,2.09,1,18
CAND01547,Customer Support,Entry,0.8,Bachelor,73.0,57.3,81.9,4.37,4,6.92,3.63,1,1,5.57,3.34,85.5,85.3,-0.3,2024-01-19,1,4.03,1,6
CAND01548,Marketing Specialist,Mid,5.9,Bachelor,98.1,68.4,77.7,6.95,3,8.61,3.52,1,2,0.34,0.73,35.1,35.3,0.5,2023-11-11,0,1.49,1,5
CAND01549,Marketing Specialist,Mid,5.2,Bachelor,65.3,86.8,81.2,8.08,5,6.72,3.69,1,2,4.93,1.77,77.7,81.3,4.6,2024-07-18,0,1.44,0,19
CAND01550,Product Manager,Senior,8.6,Bachelor,100.0,93.4,50.7,9.38,5,6.71,4.28,1,3,5.78,1.2,59.8,67.8,13.3,2024-10-04,1,3.87,0,4
CAND01551,Product Manager,Lead,17.7,Bachelor,100.0,84.7,78.8,6.15,4,6.75,4.55,1,7,3.49,0.64,69.5,75.0,7.8,2024-02-03,0,2.6,0,39
CAND01552,UX Designer,Mid,3.7,PhD,79.1,87.8,68.9,6.62,3,6.41,3.99,1,1,1.0,4.62,58.1,62.4,7.5,2024-05-13,0,1.63,1,12
CAND01553,Sales Representative,Mid,3.5,Bachelor,77.1,69.9,80.7,7.92,3,7.16,3.98,1,1,2.78,0.85,30.3,30.6,1.0,2023-12-04,1,2.66,1,2
CAND01554,Marketing Specialist,Entry,1.4,Bachelor,100.0,60.3,68.1,9.56,4,6.17,4.07,1,1,0.53,0.76,83.0,93.4,12.4,2024-05-07,0,2.64,1,9
CAND01555,Customer Support,Entry,0.2,Master,97.4,78.9,40.6,3.23,3,7.25,4.83,1,1,0.88,0.19,78.0,85.1,9.1,2023-12-27,0,1.42,1,14
CAND01556,Operations Manager,Mid,5.7,PhD,88.4,59.0,69.2,5.72,5,7.58,3.3,1,2,2.76,0.64,77.1,88.6,14.9,2023-12-11,0,1.77,1,14
CAND01557,Software Engineer,Mid,4.3,PhD,72.4,48.4,88.2,6.27,3,4.76,4.55,1,1,9.07,1.03,80.2,81.4,1.6,2023-12-01,1,3.85,1,4
CAND01558,Marketing Specialist,Mid,4.7,Bachelor,93.9,68.4,84.5,7.07,4,6.02,4.25,1,1,2.7,0.47,50.9,50.4,-1.0,2024-07-07,0,1.55,1,9
CAND01559,Sales Representative,Mid,5.5,Bachelor,100.0,56.9,66.6,6.45,3,6.97,4.32,1,2,2.65,1.32,50.3,53.8,6.9,2023-11-24,1,2.53,1,5
CAND01560,Marketing Specialist,Mid,5.7,Bachelor,79.3,74.3,61.1,8.9,4,6.69,4.59,1,2,1.0,2.26,46.7,50.8,8.8,2024-09-10,0,2.44,0,12
CAND01561,UX Designer,Senior,9.9,Bachelor,71.0,96.1,51.3,6.17,4,7.87,4.68,1,3,1.74,0.25,59.4,59.6,0.3,2024-02-05,0,1.21,1,32
CAND01562,Customer Support,Lead,18.8,Master,100.0,100.0,55.3,7.29,3,7.47,4.65,1,7,4.16,0.88,71.2,69.3,-2.7,2024-02-17,0,3.94,0,21
CAND01563,Marketing Specialist,Entry,1.9,Master,90.4,79.5,80.8,5.96,5,7.34,3.4,1,1,7.57,1.43,81.2,83.8,3.2,2024-02-21,0,2.99,1,20
CAND01564,Operations Manager,Mid,3.1,Bachelor,97.9,35.7,85.2,7.26,4,6.49,4.18,1,1,1.61,1.53,17.0,18.3,7.5,2024-10-16,1,2.39,1,2
CAND01565,Customer Support,Mid,4.7,Bachelor,100.0,58.3,65.3,5.33,5,7.51,2.92,1,1,3.05,3.33,41.9,42.8,2.1,2024-08-01,1,3.9,1,11
CAND01566,Marketing Specialist,Entry,0.8,Bachelor,95.4,51.7,53.9,7.16,5,6.7,4.55,1,1,2.95,0.8,47.1,47.8,1.6,2024-09-26,1,3.84,1,2
CAND01567,Data Scientist,Mid,5.9,Master,100.0,74.7,77.1,7.42,3,7.56,3.46,1,2,3.64,1.95,43.3,45.0,3.8,2024-02-06,0,2.39,0,9
CAND01568,Software Engineer,Entry,1.3,Bachelor,74.5,92.1,75.1,5.55,5,7.11,4.14,1,1,4.76,1.92,33.2,31.9,-3.9,2024-10-05,0,2.06,1,14
CAND01569,Sales Representative,Mid,3.2,Master,51.6,57.7,44.8,7.38,5,6.02,3.59,1,1,2.99,0.2,66.2,66.4,0.3,2023-12-21,0,2.29,1,20
CAND01570,Sales Representative,Entry,0.2,Master,83.1,72.9,82.0,6.32,5,6.63,4.74,1,1,5.85,0.86,42.8,46.3,8.1,2024-04-04,1,3.21,1,5
CAND01571,Data Scientist,Senior,11.1,Master,100.0,51.3,61.0,7.59,3,7.22,4.42,1,4,2.2,0.4,62.6,60.1,-4.0,2024-02-06,1,4.21,1,3
CAND01572,UX Designer,Mid,3.5,Bachelor,65.6,45.6,80.0,5.46,5,6.79,3.76,1,1,2.72,1.21,67.1,69.8,3.9,2024-10-02,0,2.82,1,9
CAND01573,Product Manager,Entry,1.1,Bachelor,90.8,45.8,45.3,5.65,3,8.04,4.91,1,1,3.39,0.37,47.7,54.5,14.4,2024-03-17,1,1.97,0,5
CAND01574,Marketing Specialist,Lead,16.7,Bachelor,55.2,84.5,87.1,6.31,3,6.29,4.39,1,6,3.4,2.24,56.1,61.9,10.3,2024-09-24,0,1.82,1,20
CAND01575,Data Scientist,Senior,7.7,Bachelor,77.4,88.3,64.4,3.22,3,7.25,4.17,1,3,2.06,1.68,22.7,22.3,-1.9,2024-08-08,1,3.82,1,6
CAND01576,Customer Support,Entry,0.7,Master,53.7,46.1,67.9,5.91,5,8.12,3.84,1,1,0.29,0.72,81.9,83.9,2.4,2024-10-02,0,2.22,1,9
CAND01577,Sales Representative,Mid,3.9,Bachelor,75.6,66.4,96.3,5.91,4,6.6,4.36,1,1,1.95,1.77,102.6,117.5,14.5,2024-04-13,0,1.5,1,13
CAND01578,UX Designer,Senior,10.6,Master,100.0,89.6,68.9,5.08,4,7.7,4.27,1,4,3.02,1.8,59.3,67.2,13.4,2023-12-21,1,3.62,1,2
CAND01579,UX Designer,Entry,0.9,Master,62.1,45.2,66.3,7.89,4,6.23,4.54,1,1,2.83,2.29,33.8,32.5,-4.0,2024-05-30,0,1.66,0,12
CAND01580,Software Engineer,Entry,0.4,Master,52.4,35.5,65.4,7.18,4,7.7,4.68,1,1,2.92,0.39,48.9,55.6,13.7,2023-11-29,1,3.31,1,10
CAND01581,Data Scientist,Mid,4.6,Bachelor,90.4,72.6,44.0,4.62,5,7.12,4.48,1,1,5.35,0.57,79.3,84.3,6.4,2024-11-04,0,1.29,0,16
CAND01582,Data Scientist,Mid,4.7,PhD,100.0,73.4,73.8,8.34,5,6.16,4.15,1,1,0.53,0.33,60.3,67.7,12.3,2024-01-13,1,3.29,1,5
CAND01583,Software Engineer,Entry,0.7,Bachelor,86.7,52.5,66.2,4.46,5,7.09,4.59,1,1,1.64,1.89,41.9,44.7,6.7,2024-10-01,1,2.42,1,6
CAND01584,Marketing Specialist,Entry,1.8,Master,84.4,72.9,48.9,6.36,5,6.04,3.68,1,1,0.79,1.51,74.1,77.7,4.9,2024-09-14,0,1.61,0,15
CAND01585,Customer Support,Entry,0.0,Master,58.5,98.4,76.3,5.69,5,6.36,3.57,1,1,3.11,2.06,70.4,77.2,9.6,2024-06-06,1,2.4,1,0
CAND01586,Data Scientist,Entry,0.0,Master,46.2,90.8,84.8,4.79,4,6.95,4.6,1,1,1.67,2.57,73.1,72.5,-0.8,2024-03-28,0,2.25,1,13
CAND01587,UX Designer,Lead,16.2,Master,100.0,61.1,48.8,6.42,4,7.4,4.55,1,6,2.1,0.31,62.0,59.0,-4.9,2023-12-05,0,1.5,0,8
CAND01588,Software Engineer,Entry,0.7,Bachelor,52.3,49.9,89.3,8.32,4,7.34,4.07,1,1,1.01,2.71,71.3,79.4,11.3,2024-08-19,1,3.56,1,2
CAND01589,Sales Representative,Entry,1.4,Bachelor,88.1,40.3,49.4,8.44,3,7.18,3.33,1,1,4.38,1.9,55.8,63.7,14.2,2024-04-21,1,4.09,1,5
CAND01590,Customer Support,Entry,1.9,Bachelor,59.1,64.5,79.8,5.59,5,7.05,3.2,1,1,3.03,1.21,41.4,41.3,-0.3,2024-08-26,1,3.74,1,5
CAND01591,Customer Support,Mid,4.7,Bachelor,77.5,65.7,53.8,6.95,5,6.38,4.4,1,1,7.17,2.64,46.0,47.1,2.5,2023-12-12,0,2.37,1,17
CAND01592,Marketing Specialist,Entry,1.6,PhD,91.9,79.5,78.0,6.57,3,7.66,3.82,1,1,8.06,1.06,47.4,47.4,-0.1,2024-01-29,1,2.45,0,4
CAND01593,Product Manager,Mid,3.9,Master,92.2,61.7,39.1,5.63,3,7.57,4.49,1,1,0.68,1.15,40.9,46.2,12.9,2024-10-17,1,4.32,1,18
CAND01594,Software Engineer,Mid,3.4,Master,90.1,95.6,73.3,4.73,5,6.56,4.02,1,1,1.89,3.22,53.9,56.6,4.9,2024-01-07,1,3.23,1,2
CAND01595,UX Designer,Senior,9.9,Bachelor,79.7,65.5,43.9,7.55,5,6.23,4.2,1,3,1.02,4.69,41.3,45.4,9.9,2024-02-01,1,3.72,1,5
CAND01596,Data Scientist,Senior,10.9,Bachelor,100.0,57.2,61.3,8.61,4,6.28,4.51,1,4,12.45,2.36,104.8,109.4,4.4,2024-07-23,0,2.3,1,15
CAND01597,Marketing Specialist,Mid,5.0,Bachelor,74.2,50.6,74.3,7.87,3,4.88,4.27,1,2,2.94,1.24,41.0,44.6,8.6,2024-04-10,0,1.67,0,19
CAND01598,Product Manager,Entry,0.9,Master,77.4,71.4,73.2,8.05,3,5.44,4.28,1,1,1.84,2.24,30.4,33.8,11.2,2024-08-05,1,3.57,1,20
CAND01599,Sales Representative,Mid,5.9,Bachelor,72.5,89.1,57.8,7.39,5,7.29,4.1,1,2,5.39,1.55,64.7,72.2,11.6,2024-07-01,1,3.75,0,12
CAND01600,Sales Representative,Mid,4.0,Master,67.5,77.2,54.6,6.47,3,8.13,4.11,1,1,3.01,1.16,85.7,87.3,2.0,2024-08-07,1,3.03,1,1
CAND01601,Software Engineer,Senior,11.4,Master,100.0,82.6,60.2,8.51,5,6.61,3.86,1,4,1.62,1.9,44.1,42.0,-4.8,2024-03-16,1,4.17,1,9
CAND01602,Data Scientist,Entry,0.5,Bachelor,75.9,38.8,72.8,5.28,4,6.05,3.55,1,1,0.76,1.4,28.7,32.0,11.6,2023-11-30,0,1.4,0,7
CAND01603,Data Scientist,Mid,4.6,Bachelor,78.3,63.2,57.8,5.22,4,5.76,4.57,1,1,9.64,0.58,62.6,65.7,5.0,2024-09-18,1,4.17,1,1
CAND01604,Sales Representative,Entry,0.2,Bachelor,72.5,80.3,50.8,8.25,5,6.66,4.73,1,1,1.38,4.19,55.8,61.5,10.3,2024-01-15,0,2.13,1,9
CAND01605,Operations Manager,Entry,1.3,Bachelor,100.0,72.7,58.4,6.52,4,7.74,4.36,1,1,0.84,1.3,42.3,43.1,1.9,2024-05-09,0,1.69,1,10
CAND01606,Product Manager,Entry,1.6,Bachelor,100.0,86.9,91.1,6.91,5,7.15,2.74,1,1,5.56,0.4,55.3,60.0,8.6,2023-12-08,1,3.6,1,5
CAND01607,Sales Representative,Senior,10.7,Bachelor,100.0,100.0,51.2,6.88,3,7.99,4.37,1,4,2.45,3.08,66.4,70.2,5.7,2024-06-15,1,4.26,1,5
CAND01608,Data Scientist,Senior,8.9,Bachelor,85.4,82.7,59.2,3.31,3,5.28,4.78,1,3,2.33,0.05,81.3,92.6,13.9,2024-05-29,0,1.87,0,16
CAND01609,Operations Manager,Mid,4.0,Bachelor,87.7,45.3,58.2,5.11,4,7.49,4.86,1,1,3.27,2.24,54.1,52.9,-2.2,2024-05-23,0,2.4,1,5
CAND01610,Customer Support,Senior,9.5,Bachelor,100.0,72.8,43.3,6.04,5,6.09,4.22,1,3,4.93,2.17,32.6,31.8,-2.4,2024-01-13,0,3.81,1,14
CAND01611,Product Manager,Entry,2.0,PhD,62.3,70.9,81.4,7.86,5,5.52,4.61,1,1,1.32,0.46,52.8,54.4,3.0,2024-01-22,1,4.34,1,3
CAND01612,Marketing Specialist,Mid,3.8,Bachelor,61.0,84.7,79.1,6.3,4,7.46,4.23,1,1,2.03,1.52,50.5,55.3,9.5,2024-04-02,1,4.81,1,1
CAND01613,Product Manager,Senior,11.6,Master,95.1,100.0,83.0,6.93,3,7.89,4.31,1,4,2.71,0.11,61.0,58.6,-4.0,2024-05-31,1,3.65,1,1
CAND01614,Sales Representative,Mid,5.6,Master,80.0,76.3,68.2,5.63,3,5.73,4.62,1,2,3.4,1.48,88.2,90.1,2.1,2023-11-09,0,1.56,1,7
CAND01615,UX Designer,Mid,4.5,Master,76.2,77.7,70.0,5.72,4,6.88,4.53,1,1,10.02,0.64,71.6,69.3,-3.3,2024-05-07,0,1.77,0,15
CAND01616,Product Manager,Entry,1.8,Master,97.0,55.7,66.7,8.43,5,6.98,4.86,1,1,3.19,1.54,45.8,44.9,-2.0,2024-05-22,1,3.79,1,1
CAND01617,Operations Manager,Senior,11.8,Master,81.6,68.3,65.6,7.48,4,7.13,4.16,1,4,11.68,1.42,114.2,109.7,-4.0,2024-03-24,0,1.42,0,7
CAND01618,Marketing Specialist,Senior,10.2,Master,100.0,100.0,52.0,5.36,4,6.39,3.75,1,4,4.85,1.56,36.1,35.9,-0.6,2024-03-03,0,2.0,1,4
CAND01619,Data Scientist,Senior,8.1,Master,100.0,82.8,65.0,6.13,3,6.54,3.63,1,3,1.32,3.74,60.6,69.5,14.7,2023-12-13,1,4.37,0,3
CAND01620,Data Scientist,Senior,8.0,Master,96.5,44.0,55.5,8.28,4,7.1,4.58,1,3,1.06,1.0,47.4,48.8,3.1,2024-08-28,0,1.55,0,27
CAND01621,Sales Representative,Senior,9.3,Bachelor,95.8,86.1,82.5,8.71,4,8.11,4.01,1,3,0.91,0.2,76.1,83.2,9.3,2023-12-23,0,2.82,1,7
CAND01622,Data Scientist,Mid,5.1,Bachelor,100.0,77.9,80.0,8.14,5,7.54,3.65,1,2,3.48,0.56,66.5,76.2,14.6,2024-09-30,0,3.28,0,13
CAND01623,Software Engineer,Entry,1.0,Bachelor,72.1,81.4,60.3,6.99,5,6.91,4.24,0,1,0.56,0.67,78.6,86.5,10.1,2023-12-20,0,2.61,1,9
CAND01624,Software Engineer,Senior,7.5,Bachelor,100.0,94.6,54.0,5.65,5,6.68,3.17,1,3,1.84,0.59,66.6,68.8,3.2,2024-01-16,1,1.83,0,6
CAND01625,UX Designer,Entry,1.2,Master,97.7,54.9,52.4,5.56,5,6.29,4.23,1,1,7.53,2.82,52.1,56.9,9.3,2024-07-22,1,4.24,1,4
CAND01626,Software Engineer,Mid,4.1,Bachelor,76.0,80.0,34.7,6.07,5,6.96,4.64,1,1,2.44,0.09,48.9,53.7,9.8,2024-06-27,1,4.8,1,5
CAND01627,Operations Manager,Entry,1.8,PhD,80.3,42.5,74.3,8.0,5,7.04,3.9,0,1,0.03,0.68,42.7,42.4,-0.8,2024-08-23,0,2.63,0,17
CAND01628,Marketing Specialist,Mid,3.5,Master,90.5,66.1,68.1,7.78,4,6.05,3.46,1,1,1.81,0.92,63.7,70.1,10.1,2024-07-16,1,3.34,0,4
CAND01629,Customer Support,Mid,5.5,Associate,100.0,40.6,49.2,5.96,3,6.77,4.02,1,2,1.18,2.4,48.1,49.1,2.1,2024-03-15,0,2.76,1,20
CAND01630,Data Scientist,Mid,3.4,Master,51.2,63.3,39.5,8.17,4,6.26,3.25,1,1,3.22,0.46,46.3,51.1,10.4,2024-05-05,0,2.88,1,13
CAND01631,Software Engineer,Mid,3.2,Bachelor,93.6,59.0,83.6,6.52,5,6.65,4.56,1,1,2.45,2.2,83.3,82.1,-1.5,2024-07-08,0,2.01,0,24
CAND01632,Product Manager,Lead,13.8,PhD,80.7,100.0,64.7,7.41,5,7.09,3.5,1,5,3.59,0.32,35.2,40.3,14.6,2024-08-28,0,2.26,1,10
CAND01633,Operations Manager,Entry,1.8,Bachelor,79.1,75.7,90.1,6.93,3,7.91,4.22,1,1,4.97,5.67,73.8,77.5,5.0,2024-08-08,0,1.56,1,14
CAND01634,Product Manager,Mid,3.4,Bachelor,100.0,92.5,57.4,7.62,5,7.69,4.35,1,1,2.35,0.71,34.8,37.9,9.1,2024-03-05,0,1.58,1,23
CAND01635,Marketing Specialist,Entry,0.5,Bachelor,73.2,58.7,90.9,4.85,3,6.1,4.23,1,1,0.94,0.67,108.8,106.1,-2.5,2024-07-18,1,3.35,0,5
CAND01636,Operations Manager,Mid,4.6,Bachelor,63.0,71.3,75.6,9.34,3,7.21,4.43,1,1,6.11,2.57,51.0,55.2,8.2,2024-10-06,1,4.33,1,16
CAND01637,Customer Support,Entry,0.1,Bachelor,84.5,54.7,58.2,5.15,4,8.16,4.9,1,1,1.92,1.7,35.8,37.3,4.2,2024-07-11,0,1.49,1,17
CAND01638,Software Engineer,Entry,1.9,Master,99.3,62.6,80.8,4.38,5,8.28,4.29,1,1,3.83,0.92,25.3,26.0,2.7,2024-07-25,0,1.56,0,8
CAND01639,Marketing Specialist,Entry,0.4,Master,87.3,68.4,32.1,7.56,4,7.42,4.29,1,1,4.12,0.27,66.0,67.7,2.5,2024-03-12,0,4.01,0,11
CAND01640,Operations Manager,Entry,1.7,Master,82.3,56.9,77.4,6.46,3,6.46,4.43,1,1,2.57,2.5,51.0,57.2,12.1,2024-10-18,0,1.42,1,9
CAND01641,Marketing Specialist,Mid,5.8,Master,69.8,58.7,67.1,7.9,3,7.98,4.42,1,2,0.31,0.82,51.8,58.7,13.2,2023-11-13,1,3.54,1,3
CAND01642,Customer Support,Senior,9.0,Bachelor,100.0,86.0,71.8,6.87,5,6.35,3.23,1,3,1.32,1.94,67.7,67.1,-0.9,2024-06-26,1,3.48,1,5
CAND01643,Product Manager,Senior,7.5,Bachelor,56.1,81.3,70.7,7.14,4,6.5,4.68,1,2,1.6,0.74,80.5,83.1,3.1,2023-12-09,1,2.84,1,7
CAND01644,UX Designer,Senior,10.0,Bachelor,100.0,89.1,73.8,8.33,4,6.5,4.64,1,3,0.52,2.49,86.0,90.9,5.7,2024-01-12,0,1.86,1,9
CAND01645,Data Scientist,Mid,3.6,Bachelor,69.0,60.8,49.3,8.88,5,7.88,3.51,1,1,0.59,2.91,65.4,64.4,-1.4,2024-07-02,1,3.51,0,5
CAND01646,UX Designer,Mid,3.6,Associate,56.0,88.6,32.8,5.42,3,5.4,4.07,1,1,5.01,1.39,80.8,87.2,7.9,2024-02-17,1,4.26,0,2
CAND01647,UX Designer,Entry,0.8,Master,93.9,47.8,70.4,7.31,4,6.9,4.03,1,1,2.64,4.85,65.9,68.2,3.5,2024-05-15,0,1.42,1,13
CAND01648,Operations Manager,Entry,0.1,Bachelor,51.2,65.8,51.0,4.19,4,7.7,3.35,1,1,2.89,0.28,95.7,104.3,9.0,2024-01-03,0,2.24,1,13
CAND01649,Software Engineer,Entry,0.6,PhD,89.1,47.1,78.1,8.59,5,7.17,3.9,1,1,1.27,0.44,66.5,75.8,13.9,2024-08-28,0,3.02,1,9
CAND01650,Operations Manager,Entry,0.9,Master,84.2,84.0,79.2,5.03,3,7.47,4.75,1,1,3.6,2.28,60.6,67.2,10.9,2024-07-13,1,4.19,1,5
CAND01651,Data Scientist,Senior,10.0,Bachelor,92.8,43.9,36.9,5.38,5,6.69,3.63,1,4,1.95,1.15,93.1,101.3,8.7,2023-12-14,1,3.54,1,4
CAND01652,Customer Support,Entry,1.6,Bachelor,74.3,55.6,83.8,6.15,3,6.03,4.65,1,1,2.11,3.81,56.0,63.0,12.6,2024-08-23,1,3.82,1,3
CAND01653,Product Manager,Senior,11.4,Bachelor,81.8,78.2,48.7,5.59,3,7.77,3.82,1,4,4.29,2.28,50.8,52.5,3.4,2024-05-06,1,3.46,1,9
CAND01654,Data Scientist,Senior,7.5,Master,82.9,76.2,63.5,8.93,5,7.39,3.58,1,2,6.34,1.75,45.2,49.3,9.1,2024-07-13,1,3.77,1,3
CAND01655,UX Designer,Senior,10.0,Bachelor,80.9,100.0,74.2,7.43,4,6.37,3.7,1,3,0.65,0.31,33.3,33.8,1.6,2024-09-10,0,3.45,0,5
CAND01656,Operations Manager,Entry,1.3,Bachelor,80.6,70.0,81.2,8.15,5,6.75,4.16,1,1,2.93,1.3,68.7,68.8,0.2,2024-03-07,1,3.97,1,1
CAND01657,Operations Manager,Entry,0.3,Master,73.7,68.1,41.2,7.34,3,7.81,4.77,1,1,0.73,0.98,55.4,61.9,11.7,2024-01-10,0,2.5,1,22
CAND01658,Product Manager,Mid,5.1,Bachelor,78.3,70.6,73.4,8.86,5,7.36,4.2,1,2,2.15,0.72,58.9,58.7,-0.4,2024-04-11,0,2.53,0,10
CAND01659,Software Engineer,Mid,3.7,Master,96.5,66.2,61.9,4.62,3,5.74,4.23,1,1,1.0,1.67,103.2,111.5,8.0,2024-10-16,0,2.26,0,9
CAND01660,Product Manager,Mid,3.3,Bachelor,100.0,61.7,76.2,9.04,5,6.39,3.56,1,1,2.16,0.85,55.3,63.5,14.7,2024-01-09,0,2.29,1,6
CAND01661,Product Manager,Entry,0.3,PhD,73.4,78.2,37.1,5.27,3,8.35,3.96,1,1,2.64,0.85,40.6,39.0,-4.1,2023-12-21,1,3.52,1,1
CAND01662,Software Engineer,Entry,0.3,Master,75.0,68.1,61.6,7.47,5,7.08,4.52,1,1,4.64,2.04,69.2,74.9,8.2,2024-08-24,0,1.4,0,12
CAND01663,Software Engineer,Entry,0.4,Master,85.8,61.5,83.9,9.11,3,6.94,3.83,1,1,2.41,1.67,65.8,69.5,5.6,2024-06-28,0,1.15,1,6
CAND01664,Product Manager,Entry,1.1,Bachelor,87.6,43.8,51.0,8.06,5,5.96,4.31,1,1,4.02,4.1,109.3,125.1,14.4,2024-04-14,0,1.94,1,13
CAND01665,Software Engineer,Senior,8.9,Bachelor,78.6,89.5,66.0,5.71,5,7.11,3.84,1,3,1.42,2.11,55.7,60.8,9.2,2023-12-05,1,3.36,1,7
CAND01666,Customer Support,Entry,0.7,Master,81.1,54.7,39.9,5.9,3,6.61,4.7,1,1,4.55,2.07,57.1,59.1,3.5,2024-07-20,1,3.04,1,1
CAND01667,Operations Manager,Mid,4.3,Bachelor,96.2,71.2,76.8,4.96,5,7.97,4.08,1,1,0.56,1.38,41.4,45.4,9.7,2024-03-11,1,4.26,0,8
CAND01668,Operations Manager,Lead,13.5,Bachelor,69.5,100.0,60.2,8.22,3,6.25,4.38,1,5,5.08,1.1,60.4,65.6,8.7,2024-07-18,1,3.16,1,8
CAND01669,UX Designer,Mid,5.4,Bachelor,94.2,74.5,96.4,6.26,5,6.93,4.82,1,2,3.83,0.79,66.8,74.4,11.3,2024-08-26,1,3.95,1,4
CAND01670,Product Manager,Entry,0.7,Master,54.1,65.3,55.4,8.66,5,8.06,3.04,1,1,2.16,1.97,54.3,62.3,14.7,2023-12-06,0,1.7,0,19
CAND01671,Customer Support,Entry,0.4,Bachelor,65.1,61.7,54.8,7.99,3,5.95,4.57,1,1,8.4,2.29,27.3,31.3,14.6,2023-11-22,0,4.1,0,19
CAND01672,Marketing Specialist,Entry,1.7,Bachelor,39.1,25.4,69.8,6.61,4,6.07,3.68,1,1,3.5,1.46,60.7,66.5,9.5,2024-01-07,0,2.09,1,15
CAND01673,Data Scientist,Mid,4.0,Master,82.8,55.3,56.0,4.28,3,8.19,3.36,1,1,7.21,0.73,32.8,34.8,5.9,2024-04-28,0,1.84,0,10
CAND01674,UX Designer,Entry,0.0,Bachelor,79.9,40.1,50.0,7.56,3,8.31,4.66,1,1,3.03,0.54,25.1,25.0,-0.4,2024-09-13,1,4.26,1,5
CAND01675,Software Engineer,Mid,4.4,Master,100.0,72.9,68.3,7.28,3,6.76,4.69,1,1,2.69,1.63,65.9,64.4,-2.3,2024-02-14,0,1.34,0,13
CAND01676,UX Designer,Lead,15.5,Bachelor,100.0,88.2,69.9,7.85,3,7.7,4.41,1,6,1.48,1.43,37.2,38.3,2.9,2024-01-02,0,1.68,0,8
CAND01677,Data Scientist,Mid,5.2,Master,61.7,57.6,72.0,8.28,3,7.92,4.28,1,2,0.33,3.51,69.1,68.6,-0.6,2024-03-09,0,1.46,1,21
CAND01678,Software Engineer,Entry,1.9,Master,80.6,59.1,50.5,7.31,5,6.73,3.96,1,1,2.74,2.21,44.9,45.0,0.3,2024-02-24,0,1.06,1,13
CAND01679,Data Scientist,Entry,1.7,PhD,78.2,85.7,61.5,3.52,3,6.77,4.63,1,1,1.33,1.75,36.2,41.2,13.8,2024-03-06,1,3.34,1,4
CAND01680,Product Manager,Senior,9.3,Bachelor,72.1,97.3,79.9,7.41,5,7.25,4.79,1,3,1.44,2.46,108.7,122.4,12.6,2024-02-05,1,3.38,1,4
CAND01681,Software Engineer,Mid,3.5,PhD,69.2,77.8,48.9,5.44,5,7.67,4.35,0,1,6.95,1.74,57.9,56.6,-2.2,2023-12-11,0,1.95,0,4
CAND01682,UX Designer,Mid,5.9,Bachelor,98.4,79.0,70.3,6.39,5,6.77,4.17,1,2,1.38,0.33,57.8,57.3,-0.8,2024-04-06,0,1.54,0,9
CAND01683,Marketing Specialist,Mid,3.1,Bachelor,58.1,35.7,89.1,4.04,3,7.48,3.13,1,1,3.33,1.0,58.5,60.9,4.1,2023-11-16,0,1.79,0,20
CAND01684,UX Designer,Mid,4.4,Master,66.5,29.5,54.7,8.62,3,7.64,3.94,1,1,4.96,0.92,67.7,75.4,11.3,2024-03-06,1,3.9,0,4
CAND01685,UX Designer,Mid,3.9,Bachelor,84.1,50.6,55.9,6.23,4,7.23,4.16,0,1,10.15,0.02,39.4,42.5,7.8,2024-01-11,0,3.1,0,11
CAND01686,Data Scientist,Mid,3.1,Bachelor,83.0,68.0,81.8,7.61,4,7.73,4.21,1,1,2.26,2.25,98.3,94.2,-4.2,2024-08-31,0,2.28,0,11
CAND01687,Customer Support,Senior,11.8,Associate,70.6,44.5,66.7,5.29,4,7.04,4.35,1,4,6.64,0.47,72.5,71.1,-1.9,2024-07-11,0,1.63,1,24
CAND01688,Data Scientist,Entry,0.7,Bachelor,56.5,54.6,58.6,7.25,4,7.29,4.61,1,1,2.17,1.36,31.0,29.8,-4.0,2024-01-06,0,1.33,0,8
CAND01689,UX Designer,Mid,5.4,PhD,82.4,40.5,75.7,5.41,4,6.29,3.88,1,2,1.54,1.49,98.0,103.9,6.0,2024-08-03,0,2.62,1,12
CAND01690,Software Engineer,Senior,8.7,Master,91.4,73.2,47.8,6.97,5,7.2,4.73,1,3,3.04,2.17,92.5,103.0,11.4,2024-11-04,0,4.47,0,12
CAND01691,Data Scientist,Entry,0.3,PhD,56.3,63.8,39.3,8.88,5,7.79,4.31,1,1,3.55,1.52,75.1,84.0,11.9,2024-11-04,1,3.86,1,3
CAND01692,UX Designer,Mid,5.4,Bachelor,74.0,52.7,62.2,5.73,5,6.46,4.2,1,2,1.37,0.19,43.1,46.0,6.6,2024-07-25,1,4.36,1,19
CAND01693,Marketing Specialist,Senior,11.5,Master,86.0,94.8,52.5,7.25,4,7.28,4.73,0,4,4.83,1.09,45.0,50.8,12.9,2024-05-06,0,2.67,0,11
CAND01694,Data Scientist,Mid,4.0,Master,98.3,75.4,69.0,5.54,3,5.86,3.88,1,1,1.02,2.01,47.7,51.5,7.9,2024-04-03,0,1.96,1,14
CAND01695,Customer Support,Entry,0.9,Bachelor,63.9,88.5,67.6,7.84,4,5.89,4.52,1,1,5.23,0.35,55.2,54.1,-2.1,2024-02-07,1,3.34,1,7
CAND01696,UX Designer,Mid,4.9,Master,65.3,56.9,64.1,5.97,5,7.17,4.75,1,1,2.94,5.62,42.5,47.1,10.6,2024-05-04,0,1.94,1,13
CAND01697,Customer Support,Mid,3.7,Bachelor,71.8,48.7,75.8,3.07,5,7.0,4.18,1,1,4.92,0.5,46.0,52.9,15.0,2024-04-18,1,4.4,1,7
CAND01698,Sales Representative,Entry,1.9,Master,67.1,63.7,82.1,5.88,4,5.83,4.58,1,1,7.23,1.09,58.2,57.0,-2.0,2024-01-30,1,3.46,1,3
CAND01699,Operations Manager,Lead,14.6,Bachelor,100.0,46.5,52.8,7.04,3,6.83,3.92,1,5,3.55,1.31,62.7,61.8,-1.5,2024-05-02,1,3.48,1,3
CAND01700,Operations Manager,Lead,16.6,Bachelor,100.0,87.4,61.4,6.96,4,7.81,4.76,1,6,2.28,1.46,73.0,72.5,-0.7,2024-06-03,0,1.83,1,38
CAND01701,Marketing Specialist,Mid,3.3,Master,40.1,93.6,82.4,8.4,5,5.78,4.29,1,1,1.51,0.8,56.4,61.2,8.7,2024-04-18,0,1.71,0,12
CAND01702,Product Manager,Entry,0.6,Bachelor,88.9,74.3,71.8,7.22,5,7.46,2.53,1,1,6.4,1.78,55.0,62.9,14.3,2024-09-08,0,1.76,1,13
CAND01703,Sales Representative,Senior,12.0,Master,89.6,94.1,78.8,8.31,4,7.27,3.79,1,4,4.64,1.62,44.5,50.5,13.5,2023-11-15,0,2.31,0,9
CAND01704,Product Manager,Mid,3.6,Master,85.2,78.2,73.1,6.13,3,8.37,3.95,1,1,0.22,0.11,76.4,84.1,10.1,2024-07-21,1,3.42,0,4
CAND01705,UX Designer,Mid,4.7,Associate,86.5,65.0,64.2,6.64,4,7.72,3.69,1,1,1.9,1.07,45.8,52.1,13.7,2024-01-31,1,3.77,1,4
CAND01706,Software Engineer,Lead,18.3,PhD,89.0,72.7,71.8,5.49,3,5.81,3.11,1,7,2.72,1.18,79.5,83.6,5.1,2024-04-22,0,2.33,0,16
CAND01707,Software Engineer,Entry,1.4,Bachelor,64.0,29.6,90.9,4.13,3,5.93,4.47,1,1,2.77,2.44,82.7,87.9,6.3,2024-08-25,0,3.31,0,23
CAND01708,Operations Manager,Lead,19.0,PhD,100.0,100.0,74.1,5.96,5,7.18,3.69,1,7,0.99,1.97,36.9,38.8,5.1,2024-03-30,1,3.97,1,10
CAND01709,Data Scientist,Mid,4.8,Master,100.0,68.2,36.2,6.66,3,6.68,3.38,1,1,2.0,1.87,71.2,73.9,3.8,2024-06-26,1,4.14,1,7
CAND01710,Sales Representative,Senior,11.4,Bachelor,94.8,72.4,43.9,7.02,4,7.34,3.88,1,4,3.47,1.34,88.9,85.9,-3.3,2024-09-28,0,1.82,0,10
CAND01711,Software Engineer,Mid,3.5,Master,85.9,84.2,77.1,7.66,5,7.39,4.28,1,1,1.22,1.52,58.6,56.1,-4.4,2024-04-25,1,3.9,1,7
CAND01712,UX Designer,Entry,1.7,PhD,73.9,61.4,78.5,8.1,5,6.56,3.59,1,1,0.2,1.0,73.2,73.8,0.9,2023-12-08,0,2.86,0,13
CAND01713,Customer Support,Mid,3.0,PhD,52.4,71.1,45.8,6.56,5,7.4,4.41,1,1,6.76,0.93,39.6,41.2,4.2,2024-01-07,0,2.0,0,19
CAND01714,Software Engineer,Entry,0.4,PhD,66.9,65.9,75.9,7.85,3,8.1,4.54,1,1,6.75,0.56,46.0,48.2,4.6,2023-12-16,0,1.78,0,5
CAND01715,Operations Manager,Mid,5.3,Bachelor,59.2,86.5,69.4,8.0,4,7.61,4.43,1,2,1.52,1.2,67.5,76.4,13.1,2024-11-02,1,3.9,1,9
CAND01716,Sales Representative,Mid,4.1,Master,92.1,48.8,59.0,4.27,5,7.29,4.52,1,1,4.95,1.32,88.3,88.3,0.1,2024-02-16,0,1.11,1,12
CAND01717,Customer Support,Senior,7.2,Bachelor,78.5,83.3,75.7,7.66,3,6.75,4.02,1,2,0.07,2.48,41.8,44.3,6.1,2024-10-21,0,1.57,0,13
CAND01718,Sales Representative,Senior,8.5,Bachelor,93.9,49.4,72.6,7.96,5,7.1,4.3,1,3,3.15,0.67,50.5,54.7,8.3,2024-08-13,1,4.43,1,5
CAND01719,Software Engineer,Entry,0.8,Bachelor,73.5,41.6,59.1,5.65,4,6.48,4.66,1,1,4.31,0.78,45.0,47.5,5.4,2024-07-08,1,4.62,1,6
CAND01720,Software Engineer,Mid,4.3,Bachelor,92.7,73.3,62.9,5.8,3,7.78,3.93,1,1,2.46,2.37,64.1,67.2,4.8,2024-09-24,0,2.59,0,16
CAND01721,Customer Support,Entry,0.8,Bachelor,32.1,45.5,44.7,5.58,4,7.38,3.99,1,1,1.47,0.89,56.8,59.9,5.5,2024-05-11,0,1.66,1,9
CAND01722,UX Designer,Senior,11.1,Bachelor,90.6,100.0,56.0,4.34,4,7.07,4.33,1,4,1.56,2.12,64.9,63.8,-1.8,2024-01-12,0,2.83,0,8
CAND01723,Sales Representative,Mid,4.7,Master,100.0,77.3,54.5,6.92,5,7.76,4.37,1,1,5.15,0.37,37.0,37.7,1.8,2024-10-31,0,2.98,1,12
CAND01724,Data Scientist,Mid,3.3,Bachelor,94.7,60.6,69.5,4.99,3,5.68,4.86,0,1,2.47,0.99,80.2,82.1,2.3,2024-01-31,0,1.45,1,19
CAND01725,Customer Support,Senior,7.3,Bachelor,74.8,52.0,25.4,7.97,5,6.41,3.31,1,2,1.77,1.61,39.3,42.7,8.5,2024-01-26,0,1.15,1,16
CAND01726,Marketing Specialist,Senior,8.1,Bachelor,100.0,100.0,43.0,7.22,4,6.4,4.21,1,3,2.5,2.97,45.9,51.6,12.6,2024-06-19,0,3.43,1,9
CAND01727,Sales Representative,Senior,8.3,Master,62.8,85.2,60.5,6.23,5,7.43,4.75,1,3,3.13,2.63,61.7,65.9,6.9,2024-07-31,1,3.14,1,7
CAND01728,Operations Manager,Entry,1.4,Associate,76.1,85.2,72.9,6.47,4,6.8,4.75,1,1,0.64,3.12,82.9,89.5,7.9,2024-01-18,0,1.65,1,18
CAND01729,Software Engineer,Mid,6.0,Master,94.7,93.3,82.3,4.13,4,6.78,3.94,1,2,7.0,1.99,51.7,58.6,13.4,2024-08-10,0,2.42,1,6
CAND01730,UX Designer,Mid,3.2,Bachelor,82.9,78.6,90.5,5.42,5,6.61,4.17,1,1,4.72,1.45,62.6,70.0,11.9,2024-09-14,1,4.14,1,6
CAND01731,Data Scientist,Entry,1.0,Master,76.7,54.4,38.9,7.26,5,7.71,4.04,1,1,3.48,1.88,78.0,89.6,14.9,2024-06-10,0,2.99,1,17
CAND01732,Marketing Specialist,Mid,6.0,Bachelor,97.0,84.9,81.2,7.4,3,6.67,3.37,1,2,6.31,3.77,67.8,67.7,-0.1,2024-02-19,0,2.48,0,26
CAND01733,Customer Support,Mid,4.0,Bachelor,76.1,85.2,73.6,8.83,5,7.66,3.53,1,1,0.99,0.74,43.8,44.2,0.8,2024-01-18,1,3.43,1,2
CAND01734,Customer Support,Mid,5.4,Master,78.5,94.7,82.1,4.82,5,6.37,4.59,1,2,0.97,0.59,69.1,70.4,1.8,2024-03-26,0,2.0,0,2
CAND01735,UX Designer,Entry,1.9,Master,100.0,77.0,68.3,7.2,5,7.65,3.74,1,1,0.38,2.48,50.7,56.8,12.1,2024-03-05,1,3.2,0,5
CAND01736,Sales Representative,Mid,4.5,Bachelor,88.3,73.8,69.6,8.73,4,6.41,3.87,1,1,2.48,1.38,76.5,79.7,4.1,2024-03-18,0,2.01,0,10
CAND01737,Operations Manager,Entry,1.4,Master,36.9,53.4,77.8,5.22,5,7.42,4.27,1,1,1.93,3.72,92.3,101.1,9.6,2024-10-24,0,2.62,0,11
CAND01738,Operations Manager,Mid,5.0,Master,100.0,53.7,68.5,7.96,3,6.66,4.33,1,2,1.52,1.55,63.2,69.1,9.5,2024-06-28,1,3.45,1,6
CAND01739,Data Scientist,Entry,1.4,Bachelor,70.8,51.5,84.0,9.68,4,5.7,4.3,1,1,5.89,1.83,78.8,89.4,13.5,2023-12-19,0,2.1,0,10
CAND01740,Sales Representative,Mid,4.3,Master,100.0,52.4,60.5,4.39,5,7.31,4.2,1,1,2.25,0.53,70.5,79.4,12.7,2023-11-14,0,1.52,0,9
CAND01741,Sales Representative,Entry,1.7,Bachelor,67.7,73.2,64.6,6.1,4,6.52,4.28,1,1,0.9,1.26,88.6,101.4,14.4,2024-04-10,1,4.27,1,3
CAND01742,Marketing Specialist,Mid,3.1,Bachelor,70.8,67.5,74.2,6.22,5,7.07,4.23,1,1,6.78,5.02,56.6,61.2,8.0,2024-02-07,1,3.02,0,9
CAND01743,Software Engineer,Mid,5.3,Master,95.9,47.7,62.6,8.63,5,7.55,4.68,1,2,1.18,2.49,85.4,92.8,8.7,2024-06-26,1,4.59,1,1
CAND01744,Sales Representative,Mid,5.2,Master,100.0,69.3,58.4,7.82,4,6.35,3.18,1,2,2.55,1.26,60.5,60.0,-0.8,2024-09-21,1,3.78,1,1
CAND01745,UX Designer,Mid,5.7,Bachelor,47.7,83.6,73.4,6.93,5,7.08,4.21,1,2,0.37,1.13,35.4,40.6,14.7,2024-05-16,0,1.88,1,11
CAND01746,Data Scientist,Mid,5.4,Bachelor,88.5,51.9,48.8,4.36,5,7.23,4.15,0,2,1.63,0.59,91.2,97.3,6.7,2024-08-08,0,2.49,1,14
CAND01747,Operations Manager,Entry,1.2,Bachelor,63.9,89.2,76.2,4.14,4,7.47,4.44,1,1,0.71,0.81,44.4,48.4,8.9,2024-05-10,0,3.03,1,16
CAND01748,Sales Representative,Mid,3.4,Bachelor,54.8,54.8,50.2,4.52,5,7.03,4.41,1,1,3.09,2.15,65.2,69.0,5.9,2024-06-23,1,4.4,1,12
CAND01749,Product Manager,Mid,5.8,Master,98.8,77.8,54.8,5.96,5,6.61,3.95,1,2,4.96,1.23,44.3,48.9,10.3,2023-11-24,0,1.25,1,16
CAND01750,Sales Representative,Mid,5.8,Bachelor,89.0,69.2,53.0,5.64,4,7.02,4.4,1,2,3.14,2.04,50.4,50.1,-0.5,2024-07-28,0,2.17,0,8
CAND01751,Sales Representative,Senior,7.8,Master,62.1,68.2,62.2,6.79,5,7.55,3.61,1,3,7.29,2.09,77.7,86.2,11.0,2024-07-07,0,1.33,0,21
CAND01752,Customer Support,Entry,0.8,Bachelor,67.8,45.7,77.9,6.82,3,6.79,4.47,1,1,3.79,1.13,79.7,83.2,4.4,2024-07-13,0,1.55,0,13
CAND01753,Sales Representative,Senior,7.0,Master,85.3,79.8,73.0,6.34,3,7.48,3.54,1,2,2.25,1.24,60.6,64.4,6.3,2023-12-27,0,1.78,1,18
CAND01754,Marketing Specialist,Mid,3.0,Bachelor,85.1,80.6,63.3,8.89,3,5.93,4.48,1,1,3.66,1.58,78.7,80.2,1.9,2024-09-14,0,2.21,0,17
CAND01755,Data Scientist,Mid,5.7,Master,61.6,94.1,52.4,5.18,3,7.51,3.06,1,2,1.01,3.5,60.8,58.8,-3.3,2023-11-27,0,1.77,1,27
CAND01756,Operations Manager,Mid,3.5,Bachelor,84.8,39.4,70.6,3.52,5,6.41,3.91,1,1,2.59,1.73,70.2,68.7,-2.0,2024-11-04,1,3.33,0,2
CAND01757,Software Engineer,Entry,1.7,Bachelor,56.9,61.0,76.2,6.28,4,7.28,3.71,1,1,3.91,2.19,45.9,47.7,3.8,2024-05-01,1,4.55,1,2
CAND01758,Marketing Specialist,Entry,2.0,Bachelor,81.8,64.9,73.6,6.58,4,6.31,3.41,1,1,2.36,1.81,68.1,69.6,2.3,2024-01-18,0,1.63,1,14
CAND01759,Customer Support,Entry,1.2,Bachelor,70.3,66.0,82.0,5.87,4,7.76,4.05,1,1,1.38,4.27,44.4,48.0,8.0,2024-08-06,1,3.23,1,1
CAND01760,Customer Support,Entry,1.0,Master,81.8,80.1,77.9,9.04,4,6.4,4.26,1,1,6.18,0.99,36.4,35.7,-1.7,2024-07-17,0,3.68,1,15
CAND01761,Product Manager,Entry,0.2,PhD,69.0,66.3,76.8,8.41,3,6.35,4.82,0,1,1.7,0.74,23.9,23.8,-0.3,2024-02-12,0,2.0,1,13
CAND01762,UX Designer,Mid,5.9,Bachelor,86.3,100.0,76.5,4.41,4,7.09,4.89,1,2,3.45,2.19,68.1,72.6,6.6,2024-02-05,0,1.79,0,14
CAND01763,Software Engineer,Senior,10.1,Bachelor,82.4,72.5,50.6,6.31,5,6.23,3.5,1,4,4.46,0.84,20.1,19.3,-3.8,2024-05-14,0,2.8,0,8
CAND01764,UX Designer,Mid,5.8,Bachelor,100.0,84.3,34.2,7.98,5,5.85,4.36,0,2,0.82,1.17,42.7,43.9,2.7,2024-08-10,0,2.37,1,8
CAND01765,Operations Manager,Entry,0.7,Associate,50.6,57.4,45.5,7.54,3,7.33,4.52,1,1,5.83,1.07,92.7,99.0,6.9,2023-11-16,0,3.17,1,15
CAND01766,Operations Manager,Mid,4.4,Bachelor,82.7,53.5,52.2,4.09,4,7.73,3.37,1,1,1.72,1.36,65.3,63.2,-3.2,2023-11-21,0,2.07,1,23
CAND01767,Software Engineer,Entry,1.2,Master,91.1,72.4,53.4,4.8,3,7.05,2.85,1,1,1.12,2.84,71.6,75.0,4.7,2023-11-28,0,1.07,0,14
CAND01768,Sales Representative,Senior,11.6,Master,86.5,63.0,57.9,8.94,4,6.93,3.87,1,4,1.09,1.06,44.5,46.1,3.6,2024-01-15,0,1.77,0,16
CAND01769,Data Scientist,Mid,3.9,Master,87.7,74.2,45.9,6.31,4,6.73,4.5,1,1,6.08,0.9,76.1,78.3,2.8,2024-05-06,1,3.33,1,3
CAND01770,Customer Support,Entry,1.5,PhD,82.6,69.3,45.6,9.25,3,7.14,3.95,1,1,3.7,0.75,68.4,72.8,6.5,2024-02-01,0,2.03,1,14
CAND01771,Customer Support,Entry,1.7,Bachelor,66.4,57.9,16.4,8.28,3,7.6,3.23,1,1,0.98,1.37,67.1,73.2,9.1,2024-06-23,0,1.41,1,11
CAND01772,Operations Manager,Entry,1.5,Bachelor,46.6,87.1,44.6,6.54,5,6.12,4.79,1,1,3.92,3.13,67.8,65.3,-3.8,2024-05-16,1,3.94,1,11
CAND01773,Marketing Specialist,Mid,4.4,PhD,99.8,85.7,66.0,7.3,3,6.14,4.23,1,1,1.72,0.19,38.6,42.7,10.8,2024-02-26,1,3.61,0,2
CAND01774,UX Designer,Mid,5.8,Bachelor,79.3,83.2,69.0,3.62,3,7.69,3.92,1,2,7.31,0.72,56.6,61.2,8.0,2024-04-07,1,3.5,1,6
CAND01775,Marketing Specialist,Entry,0.4,Bachelor,61.9,63.6,82.7,8.86,4,8.44,3.98,1,1,6.88,1.1,65.9,72.5,10.0,2024-04-16,1,4.15,1,5
CAND01776,Customer Support,Lead,13.4,Bachelor,73.4,67.8,83.9,7.38,4,7.7,4.72,1,5,0.65,1.34,67.7,77.7,14.7,2024-08-07,0,1.31,1,14
CAND01777,Product Manager,Mid,4.4,Bachelor,41.7,75.6,69.7,6.91,5,6.46,4.32,1,1,1.47,0.12,40.9,46.1,12.8,2023-11-22,0,1.92,0,9
CAND01778,Sales Representative,Mid,4.5,Master,86.5,75.6,40.5,6.46,3,6.46,3.87,1,1,3.23,0.37,49.0,56.4,14.9,2024-06-22,0,1.15,1,9
CAND01779,Sales Representative,Senior,12.0,Master,100.0,78.0,85.5,7.17,5,6.63,4.49,1,4,3.38,1.63,71.5,74.0,3.5,2024-03-31,0,3.84,1,5
CAND01780,UX Designer,Senior,9.7,Master,100.0,59.9,50.1,5.82,3,6.91,3.86,1,3,1.13,0.29,46.2,45.6,-1.4,2024-08-25,0,2.31,0,13
CAND01781,Product Manager,Mid,3.2,Bachelor,84.5,74.9,60.2,8.58,4,5.93,4.15,1,1,2.96,2.25,49.9,56.4,12.9,2024-11-03,0,1.12,1,7
CAND01782,Product Manager,Senior,10.2,Bachelor,85.9,83.4,75.3,7.08,4,6.96,4.55,1,4,1.53,2.29,87.6,83.8,-4.4,2024-02-26,0,1.54,1,23
CAND01783,Product Manager,Entry,0.9,Bachelor,65.1,79.2,65.3,6.9,5,6.74,4.73,1,1,9.26,3.48,81.5,81.0,-0.5,2024-02-17,1,3.4,1,7
CAND01784,Marketing Specialist,Lead,18.9,Master,100.0,100.0,43.4,6.89,4,7.42,4.58,1,7,3.79,0.28,77.8,85.3,9.7,2024-06-07,0,1.83,1,32
CAND01785,Customer Support,Entry,0.7,Bachelor,87.6,55.5,72.5,8.98,5,7.54,4.08,1,1,1.57,3.15,57.0,60.5,6.1,2024-01-22,1,3.71,1,3
CAND01786,Software Engineer,Mid,4.0,Bachelor,80.0,68.0,72.6,8.79,4,7.65,3.94,1,1,1.43,2.12,34.0,36.6,7.6,2024-09-18,1,3.56,0,3
CAND01787,Product Manager,Entry,0.7,Bachelor,66.7,75.6,81.9,4.86,3,6.51,4.37,0,1,0.97,1.94,65.8,66.3,0.8,2024-07-20,0,1.63,0,6
CAND01788,Customer Support,Mid,4.8,Associate,89.6,65.1,52.9,4.69,4,6.91,4.11,1,1,0.92,0.89,60.9,61.3,0.7,2023-12-21,0,3.42,1,16
CAND01789,Data Scientist,Mid,3.2,Bachelor,49.0,51.9,64.8,4.61,4,7.2,4.02,1,1,2.13,0.63,78.9,82.0,3.9,2024-05-20,1,4.26,1,1
CAND01790,Customer Support,Mid,5.0,Bachelor,81.5,36.0,74.1,5.86,4,7.38,3.58,1,1,3.81,5.13,27.3,27.5,0.9,2024-05-07,1,3.99,1,3
CAND01791,Customer Support,Entry,0.3,Bachelor,64.9,63.7,52.7,7.31,4,7.64,4.55,1,1,2.47,0.14,71.8,80.7,12.3,2024-10-28,0,2.1,0,35
CAND01792,UX Designer,Mid,3.5,Bachelor,50.6,48.1,67.8,7.78,3,6.89,4.17,1,1,4.73,2.38,92.7,97.7,5.4,2024-05-12,0,2.25,1,13
CAND01793,Sales Representative,Mid,3.2,Master,90.6,58.8,61.9,5.9,5,6.92,4.44,1,1,1.01,0.66,86.5,94.4,9.2,2024-01-18,0,2.96,1,5
CAND01794,Product Manager,Mid,5.1,PhD,69.2,91.4,64.6,6.29,4,8.14,3.85,1,2,5.53,1.49,53.0,58.3,10.1,2024-05-10,0,1.37,0,14
CAND01795,Marketing Specialist,Entry,0.8,Bachelor,68.4,52.9,78.7,5.44,5,7.04,2.91,1,1,1.61,1.18,76.6,74.7,-2.5,2024-02-20,0,1.63,0,11
CAND01796,Operations Manager,Senior,8.3,Bachelor,100.0,51.0,89.4,5.01,5,6.14,4.45,1,3,0.48,0.79,58.7,66.3,12.9,2024-03-24,1,4.54,1,2
CAND01797,Data Scientist,Mid,5.0,PhD,88.2,96.2,46.4,7.05,4,7.37,4.63,1,1,0.92,1.74,82.7,87.2,5.4,2023-12-29,1,2.93,1,2
CAND01798,Customer Support,Entry,0.5,Bachelor,68.2,65.1,29.2,6.86,4,7.0,2.98,1,1,4.34,0.22,32.7,31.2,-4.7,2023-12-20,0,2.75,1,19
CAND01799,Product Manager,Senior,8.6,Master,66.0,82.9,58.9,8.36,3,6.18,3.29,1,3,1.64,0.57,70.8,78.1,10.3,2023-12-16,0,1.73,1,13
CAND01800,Marketing Specialist,Entry,1.5,Bachelor,69.5,63.1,61.8,4.41,4,5.74,3.65,1,1,2.44,2.13,51.7,58.7,13.5,2023-12-20,0,1.32,1,9
CAND01801,UX Designer,Senior,7.0,Master,78.2,85.6,83.5,9.0,3,5.84,3.77,0,2,1.22,3.09,60.4,63.6,5.4,2024-09-28,0,1.47,1,13
CAND01802,Product Manager,Entry,0.0,Bachelor,76.1,46.1,35.4,4.55,4,6.78,3.5,1,1,6.12,0.67,48.6,51.2,5.5,2024-07-14,0,2.55,0,12
CAND01803,Marketing Specialist,Senior,11.1,Bachelor,65.6,57.5,59.1,5.49,4,7.25,4.53,1,4,1.51,1.56,38.9,39.8,2.5,2023-12-09,1,3.91,1,7
CAND01804,Customer Support,Mid,5.8,Master,72.2,53.3,88.5,6.79,5,6.93,4.09,1,2,0.49,2.3,60.7,64.0,5.5,2024-06-24,0,1.75,0,5
CAND01805,UX Designer,Senior,10.6,Bachelor,100.0,63.8,75.5,5.28,4,6.7,4.21,1,4,1.63,1.09,50.3,57.7,14.7,2024-03-25,0,1.29,0,7
CAND01806,Marketing Specialist,Mid,5.4,Bachelor,97.4,68.5,67.7,8.26,5,7.19,4.09,1,2,4.86,2.98,48.5,51.8,6.7,2024-01-12,1,2.1,1,5
CAND01807,Operations Manager,Senior,7.8,Bachelor,71.4,90.2,58.0,6.63,4,6.02,4.2,1,3,0.44,1.75,61.7,60.6,-1.8,2024-08-14,0,2.55,0,33
CAND01808,Product Manager,Entry,0.7,Bachelor,52.6,28.1,54.5,3.32,3,6.53,2.97,1,1,6.3,0.89,49.1,49.4,0.6,2024-09-04,0,2.23,1,22
CAND01809,Sales Representative,Mid,4.8,Master,100.0,52.6,68.8,7.9,5,5.73,4.75,1,1,1.09,0.32,49.7,48.6,-2.3,2024-07-02,0,1.77,0,6
CAND01810,Data Scientist,Mid,4.5,Bachelor,80.8,77.0,81.6,8.92,3,7.03,4.55,1,1,6.02,2.9,50.8,49.7,-2.2,2024-08-14,1,2.28,1,3
CAND01811,UX Designer,Lead,13.3,Master,100.0,87.9,78.0,5.42,3,6.84,4.47,1,5,0.99,1.07,66.9,73.8,10.4,2024-09-20,0,2.4,1,20
CAND01812,Data Scientist,Entry,0.0,Bachelor,46.1,90.2,37.7,4.46,4,7.65,4.1,1,1,1.74,1.34,36.8,38.2,4.0,2024-02-01,0,2.46,0,10
CAND01813,Software Engineer,Entry,0.1,Bachelor,70.5,39.1,82.0,9.18,3,7.19,2.91,1,1,0.93,1.92,56.8,55.7,-2.0,2024-04-18,0,2.87,0,20
CAND01814,Data Scientist,Senior,7.3,Bachelor,98.8,71.0,28.1,8.96,3,5.89,4.54,1,2,2.65,1.09,99.6,96.6,-3.0,2024-06-26,0,2.14,0,18
CAND01815,Product Manager,Entry,0.5,Bachelor,70.4,68.1,89.2,6.12,3,8.13,4.24,1,1,1.37,0.55,59.4,58.6,-1.3,2023-12-08,0,1.8,0,22
CAND01816,UX Designer,Senior,7.1,PhD,77.3,70.2,42.8,5.68,4,6.17,3.97,1,2,7.83,0.86,79.6,85.3,7.1,2024-07-13,1,3.71,1,5
CAND01817,Sales Representative,Entry,2.0,Bachelor,61.3,46.7,84.9,7.06,5,6.65,4.17,1,1,1.72,1.8,57.4,64.8,12.8,2024-06-15,0,1.07,0,18
CAND01818,Operations Manager,Entry,1.3,Bachelor,48.3,43.4,78.2,7.91,5,7.1,3.74,1,1,8.64,1.01,44.3,45.3,2.3,2024-09-04,1,2.77,1,1
CAND01819,Product Manager,Entry,0.4,Master,60.5,70.1,73.6,5.97,5,5.52,3.9,1,1,0.65,0.33,65.1,72.4,11.2,2024-08-12,0,2.95,1,19
CAND01820,Software Engineer,Mid,5.6,Bachelor,91.1,42.7,77.8,6.56,3,7.47,3.75,0,2,1.48,0.26,37.0,41.7,12.6,2023-12-04,0,1.42,1,21
CAND01821,Marketing Specialist,Mid,5.1,Bachelor,84.7,78.1,65.4,6.47,4,7.03,4.01,1,2,6.43,0.95,32.7,33.4,2.0,2024-03-09,0,3.08,1,8
CAND01822,Operations Manager,Entry,0.4,Bachelor,64.9,58.4,78.8,6.8,5,7.34,3.53,1,1,1.81,0.77,41.1,39.3,-4.5,2024-06-21,1,4.12,1,3
CAND01823,Operations Manager,Senior,8.6,Bachelor,82.8,77.1,58.5,5.03,3,7.77,4.71,1,3,1.45,0.53,69.2,72.0,4.0,2023-11-16,1,3.89,1,6
CAND01824,Product Manager,Mid,4.0,Master,72.7,91.4,85.6,7.06,5,7.11,3.85,1,1,2.04,0.34,71.2,69.0,-3.1,2024-01-07,0,1.99,1,16
CAND01825,Operations Manager,Senior,11.8,Bachelor,71.4,100.0,77.4,7.93,5,7.18,3.73,1,4,2.55,0.14,53.2,53.6,0.8,2023-12-18,0,2.14,1,5
CAND01826,UX Designer,Entry,0.1,Master,97.8,65.7,49.2,7.64,5,6.8,3.28,1,1,5.16,0.48,70.7,71.1,0.5,2023-12-16,0,1.18,0,20
CAND01827,Customer Support,Entry,0.8,Bachelor,80.0,44.3,90.2,8.38,4,6.51,4.11,1,1,0.73,0.06,54.6,55.6,1.7,2024-03-06,0,2.51,0,16
CAND01828,Sales Representative,Entry,1.0,Associate,53.2,74.9,71.1,5.6,3,6.77,3.89,1,1,2.78,2.71,94.4,100.3,6.3,2024-03-26,0,3.65,0,16
CAND01829,Customer Support,Mid,4.9,Bachelor,74.2,77.8,43.9,9.21,4,6.89,4.24,1,1,1.35,2.8,30.7,30.3,-1.3,2024-04-10,1,4.05,1,6
CAND01830,Customer Support,Mid,6.0,Associate,100.0,100.0,71.3,6.71,3,6.09,3.18,1,2,4.11,0.99,48.5,46.9,-3.4,2024-06-05,1,3.76,1,7
CAND01831,Software Engineer,Senior,10.7,PhD,72.7,90.2,50.9,5.01,3,7.8,3.59,1,4,0.85,0.9,48.4,51.2,5.9,2024-02-14,0,2.88,1,22
CAND01832,Product Manager,Entry,1.8,PhD,86.6,73.4,49.5,7.46,4,7.57,4.49,1,1,3.58,0.23,53.9,56.3,4.4,2024-06-14,0,2.12,0,10
CAND01833,Operations Manager,Mid,5.6,Bachelor,94.7,99.4,72.0,6.5,5,6.76,4.21,1,2,0.69,2.3,56.5,61.9,9.5,2024-11-03,0,1.51,1,15
CAND01834,Operations Manager,Mid,4.5,Master,78.5,45.1,51.2,8.42,4,5.83,4.12,1,1,8.01,2.08,36.0,36.0,0.1,2024-06-07,0,1.8,0,16
CAND01835,Software Engineer,Senior,9.2,PhD,95.9,72.7,66.6,3.42,4,7.03,4.72,1,3,3.87,1.77,63.0,63.6,1.0,2024-06-11,1,3.49,1,4
CAND01836,Sales Representative,Entry,0.2,Bachelor,96.5,47.1,58.2,6.11,3,6.26,4.29,1,1,1.14,1.72,77.4,85.6,10.6,2024-02-01,1,3.93,1,6
CAND01837,Marketing Specialist,Mid,4.8,Bachelor,70.9,63.3,40.9,7.47,3,6.4,3.9,1,1,2.55,0.98,74.6,84.9,13.8,2024-04-11,0,1.34,1,8
CAND01838,UX Designer,Senior,9.5,Bachelor,100.0,69.1,56.0,6.54,4,8.17,4.58,1,3,2.44,0.42,32.3,33.2,3.0,2024-07-03,1,3.48,0,4
CAND01839,Product Manager,Entry,0.2,Associate,82.0,48.7,51.5,6.99,5,6.76,3.81,1,1,3.26,3.3,44.3,47.9,8.1,2023-12-13,1,3.75,1,4
CAND01840,UX Designer,Entry,1.0,Bachelor,86.7,70.3,64.7,3.02,4,6.52,4.01,1,1,1.45,1.02,90.9,93.5,2.8,2024-07-18,0,3.01,0,31
CAND01841,Customer Support,Senior,9.1,Master,70.6,99.6,50.8,6.18,3,6.55,4.36,1,3,2.93,0.54,65.3,72.0,10.3,2024-04-05,0,2.21,0,19
CAND01842,Sales Representative,Senior,11.6,Bachelor,90.1,88.0,90.2,5.51,5,7.57,3.87,1,4,5.88,0.31,36.1,37.8,4.6,2023-12-30,0,2.21,0,10
CAND01843,Customer Support,Mid,5.7,Master,100.0,73.6,70.4,6.52,4,6.48,4.54,1,2,2.53,2.82,60.0,57.2,-4.6,2023-12-11,1,4.22,1,14
CAND01844,Customer Support,Senior,7.7,Bachelor,100.0,60.2,77.6,5.12,4,7.58,3.89,1,3,4.45,1.08,51.2,48.9,-4.5,2024-08-03,1,4.24,1,2
CAND01845,Data Scientist,Mid,3.2,Bachelor,94.9,31.3,66.1,5.64,3,7.36,4.04,1,1,2.78,0.36,41.3,43.1,4.2,2024-08-30,0,2.13,0,11
CAND01846,Customer Support,Mid,4.4,Bachelor,87.4,77.6,87.2,5.53,3,8.1,4.26,1,1,3.75,0.92,90.2,96.0,6.4,2023-12-17,0,2.9,0,13
CAND01847,Operations Manager,Mid,4.7,Master,100.0,87.2,44.9,7.05,5,6.94,4.43,1,1,4.84,2.25,47.1,53.5,13.6,2024-03-21,1,4.11,1,3
CAND01848,Customer Support,Mid,5.3,Bachelor,100.0,57.3,46.7,7.76,5,6.63,3.41,1,2,1.85,1.82,52.5,58.0,10.5,2023-12-25,0,1.8,1,8
CAND01849,Operations Manager,Senior,11.6,PhD,100.0,63.7,73.7,6.84,3,7.38,4.19,1,4,0.62,1.92,28.8,29.3,1.8,2024-05-27,1,3.78,1,7
CAND01850,Software Engineer,Entry,1.7,Master,64.2,80.2,87.5,7.22,3,7.36,4.3,1,1,2.68,0.65,86.9,92.4,6.3,2024-10-13,0,2.24,0,10
CAND01851,Software Engineer,Entry,1.4,Master,73.0,87.3,93.7,6.78,3,6.5,4.23,1,1,2.39,0.51,74.2,75.7,2.0,2024-09-16,0,1.75,1,13
CAND01852,Customer Support,Entry,0.4,Bachelor,82.2,76.7,65.1,4.25,4,6.97,4.04,1,1,2.58,0.65,56.1,60.4,7.5,2024-09-04,0,1.41,0,15
CAND01853,Operations Manager,Entry,1.4,PhD,84.7,68.1,65.6,7.0,5,7.11,4.69,1,1,0.89,0.96,58.3,65.0,11.6,2024-11-03,1,3.71,1,4
CAND01854,Sales Representative,Entry,2.0,Bachelor,51.0,61.3,50.9,5.56,3,7.79,2.64,1,1,2.76,0.41,35.1,34.7,-1.3,2024-08-22,0,2.54,0,12
CAND01855,Software Engineer,Entry,0.3,Bachelor,54.4,41.2,61.9,7.85,4,6.8,4.0,1,1,0.95,1.32,16.1,15.9,-1.7,2024-07-19,0,1.77,1,15
CAND01856,Marketing Specialist,Mid,5.5,PhD,95.5,69.8,76.1,4.37,4,7.22,3.95,1,2,4.97,1.74,46.8,49.1,4.8,2024-06-01,1,4.25,1,4
CAND01857,Operations Manager,Mid,4.7,Master,96.6,77.0,44.4,9.07,4,6.46,4.55,1,1,6.13,1.07,30.2,32.3,6.7,2024-03-15,0,2.59,0,22
CAND01858,Software Engineer,Mid,5.5,Master,81.2,73.3,85.9,5.79,4,6.64,4.84,1,2,1.71,0.58,54.6,57.5,5.3,2024-09-27,0,2.82,0,11
CAND01859,Product Manager,Entry,1.6,Bachelor,73.5,68.2,67.1,4.1,3,7.25,4.15,1,1,2.87,2.33,49.0,52.5,7.1,2024-06-24,0,1.44,1,8
CAND01860,UX Designer,Mid,3.3,Bachelor,98.3,79.6,52.0,6.58,3,7.49,3.09,1,1,1.64,0.68,55.3,58.9,6.6,2024-02-03,0,1.34,0,11
CAND01861,Operations Manager,Mid,3.8,Bachelor,81.2,63.7,68.9,8.66,3,7.83,3.42,1,1,1.17,2.53,47.7,47.1,-1.3,2024-08-01,0,2.71,0,25
CAND01862,Customer Support,Entry,1.9,Bachelor,57.0,65.2,57.7,5.8,4,7.69,4.71,1,1,3.93,1.88,49.7,51.8,4.3,2024-11-01,0,1.43,0,19
CAND01863,Data Scientist,Senior,8.9,Bachelor,68.2,70.7,80.7,9.45,5,7.17,3.38,1,3,0.81,2.2,48.1,54.4,13.2,2024-07-03,0,3.16,1,13
CAND01864,UX Designer,Mid,4.7,Bachelor,63.6,45.4,56.5,7.73,4,6.88,3.37,1,1,2.49,1.41,61.7,70.8,14.9,2024-07-04,1,4.42,1,9
CAND01865,Software Engineer,Entry,1.0,Master,79.2,42.6,83.3,2.11,3,6.71,4.65,1,1,3.86,1.41,78.1,83.0,6.4,2024-03-17,0,2.35,1,8
CAND01866,Data Scientist,Mid,4.3,Bachelor,82.5,87.6,55.7,6.06,5,6.99,3.87,1,1,3.09,3.04,76.8,87.5,13.9,2023-12-03,0,1.27,1,15
CAND01867,Sales Representative,Mid,5.2,Bachelor,61.4,82.0,29.9,6.25,4,6.54,3.61,1,2,2.48,2.24,55.3,53.5,-3.4,2024-04-22,1,4.64,1,12
CAND01868,Customer Support,Senior,7.2,Bachelor,79.6,75.6,85.5,5.11,4,6.34,4.66,1,2,1.45,1.86,70.2,77.4,10.2,2024-08-18,0,1.97,0,7
CAND01869,Software Engineer,Mid,5.4,Associate,94.6,92.9,48.0,5.47,5,6.84,4.25,1,2,6.39,0.69,47.6,49.5,4.0,2024-01-31,1,3.77,0,10
CAND01870,Data Scientist,Senior,10.6,Bachelor,86.4,70.4,68.1,8.11,4,7.01,3.43,1,4,1.57,2.49,123.8,135.4,9.3,2024-03-06,1,3.38,1,9
CAND01871,Customer Support,Entry,1.1,Associate,58.0,73.6,39.9,4.19,3,5.29,4.15,1,1,2.68,2.43,49.6,55.0,11.0,2024-05-07,0,1.78,0,28
CAND01872,Software Engineer,Mid,3.3,PhD,64.9,56.5,76.3,4.17,5,7.77,4.39,1,1,1.63,0.87,68.7,77.9,13.4,2024-07-19,0,1.87,0,7
CAND01873,Data Scientist,Mid,5.0,Master,81.7,65.0,83.0,7.3,3,7.22,4.11,1,2,2.08,0.62,60.6,61.3,1.1,2023-12-19,1,4.34,1,2
CAND01874,UX Designer,Mid,4.4,Master,77.8,62.8,74.4,5.8,4,6.17,4.41,1,1,2.31,1.16,47.0,48.9,4.1,2024-10-31,0,2.39,1,10
CAND01875,Product Manager,Senior,10.8,PhD,100.0,98.5,24.6,5.73,4,7.59,3.64,1,4,9.88,0.3,50.2,56.2,11.9,2024-01-13,0,2.39,1,11
CAND01876,Data Scientist,Lead,14.0,Master,100.0,77.6,61.6,6.65,4,7.8,3.53,1,5,4.87,0.34,44.5,42.5,-4.3,2024-07-06,0,1.25,0,10
CAND01877,Software Engineer,Mid,3.6,Associate,51.0,47.8,29.9,7.95,3,6.03,4.31,1,1,3.14,0.07,52.7,55.3,4.9,2024-01-15,0,2.82,0,15
CAND01878,Operations Manager,Entry,0.2,Bachelor,59.2,55.6,44.8,8.76,5,7.25,4.23,1,1,1.26,1.58,92.2,88.5,-4.0,2024-01-07,1,3.53,1,6
CAND01879,Product Manager,Lead,16.0,Bachelor,73.7,74.7,72.4,8.1,4,7.72,4.54,1,6,5.04,2.89,65.5,75.1,14.5,2024-09-23,0,2.24,1,24
CAND01880,Sales Representative,Entry,0.5,Bachelor,58.5,64.3,57.9,7.79,3,6.48,4.75,0,1,2.89,0.85,103.0,102.2,-0.7,2024-02-26,0,3.38,0,17
CAND01881,Data Scientist,Mid,4.8,Master,80.4,84.2,50.0,5.03,5,6.03,4.12,1,1,2.06,1.45,48.4,52.5,8.6,2023-12-27,1,3.3,1,8
CAND01882,Marketing Specialist,Entry,1.4,Associate,64.2,82.1,57.8,7.79,5,7.32,3.26,1,1,2.99,0.66,123.4,125.6,1.7,2024-10-08,1,4.15,1,5
CAND01883,Software Engineer,Entry,1.0,PhD,85.3,68.8,87.4,6.82,4,6.92,4.17,1,1,4.63,0.43,63.9,71.4,11.7,2023-12-13,1,3.13,1,4
CAND01884,Product Manager,Mid,3.1,Bachelor,76.2,56.9,70.1,6.79,5,6.92,4.7,1,1,0.88,0.76,81.1,83.5,3.0,2024-02-07,0,3.04,0,4
CAND01885,Data Scientist,Mid,3.2,Bachelor,85.0,49.5,57.7,5.66,3,7.47,3.45,1,1,3.59,2.79,65.2,65.0,-0.4,2024-03-03,0,2.99,1,10
CAND01886,Sales Representative,Entry,0.7,Master,70.1,64.6,69.7,7.91,4,7.58,3.94,1,1,2.26,0.72,33.4,32.6,-2.4,2024-01-27,0,1.47,0,16
CAND01887,Marketing Specialist,Entry,0.0,Bachelor,67.6,55.4,70.3,8.08,4,6.59,4.54,1,1,5.54,2.33,99.8,108.9,9.1,2024-08-01,0,2.19,1,27
CAND01888,Software Engineer,Mid,4.5,Bachelor,90.0,44.2,84.0,4.99,5,7.4,4.87,0,1,9.65,1.85,35.7,36.6,2.5,2024-04-28,0,2.71,1,13
CAND01889,Marketing Specialist,Mid,5.6,Master,92.8,93.2,63.3,8.27,5,7.16,2.59,1,2,1.87,0.32,47.5,46.3,-2.5,2024-08-31,0,2.21,1,23
CAND01890,Customer Support,Mid,5.6,Master,100.0,52.8,73.7,4.53,3,7.24,4.59,1,2,1.77,2.12,64.4,65.1,1.0,2024-03-04,1,2.66,0,7
CAND01891,Operations Manager,Entry,1.9,Bachelor,90.3,58.1,94.2,7.76,5,6.08,3.75,1,1,3.42,0.38,82.0,78.5,-4.3,2024-06-10,0,1.99,1,15
CAND01892,Operations Manager,Mid,3.1,Master,71.8,58.3,49.6,6.09,3,7.02,4.88,1,1,1.71,0.33,54.2,58.9,8.7,2024-01-22,0,2.57,0,16
CAND01893,Product Manager,Mid,5.0,Bachelor,100.0,83.4,65.6,6.11,5,7.54,3.81,1,1,2.51,2.43,50.5,58.0,14.8,2024-05-13,0,2.46,1,9
CAND01894,Marketing Specialist,Mid,5.2,Master,80.6,64.4,78.9,8.81,5,7.75,3.95,1,2,0.44,0.89,33.3,37.9,13.8,2024-03-13,1,4.44,1,6
CAND01895,Customer Support,Mid,3.8,PhD,88.4,85.5,65.7,5.45,5,5.95,4.31,1,1,0.72,0.71,65.4,63.3,-3.2,2024-01-29,0,2.3,0,20
CAND01896,Product Manager,Mid,3.9,Bachelor,89.4,72.0,68.9,6.35,3,6.76,3.46,1,1,1.1,2.2,48.5,49.1,1.4,2024-02-10,0,1.96,1,14
CAND01897,Product Manager,Mid,4.7,Bachelor,74.6,51.8,57.5,5.1,4,6.25,4.37,0,1,7.45,1.7,56.8,64.8,14.1,2024-06-09,0,2.04,0,16
CAND01898,Customer Support,Mid,3.1,Bachelor,89.8,59.0,40.5,5.58,5,7.14,4.42,1,1,2.22,4.0,62.7,64.4,2.8,2024-05-04,0,2.49,0,4
CAND01899,Operations Manager,Entry,0.9,Associate,80.6,72.4,50.9,7.71,3,6.6,4.49,1,1,1.11,2.28,73.0,71.1,-2.6,2023-12-17,0,2.72,1,13
CAND01900,UX Designer,Entry,0.9,Master,100.0,70.5,71.7,6.86,5,7.38,3.97,1,1,6.24,2.64,85.6,97.6,14.0,2024-08-05,0,2.75,1,19
CAND01901,Software Engineer,Mid,4.2,Bachelor,94.7,91.6,79.1,5.5,5,6.77,3.07,1,1,0.52,1.54,78.9,89.3,13.1,2024-05-05,0,2.89,1,4
CAND01902,Sales Representative,Mid,5.9,Bachelor,77.7,66.2,69.9,5.09,4,6.29,4.81,1,2,3.43,0.96,79.8,85.7,7.4,2024-10-06,0,3.14,0,19
CAND01903,UX Designer,Mid,5.7,Bachelor,66.3,72.4,64.4,9.02,3,4.92,4.82,1,2,1.65,0.42,57.5,61.2,6.4,2024-02-13,0,1.74,0,7
CAND01904,Operations Manager,Entry,1.1,Master,100.0,74.0,63.0,4.91,5,7.39,3.94,1,1,4.36,2.13,65.5,71.9,9.9,2024-08-21,1,3.84,1,5
CAND01905,Customer Support,Entry,0.3,Bachelor,87.7,34.6,50.0,7.6,4,6.26,3.41,1,1,0.57,4.64,64.2,72.2,12.5,2024-04-12,1,2.43,1,8
CAND01906,Marketing Specialist,Entry,0.6,Bachelor,74.0,70.9,61.7,7.32,3,7.91,3.1,1,1,2.22,0.59,34.5,36.3,5.3,2024-09-19,0,3.23,0,21
CAND01907,Data Scientist,Entry,1.1,Associate,76.1,60.4,55.3,5.22,3,7.64,4.12,1,1,5.4,1.43,54.6,54.8,0.4,2024-09-02,1,4.44,1,7
CAND01908,Product Manager,Mid,4.2,Bachelor,100.0,71.0,61.3,6.62,3,6.9,4.79,1,1,1.52,0.55,37.2,42.0,12.9,2024-07-27,0,2.49,0,17
CAND01909,Data Scientist,Entry,1.3,Master,42.6,64.8,77.7,3.99,4,7.33,4.41,1,1,2.69,1.39,50.3,57.7,14.8,2024-08-01,1,4.04,1,7
CAND01910,Data Scientist,Mid,5.7,Bachelor,75.0,91.3,70.2,4.54,3,5.62,3.91,1,2,4.02,1.74,58.8,66.3,12.7,2024-01-20,0,2.2,1,9
CAND01911,UX Designer,Entry,1.4,Bachelor,73.9,77.5,50.8,4.47,5,7.79,4.4,1,1,1.07,0.7,51.4,53.0,3.2,2024-03-02,0,2.42,1,24
CAND01912,Customer Support,Mid,4.7,Master,90.0,83.1,66.1,6.88,3,7.13,2.85,1,1,2.34,1.15,76.6,75.1,-1.9,2024-05-04,0,3.5,0,14
CAND01913,Sales Representative,Mid,6.0,Master,83.4,58.7,47.5,7.6,5,6.02,3.47,1,2,2.05,3.7,51.5,53.3,3.5,2024-10-02,1,4.53,1,8
CAND01914,Software Engineer,Mid,4.9,Bachelor,84.6,73.8,45.1,6.77,3,6.69,3.86,1,1,1.26,0.9,80.6,79.1,-1.8,2023-12-08,0,2.12,1,8
CAND01915,Operations Manager,Entry,1.1,Bachelor,86.3,63.9,53.2,5.9,3,7.19,4.51,1,1,3.91,1.27,99.1,98.4,-0.7,2024-03-13,1,3.44,1,1
CAND01916,Software Engineer,Senior,9.4,PhD,97.2,60.3,70.5,7.4,4,7.81,4.28,1,3,2.13,2.81,73.0,72.9,-0.2,2024-01-27,1,3.42,0,4
CAND01917,UX Designer,Senior,7.4,Bachelor,100.0,81.6,81.3,5.98,4,7.01,4.45,1,2,2.3,0.92,57.4,60.6,5.6,2023-11-11,1,4.08,1,1
CAND01918,Software Engineer,Mid,4.8,Bachelor,100.0,71.2,93.0,7.56,5,7.43,3.67,1,1,0.44,0.18,46.8,52.7,12.6,2024-06-24,0,1.81,1,16
CAND01919,Software Engineer,Mid,3.6,Master,75.0,95.3,68.0,8.19,5,7.61,4.49,1,1,6.96,1.89,36.2,41.2,14.0,2024-10-02,0,4.01,0,7
CAND01920,Customer Support,Entry,1.2,Bachelor,99.7,86.1,57.8,4.25,3,8.19,4.5,1,1,0.66,1.75,53.0,56.2,6.0,2024-07-20,0,3.75,0,29
CAND01921,Data Scientist,Lead,18.2,Bachelor,100.0,82.9,58.2,7.23,3,6.58,4.49,1,7,1.5,0.93,51.4,50.8,-1.3,2024-07-12,0,1.65,0,28
CAND01922,UX Designer,Senior,10.6,Bachelor,100.0,95.9,68.0,6.33,3,7.97,4.32,1,4,1.45,3.6,55.1,57.3,4.1,2024-08-01,0,1.55,0,11
CAND01923,Sales Representative,Entry,0.8,Master,65.2,78.2,56.5,4.81,5,6.59,4.56,1,1,2.52,2.08,49.0,52.1,6.3,2023-12-23,0,1.2,0,21
CAND01924,Product Manager,Mid,4.3,Master,89.1,63.2,77.6,8.03,5,7.06,3.81,1,1,1.48,3.33,68.1,68.2,0.1,2024-01-27,0,3.46,0,15
CAND01925,UX Designer,Mid,3.5,Master,90.8,60.2,82.6,8.27,5,6.47,4.1,1,1,2.29,4.25,38.9,43.1,10.8,2024-09-14,0,3.82,1,10
CAND01926,Marketing Specialist,Mid,4.0,Bachelor,70.1,63.0,42.1,5.15,5,7.15,4.3,1,1,3.41,0.82,51.5,50.3,-2.2,2024-03-18,1,3.61,1,4
CAND01927,UX Designer,Mid,5.7,PhD,93.4,84.5,48.3,8.24,3,7.52,3.9,1,2,3.01,2.66,49.8,56.0,12.5,2024-08-14,0,2.87,1,18
CAND01928,Product Manager,Senior,11.7,Associate,92.3,62.3,60.5,6.4,5,6.63,4.82,1,4,7.87,2.37,79.5,86.6,8.9,2024-04-16,1,3.67,1,10
CAND01929,Marketing Specialist,Senior,7.7,Master,60.3,83.2,51.0,7.0,5,6.7,4.3,1,3,2.88,0.84,75.2,85.9,14.2,2024-08-19,1,4.08,1,3
CAND01930,Operations Manager,Mid,3.9,Bachelor,100.0,70.3,68.6,6.05,4,7.49,4.64,1,1,1.58,0.69,70.5,74.1,5.1,2024-05-30,0,1.8,0,14
CAND01931,Marketing Specialist,Mid,3.9,Master,76.2,16.1,82.0,7.26,4,6.02,4.46,1,1,0.71,1.98,54.5,55.2,1.1,2024-04-10,0,2.52,0,10
CAND01932,UX Designer,Mid,3.5,Master,34.1,69.1,41.9,9.58,5,7.4,3.7,1,1,8.55,1.23,70.3,73.1,4.0,2024-05-26,1,3.18,1,16
CAND01933,Sales Representative,Entry,0.6,Bachelor,66.0,53.8,66.1,6.46,5,6.67,4.27,1,1,1.2,0.33,85.8,82.8,-3.4,2024-02-02,0,2.5,1,4
CAND01934,Sales Representative,Senior,8.2,Bachelor,98.3,100.0,71.3,7.35,4,8.11,4.37,1,3,1.49,0.65,86.1,83.8,-2.8,2024-01-31,0,2.99,1,18
CAND01935,Customer Support,Entry,0.5,Master,55.3,79.4,77.5,4.35,4,8.19,4.57,1,1,2.56,0.27,51.4,50.4,-1.9,2024-03-21,0,1.55,1,15
CAND01936,Operations Manager,Entry,0.1,Bachelor,56.8,76.5,81.9,4.41,4,6.84,3.72,1,1,1.13,1.35,51.5,50.2,-2.6,2024-11-07,1,3.34,1,9
CAND01937,Software Engineer,Entry,0.7,Master,90.0,55.8,45.9,7.69,4,7.0,4.38,1,1,7.69,1.09,56.6,59.2,4.6,2024-01-07,0,3.37,0,16
CAND01938,Software Engineer,Senior,11.1,Bachelor,100.0,48.4,72.2,9.69,5,7.21,4.5,1,4,0.52,0.35,43.6,41.7,-4.3,2024-08-30,1,4.44,1,7
CAND01939,Customer Support,Senior,9.9,Master,93.2,96.9,44.1,7.29,3,8.1,4.04,1,3,4.09,1.27,53.9,51.4,-4.7,2024-06-07,1,3.8,1,5
CAND01940,Sales Representative,Entry,0.7,Bachelor,49.3,79.0,67.9,5.82,3,5.72,4.66,1,1,4.18,2.8,76.2,83.3,9.3,2024-05-30,1,3.67,1,2
CAND01941,Software Engineer,Entry,1.2,Associate,62.3,60.7,73.1,6.35,5,6.9,2.98,1,1,0.84,0.99,95.0,90.5,-4.7,2024-06-19,0,1.76,0,18
CAND01942,Product Manager,Entry,0.5,Bachelor,74.7,34.0,78.4,4.86,3,6.92,4.81,1,1,5.5,2.87,79.5,76.6,-3.6,2024-10-19,0,1.58,0,21
CAND01943,Operations Manager,Entry,0.0,PhD,81.6,38.1,56.5,2.52,4,6.46,4.4,1,1,1.99,0.93,97.2,104.0,7.0,2024-08-20,1,3.65,1,3
CAND01944,Product Manager,Mid,5.6,PhD,66.4,98.7,61.7,8.13,4,6.05,4.35,1,2,1.15,1.1,75.3,76.3,1.4,2024-05-04,0,3.06,0,12
CAND01945,Sales Representative,Entry,1.6,Master,92.4,54.2,54.6,5.59,3,7.74,4.11,1,1,1.72,1.35,46.7,46.7,-0.1,2024-06-29,0,2.02,0,11
CAND01946,Customer Support,Mid,3.9,Bachelor,100.0,92.4,78.7,4.12,3,6.61,4.04,1,1,2.54,1.15,68.4,74.0,8.2,2024-01-20,0,1.89,1,19
CAND01947,UX Designer,Mid,4.3,Bachelor,82.9,65.0,41.5,5.08,5,6.58,4.52,1,1,0.09,3.82,45.5,48.9,7.5,2024-07-19,0,2.38,1,14
CAND01948,Data Scientist,Entry,0.4,Bachelor,45.2,76.8,72.1,5.59,5,6.4,4.31,1,1,2.77,1.05,40.9,43.5,6.2,2024-05-25,1,4.14,1,3
CAND01949,Operations Manager,Mid,5.9,Master,80.2,44.9,74.5,6.89,3,7.12,4.41,1,2,2.68,1.72,81.3,82.4,1.3,2024-03-03,0,1.97,0,11
CAND01950,Data Scientist,Mid,4.9,PhD,71.3,90.3,58.1,6.78,5,7.61,4.55,1,1,3.07,0.3,40.2,45.5,13.3,2023-12-15,1,4.2,0,8
CAND01951,Customer Support,Mid,4.7,Bachelor,78.3,67.7,92.2,8.07,3,7.0,3.79,1,1,5.61,0.39,45.3,49.6,9.7,2024-01-17,0,2.1,0,21
CAND01952,UX Designer,Mid,4.9,Bachelor,78.4,42.4,79.0,8.6,3,6.26,3.55,1,1,3.54,0.29,85.1,97.1,14.2,2024-10-10,1,4.48,1,3
CAND01953,Marketing Specialist,Mid,3.2,Bachelor,72.7,68.6,84.4,8.53,4,6.84,3.22,1,1,3.62,1.6,44.6,48.2,8.1,2024-03-30,0,1.4,0,9
CAND01954,UX Designer,Lead,13.8,Bachelor,97.4,69.9,45.5,5.84,3,8.3,3.86,1,5,7.39,0.68,52.6,58.9,12.0,2024-07-14,0,1.87,1,20
CAND01955,Software Engineer,Senior,10.8,Bachelor,94.9,83.2,65.8,9.0,5,7.11,2.75,0,4,2.14,1.58,33.7,37.0,10.0,2023-12-20,1,4.34,1,11
CAND01956,UX Designer,Mid,5.2,Master,44.7,59.4,73.9,5.52,3,7.44,4.25,1,2,0.24,1.15,41.6,39.8,-4.3,2024-06-04,0,1.71,0,12
CAND01957,Software Engineer,Senior,11.1,Bachelor,79.6,89.5,43.8,6.4,4,7.24,4.06,1,4,2.27,1.68,76.4,77.2,1.1,2024-02-05,0,1.63,1,8
CAND01958,Product Manager,Entry,1.2,Bachelor,73.2,62.3,72.2,6.24,4,6.45,2.47,1,1,1.09,0.53,72.3,71.1,-1.6,2024-02-24,1,4.21,1,7
CAND01959,Sales Representative,Mid,3.3,PhD,84.3,60.3,61.5,8.73,3,7.24,4.7,1,1,4.6,0.41,55.9,61.0,9.1,2024-10-13,0,1.28,1,6
CAND01960,UX Designer,Senior,10.8,Master,93.9,79.2,92.7,7.43,4,6.42,3.45,1,4,3.56,1.19,38.6,39.8,2.9,2024-01-08,1,3.43,1,11
CAND01961,Data Scientist,Lead,15.5,Bachelor,100.0,94.0,81.1,5.15,3,7.35,3.59,1,6,3.16,2.12,39.5,42.6,7.9,2024-03-31,1,4.28,1,1
CAND01962,Customer Support,Mid,3.0,Bachelor,77.0,80.1,78.2,6.42,4,6.96,4.14,1,1,4.96,2.68,52.2,53.4,2.3,2024-08-24,1,3.83,1,3
CAND01963,Product Manager,Mid,3.1,Bachelor,64.5,76.1,90.8,5.55,4,7.23,4.02,1,1,2.08,0.42,41.1,40.3,-1.9,2024-09-26,0,3.18,1,16
CAND01964,Operations Manager,Lead,17.3,Bachelor,88.4,72.8,53.3,8.25,5,7.24,4.22,1,6,0.98,1.3,40.5,39.8,-2.0,2024-10-13,0,2.1,0,21
CAND01965,UX Designer,Entry,0.1,Bachelor,72.6,76.4,81.1,6.67,4,6.96,3.92,1,1,3.51,2.98,40.6,43.3,6.5,2024-09-25,0,2.59,0,15
CAND01966,UX Designer,Entry,1.5,PhD,59.7,54.1,51.5,9.36,5,7.24,2.74,1,1,2.03,0.67,40.3,45.1,11.8,2024-03-30,1,3.92,1,11
CAND01967,Product Manager,Mid,5.8,Bachelor,78.7,93.4,87.8,8.04,3,6.88,3.35,1,2,4.91,1.06,64.5,64.6,0.0,2024-03-06,0,3.02,0,12
CAND01968,Sales Representative,Entry,2.0,Bachelor,94.8,67.2,74.9,7.8,4,7.39,3.58,1,1,2.35,0.45,45.4,46.3,2.0,2024-04-19,0,1.54,1,6
CAND01969,Sales Representative,Mid,3.8,Bachelor,79.3,69.7,92.9,7.07,5,6.78,4.7,1,1,5.55,0.45,40.0,43.8,9.6,2023-12-28,0,2.15,0,12
CAND01970,Sales Representative,Entry,0.0,Master,79.2,54.6,54.5,8.42,3,7.0,4.4,1,1,2.6,0.54,37.3,41.7,11.6,2024-10-02,0,2.48,1,9
CAND01971,Customer Support,Entry,0.3,Associate,58.3,64.0,76.2,6.16,4,6.92,4.75,1,1,4.34,0.23,67.8,75.2,11.0,2024-05-26,0,3.12,1,8
CAND01972,Data Scientist,Mid,4.5,Bachelor,76.4,85.1,52.7,7.03,3,7.41,4.26,1,1,4.07,4.21,41.2,45.7,10.9,2023-11-30,0,1.31,1,5
CAND01973,UX Designer,Entry,1.6,Bachelor,54.0,66.7,66.0,7.12,4,7.91,4.2,1,1,6.02,3.27,64.0,69.3,8.3,2024-05-04,1,4.04,1,12
CAND01974,Marketing Specialist,Entry,1.9,Master,85.6,56.6,76.0,6.9,3,7.56,4.6,1,1,1.5,1.74,40.8,41.0,0.6,2024-05-27,0,2.14,0,18
CAND01975,Marketing Specialist,Entry,1.6,Bachelor,85.8,52.5,65.1,6.31,5,6.3,4.69,1,1,0.53,0.69,43.5,45.0,3.6,2023-12-08,1,2.58,1,14
CAND01976,Software Engineer,Mid,3.3,Bachelor,72.5,72.7,65.4,6.96,4,6.01,4.23,1,1,4.61,1.32,33.9,37.5,10.6,2024-08-13,1,3.32,1,5
CAND01977,Marketing Specialist,Mid,3.5,Bachelor,94.3,55.7,78.4,3.68,5,7.0,4.1,1,1,2.78,1.52,70.6,77.7,10.0,2024-03-26,0,1.88,0,21
CAND01978,Product Manager,Entry,1.0,Bachelor,82.5,72.2,76.7,9.35,4,6.01,4.03,0,1,0.43,0.21,66.6,72.2,8.4,2024-10-16,0,1.56,1,21
CAND01979,Sales Representative,Senior,10.5,Master,84.4,73.0,77.9,4.1,3,6.69,3.53,1,4,4.16,0.17,82.1,90.6,10.3,2023-11-23,0,2.05,1,9
CAND01980,Marketing Specialist,Entry,1.7,Master,80.8,82.4,32.1,6.7,3,7.19,3.86,1,1,3.64,1.77,36.5,39.8,9.0,2024-09-25,1,3.37,1,6
CAND01981,Data Scientist,Mid,4.1,Bachelor,82.3,70.6,86.2,7.62,5,7.43,3.73,1,1,0.91,1.8,43.4,43.2,-0.4,2024-10-11,0,2.12,0,9
CAND01982,Sales Representative,Entry,0.2,PhD,62.7,72.4,42.1,7.09,5,6.26,4.96,1,1,2.08,0.32,55.6,59.6,7.1,2024-08-24,0,2.32,0,12
CAND01983,Customer Support,Mid,3.9,Bachelor,81.4,79.6,75.9,7.71,3,6.35,4.64,1,1,0.42,1.05,71.6,69.2,-3.4,2024-05-16,0,1.44,0,22
CAND01984,Data Scientist,Senior,11.9,Master,100.0,68.4,83.9,6.96,4,6.74,4.26,1,4,0.57,1.59,65.2,71.2,9.3,2024-03-22,1,4.03,1,7
CAND01985,Operations Manager,Entry,0.5,Bachelor,77.6,64.5,68.5,8.87,3,5.7,4.14,1,1,10.3,1.35,24.4,26.0,6.5,2024-05-22,0,3.59,1,17
CAND01986,Sales Representative,Entry,0.7,Bachelor,89.4,60.2,58.5,8.43,5,6.21,4.32,1,1,0.19,0.38,50.5,49.3,-2.4,2024-02-06,0,2.9,0,11
CAND01987,Sales Representative,Mid,3.8,Master,85.6,43.8,79.3,8.61,3,6.41,4.07,1,1,2.67,0.59,42.1,42.4,0.7,2024-02-02,1,3.87,1,3
CAND01988,Customer Support,Entry,0.7,Master,54.5,52.1,34.9,5.81,5,6.98,4.12,0,1,4.49,0.29,55.9,62.3,11.3,2024-03-05,0,1.19,1,19
CAND01989,Product Manager,Lead,14.0,Bachelor,63.6,90.7,86.8,4.99,5,7.45,4.37,1,5,3.4,0.99,61.1,67.6,10.7,2023-11-16,1,4.23,1,3
CAND01990,Software Engineer,Mid,3.5,Bachelor,60.0,42.4,64.3,7.83,4,6.58,4.06,1,1,2.29,2.24,21.1,23.4,10.6,2024-01-14,0,2.56,0,19
CAND01991,Software Engineer,Senior,9.4,Bachelor,100.0,71.5,57.4,9.33,4,7.06,4.14,1,3,1.47,0.58,46.8,51.2,9.4,2024-08-12,1,3.78,1,3
CAND01992,Software Engineer,Mid,4.1,PhD,80.5,46.9,89.2,6.14,4,6.83,3.56,1,1,2.5,0.71,39.1,41.3,5.7,2024-07-28,0,1.81,0,32
CAND01993,Customer Support,Entry,1.0,Bachelor,66.7,58.9,62.5,8.18,3,8.16,4.38,1,1,1.88,1.34,52.1,52.4,0.5,2024-03-14,0,2.75,1,6
CAND01994,Software Engineer,Lead,17.7,Master,100.0,50.7,84.1,5.17,3,8.42,3.68,1,7,3.7,0.48,53.4,56.0,4.8,2024-04-23,1,2.74,0,11
CAND01995,Customer Support,Mid,4.9,PhD,81.6,78.5,70.0,9.15,5,6.67,4.13,1,1,1.33,3.11,35.9,39.5,9.8,2023-12-06,1,4.18,1,5
CAND01996,Marketing Specialist,Entry,1.4,Bachelor,60.8,59.5,53.0,5.37,3,6.52,4.9,1,1,2.18,2.22,35.9,41.3,14.9,2024-10-29,1,3.84,1,3
CAND01997,Customer Support,Entry,0.5,Bachelor,55.6,84.5,90.3,8.86,5,7.02,4.48,1,1,2.01,2.77,80.2,88.6,10.5,2024-04-24,0,3.11,0,25
CAND01998,Sales Representative,Mid,3.7,Master,69.3,69.1,61.3,4.67,4,6.83,4.43,1,1,5.99,2.14,65.5,68.1,4.1,2024-02-21,1,4.04,1,2
CAND01999,Data Scientist,Entry,1.3,Master,96.5,75.5,33.0,5.93,4,8.09,4.37,1,1,3.72,1.24,35.3,40.0,13.4,2024-03-04,0,2.27,1,25
CAND02000,Data Scientist,Senior,7.7,Bachelor,83.7,70.7,78.0,6.98,3,5.99,4.03,1,3,3.74,3.2,76.3,76.9,0.8,2024-07-29,1,4.27,1,2
CAND02001,Operations Manager,Mid,5.9,PhD,99.5,87.0,86.9,6.9,5,7.12,4.51,1,2,1.94,1.34,64.7,70.2,8.6,2023-11-09,0,1.28,1,28
CAND02002,Software Engineer,Mid,4.3,Bachelor,68.3,24.9,28.2,6.73,3,8.98,4.69,1,1,2.17,1.37,75.3,82.4,9.4,2024-07-04,1,3.6,1,7
CAND02003,Customer Support,Mid,5.7,PhD,99.4,54.0,80.8,8.23,4,7.52,4.54,1,2,2.9,1.31,88.7,89.0,0.4,2024-03-02,0,1.45,0,10
CAND02004,UX Designer,Entry,1.6,Master,87.7,76.1,58.6,5.9,5,6.43,4.07,1,1,0.27,0.85,68.8,78.7,14.5,2024-08-19,1,3.89,1,4
CAND02005,Software Engineer,Mid,5.1,Master,52.1,77.4,49.2,7.0,4,7.5,4.81,1,2,6.47,0.95,61.7,61.4,-0.5,2023-11-23,0,1.5,0,27
CAND02006,Marketing Specialist,Senior,11.9,Master,100.0,79.1,74.9,7.22,4,7.22,4.41,1,4,5.15,1.08,52.2,53.9,3.3,2023-12-23,1,2.78,1,4
CAND02007,Customer Support,Mid,4.6,PhD,70.4,68.9,55.8,8.04,3,7.09,4.43,1,1,1.17,2.27,52.7,51.5,-2.3,2024-02-25,1,3.73,0,3
CAND02008,Customer Support,Mid,3.9,PhD,87.9,52.1,31.0,6.38,3,6.69,4.3,1,1,1.55,1.1,60.4,65.2,8.0,2023-12-23,0,1.77,1,6
CAND02009,Customer Support,Mid,4.1,Bachelor,57.0,44.0,86.5,5.73,4,6.44,2.77,1,1,4.35,1.82,59.0,58.6,-0.7,2024-10-23,0,1.98,0,11
CAND02010,Customer Support,Mid,3.5,Bachelor,100.0,51.5,89.9,6.16,3,7.0,4.38,0,1,0.99,0.85,94.8,93.8,-1.1,2024-08-22,0,1.6,1,14
CAND02011,Marketing Specialist,Entry,1.3,Bachelor,67.0,79.8,71.0,5.45,4,7.33,4.21,1,1,5.26,0.52,82.9,80.8,-2.4,2023-12-07,0,2.38,1,24
CAND02012,Product Manager,Entry,0.3,Master,99.7,62.5,91.0,7.34,3,7.08,3.96,1,1,3.54,0.75,51.1,56.6,10.9,2024-04-26,0,2.29,1,7
CAND02013,Sales Representative,Mid,3.7,Bachelor,87.0,56.8,47.3,9.15,4,8.44,4.64,1,1,9.28,1.11,59.1,57.7,-2.4,2024-07-07,0,2.34,0,19
CAND02014,Product Manager,Entry,1.3,Bachelor,89.0,72.9,65.2,5.99,4,6.18,4.68,1,1,6.29,0.9,53.5,61.5,14.9,2024-06-01,1,3.29,1,5
CAND02015,Marketing Specialist,Senior,8.9,Master,100.0,90.2,63.7,7.92,4,6.06,4.61,1,3,2.08,0.73,36.2,37.2,2.7,2024-02-04,0,1.12,0,16
CAND02016,Product Manager,Mid,4.9,Bachelor,81.8,68.4,71.1,4.51,3,8.14,4.51,1,1,7.61,0.88,51.4,53.6,4.3,2023-12-09,0,2.37,1,23
CAND02017,Product Manager,Mid,3.3,Master,62.3,47.8,84.3,4.36,5,7.16,4.67,1,1,0.97,3.2,116.0,125.9,8.5,2024-02-04,0,1.5,0,14
CAND02018,Sales Representative,Mid,5.4,Master,100.0,83.0,65.1,6.99,3,6.71,4.86,1,2,2.37,2.73,44.9,43.1,-4.0,2024-06-02,1,3.14,1,5
CAND02019,Product Manager,Mid,3.3,Master,74.1,51.7,69.5,7.12,4,6.56,3.85,1,1,2.87,1.67,82.3,89.3,8.5,2024-08-25,0,1.3,1,6
CAND02020,Product Manager,Senior,8.9,Master,95.1,76.2,60.6,7.19,4,7.46,4.17,1,3,1.17,1.51,102.1,99.1,-2.9,2024-10-04,1,3.55,1,0
CAND02021,Data Scientist,Mid,4.0,Master,59.1,68.1,48.5,8.05,3,5.95,4.66,1,1,6.77,1.55,45.3,43.1,-4.8,2024-05-29,1,3.56,1,4
CAND02022,Product Manager,Entry,0.8,PhD,69.2,73.5,57.3,8.22,5,6.51,4.82,1,1,1.6,0.64,57.9,63.9,10.3,2024-10-23,0,1.45,1,11
CAND02023,Marketing Specialist,Senior,11.6,Bachelor,100.0,97.1,40.2,4.86,4,7.01,4.2,1,4,4.49,2.9,61.9,60.3,-2.6,2024-04-11,0,1.65,0,15
CAND02024,Customer Support,Mid,3.0,Bachelor,90.3,67.5,40.4,4.94,4,6.87,3.63,1,1,2.57,2.46,67.2,75.6,12.5,2023-12-17,0,2.37,0,20
CAND02025,Customer Support,Entry,1.4,Master,92.5,93.0,64.3,6.4,3,6.81,4.29,1,1,2.47,1.43,68.7,67.2,-2.2,2024-08-03,0,3.82,0,10
CAND02026,Data Scientist,Lead,16.0,Bachelor,100.0,81.2,84.2,7.29,3,7.15,4.48,1,6,6.19,3.49,60.9,59.1,-3.0,2024-08-05,1,3.07,0,9
CAND02027,Software Engineer,Entry,1.1,PhD,80.8,77.4,58.4,5.72,5,7.26,3.32,1,1,2.32,2.69,63.5,61.8,-2.8,2023-12-28,1,3.15,1,5
CAND02028,Customer Support,Mid,4.6,Bachelor,85.4,100.0,79.2,5.51,5,6.27,4.57,1,1,3.03,1.46,57.3,58.3,1.8,2024-01-22,0,1.67,0,10
CAND02029,Sales Representative,Mid,3.6,Master,100.0,80.1,73.0,6.9,5,6.14,4.83,1,1,2.57,0.61,67.2,75.5,12.2,2024-07-12,0,1.1,1,12
CAND02030,Sales Representative,Mid,3.4,Associate,100.0,89.6,76.6,4.37,5,7.41,4.73,1,1,7.37,0.9,78.6,76.7,-2.4,2024-10-25,1,3.58,0,2
CAND02031,Marketing Specialist,Entry,0.2,PhD,58.9,53.7,96.4,6.06,3,7.33,4.62,1,1,1.41,0.27,77.7,77.0,-0.8,2023-11-21,0,1.23,0,4
CAND02032,Operations Manager,Mid,4.8,Master,97.9,94.1,39.3,7.34,3,6.95,3.32,1,1,4.83,1.91,66.0,68.6,4.0,2024-02-24,1,3.32,1,6
CAND02033,Operations Manager,Mid,3.0,Bachelor,83.9,58.7,63.5,6.1,5,6.56,3.78,1,1,4.84,0.88,60.0,68.6,14.3,2023-12-11,1,4.34,1,4
CAND02034,Marketing Specialist,Entry,0.6,Bachelor,74.3,73.6,85.3,5.13,3,6.77,4.47,1,1,0.65,1.05,40.2,46.2,14.9,2024-04-23,0,2.28,1,4
CAND02035,Operations Manager,Senior,9.1,Associate,98.4,80.9,82.8,6.62,4,6.52,3.17,1,3,2.73,2.26,58.4,62.9,7.7,2024-08-29,1,3.6,1,4
CAND02036,Product Manager,Entry,1.4,Bachelor,43.1,90.7,68.0,5.97,3,5.53,4.34,0,1,4.2,0.8,45.5,44.6,-2.0,2024-07-15,0,2.31,0,10
CAND02037,Software Engineer,Entry,1.2,Bachelor,54.1,74.7,36.8,7.24,4,4.88,4.2,1,1,2.17,1.72,89.9,94.0,4.6,2024-10-31,0,1.81,0,13
CAND02038,Customer Support,Lead,18.8,Bachelor,98.2,87.5,57.5,3.73,4,7.8,3.97,1,7,5.77,1.51,87.3,90.7,4.0,2024-07-17,1,4.39,1,4
CAND02039,Sales Representative,Mid,4.2,Master,64.5,64.0,64.7,3.49,3,7.62,4.63,1,1,7.65,1.46,75.5,74.7,-1.1,2024-10-05,1,3.91,1,0
CAND02040,Product Manager,Entry,1.3,PhD,96.1,89.8,57.4,6.64,4,6.74,4.49,1,1,5.5,2.04,36.9,41.8,13.2,2023-12-28,1,4.21,1,2
CAND02041,Operations Manager,Senior,7.7,Bachelor,80.8,61.1,76.2,4.2,5,6.09,4.41,1,3,2.72,4.76,74.8,85.4,14.2,2024-05-25,0,2.36,0,6
CAND02042,Operations Manager,Mid,4.9,Master,62.2,39.2,62.9,4.98,3,6.85,3.67,1,1,1.01,2.28,62.2,59.2,-4.9,2024-04-03,1,4.4,0,8
CAND02043,UX Designer,Lead,14.8,Master,100.0,81.4,71.9,8.04,3,7.72,3.77,1,5,4.13,1.86,104.6,111.2,6.3,2024-01-01,1,4.35,1,11
CAND02044,UX Designer,Mid,5.4,Master,54.6,63.6,60.4,6.15,5,7.24,4.83,1,2,5.66,1.2,52.4,59.4,13.2,2024-05-31,0,2.6,1,11
CAND02045,UX Designer,Entry,1.4,Bachelor,63.2,80.8,78.5,7.03,5,7.29,4.53,1,1,3.9,0.83,82.0,86.7,5.8,2024-01-20,0,2.2,0,15
CAND02046,Software Engineer,Senior,10.5,Master,100.0,59.5,71.4,4.15,5,7.19,4.69,1,4,4.3,1.46,38.2,37.9,-0.9,2024-09-13,1,4.68,1,5
CAND02047,Operations Manager,Mid,4.7,Master,99.0,80.2,90.7,8.44,4,7.53,4.52,1,1,4.65,1.75,39.8,44.4,11.6,2024-10-17,0,2.56,0,22
CAND02048,Sales Representative,Mid,5.0,Master,63.9,37.9,68.8,6.28,5,6.49,4.4,1,1,1.34,0.94,84.0,94.8,12.9,2024-02-06,0,1.39,0,22
CAND02049,UX Designer,Entry,1.0,Bachelor,95.2,70.7,75.5,6.8,5,6.85,3.62,1,1,4.48,0.67,44.8,42.6,-4.8,2024-10-18,0,1.55,0,13
CAND02050,UX Designer,Senior,11.8,Master,81.5,100.0,49.4,5.87,5,6.85,3.95,1,4,8.15,2.39,83.9,93.3,11.2,2023-12-21,0,3.4,1,8
CAND02051,Software Engineer,Senior,7.5,Master,100.0,64.6,65.6,8.83,3,7.13,3.67,1,3,2.23,1.42,57.4,60.7,5.8,2024-06-11,0,2.81,1,6
CAND02052,Operations Manager,Entry,1.9,Bachelor,93.4,67.6,81.0,3.03,4,5.67,3.48,1,1,1.17,0.38,76.9,88.4,14.9,2024-06-05,0,1.07,1,7
CAND02053,Customer Support,Entry,0.0,Master,87.8,65.1,74.0,4.18,4,7.11,3.87,1,1,1.19,1.62,53.1,53.2,0.3,2024-08-14,0,2.02,0,10
CAND02054,UX Designer,Mid,5.8,Bachelor,71.2,69.0,58.4,6.93,4,7.19,3.38,1,2,4.98,0.89,77.0,86.2,11.9,2023-12-30,1,2.65,1,2
CAND02055,Software Engineer,Entry,1.5,Master,74.2,64.0,63.1,7.26,5,7.74,3.46,1,1,10.62,0.11,60.6,59.5,-2.0,2024-02-17,1,3.62,1,7
CAND02056,Product Manager,Entry,0.6,PhD,53.2,54.6,38.7,6.19,4,6.27,4.37,1,1,0.18,1.3,26.6,25.7,-3.2,2023-12-13,1,3.59,0,6
CAND02057,Operations Manager,Mid,4.4,Bachelor,81.5,49.3,75.2,6.13,3,6.04,4.76,1,1,3.44,0.89,49.0,51.5,5.1,2024-02-25,1,3.39,1,3
CAND02058,Data Scientist,Mid,4.7,Master,89.8,74.6,91.7,7.54,3,7.96,4.3,1,1,7.48,2.09,75.5,80.7,6.9,2024-01-13,1,2.08,1,6
CAND02059,Product Manager,Entry,0.5,Bachelor,85.4,80.7,89.8,6.28,4,7.48,4.68,1,1,2.52,4.17,77.1,83.9,8.9,2024-04-10,1,3.88,1,4
CAND02060,Marketing Specialist,Entry,1.1,Master,78.0,63.4,49.4,4.07,4,6.71,4.24,1,1,1.65,1.43,38.5,40.0,4.0,2024-10-26,1,3.99,1,3
CAND02061,Product Manager,Entry,0.5,Master,57.2,57.7,55.2,8.49,4,7.2,3.92,1,1,2.48,1.81,33.2,33.8,2.0,2024-01-10,0,1.59,0,15
CAND02062,Sales Representative,Senior,7.2,Master,88.3,100.0,50.4,8.15,4,7.6,4.03,1,2,1.5,1.17,71.0,75.9,6.8,2024-09-22,0,2.86,1,13
CAND02063,Customer Support,Mid,5.2,Bachelor,100.0,57.4,85.2,5.47,4,6.14,4.1,1,2,3.2,1.02,48.5,49.7,2.5,2023-11-19,0,1.3,0,6
CAND02064,Product Manager,Mid,4.9,Bachelor,82.6,54.0,91.6,5.23,5,6.6,2.58,1,1,7.98,2.25,52.9,59.4,12.4,2024-09-05,0,2.14,1,14
CAND02065,Data Scientist,Senior,10.5,Master,97.1,60.6,71.5,7.3,3,6.42,4.71,1,4,1.64,1.62,56.8,56.9,0.2,2023-11-12,0,1.87,0,10
CAND02066,Operations Manager,Lead,16.7,Master,100.0,100.0,91.2,6.36,5,7.46,4.85,1,6,1.02,1.4,34.4,38.2,10.8,2024-05-06,0,1.97,1,5
CAND02067,Data Scientist,Entry,1.7,Bachelor,70.8,79.8,55.3,8.0,5,8.14,2.58,1,1,4.85,1.25,37.8,40.2,6.5,2023-11-11,1,3.31,1,7
CAND02068,UX Designer,Mid,3.7,Bachelor,69.8,82.2,69.8,5.74,5,8.09,3.73,1,1,3.02,0.87,30.5,32.9,8.0,2024-02-20,0,2.34,0,12
CAND02069,Product Manager,Mid,3.3,Bachelor,45.4,68.4,90.6,8.25,4,7.42,4.73,1,1,0.37,2.03,26.6,28.8,8.5,2024-01-31,1,3.76,1,2
CAND02070,UX Designer,Entry,1.2,PhD,100.0,83.2,93.3,8.19,3,5.87,4.19,1,1,3.63,2.02,61.8,70.9,14.8,2024-08-12,1,3.94,1,4
CAND02071,Marketing Specialist,Mid,3.7,Bachelor,82.9,43.2,84.8,5.98,5,7.79,3.43,1,1,3.67,0.99,41.9,43.2,3.2,2023-12-06,0,1.35,0,12
CAND02072,Product Manager,Entry,0.3,Bachelor,81.8,40.0,56.5,6.36,3,6.23,4.01,1,1,1.29,1.93,52.3,52.5,0.5,2024-08-25,1,3.34,1,12
CAND02073,Product Manager,Senior,11.8,Master,100.0,90.2,22.6,9.02,5,6.91,4.42,1,4,4.24,0.66,45.8,46.0,0.6,2024-10-12,0,2.72,0,13
CAND02074,UX Designer,Senior,11.6,Master,100.0,62.2,41.6,4.92,4,8.97,4.49,1,4,2.21,0.88,69.9,77.3,10.5,2024-06-02,1,2.99,1,4
CAND02075,Operations Manager,Entry,0.1,Bachelor,84.0,57.5,80.5,6.36,4,6.85,2.95,1,1,1.66,2.06,83.4,89.5,7.3,2023-12-23,0,1.38,1,11
CAND02076,Product Manager,Senior,10.8,PhD,100.0,52.5,45.9,7.38,3,5.7,4.62,1,4,2.48,0.54,54.4,55.4,1.7,2024-09-01,0,1.66,1,4
CAND02077,Sales Representative,Mid,4.3,Bachelor,72.3,57.2,75.6,5.96,3,6.58,4.32,1,1,4.01,0.98,51.5,56.8,10.3,2023-12-25,1,3.24,1,5
CAND02078,Customer Support,Senior,11.8,Bachelor,100.0,74.6,86.8,4.46,3,7.49,3.95,1,4,1.7,0.93,65.2,64.6,-0.9,2024-03-18,0,3.69,1,13
CAND02079,Operations Manager,Senior,11.4,PhD,100.0,54.5,51.8,6.02,4,6.22,4.34,1,4,3.91,0.79,124.9,124.0,-0.7,2024-02-03,1,3.35,1,5
CAND02080,Software Engineer,Senior,9.7,Master,95.4,100.0,71.7,8.7,5,7.33,4.12,1,3,3.54,4.33,45.6,48.7,6.8,2024-02-29,0,2.35,1,12
CAND02081,Sales Representative,Entry,0.1,Bachelor,73.5,57.1,80.4,9.18,3,6.16,4.05,0,1,0.52,0.46,79.0,85.7,8.5,2024-01-11,0,2.01,1,24
CAND02082,Operations Manager,Mid,3.8,Master,65.8,77.9,82.5,6.86,4,6.72,4.13,1,1,4.3,0.61,77.1,88.2,14.5,2024-04-12,0,1.2,1,14
CAND02083,Operations Manager,Mid,4.8,Master,95.5,28.2,78.9,5.44,3,6.89,4.86,1,1,5.45,1.75,49.4,54.6,10.5,2024-01-05,0,1.89,0,13
CAND02084,Software Engineer,Senior,9.2,Master,100.0,60.9,62.6,9.39,3,6.93,3.66,1,3,3.07,1.95,92.0,100.1,8.8,2024-02-01,1,3.4,1,3
CAND02085,Customer Support,Entry,1.0,Master,74.9,72.7,52.4,6.38,5,7.42,3.19,1,1,1.33,1.01,31.1,34.0,9.4,2023-12-22,0,1.96,0,15
CAND02086,Sales Representative,Entry,1.0,Master,52.1,82.2,73.6,8.08,3,7.58,4.21,1,1,8.0,0.61,77.5,83.3,7.4,2024-08-05,0,2.68,1,16
CAND02087,Product Manager,Mid,4.6,Master,39.8,56.0,59.5,6.25,3,6.79,4.41,1,1,2.48,1.7,62.4,65.5,5.0,2023-12-09,0,1.34,1,14
CAND02088,Marketing Specialist,Mid,5.2,Bachelor,44.9,91.0,84.7,5.21,3,7.91,4.73,1,2,2.45,1.67,95.8,102.3,6.8,2024-08-25,0,1.34,0,12
CAND02089,Software Engineer,Senior,11.4,PhD,76.2,68.9,79.3,7.39,5,6.82,2.85,1,4,5.16,3.51,38.8,38.4,-0.9,2024-01-17,1,4.46,1,6
CAND02090,Customer Support,Entry,1.7,Master,74.9,45.8,72.9,5.41,4,7.31,3.9,1,1,3.22,1.0,44.1,45.8,4.0,2024-09-24,0,2.16,1,16
CAND02091,Software Engineer,Mid,3.6,Bachelor,86.7,64.7,51.1,7.63,3,6.94,4.44,0,1,4.25,1.55,63.8,70.4,10.3,2024-04-08,0,2.46,1,23
CAND02092,Product Manager,Entry,0.4,Bachelor,64.1,52.2,78.5,7.6,3,6.56,4.27,1,1,1.31,2.22,43.7,47.1,7.8,2023-11-29,1,4.25,1,8
CAND02093,Customer Support,Mid,4.8,Bachelor,77.7,76.2,53.1,6.51,5,6.82,4.43,1,1,1.9,1.08,79.0,88.6,12.2,2023-12-05,0,1.54,1,27
CAND02094,Product Manager,Senior,7.9,Master,88.2,58.4,68.1,5.87,4,6.38,3.92,1,3,1.23,0.67,67.4,74.0,9.7,2024-01-16,0,2.85,1,34
CAND02095,Marketing Specialist,Lead,16.1,Bachelor,79.8,97.2,49.3,6.9,3,7.37,3.7,1,6,2.53,0.54,35.8,41.0,14.5,2024-09-21,1,3.33,1,8
CAND02096,Customer Support,Entry,1.4,PhD,100.0,81.5,61.1,4.89,4,6.33,3.87,1,1,4.19,0.91,63.3,71.4,12.7,2024-05-03,0,2.06,1,16
CAND02097,UX Designer,Mid,4.6,Master,92.3,87.4,58.4,6.43,3,8.16,4.56,1,1,3.03,2.47,79.2,82.9,4.7,2024-04-03,0,2.02,0,7
CAND02098,Data Scientist,Mid,3.1,Bachelor,100.0,56.1,52.9,7.48,4,7.35,4.89,1,1,0.93,1.52,40.7,41.3,1.5,2024-03-11,0,1.95,0,17
CAND02099,Product Manager,Lead,14.1,Bachelor,96.4,91.3,65.7,4.81,3,7.04,3.93,1,5,10.9,0.55,30.6,30.0,-1.8,2023-11-18,0,1.25,1,11
CAND02100,Customer Support,Entry,1.6,Bachelor,67.8,71.7,73.4,7.22,4,7.42,3.35,1,1,6.0,2.01,62.6,62.7,0.1,2024-02-12,1,2.57,1,8
CAND02101,UX Designer,Senior,8.3,Bachelor,90.6,56.6,87.0,3.95,5,6.93,4.12,1,3,0.79,1.97,42.9,45.2,5.4,2024-07-23,0,1.37,1,17
CAND02102,Sales Representative,Entry,1.1,Bachelor,75.5,62.1,84.8,5.04,5,7.37,4.0,1,1,3.71,1.85,63.3,61.2,-3.2,2024-10-09,1,3.35,1,9
CAND02103,Data Scientist,Entry,1.4,Bachelor,46.8,56.8,68.8,4.79,5,6.23,3.23,1,1,5.65,0.29,47.9,49.3,3.0,2023-12-21,0,1.45,1,29
CAND02104,Data Scientist,Mid,3.3,Bachelor,83.3,92.5,91.2,4.99,4,7.02,4.8,1,1,2.41,0.4,54.3,59.6,9.6,2023-11-21,1,2.91,1,5
CAND02105,Customer Support,Entry,1.1,Master,68.4,34.1,73.0,7.45,4,7.65,3.86,1,1,3.4,0.66,41.7,43.9,5.3,2024-01-01,0,1.45,0,24
CAND02106,Marketing Specialist,Mid,4.5,Bachelor,90.9,91.0,87.5,8.57,4,6.73,4.57,1,1,0.64,0.78,65.0,64.2,-1.3,2024-02-12,1,3.96,1,2
CAND02107,Marketing Specialist,Entry,1.6,Bachelor,75.8,68.5,65.5,6.43,3,5.32,3.72,1,1,1.4,0.75,34.1,35.2,3.4,2023-12-29,1,3.28,0,7
CAND02108,Operations Manager,Entry,1.9,Bachelor,59.5,58.7,73.4,8.16,5,7.07,3.37,1,1,1.63,0.23,48.3,50.7,4.8,2023-12-20,0,2.82,1,19
CAND02109,Operations Manager,Senior,8.4,PhD,100.0,63.1,78.3,9.51,4,7.51,3.91,1,3,1.8,0.24,60.7,66.9,10.1,2024-08-07,1,4.45,1,2
CAND02110,Sales Representative,Senior,10.4,Master,71.4,83.6,77.5,7.11,5,6.41,4.11,1,4,4.17,1.11,52.6,50.7,-3.5,2024-06-12,1,4.0,1,1
CAND02111,Sales Representative,Mid,5.5,PhD,90.8,60.2,70.5,8.79,3,7.83,3.74,1,2,6.0,1.4,85.0,86.5,1.8,2024-09-08,1,3.62,0,19
CAND02112,Software Engineer,Entry,1.1,Bachelor,56.3,60.2,51.1,5.8,4,7.78,4.06,1,1,1.8,0.49,57.3,60.7,5.9,2023-12-23,0,1.97,1,10
CAND02113,Data Scientist,Mid,5.5,Master,54.5,85.4,73.1,6.17,5,7.34,4.43,1,2,2.81,0.92,89.4,93.5,4.6,2024-07-24,0,2.57,1,11
CAND02114,UX Designer,Mid,4.0,Bachelor,100.0,32.9,77.4,6.72,4,7.62,3.77,1,1,2.75,2.59,40.8,42.7,4.7,2024-10-15,0,3.07,0,15
CAND02115,Marketing Specialist,Entry,1.3,Bachelor,85.6,69.3,77.3,6.11,4,7.67,3.19,1,1,3.84,1.21,55.7,59.6,7.1,2024-01-26,0,3.41,0,9
CAND02116,Sales Representative,Entry,1.8,Bachelor,78.4,45.1,58.1,6.27,3,6.58,4.2,1,1,1.39,1.13,46.8,50.5,7.8,2023-12-16,1,4.67,1,4
CAND02117,Sales Representative,Entry,0.9,Bachelor,43.6,44.3,65.7,5.59,5,6.31,4.22,1,1,3.7,0.76,74.6,71.9,-3.6,2024-06-16,0,3.12,1,19
CAND02118,Customer Support,Mid,5.8,Master,100.0,77.4,66.1,3.39,3,6.17,3.89,1,2,3.44,3.48,52.8,52.3,-0.9,2024-06-03,0,1.94,0,14
CAND02119,Customer Support,Entry,0.2,Bachelor,39.9,46.4,81.5,7.35,5,7.13,4.36,0,1,1.58,0.83,91.8,89.0,-3.0,2024-01-31,0,1.53,1,33
CAND02120,Marketing Specialist,Mid,4.1,PhD,89.8,49.6,46.9,6.81,3,6.91,4.42,1,1,3.91,0.76,40.8,42.6,4.6,2024-09-10,0,2.33,0,7
CAND02121,Marketing Specialist,Senior,8.4,Bachelor,79.6,87.7,52.2,9.21,4,7.34,4.32,1,3,5.28,1.12,57.2,62.0,8.4,2024-04-19,1,3.48,1,11
CAND02122,Software Engineer,Senior,10.0,Bachelor,96.5,92.8,72.8,5.86,3,7.39,4.88,1,4,0.84,1.35,61.8,61.8,-0.0,2024-07-31,0,2.09,0,6
CAND02123,Marketing Specialist,Senior,8.1,Bachelor,65.9,100.0,53.8,8.45,4,7.75,4.27,1,3,1.82,4.15,56.7,63.5,11.9,2023-11-29,1,3.1,1,5
CAND02124,Operations Manager,Mid,4.0,Associate,96.2,44.3,66.8,8.23,4,7.33,3.78,1,1,2.23,1.61,50.5,52.9,4.8,2024-10-20,1,4.27,0,5
CAND02125,Product Manager,Mid,4.9,Bachelor,60.7,58.7,74.2,6.21,4,6.21,4.86,1,1,0.5,0.85,58.9,66.9,13.5,2024-08-20,1,3.99,1,12
CAND02126,Operations Manager,Senior,8.4,Bachelor,99.3,73.7,80.5,3.67,5,7.65,4.61,0,3,2.7,0.42,77.5,76.6,-1.1,2024-05-20,0,2.86,0,14
CAND02127,Operations Manager,Mid,5.7,Bachelor,86.0,78.4,77.5,8.01,4,7.47,3.77,1,2,0.58,2.1,27.6,27.7,0.2,2024-10-10,1,4.51,1,4
CAND02128,Customer Support,Senior,7.1,Associate,75.6,84.9,80.1,4.83,5,5.61,4.35,1,2,5.76,2.41,39.4,44.3,12.3,2023-11-26,0,2.23,1,13
CAND02129,Marketing Specialist,Mid,3.5,Master,84.7,69.8,86.3,5.75,5,7.66,3.74,1,1,0.39,0.76,48.6,48.0,-1.2,2024-02-07,1,3.82,1,7
CAND02130,Software Engineer,Mid,5.3,Master,69.3,84.2,56.7,6.44,3,6.52,4.18,1,2,0.35,0.88,67.2,74.7,11.3,2024-01-17,0,2.01,0,15
CAND02131,Marketing Specialist,Entry,0.3,Bachelor,83.8,67.6,60.7,5.55,4,7.27,3.97,1,1,2.51,0.33,28.2,27.6,-2.2,2024-10-05,0,2.17,0,21
CAND02132,Product Manager,Mid,5.0,Bachelor,64.7,53.8,53.0,6.81,4,7.82,4.42,1,2,1.3,1.48,26.4,26.1,-1.3,2024-10-23,1,2.43,1,4
CAND02133,Marketing Specialist,Mid,4.6,Master,84.6,47.3,68.8,5.93,4,6.75,3.81,1,1,1.42,1.05,64.4,73.6,14.3,2023-12-23,0,1.81,0,7
CAND02134,Product Manager,Mid,5.0,Master,77.6,78.4,81.5,7.95,5,7.24,4.18,1,1,2.53,3.22,58.6,63.5,8.3,2024-01-02,0,1.45,0,6
CAND02135,UX Designer,Senior,7.8,Bachelor,84.9,81.2,88.5,5.36,3,7.89,4.34,1,3,10.59,0.89,77.9,76.4,-1.9,2024-01-08,0,3.16,1,18
CAND02136,Data Scientist,Mid,4.5,Master,78.1,94.5,71.1,7.58,4,6.45,4.09,1,1,3.51,3.45,64.1,71.8,12.0,2023-11-12,0,3.22,0,19
CAND02137,Marketing Specialist,Mid,3.2,Bachelor,46.8,74.6,78.3,6.41,5,7.54,3.65,0,1,5.38,0.74,63.4,67.3,6.0,2024-10-22,0,2.09,0,10
CAND02138,Customer Support,Entry,1.8,Bachelor,87.7,77.4,77.4,5.85,4,6.89,3.78,1,1,1.87,2.84,65.8,71.7,8.9,2024-09-24,0,2.3,0,6
CAND02139,Operations Manager,Entry,0.7,Bachelor,72.1,44.2,68.3,6.63,3,7.47,3.79,1,1,2.2,0.08,39.1,44.7,14.2,2024-05-01,1,3.68,1,11
CAND02140,Operations Manager,Entry,2.0,Bachelor,70.5,97.6,51.8,5.23,4,6.73,3.37,1,1,1.26,1.36,54.5,52.5,-3.7,2024-07-20,1,3.11,1,4
CAND02141,Customer Support,Mid,4.6,PhD,71.8,72.3,49.4,7.24,3,6.17,4.47,1,1,1.58,2.63,74.7,80.2,7.4,2024-09-11,1,2.88,1,6
CAND02142,Marketing Specialist,Entry,0.0,Bachelor,85.8,66.3,52.0,7.71,3,7.71,4.18,1,1,1.27,1.65,71.5,68.2,-4.5,2024-07-27,1,3.28,1,7
CAND02143,Data Scientist,Entry,2.0,Bachelor,68.6,73.2,65.0,5.52,4,6.81,3.15,1,1,4.1,1.9,72.1,77.8,7.8,2024-02-22,0,2.77,0,10
CAND02144,Software Engineer,Senior,7.7,PhD,60.9,47.8,73.9,6.67,4,6.44,4.19,1,3,0.98,0.54,97.2,109.6,12.7,2024-02-25,0,2.02,1,16
CAND02145,Product Manager,Entry,1.7,Bachelor,64.8,21.6,89.0,8.19,3,7.16,4.34,1,1,3.96,0.23,64.6,66.0,2.2,2024-05-17,1,4.03,1,1
CAND02146,Operations Manager,Lead,16.4,PhD,89.0,100.0,60.1,6.55,5,7.03,3.42,1,6,9.3,1.29,66.9,74.2,11.0,2024-02-13,1,4.09,1,5
CAND02147,Customer Support,Mid,5.2,Bachelor,84.4,68.4,79.7,8.69,4,7.23,3.79,1,2,5.01,0.9,68.0,72.5,6.7,2024-08-26,0,2.85,1,14
CAND02148,Data Scientist,Mid,6.0,Master,89.1,90.4,91.3,6.37,5,6.76,4.0,1,2,1.01,1.37,97.0,103.1,6.3,2023-11-27,1,3.28,1,7
CAND02149,Product Manager,Senior,7.5,Bachelor,83.9,80.5,56.8,5.56,3,7.31,4.44,1,2,1.77,1.96,84.3,83.1,-1.4,2024-10-20,0,1.84,1,14
CAND02150,Operations Manager,Lead,19.3,Bachelor,100.0,100.0,54.2,4.55,4,6.36,2.72,1,7,3.73,0.73,48.6,52.9,8.7,2023-11-08,0,2.92,0,21
CAND02151,Data Scientist,Entry,0.2,Bachelor,75.6,91.3,75.5,8.31,3,5.81,4.5,1,1,0.6,1.17,73.1,77.8,6.4,2024-06-01,0,2.65,1,7
CAND02152,Software Engineer,Mid,3.8,Bachelor,99.9,96.1,66.5,7.16,5,6.54,2.54,1,1,3.89,1.56,55.6,63.0,13.4,2024-01-08,0,1.31,1,13
CAND02153,Data Scientist,Senior,8.7,Master,97.5,67.7,64.9,4.68,4,7.36,4.03,1,3,2.13,0.58,51.2,58.8,14.8,2024-03-13,0,1.1,1,10
CAND02154,Software Engineer,Mid,4.7,Bachelor,34.2,92.5,87.9,3.54,3,7.87,4.08,0,1,1.84,0.87,87.1,84.8,-2.6,2024-02-15,0,1.87,1,23
CAND02155,Customer Support,Entry,0.5,Bachelor,94.0,85.5,57.1,8.89,3,7.75,3.55,1,1,3.61,0.29,56.6,59.2,4.5,2024-01-17,1,4.32,1,4
CAND02156,Customer Support,Entry,1.1,PhD,60.6,80.4,55.0,7.94,5,5.82,4.56,1,1,4.04,0.8,51.2,58.7,14.7,2024-07-23,1,3.73,1,4
CAND02157,Marketing Specialist,Entry,0.9,Master,71.6,78.3,49.8,3.35,3,6.69,3.8,1,1,2.23,0.4,47.9,48.0,0.2,2024-08-01,0,2.08,1,19
CAND02158,Customer Support,Lead,14.7,Bachelor,81.7,94.8,50.4,7.47,4,8.01,3.14,1,5,1.03,2.67,62.1,63.5,2.2,2024-02-09,1,4.34,1,3
CAND02159,Marketing Specialist,Mid,5.9,Bachelor,79.8,83.6,60.8,7.96,4,7.78,4.58,1,2,2.37,1.89,71.1,68.8,-3.2,2023-11-30,1,4.3,1,6
CAND02160,Data Scientist,Mid,5.4,PhD,42.1,84.2,93.9,5.23,4,6.56,4.12,1,2,6.25,0.91,59.1,60.3,2.1,2024-08-23,1,1.86,1,4
CAND02161,Product Manager,Entry,1.8,Bachelor,89.3,77.0,88.3,6.1,4,6.51,4.03,1,1,2.64,1.73,75.7,83.5,10.3,2024-09-10,0,1.17,0,7
CAND02162,Software Engineer,Entry,1.3,PhD,96.7,66.5,82.6,8.91,5,8.27,3.9,1,1,9.68,2.46,47.2,54.1,14.8,2024-01-26,0,1.95,1,18
CAND02163,Data Scientist,Entry,1.6,Master,99.1,87.0,70.7,7.59,3,7.03,4.75,1,1,1.81,2.65,45.7,46.8,2.4,2024-02-04,0,1.63,1,6
CAND02164,Marketing Specialist,Mid,4.2,Master,81.8,81.5,70.5,6.48,5,7.87,3.43,1,1,3.48,2.57,47.2,48.6,3.1,2024-05-28,0,2.42,0,14
CAND02165,Customer Support,Entry,1.3,Bachelor,91.1,68.0,80.1,6.71,3,6.03,4.6,1,1,1.7,1.54,82.6,79.8,-3.3,2023-11-13,0,1.11,1,23
CAND02166,Customer Support,Entry,1.1,Bachelor,81.6,58.8,95.5,6.18,5,6.59,4.63,1,1,2.79,4.61,39.4,37.8,-4.0,2024-07-05,1,3.71,1,6
CAND02167,Product Manager,Entry,1.8,Master,100.0,84.7,81.0,7.43,3,6.34,3.1,1,1,5.72,1.5,68.4,69.5,1.6,2024-06-01,0,3.37,1,12
CAND02168,Marketing Specialist,Mid,4.9,Master,60.1,87.3,62.0,7.71,5,6.82,4.58,1,1,3.46,4.28,76.1,76.4,0.4,2024-03-25,0,1.62,1,15
CAND02169,Software Engineer,Senior,8.8,Master,99.4,62.9,77.6,8.91,3,6.48,4.58,1,3,4.12,1.76,57.8,55.5,-3.8,2024-10-24,1,4.47,1,3
CAND02170,Operations Manager,Entry,1.6,Bachelor,85.0,90.5,78.8,5.47,5,7.85,3.77,1,1,3.72,0.13,52.0,59.2,14.0,2024-10-13,1,4.51,1,1
CAND02171,Data Scientist,Senior,8.2,Bachelor,80.3,93.9,79.7,8.17,4,6.8,4.18,1,3,7.13,2.53,38.4,39.0,1.7,2024-10-11,0,1.95,0,13
CAND02172,Data Scientist,Senior,8.1,Bachelor,100.0,69.1,86.6,6.78,4,7.55,4.31,1,3,2.19,0.24,110.4,122.4,10.9,2024-04-21,1,4.64,1,6
CAND02173,Product Manager,Mid,4.3,PhD,86.6,77.6,59.8,6.08,5,7.64,4.7,1,1,1.63,0.69,35.1,37.4,6.5,2024-01-07,0,2.4,1,17
CAND02174,Operations Manager,Mid,5.2,Master,100.0,91.4,76.6,7.8,5,6.63,4.03,1,2,2.35,0.67,33.9,38.0,12.0,2024-05-09,1,3.37,1,3
CAND02175,Customer Support,Senior,11.9,Bachelor,100.0,91.1,51.4,4.82,4,6.35,4.7,1,4,1.0,0.94,102.1,102.4,0.3,2024-07-29,0,1.67,0,10
CAND02176,Data Scientist,Entry,1.5,Bachelor,88.3,82.2,71.8,7.91,4,6.76,4.59,1,1,0.23,0.37,50.5,56.3,11.5,2024-01-22,0,1.33,0,13
CAND02177,Product Manager,Mid,4.1,PhD,36.8,51.8,72.4,6.79,3,6.89,3.5,1,1,2.17,2.49,45.5,49.3,8.2,2023-11-16,0,2.0,1,2
CAND02178,Operations Manager,Lead,16.8,Bachelor,76.9,76.8,72.6,9.38,3,7.02,4.27,1,6,7.02,2.8,90.0,96.8,7.5,2024-03-19,0,2.39,0,17
CAND02179,Customer Support,Mid,5.3,Bachelor,87.0,63.0,69.7,5.69,5,7.53,3.29,0,2,4.38,2.6,31.4,31.1,-1.1,2023-12-14,1,3.41,1,10
CAND02180,Operations Manager,Entry,0.9,PhD,91.8,72.5,87.0,7.23,4,6.65,4.49,1,1,3.2,1.88,120.5,128.2,6.4,2024-07-12,0,1.22,1,17
CAND02181,Sales Representative,Senior,8.0,Bachelor,81.0,77.8,50.2,5.86,3,6.44,4.42,1,3,6.96,2.59,53.4,51.0,-4.5,2023-12-28,1,3.99,1,1
CAND02182,Customer Support,Entry,0.8,PhD,90.6,39.2,78.6,7.47,4,5.55,3.21,1,1,2.74,0.95,39.9,39.6,-0.8,2024-04-21,0,1.27,1,5
CAND02183,Product Manager,Mid,3.5,Bachelor,99.0,78.8,54.0,6.45,5,6.84,3.53,1,1,6.12,0.69,57.6,62.4,8.4,2023-12-03,0,1.52,0,20
CAND02184,Marketing Specialist,Mid,5.3,Bachelor,75.6,69.1,57.6,6.15,4,7.75,4.47,0,2,3.83,0.92,61.0,65.8,7.9,2024-03-20,0,1.14,0,20
CAND02185,Operations Manager,Mid,4.4,Bachelor,66.1,70.8,71.7,7.85,3,6.07,4.26,1,1,2.82,2.09,44.4,47.7,7.4,2024-10-05,0,1.77,1,15
CAND02186,Operations Manager,Senior,11.4,Bachelor,98.8,89.4,67.2,7.48,3,6.35,4.73,1,4,1.38,1.12,70.1,78.4,11.9,2024-05-12,0,2.44,1,15
CAND02187,Operations Manager,Entry,1.0,Master,93.8,52.5,72.6,6.73,4,7.31,3.95,1,1,5.59,2.23,38.7,37.6,-2.9,2024-08-12,0,3.32,0,7
CAND02188,Customer Support,Senior,8.4,Bachelor,100.0,78.4,67.0,7.65,4,7.72,4.06,1,3,4.47,0.14,50.2,54.0,7.5,2024-01-03,1,3.56,0,4
CAND02189,Product Manager,Entry,0.7,Bachelor,77.9,63.8,71.8,9.19,5,6.82,4.74,1,1,1.96,3.38,42.5,42.8,0.6,2024-09-16,0,1.47,0,11
CAND02190,UX Designer,Senior,8.3,Bachelor,87.7,94.1,79.3,8.12,5,7.09,4.14,1,3,5.55,1.55,52.5,54.0,3.0,2024-09-14,1,3.38,1,4
CAND02191,Marketing Specialist,Senior,9.6,Bachelor,89.9,77.6,60.4,7.22,5,6.32,4.55,1,3,1.09,0.66,49.8,52.9,6.3,2023-12-11,1,4.41,1,12
CAND02192,Data Scientist,Senior,11.7,Master,86.5,62.9,88.1,7.19,4,6.41,3.88,1,4,0.72,5.52,40.5,43.2,6.7,2024-02-09,1,3.52,0,2
CAND02193,Operations Manager,Lead,14.3,Bachelor,100.0,72.3,52.9,7.81,4,6.71,4.44,1,5,6.08,1.19,67.5,65.4,-3.0,2024-01-10,1,3.51,0,5
CAND02194,UX Designer,Mid,5.0,Master,80.2,96.8,74.1,6.6,3,6.44,3.9,1,2,4.63,2.2,77.2,80.5,4.4,2023-12-26,0,1.38,1,16
CAND02195,Sales Representative,Senior,11.9,Bachelor,97.9,100.0,73.9,4.11,5,6.51,4.44,1,4,1.68,0.95,48.6,50.7,4.3,2024-08-18,0,2.5,1,19
CAND02196,Operations Manager,Mid,5.8,Bachelor,100.0,73.1,89.1,6.51,4,6.4,4.36,1,2,4.18,0.46,64.9,74.6,14.9,2024-10-05,1,4.46,0,3
CAND02197,Marketing Specialist,Entry,1.8,Master,79.3,44.2,77.2,5.81,3,5.41,3.59,1,1,2.27,1.81,43.1,43.1,0.1,2023-11-18,0,3.16,0,20
CAND02198,UX Designer,Entry,1.2,Bachelor,78.9,43.8,66.1,8.57,4,6.82,3.13,1,1,1.57,3.53,67.4,68.3,1.3,2024-01-22,0,2.07,0,23
CAND02199,Marketing Specialist,Mid,4.5,Master,82.7,60.3,79.8,7.52,5,7.6,4.45,1,1,1.32,1.75,53.8,51.1,-5.0,2023-11-18,0,2.34,1,12
CAND02200,Sales Representative,Mid,4.9,Bachelor,93.1,89.1,55.3,4.71,3,6.27,4.42,1,1,8.73,1.02,59.2,58.6,-1.0,2023-12-04,0,1.94,1,11
CAND02201,Data Scientist,Senior,10.7,Bachelor,81.4,65.2,68.8,7.84,5,7.31,4.24,1,4,5.6,3.57,58.1,62.0,6.7,2023-11-09,1,2.55,1,5
CAND02202,Operations Manager,Mid,3.7,PhD,75.0,65.6,89.2,7.58,3,7.09,4.46,1,1,4.95,1.58,72.8,73.8,1.4,2024-01-09,0,3.4,1,21
CAND02203,Operations Manager,Entry,0.8,Master,96.7,50.3,48.2,9.01,4,6.85,4.59,1,1,5.61,1.89,67.9,74.7,10.1,2024-01-28,0,2.73,1,11
CAND02204,Data Scientist,Senior,7.2,Master,87.0,91.0,60.2,7.86,4,6.55,4.33,0,2,5.41,0.34,67.4,71.5,6.0,2024-08-09,0,2.6,1,25
CAND02205,Customer Support,Mid,3.2,Master,85.6,87.5,70.1,7.33,4,7.58,3.13,0,1,3.32,0.94,57.3,64.8,13.1,2024-10-03,0,1.22,1,19
CAND02206,Data Scientist,Senior,11.1,Bachelor,100.0,79.3,41.3,5.74,5,7.29,3.55,1,4,6.28,6.78,63.3,69.6,9.9,2024-01-07,1,4.48,1,11
CAND02207,UX Designer,Senior,10.0,Master,73.9,55.0,56.7,6.41,4,7.77,4.47,1,3,6.42,1.96,34.4,38.9,13.1,2024-02-28,0,1.24,0,15
CAND02208,Software Engineer,Senior,8.9,Bachelor,85.8,71.7,70.0,6.43,3,6.41,3.97,1,3,2.59,1.45,98.8,95.1,-3.7,2024-07-19,1,4.67,1,10
CAND02209,Product Manager,Mid,5.6,Master,94.6,70.8,75.5,7.68,5,7.16,4.78,1,2,2.02,2.23,45.0,45.5,1.1,2023-12-18,1,3.56,0,6
CAND02210,Software Engineer,Entry,1.5,Bachelor,84.9,52.1,78.9,6.57,3,4.71,4.27,1,1,3.25,1.81,56.0,62.2,11.1,2023-12-05,0,2.97,1,3
CAND02211,Product Manager,Entry,0.4,Bachelor,62.2,77.3,75.6,6.6,4,5.75,4.54,1,1,4.79,0.76,50.5,52.5,3.9,2024-02-09,0,1.32,0,16
CAND02212,Customer Support,Entry,0.9,Master,68.8,78.7,48.9,6.05,4,6.6,3.77,1,1,1.03,1.95,64.5,66.3,2.8,2023-12-28,0,1.35,0,18
CAND02213,Operations Manager,Senior,9.5,Bachelor,81.2,64.7,79.7,7.33,3,7.33,3.86,1,3,2.5,1.24,51.2,58.6,14.3,2024-07-25,0,1.69,1,12
CAND02214,Marketing Specialist,Entry,0.2,Bachelor,61.9,36.3,65.3,7.17,4,6.8,4.14,1,1,4.3,0.62,39.3,42.5,8.2,2024-01-21,1,4.33,1,9
CAND02215,Customer Support,Mid,5.9,Bachelor,96.7,94.9,65.3,6.52,4,8.17,4.71,1,2,5.77,0.57,54.9,56.7,3.3,2024-05-15,1,3.1,1,6
CAND02216,Data Scientist,Entry,0.8,Bachelor,100.0,32.4,82.2,6.09,5,5.97,3.51,1,1,1.67,0.99,44.3,47.9,8.2,2024-11-03,1,4.06,1,12
CAND02217,UX Designer,Senior,8.7,Master,62.9,45.1,77.5,7.37,3,6.67,4.05,1,3,3.22,4.05,79.0,84.1,6.5,2024-06-10,0,1.15,0,18
CAND02218,Software Engineer,Entry,0.8,Bachelor,80.8,61.4,50.3,6.36,4,7.31,4.45,1,1,4.68,0.25,52.1,55.5,6.5,2024-01-31,1,3.54,1,6
CAND02219,Software Engineer,Mid,3.5,Master,55.9,68.5,66.7,6.4,3,8.4,4.46,1,1,4.13,5.14,51.8,52.4,1.3,2023-11-13,0,1.5,1,16
CAND02220,Marketing Specialist,Senior,10.3,Master,55.5,81.6,72.8,5.93,3,7.51,3.42,1,4,4.21,0.59,51.4,52.5,2.1,2024-06-16,0,2.44,1,27
CAND02221,Software Engineer,Mid,3.4,Master,58.8,88.4,57.7,5.6,3,7.32,3.9,1,1,7.76,4.02,54.6,57.9,6.1,2024-03-31,0,3.82,1,11
CAND02222,UX Designer,Senior,9.1,Master,75.0,42.4,65.8,6.75,5,7.56,4.24,1,3,2.72,2.62,80.7,92.3,14.3,2024-05-29,0,2.93,1,20
CAND02223,UX Designer,Senior,7.3,Bachelor,100.0,100.0,50.2,6.95,4,6.35,4.41,1,2,2.29,0.75,48.3,53.9,11.5,2024-04-26,1,3.59,1,2
CAND02224,UX Designer,Mid,3.7,Bachelor,87.4,61.4,77.5,5.56,5,7.93,4.06,1,1,2.24,2.48,87.0,91.3,5.0,2024-07-22,1,3.16,1,12
CAND02225,Product Manager,Entry,1.0,Bachelor,77.5,36.3,69.3,6.21,4,6.6,3.52,1,1,0.11,3.68,37.6,41.6,10.5,2024-08-28,0,1.35,0,6
CAND02226,Sales Representative,Mid,5.1,PhD,82.5,82.2,43.2,6.39,5,7.37,3.3,1,2,2.81,1.55,69.9,73.0,4.3,2024-04-25,0,1.05,1,15
CAND02227,Marketing Specialist,Mid,3.7,PhD,62.2,37.1,86.2,6.24,4,7.13,3.33,0,1,3.54,2.33,46.8,46.3,-1.0,2024-08-21,1,3.3,0,2
CAND02228,Customer Support,Lead,16.9,Associate,78.0,77.5,66.8,9.05,5,8.3,4.18,1,6,2.52,0.33,40.1,42.3,5.3,2024-09-04,0,2.63,0,10
CAND02229,Product Manager,Mid,4.9,Master,61.6,46.7,90.2,7.96,3,7.68,3.51,1,1,1.65,0.81,51.6,50.7,-1.7,2024-10-02,0,1.97,0,14
CAND02230,Software Engineer,Lead,15.0,Bachelor,100.0,98.5,51.7,8.27,3,7.33,4.53,1,6,0.66,1.6,47.4,50.2,5.9,2024-03-03,0,2.75,0,9
CAND02231,UX Designer,Mid,4.4,Master,85.0,19.8,95.7,8.9,3,6.75,3.92,1,1,1.91,4.07,50.9,58.4,14.7,2024-09-25,1,2.31,1,1
CAND02232,Product Manager,Entry,1.3,Master,79.4,64.0,55.8,5.23,5,8.32,4.54,1,1,1.87,1.19,26.4,29.9,13.3,2024-04-09,0,2.09,0,24
CAND02233,Operations Manager,Senior,11.3,Bachelor,100.0,86.3,85.8,6.7,5,7.46,3.6,1,4,4.87,1.62,46.6,52.1,11.7,2024-01-03,1,4.34,1,5
CAND02234,UX Designer,Entry,0.3,Master,98.0,86.7,59.0,7.35,5,6.72,3.5,0,1,2.01,1.88,87.5,95.1,8.6,2024-08-07,1,3.51,1,6
CAND02235,Operations Manager,Senior,11.4,Bachelor,91.7,96.7,68.0,9.1,5,6.85,4.07,0,4,2.76,0.59,44.0,44.3,0.6,2024-04-04,1,3.41,0,3
CAND02236,Operations Manager,Entry,1.6,Master,78.2,50.6,40.4,7.52,4,6.67,4.09,1,1,2.91,0.64,71.2,75.6,6.2,2024-05-10,0,1.74,0,8
CAND02237,Sales Representative,Mid,5.1,Master,72.6,55.9,89.6,7.52,3,6.81,4.68,1,2,6.23,1.45,46.9,48.5,3.5,2024-04-04,0,2.21,0,19
CAND02238,Software Engineer,Mid,5.8,Master,75.7,46.6,74.3,4.41,5,6.57,4.85,1,2,1.09,0.71,57.5,58.6,1.9,2024-02-26,1,4.39,1,4
CAND02239,Sales Representative,Entry,1.9,Bachelor,66.2,60.8,82.7,6.24,5,7.73,4.68,1,1,4.84,1.15,39.2,43.4,10.6,2024-02-25,0,2.84,0,12
CAND02240,Customer Support,Entry,1.9,Associate,79.7,51.1,75.2,8.91,4,6.87,4.75,1,1,1.85,1.17,53.7,55.9,4.0,2024-02-02,0,1.77,0,26
CAND02241,Marketing Specialist,Mid,4.4,Bachelor,83.6,54.2,81.1,6.44,3,5.89,4.4,1,1,4.18,1.41,96.0,105.6,10.0,2024-10-19,1,3.68,0,7
CAND02242,Operations Manager,Senior,10.0,Master,89.1,94.1,39.8,7.36,5,6.59,4.41,1,3,1.42,3.1,48.3,50.1,3.8,2024-05-03,0,2.95,1,7
CAND02243,Data Scientist,Senior,8.5,Master,81.6,64.7,59.5,6.45,5,7.07,3.93,1,3,2.36,1.08,46.3,48.6,4.9,2024-03-06,0,3.22,1,11
CAND02244,Data Scientist,Entry,0.6,Bachelor,40.5,79.8,66.5,4.43,3,6.29,3.74,1,1,2.18,0.89,60.3,62.2,3.1,2024-02-12,0,2.43,1,21
CAND02245,Customer Support,Mid,4.8,Bachelor,70.2,78.2,82.4,9.22,4,7.11,4.39,1,1,6.45,1.62,56.6,55.1,-2.6,2024-02-17,1,4.27,1,6
CAND02246,Data Scientist,Entry,2.0,Master,44.0,47.7,77.0,6.51,5,7.04,4.43,1,1,7.48,1.68,31.4,32.5,3.6,2023-12-31,1,3.28,1,2
CAND02247,Data Scientist,Mid,5.6,PhD,100.0,67.5,48.3,5.16,3,7.09,3.69,1,2,4.0,0.24,41.1,42.0,2.4,2024-03-11,0,1.62,0,19
CAND02248,Data Scientist,Entry,0.4,Master,85.3,57.1,55.9,7.06,5,6.65,3.74,0,1,1.03,1.5,60.0,65.0,8.4,2023-12-19,0,1.8,0,11
CAND02249,Customer Support,Mid,3.7,Bachelor,86.8,67.9,71.7,7.02,5,6.43,4.57,1,1,0.39,1.4,93.7,90.4,-3.5,2024-10-11,0,2.68,0,12
CAND02250,Marketing Specialist,Entry,1.5,Bachelor,65.1,62.2,59.8,8.79,5,6.79,3.96,1,1,3.38,0.74,50.0,52.9,5.7,2024-11-02,0,1.6,1,18
CAND02251,Operations Manager,Senior,10.5,Bachelor,96.3,78.2,65.5,8.32,4,7.38,3.92,1,4,5.66,3.26,69.8,73.4,5.1,2024-02-19,0,1.17,0,10
CAND02252,Operations Manager,Entry,0.1,PhD,70.1,51.6,70.7,7.03,5,6.4,3.68,1,1,3.47,0.2,58.6,64.2,9.4,2024-05-22,1,3.41,1,5
CAND02253,UX Designer,Mid,4.3,Bachelor,67.9,80.5,42.1,9.38,4,6.92,4.31,1,1,1.98,0.55,69.5,68.5,-1.4,2024-06-10,1,4.77,1,8
CAND02254,Customer Support,Mid,5.8,Bachelor,88.7,87.3,56.2,5.21,3,6.47,3.67,1,2,1.22,0.44,45.2,50.1,10.9,2024-10-20,0,1.41,0,8
CAND02255,Customer Support,Entry,1.5,PhD,40.8,80.1,72.3,7.29,5,6.68,4.71,1,1,7.48,0.49,55.5,61.6,11.0,2024-01-24,1,3.27,1,8
CAND02256,Customer Support,Senior,8.8,Bachelor,81.3,76.9,85.7,7.44,3,7.34,4.36,1,3,6.09,0.86,62.6,68.1,8.7,2023-12-21,0,1.54,0,18
CAND02257,Operations Manager,Mid,5.5,Master,48.4,62.9,53.8,6.75,5,7.86,4.46,1,2,0.54,2.23,63.1,60.3,-4.4,2024-08-13,0,2.39,1,14
CAND02258,Software Engineer,Lead,18.7,Master,100.0,91.6,78.7,7.41,5,7.05,4.56,1,7,2.74,1.72,49.0,51.5,5.2,2024-06-11,0,1.84,0,8
CAND02259,Software Engineer,Entry,1.7,PhD,92.0,56.9,34.9,6.87,4,5.99,4.9,1,1,0.66,1.69,19.3,18.7,-2.8,2024-03-04,0,1.22,0,8
CAND02260,Data Scientist,Mid,5.6,Master,91.9,54.3,68.0,8.28,3,7.85,4.34,1,2,0.35,1.14,42.2,48.4,14.7,2024-02-23,1,3.5,1,5
CAND02261,Data Scientist,Senior,11.7,Bachelor,95.1,70.0,78.5,3.8,4,6.35,4.74,1,4,1.71,1.55,50.9,52.7,3.5,2024-07-01,1,4.27,1,13
CAND02262,Product Manager,Mid,5.1,Bachelor,82.4,69.3,62.4,5.91,5,6.57,4.92,1,2,1.99,5.39,63.6,65.5,2.9,2024-06-17,1,3.18,1,3
CAND02263,Customer Support,Mid,5.2,Bachelor,74.5,66.9,35.0,8.74,4,6.26,4.53,1,2,5.04,0.64,31.3,34.2,9.4,2024-10-31,1,4.39,0,4
CAND02264,Data Scientist,Lead,17.2,Master,76.3,100.0,78.2,6.58,5,7.31,4.09,1,6,1.19,0.89,54.1,56.6,4.6,2024-08-10,0,1.97,0,15
CAND02265,Product Manager,Mid,3.3,PhD,62.9,57.6,43.4,5.03,5,6.73,4.29,1,1,2.99,2.24,61.7,67.3,9.1,2024-03-24,0,1.61,0,18
CAND02266,Marketing Specialist,Entry,0.3,Bachelor,21.6,75.0,48.2,7.5,3,6.26,4.03,1,1,1.15,1.84,52.6,51.4,-2.2,2024-06-27,1,2.52,1,2
CAND02267,Sales Representative,Mid,4.5,Bachelor,64.3,79.1,65.8,5.65,4,7.02,4.48,1,1,4.49,3.46,39.4,40.9,3.7,2024-08-07,0,1.47,0,17
CAND02268,Software Engineer,Entry,2.0,Master,74.5,67.0,65.0,4.95,4,6.6,4.81,1,1,2.58,2.92,52.0,57.3,10.3,2024-09-25,0,3.0,0,10
CAND02269,Product Manager,Mid,4.2,PhD,77.3,57.0,87.7,5.27,5,7.42,3.92,1,1,2.32,1.7,103.9,99.5,-4.2,2024-08-21,0,2.26,0,13
CAND02270,Operations Manager,Mid,5.1,Master,100.0,59.8,43.3,8.26,4,6.56,4.24,1,2,2.61,2.26,38.1,41.5,8.9,2024-04-25,1,3.1,1,9
CAND02271,Sales Representative,Mid,5.0,Master,83.6,78.3,65.0,3.97,5,6.45,4.42,1,1,1.29,0.89,65.3,67.3,2.9,2024-03-27,0,2.64,1,19
CAND02272,Product Manager,Mid,3.2,Bachelor,65.1,67.9,61.9,2.96,3,7.24,4.5,1,1,2.74,0.78,64.6,63.8,-1.3,2024-01-17,0,3.25,1,13
CAND02273,Marketing Specialist,Entry,0.8,Master,83.9,35.7,97.9,6.33,3,7.73,3.83,1,1,3.99,1.86,98.1,102.2,4.2,2023-12-15,1,3.92,0,3
CAND02274,Customer Support,Mid,5.6,Master,82.4,75.6,53.1,5.28,3,6.68,4.04,1,2,2.36,3.95,62.3,67.0,7.6,2024-10-12,1,2.63,1,10
CAND02275,Product Manager,Mid,3.9,Bachelor,53.5,36.7,67.0,5.11,4,7.84,4.28,1,1,3.1,0.11,54.7,57.7,5.4,2024-04-17,1,3.35,0,7
CAND02276,Operations Manager,Mid,4.2,Bachelor,57.9,86.1,65.6,9.08,4,6.47,4.62,1,1,6.16,2.03,50.7,50.1,-1.2,2024-03-09,0,1.46,0,14
CAND02277,Sales Representative,Senior,8.8,Master,95.5,53.3,50.8,3.65,4,7.85,3.88,1,3,1.32,1.42,33.6,37.5,11.8,2023-11-24,1,2.79,1,2
CAND02278,UX Designer,Entry,1.8,Bachelor,92.3,93.9,63.1,7.82,4,6.83,2.04,1,1,6.24,0.41,89.4,87.9,-1.8,2024-06-26,1,3.66,1,1
CAND02279,Product Manager,Entry,0.2,Bachelor,71.1,93.9,51.6,4.99,5,6.64,4.42,1,1,6.18,1.3,40.3,38.8,-3.8,2024-03-30,0,2.27,1,6
CAND02280,Software Engineer,Entry,1.1,Bachelor,58.3,66.9,69.0,5.04,4,8.63,4.08,1,1,1.59,1.92,49.7,49.8,0.3,2024-03-23,0,2.4,0,14
CAND02281,UX Designer,Entry,0.1,Master,60.4,32.5,71.3,6.39,5,6.7,4.68,1,1,4.07,3.89,45.4,48.5,6.9,2024-05-30,0,3.25,1,11
CAND02282,Software Engineer,Mid,3.4,Bachelor,90.9,53.4,83.8,6.52,3,7.79,3.47,1,1,4.26,1.61,41.7,46.7,12.2,2024-02-09,0,1.62,1,15
CAND02283,Marketing Specialist,Senior,12.0,PhD,100.0,90.5,59.6,6.59,4,6.66,4.33,1,4,2.53,0.98,78.2,83.6,6.8,2023-12-31,0,2.34,0,3
CAND02284,Customer Support,Entry,0.7,Bachelor,56.7,56.0,35.1,9.27,4,6.9,4.49,1,1,4.43,0.62,42.3,46.5,9.9,2024-06-22,0,1.71,0,9
CAND02285,Customer Support,Entry,0.8,Bachelor,64.3,64.2,61.1,8.99,3,7.06,3.36,1,1,2.74,4.58,37.5,39.1,4.2,2024-06-30,1,4.43,1,5
CAND02286,UX Designer,Senior,9.3,Bachelor,82.8,90.4,67.1,4.6,4,8.14,4.37,1,3,0.87,0.98,87.3,95.7,9.6,2023-11-28,0,2.32,1,20
CAND02287,Sales Representative,Entry,0.4,Bachelor,68.2,65.7,57.4,7.11,5,7.15,4.01,1,1,3.68,2.41,54.3,59.1,8.7,2023-11-29,0,4.15,0,18
CAND02288,Sales Representative,Mid,3.7,Master,59.2,55.6,72.0,5.86,5,7.65,4.27,1,1,2.25,2.66,46.3,46.1,-0.3,2024-05-19,0,1.13,0,28
CAND02289,Product Manager,Entry,1.3,Bachelor,68.8,56.3,55.1,6.7,4,7.89,4.28,1,1,7.43,1.09,25.8,26.5,2.4,2024-02-01,1,3.31,1,8
CAND02290,Software Engineer,Senior,7.5,Bachelor,92.8,79.3,60.4,3.95,5,6.31,3.45,1,2,4.24,1.83,25.3,25.2,-0.6,2024-11-03,1,2.96,1,13
CAND02291,Data Scientist,Senior,7.3,PhD,50.4,75.6,71.5,6.68,3,5.54,3.64,0,2,2.62,2.58,83.4,87.7,5.2,2024-04-11,0,3.14,0,8
CAND02292,Data Scientist,Senior,11.1,Bachelor,84.4,100.0,59.4,8.1,5,5.95,2.37,1,4,1.4,1.45,36.9,36.4,-1.4,2024-09-15,1,3.19,0,3
CAND02293,Operations Manager,Mid,3.6,Master,93.1,73.4,86.8,5.64,4,5.97,3.98,1,1,0.68,0.38,58.5,56.6,-3.2,2024-07-18,0,2.38,1,25
CAND02294,Customer Support,Mid,5.8,Bachelor,100.0,86.9,60.8,8.53,4,5.93,4.32,1,2,1.01,1.61,69.8,77.0,10.3,2024-08-01,0,1.39,0,8
CAND02295,Software Engineer,Entry,0.2,Bachelor,56.8,61.1,60.6,7.81,3,7.33,4.26,1,1,4.47,1.02,45.4,48.9,7.8,2023-12-26,0,2.92,1,12
CAND02296,Data Scientist,Entry,0.6,Master,46.7,72.4,77.0,6.73,3,6.11,3.97,1,1,2.96,0.6,51.9,51.1,-1.5,2024-01-08,0,2.1,1,10
CAND02297,Sales Representative,Mid,5.1,Bachelor,100.0,85.0,66.5,6.38,5,7.67,3.77,1,2,1.68,1.62,58.4,66.3,13.5,2023-12-17,0,1.32,1,8
CAND02298,Data Scientist,Entry,1.4,Bachelor,48.6,55.0,31.5,3.86,5,6.69,4.18,1,1,6.29,1.45,72.0,69.4,-3.6,2024-09-07,1,3.84,1,6
CAND02299,Data Scientist,Entry,0.3,Bachelor,82.3,54.1,72.3,4.04,5,6.6,3.63,1,1,2.62,3.44,52.3,54.9,5.1,2024-09-02,1,3.4,1,7
CAND02300,UX Designer,Senior,11.2,Bachelor,100.0,35.3,62.4,6.35,5,6.37,3.84,1,4,1.03,1.36,57.9,56.3,-2.7,2023-12-12,1,3.31,1,8
CAND02301,Product Manager,Mid,3.2,Master,100.0,68.4,49.3,6.2,3,6.32,4.25,1,1,3.82,2.05,45.5,51.0,12.3,2023-11-17,0,2.28,1,19
CAND02302,Product Manager,Entry,0.4,Master,37.0,71.3,74.7,4.9,4,7.32,4.25,1,1,1.21,1.0,50.6,49.3,-2.6,2024-06-10,0,3.11,1,20
CAND02303,Operations Manager,Lead,15.7,Bachelor,100.0,100.0,77.8,5.02,5,6.99,4.12,1,6,3.64,0.74,47.8,46.1,-3.5,2024-09-30,1,4.65,1,11
CAND02304,Operations Manager,Entry,0.1,Bachelor,71.1,75.5,81.4,4.97,4,5.06,4.71,1,1,1.61,2.54,60.2,64.0,6.3,2024-04-03,0,2.36,0,19
CAND02305,Marketing Specialist,Mid,6.0,Bachelor,99.1,79.7,68.7,3.1,4,6.78,3.31,1,2,0.97,0.69,60.2,60.8,1.0,2024-08-17,0,2.04,0,6
CAND02306,Data Scientist,Mid,5.0,Bachelor,82.9,87.8,77.0,5.51,4,8.44,3.69,1,2,0.94,3.66,82.6,91.6,10.9,2024-10-07,0,2.3,1,9
CAND02307,UX Designer,Mid,5.2,Bachelor,64.9,62.4,61.2,6.52,4,6.78,3.79,1,2,0.7,2.3,58.0,59.1,1.8,2024-05-21,0,2.79,1,9
CAND02308,Software Engineer,Entry,1.4,Master,76.4,58.5,56.6,7.25,4,5.09,2.97,1,1,6.66,4.11,66.7,75.4,13.1,2024-06-25,0,2.05,1,12
CAND02309,Product Manager,Mid,5.2,Associate,86.5,81.0,58.3,5.32,4,7.2,4.66,1,2,4.65,1.67,36.5,36.9,1.0,2024-10-03,0,1.76,1,18
CAND02310,Operations Manager,Entry,0.3,Bachelor,56.1,70.1,50.7,5.48,3,4.83,3.41,1,1,2.52,3.43,56.7,59.1,4.3,2023-12-31,0,1.67,1,21
CAND02311,UX Designer,Entry,0.0,Master,71.6,67.3,45.1,7.17,3,7.85,4.3,1,1,3.61,0.69,53.8,60.2,11.9,2023-12-13,0,1.84,1,19
CAND02312,Operations Manager,Entry,1.0,Master,88.1,93.1,60.4,5.73,3,7.63,4.86,1,1,5.24,1.06,64.6,64.3,-0.5,2024-08-26,1,3.34,0,4
CAND02313,UX Designer,Entry,1.6,Bachelor,73.5,90.8,86.3,8.74,3,6.69,3.82,1,1,0.99,1.33,102.1,97.8,-4.2,2023-12-29,0,3.59,0,23
CAND02314,Data Scientist,Mid,5.5,PhD,89.4,79.6,54.5,8.02,4,6.38,4.24,1,2,0.71,1.68,80.5,79.5,-1.2,2024-06-28,1,3.89,1,4
CAND02315,Data Scientist,Senior,11.5,Bachelor,100.0,62.7,64.6,4.63,3,7.82,4.15,1,4,2.1,0.34,62.5,69.0,10.4,2024-10-01,1,2.63,1,4
CAND02316,Data Scientist,Entry,1.3,Master,79.7,84.1,91.5,3.12,5,7.67,4.48,1,1,3.77,2.64,24.4,26.2,7.5,2024-07-02,0,1.94,0,16
CAND02317,Operations Manager,Senior,8.2,PhD,78.4,78.6,51.2,4.71,3,8.76,3.78,1,3,0.64,1.22,60.5,60.4,-0.3,2024-02-27,1,3.97,1,5
CAND02318,Product Manager,Entry,1.8,Bachelor,79.8,63.0,51.0,7.03,5,7.26,4.85,1,1,6.11,0.88,54.9,62.7,14.3,2023-12-16,0,1.33,1,18
CAND02319,Software Engineer,Senior,8.8,PhD,100.0,96.7,62.7,6.4,3,7.09,4.58,1,3,4.49,0.32,45.9,49.0,6.6,2023-12-03,1,3.02,0,5
CAND02320,UX Designer,Senior,7.5,Bachelor,51.7,59.5,81.9,8.22,4,6.65,4.39,1,3,1.23,0.69,94.3,94.3,-0.0,2024-08-22,1,4.39,1,3
CAND02321,Marketing Specialist,Mid,3.5,Master,75.0,87.7,74.0,6.55,4,6.75,3.94,1,1,7.27,2.12,73.5,78.3,6.6,2024-01-18,0,1.22,0,11
CAND02322,Software Engineer,Mid,3.9,Bachelor,59.3,46.7,79.3,5.39,5,6.84,4.35,1,1,3.04,0.28,54.3,52.7,-2.8,2023-11-11,0,1.36,0,12
CAND02323,Operations Manager,Entry,0.4,Bachelor,75.5,44.6,68.3,7.51,4,7.32,3.44,0,1,0.77,4.23,36.0,35.0,-2.7,2024-03-29,0,1.11,1,12
CAND02324,UX Designer,Mid,5.8,Bachelor,34.7,75.5,56.4,3.98,5,6.64,3.66,1,2,2.92,0.42,43.5,42.0,-3.4,2024-10-03,1,3.78,1,3
CAND02325,Sales Representative,Senior,7.3,Bachelor,89.9,98.6,83.4,6.03,3,6.62,4.3,1,2,4.45,2.07,51.7,52.5,1.6,2024-04-25,0,2.31,0,29
CAND02326,Operations Manager,Lead,14.9,Bachelor,93.9,66.3,80.3,6.95,3,7.35,4.5,1,5,3.96,0.46,72.3,75.8,4.8,2024-01-22,0,1.57,1,20
CAND02327,Marketing Specialist,Mid,5.4,Master,80.3,65.0,72.6,6.6,4,7.34,3.66,1,2,2.74,0.72,115.8,113.4,-2.1,2023-11-24,1,4.35,0,2
CAND02328,Customer Support,Senior,8.2,Master,67.0,73.6,75.6,5.34,4,6.36,4.39,1,3,5.2,3.11,68.8,70.1,1.9,2024-10-10,0,1.57,1,16
CAND02329,Data Scientist,Mid,5.4,Master,73.9,69.6,73.5,6.64,4,6.77,4.61,1,2,1.8,0.45,44.0,44.6,1.4,2024-02-08,0,2.23,0,14
CAND02330,Marketing Specialist,Mid,3.9,Bachelor,90.3,76.3,79.2,5.33,3,6.79,4.51,1,1,1.69,0.51,44.1,48.1,8.9,2024-03-17,0,1.81,1,8
CAND02331,Customer Support,Senior,9.1,Associate,82.7,76.6,50.4,4.76,5,7.79,3.92,1,3,3.42,0.94,64.9,72.7,12.0,2024-07-27,1,4.01,1,5
CAND02332,Product Manager,Mid,4.2,Bachelor,85.5,62.1,52.9,6.41,5,5.6,2.38,1,1,0.75,1.44,117.0,123.1,5.2,2024-10-18,0,1.81,1,6
CAND02333,UX Designer,Entry,0.1,Bachelor,86.1,35.4,64.2,4.7,5,7.01,4.15,1,1,1.3,0.93,68.6,66.3,-3.5,2024-08-02,0,2.27,0,14
CAND02334,Customer Support,Entry,0.6,Bachelor,79.7,59.6,69.6,4.56,5,7.52,4.29,1,1,7.29,1.6,86.1,82.6,-4.1,2024-04-22,1,3.39,0,3
CAND02335,Data Scientist,Entry,0.0,PhD,84.9,65.4,76.0,7.77,5,6.52,4.81,1,1,3.24,1.31,90.4,94.0,4.0,2023-11-21,0,1.39,1,11
CAND02336,Marketing Specialist,Entry,1.1,Master,58.6,81.8,90.3,8.66,4,7.55,3.94,1,1,1.65,0.9,34.1,33.3,-2.3,2024-09-25,0,1.57,0,26
CAND02337,Operations Manager,Mid,5.3,Bachelor,88.1,83.5,79.6,8.64,5,6.16,3.06,1,2,5.36,1.43,62.7,69.3,10.6,2024-08-02,1,3.45,1,4
CAND02338,Product Manager,Senior,8.4,Associate,83.0,79.0,52.7,5.31,3,7.22,3.08,1,3,1.51,3.09,34.4,34.1,-1.1,2024-08-01,0,1.29,1,25
CAND02339,Software Engineer,Mid,4.4,Bachelor,88.6,74.0,75.3,7.04,5,7.27,4.34,1,1,1.7,1.38,66.5,72.3,8.6,2024-01-09,0,2.94,0,17
CAND02340,Sales Representative,Mid,3.2,Master,84.5,27.6,59.7,7.65,4,6.6,4.28,1,1,3.49,1.38,58.0,63.3,9.1,2024-04-22,0,1.1,0,15
CAND02341,Data Scientist,Mid,4.3,PhD,63.9,70.6,76.8,6.38,5,7.37,4.43,1,1,0.58,1.39,85.1,96.1,12.9,2023-12-14,0,2.03,1,11
CAND02342,Customer Support,Senior,9.8,Bachelor,100.0,65.5,51.5,6.53,4,7.16,4.1,1,3,2.9,2.36,40.2,43.7,8.8,2024-02-08,0,1.89,1,6
CAND02343,Operations Manager,Entry,0.3,Master,80.8,83.9,77.3,9.57,3,5.99,3.23,1,1,0.72,1.0,51.2,49.8,-2.6,2024-10-20,0,1.92,1,8
CAND02344,Marketing Specialist,Entry,1.2,Master,81.8,83.9,81.2,6.88,3,7.46,4.57,1,1,3.54,2.5,73.2,84.2,14.9,2024-05-19,0,1.96,0,12
CAND02345,Software Engineer,Mid,3.8,Bachelor,79.7,44.2,46.1,7.52,4,7.44,4.55,1,1,1.38,2.79,44.1,49.0,11.1,2024-09-08,0,1.78,0,18
CAND02346,Sales Representative,Entry,1.9,Bachelor,81.0,67.1,80.2,5.9,5,7.11,3.93,1,1,2.23,1.34,31.0,32.2,3.7,2023-12-02,0,3.62,1,10
CAND02347,Operations Manager,Mid,4.0,Bachelor,60.9,49.0,81.2,3.99,5,7.18,4.58,1,1,3.46,0.87,65.7,74.4,13.3,2024-02-07,0,2.13,0,11
CAND02348,Product Manager,Mid,4.8,Bachelor,87.7,51.3,68.2,5.22,5,7.48,3.43,1,1,3.56,2.1,56.5,63.8,12.8,2024-01-16,0,1.9,1,13
CAND02349,Sales Representative,Mid,3.2,Bachelor,86.3,90.3,20.7,7.31,3,8.14,4.49,1,1,0.5,2.08,88.2,100.2,13.6,2024-10-20,0,1.63,0,24
CAND02350,Product Manager,Entry,0.3,Bachelor,57.7,63.5,44.1,8.7,4,7.37,4.71,1,1,0.72,1.53,50.8,53.1,4.6,2023-12-09,1,3.11,1,2
CAND02351,Software Engineer,Mid,5.5,Bachelor,100.0,57.3,70.2,4.03,4,6.02,4.68,1,2,1.02,2.28,48.8,55.1,12.9,2023-12-27,1,3.36,1,8
CAND02352,Software Engineer,Senior,8.8,Master,95.0,56.2,57.6,7.22,3,5.95,3.45,1,3,3.75,3.07,38.8,38.7,-0.1,2023-11-14,1,4.15,1,12
CAND02353,Product Manager,Entry,0.2,Master,55.7,56.4,59.6,6.83,3,6.37,4.1,1,1,1.08,1.53,60.3,67.3,11.6,2024-08-11,0,1.91,0,14
CAND02354,Software Engineer,Mid,4.6,Bachelor,79.3,59.1,52.4,8.78,4,7.75,4.54,1,1,6.44,0.87,66.5,70.9,6.5,2024-09-19,0,1.96,0,11
CAND02355,Operations Manager,Senior,9.6,Master,100.0,64.2,46.5,6.9,5,6.92,4.79,1,3,2.88,0.4,59.9,66.2,10.6,2024-08-12,0,1.31,1,16
CAND02356,Data Scientist,Mid,4.7,Master,98.2,83.1,88.4,9.68,3,7.01,4.63,1,1,4.05,1.01,50.9,50.3,-1.2,2024-09-10,0,1.39,1,14
CAND02357,Operations Manager,Mid,5.5,Bachelor,69.6,79.1,89.0,7.85,5,6.3,4.23,1,2,3.75,1.74,65.4,72.3,10.6,2023-12-28,0,2.78,1,23
CAND02358,Sales Representative,Mid,3.0,PhD,89.9,55.5,82.8,6.81,3,6.82,4.67,1,1,2.94,0.24,73.2,72.6,-0.9,2024-07-27,1,3.3,1,5
CAND02359,UX Designer,Senior,8.4,Associate,94.7,63.3,72.4,5.69,4,7.44,3.07,1,3,1.94,3.92,63.2,62.8,-0.5,2023-11-26,0,1.49,0,17
CAND02360,UX Designer,Mid,5.5,Bachelor,52.9,60.2,68.8,7.41,4,6.51,4.55,1,2,1.76,0.45,67.5,74.0,9.6,2024-09-07,0,1.96,0,23
CAND02361,Product Manager,Entry,0.1,Bachelor,75.1,50.8,70.6,4.83,4,7.28,4.28,1,1,2.27,3.87,88.3,88.9,0.8,2024-07-21,0,2.47,1,14
CAND02362,Software Engineer,Entry,0.2,Bachelor,90.9,21.0,71.6,3.86,5,7.21,4.4,1,1,2.53,0.63,46.0,49.0,6.6,2024-08-11,1,4.38,1,3
CAND02363,Marketing Specialist,Lead,17.1,Bachelor,100.0,100.0,40.9,5.96,3,6.67,4.1,1,6,1.14,1.48,73.9,80.8,9.3,2024-09-07,1,4.2,1,12
CAND02364,Customer Support,Mid,5.6,PhD,100.0,71.3,86.3,6.54,3,6.38,4.71,1,2,4.18,0.72,54.7,60.4,10.3,2024-04-09,0,4.0,1,16
CAND02365,Product Manager,Mid,4.9,Bachelor,53.9,67.4,82.0,5.9,5,6.64,3.41,1,1,7.67,5.36,60.7,68.1,12.2,2024-05-02,0,1.82,0,9
CAND02366,Product Manager,Mid,4.6,Bachelor,100.0,68.8,76.0,6.07,4,7.3,4.54,1,1,2.61,0.56,70.7,79.6,12.5,2024-07-06,1,4.49,1,3
CAND02367,Software Engineer,Mid,4.8,PhD,100.0,62.7,67.9,8.83,3,7.07,4.47,1,1,4.15,0.31,52.4,55.2,5.5,2024-09-17,1,4.02,1,3
CAND02368,UX Designer,Entry,0.1,Master,70.4,75.2,52.8,6.41,3,5.77,4.89,1,1,0.97,0.38,51.8,53.4,3.1,2024-10-30,0,1.24,0,11
CAND02369,Operations Manager,Senior,11.9,Bachelor,88.7,100.0,84.4,3.45,3,5.67,4.25,1,4,3.34,0.8,63.1,62.6,-0.8,2024-11-04,0,2.22,1,12
CAND02370,Software Engineer,Senior,9.6,Master,58.2,79.6,54.2,5.66,3,6.46,4.39,1,3,1.52,1.19,87.0,95.7,10.1,2024-09-23,1,4.17,1,5
CAND02371,Customer Support,Entry,1.7,Bachelor,60.7,76.6,65.5,7.81,4,8.23,4.47,1,1,6.47,0.78,49.6,55.5,11.9,2023-11-18,0,2.34,0,7
CAND02372,Operations Manager,Entry,0.8,Master,75.6,88.5,79.5,6.28,5,7.39,3.91,1,1,0.41,1.19,67.0,69.1,3.2,2024-09-04,1,4.21,1,4
CAND02373,Sales Representative,Mid,4.7,Bachelor,77.7,77.4,56.9,5.77,3,7.09,3.56,1,1,4.01,1.12,73.2,72.8,-0.5,2023-12-16,1,4.48,0,8
CAND02374,Customer Support,Mid,5.9,Master,69.0,66.5,33.7,6.06,5,7.37,3.57,1,2,3.02,2.51,53.9,51.6,-4.3,2024-03-22,0,2.34,0,11
CAND02375,UX Designer,Entry,0.2,Bachelor,56.4,69.1,78.8,5.81,3,7.02,3.3,1,1,1.52,0.58,44.9,45.0,0.3,2024-08-10,1,3.24,1,8
CAND02376,Software Engineer,Entry,0.6,Bachelor,70.7,63.3,69.3,7.9,5,7.79,3.72,1,1,1.72,2.89,42.5,47.2,11.1,2024-08-07,0,2.35,1,9
CAND02377,Operations Manager,Mid,6.0,PhD,78.0,61.0,62.8,7.52,5,7.31,4.01,1,2,0.84,1.48,65.3,65.3,-0.1,2024-09-23,0,2.19,1,15
CAND02378,Customer Support,Mid,4.3,Bachelor,100.0,63.6,61.8,4.47,4,6.14,4.55,1,1,6.4,1.12,38.3,36.6,-4.3,2024-04-07,0,1.34,0,7
CAND02379,Software Engineer,Entry,1.5,Master,77.1,57.4,95.1,7.59,5,7.23,4.46,1,1,0.84,0.79,55.3,56.8,2.7,2024-07-10,0,1.66,1,5
CAND02380,Sales Representative,Mid,5.6,Bachelor,79.6,100.0,93.4,6.7,3,7.98,4.14,1,2,2.78,0.66,74.8,72.9,-2.5,2024-02-10,1,3.73,1,3
CAND02381,Data Scientist,Mid,3.2,Master,55.9,77.0,66.5,7.48,5,6.12,4.76,1,1,4.2,0.41,89.0,101.6,14.2,2024-05-06,0,1.47,0,25
CAND02382,Sales Representative,Senior,11.7,Bachelor,87.8,78.9,56.3,5.9,4,5.05,3.83,1,4,1.4,2.7,85.9,91.0,6.0,2023-12-23,0,1.8,1,5
CAND02383,Sales Representative,Entry,1.9,Bachelor,58.7,33.6,56.4,8.55,4,7.11,4.3,1,1,4.19,1.46,50.0,56.6,13.3,2024-10-11,1,2.98,1,4
CAND02384,Sales Representative,Mid,3.1,Master,89.1,76.3,63.0,7.61,3,7.22,4.02,1,1,7.4,0.75,80.3,81.9,2.0,2024-08-23,0,2.26,0,29
CAND02385,Operations Manager,Entry,1.2,Bachelor,75.3,71.5,34.9,5.04,4,7.84,4.13,1,1,8.19,1.0,35.2,39.7,12.9,2024-08-09,0,2.08,0,9
CAND02386,Product Manager,Mid,3.2,PhD,66.3,59.0,74.4,2.84,5,7.05,4.16,1,1,4.3,0.56,38.4,36.5,-4.9,2024-10-16,0,1.55,1,5
CAND02387,Software Engineer,Entry,1.6,Master,52.5,48.4,96.6,7.99,5,6.04,4.52,1,1,3.53,1.91,40.1,39.4,-1.6,2024-05-05,0,2.11,1,9
CAND02388,Customer Support,Entry,0.1,Bachelor,84.5,54.5,56.0,6.26,3,6.27,4.74,1,1,2.8,1.65,58.0,61.0,5.1,2024-03-30,0,2.75,0,13
CAND02389,Customer Support,Senior,8.5,Bachelor,89.3,88.4,45.5,5.57,4,7.76,4.59,0,3,7.69,1.05,33.6,34.8,3.6,2023-12-28,0,1.3,0,5
CAND02390,Operations Manager,Mid,3.3,PhD,63.5,76.5,58.5,9.44,3,8.6,4.55,1,1,3.79,1.26,39.6,37.8,-4.7,2024-09-15,0,1.97,1,9
CAND02391,Software Engineer,Senior,9.0,PhD,60.2,71.9,70.6,7.1,5,7.09,4.32,1,3,5.56,0.67,56.5,53.9,-4.6,2024-08-09,1,4.22,1,3
CAND02392,Product Manager,Entry,0.2,Bachelor,83.3,54.0,55.6,9.25,3,7.16,4.38,1,1,2.13,1.81,33.7,35.4,5.1,2024-03-04,1,3.27,1,9
CAND02393,Data Scientist,Entry,1.6,Bachelor,55.1,95.4,70.0,6.85,3,5.3,4.77,1,1,1.22,0.38,49.2,50.4,2.4,2024-07-10,0,1.55,0,30
CAND02394,Operations Manager,Mid,5.0,PhD,91.9,74.1,80.4,8.08,5,7.14,4.77,1,2,4.6,1.09,93.8,104.9,11.9,2024-01-16,1,2.67,1,7
CAND02395,Marketing Specialist,Entry,0.6,Master,72.8,74.6,66.3,8.56,4,6.87,4.74,1,1,6.08,2.6,68.7,69.4,1.0,2024-07-29,1,3.16,1,2
CAND02396,Marketing Specialist,Senior,11.9,Bachelor,96.3,49.8,51.6,7.35,3,7.55,3.99,1,4,1.02,0.3,51.2,49.7,-2.9,2024-09-12,1,3.07,1,12
CAND02397,Marketing Specialist,Senior,11.0,Master,90.1,68.5,83.1,5.19,3,5.82,4.51,1,4,1.43,0.59,56.7,58.7,3.5,2024-09-18,1,1.89,1,9
CAND02398,Sales Representative,Senior,9.0,Bachelor,94.5,82.2,50.5,4.6,5,7.0,4.04,1,3,2.84,1.87,41.4,46.3,11.8,2024-04-10,1,3.83,1,0
CAND02399,Sales Representative,Mid,3.8,PhD,90.6,83.0,50.3,6.69,4,8.24,4.33,1,1,11.96,1.12,58.1,56.2,-3.3,2024-07-18,1,3.75,1,12
CAND02400,Data Scientist,Senior,9.8,Bachelor,98.2,100.0,91.0,5.36,4,8.57,4.04,1,3,0.67,0.79,64.1,67.1,4.5,2024-01-13,0,2.16,1,33
CAND02401,Operations Manager,Mid,4.0,Bachelor,100.0,63.3,74.6,7.14,3,8.02,4.79,1,1,0.71,1.55,72.6,69.5,-4.4,2024-03-29,0,1.91,0,12
CAND02402,Product Manager,Entry,0.9,Master,59.5,48.5,74.6,6.83,3,9.05,4.34,1,1,2.9,0.3,49.8,49.1,-1.5,2023-12-31,0,2.29,1,6
CAND02403,Operations Manager,Entry,0.2,Master,68.5,62.5,84.8,6.92,3,8.06,4.58,1,1,2.74,0.92,67.6,71.7,6.1,2024-04-23,1,3.88,1,2
CAND02404,Marketing Specialist,Lead,15.4,Bachelor,90.9,41.1,44.9,6.06,3,6.98,4.94,1,6,5.95,0.77,56.5,62.1,10.0,2024-03-18,0,2.81,1,12
CAND02405,Sales Representative,Entry,0.6,Bachelor,76.8,57.3,59.7,6.67,5,6.02,3.46,1,1,4.61,0.41,48.0,53.5,11.4,2024-05-08,1,3.17,1,10
CAND02406,Customer Support,Mid,4.1,Master,54.8,40.2,85.7,6.6,3,6.51,3.34,1,1,1.58,0.16,87.8,95.7,8.9,2024-05-20,0,1.29,0,3
CAND02407,Product Manager,Entry,0.5,Bachelor,46.5,52.9,63.4,7.35,3,8.46,3.83,1,1,3.63,1.79,68.7,69.1,0.7,2023-11-19,0,1.59,0,17
CAND02408,Software Engineer,Entry,1.6,Bachelor,93.1,75.0,54.5,8.88,4,6.91,3.91,1,1,3.6,3.91,53.7,59.3,10.4,2024-08-30,1,3.63,0,14
CAND02409,Data Scientist,Senior,11.6,Master,95.7,84.8,67.3,5.04,4,6.28,4.61,1,4,3.0,0.78,35.7,40.9,14.7,2024-03-18,1,3.71,1,0
CAND02410,UX Designer,Senior,8.1,Master,89.9,73.3,63.5,5.57,3,7.74,3.16,1,3,3.79,0.66,94.5,100.3,6.2,2024-05-16,0,1.31,1,12
CAND02411,Sales Representative,Entry,0.6,Bachelor,45.3,96.0,87.2,5.07,4,6.61,3.94,1,1,2.69,0.95,51.2,52.9,3.2,2024-01-03,0,1.28,0,4
CAND02412,Product Manager,Mid,5.7,Master,93.0,84.0,55.0,7.86,5,7.56,4.21,1,2,2.59,2.07,71.4,81.1,13.6,2023-12-30,0,2.47,1,12
CAND02413,Product Manager,Entry,2.0,Master,80.1,60.8,83.1,3.94,5,6.78,4.22,1,1,3.08,2.65,81.9,82.2,0.4,2024-01-29,1,4.57,1,2
CAND02414,Sales Representative,Mid,5.0,PhD,86.6,68.5,68.7,8.9,3,6.7,4.63,1,2,1.75,0.62,43.3,48.2,11.3,2024-04-11,1,4.39,1,7
CAND02415,Operations Manager,Mid,4.7,Bachelor,87.2,56.9,83.7,6.63,3,8.1,4.07,1,1,3.84,3.38,50.0,51.3,2.6,2024-01-10,0,2.55,0,7
CAND02416,Operations Manager,Entry,0.3,Master,72.6,58.7,57.3,6.15,4,6.97,4.39,1,1,1.93,1.75,57.4,61.5,7.2,2024-06-18,0,3.36,0,23
CAND02417,Software Engineer,Mid,4.4,Master,80.6,77.1,78.0,5.48,5,6.74,3.83,1,1,3.88,2.09,55.0,54.7,-0.6,2024-04-02,0,1.71,1,22
CAND02418,Sales Representative,Entry,1.6,Bachelor,90.7,36.0,41.1,6.3,3,7.97,4.39,1,1,10.94,0.99,70.1,70.5,0.6,2024-05-24,1,3.68,1,3
CAND02419,UX Designer,Mid,4.0,Bachelor,83.0,66.5,63.8,5.26,5,6.88,4.4,0,1,1.13,1.52,67.8,77.1,13.8,2024-07-17,0,1.9,1,15
CAND02420,Product Manager,Mid,3.4,Bachelor,78.5,91.6,94.0,5.76,5,6.93,4.13,1,1,2.38,1.99,51.7,53.0,2.5,2024-11-05,0,1.26,1,14
CAND02421,UX Designer,Entry,1.3,Bachelor,83.5,41.7,64.2,7.96,3,7.69,4.79,1,1,3.74,1.52,52.5,53.3,1.5,2024-10-18,1,3.04,0,6
CAND02422,Operations Manager,Entry,1.8,Bachelor,73.5,92.9,71.6,8.36,5,6.36,4.55,1,1,2.3,0.92,55.4,61.9,11.7,2024-02-23,0,3.78,1,6
CAND02423,Software Engineer,Mid,4.1,Associate,100.0,37.3,60.3,5.65,4,6.88,4.82,1,1,0.59,0.26,33.5,37.2,11.3,2024-02-10,0,2.84,0,17
CAND02424,UX Designer,Entry,0.4,Master,76.9,64.8,56.3,7.63,4,6.48,3.19,1,1,0.89,0.35,32.7,36.1,10.4,2023-11-17,0,3.62,1,13
CAND02425,Data Scientist,Mid,5.6,Bachelor,73.1,69.5,88.5,9.26,4,7.37,4.03,1,2,6.13,1.44,50.9,54.6,7.2,2024-02-28,1,4.4,1,4
CAND02426,Sales Representative,Lead,14.1,Bachelor,99.6,49.5,70.2,5.14,3,7.05,4.51,1,5,2.43,2.78,80.8,88.2,9.1,2024-01-27,0,2.68,1,11
CAND02427,Software Engineer,Senior,10.6,Master,80.9,74.9,86.7,6.06,5,6.51,4.73,1,4,0.92,5.17,51.4,55.1,7.3,2024-04-13,1,4.15,0,21
CAND02428,Sales Representative,Entry,0.4,Master,79.9,68.0,73.7,2.39,3,6.17,4.3,1,1,2.46,0.92,57.6,65.0,12.8,2024-05-08,0,3.41,1,6
CAND02429,Customer Support,Entry,0.0,Bachelor,63.5,42.4,65.5,7.91,3,7.77,4.94,1,1,1.63,0.62,44.0,44.1,0.1,2023-12-12,0,2.1,0,15
CAND02430,Data Scientist,Mid,5.7,Master,100.0,47.2,89.2,6.5,3,7.92,3.95,1,2,4.32,1.57,74.7,79.4,6.3,2024-03-07,0,2.56,0,5
CAND02431,Customer Support,Mid,4.8,Bachelor,60.6,73.3,58.8,4.98,3,6.34,4.29,1,1,1.38,3.27,60.2,64.8,7.6,2023-11-13,0,1.67,1,9
CAND02432,Operations Manager,Entry,1.6,Master,93.7,70.9,86.9,8.24,5,7.09,4.3,0,1,1.17,0.53,72.3,68.7,-4.9,2024-01-14,0,2.16,0,6
CAND02433,Software Engineer,Senior,7.6,Bachelor,93.4,57.8,49.3,6.36,4,6.77,4.6,1,3,1.44,0.27,40.6,42.4,4.6,2024-03-15,0,2.83,0,6
CAND02434,Product Manager,Mid,4.2,Associate,77.0,51.3,48.8,7.62,5,7.75,4.35,1,1,3.87,2.17,115.7,127.5,10.2,2024-04-14,1,3.81,1,15
CAND02435,Product Manager,Senior,8.7,Bachelor,67.3,85.4,51.6,6.18,4,6.91,3.9,1,3,3.57,1.08,54.6,57.5,5.2,2023-12-23,1,3.64,1,1
CAND02436,Operations Manager,Mid,3.3,Bachelor,65.1,44.2,86.9,3.95,5,6.64,4.19,1,1,2.08,1.21,43.5,48.5,11.4,2023-12-19,1,3.94,1,5
CAND02437,Software Engineer,Mid,3.3,Bachelor,94.3,51.9,79.3,5.76,5,7.56,4.0,1,1,3.98,1.71,42.2,45.5,7.8,2024-10-02,0,2.71,1,10
CAND02438,UX Designer,Mid,5.5,Master,100.0,70.7,55.2,5.22,5,6.96,4.51,1,2,2.12,1.92,47.9,49.8,3.8,2024-05-21,1,4.43,1,7
CAND02439,Software Engineer,Entry,2.0,Master,72.8,73.7,80.3,7.12,4,6.74,4.54,1,1,8.92,0.34,47.0,51.5,9.5,2024-04-03,0,2.09,0,15
CAND02440,Customer Support,Senior,11.2,Bachelor,75.7,81.3,90.4,4.19,5,7.09,4.22,1,4,0.59,1.82,85.0,80.8,-5.0,2023-12-30,0,1.93,1,15
CAND02441,Sales Representative,Mid,3.1,Bachelor,100.0,60.2,82.5,6.64,5,7.14,4.34,1,1,2.93,4.39,49.8,51.6,3.6,2024-09-27,0,2.61,1,15
CAND02442,Marketing Specialist,Senior,10.7,Bachelor,100.0,64.5,79.0,6.85,5,6.84,4.29,1,4,1.32,2.7,56.9,64.5,13.2,2024-10-10,0,2.68,1,25
CAND02443,Marketing Specialist,Senior,8.2,Master,100.0,76.6,70.4,5.94,3,8.0,3.72,1,3,3.35,0.79,51.8,50.9,-1.8,2024-09-12,1,4.56,1,13
CAND02444,UX Designer,Mid,6.0,PhD,75.8,93.0,65.5,6.51,4,6.3,4.1,1,2,3.36,0.7,68.9,70.5,2.4,2024-03-14,0,1.8,1,32
CAND02445,Software Engineer,Mid,5.5,PhD,76.0,57.6,77.1,5.94,4,7.57,3.77,1,2,2.05,0.74,61.5,65.7,6.7,2024-05-04,0,1.34,0,13
CAND02446,Product Manager,Mid,5.8,Bachelor,100.0,85.1,67.6,8.48,5,7.26,4.0,1,2,1.09,9.76,45.0,45.1,0.2,2024-01-26,0,1.67,1,17
CAND02447,Data Scientist,Lead,18.2,Bachelor,86.2,95.3,79.9,6.66,5,7.07,4.75,1,7,4.07,0.76,42.8,46.5,8.7,2023-11-10,0,2.09,0,19
CAND02448,Sales Representative,Entry,1.3,Master,94.4,74.2,87.4,7.73,3,6.21,4.5,1,1,2.45,1.56,55.2,54.3,-1.7,2024-05-20,0,2.37,0,15
CAND02449,Sales Representative,Mid,5.2,Bachelor,86.3,61.3,74.5,4.31,5,6.15,4.44,1,2,2.6,0.71,34.8,39.3,13.2,2024-09-10,0,2.27,0,24
CAND02450,Operations Manager,Entry,0.5,Bachelor,87.0,73.2,92.4,8.95,5,7.09,4.95,1,1,6.93,1.04,44.9,48.6,8.2,2024-01-15,0,2.58,0,17
CAND02451,Sales Representative,Entry,0.1,Bachelor,73.1,44.8,54.5,7.39,5,6.46,2.99,0,1,6.77,0.56,56.6,59.7,5.3,2024-07-15,0,1.93,1,15
CAND02452,Marketing Specialist,Mid,5.9,Master,93.7,54.1,63.1,6.68,4,6.57,2.7,1,2,2.36,0.88,47.2,46.5,-1.4,2024-06-24,1,3.2,1,5
CAND02453,UX Designer,Lead,13.7,Master,88.9,89.4,49.2,5.81,4,7.29,4.06,1,5,1.52,1.72,38.6,39.6,2.7,2024-10-11,0,2.23,1,12
CAND02454,Data Scientist,Mid,5.1,Master,94.6,59.3,47.7,8.29,4,7.25,3.58,1,2,0.59,3.49,46.9,52.9,12.8,2024-05-15,0,2.84,0,11
CAND02455,Operations Manager,Entry,1.1,Master,82.6,55.7,90.2,7.8,4,8.02,4.68,1,1,1.71,0.86,79.1,79.2,0.1,2024-02-25,0,2.86,0,20
CAND02456,Data Scientist,Senior,10.9,Associate,100.0,100.0,73.0,7.06,4,6.84,4.16,1,4,0.61,0.88,56.9,57.6,1.2,2023-11-10,0,1.97,1,16
CAND02457,Customer Support,Mid,3.4,Bachelor,79.8,96.6,77.2,7.25,4,6.14,4.47,1,1,0.25,2.61,66.6,70.4,5.7,2023-12-26,0,1.85,1,17
CAND02458,Marketing Specialist,Mid,3.2,Bachelor,90.6,62.3,83.5,8.54,5,7.26,3.57,1,1,6.16,2.02,46.4,52.3,12.7,2023-11-19,0,2.09,0,15
CAND02459,Data Scientist,Senior,11.0,Master,88.6,78.3,16.3,6.16,3,7.29,3.95,1,4,8.95,2.14,44.7,47.0,5.2,2024-03-18,0,1.18,0,18
CAND02460,Data Scientist,Mid,5.6,Bachelor,77.9,54.6,50.3,7.29,3,6.72,4.76,1,2,1.56,0.74,74.6,82.8,11.1,2024-04-21,0,3.23,0,6
CAND02461,Product Manager,Entry,1.0,Master,68.2,51.5,45.2,6.18,4,8.41,3.14,1,1,2.46,4.11,92.8,88.6,-4.5,2024-09-29,1,2.47,1,10
CAND02462,Data Scientist,Senior,10.9,Master,100.0,90.4,81.2,4.41,3,7.52,3.76,0,4,1.75,1.65,47.8,46.9,-1.9,2024-06-19,1,4.13,1,3
CAND02463,Data Scientist,Mid,5.8,PhD,84.6,66.1,55.5,4.5,5,7.51,4.48,1,2,5.54,0.36,45.9,43.7,-4.8,2024-08-24,1,4.23,1,15
CAND02464,Operations Manager,Entry,0.8,Master,74.3,35.2,84.2,8.48,3,7.58,2.21,1,1,4.43,1.28,66.0,74.2,12.5,2024-07-26,0,2.21,1,21
CAND02465,Software Engineer,Lead,15.3,Master,94.3,98.1,65.7,6.05,4,7.78,4.31,1,6,0.54,1.78,49.7,48.8,-2.0,2024-04-08,1,3.5,1,4
CAND02466,Product Manager,Entry,1.5,PhD,95.4,69.3,68.8,7.07,4,6.5,4.5,1,1,4.21,1.88,33.4,32.1,-3.9,2024-05-14,0,1.52,0,11
CAND02467,UX Designer,Mid,4.9,Bachelor,83.0,93.8,50.2,6.37,4,5.84,3.54,1,1,0.73,1.43,86.9,92.4,6.3,2023-12-13,0,2.3,0,32
CAND02468,Software Engineer,Senior,8.1,Master,95.9,60.5,59.0,7.27,4,6.78,3.38,1,3,3.02,1.2,98.2,102.7,4.5,2024-08-03,1,4.11,1,3
CAND02469,Data Scientist,Mid,4.4,Master,51.1,53.3,70.9,6.05,3,7.2,2.57,1,1,3.94,0.41,72.0,74.1,2.8,2024-07-12,0,1.65,0,18
CAND02470,Marketing Specialist,Entry,0.2,Bachelor,83.5,71.9,55.0,9.04,4,6.43,4.68,0,1,0.15,1.3,59.7,57.9,-3.0,2024-01-16,0,1.9,0,8
CAND02471,Marketing Specialist,Senior,10.9,Bachelor,94.1,89.5,61.6,7.17,5,7.04,2.86,1,4,3.76,0.5,50.4,51.9,2.9,2023-12-13,1,3.26,1,2
CAND02472,Marketing Specialist,Entry,0.1,Bachelor,63.5,71.2,62.3,7.63,4,7.04,4.28,1,1,2.24,3.06,65.9,74.7,13.2,2024-01-09,0,1.67,1,12
CAND02473,Operations Manager,Entry,0.4,Master,70.8,60.5,29.8,5.89,4,9.04,4.52,1,1,3.83,2.27,17.2,18.2,5.3,2024-06-05,0,2.18,0,10
CAND02474,Product Manager,Entry,1.4,Bachelor,48.0,57.7,78.4,6.53,4,7.58,4.37,1,1,0.79,1.21,49.9,50.6,1.4,2024-08-12,0,1.52,0,14
CAND02475,Customer Support,Mid,4.0,Bachelor,64.1,70.8,39.5,7.05,3,6.27,4.56,1,1,2.15,0.79,79.2,90.7,14.6,2024-03-05,1,2.73,1,5
CAND02476,Marketing Specialist,Entry,1.8,Bachelor,67.0,84.3,17.8,5.02,4,7.18,4.19,1,1,1.3,1.07,48.9,56.0,14.5,2024-10-14,1,3.19,1,5
CAND02477,Product Manager,Entry,0.0,Bachelor,80.5,57.2,67.1,8.15,4,7.31,4.23,1,1,2.06,0.67,59.6,57.1,-4.2,2024-06-15,0,2.98,0,15
CAND02478,Operations Manager,Entry,1.7,Associate,72.5,60.0,53.8,7.72,3,6.81,4.36,1,1,3.57,1.16,75.9,85.8,13.0,2023-12-27,0,1.95,0,14
CAND02479,Product Manager,Mid,5.5,Associate,74.3,54.3,85.5,5.76,5,5.93,4.23,1,2,5.03,2.77,55.5,53.0,-4.6,2024-02-07,0,2.02,0,15
CAND02480,Customer Support,Entry,1.9,Bachelor,77.4,80.3,54.8,5.24,3,8.28,4.78,1,1,5.22,4.29,60.5,64.9,7.4,2024-08-10,0,1.31,1,14
CAND02481,Product Manager,Entry,1.1,Bachelor,66.2,43.9,65.8,6.64,3,6.36,3.7,1,1,5.66,1.69,26.5,25.6,-3.4,2024-07-09,1,3.78,1,12
CAND02482,Data Scientist,Entry,1.3,Master,67.4,57.6,50.1,5.59,3,7.05,3.68,1,1,1.51,0.38,69.8,80.1,14.7,2024-05-29,0,2.08,0,13
CAND02483,Product Manager,Mid,5.5,Master,75.8,79.0,72.8,6.18,4,7.54,3.49,1,2,7.64,0.85,74.9,83.6,11.6,2024-06-27,0,1.28,1,16
CAND02484,Marketing Specialist,Mid,5.6,Bachelor,54.8,88.1,76.3,3.7,3,6.65,4.53,1,2,5.36,1.23,48.1,49.1,2.0,2024-07-25,0,1.99,1,25
CAND02485,Software Engineer,Entry,1.7,Bachelor,57.1,47.8,80.6,5.66,5,7.22,4.74,1,1,0.81,0.44,48.1,53.6,11.5,2024-05-29,0,3.18,1,6
CAND02486,Marketing Specialist,Entry,1.5,PhD,99.8,62.3,72.7,5.42,3,5.95,4.23,1,1,6.67,0.36,47.1,46.6,-1.0,2024-05-01,0,2.56,1,8
CAND02487,Operations Manager,Mid,4.9,Master,63.0,96.2,88.3,9.44,5,7.29,4.31,1,1,2.36,1.87,64.8,63.8,-1.5,2024-08-16,0,2.02,1,12
CAND02488,Customer Support,Senior,9.5,Master,100.0,80.3,50.3,7.81,3,7.3,3.38,1,3,1.6,1.3,56.0,58.6,4.6,2024-10-26,0,2.86,0,14
CAND02489,UX Designer,Mid,4.6,Master,70.1,65.4,68.0,6.9,4,5.82,3.4,1,1,3.28,0.46,60.3,61.9,2.6,2024-08-25,1,4.3,1,4
CAND02490,Operations Manager,Senior,10.0,Bachelor,76.9,69.2,79.1,7.21,4,6.52,4.33,1,3,0.19,0.43,42.9,41.2,-4.0,2024-08-20,0,1.44,1,23
CAND02491,Software Engineer,Entry,1.3,Bachelor,71.8,67.3,86.7,5.86,5,6.28,3.83,1,1,0.74,0.86,19.9,20.6,3.5,2024-02-02,1,4.0,0,5
CAND02492,Marketing Specialist,Mid,3.9,Bachelor,46.2,46.9,81.4,5.84,5,7.74,4.33,1,1,3.7,0.69,72.3,75.9,5.1,2023-11-12,0,2.03,0,6
CAND02493,Customer Support,Senior,11.4,Bachelor,100.0,100.0,58.3,6.65,4,7.6,4.34,1,4,3.15,1.97,44.7,49.0,9.8,2024-06-12,0,2.24,0,24
CAND02494,Product Manager,Mid,5.2,Bachelor,96.8,79.0,59.6,5.88,5,6.2,3.22,1,2,2.35,2.41,94.9,107.3,13.1,2024-03-26,0,2.9,1,17
CAND02495,Marketing Specialist,Mid,3.1,Bachelor,60.3,59.9,71.0,6.41,5,6.2,4.6,1,1,1.33,1.31,65.0,66.5,2.3,2024-09-11,0,1.79,0,20
CAND02496,Operations Manager,Entry,0.7,Associate,58.1,52.9,57.9,6.46,3,7.4,4.01,1,1,0.42,2.33,28.1,30.2,7.3,2024-08-28,0,2.23,1,12
CAND02497,Data Scientist,Mid,3.3,Bachelor,87.5,61.9,92.6,5.31,4,6.77,2.83,1,1,1.75,0.57,42.9,40.8,-4.7,2024-10-26,1,2.69,1,6
CAND02498,UX Designer,Entry,1.7,Bachelor,61.7,62.7,65.1,4.21,5,6.74,4.57,1,1,1.36,3.01,42.7,44.7,4.8,2024-07-18,0,2.53,0,8
CAND02499,Operations Manager,Entry,2.0,Bachelor,90.4,85.8,50.1,6.36,4,7.55,3.96,1,1,4.63,0.55,67.2,75.0,11.6,2024-09-21,0,1.64,1,8
CAND02500,Marketing Specialist,Senior,11.8,Bachelor,58.0,88.3,74.5,5.5,3,7.15,4.74,1,4,2.25,1.02,51.6,49.0,-5.0,2024-01-01,0,1.59,0,19
CAND02501,Sales Representative,Mid,5.2,Master,90.0,36.3,77.0,5.45,5,7.47,4.09,0,2,0.89,1.71,48.1,49.9,3.7,2024-02-12,1,3.96,0,6
CAND02502,Sales Representative,Mid,3.8,Master,97.2,42.6,47.7,5.82,4,7.76,3.72,1,1,1.12,0.39,47.4,46.6,-1.6,2024-07-30,1,3.58,1,2
CAND02503,Software Engineer,Senior,7.2,PhD,70.0,61.3,88.5,7.46,3,6.99,4.54,0,2,1.9,0.89,105.2,105.8,0.5,2024-02-06,0,2.09,0,13
CAND02504,Operations Manager,Entry,0.3,Master,52.6,55.1,62.3,9.38,5,6.22,4.24,1,1,9.83,3.07,47.3,45.0,-5.0,2023-11-30,1,3.22,1,8
CAND02505,Data Scientist,Senior,9.0,Bachelor,89.7,82.0,66.9,6.2,5,7.26,4.88,1,3,0.71,3.0,61.4,67.0,9.2,2024-04-20,0,1.91,0,16
CAND02506,Sales Representative,Mid,3.7,Associate,70.3,58.8,44.8,8.24,4,7.5,4.41,1,1,1.33,1.83,118.2,131.5,11.2,2024-05-29,1,2.53,1,5
CAND02507,Software Engineer,Mid,5.9,Master,85.1,46.3,55.8,4.43,5,6.58,3.81,1,2,1.41,1.34,40.9,45.4,11.2,2024-05-07,0,2.57,0,8
CAND02508,UX Designer,Senior,8.4,Master,100.0,89.2,72.5,8.62,3,8.08,3.39,1,3,6.17,3.27,44.9,45.9,2.2,2024-04-03,1,3.15,1,6
CAND02509,Marketing Specialist,Mid,5.3,Master,68.2,58.5,70.5,7.51,4,7.42,4.63,1,2,1.64,0.67,32.0,32.1,0.1,2024-05-01,1,2.25,0,8
CAND02510,Software Engineer,Senior,9.8,Master,90.4,94.9,80.6,6.41,4,6.96,3.5,1,3,1.16,1.37,33.9,33.3,-2.0,2024-05-15,0,2.21,1,11
CAND02511,Marketing Specialist,Entry,1.8,Bachelor,92.1,52.9,61.5,6.95,4,6.45,4.5,1,1,3.94,1.24,68.5,75.7,10.5,2024-03-24,0,1.79,0,5
CAND02512,Data Scientist,Senior,8.4,PhD,98.9,84.3,86.0,4.59,3,7.3,3.98,1,3,0.3,2.3,55.6,62.4,12.4,2024-03-25,0,2.14,1,12
CAND02513,UX Designer,Mid,3.1,Master,90.1,83.9,62.2,5.86,4,6.62,4.54,1,1,2.06,1.2,55.0,63.1,14.8,2024-06-13,0,1.36,0,10
CAND02514,Product Manager,Senior,7.8,Bachelor,70.3,94.1,68.4,6.06,5,7.26,3.35,0,3,1.92,2.38,52.7,57.4,9.0,2024-04-04,0,1.98,0,4
CAND02515,UX Designer,Mid,4.3,Master,95.4,87.6,43.1,6.46,3,7.1,3.83,1,1,3.74,1.99,56.8,59.1,4.2,2024-01-12,0,3.28,1,13
CAND02516,Data Scientist,Mid,4.0,Master,79.8,89.3,64.1,9.25,3,8.39,4.36,1,1,7.87,2.2,65.7,73.0,11.2,2024-07-24,1,2.56,1,3
CAND02517,Customer Support,Senior,7.9,Bachelor,47.0,98.1,72.7,3.61,4,7.01,4.35,1,3,4.88,2.34,73.6,80.6,9.4,2024-02-13,1,4.27,1,3
CAND02518,Marketing Specialist,Entry,0.6,Master,76.2,41.1,54.8,8.52,3,7.02,4.61,1,1,1.55,4.25,39.2,39.8,1.5,2024-01-10,0,2.07,1,29
CAND02519,UX Designer,Senior,7.5,Bachelor,85.6,57.5,85.8,7.44,3,6.53,4.41,1,3,4.08,0.11,68.7,66.1,-3.7,2024-11-04,0,2.17,1,30
CAND02520,UX Designer,Lead,16.0,Bachelor,100.0,95.7,67.0,7.68,5,7.02,4.82,1,6,2.87,3.55,100.6,102.4,1.8,2024-06-21,0,1.08,0,16
CAND02521,UX Designer,Lead,13.1,Bachelor,100.0,60.7,67.0,7.09,3,8.59,4.19,1,5,0.34,0.49,53.5,59.2,10.6,2024-01-28,0,2.07,1,15
CAND02522,Operations Manager,Entry,0.4,Master,74.6,94.5,77.8,6.02,5,6.41,4.85,1,1,1.7,0.36,48.7,52.1,7.1,2024-01-22,0,1.97,0,24
CAND02523,Product Manager,Lead,16.3,Master,88.2,100.0,63.8,7.89,3,6.83,4.56,1,6,0.53,1.8,53.8,51.8,-3.7,2024-08-04,0,2.33,0,18
CAND02524,UX Designer,Mid,4.8,Bachelor,79.1,69.2,34.3,8.26,4,6.92,4.35,1,1,3.45,2.3,32.8,36.9,12.6,2024-01-29,0,2.2,1,9
CAND02525,Operations Manager,Senior,11.1,PhD,97.3,95.6,72.2,7.75,3,7.63,3.72,1,4,3.78,1.43,45.4,47.5,4.5,2024-06-06,0,1.92,1,24
CAND02526,Customer Support,Entry,0.4,Master,66.4,83.3,57.4,6.57,4,6.87,3.69,1,1,6.9,0.2,48.5,54.5,12.4,2024-01-26,1,3.62,1,2
CAND02527,Operations Manager,Entry,0.8,Master,45.1,45.5,74.5,8.81,3,7.41,4.22,1,1,0.57,0.39,65.1,62.9,-3.3,2024-10-25,0,2.77,0,19
CAND02528,Software Engineer,Mid,5.1,Bachelor,92.2,66.5,65.4,6.02,3,7.38,4.25,1,2,1.52,1.99,26.3,25.9,-1.4,2024-06-26,1,3.25,1,4
CAND02529,Customer Support,Mid,3.5,Bachelor,61.4,32.9,40.8,2.84,5,6.73,3.37,0,1,3.18,0.2,45.3,50.5,11.5,2023-12-18,1,3.72,1,1
CAND02530,Operations Manager,Mid,4.1,PhD,79.9,71.3,64.4,6.89,3,6.42,4.53,1,1,6.71,1.69,61.3,60.6,-1.1,2023-12-09,0,1.61,0,12
CAND02531,Customer Support,Mid,5.6,Master,85.0,83.5,84.7,9.15,4,7.55,4.44,1,2,0.87,0.96,56.2,63.8,13.4,2024-08-08,0,2.23,0,15
CAND02532,Operations Manager,Mid,5.9,Bachelor,76.3,93.5,50.8,5.87,5,6.36,3.61,1,2,0.64,2.52,50.2,52.7,4.9,2023-12-13,0,2.79,1,26
CAND02533,Sales Representative,Mid,3.1,Associate,75.6,65.2,78.7,5.35,3,5.9,4.34,1,1,0.72,1.87,43.8,49.4,12.7,2024-09-07,0,2.45,1,10
CAND02534,Customer Support,Entry,1.2,Associate,100.0,42.4,52.9,6.3,4,5.85,4.47,1,1,2.65,1.55,50.2,47.8,-4.8,2024-10-04,0,2.15,1,10
CAND02535,Marketing Specialist,Mid,4.3,Master,49.5,63.7,63.4,5.75,5,6.88,4.07,1,1,9.87,0.76,47.6,52.1,9.5,2024-03-06,0,2.39,1,16
CAND02536,UX Designer,Mid,5.6,Bachelor,82.4,49.6,71.9,4.99,4,5.1,4.02,1,2,3.83,0.7,34.3,34.4,0.3,2023-12-22,0,1.6,1,9
CAND02537,Operations Manager,Mid,5.8,PhD,100.0,53.1,75.4,3.36,5,7.03,4.65,1,2,7.01,1.91,49.8,49.7,-0.4,2024-09-07,0,2.8,0,30
CAND02538,Marketing Specialist,Senior,7.9,Master,78.8,58.5,88.3,6.16,5,6.38,4.12,1,3,8.84,1.67,58.1,56.3,-3.2,2024-01-18,1,3.2,1,5
CAND02539,Software Engineer,Entry,0.2,Bachelor,86.2,77.0,77.1,8.69,4,6.92,3.48,1,1,4.95,1.39,140.1,154.9,10.5,2024-08-16,0,2.85,0,8
CAND02540,Software Engineer,Entry,0.4,Master,59.7,67.0,66.0,7.82,3,7.43,3.43,1,1,1.46,0.92,37.1,35.5,-4.5,2024-05-28,0,1.75,0,13
CAND02541,Operations Manager,Senior,7.1,Bachelor,91.6,75.4,59.2,4.54,5,7.9,3.69,1,2,4.59,1.57,61.9,70.2,13.5,2024-08-30,0,1.89,0,17
CAND02542,Marketing Specialist,Senior,7.5,Bachelor,83.5,67.1,77.9,5.29,3,7.36,3.5,1,2,0.64,0.28,81.4,88.0,8.1,2024-10-11,0,1.12,0,4
CAND02543,Customer Support,Senior,11.4,PhD,100.0,82.3,69.4,8.29,4,6.31,3.98,1,4,2.01,0.34,40.7,45.5,11.7,2024-04-07,1,3.41,1,5
CAND02544,Marketing Specialist,Senior,9.2,Bachelor,97.9,83.2,80.5,8.12,3,8.75,4.03,1,3,4.67,0.63,52.2,58.6,12.2,2024-06-12,0,4.05,1,12
CAND02545,Customer Support,Entry,1.4,Master,81.4,76.8,45.0,6.46,5,6.71,4.4,1,1,1.78,0.56,58.7,58.0,-1.2,2023-12-16,1,3.47,1,3
CAND02546,Data Scientist,Senior,8.5,Master,99.3,76.7,80.9,6.45,5,7.92,4.19,1,3,1.94,1.06,93.4,105.2,12.6,2024-07-31,1,3.81,1,6
CAND02547,Product Manager,Mid,4.5,Master,98.7,74.8,44.9,5.3,3,5.78,3.42,1,1,3.2,2.51,30.4,31.2,2.5,2024-01-06,0,2.78,0,15
CAND02548,Product Manager,Entry,0.8,Bachelor,60.0,31.6,88.1,2.37,5,6.54,2.82,1,1,3.58,1.23,46.6,52.6,13.0,2024-05-26,0,1.3,0,4
CAND02549,Marketing Specialist,Mid,4.4,PhD,100.0,77.5,83.5,7.93,5,6.96,4.18,1,1,1.38,0.55,65.8,70.2,6.7,2024-06-06,1,3.7,1,5
CAND02550,Customer Support,Entry,2.0,Bachelor,86.5,51.8,64.0,2.55,5,5.93,3.77,1,1,2.11,0.83,50.4,55.3,9.6,2023-11-16,1,4.85,1,3
CAND02551,Marketing Specialist,Entry,0.4,Bachelor,86.9,58.5,68.8,6.67,3,7.27,4.74,1,1,1.91,0.46,73.6,83.4,13.4,2024-02-08,0,1.38,0,11
CAND02552,Marketing Specialist,Mid,4.9,Master,47.1,61.1,79.0,6.93,3,7.12,4.56,1,1,1.95,0.8,32.2,36.1,12.1,2024-11-01,1,3.36,1,3
CAND02553,Product Manager,Mid,3.4,Bachelor,94.3,35.0,75.2,8.17,5,6.91,4.46,1,1,1.12,0.93,54.6,57.3,4.9,2024-06-16,1,3.79,1,4
CAND02554,Marketing Specialist,Lead,13.2,Master,100.0,71.9,54.0,6.69,4,6.83,4.05,1,5,2.39,0.42,33.2,34.4,3.7,2024-04-11,1,3.1,1,11
CAND02555,Marketing Specialist,Mid,5.6,Associate,72.6,73.0,71.9,8.65,3,6.14,3.89,1,2,0.26,3.04,56.5,62.4,10.4,2024-09-16,1,2.55,1,3
CAND02556,Sales Representative,Entry,0.9,Bachelor,25.3,51.9,70.1,6.69,3,7.07,4.24,1,1,4.58,1.92,56.2,60.8,8.3,2024-02-24,0,1.66,0,6
CAND02557,Sales Representative,Senior,10.4,Bachelor,99.2,90.2,49.9,7.87,3,5.94,4.66,1,4,4.34,0.06,56.1,64.0,14.2,2024-01-26,1,3.59,1,2
CAND02558,Data Scientist,Entry,1.8,Bachelor,89.6,41.2,69.1,6.48,4,7.73,4.56,1,1,3.58,1.35,61.0,60.2,-1.3,2024-03-17,1,4.03,1,3
CAND02559,Data Scientist,Mid,4.1,PhD,100.0,42.1,78.8,9.11,3,6.31,3.75,1,1,2.17,3.67,73.9,78.9,6.8,2024-09-01,1,3.46,1,3
CAND02560,Software Engineer,Senior,7.2,Master,50.5,100.0,62.5,8.64,4,7.33,3.45,1,2,1.55,0.32,57.2,54.9,-4.0,2024-05-13,0,1.36,0,8
CAND02561,Customer Support,Senior,8.0,Bachelor,72.0,66.4,90.1,4.39,5,7.7,4.04,1,3,2.05,1.95,49.6,49.8,0.4,2024-05-06,1,3.68,1,1
CAND02562,Product Manager,Senior,10.3,Master,100.0,83.4,81.8,7.07,4,7.16,2.97,1,4,5.41,0.24,47.3,47.4,0.2,2024-01-07,0,1.18,0,14
CAND02563,Marketing Specialist,Entry,0.8,Bachelor,74.7,87.5,70.4,6.92,3,5.59,4.63,1,1,2.96,2.03,59.0,60.0,1.7,2023-11-10,1,3.39,1,2
CAND02564,Customer Support,Mid,5.6,Master,85.9,72.5,79.7,2.93,3,6.58,4.45,1,2,1.71,1.32,59.6,66.7,11.9,2024-09-08,1,2.98,1,2
CAND02565,Sales Representative,Mid,4.1,PhD,90.5,89.9,54.8,4.03,3,5.98,4.47,1,1,6.96,0.39,55.7,57.0,2.5,2023-11-18,0,2.17,0,13
CAND02566,Product Manager,Entry,1.3,Master,79.1,70.3,32.2,8.44,5,6.75,4.11,1,1,2.81,2.05,50.4,57.5,14.0,2024-07-14,1,4.16,1,8
CAND02567,Customer Support,Mid,4.6,Bachelor,89.7,58.7,85.3,5.44,3,7.66,4.05,1,1,1.65,2.16,60.1,65.6,9.2,2024-07-23,0,1.67,0,9
CAND02568,Product Manager,Lead,14.8,Master,100.0,84.1,51.1,7.01,3,6.52,4.37,1,5,0.92,3.24,57.9,56.1,-3.1,2024-04-04,0,2.03,0,21
CAND02569,Data Scientist,Mid,3.6,Master,79.5,73.9,84.0,6.55,3,7.02,4.14,1,1,1.19,0.85,60.2,60.6,0.6,2024-10-29,1,3.6,0,2
CAND02570,Operations Manager,Mid,5.5,PhD,73.0,53.1,91.7,8.88,4,6.6,4.21,1,2,0.52,0.51,61.2,62.4,2.0,2024-10-17,0,2.21,1,11
CAND02571,Sales Representative,Mid,4.9,Master,76.6,78.5,82.7,8.16,3,7.51,4.54,1,1,4.1,1.04,91.3,88.5,-3.1,2024-10-22,1,3.2,1,5
CAND02572,Software Engineer,Senior,8.6,Master,100.0,67.9,75.1,5.37,4,7.0,3.9,1,3,0.34,0.61,47.9,54.6,14.0,2024-09-08,0,3.43,1,12
CAND02573,Customer Support,Mid,5.4,Master,85.6,52.3,54.5,8.39,3,7.24,4.46,1,2,2.41,1.28,58.3,61.5,5.4,2024-10-05,0,2.41,0,12
CAND02574,Customer Support,Mid,3.0,Master,73.2,78.9,84.0,4.45,5,7.98,4.46,1,1,0.75,0.41,59.3,63.3,6.7,2024-11-02,0,1.79,1,17
CAND02575,Data Scientist,Entry,1.5,Associate,78.8,68.9,70.4,7.49,3,7.33,3.62,1,1,2.32,1.2,90.9,101.5,11.7,2024-01-04,0,2.18,1,16
CAND02576,Sales Representative,Entry,1.2,Master,72.2,31.8,92.0,7.43,5,7.64,4.65,1,1,2.87,1.1,77.4,77.2,-0.2,2024-07-28,0,2.76,0,11
CAND02577,Product Manager,Entry,1.4,Bachelor,72.8,70.2,83.7,8.85,5,7.47,4.43,1,1,2.23,0.54,61.1,64.4,5.3,2024-05-12,1,2.84,1,7
CAND02578,Software Engineer,Senior,8.3,Master,68.2,92.5,47.0,6.78,3,7.75,4.79,1,3,2.11,1.96,41.8,42.3,1.2,2024-08-25,0,3.0,0,4
CAND02579,Customer Support,Mid,3.4,Master,99.8,55.9,73.7,4.33,5,7.17,3.58,1,1,0.98,6.24,38.9,42.8,9.9,2024-05-13,0,3.37,1,13
CAND02580,Marketing Specialist,Senior,9.5,Master,100.0,100.0,74.0,7.56,3,6.8,4.1,1,3,3.84,0.85,58.4,64.4,10.3,2024-02-25,0,2.09,1,17
CAND02581,Sales Representative,Mid,5.3,Master,67.6,72.1,50.8,5.27,5,7.39,4.69,1,2,2.35,1.24,62.9,63.7,1.3,2024-01-21,0,1.77,0,13
CAND02582,Data Scientist,Senior,9.5,Bachelor,60.0,74.2,88.0,6.58,3,6.68,4.34,1,3,1.71,2.68,79.3,78.1,-1.6,2024-01-16,0,1.38,1,19
CAND02583,Software Engineer,Senior,7.8,Bachelor,97.0,78.2,25.0,7.49,5,5.94,3.77,1,3,4.03,1.76,69.6,70.0,0.6,2024-07-19,0,2.44,1,13
CAND02584,Sales Representative,Entry,0.8,Bachelor,95.8,85.3,64.7,6.18,4,6.77,4.1,1,1,1.79,0.5,42.4,45.1,6.3,2024-08-12,0,2.07,0,13
CAND02585,Software Engineer,Senior,9.6,Bachelor,100.0,59.5,74.4,7.99,5,7.24,4.62,1,3,4.15,1.15,52.2,50.7,-2.7,2024-09-18,0,1.96,0,26
CAND02586,Sales Representative,Mid,3.2,Bachelor,49.4,86.5,37.1,9.37,5,7.44,3.77,1,1,4.21,3.21,54.0,55.7,3.1,2023-11-11,1,2.98,1,11
CAND02587,Operations Manager,Entry,0.9,PhD,90.9,43.5,77.0,4.42,4,7.54,3.95,1,1,3.04,0.76,68.4,76.2,11.4,2023-11-16,0,1.2,0,10
CAND02588,Product Manager,Senior,10.9,Bachelor,61.3,84.0,68.4,7.93,4,7.51,4.8,1,4,4.62,2.94,79.1,76.7,-3.0,2023-11-29,0,2.07,1,2
CAND02589,Data Scientist,Senior,8.6,Bachelor,99.4,59.5,43.7,5.79,3,6.0,4.47,1,3,0.15,4.62,54.2,57.0,5.1,2024-05-10,0,2.81,1,9
CAND02590,UX Designer,Entry,1.3,Master,81.1,61.1,83.3,7.72,4,6.39,1.97,0,1,0.89,2.7,50.0,57.2,14.4,2024-07-21,0,2.16,0,14
CAND02591,Sales Representative,Mid,4.0,Bachelor,60.4,73.1,71.4,7.96,4,7.4,4.77,1,1,3.57,1.16,40.9,40.4,-1.3,2024-09-11,1,4.28,1,3
CAND02592,Marketing Specialist,Mid,4.0,Master,53.4,51.1,61.6,4.34,3,6.6,4.62,1,1,1.84,2.12,99.0,111.4,12.5,2024-03-14,0,3.06,0,16
CAND02593,Data Scientist,Senior,11.9,Bachelor,100.0,73.0,60.6,7.77,5,6.06,4.29,1,4,6.66,1.25,82.4,88.4,7.3,2024-08-30,0,2.35,1,12
CAND02594,Operations Manager,Entry,0.9,Master,87.7,65.5,57.4,6.75,4,6.79,4.38,1,1,1.57,0.4,100.8,115.8,14.9,2023-11-13,0,2.4,1,7
CAND02595,Customer Support,Mid,4.2,Bachelor,59.6,72.0,77.5,6.72,5,6.01,3.98,1,1,1.34,0.26,91.4,91.9,0.5,2024-10-18,1,4.5,1,4
CAND02596,Data Scientist,Entry,1.4,Associate,87.2,85.4,62.7,6.18,4,6.48,4.32,1,1,4.89,1.99,50.4,48.0,-4.8,2024-02-29,0,1.25,1,11
CAND02597,Data Scientist,Entry,1.0,Bachelor,92.4,83.5,68.4,6.29,4,6.89,4.8,1,1,2.83,0.1,40.3,45.9,13.8,2024-06-15,1,3.79,1,3
CAND02598,Operations Manager,Entry,0.7,Bachelor,72.9,53.7,72.4,9.18,5,7.17,3.4,1,1,3.71,1.54,34.4,34.2,-0.8,2024-06-01,0,2.13,1,10
CAND02599,Operations Manager,Entry,1.1,Bachelor,84.0,72.6,54.8,6.27,3,8.11,4.25,1,1,1.96,4.18,30.7,31.4,2.3,2024-01-29,1,3.87,1,6
CAND02600,UX Designer,Entry,0.6,Bachelor,92.5,84.5,51.2,5.18,4,7.43,3.65,1,1,0.53,1.05,65.5,73.2,11.7,2024-04-02,1,3.52,1,6
CAND02601,Sales Representative,Mid,5.7,Bachelor,89.4,85.1,65.6,5.93,3,6.73,4.8,1,2,4.91,0.15,46.7,53.4,14.2,2024-03-09,0,2.99,1,16
CAND02602,Marketing Specialist,Mid,4.9,Bachelor,92.1,63.0,95.6,5.47,3,6.67,3.87,1,1,0.74,1.04,115.2,119.0,3.3,2024-11-01,0,1.15,0,18
CAND02603,Operations Manager,Senior,8.9,Bachelor,64.4,67.1,68.6,4.71,5,7.04,4.18,1,3,2.98,0.7,58.1,65.3,12.4,2024-09-15,1,3.17,1,7
CAND02604,UX Designer,Mid,4.1,Bachelor,74.6,85.2,68.7,7.52,4,7.74,4.65,1,1,1.46,1.79,55.6,61.6,10.6,2024-02-14,0,1.98,0,12
CAND02605,Data Scientist,Senior,8.7,Bachelor,97.9,48.2,42.7,6.72,3,6.52,3.4,1,3,0.34,2.65,65.9,67.9,3.0,2024-08-26,0,1.7,0,9
CAND02606,UX Designer,Mid,4.6,Associate,70.9,70.6,68.5,6.27,4,7.35,4.18,1,1,0.52,0.92,52.0,52.0,0.1,2023-11-18,0,1.87,0,29
CAND02607,Data Scientist,Mid,5.1,Master,99.8,86.1,72.9,7.91,5,6.63,3.58,1,2,3.89,3.54,66.3,65.1,-1.7,2024-08-13,1,4.01,1,4
CAND02608,Data Scientist,Senior,8.8,Master,49.0,74.5,60.6,8.4,4,7.26,3.82,1,3,2.52,1.41,78.7,89.0,13.2,2024-07-29,1,3.58,1,5
CAND02609,Marketing Specialist,Entry,0.2,Bachelor,68.5,65.1,72.7,5.71,3,7.56,4.11,1,1,3.5,1.93,71.7,69.7,-2.7,2024-01-08,0,3.21,1,12
CAND02610,UX Designer,Senior,10.7,PhD,94.7,81.6,66.6,7.27,3,5.6,4.32,1,4,2.14,1.66,66.0,75.5,14.5,2024-07-11,0,1.43,0,12
CAND02611,UX Designer,Entry,0.2,Bachelor,76.4,87.7,86.6,8.35,5,7.2,4.62,1,1,5.62,0.04,42.8,46.6,9.0,2024-02-26,0,1.21,1,17
CAND02612,Customer Support,Senior,8.2,Bachelor,70.8,100.0,55.5,7.74,5,7.6,3.83,1,3,6.18,2.99,54.5,55.7,2.0,2024-01-15,0,2.61,0,11
CAND02613,Customer Support,Entry,1.3,Bachelor,86.4,57.6,86.5,5.31,5,6.72,4.77,1,1,3.36,1.74,65.1,64.3,-1.3,2024-04-17,0,2.53,0,3
CAND02614,Marketing Specialist,Entry,0.6,Bachelor,89.4,55.2,53.6,5.7,4,7.73,4.1,1,1,2.34,1.22,54.0,57.3,6.2,2023-12-02,0,1.81,0,26
CAND02615,UX Designer,Senior,11.2,Master,100.0,88.0,52.6,7.18,4,6.88,3.96,1,4,2.78,1.3,67.0,70.6,5.4,2024-02-20,0,1.29,1,23
CAND02616,Customer Support,Senior,10.1,Bachelor,100.0,100.0,69.9,6.74,3,7.4,4.02,1,4,2.42,0.36,65.8,70.8,7.6,2024-03-20,1,3.57,1,20
CAND02617,Data Scientist,Entry,0.8,Master,76.6,59.7,68.6,6.89,3,7.0,4.64,1,1,5.45,1.91,73.9,72.0,-2.6,2024-07-02,1,3.86,0,6
CAND02618,Operations Manager,Senior,10.5,Bachelor,100.0,61.6,36.6,6.41,4,6.83,4.81,1,4,6.42,0.76,46.1,46.4,0.5,2024-07-12,0,1.88,1,13
CAND02619,Product Manager,Entry,1.2,Master,90.4,57.5,46.5,6.13,3,6.0,3.9,1,1,4.53,1.34,64.6,74.0,14.5,2024-09-18,0,2.76,1,14
CAND02620,Software Engineer,Entry,1.8,Bachelor,85.3,52.0,77.8,8.32,3,7.55,4.93,1,1,0.52,1.3,51.0,53.5,4.8,2024-02-26,0,1.97,0,17
CAND02621,Software Engineer,Entry,1.9,Bachelor,73.4,63.4,62.5,6.39,3,7.17,4.4,1,1,4.01,0.53,76.6,86.0,12.3,2024-04-26,0,1.95,0,18
CAND02622,Marketing Specialist,Mid,3.3,Master,82.2,77.1,78.5,5.86,3,7.13,4.53,1,1,6.1,3.66,20.3,20.0,-1.6,2024-06-05,0,2.51,1,6
CAND02623,Data Scientist,Entry,0.4,Bachelor,56.1,73.2,68.6,5.28,3,8.01,3.89,1,1,0.8,2.63,86.7,97.4,12.4,2023-12-05,0,2.12,1,14
CAND02624,Operations Manager,Mid,5.0,PhD,84.0,64.9,43.0,7.84,4,7.15,3.92,0,2,2.97,1.12,39.1,38.7,-1.1,2024-07-27,0,3.35,0,16
CAND02625,Customer Support,Mid,3.6,Bachelor,67.8,64.0,64.8,7.67,5,7.48,4.61,1,1,3.0,2.13,56.4,55.6,-1.4,2024-02-27,0,1.62,1,8
CAND02626,Operations Manager,Entry,0.8,Master,64.9,74.2,37.4,6.11,5,7.82,3.23,1,1,4.78,0.77,38.2,41.8,9.4,2024-06-27,1,3.3,0,2
CAND02627,Marketing Specialist,Mid,4.7,Bachelor,87.1,84.1,64.4,7.46,5,6.97,4.16,0,1,6.96,2.74,58.6,57.3,-2.2,2024-02-02,0,2.23,1,14
CAND02628,Software Engineer,Senior,7.2,Master,68.4,73.8,83.0,6.74,3,6.57,3.4,1,2,0.26,1.31,64.9,67.8,4.6,2024-04-01,0,1.96,1,13
CAND02629,Data Scientist,Entry,1.2,Bachelor,69.1,88.0,59.4,7.44,4,6.59,3.62,1,1,6.7,0.24,63.4,72.2,13.9,2024-03-22,0,1.77,0,21
CAND02630,Marketing Specialist,Mid,3.3,Master,55.3,74.6,61.5,8.3,4,8.16,3.41,1,1,3.11,0.76,63.5,61.4,-3.3,2024-03-26,0,2.7,0,22
CAND02631,Operations Manager,Senior,10.3,Master,89.6,51.8,67.1,5.57,3,7.49,4.03,1,4,5.1,1.76,69.8,74.4,6.6,2024-10-22,0,1.29,1,9
CAND02632,Product Manager,Mid,3.1,Bachelor,93.0,78.7,48.6,6.62,5,7.24,4.58,1,1,10.45,2.35,78.6,79.1,0.7,2023-12-06,0,2.56,0,8
CAND02633,Customer Support,Entry,0.2,Master,46.8,56.7,49.4,5.99,5,6.88,4.55,1,1,0.59,0.59,44.9,49.1,9.4,2024-08-15,0,2.39,1,16
CAND02634,Operations Manager,Mid,5.5,PhD,94.0,46.4,71.3,9.12,4,7.94,3.92,1,2,1.77,1.01,74.5,73.7,-1.1,2024-08-31,0,1.82,0,18
CAND02635,Customer Support,Mid,5.5,Master,61.8,69.7,85.3,7.3,5,6.82,3.15,1,2,5.9,0.14,121.8,122.4,0.5,2024-04-22,1,4.23,1,10
CAND02636,Operations Manager,Entry,1.5,Bachelor,61.2,30.4,61.9,8.23,3,7.9,4.16,1,1,1.01,1.96,92.5,105.9,14.5,2024-01-21,1,3.06,1,5
CAND02637,Operations Manager,Senior,11.8,Bachelor,98.1,87.4,74.1,3.12,5,7.61,4.64,0,4,1.7,1.98,76.8,83.4,8.6,2024-01-29,0,3.23,1,12
CAND02638,Operations Manager,Entry,1.5,Master,82.1,77.0,67.3,4.87,4,7.9,4.28,1,1,8.23,0.7,101.9,103.6,1.7,2024-01-25,1,3.82,1,1
CAND02639,Product Manager,Senior,7.0,Bachelor,55.3,36.0,94.5,6.36,5,6.49,4.73,1,2,11.59,0.17,59.4,67.5,13.7,2024-10-10,1,3.02,1,14
CAND02640,UX Designer,Lead,13.4,Master,89.4,42.0,42.3,6.83,4,7.03,4.29,1,5,2.6,0.98,32.5,32.2,-0.9,2024-02-28,1,3.45,1,9
CAND02641,UX Designer,Mid,5.3,Bachelor,87.3,51.7,51.5,4.81,5,7.23,4.8,1,2,3.23,1.37,67.4,65.6,-2.7,2023-11-27,0,2.95,0,9
CAND02642,Marketing Specialist,Mid,5.9,PhD,58.8,65.9,63.9,4.47,4,7.19,4.06,1,2,4.79,1.75,43.4,48.4,11.5,2024-05-27,1,3.25,1,3
CAND02643,Software Engineer,Senior,10.8,Associate,64.6,81.5,84.9,6.7,3,6.39,4.33,1,4,0.78,0.94,29.8,33.5,12.5,2024-01-10,0,1.13,1,24
CAND02644,Software Engineer,Mid,3.7,Bachelor,94.4,74.5,75.6,7.81,3,7.33,3.65,1,1,1.15,0.47,40.9,39.1,-4.6,2024-05-04,0,2.5,0,15
CAND02645,Marketing Specialist,Entry,0.2,Bachelor,56.7,79.3,83.6,6.86,5,6.2,4.17,1,1,1.73,0.87,40.1,43.0,7.4,2024-01-14,0,2.03,0,30
CAND02646,Software Engineer,Mid,4.2,Master,78.2,56.8,66.9,4.82,5,6.86,3.6,1,1,1.19,0.62,96.0,105.9,10.4,2024-05-17,0,3.84,1,23
CAND02647,UX Designer,Lead,15.5,Master,100.0,50.6,89.8,8.03,3,5.86,3.62,1,6,1.92,1.33,65.2,64.7,-0.7,2024-04-02,1,4.71,1,2
CAND02648,Marketing Specialist,Senior,8.2,Bachelor,96.1,67.8,85.7,6.14,4,7.73,3.38,1,3,8.16,0.24,55.3,54.0,-2.3,2024-04-11,1,3.23,0,10
CAND02649,Marketing Specialist,Mid,4.0,Master,62.3,88.8,38.1,8.32,3,7.05,3.39,1,1,1.23,2.34,60.1,63.1,4.9,2023-12-05,0,2.28,0,23
CAND02650,Sales Representative,Entry,0.6,Bachelor,82.1,49.8,81.1,8.69,3,7.22,4.41,0,1,1.43,2.46,59.0,61.4,4.1,2024-07-10,0,1.5,0,12
CAND02651,Customer Support,Mid,5.6,Bachelor,56.6,64.3,28.4,6.91,5,7.05,3.27,1,2,1.58,2.14,64.4,63.2,-1.8,2024-09-25,0,2.14,0,14
CAND02652,Data Scientist,Lead,18.6,Master,92.9,90.1,82.5,5.79,4,6.18,2.86,1,7,8.84,3.12,71.0,81.3,14.5,2024-09-10,0,2.06,0,13
CAND02653,Marketing Specialist,Mid,3.5,Bachelor,86.4,70.2,63.8,8.41,3,6.14,4.64,1,1,8.06,0.1,55.1,60.1,9.1,2024-10-28,1,4.49,1,4
CAND02654,Marketing Specialist,Entry,0.6,Bachelor,94.7,39.6,80.1,7.59,3,6.85,4.33,1,1,1.55,0.78,93.5,89.5,-4.3,2024-03-17,0,1.29,1,19
CAND02655,UX Designer,Mid,5.7,Bachelor,58.0,55.1,65.6,7.52,5,6.06,3.96,1,2,4.77,3.17,56.5,57.5,1.8,2024-02-18,0,1.07,1,13
CAND02656,UX Designer,Senior,7.6,Master,78.4,68.5,50.2,5.49,4,6.33,4.33,1,3,1.78,1.42,76.6,78.9,3.1,2024-10-28,0,2.22,0,16
CAND02657,Operations Manager,Entry,0.1,Bachelor,74.7,78.0,81.2,6.07,5,6.99,3.99,1,1,2.57,2.52,39.7,43.6,9.7,2024-10-27,1,3.76,1,3
CAND02658,Marketing Specialist,Mid,4.0,Bachelor,100.0,65.9,82.4,2.53,4,6.3,4.36,1,1,1.13,0.41,54.9,58.8,7.3,2024-01-20,0,3.13,0,18
CAND02659,UX Designer,Mid,5.2,Bachelor,85.2,80.9,59.4,7.37,4,7.02,4.73,1,2,5.34,3.15,44.7,47.7,6.5,2024-01-19,0,3.31,0,9
CAND02660,Data Scientist,Entry,0.7,Bachelor,79.6,63.9,85.3,7.53,4,6.55,4.63,1,1,3.4,3.06,46.0,45.5,-1.1,2024-09-17,0,2.16,0,23
CAND02661,Sales Representative,Entry,0.7,Bachelor,67.3,59.9,88.4,4.15,4,7.11,3.83,1,1,1.01,3.55,85.8,96.0,12.0,2024-02-27,0,1.44,1,3
CAND02662,Marketing Specialist,Entry,0.3,Master,84.3,36.1,67.5,6.8,3,8.2,4.02,1,1,0.81,1.29,62.1,66.3,6.7,2023-12-29,0,2.66,1,11
CAND02663,Customer Support,Mid,4.1,Bachelor,41.7,36.7,80.7,6.69,4,6.52,4.2,1,1,1.51,3.45,58.2,64.2,10.3,2024-03-29,0,1.21,1,6
CAND02664,Sales Representative,Mid,3.1,Master,70.1,86.9,64.0,3.45,4,6.94,4.35,1,1,0.72,3.61,60.8,61.6,1.3,2023-12-18,0,3.72,1,19
CAND02665,Data Scientist,Mid,3.7,Bachelor,93.9,47.5,73.4,6.53,5,7.01,4.39,1,1,2.4,0.64,39.8,39.0,-1.9,2024-07-21,1,4.07,1,7
CAND02666,Customer Support,Senior,8.2,Bachelor,79.6,100.0,66.4,6.99,4,7.34,4.29,1,3,1.82,0.36,88.4,84.2,-4.7,2024-10-14,0,3.97,0,22
CAND02667,Customer Support,Senior,7.9,Master,100.0,94.3,78.3,2.48,5,7.16,4.6,1,3,7.19,0.21,61.5,69.6,13.2,2024-04-16,1,3.86,1,2
CAND02668,Sales Representative,Senior,10.0,Master,96.7,84.0,82.5,5.4,5,6.34,4.46,1,3,0.39,1.92,39.7,38.4,-3.2,2024-09-21,0,1.6,1,19
CAND02669,Data Scientist,Entry,0.5,Bachelor,59.0,66.3,50.6,6.42,5,6.85,4.14,1,1,6.38,1.25,68.4,70.0,2.4,2024-05-19,0,1.65,1,8
CAND02670,Customer Support,Senior,8.2,Master,96.5,83.6,58.4,6.31,3,6.51,3.62,1,3,2.58,1.29,42.6,48.9,14.8,2024-01-22,0,1.9,1,12
CAND02671,Operations Manager,Mid,3.0,Bachelor,73.7,56.8,72.7,7.85,4,6.97,4.22,1,1,3.0,1.2,57.7,62.3,8.1,2024-07-23,0,1.8,1,15
CAND02672,Marketing Specialist,Senior,10.6,Bachelor,100.0,71.5,40.7,7.37,3,5.45,2.4,1,4,2.1,0.59,58.1,65.9,13.4,2023-12-10,0,1.9,1,25
CAND02673,Customer Support,Entry,0.6,Bachelor,65.1,71.8,70.1,5.28,5,8.09,4.26,1,1,5.5,0.43,65.2,70.0,7.3,2024-06-07,0,3.32,1,30
CAND02674,UX Designer,Entry,0.6,Master,72.7,59.3,79.2,8.14,5,6.68,4.17,1,1,5.43,0.8,59.2,64.6,9.2,2024-02-05,1,4.03,0,12
CAND02675,Marketing Specialist,Entry,0.8,Bachelor,70.8,64.9,66.6,7.65,3,6.94,4.67,1,1,6.01,0.96,50.1,49.5,-1.1,2024-04-09,0,1.39,1,12
CAND02676,UX Designer,Mid,3.6,Bachelor,90.5,77.5,67.5,6.76,4,6.97,4.28,1,1,6.43,0.83,58.1,59.8,2.9,2023-12-24,1,3.57,0,9
CAND02677,Operations Manager,Senior,9.5,PhD,96.4,95.8,66.3,7.59,5,7.64,4.58,1,3,1.6,3.66,32.8,35.7,8.9,2024-02-01,0,2.4,0,17
CAND02678,Product Manager,Entry,0.3,Bachelor,81.2,18.6,63.0,6.19,3,7.17,4.07,1,1,3.79,0.32,64.3,66.4,3.3,2023-12-22,1,3.7,0,4
CAND02679,Product Manager,Entry,1.0,Bachelor,69.9,92.8,59.2,7.12,5,6.62,4.57,0,1,2.05,0.59,48.5,46.5,-4.1,2024-02-26,0,2.34,1,14
CAND02680,Sales Representative,Senior,10.5,Master,51.6,88.6,20.5,8.2,5,6.59,4.1,1,4,6.88,4.27,83.6,82.7,-1.1,2024-03-13,1,3.37,1,2
CAND02681,Customer Support,Senior,11.1,Bachelor,100.0,80.8,85.6,6.72,5,7.28,3.45,1,4,4.51,0.97,57.5,61.2,6.5,2024-02-09,0,2.0,0,24
CAND02682,UX Designer,Entry,1.6,Bachelor,60.7,75.7,63.9,8.59,5,7.45,3.98,1,1,4.87,0.92,41.4,40.3,-2.8,2023-12-23,0,1.74,1,15
CAND02683,Software Engineer,Entry,0.3,Master,50.3,67.1,88.7,5.64,5,7.16,4.37,1,1,3.09,0.6,123.9,120.7,-2.6,2024-07-28,0,3.07,1,12
CAND02684,Marketing Specialist,Entry,0.4,Bachelor,84.8,72.0,51.8,8.83,4,7.94,4.48,1,1,7.35,1.15,70.9,80.0,12.8,2024-08-24,0,1.89,1,13
CAND02685,Sales Representative,Senior,7.1,Master,100.0,65.7,95.2,5.82,3,7.57,4.31,1,2,2.7,1.66,89.9,94.9,5.5,2023-11-23,0,2.46,1,9
CAND02686,Customer Support,Mid,4.6,Master,97.2,96.2,52.0,8.05,4,7.41,4.56,1,1,2.05,1.51,68.5,67.4,-1.5,2024-04-11,1,3.0,1,5
CAND02687,Marketing Specialist,Lead,13.2,Associate,86.5,76.6,83.9,8.73,3,6.62,3.35,1,5,3.07,2.09,103.9,119.2,14.8,2023-12-19,0,1.74,0,7
CAND02688,Sales Representative,Entry,0.5,Master,52.2,71.4,77.1,5.17,4,6.19,3.74,0,1,0.19,0.95,64.3,68.8,7.0,2024-06-24,0,1.8,0,17
CAND02689,Customer Support,Mid,5.2,Master,72.2,34.6,44.6,5.47,5,7.3,3.94,1,2,1.54,3.1,68.9,77.1,11.9,2024-08-17,0,1.98,0,8
CAND02690,Customer Support,Mid,4.0,Bachelor,86.6,97.9,55.1,5.76,5,7.85,3.0,1,1,4.21,0.22,35.4,36.2,2.2,2024-01-05,0,2.17,0,8
CAND02691,Sales Representative,Entry,0.7,PhD,91.4,29.0,21.4,6.4,4,6.96,4.35,1,1,1.17,1.53,26.0,26.0,-0.0,2024-07-08,0,2.15,0,14
CAND02692,Data Scientist,Entry,0.7,Bachelor,87.2,56.1,63.6,4.26,3,7.68,3.33,1,1,6.15,0.68,70.9,76.2,7.4,2024-08-01,0,2.47,1,9
CAND02693,Software Engineer,Senior,11.4,Bachelor,87.4,87.2,36.7,6.36,3,7.26,4.22,1,4,2.65,2.34,37.0,39.7,7.2,2024-06-02,0,1.3,0,9
CAND02694,Operations Manager,Senior,11.8,Bachelor,100.0,82.2,94.1,4.1,4,6.44,3.65,1,4,2.8,0.48,49.4,50.9,3.0,2024-01-26,0,2.88,1,24
CAND02695,UX Designer,Mid,5.5,Master,55.0,72.2,69.2,7.01,4,7.15,3.9,1,2,1.82,1.85,64.2,62.9,-2.2,2023-12-12,1,3.51,0,4
CAND02696,Software Engineer,Entry,0.9,Bachelor,66.0,68.0,52.8,5.99,3,6.83,3.41,1,1,3.42,2.38,28.1,29.9,6.4,2024-08-18,1,4.05,1,4
CAND02697,Customer Support,Mid,4.4,Master,61.2,91.7,78.8,7.07,3,7.42,4.34,1,1,2.5,0.7,79.8,82.7,3.7,2024-10-24,0,2.74,1,18
CAND02698,Customer Support,Mid,4.7,Master,100.0,77.8,77.1,6.16,4,8.01,4.65,1,1,7.29,2.21,46.9,51.8,10.6,2023-12-06,0,2.3,0,17
CAND02699,Product Manager,Mid,4.0,Master,97.8,95.4,41.3,7.09,5,6.98,4.2,1,1,1.03,1.02,47.0,45.0,-4.2,2024-10-17,1,3.89,1,7
CAND02700,Operations Manager,Mid,3.5,Bachelor,56.3,52.8,36.2,7.72,3,7.44,4.09,1,1,5.77,1.56,55.7,58.1,4.3,2024-10-10,0,2.86,0,19
CAND02701,Data Scientist,Entry,0.7,Master,64.2,94.3,77.2,4.92,4,7.19,3.62,1,1,2.85,1.95,62.2,61.3,-1.5,2024-01-04,1,3.77,1,4
CAND02702,Customer Support,Senior,11.1,Bachelor,89.1,82.2,47.9,5.61,3,8.01,3.34,1,4,1.51,2.02,56.6,56.0,-1.0,2024-04-13,1,4.06,0,5
CAND02703,Marketing Specialist,Mid,4.1,Bachelor,56.5,81.1,42.2,6.08,5,5.95,4.79,1,1,4.89,0.47,45.8,44.8,-2.3,2023-12-07,0,1.91,0,18
CAND02704,Data Scientist,Mid,4.5,Bachelor,98.0,78.1,52.1,6.87,4,6.47,4.22,1,1,13.21,0.5,49.2,51.4,4.6,2024-08-28,0,1.47,1,10
CAND02705,Sales Representative,Mid,5.1,Master,81.4,63.6,84.5,7.41,3,5.84,3.21,1,2,2.47,1.35,76.7,77.0,0.5,2024-01-20,0,2.78,1,19
CAND02706,Data Scientist,Mid,4.4,Master,80.6,64.0,74.8,4.72,5,6.96,3.46,0,1,1.13,0.95,76.2,78.4,2.9,2023-12-03,0,2.58,0,17
CAND02707,Customer Support,Entry,0.4,Bachelor,65.0,68.3,52.7,3.01,4,7.01,4.06,1,1,2.53,2.7,57.6,63.6,10.5,2024-09-22,0,2.45,1,8
CAND02708,Sales Representative,Entry,1.2,Master,90.4,78.8,88.9,7.56,5,7.27,4.99,1,1,2.42,2.46,44.6,51.3,14.8,2024-09-06,0,3.32,0,12
CAND02709,Marketing Specialist,Mid,3.3,Bachelor,76.9,77.0,74.8,8.72,4,7.74,3.83,0,1,1.01,0.8,52.9,50.5,-4.5,2024-01-13,1,2.71,1,8
CAND02710,UX Designer,Entry,0.2,PhD,49.2,86.2,81.4,6.34,5,5.61,3.35,1,1,3.81,1.15,79.4,76.0,-4.2,2024-07-10,0,2.49,0,19
CAND02711,UX Designer,Senior,11.2,Master,76.2,68.8,67.7,7.59,3,6.03,3.16,1,4,0.46,0.46,61.9,61.0,-1.5,2024-08-26,0,2.23,1,13
CAND02712,Data Scientist,Entry,0.6,Master,92.5,50.5,79.7,5.62,3,6.85,3.79,1,1,8.46,0.72,53.1,59.1,11.2,2024-07-21,1,4.2,0,3
CAND02713,Customer Support,Senior,8.6,PhD,80.7,83.0,50.7,7.39,4,6.56,4.46,1,3,1.92,1.21,58.7,60.8,3.5,2024-04-12,1,2.87,1,3
CAND02714,Customer Support,Entry,1.6,Bachelor,72.2,50.7,74.8,6.92,5,6.84,3.18,0,1,3.16,0.37,79.8,82.0,2.8,2024-10-10,0,2.92,1,20
CAND02715,Operations Manager,Senior,7.0,Associate,83.9,74.2,65.3,4.62,5,7.33,4.13,0,2,3.4,0.93,70.3,80.1,14.0,2024-04-30,0,1.28,0,28
CAND02716,Data Scientist,Mid,3.5,Bachelor,80.9,78.7,79.2,6.85,4,6.88,4.86,1,1,4.73,1.08,48.5,53.3,9.9,2024-02-02,0,2.47,0,14
CAND02717,UX Designer,Mid,5.0,PhD,68.9,42.0,65.8,5.5,4,6.19,4.54,1,1,1.01,0.98,78.5,84.3,7.5,2023-11-24,0,2.18,0,10
CAND02718,Sales Representative,Lead,15.1,Master,100.0,62.2,74.3,4.11,4,7.68,4.44,1,6,4.23,0.61,61.7,63.8,3.4,2024-08-25,0,2.72,1,12
CAND02719,Marketing Specialist,Senior,9.6,Bachelor,89.2,89.8,64.1,3.95,4,6.16,4.52,1,3,1.84,0.6,71.5,78.5,9.7,2024-05-03,0,2.13,1,11
CAND02720,Customer Support,Mid,4.3,Bachelor,95.1,83.5,57.3,6.18,3,6.25,4.84,1,1,2.21,0.39,60.4,68.7,13.8,2023-12-13,0,2.66,0,16
CAND02721,Software Engineer,Entry,1.1,Bachelor,59.6,33.4,61.3,6.54,5,6.8,2.7,1,1,3.23,1.09,66.0,74.3,12.6,2023-12-04,1,3.59,1,8
CAND02722,Software Engineer,Senior,11.2,Associate,100.0,78.8,87.0,7.79,5,6.44,4.73,1,4,0.85,0.49,60.0,64.6,7.6,2023-11-30,0,1.86,1,9
CAND02723,Sales Representative,Mid,3.4,Master,71.4,71.2,81.8,4.1,4,8.35,3.49,1,1,4.84,0.64,69.5,67.4,-3.0,2024-01-30,0,2.88,1,2
CAND02724,UX Designer,Mid,4.9,Associate,91.7,69.3,81.7,5.34,4,6.46,3.17,0,1,1.58,0.04,37.6,43.2,14.8,2023-12-16,0,1.9,1,16
CAND02725,Marketing Specialist,Entry,0.1,Master,54.9,77.4,59.2,4.75,5,6.65,4.65,1,1,1.49,2.45,72.5,70.1,-3.4,2024-09-06,0,1.85,1,19
CAND02726,Sales Representative,Entry,1.5,Bachelor,81.3,57.8,74.2,7.95,4,8.3,3.64,1,1,0.95,0.64,75.9,74.7,-1.6,2024-04-23,1,3.59,1,2
CAND02727,Software Engineer,Entry,1.0,Master,90.9,37.5,68.8,8.56,4,6.02,4.64,1,1,2.62,3.05,87.8,90.4,2.9,2024-06-30,0,1.78,1,11
CAND02728,Customer Support,Entry,0.7,Associate,89.7,79.4,73.4,5.37,3,6.99,4.8,1,1,4.17,1.2,85.5,90.4,5.7,2024-07-10,1,4.41,0,11
CAND02729,Customer Support,Senior,8.2,Bachelor,100.0,81.4,50.5,7.3,3,6.97,4.77,1,3,4.45,0.84,57.3,58.8,2.7,2024-08-17,1,4.84,1,5
CAND02730,Operations Manager,Entry,1.9,Master,89.6,79.3,31.9,5.08,5,6.57,3.83,1,1,2.16,1.95,79.0,85.9,8.8,2024-05-29,1,4.05,1,5
CAND02731,UX Designer,Entry,2.0,Associate,81.3,37.7,59.5,6.47,3,6.31,4.62,1,1,3.48,1.77,64.1,71.9,12.2,2024-06-20,0,1.71,0,25
CAND02732,Data Scientist,Mid,4.1,Bachelor,93.2,70.3,72.8,3.44,4,7.45,4.9,1,1,9.51,1.07,49.3,51.6,4.6,2024-03-11,1,3.8,1,9
CAND02733,UX Designer,Mid,5.9,Bachelor,100.0,43.1,54.3,5.45,4,7.92,4.56,1,2,0.51,1.08,55.8,54.1,-3.1,2024-04-05,0,2.1,0,11
CAND02734,Data Scientist,Senior,10.8,Bachelor,99.5,81.2,33.0,6.4,3,7.84,4.21,1,4,3.64,1.27,43.9,46.7,6.5,2023-11-16,0,2.37,1,11
CAND02735,Customer Support,Mid,3.9,Associate,74.6,70.4,71.0,8.38,5,6.41,3.53,1,1,0.39,1.3,75.6,86.5,14.5,2024-10-05,0,2.01,0,26
CAND02736,Marketing Specialist,Mid,5.9,PhD,100.0,83.2,71.8,7.81,4,7.86,4.18,1,2,0.16,1.46,49.7,49.1,-1.3,2024-01-04,0,2.41,0,12
CAND02737,Marketing Specialist,Mid,5.1,Bachelor,42.6,62.9,72.3,4.21,4,8.23,4.37,1,2,5.27,1.42,37.4,40.9,9.4,2023-11-18,0,1.67,0,14
CAND02738,Software Engineer,Mid,4.7,Bachelor,86.2,62.4,63.4,4.47,3,6.87,4.03,1,1,9.37,1.68,64.6,71.0,9.9,2023-12-15,0,1.4,0,7
CAND02739,Product Manager,Mid,4.0,Bachelor,99.5,97.3,76.1,4.53,5,7.32,3.75,1,1,2.22,0.91,81.5,93.4,14.6,2024-03-25,0,1.16,1,12
CAND02740,Product Manager,Senior,10.5,Bachelor,81.1,84.6,49.6,5.31,3,7.26,2.38,1,4,0.32,0.38,34.5,35.7,3.4,2024-04-16,1,2.67,1,3
CAND02741,Sales Representative,Mid,5.3,Master,100.0,74.4,79.2,5.44,5,7.51,4.39,1,2,2.88,0.7,85.2,87.1,2.2,2024-06-04,1,2.35,0,2
CAND02742,Marketing Specialist,Mid,5.0,Bachelor,81.0,72.7,59.2,8.41,5,6.84,4.14,1,1,3.31,0.34,58.7,63.1,7.4,2024-09-26,1,2.21,1,11
CAND02743,Data Scientist,Entry,0.6,PhD,36.6,28.7,87.8,2.44,3,5.64,4.45,1,1,0.78,1.26,57.1,55.5,-2.9,2024-07-03,0,2.73,1,9
CAND02744,Product Manager,Entry,0.3,Master,75.8,86.7,66.3,6.4,5,7.14,4.32,1,1,2.87,1.64,74.5,79.8,7.0,2023-11-22,0,2.88,1,17
CAND02745,UX Designer,Mid,3.2,Master,90.0,69.5,61.0,5.73,4,7.53,4.56,1,1,2.97,1.54,89.4,85.9,-4.0,2024-03-21,0,2.24,1,18
CAND02746,Operations Manager,Mid,4.8,Bachelor,72.7,62.5,85.8,4.44,5,6.46,4.74,1,1,0.76,3.17,15.4,15.8,2.2,2024-08-31,0,2.29,0,6
CAND02747,Customer Support,Entry,0.6,Bachelor,47.2,64.2,78.6,6.7,3,7.73,4.11,1,1,3.24,0.7,57.5,57.0,-0.9,2023-11-22,0,2.76,0,12
CAND02748,Marketing Specialist,Entry,1.1,Bachelor,79.5,62.3,89.6,5.74,4,7.36,4.37,1,1,1.35,2.36,39.4,41.7,5.8,2024-07-29,1,3.05,1,3
CAND02749,Data Scientist,Mid,4.1,PhD,52.0,79.9,46.8,7.19,4,7.15,4.35,1,1,1.6,1.45,74.0,82.9,12.0,2024-05-03,0,2.21,0,15
CAND02750,Product Manager,Entry,0.2,Bachelor,56.1,76.2,74.4,5.71,4,7.24,4.05,1,1,0.77,1.12,70.8,78.2,10.3,2024-04-28,1,4.35,1,5
CAND02751,Sales Representative,Mid,4.7,Bachelor,54.4,80.4,41.0,6.83,3,7.81,4.56,1,1,1.31,0.82,62.0,69.2,11.6,2024-10-27,0,2.86,0,9
CAND02752,Sales Representative,Mid,5.7,Associate,88.2,57.8,76.0,5.3,3,6.97,4.47,1,2,3.15,0.97,39.7,44.4,12.0,2024-03-16,0,2.2,1,7
CAND02753,Sales Representative,Lead,18.1,Master,100.0,94.6,74.9,5.76,4,7.38,4.31,1,7,1.43,3.07,78.5,84.1,7.1,2023-11-14,0,2.0,1,9
CAND02754,Product Manager,Entry,0.6,Bachelor,45.8,72.7,84.3,7.01,3,6.66,3.32,1,1,3.33,1.55,65.1,72.9,11.9,2024-04-16,0,2.04,1,23
CAND02755,UX Designer,Entry,0.8,PhD,55.2,86.8,71.4,6.81,5,7.77,4.56,1,1,5.66,1.53,60.0,67.9,13.3,2024-06-27,1,4.23,1,5
CAND02756,Product Manager,Mid,5.2,Master,74.4,49.1,78.0,7.12,3,7.17,4.32,1,2,4.59,1.06,36.0,34.4,-4.5,2024-05-03,1,3.99,1,10
CAND02757,Product Manager,Entry,1.5,PhD,77.4,80.0,58.7,7.28,5,7.29,4.47,0,1,3.03,1.08,123.1,140.8,14.4,2024-09-08,0,2.18,0,12
CAND02758,Software Engineer,Senior,7.4,Master,100.0,64.8,79.3,5.72,5,6.82,3.83,1,2,2.03,0.9,57.8,60.0,3.7,2024-02-12,1,4.52,0,2
CAND02759,UX Designer,Mid,3.8,Bachelor,87.8,68.2,33.3,7.14,4,7.57,4.41,1,1,2.62,2.54,70.5,75.7,7.4,2023-11-29,0,2.57,1,17
CAND02760,Operations Manager,Entry,0.4,Master,68.4,91.6,45.8,7.29,3,5.87,2.77,1,1,0.88,1.77,52.8,51.1,-3.2,2024-07-16,0,2.27,0,14
CAND02761,Sales Representative,Entry,0.5,Bachelor,77.2,62.3,68.2,4.16,3,7.11,4.48,1,1,4.38,2.18,83.1,94.4,13.6,2024-06-24,1,2.77,1,12
CAND02762,Customer Support,Entry,0.8,Bachelor,48.4,97.8,50.3,8.77,5,5.77,4.0,1,1,3.36,2.12,75.0,84.8,13.1,2024-02-28,0,2.08,0,22
CAND02763,UX Designer,Entry,1.6,Bachelor,65.5,56.3,39.2,6.27,3,7.49,3.75,1,1,4.04,0.95,65.3,69.6,6.5,2024-04-01,1,3.39,1,10
CAND02764,Sales Representative,Entry,1.0,Master,85.0,61.9,87.5,4.65,5,7.81,4.48,1,1,7.28,0.25,89.0,84.7,-4.8,2024-07-20,0,2.45,1,14
CAND02765,Customer Support,Entry,0.2,PhD,84.1,38.7,61.1,3.42,5,6.48,4.14,1,1,0.93,3.96,96.2,92.9,-3.4,2023-11-27,0,1.57,0,11
CAND02766,Sales Representative,Senior,8.1,PhD,99.5,100.0,55.1,5.32,4,6.69,3.37,1,3,1.11,4.29,62.3,59.5,-4.5,2024-08-07,0,1.35,1,19
CAND02767,UX Designer,Mid,5.8,Bachelor,75.4,89.3,72.2,7.95,3,7.47,2.91,1,2,2.83,1.18,46.0,52.7,14.6,2024-10-24,1,4.4,1,9
CAND02768,Customer Support,Mid,5.8,Bachelor,77.0,91.6,45.1,8.74,4,5.81,3.06,1,2,5.78,1.18,41.9,43.8,4.5,2024-07-10,0,2.74,0,17
CAND02769,Operations Manager,Entry,1.5,Master,67.7,73.5,50.8,6.56,3,6.54,3.65,1,1,4.14,2.75,57.8,58.0,0.4,2024-05-02,1,3.82,0,8
CAND02770,Operations Manager,Entry,1.4,Bachelor,49.7,39.7,62.9,5.66,3,7.94,3.67,1,1,4.49,0.98,46.7,50.7,8.7,2024-11-02,0,1.68,1,26
CAND02771,Operations Manager,Entry,1.6,Master,87.0,93.3,47.8,8.96,3,5.8,3.37,1,1,1.34,0.89,68.5,70.3,2.7,2024-05-26,1,3.59,1,5
CAND02772,UX Designer,Entry,1.7,Bachelor,99.3,76.3,82.3,6.71,5,7.54,3.38,1,1,0.77,1.02,60.6,69.3,14.3,2024-07-22,1,2.79,1,7
CAND02773,UX Designer,Senior,11.5,Bachelor,99.7,46.9,75.2,5.7,5,7.46,3.34,1,4,3.05,1.15,111.8,107.0,-4.3,2024-04-05,1,3.99,1,5
CAND02774,Customer Support,Mid,3.6,Bachelor,61.6,26.2,49.5,7.11,3,6.19,4.68,1,1,2.56,2.86,57.8,64.8,12.1,2024-09-20,1,2.85,1,3
CAND02775,Software Engineer,Mid,4.3,PhD,52.5,82.1,64.9,6.41,3,7.16,4.44,1,1,2.44,0.18,65.3,73.2,12.0,2024-05-21,1,3.4,1,11
CAND02776,Sales Representative,Entry,0.7,Bachelor,63.2,57.3,79.4,8.06,4,5.35,2.82,1,1,4.55,0.86,59.0,56.3,-4.6,2024-05-10,0,2.88,0,9
CAND02777,Software Engineer,Senior,8.6,Bachelor,99.6,83.5,72.6,7.88,3,7.11,3.53,1,3,1.92,3.61,47.3,47.3,0.0,2024-07-01,1,4.11,1,9
CAND02778,UX Designer,Mid,4.3,Bachelor,90.4,56.5,45.4,5.75,4,7.02,4.47,1,1,5.58,4.52,37.8,38.7,2.5,2024-04-19,1,4.03,0,1
CAND02779,Marketing Specialist,Mid,5.6,PhD,79.1,68.0,69.9,6.97,3,8.12,3.78,1,2,3.54,0.76,96.2,102.3,6.3,2024-01-26,0,1.41,0,16
CAND02780,Software Engineer,Entry,0.8,PhD,75.6,51.1,79.3,5.6,5,7.29,4.41,1,1,1.57,0.74,95.4,105.2,10.2,2024-08-08,0,1.38,1,14
CAND02781,Customer Support,Entry,0.1,PhD,82.5,53.4,59.5,6.57,3,6.11,3.88,1,1,7.27,0.6,55.8,61.0,9.3,2024-02-24,0,1.77,1,10
CAND02782,Operations Manager,Entry,1.2,Bachelor,66.7,59.9,72.8,6.26,4,7.28,4.47,1,1,3.85,4.19,67.3,72.2,7.2,2024-03-13,1,2.98,1,4
CAND02783,Product Manager,Senior,9.8,Bachelor,92.3,88.1,60.2,8.6,3,7.73,4.43,1,3,3.91,0.33,63.1,63.0,-0.1,2024-05-29,0,1.96,0,7
CAND02784,UX Designer,Senior,8.9,Bachelor,81.0,71.6,70.4,6.51,3,6.39,4.62,1,3,2.12,2.76,74.5,84.0,12.8,2024-06-27,1,3.98,1,9
CAND02785,Data Scientist,Entry,1.4,PhD,83.6,83.1,78.4,5.82,4,7.95,4.28,1,1,0.24,4.67,59.8,58.5,-2.2,2024-10-16,0,2.27,1,23
CAND02786,Product Manager,Senior,10.3,Bachelor,100.0,66.2,57.2,3.79,4,6.71,4.81,0,4,0.41,0.23,39.4,43.6,10.5,2024-06-17,1,3.41,1,3
CAND02787,Marketing Specialist,Mid,3.9,Bachelor,99.2,61.3,41.2,5.95,4,6.2,4.33,1,1,3.1,0.52,34.8,37.1,6.6,2024-06-16,1,4.45,1,7
CAND02788,Customer Support,Senior,7.7,Master,63.4,60.9,72.5,8.11,5,7.15,2.58,1,3,0.34,1.12,59.5,66.1,11.0,2024-06-25,0,2.51,1,14
CAND02789,Marketing Specialist,Mid,5.2,PhD,83.6,82.6,88.5,7.51,4,6.33,3.56,1,2,3.56,1.67,61.8,62.1,0.4,2024-08-15,1,3.32,1,9
CAND02790,Marketing Specialist,Entry,0.5,PhD,72.1,85.1,83.6,6.21,5,6.43,4.87,0,1,2.09,0.33,43.9,43.2,-1.6,2024-03-01,1,4.29,0,1
CAND02791,Product Manager,Lead,13.2,Bachelor,97.5,41.8,61.8,9.43,5,7.46,4.38,1,5,12.15,1.86,96.3,99.1,3.0,2023-12-07,0,1.76,1,5
CAND02792,Operations Manager,Mid,3.2,Bachelor,84.1,51.0,58.3,7.83,3,6.57,4.47,1,1,0.82,2.76,30.9,33.9,9.9,2024-08-03,0,1.39,1,16
CAND02793,Product Manager,Entry,0.8,Bachelor,67.0,64.1,61.8,7.69,3,8.32,4.35,1,1,3.97,0.68,51.6,56.6,9.7,2024-07-13,0,1.32,0,8
CAND02794,Product Manager,Entry,1.3,Bachelor,51.6,72.4,42.4,8.98,3,8.1,3.82,1,1,2.03,0.87,48.6,49.4,1.6,2024-03-12,0,1.47,0,29
CAND02795,Customer Support,Mid,5.7,Bachelor,59.2,55.3,89.1,7.39,3,6.6,3.38,1,2,2.16,0.6,75.2,81.7,8.7,2023-11-12,0,2.32,0,15
CAND02796,Operations Manager,Entry,2.0,Bachelor,63.5,48.8,87.7,9.26,4,6.3,4.15,1,1,1.93,0.96,55.0,60.6,10.3,2024-09-09,0,3.28,1,9
CAND02797,Operations Manager,Senior,8.4,Bachelor,100.0,86.8,73.6,4.88,3,7.14,3.68,1,3,1.02,1.16,80.4,91.4,13.7,2024-03-26,1,3.16,0,3
CAND02798,Marketing Specialist,Mid,5.4,Master,48.5,40.9,92.8,8.44,5,8.18,3.74,1,2,0.76,0.31,44.4,48.7,9.7,2024-01-25,0,1.91,1,22
CAND02799,Operations Manager,Entry,0.9,PhD,96.3,31.0,80.6,7.19,4,6.31,3.89,1,1,3.28,0.58,47.6,52.9,11.1,2024-02-29,0,3.57,0,18
CAND02800,Data Scientist,Mid,3.9,Bachelor,37.8,82.9,78.6,7.28,5,5.97,3.8,1,1,0.88,2.17,67.5,69.7,3.3,2024-08-24,0,1.38,0,28
CAND02801,Data Scientist,Mid,5.1,Master,78.6,57.4,68.5,8.61,4,5.81,3.51,1,2,1.84,0.7,60.6,67.0,10.5,2024-09-21,0,1.64,1,19
CAND02802,Sales Representative,Mid,3.1,Master,77.7,36.5,77.3,4.54,4,7.44,4.1,1,1,2.38,2.35,63.7,71.8,12.7,2024-08-07,0,2.2,0,16
CAND02803,Product Manager,Mid,5.2,Bachelor,100.0,89.7,69.8,7.34,5,7.39,4.26,1,2,0.66,1.84,127.1,143.2,12.7,2024-02-21,0,1.31,1,10
CAND02804,Customer Support,Senior,7.2,Master,78.1,74.3,67.9,6.52,5,6.52,4.93,1,2,0.28,2.25,91.6,97.5,6.4,2023-12-04,1,3.71,1,7
CAND02805,Sales Representative,Entry,1.1,Bachelor,56.8,82.1,81.1,6.76,5,7.11,4.31,1,1,6.51,0.56,37.2,38.3,2.8,2024-11-05,1,2.92,0,5
CAND02806,Product Manager,Entry,0.4,Master,70.2,57.7,82.2,6.26,4,7.36,3.76,1,1,1.98,0.67,51.0,51.1,0.0,2024-09-29,0,2.1,0,16
CAND02807,Sales Representative,Mid,4.3,Master,48.1,73.2,82.8,8.99,4,7.63,4.04,1,1,3.95,0.28,111.7,115.6,3.5,2023-11-27,0,3.14,1,11
CAND02808,Data Scientist,Entry,1.7,Master,53.9,39.4,78.2,8.67,4,6.51,3.26,1,1,6.27,0.48,37.5,43.0,14.7,2024-10-25,0,1.79,0,26
CAND02809,Customer Support,Entry,0.3,Master,66.0,63.8,66.6,6.26,5,7.5,4.77,0,1,6.29,2.62,29.9,32.5,8.7,2023-11-25,0,1.29,1,16
CAND02810,Data Scientist,Mid,6.0,PhD,82.8,88.0,28.2,7.82,4,7.21,4.21,1,2,0.88,0.86,55.2,62.0,12.3,2024-04-30,0,2.51,0,8
CAND02811,Data Scientist,Entry,1.6,Bachelor,78.2,61.4,50.9,8.18,4,7.19,4.02,1,1,4.89,0.33,42.5,44.5,4.6,2024-08-21,0,3.26,1,8
CAND02812,Software Engineer,Mid,4.7,PhD,90.0,59.9,80.7,5.75,3,7.56,4.92,1,1,1.46,1.7,78.7,88.9,12.9,2024-03-17,1,4.06,1,2
CAND02813,Operations Manager,Entry,0.8,Bachelor,83.1,58.8,60.2,6.24,4,8.64,4.3,0,1,3.24,1.57,42.6,47.0,10.3,2023-12-22,1,3.86,1,8
CAND02814,Customer Support,Mid,5.3,Associate,97.8,29.8,76.7,5.55,5,7.5,4.39,1,2,0.72,2.09,68.7,73.8,7.4,2023-12-07,0,1.92,1,18
CAND02815,Software Engineer,Senior,10.6,Bachelor,97.8,46.9,49.9,7.24,4,7.83,3.6,1,4,3.73,1.08,44.3,43.9,-0.9,2024-10-16,1,3.4,1,6
CAND02816,Operations Manager,Mid,4.5,Master,82.1,67.7,60.7,5.46,4,7.38,4.02,1,1,2.84,3.24,85.0,96.7,13.8,2024-01-21,1,4.31,1,2
CAND02817,Product Manager,Entry,1.7,Master,82.7,40.2,79.6,8.71,3,6.88,4.36,1,1,2.34,1.26,101.1,114.7,13.4,2024-10-14,0,1.99,0,17
CAND02818,Customer Support,Mid,5.5,Bachelor,76.1,73.9,54.0,7.41,4,6.66,4.47,1,2,3.21,1.1,32.8,32.8,-0.1,2024-10-10,0,1.61,0,14
CAND02819,Data Scientist,Entry,0.7,Bachelor,69.2,67.1,60.9,6.64,5,6.31,3.75,1,1,1.88,1.82,32.3,31.9,-1.3,2024-01-04,0,2.72,1,20
CAND02820,UX Designer,Senior,8.3,Master,84.9,69.6,61.4,3.75,3,6.63,4.93,1,3,1.61,2.65,51.4,53.2,3.5,2024-04-17,0,1.53,1,21
CAND02821,Customer Support,Mid,5.4,Master,67.8,98.1,64.6,7.92,3,7.59,4.38,1,2,1.7,0.38,85.8,84.4,-1.6,2024-07-08,1,4.4,1,5
CAND02822,UX Designer,Entry,1.3,Master,62.7,51.8,69.9,4.38,3,6.89,2.73,1,1,5.8,0.69,42.7,40.7,-4.7,2024-10-28,0,2.26,1,14
CAND02823,Sales Representative,Senior,8.9,Bachelor,89.3,96.9,82.7,5.45,3,8.15,4.3,1,3,2.89,2.41,55.8,62.9,12.8,2024-04-23,1,4.75,1,7
CAND02824,UX Designer,Mid,4.0,Bachelor,100.0,40.1,62.2,7.4,4,5.59,4.64,1,1,2.52,0.72,58.1,57.4,-1.3,2023-12-12,1,4.27,1,1
CAND02825,Product Manager,Entry,0.2,Bachelor,47.6,53.1,65.1,8.2,3,7.05,4.14,1,1,8.32,1.76,34.6,35.0,1.2,2024-06-08,0,1.55,1,30
CAND02826,Operations Manager,Entry,1.8,Bachelor,92.4,51.2,74.7,5.64,4,7.22,4.16,1,1,1.12,4.01,57.7,61.6,6.8,2024-06-02,0,1.43,1,13
CAND02827,Product Manager,Mid,3.1,Bachelor,99.2,81.7,37.2,5.29,4,5.96,4.61,1,1,4.0,1.08,92.3,94.1,1.9,2023-12-03,0,2.94,1,14
CAND02828,Data Scientist,Mid,4.6,Bachelor,81.7,76.8,69.9,7.77,4,8.08,4.37,1,1,3.42,1.19,99.4,95.4,-4.1,2024-02-19,0,1.85,0,18
CAND02829,Sales Representative,Mid,4.9,Master,70.8,87.9,59.9,6.24,4,7.01,3.65,1,1,1.15,0.27,49.7,54.5,9.9,2024-03-24,0,1.69,1,16
CAND02830,UX Designer,Entry,0.2,Master,77.9,89.0,78.3,8.34,4,7.35,4.64,1,1,0.82,0.89,32.6,33.5,2.7,2024-06-23,0,1.87,0,9
CAND02831,UX Designer,Mid,4.8,Master,84.5,88.8,80.4,6.71,3,7.0,4.23,1,1,3.09,0.21,83.2,92.3,11.0,2024-04-05,0,3.11,1,10
CAND02832,Marketing Specialist,Entry,2.0,Master,66.8,56.3,81.8,3.74,5,7.54,3.84,1,1,1.85,2.04,58.0,62.7,8.1,2024-08-04,0,2.5,0,15
CAND02833,UX Designer,Senior,7.7,Master,94.4,52.1,69.4,6.05,5,7.45,3.89,1,3,0.5,0.99,70.0,69.5,-0.7,2024-04-03,0,1.78,1,22
CAND02834,Data Scientist,Mid,3.9,Associate,83.5,84.3,81.0,8.56,3,6.95,3.99,1,1,7.09,1.02,30.0,33.7,12.3,2024-02-19,1,3.52,1,7
CAND02835,Marketing Specialist,Mid,5.8,Bachelor,67.8,91.3,70.8,9.19,4,6.78,4.59,1,2,1.31,0.34,66.1,66.3,0.2,2023-11-27,1,3.09,1,7
CAND02836,Sales Representative,Senior,11.1,Bachelor,100.0,90.1,67.1,5.57,5,7.41,3.0,1,4,0.69,1.8,69.1,66.0,-4.6,2023-11-22,1,3.7,1,2
CAND02837,Product Manager,Mid,5.4,Bachelor,97.5,87.3,59.1,4.31,4,7.46,4.58,1,2,1.88,3.04,57.1,57.4,0.5,2024-02-12,0,2.13,0,9
CAND02838,Data Scientist,Mid,3.6,Master,48.0,83.8,50.5,7.53,4,8.33,3.02,1,1,3.55,1.41,84.6,87.1,3.0,2024-03-13,0,2.08,1,10
CAND02839,UX Designer,Lead,17.9,PhD,97.1,71.1,36.1,7.0,3,6.49,4.42,1,7,1.79,1.18,52.9,57.6,9.0,2024-03-08,0,1.38,1,19
CAND02840,Customer Support,Entry,0.5,Master,81.8,67.7,77.4,8.67,3,6.4,3.74,1,1,7.81,0.51,46.2,44.2,-4.2,2024-09-03,1,4.33,1,4
CAND02841,Customer Support,Entry,0.9,Master,71.5,84.8,64.6,5.32,3,7.73,3.03,1,1,0.74,0.78,87.2,96.0,10.0,2024-02-14,0,1.4,0,9
CAND02842,UX Designer,Entry,1.1,Associate,71.4,68.7,79.7,4.69,4,7.4,3.71,1,1,1.51,1.36,53.7,53.4,-0.6,2024-01-21,0,3.29,1,7
CAND02843,Software Engineer,Senior,10.1,Bachelor,100.0,58.0,23.7,5.56,5,8.41,3.65,1,4,2.42,4.11,29.8,30.0,0.6,2024-09-29,0,1.5,1,17
CAND02844,Software Engineer,Senior,9.9,Master,80.6,72.3,72.0,8.98,5,6.81,4.33,1,3,3.23,0.76,101.2,115.6,14.3,2024-09-13,1,3.79,0,13
CAND02845,UX Designer,Mid,4.2,Bachelor,95.4,74.6,74.7,7.31,4,7.48,3.35,1,1,0.54,0.58,50.0,55.6,11.2,2024-09-20,0,1.66,0,11
CAND02846,Operations Manager,Senior,7.8,Master,94.4,72.8,66.9,5.91,5,7.44,3.76,1,3,1.23,1.98,48.9,48.7,-0.5,2024-01-21,0,2.53,1,13
CAND02847,Customer Support,Mid,5.5,Master,97.1,79.5,43.4,8.2,4,7.22,4.07,1,2,4.14,1.08,46.8,46.2,-1.3,2024-06-30,1,3.96,1,6
CAND02848,Data Scientist,Mid,5.1,PhD,72.8,47.5,46.3,9.08,5,6.94,3.43,1,2,8.44,0.99,67.5,76.0,12.7,2024-10-30,0,3.34,0,13
CAND02849,Data Scientist,Entry,0.1,Bachelor,85.4,45.0,71.6,7.39,5,6.89,4.88,1,1,2.73,1.47,114.3,113.8,-0.4,2023-12-05,0,2.52,1,12
CAND02850,Operations Manager,Mid,5.1,Master,62.5,62.0,49.5,4.07,3,6.91,2.98,1,2,8.72,1.22,71.9,76.5,6.5,2024-08-06,0,1.67,1,11
CAND02851,UX Designer,Entry,1.9,Bachelor,42.9,73.9,83.4,6.07,3,8.22,4.55,1,1,7.79,0.51,29.7,34.2,14.9,2024-09-26,1,2.95,1,6
CAND02852,UX Designer,Entry,0.2,PhD,62.9,65.1,95.2,7.85,5,7.64,3.77,1,1,6.39,2.33,63.0,60.7,-3.6,2024-06-08,0,2.42,1,22
CAND02853,Marketing Specialist,Entry,0.5,Master,61.7,75.9,69.4,8.64,5,7.03,4.73,1,1,1.52,1.24,49.4,50.7,2.5,2024-03-20,1,2.84,1,4
CAND02854,Operations Manager,Lead,14.3,Bachelor,100.0,100.0,66.6,4.23,5,6.87,4.58,1,5,2.38,0.96,72.5,80.3,10.7,2024-06-25,1,3.83,1,2
CAND02855,Marketing Specialist,Entry,1.3,Associate,73.7,97.4,49.7,7.75,3,6.67,3.59,0,1,1.83,3.74,60.1,57.4,-4.6,2024-07-22,0,2.18,1,18
CAND02856,Product Manager,Entry,1.9,PhD,73.7,62.6,86.1,5.41,3,7.84,4.35,1,1,3.68,0.42,43.2,42.4,-1.9,2024-01-03,1,2.69,1,11
CAND02857,Customer Support,Entry,1.0,Master,100.0,79.8,70.1,4.33,5,6.5,4.13,1,1,2.97,1.29,64.8,65.2,0.6,2024-09-14,1,4.03,1,5
CAND02858,UX Designer,Entry,1.4,Master,99.2,80.7,49.1,9.24,5,7.21,2.97,1,1,5.3,0.98,58.4,58.5,0.1,2024-10-29,0,2.93,0,11
CAND02859,Software Engineer,Entry,1.3,Master,64.5,65.4,44.1,6.43,4,7.18,4.46,1,1,5.6,0.29,58.9,65.6,11.4,2024-09-09,0,1.82,1,19
CAND02860,Software Engineer,Mid,3.2,Bachelor,100.0,51.7,80.3,4.29,3,6.23,4.76,1,1,1.27,0.8,59.8,57.9,-3.1,2023-12-08,1,3.61,1,3
CAND02861,Operations Manager,Mid,4.2,Bachelor,51.3,75.5,44.6,5.27,4,7.31,4.42,1,1,1.68,0.65,38.3,40.7,6.4,2023-11-19,1,4.02,0,0
CAND02862,UX Designer,Entry,1.3,Master,42.8,83.3,66.9,8.33,5,7.37,3.98,1,1,2.21,0.7,71.4,74.5,4.3,2024-01-04,0,1.77,0,24
CAND02863,Operations Manager,Senior,10.4,Master,74.3,71.7,63.7,7.68,4,7.07,4.48,1,4,1.62,2.58,43.6,48.5,11.2,2023-12-27,1,2.99,0,11
CAND02864,Marketing Specialist,Entry,1.4,Bachelor,93.8,58.6,84.7,4.91,5,7.19,4.24,0,1,5.0,1.06,63.3,68.7,8.6,2023-11-29,0,1.93,1,14
CAND02865,UX Designer,Mid,4.8,PhD,90.5,60.5,87.4,6.9,4,7.47,3.71,1,1,0.99,3.72,44.1,49.3,11.7,2024-09-24,0,2.26,1,13
CAND02866,Product Manager,Mid,3.2,Bachelor,97.9,77.4,66.1,8.1,3,6.21,4.47,1,1,0.62,0.68,59.7,66.8,11.9,2024-10-31,0,1.98,1,13
CAND02867,Sales Representative,Entry,0.1,Bachelor,66.4,79.6,71.3,5.29,3,7.11,4.84,1,1,0.71,1.28,22.6,22.6,-0.1,2024-10-30,1,3.71,1,5
CAND02868,Sales Representative,Mid,4.1,Bachelor,67.9,59.3,61.4,8.48,3,6.68,3.35,0,1,1.17,0.68,76.5,84.1,9.9,2024-07-23,0,1.13,1,3
CAND02869,Operations Manager,Mid,3.9,PhD,100.0,63.2,50.2,6.06,5,7.29,4.19,1,1,8.23,0.2,38.1,42.0,10.2,2024-08-25,1,3.89,1,6
CAND02870,Sales Representative,Entry,0.5,Bachelor,85.9,61.7,76.6,7.53,4,6.41,3.24,1,1,2.23,2.06,43.5,46.4,6.8,2023-12-23,1,3.6,1,3
CAND02871,Sales Representative,Entry,0.6,Bachelor,66.0,64.1,61.0,5.21,3,7.85,4.36,1,1,1.93,1.56,56.9,60.6,6.4,2024-06-06,0,2.74,1,6
CAND02872,Operations Manager,Mid,5.7,Master,57.9,63.1,71.0,7.63,3,7.31,3.85,1,2,2.47,2.11,93.3,102.8,10.2,2024-03-10,0,2.39,1,14
CAND02873,UX Designer,Mid,5.6,Bachelor,74.8,75.6,73.5,4.8,3,5.9,3.73,1,2,0.57,1.14,46.4,50.2,8.3,2024-09-09,0,2.56,0,10
CAND02874,Product Manager,Entry,0.6,Bachelor,79.9,41.8,87.3,7.86,3,7.42,4.8,1,1,3.74,1.94,48.7,50.2,3.1,2023-11-14,0,1.88,1,8
CAND02875,Operations Manager,Senior,7.1,Master,63.4,59.2,50.4,7.9,4,7.38,4.07,1,2,6.64,0.38,74.5,80.3,7.8,2024-03-11,0,1.88,0,10
CAND02876,Software Engineer,Senior,7.2,Bachelor,92.3,51.4,35.1,7.86,4,6.61,3.42,1,2,0.65,1.09,64.6,71.3,10.3,2024-01-13,0,3.04,0,14
CAND02877,Sales Representative,Entry,1.2,Master,89.1,23.5,70.7,8.45,3,5.25,4.58,1,1,1.1,2.53,46.8,50.2,7.3,2024-06-10,0,1.65,0,24
CAND02878,UX Designer,Mid,3.5,Bachelor,96.2,88.1,57.8,6.23,3,6.77,4.19,1,1,1.08,0.36,66.7,68.9,3.2,2024-05-21,0,2.82,0,18
CAND02879,Software Engineer,Senior,9.3,Master,93.8,79.3,85.4,6.89,3,6.32,3.56,1,3,1.1,2.33,44.2,46.2,4.5,2023-12-21,1,4.57,1,5
CAND02880,UX Designer,Mid,4.0,Master,100.0,84.8,60.5,6.23,4,7.1,4.72,1,1,3.55,1.49,49.3,55.1,11.8,2024-02-28,0,2.14,0,12
CAND02881,Customer Support,Entry,1.8,Bachelor,75.9,58.4,73.6,7.87,3,7.99,4.75,1,1,3.5,0.85,68.3,74.5,9.1,2024-03-03,0,1.89,0,21
CAND02882,UX Designer,Entry,1.7,Bachelor,92.7,59.2,67.2,6.41,4,6.22,3.99,1,1,0.52,0.94,50.4,55.9,10.9,2024-02-19,0,1.91,0,4
CAND02883,Operations Manager,Mid,5.8,Master,100.0,84.1,49.3,7.16,3,7.65,4.68,1,2,6.13,1.09,85.2,81.1,-4.8,2023-11-08,1,2.52,1,8
CAND02884,Software Engineer,Senior,11.1,Master,94.3,50.7,78.6,7.49,5,8.23,3.03,1,4,1.92,1.62,54.9,53.5,-2.5,2024-10-29,0,1.65,1,4
CAND02885,UX Designer,Entry,1.0,PhD,61.3,59.4,59.9,7.05,5,7.51,4.72,1,1,5.13,2.69,73.0,72.0,-1.3,2024-05-30,0,2.92,0,10
CAND02886,Data Scientist,Entry,0.8,Bachelor,61.7,61.0,82.8,5.63,4,7.36,4.02,1,1,2.55,2.21,72.6,75.2,3.6,2023-12-12,0,3.15,1,12
CAND02887,UX Designer,Mid,3.1,Bachelor,57.8,51.4,57.2,6.29,4,7.43,4.45,1,1,6.05,3.24,82.2,88.2,7.3,2024-09-09,1,3.34,1,5
CAND02888,Operations Manager,Entry,0.6,Bachelor,82.9,66.0,71.6,7.81,5,7.59,4.2,1,1,2.77,1.82,55.4,58.2,5.0,2023-12-13,1,3.84,1,11
CAND02889,Marketing Specialist,Mid,5.6,PhD,76.2,87.3,35.7,6.45,4,6.65,4.12,1,2,0.6,3.77,87.9,96.7,10.0,2023-11-16,1,4.56,1,13
CAND02890,UX Designer,Entry,1.3,Bachelor,63.4,24.7,87.2,7.09,3,8.04,3.88,1,1,1.36,2.76,54.2,61.0,12.6,2024-08-17,0,2.6,1,13
CAND02891,Customer Support,Senior,8.8,Bachelor,100.0,60.7,47.4,5.76,5,6.83,3.8,1,3,1.38,2.45,50.2,54.5,8.6,2024-08-01,1,3.43,1,2
CAND02892,Operations Manager,Senior,10.7,PhD,67.3,86.3,48.4,9.59,4,7.5,4.65,1,4,0.66,1.75,41.8,46.7,11.9,2024-03-28,0,3.16,0,19
CAND02893,Sales Representative,Entry,1.0,PhD,65.8,87.9,47.9,6.21,5,7.27,4.32,1,1,1.05,0.71,56.2,61.2,8.8,2024-07-18,1,4.23,0,7
CAND02894,Marketing Specialist,Mid,3.1,Master,69.8,97.3,57.8,5.94,5,6.53,4.1,1,1,1.13,2.11,86.3,93.1,7.9,2023-12-07,1,3.05,1,7
CAND02895,Operations Manager,Entry,1.3,Master,74.5,69.3,85.9,8.68,3,5.72,4.85,1,1,0.82,2.19,28.2,29.8,5.4,2024-06-10,0,1.9,0,14
CAND02896,UX Designer,Entry,0.6,Master,74.8,29.3,75.8,8.77,4,7.77,4.83,1,1,2.83,0.91,43.7,44.9,2.9,2023-11-29,1,4.18,1,3
CAND02897,Marketing Specialist,Entry,0.5,Master,71.7,62.2,81.4,5.08,4,5.83,3.09,1,1,2.21,0.68,50.8,50.6,-0.3,2024-08-17,0,3.22,0,4
CAND02898,Sales Representative,Mid,3.2,Master,93.4,53.8,74.5,8.29,4,5.2,4.37,1,1,3.18,0.65,42.7,48.2,13.0,2023-11-20,1,3.9,1,9
CAND02899,Data Scientist,Entry,1.6,Bachelor,47.0,57.1,45.7,5.03,5,6.53,4.06,1,1,1.58,1.17,76.7,85.5,11.5,2024-03-05,1,3.56,1,5
CAND02900,Product Manager,Entry,1.3,Associate,42.5,63.8,57.4,7.93,3,6.99,3.84,1,1,2.18,1.69,37.2,41.3,11.0,2024-07-28,0,3.66,1,21
CAND02901,Product Manager,Entry,0.3,Bachelor,63.6,93.5,44.6,7.3,5,7.47,3.96,1,1,6.2,0.34,50.1,51.6,2.9,2024-03-01,0,2.36,1,15
CAND02902,Data Scientist,Entry,1.9,Bachelor,69.9,79.8,68.1,7.75,4,7.3,4.04,1,1,6.44,1.33,37.1,38.4,3.3,2024-02-29,1,4.08,1,4
CAND02903,Customer Support,Entry,0.7,Bachelor,68.5,56.3,89.4,5.78,3,6.28,4.35,1,1,1.68,4.57,57.8,62.8,8.8,2024-07-23,0,2.78,0,15
CAND02904,Software Engineer,Mid,4.4,Bachelor,73.7,56.6,42.3,7.16,3,6.9,3.86,1,1,2.6,0.75,66.4,74.1,11.6,2024-05-08,0,1.35,0,21
CAND02905,Customer Support,Entry,1.5,Associate,63.8,64.9,81.6,8.3,4,6.05,3.53,1,1,4.35,0.54,105.2,103.6,-1.6,2023-11-27,1,4.27,1,3
CAND02906,Product Manager,Entry,0.6,Master,78.6,49.2,83.0,5.35,3,7.63,3.8,1,1,1.73,0.99,26.0,24.7,-4.9,2024-02-24,0,1.2,0,10
CAND02907,Software Engineer,Entry,0.8,Master,86.8,55.7,59.9,8.83,3,8.07,4.69,1,1,3.11,1.72,71.2,72.4,1.6,2024-05-19,0,2.59,1,13
CAND02908,UX Designer,Mid,3.7,Bachelor,75.5,91.2,79.7,9.07,3,6.7,4.56,1,1,4.68,0.39,86.1,88.0,2.2,2023-12-27,0,1.81,0,10
CAND02909,Sales Representative,Mid,4.2,Bachelor,79.5,72.8,56.5,3.65,3,7.87,4.34,1,1,0.95,0.79,88.1,91.9,4.4,2024-01-25,0,2.59,0,17
CAND02910,Sales Representative,Senior,11.7,Bachelor,93.0,99.8,52.1,6.17,4,6.39,3.92,1,4,0.85,2.22,47.8,47.9,0.2,2024-06-28,1,3.29,0,10
CAND02911,Marketing Specialist,Entry,1.0,Master,86.0,61.2,87.4,7.93,4,7.29,3.89,1,1,0.96,2.65,66.5,65.1,-2.2,2024-10-15,0,1.84,0,10
CAND02912,Customer Support,Entry,1.1,Master,96.2,62.1,59.1,8.92,3,6.1,2.42,1,1,0.76,1.38,55.4,61.9,11.7,2023-11-20,0,2.81,0,3
CAND02913,Data Scientist,Entry,1.9,Bachelor,89.1,76.5,88.5,9.37,5,6.97,4.54,1,1,2.52,1.87,37.1,38.4,3.5,2024-10-13,0,1.41,1,6
CAND02914,Operations Manager,Lead,15.9,Bachelor,100.0,48.2,73.2,9.46,4,7.09,4.34,1,6,2.21,0.14,47.9,49.8,4.1,2024-09-12,1,4.49,1,8
CAND02915,Data Scientist,Lead,17.2,Bachelor,100.0,98.0,79.2,8.61,5,6.46,3.93,1,6,2.56,0.43,61.5,60.0,-2.5,2023-12-31,0,1.47,0,17
CAND02916,Data Scientist,Mid,5.4,Associate,68.7,88.7,60.6,6.07,5,7.56,3.82,1,2,5.0,3.68,26.8,27.5,2.7,2024-10-17,0,2.98,1,17
CAND02917,Data Scientist,Mid,3.9,Bachelor,58.8,80.5,22.7,6.01,3,5.91,3.76,1,1,0.58,3.37,69.2,71.8,3.8,2023-12-21,0,1.55,1,29
CAND02918,Data Scientist,Mid,4.1,PhD,88.4,45.9,87.6,6.39,3,7.33,4.71,1,1,2.84,1.33,54.1,52.1,-3.6,2024-05-06,0,1.24,1,14
CAND02919,Product Manager,Entry,0.7,Master,61.7,74.4,80.9,5.8,5,6.55,3.96,1,1,1.4,0.68,38.6,38.3,-0.7,2024-06-11,1,3.33,1,5
CAND02920,Operations Manager,Mid,3.0,PhD,73.0,59.4,83.9,7.53,5,6.39,3.15,1,1,1.84,1.45,56.4,60.0,6.5,2024-02-26,1,4.6,1,2
CAND02921,Data Scientist,Entry,0.0,Master,75.3,74.3,84.5,6.9,3,6.83,3.93,1,1,0.74,0.36,67.3,67.5,0.2,2023-12-12,0,1.67,1,15
CAND02922,Marketing Specialist,Mid,3.2,PhD,87.5,59.8,86.1,7.31,4,7.08,3.63,1,1,6.44,1.14,44.8,46.6,4.2,2024-08-29,1,4.1,0,4
CAND02923,Data Scientist,Mid,4.6,Bachelor,88.8,87.8,58.3,6.97,3,8.18,4.25,1,1,1.28,1.09,71.4,68.0,-4.7,2024-03-28,0,2.55,0,18
CAND02924,UX Designer,Entry,0.0,Bachelor,38.1,62.3,59.2,4.31,3,7.9,4.52,1,1,0.5,2.35,53.1,56.9,7.2,2024-07-05,0,2.69,1,20
CAND02925,Operations Manager,Mid,3.8,Bachelor,100.0,70.8,74.4,6.8,4,6.75,3.51,1,1,1.28,0.42,74.0,83.5,12.9,2024-06-14,0,1.71,1,20
CAND02926,Product Manager,Mid,3.6,Master,81.9,77.2,55.5,7.56,3,5.91,4.32,1,1,1.87,0.89,79.6,80.8,1.4,2024-06-24,1,3.64,0,8
CAND02927,Marketing Specialist,Entry,0.2,Master,86.0,35.0,54.8,4.34,5,6.53,4.91,1,1,4.12,1.62,64.6,64.0,-0.9,2024-04-09,1,4.5,1,5
CAND02928,Marketing Specialist,Senior,7.9,Bachelor,72.6,87.2,87.2,7.5,5,6.24,3.27,1,3,1.11,3.47,76.1,75.3,-0.9,2023-12-03,1,3.08,1,13
CAND02929,Sales Representative,Mid,3.4,Bachelor,70.5,63.7,74.0,9.69,3,6.82,3.22,1,1,5.64,1.72,89.4,100.7,12.6,2024-02-10,0,3.05,0,10
CAND02930,UX Designer,Senior,7.4,Master,100.0,53.9,65.8,6.23,3,7.17,4.16,0,2,1.77,0.77,88.5,100.9,14.1,2024-08-29,0,1.42,0,13
CAND02931,UX Designer,Entry,1.2,Master,98.2,23.7,74.6,5.13,4,8.21,3.89,1,1,2.07,1.91,32.2,36.5,13.3,2024-04-12,0,1.87,1,11
CAND02932,Operations Manager,Entry,1.4,Bachelor,55.8,73.6,39.0,7.97,5,7.05,3.79,1,1,2.23,2.02,68.7,74.9,9.0,2023-11-24,1,4.5,1,11
CAND02933,Marketing Specialist,Mid,5.7,Bachelor,82.5,51.5,32.6,7.02,3,7.28,4.58,1,2,3.52,3.39,38.9,37.1,-4.5,2024-03-26,1,2.61,1,6
CAND02934,Product Manager,Entry,0.5,Bachelor,90.5,90.9,51.4,7.25,3,6.48,4.44,1,1,3.16,2.39,56.3,61.7,9.6,2024-02-17,0,1.66,1,16
CAND02935,Data Scientist,Entry,0.1,PhD,74.0,66.9,87.9,4.79,3,7.68,4.07,0,1,1.94,0.24,48.6,55.0,13.2,2024-05-18,1,2.55,1,2
CAND02936,Marketing Specialist,Mid,5.3,Bachelor,91.0,80.3,60.3,4.75,4,7.06,4.63,1,2,1.02,0.57,50.4,53.1,5.5,2024-08-15,0,2.98,1,14
CAND02937,UX Designer,Senior,11.6,Bachelor,100.0,82.5,62.2,3.53,3,7.37,4.51,1,4,3.65,0.56,31.3,29.9,-4.7,2024-04-20,1,3.54,1,8
CAND02938,Software Engineer,Senior,10.1,Bachelor,93.7,100.0,76.1,6.84,5,6.53,3.01,1,4,0.25,1.65,62.8,68.1,8.4,2023-12-15,0,2.88,0,10
CAND02939,Product Manager,Entry,0.6,PhD,75.0,74.1,68.6,7.91,5,7.06,3.31,1,1,1.06,1.1,74.9,76.5,2.2,2024-10-09,1,3.25,1,10
CAND02940,Customer Support,Senior,9.9,Associate,99.6,96.3,67.6,6.14,4,6.56,4.47,1,3,3.97,3.71,70.9,80.8,13.9,2024-04-16,0,2.52,1,12
CAND02941,Customer Support,Mid,3.9,Bachelor,74.7,51.6,71.7,5.36,5,6.61,4.31,1,1,0.99,2.68,32.1,35.5,10.6,2024-05-31,1,3.7,1,13
CAND02942,Marketing Specialist,Senior,10.6,Bachelor,98.8,75.0,50.0,7.51,3,5.66,3.03,1,4,1.25,0.25,85.1,95.1,11.6,2024-06-17,1,3.85,1,1
CAND02943,Product Manager,Senior,11.6,PhD,100.0,81.2,83.4,8.59,5,6.52,4.65,1,4,9.02,0.82,82.2,91.2,11.0,2024-04-15,1,3.5,1,8
CAND02944,Operations Manager,Mid,3.8,Bachelor,74.6,92.5,73.0,4.23,5,6.84,4.39,1,1,3.92,1.62,53.4,59.8,11.9,2024-07-25,0,2.35,0,11
CAND02945,Operations Manager,Mid,6.0,Bachelor,69.2,76.5,72.0,6.11,5,7.8,4.02,1,2,2.9,2.45,76.9,83.0,7.9,2024-05-15,0,3.07,0,21
CAND02946,UX Designer,Entry,0.1,Bachelor,62.9,65.1,69.1,6.9,3,8.0,4.18,1,1,4.2,0.87,53.7,58.5,8.9,2024-06-06,1,2.49,1,2
CAND02947,Data Scientist,Entry,1.4,Associate,46.3,44.3,65.9,5.87,3,6.65,4.82,1,1,1.91,0.25,67.5,67.8,0.4,2024-02-06,0,2.67,0,9
CAND02948,Marketing Specialist,Entry,0.0,Bachelor,37.8,60.2,64.5,8.26,4,8.57,4.44,1,1,3.64,0.84,58.3,66.6,14.2,2024-09-04,0,3.41,1,16
CAND02949,Customer Support,Entry,0.5,Bachelor,85.5,45.3,38.0,7.81,3,5.36,4.22,1,1,10.04,0.49,59.1,61.5,4.0,2024-09-21,0,1.36,1,17
CAND02950,Customer Support,Mid,6.0,Bachelor,68.0,47.3,63.2,4.35,5,6.33,4.85,1,2,5.57,0.91,58.4,66.3,13.6,2024-05-17,0,1.95,0,12
CAND02951,Product Manager,Senior,10.7,Master,97.9,68.7,87.2,9.22,3,8.5,4.15,0,4,1.67,2.0,53.4,52.1,-2.4,2024-10-24,0,1.85,1,5
CAND02952,Customer Support,Mid,4.8,Bachelor,92.4,87.4,48.1,6.75,3,6.76,3.95,1,1,6.87,3.55,51.3,51.3,-0.0,2024-06-05,1,4.28,1,7
CAND02953,UX Designer,Mid,5.2,PhD,100.0,76.8,60.2,6.96,5,6.63,4.14,1,2,4.18,1.54,91.5,97.1,6.1,2024-09-12,0,1.95,1,13
CAND02954,Software Engineer,Entry,1.8,Bachelor,79.6,91.4,73.7,6.56,4,8.59,3.84,1,1,0.58,1.23,61.5,64.2,4.4,2024-06-28,0,2.6,0,4
CAND02955,Marketing Specialist,Mid,4.2,Bachelor,100.0,64.8,64.5,8.19,3,7.15,3.91,1,1,2.92,1.13,40.5,43.5,7.5,2024-10-14,0,2.81,0,5
CAND02956,Data Scientist,Entry,0.1,Master,61.0,76.4,57.7,3.61,4,7.56,4.0,1,1,1.02,0.9,44.6,45.8,2.8,2024-06-08,0,2.21,0,17
CAND02957,Software Engineer,Mid,5.5,Associate,69.6,62.1,33.6,6.88,4,8.02,3.92,1,2,4.45,1.46,73.6,76.0,3.2,2024-05-18,0,1.35,0,7
CAND02958,Sales Representative,Senior,10.3,PhD,89.8,76.3,44.8,8.33,5,6.93,4.15,1,4,1.4,1.27,69.1,69.6,0.7,2024-01-15,1,4.63,1,2
CAND02959,Sales Representative,Entry,0.3,PhD,100.0,55.2,78.5,7.19,4,8.03,3.92,1,1,1.34,1.7,33.2,36.5,10.0,2024-06-07,0,1.32,0,14
CAND02960,Customer Support,Entry,1.0,Bachelor,64.4,79.3,79.6,5.91,5,6.88,3.46,1,1,8.34,1.06,46.9,47.8,2.1,2024-01-19,1,3.76,1,2
CAND02961,Product Manager,Senior,10.3,Bachelor,100.0,89.7,61.3,6.97,5,7.17,4.32,1,4,3.93,0.8,26.2,26.1,-0.4,2024-04-28,0,2.63,1,10
CAND02962,Sales Representative,Senior,8.4,Bachelor,100.0,84.0,68.0,5.4,3,6.58,3.53,1,3,5.29,2.21,67.6,77.3,14.3,2024-05-24,1,4.21,1,6
CAND02963,Sales Representative,Mid,4.7,Bachelor,57.8,65.4,63.2,3.92,4,6.48,3.43,1,1,0.45,0.41,69.7,67.3,-3.5,2024-03-20,0,1.68,1,10
CAND02964,Data Scientist,Mid,5.0,Master,73.1,61.2,49.2,5.3,3,6.75,4.8,1,2,1.99,1.13,38.0,40.7,7.2,2023-11-09,0,1.82,1,14
CAND02965,UX Designer,Lead,14.1,Master,100.0,81.2,26.5,8.54,4,7.47,4.19,1,5,3.94,0.6,31.2,35.5,14.0,2024-09-27,0,1.96,1,35
CAND02966,Data Scientist,Entry,0.4,Master,81.8,46.2,82.6,5.27,3,5.97,2.16,1,1,0.57,0.56,44.1,44.0,-0.2,2024-04-04,0,3.33,1,13
CAND02967,Product Manager,Entry,0.7,Bachelor,71.7,76.5,86.2,8.11,4,7.25,4.37,1,1,3.36,0.34,55.9,54.1,-3.2,2024-07-21,0,2.2,0,16
CAND02968,Operations Manager,Entry,1.5,Bachelor,33.4,71.1,93.0,6.33,3,7.63,3.37,1,1,1.52,2.11,86.8,88.8,2.3,2024-05-02,1,3.7,1,1
CAND02969,UX Designer,Senior,9.8,Bachelor,94.3,68.1,78.6,5.19,5,7.3,4.21,1,3,0.71,0.07,120.6,137.4,13.9,2024-01-26,0,1.34,1,21
CAND02970,UX Designer,Senior,10.9,Bachelor,100.0,89.5,76.0,7.37,4,7.39,4.5,1,4,1.17,0.48,58.7,64.1,9.3,2024-01-13,0,1.2,1,13
CAND02971,Operations Manager,Mid,5.9,Master,100.0,60.3,87.0,2.57,5,6.53,4.11,1,2,4.68,1.49,33.8,36.2,7.1,2024-04-05,0,1.13,1,14
CAND02972,Operations Manager,Entry,1.2,Master,34.9,45.2,83.4,6.86,5,7.09,3.3,1,1,0.51,3.27,43.0,43.2,0.3,2024-03-02,0,1.8,0,11
CAND02973,UX Designer,Entry,0.2,Associate,95.2,48.1,90.8,6.29,3,6.04,3.81,1,1,4.59,2.43,93.5,99.9,6.9,2024-08-26,1,3.98,0,5
CAND02974,Product Manager,Mid,5.7,Bachelor,70.5,72.5,58.4,7.13,4,6.95,4.87,1,2,7.72,0.78,67.8,76.5,12.9,2023-11-09,0,1.98,1,12
CAND02975,Operations Manager,Mid,3.3,Bachelor,96.6,53.3,76.5,7.03,3,7.55,4.34,1,1,2.57,1.15,46.1,50.2,9.0,2023-11-13,0,2.14,0,20
CAND02976,Data Scientist,Senior,10.8,Master,89.6,65.4,39.1,6.18,5,7.04,4.27,0,4,1.63,1.26,76.2,81.7,7.2,2024-07-22,0,1.25,0,14
CAND02977,Operations Manager,Senior,9.8,Master,93.7,63.6,43.8,3.93,4,7.38,4.92,1,3,4.43,1.01,68.7,68.3,-0.6,2024-10-22,0,2.26,1,15
CAND02978,Product Manager,Entry,0.2,Master,98.1,52.5,86.5,8.48,5,7.51,3.71,1,1,1.45,2.15,67.4,66.5,-1.3,2024-05-02,0,1.74,0,9
CAND02979,Data Scientist,Senior,8.0,Master,100.0,91.8,92.1,4.4,5,6.33,3.09,1,3,0.52,0.58,31.0,31.2,0.7,2024-04-12,1,4.03,1,2
CAND02980,Data Scientist,Senior,11.2,Bachelor,100.0,81.3,59.0,5.75,3,6.54,3.81,1,4,1.37,3.95,46.6,46.7,0.1,2024-05-02,0,1.7,1,4
CAND02981,Customer Support,Entry,1.5,PhD,74.8,44.8,80.6,5.33,3,6.94,2.36,1,1,5.15,0.67,52.3,52.6,0.5,2024-02-14,0,2.67,1,5
CAND02982,Product Manager,Mid,3.0,Master,81.6,24.9,45.0,8.73,3,6.96,3.54,1,1,3.55,2.47,71.3,81.8,14.7,2024-05-01,0,1.84,1,11
CAND02983,Customer Support,Senior,11.0,Master,94.0,87.7,78.8,7.46,4,6.51,4.3,1,4,2.34,0.16,32.5,36.9,13.5,2024-06-05,0,3.34,0,15
CAND02984,Customer Support,Entry,0.7,PhD,52.7,44.8,26.7,3.57,4,8.37,4.36,1,1,2.23,0.6,80.0,82.4,3.0,2024-10-24,0,2.44,0,15
CAND02985,Product Manager,Lead,13.2,Master,85.6,100.0,48.9,4.72,3,7.09,3.78,1,5,2.16,1.49,98.3,108.4,10.2,2024-01-11,0,2.33,0,26
CAND02986,UX Designer,Mid,3.7,Master,88.3,62.6,63.0,6.81,3,6.97,4.65,1,1,4.36,1.14,43.6,45.0,3.2,2024-06-04,1,3.56,1,9
CAND02987,Customer Support,Senior,11.3,Bachelor,88.8,99.5,87.7,6.55,3,7.6,4.42,1,4,1.01,1.38,42.4,48.4,14.0,2024-08-06,0,2.36,1,17
CAND02988,Operations Manager,Mid,5.7,Bachelor,99.7,55.6,51.0,4.72,3,6.39,4.73,1,2,2.89,0.41,102.1,111.9,9.6,2024-09-06,0,1.61,0,30
CAND02989,Marketing Specialist,Mid,3.4,Master,80.0,61.1,48.3,8.82,3,7.19,4.4,1,1,2.52,0.49,34.1,32.5,-4.5,2024-10-16,1,4.63,1,3
CAND02990,UX Designer,Mid,5.4,Bachelor,81.8,42.6,80.4,3.2,4,7.29,3.89,1,2,1.46,1.6,40.4,41.2,2.0,2024-01-19,1,4.77,1,7
CAND02991,Customer Support,Mid,3.3,Master,100.0,65.4,64.6,8.69,5,7.06,3.67,1,1,3.84,1.83,61.5,64.4,4.6,2024-03-21,1,3.16,1,5
CAND02992,Marketing Specialist,Mid,3.7,Master,60.0,90.7,88.2,9.0,4,7.07,3.42,1,1,2.46,0.85,37.0,42.4,14.5,2024-03-09,0,2.67,0,17
CAND02993,Product Manager,Mid,3.4,Master,76.0,66.9,45.0,6.05,3,7.57,4.63,1,1,1.51,1.96,83.1,88.0,5.9,2024-02-23,1,2.8,1,5
CAND02994,Operations Manager,Mid,5.0,Bachelor,58.5,49.9,68.8,7.71,4,6.95,4.51,1,2,2.56,0.09,62.1,69.9,12.6,2023-12-02,0,2.06,0,10
CAND02995,Operations Manager,Entry,0.9,Master,51.5,51.8,74.3,5.27,3,7.38,4.48,1,1,1.42,0.42,80.0,90.6,13.1,2024-05-25,0,1.13,0,8
CAND02996,Data Scientist,Mid,5.9,Master,44.6,39.1,45.5,9.11,5,6.38,4.42,1,2,3.51,0.96,62.7,71.7,14.5,2023-12-03,1,3.8,1,9
CAND02997,UX Designer,Mid,4.2,Bachelor,71.8,81.9,73.5,5.92,4,7.87,4.34,0,1,4.25,1.71,49.4,55.9,13.2,2024-07-11,0,1.91,0,12
CAND02998,UX Designer,Mid,3.9,Bachelor,75.0,66.5,46.8,7.11,4,6.41,3.08,1,1,1.47,0.32,38.8,42.4,9.4,2024-02-05,0,1.75,0,16
CAND02999,Software Engineer,Senior,8.4,Associate,100.0,92.1,47.3,7.01,5,6.78,4.84,1,3,1.42,0.37,56.1,59.4,5.8,2024-03-26,1,3.41,1,6
CAND03000,Customer Support,Senior,9.8,Master,85.2,85.9,71.7,8.2,5,5.56,4.37,0,3,1.49,0.19,80.6,80.8,0.1,2024-09-23,0,1.18,0,10
