enrollment_id,learner_id,course_id,enroll_date,completion_date,is_completed,progress_pct,time_spent_hours,video_watch_pct,quiz_score_avg,num_quiz_attempts,assignments_completed,user_rating,days_to_complete
ENR000001,LRN00001,CRS0029,2024-06-21,,0,37,11.5,34.2,83.1,1,4,,
ENR000002,LRN00001,CRS0034,2024-02-05,,0,19,12.4,11.2,,0,5,,
ENR000003,LRN00002,CRS0080,2024-02-06,,0,24,5.9,18.0,70.4,1,2,,
ENR000004,LRN00003,CRS0039,2026-02-15,2026-04-04,1,100,72.2,100.0,36.7,5,29,4.1,48.0
ENR000005,LRN00004,CRS0046,2025-08-08,,0,44,9.0,39.5,68.1,2,3,,
ENR000006,LRN00004,CRS0176,2025-09-25,,0,31,1.1,25.5,62.2,1,1,,
ENR000007,LRN00004,CRS0009,2026-01-05,,0,34,14.4,29.3,54.7,1,7,,
ENR000008,LRN00005,CRS0155,2025-03-04,2025-04-29,1,100,60.6,100.0,38.5,5,24,4.7,56.0
ENR000009,LRN00006,CRS0073,2024-03-29,,0,35,10.6,43.3,38.2,1,5,,
ENR000010,LRN00006,CRS0095,2024-03-16,,0,41,27.4,54.8,36.0,2,12,,
ENR000011,LRN00006,CRS0093,2024-02-22,,0,52,13.2,45.7,48.7,2,7,,
ENR000012,LRN00006,CRS0112,2024-02-05,,0,37,2.7,26.6,58.4,1,1,,
ENR000013,LRN00006,CRS0164,2024-01-17,,0,14,3.7,18.5,,0,1,,
ENR000014,LRN00006,CRS0146,2024-05-19,,0,3,0.2,0.0,,0,0,,
ENR000015,LRN00006,CRS0122,2023-12-27,,0,15,7.6,13.5,,0,5,,
ENR000016,LRN00006,CRS0010,2024-04-05,,0,30,2.5,41.5,79.1,1,1,,
ENR000017,LRN00006,CRS0115,2024-03-01,,0,22,6.2,26.5,65.7,1,3,,
ENR000018,LRN00006,CRS0028,2024-01-01,,0,58,8.5,49.6,42.8,2,5,,
ENR000019,LRN00006,CRS0139,2024-04-14,,0,10,3.0,11.8,,0,1,,
ENR000020,LRN00006,CRS0132,2024-04-25,,0,26,2.3,14.0,87.7,1,2,,
ENR000021,LRN00006,CRS0153,2023-12-14,,0,24,15.7,27.9,71.0,1,6,,
ENR000022,LRN00006,CRS0129,2024-01-23,,0,33,7.1,45.9,87.7,1,2,,
ENR000023,LRN00006,CRS0048,2024-01-10,2024-11-01,1,100,66.4,90.3,65.1,5,23,4.1,296.0
ENR000024,LRN00007,CRS0020,2025-06-28,,0,7,2.5,13.5,,0,1,,
ENR000025,LRN00007,CRS0009,2025-05-21,,0,19,6.4,14.7,,0,3,,
ENR000026,LRN00007,CRS0198,2025-09-24,,0,29,6.8,42.7,46.2,1,3,,
ENR000027,LRN00008,CRS0006,2025-07-20,,0,8,0.2,0.0,,0,0,,
ENR000028,LRN00009,CRS0160,2024-03-19,,0,26,12.1,27.0,59.5,1,6,,
ENR000029,LRN00009,CRS0072,2024-01-30,,0,46,11.8,36.8,70.6,2,6,,
ENR000030,LRN00010,CRS0200,2024-08-01,,0,29,8.0,31.6,26.0,1,4,,
ENR000031,LRN00011,CRS0130,2024-09-23,,0,13,1.5,17.4,,0,1,,
ENR000032,LRN00011,CRS0144,2024-09-13,,0,30,16.5,35.1,82.5,1,9,,
ENR000033,LRN00011,CRS0070,2024-08-05,2024-09-02,1,100,9.3,92.8,58.1,5,7,4.0,28.0
ENR000034,LRN00011,CRS0127,2024-10-29,,0,41,7.7,33.9,47.0,2,6,,
ENR000035,LRN00011,CRS0142,2024-07-01,,0,22,5.8,20.3,60.2,1,2,,
ENR000036,LRN00011,CRS0121,2024-12-05,,0,52,5.3,46.7,60.9,2,4,,
ENR000037,LRN00011,CRS0146,2024-11-14,,0,23,2.3,36.1,77.8,1,0,,
ENR000038,LRN00011,CRS0141,2024-07-01,,0,55,23.3,64.6,41.7,2,16,,
ENR000039,LRN00012,CRS0146,2025-05-23,,0,34,3.6,30.5,66.0,1,1,,
ENR000040,LRN00012,CRS0079,2025-04-19,,0,30,4.1,24.5,61.5,1,2,,
ENR000041,LRN00013,CRS0102,2025-01-03,,0,16,10.5,28.2,,0,4,,
ENR000042,LRN00013,CRS0178,2024-09-05,,0,9,1.7,23.9,,0,1,,
ENR000043,LRN00013,CRS0060,2024-09-21,,0,13,6.1,20.4,,0,3,,
ENR000044,LRN00013,CRS0181,2024-08-17,,0,30,13.1,40.6,55.0,1,6,,
ENR000045,LRN00013,CRS0189,2024-09-08,,0,16,13.7,9.9,,0,5,,
ENR000046,LRN00013,CRS0184,2025-01-04,,0,36,25.9,31.1,58.2,1,9,,
ENR000047,LRN00013,CRS0183,2024-08-21,,0,24,7.7,26.2,50.2,1,5,,
ENR000048,LRN00013,CRS0069,2024-09-13,,0,19,1.5,10.7,,0,1,,
ENR000049,LRN00013,CRS0078,2024-10-17,,0,4,2.0,6.8,,0,1,,
ENR000050,LRN00013,CRS0171,2024-08-05,2024-11-22,1,100,22.6,98.0,53.7,5,11,4.3,109.0
ENR000051,LRN00013,CRS0193,2024-10-05,,0,13,5.1,5.8,,0,2,,
ENR000052,LRN00013,CRS0168,2024-09-07,,0,56,5.9,50.0,85.9,2,4,,
ENR000053,LRN00013,CRS0049,2024-12-14,,0,12,7.3,14.7,,0,2,,
ENR000054,LRN00013,CRS0169,2024-07-30,2024-11-19,1,100,24.5,98.2,44.8,5,9,3.5,112.0
ENR000055,LRN00014,CRS0181,2025-02-27,,0,14,7.4,15.6,,0,2,,
ENR000056,LRN00014,CRS0123,2025-04-19,,0,49,17.2,42.2,67.8,2,11,,
ENR000057,LRN00014,CRS0011,2024-11-10,2024-11-26,1,100,29.3,97.5,53.3,5,12,3.4,16.0
ENR000058,LRN00014,CRS0035,2025-02-04,2025-02-09,1,100,11.6,100.0,58.1,5,5,4.7,5.0
ENR000059,LRN00015,CRS0104,2025-05-19,2025-05-28,1,100,6.1,97.5,47.1,5,2,3.8,9.0
ENR000060,LRN00016,CRS0086,2024-08-20,,0,42,3.2,48.8,62.3,2,2,,
ENR000061,LRN00016,CRS0138,2024-12-16,,0,45,17.7,52.7,75.4,2,13,,
ENR000062,LRN00017,CRS0125,2024-12-06,2025-03-21,1,100,99.0,99.8,58.1,5,33,3.8,105.0
ENR000063,LRN00018,CRS0010,2024-07-02,,0,19,1.5,11.5,,0,1,,
ENR000064,LRN00019,CRS0028,2025-01-01,,0,43,5.4,39.9,75.0,2,4,,
ENR000065,LRN00020,CRS0081,2024-06-07,2024-07-28,1,100,57.3,88.0,70.8,5,21,4.3,51.0
ENR000066,LRN00020,CRS0195,2024-06-08,,0,29,17.8,39.4,61.5,1,6,,
ENR000067,LRN00020,CRS0111,2024-06-03,2024-08-01,1,100,71.3,100.0,74.8,5,27,3.7,59.0
ENR000068,LRN00020,CRS0085,2024-05-09,2024-06-04,1,100,36.5,100.0,63.2,5,12,4.0,26.0
ENR000069,LRN00020,CRS0031,2024-05-05,,0,22,13.2,15.3,90.2,1,6,,
ENR000070,LRN00020,CRS0186,2024-09-06,,0,6,1.8,0.0,,0,1,,
ENR000071,LRN00020,CRS0112,2024-05-05,2024-05-10,1,100,8.0,100.0,66.4,5,4,3.8,5.0
ENR000072,LRN00020,CRS0117,2024-07-26,2024-09-15,1,100,69.8,87.3,64.4,5,28,4.1,51.0
ENR000073,LRN00020,CRS0030,2024-07-17,2024-09-15,1,100,84.8,100.0,60.1,5,32,4.2,60.0
ENR000074,LRN00020,CRS0198,2024-08-01,2024-08-20,1,100,26.3,100.0,70.8,5,12,4.5,19.0
ENR000075,LRN00020,CRS0115,2024-08-18,,0,22,3.9,23.2,45.0,1,3,,
ENR000076,LRN00020,CRS0097,2024-05-04,2024-05-15,1,100,12.2,100.0,43.8,5,6,4.5,11.0
ENR000077,LRN00020,CRS0104,2024-06-08,2024-06-13,1,100,5.6,100.0,52.4,5,2,4.9,5.0
ENR000078,LRN00020,CRS0108,2024-08-05,,0,29,8.0,34.1,94.2,1,3,,
ENR000079,LRN00020,CRS0086,2024-09-13,,0,27,1.4,41.5,66.4,1,1,,
ENR000080,LRN00021,CRS0179,2025-01-03,,0,19,2.3,15.2,,0,1,,
ENR000081,LRN00021,CRS0185,2025-04-18,,0,22,6.2,30.4,65.0,1,2,,
ENR000082,LRN00021,CRS0192,2025-05-09,,0,36,27.3,32.9,74.7,1,10,,
ENR000083,LRN00021,CRS0142,2025-01-08,,0,8,1.6,0.7,,0,0,,
ENR000084,LRN00022,CRS0097,2024-11-29,2024-12-10,1,100,13.8,100.0,54.2,5,6,4.2,11.0
ENR000085,LRN00022,CRS0150,2024-11-25,,0,7,4.2,17.5,,0,2,,
ENR000086,LRN00022,CRS0125,2024-11-18,2025-01-11,1,100,83.9,93.3,73.5,5,33,3.6,54.0
ENR000087,LRN00022,CRS0033,2025-02-28,,0,12,5.0,0.9,,0,3,,
ENR000088,LRN00022,CRS0113,2025-03-30,,0,16,1.6,5.7,,0,1,,
ENR000089,LRN00022,CRS0143,2024-11-09,,0,22,1.2,14.4,67.9,1,0,,
ENR000090,LRN00023,CRS0033,2024-04-02,,0,36,15.6,46.6,51.2,1,11,,
ENR000091,LRN00023,CRS0046,2024-06-03,,0,39,9.0,44.4,79.0,1,3,,
ENR000092,LRN00023,CRS0188,2024-06-22,2024-07-16,1,100,26.7,98.8,39.4,5,12,3.7,24.0
ENR000093,LRN00024,CRS0093,2024-03-28,,0,15,3.2,3.1,,0,2,,
ENR000094,LRN00024,CRS0168,2024-04-02,,0,26,1.9,21.1,31.2,1,1,,
ENR000095,LRN00024,CRS0184,2024-06-20,2024-10-06,1,100,79.7,100.0,42.9,5,25,4.9,108.0
ENR000096,LRN00025,CRS0172,2024-08-03,,0,33,1.8,36.9,94.0,1,1,,
ENR000097,LRN00025,CRS0011,2024-12-05,,0,47,17.0,41.0,80.1,2,6,,
ENR000098,LRN00026,CRS0069,2024-12-07,,0,32,1.8,38.1,77.8,1,1,,
ENR000099,LRN00027,CRS0028,2024-12-03,,0,32,5.7,27.2,21.1,1,3,,
ENR000100,LRN00027,CRS0051,2024-12-15,,0,14,10.8,1.6,,0,4,,
ENR000101,LRN00028,CRS0060,2024-10-23,,0,41,26.1,55.7,86.7,2,9,,
ENR000102,LRN00028,CRS0116,2024-09-21,,0,13,8.8,21.1,,0,4,,
ENR000103,LRN00028,CRS0097,2024-09-30,2024-10-12,1,100,13.9,100.0,40.0,5,6,3.9,12.0
ENR000104,LRN00028,CRS0093,2024-09-16,,0,5,1.0,0.0,,0,0,,
ENR000105,LRN00028,CRS0084,2024-10-01,2024-10-15,1,100,11.9,90.6,90.0,5,4,3.6,14.0
ENR000106,LRN00028,CRS0103,2024-10-10,,0,19,5.5,15.6,,0,4,,
ENR000107,LRN00029,CRS0038,2024-01-21,,0,40,24.8,49.5,76.8,2,9,,
ENR000108,LRN00029,CRS0010,2024-05-26,2024-06-05,1,100,10.1,100.0,61.6,5,6,4.2,10.0
ENR000109,LRN00029,CRS0006,2024-04-02,2024-04-07,1,100,5.7,89.1,68.6,5,2,4.2,5.0
ENR000110,LRN00029,CRS0138,2024-02-27,2024-05-13,1,100,79.0,100.0,44.9,5,30,3.7,76.0
ENR000111,LRN00029,CRS0018,2024-02-27,,0,8,0.6,4.3,,0,0,,
ENR000112,LRN00029,CRS0017,2024-02-26,,0,38,4.8,26.8,85.5,1,3,,
ENR000113,LRN00029,CRS0024,2023-12-24,,0,75,29.5,63.4,70.1,3,11,,
ENR000114,LRN00029,CRS0020,2024-03-27,2024-06-12,1,100,59.8,100.0,59.2,5,25,4.3,77.0
ENR000115,LRN00029,CRS0025,2024-05-06,,0,11,1.6,2.3,,0,0,,
ENR000116,LRN00029,CRS0031,2024-05-10,2024-08-19,1,100,78.9,100.0,68.6,5,31,4.6,101.0
ENR000117,LRN00030,CRS0008,2025-04-16,,0,29,1.7,41.6,40.9,1,1,,
ENR000118,LRN00031,CRS0027,2024-07-27,,0,46,15.0,42.1,40.3,2,6,,
ENR000119,LRN00031,CRS0030,2024-09-25,,0,20,14.4,20.4,,0,6,,
ENR000120,LRN00031,CRS0013,2024-11-08,,0,46,10.5,57.9,77.2,2,5,,
ENR000121,LRN00031,CRS0051,2024-10-04,,0,46,15.0,60.7,31.5,2,13,,
ENR000122,LRN00031,CRS0019,2024-07-28,2024-09-25,1,100,58.4,97.8,92.4,5,20,4.4,59.0
ENR000123,LRN00031,CRS0035,2024-11-12,2024-11-24,1,100,11.7,87.3,62.0,5,5,4.7,12.0
ENR000124,LRN00031,CRS0015,2024-09-30,,0,10,2.9,8.9,,0,1,,
ENR000125,LRN00032,CRS0022,2025-02-17,2025-07-20,1,100,67.5,96.3,61.1,5,27,4.2,153.0
ENR000126,LRN00033,CRS0085,2025-10-08,,0,29,9.4,27.8,71.3,1,3,,
ENR000127,LRN00033,CRS0161,2025-11-14,,0,26,13.0,13.2,38.1,1,7,,
ENR000128,LRN00034,CRS0056,2026-02-16,2026-04-10,1,100,28.2,100.0,67.1,5,14,2.2,53.0
ENR000129,LRN00034,CRS0052,2026-03-07,,0,10,3.7,2.4,,0,1,,
ENR000130,LRN00034,CRS0178,2025-10-04,2025-11-18,1,100,22.8,100.0,48.1,5,11,3.5,45.0
ENR000131,LRN00034,CRS0053,2025-10-10,,0,31,1.5,17.9,88.0,1,1,,
ENR000132,LRN00035,CRS0103,2025-05-06,,0,15,6.1,11.4,,0,3,,
ENR000133,LRN00035,CRS0113,2025-09-01,2025-09-11,1,100,15.8,89.7,47.3,5,8,4.6,10.0
ENR000134,LRN00035,CRS0096,2025-08-26,,0,24,1.9,37.0,75.2,1,1,,
ENR000135,LRN00035,CRS0106,2025-04-10,2025-04-30,1,100,22.5,100.0,38.3,5,12,4.6,20.0
ENR000136,LRN00035,CRS0114,2025-07-18,2025-08-31,1,100,50.2,100.0,75.4,5,18,4.2,44.0
ENR000137,LRN00035,CRS0109,2025-04-27,,0,19,3.9,15.6,,0,2,,
ENR000138,LRN00036,CRS0027,2025-04-07,2025-05-12,1,100,35.0,100.0,61.8,5,14,3.1,35.0
ENR000139,LRN00037,CRS0099,2025-03-16,,0,9,0.3,15.9,,0,0,,
ENR000140,LRN00038,CRS0191,2024-08-16,2024-09-04,1,100,13.9,99.8,89.5,5,7,4.3,19.0
ENR000141,LRN00039,CRS0097,2025-11-30,,0,2,0.2,0.0,,0,0,,
ENR000142,LRN00039,CRS0105,2025-10-06,,0,17,1.5,3.4,,0,0,,
ENR000143,LRN00040,CRS0013,2025-10-04,,0,43,13.6,57.2,29.7,2,5,,
ENR000144,LRN00040,CRS0022,2025-05-14,,0,14,5.0,24.7,,0,3,,
ENR000145,LRN00041,CRS0155,2025-06-05,,0,15,9.3,16.8,,0,3,,
ENR000146,LRN00041,CRS0001,2025-05-09,,0,33,2.2,27.5,75.3,1,1,,
ENR000147,LRN00041,CRS0148,2025-01-09,,0,9,0.3,19.0,,0,0,,
ENR000148,LRN00041,CRS0123,2025-01-21,,0,18,5.5,30.7,,0,4,,
ENR000149,LRN00041,CRS0154,2025-05-06,,0,45,3.8,48.9,69.6,2,2,,
ENR000150,LRN00041,CRS0128,2025-06-19,,0,41,13.2,32.2,60.4,2,7,,
ENR000151,LRN00041,CRS0131,2025-01-10,,0,24,2.2,25.4,69.7,1,0,,
ENR000152,LRN00042,CRS0024,2024-06-09,,0,48,16.5,41.9,75.0,2,7,,
ENR000153,LRN00042,CRS0173,2024-04-06,,0,25,13.5,27.9,84.2,1,6,,
ENR000154,LRN00042,CRS0169,2024-07-13,,0,28,3.1,30.9,75.7,1,2,,
ENR000155,LRN00043,CRS0044,2025-04-25,2025-08-26,1,100,42.8,100.0,42.3,5,20,3.3,123.0
ENR000156,LRN00044,CRS0144,2024-05-01,,0,19,10.9,26.0,,0,5,,
ENR000157,LRN00045,CRS0170,2025-05-01,,0,34,1.8,27.4,76.5,1,1,,
ENR000158,LRN00045,CRS0151,2025-03-10,,0,16,11.5,28.0,,0,5,,
ENR000159,LRN00045,CRS0041,2025-04-18,2025-05-20,1,100,28.1,95.6,78.0,5,11,2.9,32.0
ENR000160,LRN00045,CRS0128,2024-12-02,,0,21,6.6,26.8,79.0,1,4,,
ENR000161,LRN00045,CRS0136,2024-12-31,2025-03-25,1,100,66.3,100.0,81.7,5,28,4.4,84.0
ENR000162,LRN00045,CRS0157,2025-02-24,,0,36,11.4,35.1,60.4,1,5,,
ENR000163,LRN00045,CRS0153,2025-01-09,2025-04-20,1,100,76.5,85.1,58.9,5,28,4.4,101.0
ENR000164,LRN00045,CRS0134,2024-11-14,,0,12,1.5,16.9,,0,0,,
ENR000165,LRN00046,CRS0066,2025-07-09,2025-09-05,1,100,15.1,97.5,65.4,5,7,4.7,58.0
ENR000166,LRN00046,CRS0130,2025-05-25,2025-08-06,1,100,18.0,92.2,34.2,5,11,3.8,73.0
ENR000167,LRN00047,CRS0096,2025-04-19,2025-05-14,1,100,13.7,100.0,66.9,5,8,4.1,25.0
ENR000168,LRN00047,CRS0083,2025-05-22,2025-08-10,1,100,51.8,95.4,62.3,5,21,4.4,80.0
ENR000169,LRN00047,CRS0095,2025-03-27,,0,33,25.4,27.7,88.1,1,10,,
ENR000170,LRN00047,CRS0169,2025-05-21,,0,12,1.8,24.0,,0,1,,
ENR000171,LRN00047,CRS0088,2025-06-24,,0,28,2.8,30.0,24.3,1,2,,
ENR000172,LRN00047,CRS0093,2025-01-25,,0,64,16.4,62.9,45.6,3,9,,
ENR000173,LRN00047,CRS0191,2025-04-21,,0,12,1.7,19.0,,0,0,,
ENR000174,LRN00047,CRS0060,2025-01-27,,0,25,9.9,32.4,63.1,1,6,,
ENR000175,LRN00047,CRS0133,2025-06-04,,0,34,1.9,32.9,88.1,1,1,,
ENR000176,LRN00047,CRS0074,2025-05-22,2025-08-04,1,100,52.3,88.1,58.5,5,24,4.0,74.0
ENR000177,LRN00047,CRS0099,2025-06-09,2025-06-18,1,100,6.9,87.1,44.7,5,4,4.6,9.0
ENR000178,LRN00047,CRS0112,2025-04-01,,0,28,1.5,32.8,53.7,1,1,,
ENR000179,LRN00047,CRS0081,2025-04-22,,0,13,5.4,27.5,,0,2,,
ENR000180,LRN00047,CRS0113,2025-01-24,,0,27,2.3,40.8,78.3,1,2,,
ENR000181,LRN00047,CRS0120,2025-02-03,2025-02-10,1,100,6.8,96.5,37.5,5,3,4.5,7.0
ENR000182,LRN00048,CRS0176,2025-10-27,,0,49,2.0,39.9,51.1,2,2,,
ENR000183,LRN00048,CRS0200,2025-11-11,,0,36,7.5,24.0,77.7,1,5,,
ENR000184,LRN00049,CRS0044,2025-02-25,,0,15,7.8,23.5,,0,3,,
ENR000185,LRN00050,CRS0166,2025-10-19,2025-11-01,1,100,11.2,92.8,61.7,5,4,4.2,13.0
ENR000186,LRN00050,CRS0154,2025-08-12,,0,42,4.0,56.9,71.2,2,2,,
ENR000187,LRN00051,CRS0112,2025-03-31,2025-04-21,1,100,7.2,91.6,41.4,5,4,4.1,21.0
ENR000188,LRN00051,CRS0085,2025-05-16,,0,41,6.9,40.6,67.3,2,4,,
ENR000189,LRN00051,CRS0131,2025-06-13,,0,37,2.5,23.9,51.5,1,1,,
ENR000190,LRN00051,CRS0081,2025-02-08,,0,35,10.6,21.6,58.7,1,7,,
ENR000191,LRN00051,CRS0044,2025-06-13,,0,29,9.5,28.2,45.9,1,6,,
ENR000192,LRN00051,CRS0119,2025-04-22,,0,23,1.6,29.3,70.2,1,1,,
ENR000193,LRN00051,CRS0126,2025-05-23,2025-06-21,1,100,11.6,89.8,58.1,5,7,4.1,29.0
ENR000194,LRN00051,CRS0146,2025-07-20,,0,39,2.1,34.7,64.6,1,1,,
ENR000195,LRN00051,CRS0108,2025-06-28,2025-09-08,1,100,30.1,100.0,61.3,5,12,4.8,72.0
ENR000196,LRN00052,CRS0101,2024-09-29,,0,30,3.4,38.1,51.8,1,2,,
ENR000197,LRN00052,CRS0004,2024-07-29,,0,41,15.3,48.8,61.4,2,11,,
ENR000198,LRN00053,CRS0097,2025-03-03,,0,37,5.0,50.1,72.4,1,2,,
ENR000199,LRN00053,CRS0043,2025-01-01,,0,21,4.6,19.0,55.2,1,3,,
ENR000200,LRN00053,CRS0117,2024-12-23,,0,2,1.5,0.0,,0,0,,
ENR000201,LRN00053,CRS0086,2024-11-19,,0,32,2.4,32.4,49.8,1,1,,
ENR000202,LRN00054,CRS0156,2025-04-07,,0,14,1.0,13.2,,0,0,,
ENR000203,LRN00054,CRS0127,2025-07-22,,0,53,12.1,59.9,20.7,2,8,,
ENR000204,LRN00055,CRS0012,2024-09-21,,0,78,8.5,72.5,48.8,3,6,,
ENR000205,LRN00055,CRS0031,2024-06-24,2024-10-26,1,100,76.7,100.0,60.1,5,31,4.3,124.0
ENR000206,LRN00055,CRS0032,2024-07-16,,0,34,3.9,46.9,54.1,1,3,,
ENR000207,LRN00055,CRS0115,2024-05-10,,0,22,4.5,13.7,74.9,1,3,,
ENR000208,LRN00056,CRS0062,2024-07-24,2024-09-03,1,100,17.5,100.0,62.6,5,7,3.9,41.0
ENR000209,LRN00056,CRS0063,2024-10-11,,0,13,1.1,10.5,,0,0,,
ENR000210,LRN00056,CRS0074,2024-06-05,2024-11-03,1,100,55.2,100.0,46.8,5,24,4.7,151.0
ENR000211,LRN00057,CRS0148,2025-05-09,2025-05-12,1,100,6.6,88.5,82.8,5,4,4.5,3.0
ENR000212,LRN00057,CRS0190,2025-02-24,,0,7,2.4,10.2,,0,1,,
ENR000213,LRN00057,CRS0047,2025-01-06,,0,26,2.0,26.9,59.2,1,1,,
ENR000214,LRN00057,CRS0126,2025-02-13,2025-02-19,1,100,16.1,100.0,71.1,5,7,4.4,6.0
ENR000215,LRN00057,CRS0091,2024-12-21,,0,26,1.9,29.1,73.2,1,1,,
ENR000216,LRN00057,CRS0180,2025-04-02,2025-05-08,1,100,75.0,100.0,51.6,5,25,3.3,36.0
ENR000217,LRN00057,CRS0149,2025-04-04,,0,11,0.4,11.7,,0,0,,
ENR000218,LRN00057,CRS0096,2025-05-06,2025-05-14,1,100,18.0,100.0,77.4,5,8,3.8,8.0
ENR000219,LRN00057,CRS0140,2025-05-18,,0,8,3.2,7.6,,0,1,,
ENR000220,LRN00057,CRS0145,2025-02-06,,0,26,8.3,29.3,63.0,1,4,,
ENR000221,LRN00057,CRS0102,2025-05-04,,0,36,14.0,31.5,62.9,1,9,,
ENR000222,LRN00057,CRS0064,2025-04-21,,0,30,8.8,43.2,47.1,1,6,,
ENR000223,LRN00057,CRS0083,2025-04-20,,0,31,17.9,30.6,63.1,1,6,,
ENR000224,LRN00057,CRS0004,2025-03-11,,0,40,18.1,32.4,68.9,2,11,,
ENR000225,LRN00057,CRS0104,2025-03-27,,0,21,1.3,9.3,68.3,1,0,,
ENR000226,LRN00058,CRS0073,2025-10-09,2025-11-09,1,100,30.3,99.1,32.0,5,16,4.7,31.0
ENR000227,LRN00058,CRS0061,2025-11-17,,0,30,9.3,21.3,53.0,1,7,,
ENR000228,LRN00058,CRS0066,2026-02-05,2026-02-17,1,100,14.3,93.4,48.4,5,7,3.2,12.0
ENR000229,LRN00058,CRS0048,2026-01-03,,0,30,19.7,39.8,76.1,1,6,,
ENR000230,LRN00059,CRS0169,2026-01-23,,0,63,11.8,63.2,70.1,3,6,,
ENR000231,LRN00059,CRS0173,2025-12-17,,0,43,23.2,52.3,67.6,2,11,,
ENR000232,LRN00059,CRS0163,2025-09-24,2025-10-17,1,100,15.5,100.0,52.5,5,6,4.6,23.0
ENR000233,LRN00060,CRS0196,2024-09-18,2024-11-17,1,100,34.2,93.3,38.6,5,13,4.2,60.0
ENR000234,LRN00061,CRS0070,2024-10-28,2024-11-05,1,100,11.3,93.8,81.1,5,7,4.5,8.0
ENR000235,LRN00061,CRS0016,2024-10-14,2024-11-12,1,100,44.5,88.6,63.6,5,18,3.0,29.0
ENR000236,LRN00061,CRS0003,2024-11-05,,0,37,3.7,35.0,52.6,1,1,,
ENR000237,LRN00061,CRS0128,2024-11-16,,0,27,12.3,35.7,64.4,1,5,,
ENR000238,LRN00061,CRS0040,2024-09-17,,0,21,8.2,24.0,69.6,1,4,,
ENR000239,LRN00061,CRS0034,2024-07-24,2024-10-02,1,100,69.6,100.0,69.3,5,29,4.5,70.0
ENR000240,LRN00061,CRS0024,2024-09-18,2024-10-20,1,100,42.4,94.6,36.1,5,15,4.4,32.0
ENR000241,LRN00061,CRS0011,2024-07-21,2024-08-18,1,100,38.7,87.4,73.8,5,12,4.3,28.0
ENR000242,LRN00062,CRS0150,2025-08-29,,0,15,10.7,2.4,,0,4,,
ENR000243,LRN00062,CRS0130,2025-10-28,,0,39,4.3,44.7,37.6,1,4,,
ENR000244,LRN00063,CRS0129,2024-12-27,2025-03-05,1,100,25.6,100.0,41.5,5,8,3.4,68.0
ENR000245,LRN00063,CRS0099,2024-09-10,,0,7,0.5,4.9,,0,0,,
ENR000246,LRN00064,CRS0154,2026-01-08,2026-01-20,1,100,11.2,100.0,65.6,5,5,3.9,12.0
ENR000247,LRN00064,CRS0133,2025-11-09,,0,63,5.4,50.4,64.3,3,3,,
ENR000248,LRN00064,CRS0144,2026-01-17,2026-04-05,1,100,72.2,91.9,38.4,5,31,4.7,78.0
ENR000249,LRN00064,CRS0147,2026-01-24,,0,18,3.5,3.3,,0,2,,
ENR000250,LRN00064,CRS0149,2025-12-07,2025-12-13,1,100,5.8,94.9,75.3,5,4,4.1,6.0
ENR000251,LRN00064,CRS0161,2025-09-06,,0,7,5.5,15.2,,0,2,,
ENR000252,LRN00064,CRS0145,2025-11-27,,0,33,7.0,46.4,37.8,1,5,,
ENR000253,LRN00064,CRS0079,2025-11-09,,0,52,7.1,64.0,49.5,2,3,,
ENR000254,LRN00064,CRS0165,2025-12-06,,0,16,11.5,11.4,,0,5,,
ENR000255,LRN00064,CRS0159,2025-09-26,,0,29,2.3,41.9,66.1,1,2,,
ENR000256,LRN00064,CRS0160,2025-11-02,,0,27,10.7,28.9,36.8,1,6,,
ENR000257,LRN00064,CRS0142,2026-01-05,2026-02-05,1,100,31.0,88.6,48.9,5,12,3.7,31.0
ENR000258,LRN00064,CRS0004,2025-12-31,,0,46,27.1,57.1,60.8,2,13,,
ENR000259,LRN00064,CRS0128,2026-01-07,,0,12,5.3,10.2,,0,2,,
ENR000260,LRN00064,CRS0188,2025-12-21,,0,31,6.6,28.0,73.9,1,3,,
ENR000261,LRN00065,CRS0043,2025-11-26,2025-12-13,1,100,40.0,100.0,61.2,5,16,4.0,17.0
ENR000262,LRN00065,CRS0046,2025-09-03,2025-09-16,1,100,18.2,100.0,78.3,5,8,4.2,13.0
ENR000263,LRN00065,CRS0166,2025-12-08,,0,44,4.5,35.0,65.5,2,2,,
ENR000264,LRN00066,CRS0132,2024-06-30,,0,27,3.0,28.8,78.1,1,2,,
ENR000265,LRN00066,CRS0071,2024-05-31,,0,22,1.5,17.8,49.5,1,0,,
ENR000266,LRN00066,CRS0057,2024-05-17,2024-06-12,1,100,21.6,95.6,72.0,5,9,4.6,26.0
ENR000267,LRN00066,CRS0051,2024-06-10,2024-09-09,1,100,74.2,100.0,61.1,5,28,4.9,91.0
ENR000268,LRN00067,CRS0199,2024-08-02,,0,21,6.8,19.6,51.1,1,3,,
ENR000269,LRN00067,CRS0176,2024-09-15,2024-09-19,1,100,5.1,90.4,50.3,5,5,3.4,4.0
ENR000270,LRN00068,CRS0126,2024-12-22,2025-01-09,1,100,12.9,88.4,45.9,5,7,4.0,18.0
ENR000271,LRN00069,CRS0012,2025-12-19,,0,33,2.5,27.2,73.6,1,2,,
ENR000272,LRN00070,CRS0060,2025-10-08,2026-01-25,1,100,56.1,100.0,79.3,5,24,4.4,109.0
ENR000273,LRN00070,CRS0034,2025-10-01,,0,32,11.9,20.0,82.6,1,9,,
ENR000274,LRN00071,CRS0061,2025-11-06,,0,11,3.5,13.2,,0,2,,
ENR000275,LRN00071,CRS0074,2025-08-23,2026-01-06,1,100,64.3,100.0,65.9,5,24,4.0,136.0
ENR000276,LRN00071,CRS0063,2025-12-23,,0,21,1.0,22.9,65.9,1,1,,
ENR000277,LRN00072,CRS0056,2024-06-16,,0,41,6.3,48.4,63.4,2,5,,
ENR000278,LRN00072,CRS0053,2024-02-23,,0,50,2.6,61.3,75.2,2,2,,
ENR000279,LRN00072,CRS0050,2024-02-24,,0,7,0.3,0.0,,0,0,,
ENR000280,LRN00072,CRS0046,2024-04-07,,0,29,3.6,37.6,71.0,1,2,,
ENR000281,LRN00072,CRS0059,2024-06-28,,0,8,1.3,8.3,,0,0,,
ENR000282,LRN00073,CRS0137,2025-02-18,,0,30,14.8,24.8,78.4,1,9,,
ENR000283,LRN00073,CRS0127,2025-01-18,,0,46,9.5,50.7,43.9,2,6,,
ENR000284,LRN00074,CRS0096,2025-03-04,,0,40,6.8,31.5,54.1,2,3,,
ENR000285,LRN00075,CRS0082,2024-05-05,2024-05-17,1,100,9.2,100.0,61.5,5,4,3.3,12.0
ENR000286,LRN00076,CRS0021,2025-09-27,,0,16,2.1,12.3,,0,1,,
ENR000287,LRN00077,CRS0002,2024-07-25,,0,8,1.4,15.2,,0,1,,
ENR000288,LRN00078,CRS0118,2025-03-29,,0,7,3.9,20.4,,0,1,,
ENR000289,LRN00079,CRS0146,2024-11-04,,0,19,2.0,9.8,,0,0,,
ENR000290,LRN00079,CRS0129,2024-09-21,,0,36,4.2,34.2,59.6,1,3,,
ENR000291,LRN00080,CRS0139,2025-01-13,,0,39,16.4,52.3,81.1,1,6,,
ENR000292,LRN00080,CRS0133,2024-12-31,2025-01-11,1,100,7.4,90.2,78.4,5,4,4.2,11.0
ENR000293,LRN00080,CRS0009,2024-10-03,2024-12-24,1,100,44.4,100.0,78.6,5,20,4.0,82.0
ENR000294,LRN00081,CRS0039,2025-07-10,2025-09-11,1,100,74.6,97.1,72.5,5,29,4.6,63.0
ENR000295,LRN00081,CRS0114,2025-08-13,2025-09-22,1,100,52.5,100.0,50.1,5,18,4.3,40.0
ENR000296,LRN00082,CRS0187,2026-01-17,,0,57,44.6,44.5,42.2,2,16,,
ENR000297,LRN00083,CRS0193,2024-09-04,,0,33,8.7,26.7,80.1,1,7,,
ENR000298,LRN00084,CRS0069,2024-03-18,,0,53,2.9,67.5,61.6,2,2,,
ENR000299,LRN00084,CRS0181,2024-06-07,,0,34,9.3,34.6,49.4,1,7,,
ENR000300,LRN00084,CRS0073,2024-04-21,2024-05-31,1,100,42.1,100.0,92.4,5,16,4.6,40.0
ENR000301,LRN00084,CRS0085,2024-03-19,2024-04-16,1,100,28.1,100.0,56.1,5,12,3.9,28.0
ENR000302,LRN00084,CRS0097,2024-05-29,2024-06-14,1,100,12.6,100.0,54.2,5,6,4.0,16.0
ENR000303,LRN00084,CRS0022,2024-01-31,,0,11,5.4,0.0,,0,2,,
ENR000304,LRN00084,CRS0104,2024-04-27,2024-05-03,1,100,5.7,98.5,67.4,5,2,3.9,6.0
ENR000305,LRN00084,CRS0115,2024-02-10,,0,6,2.5,4.9,,0,0,,
ENR000306,LRN00084,CRS0134,2024-06-25,,0,22,2.6,28.2,49.1,1,1,,
ENR000307,LRN00084,CRS0119,2024-01-17,,0,24,3.3,14.1,44.4,1,1,,
ENR000308,LRN00084,CRS0112,2024-01-16,,0,62,4.4,71.0,75.7,3,2,,
ENR000309,LRN00085,CRS0195,2025-02-03,,0,27,15.9,35.8,43.9,1,5,,
ENR000310,LRN00086,CRS0101,2025-02-09,,0,19,1.7,6.2,,0,1,,
ENR000311,LRN00087,CRS0121,2024-10-08,,0,12,1.3,4.4,,0,0,,
ENR000312,LRN00087,CRS0045,2024-08-26,,0,25,2.8,38.4,75.3,1,1,,
ENR000313,LRN00088,CRS0170,2025-01-08,2025-01-10,1,100,6.5,88.9,85.6,5,3,4.0,2.0
ENR000314,LRN00088,CRS0178,2024-11-25,,0,44,11.6,52.6,69.3,2,4,,
ENR000315,LRN00088,CRS0165,2025-02-19,2025-03-24,1,100,90.1,100.0,71.2,5,32,3.5,33.0
ENR000316,LRN00088,CRS0035,2025-04-29,2025-05-02,1,100,10.7,90.8,40.6,5,5,4.1,3.0
ENR000317,LRN00089,CRS0006,2024-06-28,,0,52,2.5,39.9,66.3,2,1,,
ENR000318,LRN00089,CRS0020,2024-05-09,2024-06-28,1,100,49.3,100.0,68.2,5,25,4.8,50.0
ENR000319,LRN00090,CRS0112,2025-09-26,,0,33,2.4,38.1,83.8,1,1,,
ENR000320,LRN00091,CRS0171,2024-06-18,,0,49,8.9,50.5,70.3,2,5,,
ENR000321,LRN00092,CRS0186,2024-08-17,2024-09-07,1,100,38.1,95.9,36.0,5,16,4.4,21.0
ENR000322,LRN00092,CRS0135,2024-05-13,,0,41,6.1,29.0,61.6,2,3,,
ENR000323,LRN00092,CRS0121,2024-09-15,,0,35,2.2,33.8,81.2,1,2,,
ENR000324,LRN00092,CRS0149,2024-08-22,2024-08-24,1,100,5.6,100.0,62.6,5,4,4.1,2.0
ENR000325,LRN00092,CRS0147,2024-05-30,,0,7,1.8,17.4,,0,0,,
ENR000326,LRN00092,CRS0080,2024-08-05,,0,42,10.1,50.5,62.5,2,3,,
ENR000327,LRN00092,CRS0144,2024-09-14,2024-10-28,1,100,75.5,87.9,54.2,5,31,3.6,44.0
ENR000328,LRN00092,CRS0045,2024-09-14,,0,29,3.1,33.3,72.7,1,1,,
ENR000329,LRN00092,CRS0140,2024-08-15,,0,4,1.4,9.7,,0,0,,
ENR000330,LRN00092,CRS0124,2024-07-12,,0,37,11.3,24.1,18.9,1,8,,
ENR000331,LRN00092,CRS0103,2024-04-07,,0,19,8.9,33.0,,0,4,,
ENR000332,LRN00092,CRS0160,2024-07-07,,0,13,8.0,0.0,,0,3,,
ENR000333,LRN00092,CRS0155,2024-07-22,2024-08-21,1,100,64.5,100.0,25.5,5,24,4.9,30.0
ENR000334,LRN00092,CRS0130,2024-04-05,,0,39,4.2,27.5,75.1,1,4,,
ENR000335,LRN00092,CRS0153,2024-06-04,,0,19,8.7,23.3,,0,5,,
ENR000336,LRN00093,CRS0049,2024-08-18,2024-09-20,1,100,61.2,92.8,77.8,5,23,4.6,33.0
ENR000337,LRN00094,CRS0006,2025-05-19,,0,38,1.0,47.1,40.7,1,0,,
ENR000338,LRN00094,CRS0129,2025-06-25,,0,34,6.7,37.4,79.3,1,2,,
ENR000339,LRN00095,CRS0100,2025-07-24,,0,23,5.1,34.9,66.6,1,2,,
ENR000340,LRN00095,CRS0120,2025-09-27,2025-10-14,1,100,5.6,100.0,57.3,5,3,4.2,17.0
ENR000341,LRN00096,CRS0044,2024-01-08,2024-04-26,1,100,48.3,100.0,58.5,5,20,3.6,109.0
ENR000342,LRN00096,CRS0073,2023-12-21,,0,22,8.6,13.8,53.2,1,3,,
ENR000343,LRN00097,CRS0073,2025-03-28,,0,22,8.5,32.3,55.3,1,3,,
ENR000344,LRN00097,CRS0046,2025-05-03,2025-06-11,1,100,20.7,93.7,17.0,5,8,4.0,39.0
ENR000345,LRN00097,CRS0062,2025-01-15,,0,25,3.7,17.3,71.4,1,1,,
ENR000346,LRN00097,CRS0051,2025-03-03,,0,39,18.8,31.4,83.8,1,11,,
ENR000347,LRN00097,CRS0021,2025-06-09,,0,21,2.6,32.6,71.8,1,2,,
ENR000348,LRN00097,CRS0064,2025-04-26,,0,42,18.4,37.0,37.6,2,9,,
ENR000349,LRN00098,CRS0158,2024-07-13,,0,34,2.3,24.9,83.5,1,1,,
ENR000350,LRN00098,CRS0149,2024-12-22,2024-12-28,1,100,5.6,92.0,52.8,5,4,4.1,6.0
ENR000351,LRN00099,CRS0170,2024-05-26,2024-06-05,1,100,5.7,100.0,56.7,5,3,4.6,10.0
ENR000352,LRN00099,CRS0188,2024-05-23,2024-06-28,1,100,21.2,87.0,50.8,5,12,4.5,36.0
ENR000353,LRN00099,CRS0193,2024-06-25,2024-10-09,1,100,54.2,100.0,82.0,5,22,4.7,106.0
ENR000354,LRN00099,CRS0016,2024-05-15,2024-07-07,1,100,41.1,100.0,37.3,5,18,3.9,53.0
ENR000355,LRN00099,CRS0050,2024-04-02,,0,49,1.8,58.2,31.8,2,2,,
ENR000356,LRN00099,CRS0098,2024-07-11,2024-08-06,1,100,13.3,100.0,59.5,5,9,4.4,26.0
ENR000357,LRN00100,CRS0179,2024-11-27,,0,32,6.0,22.1,69.9,1,3,,
ENR000358,LRN00101,CRS0106,2025-03-03,,0,35,5.6,34.8,83.2,1,4,,
ENR000359,LRN00102,CRS0168,2024-04-11,,0,40,4.4,25.4,42.8,2,2,,
ENR000360,LRN00102,CRS0196,2024-05-24,2024-07-04,1,100,35.0,88.5,75.1,5,13,2.0,41.0
ENR000361,LRN00103,CRS0131,2024-04-17,,0,11,1.1,19.7,,0,0,,
ENR000362,LRN00103,CRS0098,2024-08-24,2024-09-05,1,100,15.7,96.9,90.5,5,9,3.2,12.0
ENR000363,LRN00104,CRS0132,2025-05-07,,0,12,1.2,0.0,,0,1,,
ENR000364,LRN00104,CRS0174,2025-05-30,2025-10-24,1,100,68.1,96.3,77.6,5,33,3.0,147.0
ENR000365,LRN00105,CRS0191,2025-09-05,,0,13,1.5,7.6,,0,0,,
ENR000366,LRN00105,CRS0163,2025-12-14,,0,35,2.9,27.4,80.7,1,2,,
ENR000367,LRN00106,CRS0096,2024-02-28,2024-04-02,1,100,14.1,86.5,61.1,5,8,3.3,34.0
ENR000368,LRN00107,CRS0018,2024-06-18,2024-07-05,1,100,9.3,85.7,41.9,5,6,4.6,17.0
ENR000369,LRN00107,CRS0058,2024-08-07,2024-12-02,1,100,70.5,100.0,59.8,5,27,4.4,117.0
ENR000370,LRN00108,CRS0134,2025-11-07,,0,52,4.7,53.7,52.2,2,3,,
ENR000371,LRN00108,CRS0177,2025-07-12,,0,7,0.6,20.3,,0,0,,
ENR000372,LRN00108,CRS0050,2025-11-18,,0,22,1.5,30.1,54.0,1,1,,
ENR000373,LRN00108,CRS0187,2025-08-17,,0,43,30.6,50.7,68.8,2,12,,
ENR000374,LRN00108,CRS0163,2025-08-18,,0,2,0.3,10.7,,0,0,,
ENR000375,LRN00108,CRS0196,2025-12-15,,0,5,0.9,0.0,,0,0,,
ENR000376,LRN00108,CRS0182,2025-10-25,,0,21,0.9,19.7,65.4,1,1,,
ENR000377,LRN00109,CRS0196,2025-10-09,,0,7,1.4,7.7,,0,0,,
ENR000378,LRN00110,CRS0129,2025-03-27,2025-04-25,1,100,23.2,86.4,81.6,5,8,3.5,29.0
ENR000379,LRN00110,CRS0125,2025-05-06,,0,18,7.4,3.2,,0,6,,
ENR000380,LRN00111,CRS0131,2024-03-23,2024-04-02,1,100,8.8,86.6,80.5,5,4,4.3,10.0
ENR000381,LRN00112,CRS0164,2024-07-23,,0,7,1.1,4.2,,0,0,,
ENR000382,LRN00113,CRS0197,2025-04-05,2025-05-21,1,100,44.4,100.0,51.1,5,21,4.5,46.0
ENR000383,LRN00114,CRS0038,2025-09-22,,0,13,8.2,23.7,,0,3,,
ENR000384,LRN00114,CRS0106,2025-10-10,2025-11-20,1,100,22.9,100.0,42.1,5,12,3.9,41.0
ENR000385,LRN00115,CRS0043,2025-03-08,2025-04-13,1,100,40.2,100.0,73.0,5,16,4.0,36.0
ENR000386,LRN00116,CRS0022,2025-05-03,2025-07-14,1,100,84.6,97.6,75.3,5,27,4.1,72.0
ENR000387,LRN00116,CRS0004,2025-01-30,,0,58,36.6,51.5,65.8,2,16,,
ENR000388,LRN00116,CRS0103,2025-03-14,2025-05-15,1,100,60.6,91.1,79.8,5,23,4.7,62.0
ENR000389,LRN00116,CRS0030,2025-01-31,,0,15,11.3,2.2,,0,4,,
ENR000390,LRN00116,CRS0017,2025-02-17,,0,22,2.7,14.6,38.8,1,1,,
ENR000391,LRN00117,CRS0084,2025-06-21,2025-06-29,1,100,10.8,100.0,67.0,5,4,4.7,8.0
ENR000392,LRN00117,CRS0108,2025-03-17,,0,54,13.1,64.2,80.9,2,6,,
ENR000393,LRN00118,CRS0057,2025-04-12,,0,25,5.9,33.7,58.4,1,2,,
ENR000394,LRN00119,CRS0060,2025-02-26,,0,40,15.7,53.0,80.3,2,9,,
ENR000395,LRN00120,CRS0163,2025-07-07,2025-07-18,1,100,14.3,96.7,71.9,5,6,4.4,11.0
ENR000396,LRN00120,CRS0182,2025-08-18,,0,5,0.4,11.2,,0,0,,
ENR000397,LRN00120,CRS0115,2025-10-21,,0,33,8.6,40.6,67.5,1,4,,
ENR000398,LRN00121,CRS0146,2025-02-05,2025-02-14,1,100,11.2,100.0,53.4,5,4,4.3,9.0
ENR000399,LRN00121,CRS0143,2025-02-22,,0,42,1.3,52.7,86.8,2,1,,
ENR000400,LRN00122,CRS0032,2024-07-02,,0,19,1.9,17.2,,0,1,,
ENR000401,LRN00122,CRS0034,2024-07-15,,0,41,20.2,47.3,45.0,2,12,,
ENR000402,LRN00123,CRS0055,2024-02-26,,0,32,16.0,20.5,54.6,1,6,,
ENR000403,LRN00124,CRS0086,2025-04-19,2025-04-26,1,100,11.6,97.3,49.1,5,5,4.3,7.0
ENR000404,LRN00125,CRS0057,2025-04-12,2025-05-20,1,100,26.9,100.0,62.4,5,9,4.3,38.0
ENR000405,LRN00125,CRS0123,2025-03-12,,0,53,26.8,44.5,63.1,2,12,,
ENR000406,LRN00125,CRS0193,2025-06-13,,0,30,16.9,37.3,56.7,1,6,,
ENR000407,LRN00125,CRS0060,2025-06-08,,0,28,17.6,24.0,50.9,1,6,,
ENR000408,LRN00125,CRS0053,2025-03-22,,0,11,1.1,24.4,,0,0,,
ENR000409,LRN00125,CRS0178,2025-07-23,,0,59,8.3,59.1,60.3,2,6,,
ENR000410,LRN00126,CRS0138,2025-04-21,,0,40,32.0,48.8,27.5,2,12,,
ENR000411,LRN00126,CRS0158,2025-03-15,,0,41,4.6,32.8,75.6,2,2,,
ENR000412,LRN00126,CRS0154,2025-04-15,,0,22,1.1,30.4,71.7,1,1,,
ENR000413,LRN00126,CRS0155,2025-05-22,,0,18,7.0,28.8,,0,4,,
ENR000414,LRN00126,CRS0139,2024-12-19,,0,66,14.4,55.2,69.0,3,11,,
ENR000415,LRN00127,CRS0082,2024-07-01,,0,16,1.2,5.6,,0,0,,
ENR000416,LRN00127,CRS0040,2024-05-25,,0,10,3.7,5.4,,0,1,,
ENR000417,LRN00127,CRS0031,2024-04-17,,0,22,15.6,16.2,91.2,1,6,,
ENR000418,LRN00128,CRS0027,2024-06-14,2024-07-20,1,100,41.1,98.7,81.9,5,14,3.5,36.0
ENR000419,LRN00128,CRS0078,2024-04-10,,0,18,9.7,10.9,,0,5,,
ENR000420,LRN00128,CRS0008,2024-06-23,2024-06-30,1,100,6.8,88.7,69.6,5,5,3.9,7.0
ENR000421,LRN00128,CRS0020,2024-04-21,,0,26,14.1,13.6,46.6,1,6,,
ENR000422,LRN00128,CRS0010,2024-05-09,2024-05-18,1,100,10.0,88.1,31.5,5,6,4.7,9.0
ENR000423,LRN00128,CRS0030,2024-04-04,,0,26,18.8,18.3,78.3,1,8,,
ENR000424,LRN00128,CRS0003,2024-03-25,2024-04-03,1,100,9.9,100.0,53.4,5,4,4.3,9.0
ENR000425,LRN00128,CRS0005,2024-02-16,,0,33,10.8,25.2,56.0,1,7,,
ENR000426,LRN00128,CRS0009,2024-06-13,,0,32,15.4,24.5,45.7,1,6,,
ENR000427,LRN00128,CRS0072,2024-03-24,2024-04-27,1,100,23.5,95.1,80.7,5,13,4.2,34.0
ENR000428,LRN00128,CRS0013,2024-02-04,,0,9,2.3,0.0,,0,1,,
ENR000429,LRN00128,CRS0037,2024-07-16,2024-08-19,1,100,28.5,89.2,64.1,5,12,4.5,34.0
ENR000430,LRN00128,CRS0034,2024-07-18,,0,31,14.4,38.3,73.7,1,9,,
ENR000431,LRN00128,CRS0026,2024-06-28,,0,32,7.0,20.7,68.0,1,3,,
ENR000432,LRN00128,CRS0139,2024-06-13,,0,4,1.3,0.0,,0,0,,
ENR000433,LRN00129,CRS0094,2025-04-11,,0,25,9.8,36.6,84.3,1,7,,
ENR000434,LRN00130,CRS0041,2024-10-25,,0,38,8.3,26.2,65.9,1,4,,
ENR000435,LRN00130,CRS0163,2024-12-28,2025-01-15,1,100,17.1,88.3,55.8,5,6,3.8,18.0
ENR000436,LRN00130,CRS0045,2024-08-21,,0,32,2.9,44.3,80.3,1,2,,
ENR000437,LRN00131,CRS0012,2025-02-01,,0,19,2.7,27.6,,0,1,,
ENR000438,LRN00132,CRS0093,2025-10-14,,0,36,8.0,30.2,69.0,1,5,,
ENR000439,LRN00133,CRS0004,2025-04-30,,0,13,6.9,24.9,,0,3,,
ENR000440,LRN00134,CRS0052,2024-12-14,,0,21,4.9,35.0,41.5,1,4,,
ENR000441,LRN00135,CRS0062,2025-06-05,,0,22,2.6,11.4,55.8,1,1,,
ENR000442,LRN00135,CRS0013,2025-07-11,2025-09-06,1,100,25.2,100.0,45.4,5,12,3.4,57.0
ENR000443,LRN00135,CRS0021,2025-03-23,,0,31,3.8,30.8,53.8,1,3,,
ENR000444,LRN00136,CRS0048,2026-01-29,,0,68,23.6,81.6,71.8,3,15,,
ENR000445,LRN00136,CRS0011,2025-12-19,,0,43,14.9,46.7,71.0,2,5,,
ENR000446,LRN00137,CRS0105,2024-03-02,,0,22,1.1,35.4,72.5,1,0,,
ENR000447,LRN00137,CRS0109,2024-02-04,2024-03-10,1,100,25.4,100.0,68.0,5,11,4.6,35.0
ENR000448,LRN00137,CRS0096,2023-11-28,,0,23,2.1,23.6,47.6,1,1,,
ENR000449,LRN00137,CRS0103,2024-02-12,,0,29,13.5,39.8,26.0,1,6,,
ENR000450,LRN00137,CRS0034,2024-04-23,,0,37,18.4,29.1,53.5,1,10,,
ENR000451,LRN00137,CRS0082,2024-02-25,2024-03-08,1,100,9.5,100.0,87.0,5,4,4.0,12.0
ENR000452,LRN00138,CRS0089,2024-04-01,,0,6,2.1,0.2,,0,0,,
ENR000453,LRN00139,CRS0068,2024-06-05,,0,37,2.1,31.4,48.4,1,2,,
ENR000454,LRN00139,CRS0043,2024-05-29,2024-08-04,1,100,37.9,100.0,62.0,5,16,2.9,67.0
ENR000455,LRN00139,CRS0080,2024-08-01,,0,15,3.4,2.9,,0,1,,
ENR000456,LRN00140,CRS0135,2024-11-21,,0,22,1.8,7.6,34.0,1,1,,
ENR000457,LRN00141,CRS0095,2025-09-09,,0,16,6.9,16.9,,0,4,,
ENR000458,LRN00141,CRS0083,2025-10-14,2025-11-19,1,100,65.6,100.0,72.4,5,21,3.2,36.0
ENR000459,LRN00142,CRS0040,2025-07-18,,0,4,0.9,0.0,,0,0,,
ENR000460,LRN00142,CRS0027,2025-07-03,2025-09-03,1,100,39.5,100.0,34.7,5,14,4.9,62.0
ENR000461,LRN00142,CRS0191,2025-10-14,,0,45,3.3,57.0,72.1,2,3,,
ENR000462,LRN00143,CRS0130,2024-10-27,,0,24,5.1,33.0,56.2,1,2,,
ENR000463,LRN00144,CRS0176,2025-05-20,,0,13,0.4,1.8,,0,0,,
ENR000464,LRN00145,CRS0111,2024-10-08,2025-01-27,1,100,63.2,100.0,77.4,5,27,4.4,111.0
ENR000465,LRN00145,CRS0134,2024-12-05,,0,62,6.8,62.8,65.5,3,3,,
ENR000466,LRN00145,CRS0140,2024-09-26,,0,24,7.0,21.2,64.1,1,3,,
ENR000467,LRN00145,CRS0066,2025-01-14,,0,35,4.7,29.7,83.1,1,2,,
ENR000468,LRN00145,CRS0041,2024-12-12,,0,1,0.3,0.0,,0,0,,
ENR000469,LRN00145,CRS0137,2024-09-22,,0,10,5.2,8.2,,0,3,,
ENR000470,LRN00146,CRS0034,2024-12-12,,0,29,10.2,26.8,76.2,1,8,,
ENR000471,LRN00146,CRS0105,2024-12-03,,0,19,1.5,20.3,,0,0,,
ENR000472,LRN00147,CRS0122,2025-02-21,2025-04-24,1,100,85.5,100.0,49.5,5,33,4.0,62.0
ENR000473,LRN00148,CRS0194,2025-06-13,,0,7,3.1,16.0,,0,2,,
ENR000474,LRN00148,CRS0182,2025-06-27,,0,42,2.7,40.8,36.6,2,2,,
ENR000475,LRN00148,CRS0157,2025-04-09,,0,18,3.4,6.1,,0,2,,
ENR000476,LRN00148,CRS0031,2025-02-12,,0,57,33.3,69.6,82.4,2,17,,
ENR000477,LRN00148,CRS0176,2025-06-06,,0,17,0.6,5.9,,0,0,,
ENR000478,LRN00148,CRS0164,2025-06-16,2025-07-10,1,100,28.9,100.0,54.0,5,13,4.3,24.0
ENR000479,LRN00148,CRS0167,2025-04-09,,0,5,0.2,12.0,,0,0,,
ENR000480,LRN00148,CRS0184,2025-02-08,,0,16,8.8,8.9,,0,4,,
ENR000481,LRN00148,CRS0199,2025-03-14,,0,32,8.4,25.6,67.9,1,4,,
ENR000482,LRN00148,CRS0180,2025-02-23,,0,22,11.7,14.5,76.2,1,5,,
ENR000483,LRN00148,CRS0172,2025-05-20,2025-05-25,1,100,7.3,86.4,43.2,5,4,3.7,5.0
ENR000484,LRN00148,CRS0161,2025-01-25,,0,11,9.2,9.2,,0,3,,
ENR000485,LRN00148,CRS0145,2025-04-13,2025-05-14,1,100,32.5,100.0,84.1,5,16,4.3,31.0
ENR000486,LRN00148,CRS0179,2025-05-08,2025-05-24,1,100,21.9,100.0,65.4,5,10,4.7,16.0
ENR000487,LRN00148,CRS0192,2025-06-11,,0,51,20.2,55.5,73.6,2,15,,
ENR000488,LRN00149,CRS0120,2024-03-06,,0,22,0.7,35.7,77.0,1,0,,
ENR000489,LRN00149,CRS0069,2024-01-18,2024-01-27,1,100,6.9,89.4,64.2,5,5,3.1,9.0
ENR000490,LRN00150,CRS0067,2025-03-02,2025-03-12,1,100,27.6,87.4,54.9,5,12,4.6,10.0
ENR000491,LRN00150,CRS0068,2025-07-22,,0,9,0.6,0.0,,0,0,,
ENR000492,LRN00150,CRS0041,2025-02-18,2025-02-27,1,100,27.2,88.1,56.9,5,11,4.6,9.0
ENR000493,LRN00151,CRS0075,2025-06-30,,0,6,3.9,4.0,,0,1,,
ENR000494,LRN00151,CRS0086,2025-04-20,,0,56,5.8,47.0,57.3,2,3,,
ENR000495,LRN00152,CRS0162,2025-06-04,2025-06-12,1,100,7.2,98.2,63.1,5,4,4.6,8.0
ENR000496,LRN00152,CRS0195,2025-08-18,2025-11-07,1,100,55.1,92.4,83.2,5,21,4.6,81.0
ENR000497,LRN00153,CRS0180,2025-05-30,,0,30,10.2,36.4,72.6,1,7,,
ENR000498,LRN00153,CRS0173,2025-08-27,2025-10-17,1,100,62.2,100.0,88.4,5,25,4.9,51.0
ENR000499,LRN00154,CRS0053,2024-05-22,,0,54,2.8,46.9,75.3,2,2,,
ENR000500,LRN00154,CRS0194,2023-12-14,,0,24,14.6,34.9,38.3,1,7,,
ENR000501,LRN00154,CRS0155,2024-05-14,,0,46,22.5,49.6,55.9,2,11,,
ENR000502,LRN00155,CRS0018,2025-03-05,,0,26,2.1,22.3,67.8,1,1,,
ENR000503,LRN00155,CRS0038,2025-02-20,,0,7,2.9,0.0,,0,1,,
ENR000504,LRN00156,CRS0186,2025-04-16,,0,10,2.9,20.4,,0,1,,
ENR000505,LRN00157,CRS0116,2025-09-17,,0,37,34.6,51.3,48.2,1,12,,
ENR000506,LRN00158,CRS0037,2024-05-05,,0,11,1.9,5.3,,0,1,,
ENR000507,LRN00159,CRS0036,2025-05-21,,0,18,2.8,7.8,,0,1,,
ENR000508,LRN00160,CRS0170,2024-07-12,,0,50,2.9,62.0,30.1,2,1,,
ENR000509,LRN00160,CRS0147,2024-12-13,,0,20,3.3,11.1,,0,2,,
ENR000510,LRN00160,CRS0162,2024-10-10,,0,8,0.6,19.0,,0,0,,
ENR000511,LRN00160,CRS0014,2024-09-16,,0,39,4.9,53.9,43.4,1,3,,
ENR000512,LRN00161,CRS0005,2024-09-20,,0,52,21.9,52.1,34.9,2,12,,
ENR000513,LRN00162,CRS0008,2025-11-04,2025-11-11,1,100,5.0,100.0,48.6,5,5,4.6,7.0
ENR000514,LRN00163,CRS0084,2025-04-01,,0,33,3.8,22.4,63.3,1,1,,
ENR000515,LRN00164,CRS0179,2024-09-27,,0,52,10.8,63.9,87.3,2,5,,
ENR000516,LRN00164,CRS0191,2024-08-08,2024-08-15,1,100,18.3,99.4,66.1,5,7,4.0,7.0
ENR000517,LRN00165,CRS0081,2024-10-04,,0,10,4.3,0.0,,0,2,,
ENR000518,LRN00166,CRS0027,2025-03-19,,0,12,4.7,13.7,,0,1,,
ENR000519,LRN00167,CRS0141,2025-03-28,,0,1,0.5,4.0,,0,0,,
ENR000520,LRN00168,CRS0031,2025-11-17,,0,22,8.6,29.2,67.9,1,6,,
ENR000521,LRN00168,CRS0116,2025-11-25,2026-06-27,1,100,77.5,94.8,62.0,5,34,4.1,214.0
ENR000522,LRN00168,CRS0073,2025-12-03,,0,15,2.5,3.0,,0,2,,
ENR000523,LRN00168,CRS0126,2025-10-10,,0,44,6.6,37.0,56.8,2,3,,
ENR000524,LRN00168,CRS0074,2025-12-27,,0,5,2.9,18.3,,0,1,,
ENR000525,LRN00168,CRS0128,2025-12-26,,0,22,10.7,32.4,56.0,1,4,,
ENR000526,LRN00168,CRS0165,2025-11-03,,0,17,7.6,7.3,,0,5,,
ENR000527,LRN00168,CRS0145,2025-11-29,,0,23,8.3,15.0,66.0,1,3,,
ENR000528,LRN00168,CRS0127,2025-08-31,,0,14,3.7,24.4,,0,2,,
ENR000529,LRN00168,CRS0003,2025-07-06,,0,34,3.6,40.2,45.9,1,1,,
ENR000530,LRN00168,CRS0149,2025-08-03,,0,10,0.4,0.6,,0,0,,
ENR000531,LRN00168,CRS0175,2025-09-03,,0,32,3.0,20.9,75.7,1,1,,
ENR000532,LRN00168,CRS0134,2025-10-06,,0,5,0.5,0.0,,0,0,,
ENR000533,LRN00168,CRS0142,2025-10-07,2025-12-19,1,100,29.9,100.0,27.1,5,12,3.7,73.0
ENR000534,LRN00168,CRS0148,2025-12-03,,0,12,0.7,19.4,,0,0,,
ENR000535,LRN00169,CRS0112,2025-04-14,,0,41,1.8,48.5,75.6,2,1,,
ENR000536,LRN00169,CRS0100,2025-01-30,,0,33,6.3,47.4,82.6,1,3,,
ENR000537,LRN00169,CRS0150,2025-07-04,,0,18,6.5,5.7,,0,5,,
ENR000538,LRN00170,CRS0069,2025-09-03,,0,21,0.8,25.4,72.8,1,1,,
ENR000539,LRN00170,CRS0099,2025-09-07,2025-09-10,1,100,6.8,98.1,69.8,5,4,4.9,3.0
ENR000540,LRN00171,CRS0029,2025-03-11,,0,10,3.3,5.9,,0,1,,
ENR000541,LRN00171,CRS0108,2025-03-19,,0,8,1.6,0.0,,0,0,,
ENR000542,LRN00171,CRS0001,2024-12-28,,0,38,3.8,48.7,39.1,1,1,,
ENR000543,LRN00171,CRS0024,2025-03-02,2025-05-07,1,100,48.3,96.6,69.5,5,15,4.2,66.0
ENR000544,LRN00172,CRS0103,2024-03-29,,0,3,1.5,15.1,,0,0,,
ENR000545,LRN00172,CRS0076,2024-04-17,,0,17,3.4,18.5,,0,2,,
ENR000546,LRN00173,CRS0101,2024-01-10,,0,15,1.4,21.7,,0,1,,
ENR000547,LRN00173,CRS0062,2024-01-18,,0,39,6.9,50.6,45.3,1,2,,
ENR000548,LRN00174,CRS0124,2025-03-22,,0,20,5.5,8.3,,0,4,,
ENR000549,LRN00175,CRS0186,2025-05-06,,0,16,3.3,27.7,,0,2,,
ENR000550,LRN00175,CRS0093,2025-05-21,,0,2,0.4,15.7,,0,0,,
ENR000551,LRN00175,CRS0107,2025-08-14,,0,17,7.5,19.1,,0,2,,
ENR000552,LRN00175,CRS0193,2025-07-06,2025-10-02,1,100,47.9,100.0,67.4,5,22,4.0,88.0
ENR000553,LRN00175,CRS0166,2025-06-14,,0,30,2.3,31.4,97.6,1,1,,
ENR000554,LRN00175,CRS0088,2025-06-21,,0,9,1.2,3.9,,0,0,,
ENR000555,LRN00175,CRS0058,2025-04-13,,0,13,5.2,1.8,,0,3,,
ENR000556,LRN00175,CRS0177,2025-03-10,,0,63,5.3,64.0,82.7,3,4,,
ENR000557,LRN00175,CRS0105,2025-03-26,,0,27,2.5,21.2,69.6,1,1,,
ENR000558,LRN00175,CRS0197,2025-08-04,,0,13,6.8,17.3,,0,2,,
ENR000559,LRN00175,CRS0114,2025-04-18,2025-06-21,1,100,52.8,100.0,33.2,5,18,4.7,64.0
ENR000560,LRN00175,CRS0089,2025-06-29,2025-08-08,1,100,32.9,85.1,67.4,5,12,3.9,40.0
ENR000561,LRN00175,CRS0082,2025-07-06,2025-07-21,1,100,10.9,100.0,81.7,5,4,4.1,15.0
ENR000562,LRN00175,CRS0116,2025-07-03,2025-10-15,1,100,76.8,88.6,51.9,5,34,4.7,104.0
ENR000563,LRN00175,CRS0047,2025-03-06,2025-03-25,1,100,16.7,88.3,48.8,5,5,4.8,19.0
ENR000564,LRN00176,CRS0056,2025-01-18,,0,19,5.4,18.7,,0,2,,
ENR000565,LRN00176,CRS0026,2025-01-24,,0,36,7.9,27.4,45.1,1,3,,
ENR000566,LRN00177,CRS0177,2024-07-03,2024-07-15,1,100,16.2,100.0,70.8,5,6,4.4,12.0
ENR000567,LRN00177,CRS0038,2024-03-18,,0,32,15.8,39.1,86.2,1,7,,
ENR000568,LRN00177,CRS0179,2024-03-31,2024-04-13,1,100,21.8,100.0,33.9,5,10,4.6,13.0
ENR000569,LRN00177,CRS0190,2024-04-18,,0,34,11.6,23.9,69.6,1,5,,
ENR000570,LRN00177,CRS0061,2024-05-28,,0,43,27.6,54.6,38.4,2,11,,
ENR000571,LRN00177,CRS0166,2024-08-23,2024-09-01,1,100,10.9,94.3,61.3,5,4,3.7,9.0
ENR000572,LRN00177,CRS0200,2024-06-06,,0,62,19.2,54.6,76.5,3,8,,
ENR000573,LRN00177,CRS0109,2024-05-01,,0,10,1.9,22.1,,0,1,,
ENR000574,LRN00178,CRS0191,2024-04-20,,0,36,4.2,22.8,84.1,1,2,,
ENR000575,LRN00179,CRS0170,2025-07-05,,0,27,1.6,27.6,52.2,1,0,,
ENR000576,LRN00179,CRS0167,2025-06-11,,0,11,0.7,19.4,,0,0,,
ENR000577,LRN00180,CRS0012,2025-01-30,,0,49,7.2,59.8,68.9,2,3,,
ENR000578,LRN00181,CRS0120,2025-10-31,,0,1,0.1,0.0,,0,0,,
ENR000579,LRN00181,CRS0091,2025-06-07,,0,36,3.4,22.5,61.9,1,1,,
ENR000580,LRN00182,CRS0134,2024-04-09,,0,11,1.3,21.7,,0,0,,
ENR000581,LRN00182,CRS0075,2024-01-19,,0,36,24.6,25.2,73.5,1,10,,
ENR000582,LRN00183,CRS0002,2025-01-04,,0,70,25.1,68.7,75.7,3,10,,
ENR000583,LRN00184,CRS0121,2025-03-21,2025-03-30,1,100,11.6,89.0,30.4,5,8,4.0,9.0
ENR000584,LRN00184,CRS0063,2025-03-12,,0,21,1.8,14.5,79.1,1,1,,
ENR000585,LRN00184,CRS0137,2025-01-08,,0,23,8.8,36.7,64.7,1,7,,
ENR000586,LRN00185,CRS0028,2025-08-05,2025-08-19,1,100,25.7,91.7,83.9,5,9,3.8,14.0
ENR000587,LRN00185,CRS0120,2025-10-10,,0,27,1.7,29.8,67.4,1,0,,
ENR000588,LRN00185,CRS0100,2025-09-05,,0,41,6.4,54.7,52.2,2,4,,
ENR000589,LRN00186,CRS0011,2025-11-05,2026-02-15,1,100,38.2,86.9,70.8,5,12,3.8,102.0
ENR000590,LRN00186,CRS0005,2025-12-22,2026-07-13,1,100,58.8,100.0,32.5,5,24,4.9,203.0
ENR000591,LRN00187,CRS0011,2025-01-25,,0,31,9.7,31.6,82.4,1,3,,
ENR000592,LRN00188,CRS0127,2025-05-14,,0,33,10.6,33.0,57.4,1,5,,
ENR000593,LRN00188,CRS0142,2025-06-05,,0,14,2.8,23.6,,0,1,,
ENR000594,LRN00188,CRS0139,2025-07-04,,0,11,3.6,11.8,,0,1,,
ENR000595,LRN00189,CRS0016,2025-10-10,,0,23,4.6,12.3,43.0,1,4,,
ENR000596,LRN00189,CRS0197,2025-08-07,,0,17,7.2,8.8,,0,3,,
ENR000597,LRN00189,CRS0198,2025-08-05,,0,21,3.5,14.5,83.7,1,2,,
ENR000598,LRN00190,CRS0072,2025-03-11,,0,25,4.0,34.3,48.0,1,3,,
ENR000599,LRN00190,CRS0155,2024-12-24,,0,31,19.3,31.0,53.6,1,7,,
ENR000600,LRN00190,CRS0117,2025-02-10,2025-04-09,1,100,71.2,100.0,68.6,5,28,4.5,58.0
ENR000601,LRN00190,CRS0120,2024-12-13,2024-12-17,1,100,5.6,100.0,77.3,5,3,3.8,4.0
ENR000602,LRN00191,CRS0033,2025-12-13,,0,33,24.1,46.8,67.2,1,10,,
ENR000603,LRN00191,CRS0079,2025-08-15,2025-09-08,1,100,18.5,86.9,42.1,5,7,3.5,24.0
ENR000604,LRN00191,CRS0071,2025-08-14,,0,49,2.0,48.0,78.4,2,1,,
ENR000605,LRN00191,CRS0130,2025-08-23,,0,54,9.6,42.2,69.0,2,6,,
ENR000606,LRN00191,CRS0018,2025-08-14,,0,62,6.2,47.9,39.3,3,3,,
ENR000607,LRN00191,CRS0037,2025-10-20,,0,20,3.2,24.0,,0,2,,
ENR000608,LRN00191,CRS0019,2025-11-07,,0,5,1.4,9.7,,0,1,,
ENR000609,LRN00192,CRS0001,2025-11-11,,0,17,1.2,6.8,,0,0,,
ENR000610,LRN00192,CRS0189,2025-07-21,,0,32,15.4,35.8,75.7,1,11,,
ENR000611,LRN00193,CRS0082,2026-01-05,,0,5,0.4,2.1,,0,0,,
ENR000612,LRN00193,CRS0024,2025-12-24,,0,19,5.6,7.4,,0,2,,
ENR000613,LRN00193,CRS0100,2026-03-28,2026-04-11,1,100,18.8,100.0,53.2,5,10,4.0,14.0
ENR000614,LRN00193,CRS0151,2025-11-05,2026-01-13,1,100,95.8,85.7,37.5,5,33,4.9,69.0
ENR000615,LRN00193,CRS0099,2026-02-13,2026-02-16,1,100,5.4,86.5,68.0,5,4,4.4,3.0
ENR000616,LRN00194,CRS0149,2024-11-16,,0,49,1.5,40.4,51.0,2,1,,
ENR000617,LRN00195,CRS0162,2024-05-10,,0,61,2.5,67.9,47.2,3,2,,
ENR000618,LRN00195,CRS0196,2024-05-11,2024-05-31,1,100,28.5,100.0,50.5,5,13,3.3,20.0
ENR000619,LRN00196,CRS0133,2025-11-16,,0,3,0.3,0.0,,0,0,,
ENR000620,LRN00196,CRS0082,2025-09-06,,0,47,4.1,44.2,74.9,2,1,,
ENR000621,LRN00197,CRS0008,2025-05-14,,0,47,1.9,51.9,52.5,2,2,,
ENR000622,LRN00197,CRS0159,2025-03-04,,0,34,2.7,44.8,57.9,1,2,,
ENR000623,LRN00197,CRS0191,2025-02-19,,0,24,2.9,10.0,64.2,1,1,,
ENR000624,LRN00197,CRS0180,2025-03-23,,0,29,20.4,14.5,44.0,1,7,,
ENR000625,LRN00197,CRS0029,2024-12-17,,0,15,4.5,11.4,,0,1,,
ENR000626,LRN00197,CRS0160,2025-01-10,,0,29,18.3,25.9,47.1,1,6,,
ENR000627,LRN00198,CRS0044,2024-05-17,,0,12,4.1,6.3,,0,2,,
ENR000628,LRN00199,CRS0038,2025-09-25,2026-01-21,1,100,54.0,100.0,77.9,5,24,3.6,118.0
ENR000629,LRN00199,CRS0015,2025-12-03,,0,18,3.9,14.2,,0,2,,
ENR000630,LRN00199,CRS0088,2026-01-14,2026-02-04,1,100,12.3,98.5,78.8,5,8,4.5,21.0
ENR000631,LRN00199,CRS0136,2025-10-16,,0,9,3.5,16.6,,0,2,,
ENR000632,LRN00200,CRS0094,2024-12-04,,0,39,30.9,39.2,54.7,1,12,,
ENR000633,LRN00201,CRS0161,2025-01-03,,0,19,12.5,7.9,,0,5,,
ENR000634,LRN00201,CRS0014,2024-07-26,2024-08-29,1,100,22.5,100.0,36.0,5,8,4.1,34.0
ENR000635,LRN00201,CRS0117,2024-10-25,,0,34,23.1,26.8,71.2,1,9,,
ENR000636,LRN00202,CRS0197,2024-11-02,,0,48,15.8,62.2,44.6,2,10,,
ENR000637,LRN00203,CRS0167,2025-10-07,2025-10-14,1,100,6.7,97.2,33.5,5,4,3.9,7.0
ENR000638,LRN00203,CRS0106,2025-09-02,,0,63,16.2,65.0,82.2,3,8,,
ENR000639,LRN00203,CRS0119,2025-10-13,2025-10-30,1,100,17.3,87.3,27.8,5,6,4.4,17.0
ENR000640,LRN00203,CRS0084,2025-09-13,,0,56,4.4,65.3,80.7,2,2,,
ENR000641,LRN00203,CRS0110,2025-09-30,2025-10-27,1,100,15.8,86.5,82.2,5,9,4.5,27.0
ENR000642,LRN00204,CRS0156,2025-06-29,,0,45,2.7,36.8,90.4,2,1,,
ENR000643,LRN00205,CRS0162,2025-10-14,,0,18,0.7,19.5,,0,0,,
ENR000644,LRN00206,CRS0064,2024-02-29,,0,19,6.3,16.6,,0,4,,
ENR000645,LRN00207,CRS0049,2024-08-16,,0,44,15.7,45.6,86.6,2,10,,
ENR000646,LRN00207,CRS0014,2024-06-19,,0,52,10.8,63.2,54.0,2,4,,
ENR000647,LRN00208,CRS0138,2024-03-17,,0,54,28.3,65.8,90.8,2,16,,
ENR000648,LRN00209,CRS0181,2024-07-15,,0,17,9.6,12.5,,0,3,,
ENR000649,LRN00209,CRS0175,2024-09-01,,0,0,0.0,11.5,,0,0,,
ENR000650,LRN00210,CRS0189,2025-02-21,,0,22,16.1,11.6,76.1,1,7,,
ENR000651,LRN00211,CRS0075,2025-08-26,,0,58,29.4,57.5,74.9,2,16,,
ENR000652,LRN00211,CRS0094,2025-09-19,2025-12-31,1,100,72.7,100.0,63.0,5,31,3.9,103.0
ENR000653,LRN00211,CRS0086,2025-11-19,2025-12-03,1,100,11.3,100.0,80.4,5,5,4.9,14.0
ENR000654,LRN00212,CRS0129,2025-10-25,,0,15,2.1,16.7,,0,1,,
ENR000655,LRN00212,CRS0090,2025-12-05,,0,27,4.2,41.6,58.7,1,3,,
ENR000656,LRN00213,CRS0081,2025-12-25,,0,8,2.7,8.2,,0,1,,
ENR000657,LRN00213,CRS0162,2025-07-16,,0,37,2.9,44.1,41.1,1,1,,
ENR000658,LRN00213,CRS0090,2025-12-31,2026-01-31,1,100,30.5,90.2,77.6,5,12,4.0,31.0
ENR000659,LRN00214,CRS0088,2024-09-16,,0,31,2.1,45.0,74.6,1,2,,
ENR000660,LRN00215,CRS0030,2025-05-24,,0,12,10.0,0.0,,0,3,,
ENR000661,LRN00215,CRS0144,2025-07-04,,0,49,29.8,41.7,57.9,2,15,,
ENR000662,LRN00216,CRS0016,2025-09-14,,0,8,3.5,6.3,,0,1,,
ENR000663,LRN00217,CRS0136,2025-09-09,,0,26,16.1,24.4,70.7,1,7,,
ENR000664,LRN00218,CRS0190,2024-08-31,,0,3,0.7,0.0,,0,0,,
ENR000665,LRN00219,CRS0006,2025-03-09,,0,36,1.7,33.0,66.9,1,0,,
ENR000666,LRN00219,CRS0121,2025-02-01,,0,36,3.3,48.5,73.2,1,2,,
ENR000667,LRN00219,CRS0160,2025-03-19,2025-04-23,1,100,60.3,100.0,71.4,5,24,4.5,35.0
ENR000668,LRN00220,CRS0150,2024-05-03,,0,37,27.5,33.7,70.6,1,10,,
ENR000669,LRN00220,CRS0146,2024-06-18,,0,45,3.2,32.0,63.1,2,1,,
ENR000670,LRN00220,CRS0139,2024-03-24,,0,32,7.4,25.3,48.3,1,5,,
ENR000671,LRN00221,CRS0040,2025-07-28,2025-09-30,1,100,47.3,87.7,74.1,5,19,4.4,64.0
ENR000672,LRN00222,CRS0055,2024-05-02,,0,10,3.6,0.0,,0,2,,
ENR000673,LRN00222,CRS0176,2024-02-21,,0,49,2.6,37.6,72.1,2,2,,
ENR000674,LRN00222,CRS0178,2024-01-10,2024-01-26,1,100,24.5,96.9,52.6,5,11,4.5,16.0
ENR000675,LRN00223,CRS0173,2024-03-28,,0,32,20.7,34.2,43.3,1,8,,
ENR000676,LRN00223,CRS0158,2024-04-10,,0,40,3.2,37.6,40.1,2,2,,
ENR000677,LRN00223,CRS0176,2024-07-16,2024-07-27,1,100,6.3,94.6,65.4,5,5,3.6,11.0
ENR000678,LRN00223,CRS0119,2024-03-28,,0,28,2.2,37.7,65.0,1,1,,
ENR000679,LRN00224,CRS0019,2024-05-21,,0,26,11.9,40.5,32.1,1,5,,
ENR000680,LRN00225,CRS0003,2025-08-07,2025-08-11,1,100,11.0,89.1,73.5,5,4,3.2,4.0
ENR000681,LRN00225,CRS0153,2025-07-27,2025-09-03,1,100,81.4,96.5,88.7,5,28,4.2,38.0
ENR000682,LRN00225,CRS0139,2025-10-08,2025-11-02,1,100,38.7,98.6,38.4,5,16,3.6,25.0
ENR000683,LRN00225,CRS0092,2025-12-21,,0,23,9.2,10.3,75.4,1,4,,
ENR000684,LRN00225,CRS0123,2025-08-13,2025-09-22,1,100,55.8,94.6,78.8,5,24,4.6,40.0
ENR000685,LRN00225,CRS0127,2026-01-06,,0,28,6.2,15.0,72.9,1,4,,
ENR000686,LRN00226,CRS0098,2024-02-26,,0,32,5.2,40.9,82.5,1,3,,
ENR000687,LRN00227,CRS0063,2025-03-23,,0,38,2.9,28.2,63.9,1,2,,
ENR000688,LRN00228,CRS0082,2025-08-16,2025-08-24,1,100,9.1,100.0,74.3,5,4,4.5,8.0
ENR000689,LRN00229,CRS0097,2025-09-11,2025-09-25,1,100,15.5,91.4,43.7,5,6,3.8,14.0
ENR000690,LRN00229,CRS0092,2025-06-11,2025-07-22,1,100,42.2,100.0,52.9,5,17,4.7,41.0
ENR000691,LRN00230,CRS0073,2024-09-14,2024-10-11,1,100,30.5,100.0,61.6,5,16,4.3,27.0
ENR000692,LRN00230,CRS0057,2024-09-30,2024-10-21,1,100,20.9,100.0,41.0,5,9,3.6,21.0
ENR000693,LRN00231,CRS0181,2025-06-20,,0,3,1.3,0.0,,0,0,,
ENR000694,LRN00232,CRS0178,2025-08-07,,0,38,8.3,44.8,60.3,1,4,,
ENR000695,LRN00233,CRS0142,2024-10-29,,0,32,5.2,39.0,78.2,1,3,,
ENR000696,LRN00233,CRS0163,2024-08-30,,0,41,2.8,55.6,38.9,2,2,,
ENR000697,LRN00233,CRS0118,2024-12-29,,0,9,6.1,6.3,,0,2,,
ENR000698,LRN00234,CRS0200,2024-12-26,,0,38,11.3,49.2,77.4,1,5,,
ENR000699,LRN00235,CRS0173,2025-04-10,,0,29,17.3,16.5,33.9,1,7,,
ENR000700,LRN00235,CRS0155,2025-04-24,,0,53,21.5,46.0,36.4,2,13,,
ENR000701,LRN00236,CRS0094,2024-08-16,2024-12-02,1,100,91.4,88.4,86.7,5,31,3.7,108.0
ENR000702,LRN00237,CRS0115,2024-10-27,,0,9,3.6,17.0,,0,1,,
ENR000703,LRN00237,CRS0148,2024-10-12,,0,9,0.4,14.5,,0,0,,
ENR000704,LRN00238,CRS0183,2024-05-21,,0,28,10.8,38.3,44.9,1,6,,
ENR000705,LRN00238,CRS0188,2024-02-29,,0,38,6.5,24.4,62.5,1,4,,
ENR000706,LRN00238,CRS0198,2024-02-19,,0,44,12.5,42.2,61.3,2,5,,
ENR000707,LRN00238,CRS0021,2024-02-05,2024-05-16,1,100,24.1,100.0,84.9,5,11,4.3,101.0
ENR000708,LRN00239,CRS0056,2024-08-18,2024-09-19,1,100,27.5,100.0,50.0,5,14,3.8,32.0
ENR000709,LRN00239,CRS0051,2024-09-19,,0,19,10.6,15.6,,0,5,,
ENR000710,LRN00239,CRS0076,2024-08-05,2024-08-30,1,100,31.7,100.0,85.4,5,12,4.5,25.0
ENR000711,LRN00239,CRS0178,2024-10-13,,0,38,9.9,50.7,73.0,1,4,,
ENR000712,LRN00239,CRS0072,2024-10-17,,0,23,4.3,37.7,63.1,1,3,,
ENR000713,LRN00240,CRS0109,2025-06-16,,0,17,4.3,17.3,,0,1,,
ENR000714,LRN00240,CRS0152,2025-03-21,,0,38,3.8,23.1,46.8,1,2,,
ENR000715,LRN00241,CRS0028,2024-10-24,2025-01-21,1,100,19.1,100.0,82.7,5,9,4.4,89.0
ENR000716,LRN00241,CRS0072,2024-06-30,,0,38,9.6,45.2,59.6,1,5,,
ENR000717,LRN00241,CRS0033,2024-06-25,,0,33,16.4,30.4,73.8,1,10,,
ENR000718,LRN00241,CRS0039,2024-06-25,,0,6,3.0,7.1,,0,1,,
ENR000719,LRN00241,CRS0005,2024-10-07,,0,21,7.7,22.0,85.3,1,5,,
ENR000720,LRN00241,CRS0010,2024-07-06,,0,2,0.1,6.7,,0,0,,
ENR000721,LRN00241,CRS0090,2024-08-11,,0,51,12.6,47.7,59.4,2,6,,
ENR000722,LRN00242,CRS0100,2024-12-24,,0,67,10.1,65.0,84.9,3,6,,
ENR000723,LRN00242,CRS0051,2024-11-18,,0,26,20.1,25.4,70.6,1,7,,
ENR000724,LRN00243,CRS0099,2024-11-05,,0,40,2.8,40.7,76.1,2,1,,
ENR000725,LRN00244,CRS0192,2025-09-04,,0,26,9.8,37.5,41.9,1,7,,
ENR000726,LRN00244,CRS0176,2025-12-29,,0,68,3.0,76.3,78.5,3,3,,
ENR000727,LRN00244,CRS0195,2025-11-01,,0,47,15.0,33.9,74.7,2,10,,
ENR000728,LRN00244,CRS0172,2025-11-05,,0,6,0.4,0.0,,0,0,,
ENR000729,LRN00244,CRS0060,2025-09-18,2025-12-10,1,100,56.7,100.0,79.1,5,24,3.0,83.0
ENR000730,LRN00244,CRS0197,2025-08-14,,0,14,5.8,24.3,,0,3,,
ENR000731,LRN00245,CRS0115,2025-09-21,,0,13,3.6,3.0,,0,1,,
ENR000732,LRN00246,CRS0103,2025-03-14,,0,18,4.9,5.1,,0,4,,
ENR000733,LRN00246,CRS0095,2025-02-14,,0,7,2.7,20.2,,0,2,,
ENR000734,LRN00246,CRS0085,2025-02-13,2025-03-16,1,100,31.3,88.3,61.5,5,12,4.6,31.0
ENR000735,LRN00246,CRS0093,2025-01-19,2025-02-15,1,100,28.3,100.0,88.2,5,14,3.8,27.0
ENR000736,LRN00246,CRS0051,2025-03-07,,0,42,15.1,44.7,84.4,2,12,,
ENR000737,LRN00246,CRS0130,2025-01-12,,0,46,7.6,41.3,70.8,2,5,,
ENR000738,LRN00246,CRS0013,2025-03-01,,0,11,2.4,18.8,,0,1,,
ENR000739,LRN00247,CRS0158,2024-01-29,2024-02-03,1,100,14.5,100.0,81.8,5,5,3.9,5.0
ENR000740,LRN00247,CRS0005,2024-04-25,2024-05-13,1,100,67.3,100.0,38.7,5,24,3.9,18.0
ENR000741,LRN00247,CRS0001,2024-07-08,,0,22,2.0,22.9,66.9,1,0,,
ENR000742,LRN00248,CRS0026,2025-08-01,,0,8,1.6,4.4,,0,0,,
ENR000743,LRN00248,CRS0033,2025-07-31,2025-10-17,1,100,84.4,100.0,63.9,5,32,4.3,78.0
ENR000744,LRN00249,CRS0069,2025-06-18,,0,26,1.5,26.4,61.6,1,1,,
ENR000745,LRN00250,CRS0087,2024-09-10,2024-10-25,1,100,27.9,94.8,49.7,5,13,4.0,45.0
ENR000746,LRN00251,CRS0129,2024-05-28,,0,24,4.1,13.4,51.0,1,2,,
ENR000747,LRN00251,CRS0182,2024-08-17,,0,27,1.6,20.8,58.7,1,1,,
ENR000748,LRN00252,CRS0191,2025-07-08,,0,23,3.8,18.4,66.9,1,1,,
ENR000749,LRN00252,CRS0167,2025-05-26,,0,5,0.2,19.9,,0,0,,
ENR000750,LRN00252,CRS0017,2025-06-11,2025-06-22,1,100,16.0,85.4,61.9,5,8,4.5,11.0
ENR000751,LRN00252,CRS0036,2025-06-16,,0,19,1.5,27.8,,0,1,,
ENR000752,LRN00252,CRS0086,2025-04-02,,0,41,4.3,53.9,43.0,2,2,,
ENR000753,LRN00252,CRS0079,2025-04-22,,0,35,2.6,36.2,49.4,1,2,,
ENR000754,LRN00252,CRS0169,2025-02-26,,0,31,3.6,27.9,75.8,1,2,,
ENR000755,LRN00252,CRS0190,2025-04-05,,0,4,1.4,0.0,,0,0,,
ENR000756,LRN00252,CRS0187,2025-02-17,2025-04-29,1,100,88.1,100.0,53.8,5,29,3.9,71.0
ENR000757,LRN00252,CRS0162,2025-06-09,,0,32,1.7,20.4,44.3,1,1,,
ENR000758,LRN00252,CRS0163,2025-05-22,,0,28,2.7,22.5,74.6,1,1,,
ENR000759,LRN00252,CRS0139,2025-03-09,2025-04-16,1,100,53.7,86.3,76.0,5,16,3.7,38.0
ENR000760,LRN00252,CRS0175,2025-07-26,,0,24,1.8,13.0,84.4,1,0,,
ENR000761,LRN00252,CRS0181,2025-05-17,2025-06-27,1,100,57.6,92.1,54.7,5,20,3.3,41.0
ENR000762,LRN00252,CRS0189,2025-02-04,,0,28,19.1,28.8,31.3,1,9,,
ENR000763,LRN00253,CRS0178,2024-04-15,,0,12,1.5,23.5,,0,1,,
ENR000764,LRN00254,CRS0183,2025-08-13,,0,36,19.6,33.9,61.0,1,8,,
ENR000765,LRN00255,CRS0031,2024-07-22,,0,35,15.0,40.5,77.3,1,10,,
ENR000766,LRN00256,CRS0171,2026-01-06,,0,51,6.9,43.9,49.3,2,5,,
ENR000767,LRN00256,CRS0167,2025-11-26,,0,29,1.5,31.4,53.6,1,1,,
ENR000768,LRN00257,CRS0149,2025-10-05,,0,12,0.5,12.3,,0,0,,
ENR000769,LRN00258,CRS0103,2024-03-10,,0,21,11.5,21.0,15.8,1,4,,
ENR000770,LRN00259,CRS0001,2025-04-04,2025-04-17,1,100,9.0,100.0,95.7,5,4,4.1,13.0
ENR000771,LRN00259,CRS0024,2024-11-12,,0,57,16.5,54.4,74.2,2,8,,
ENR000772,LRN00260,CRS0197,2024-08-26,,0,35,17.1,39.4,81.3,1,7,,
ENR000773,LRN00261,CRS0120,2024-11-19,,0,12,0.5,0.0,,0,0,,
ENR000774,LRN00261,CRS0014,2024-12-08,,0,20,3.9,31.4,,0,1,,
ENR000775,LRN00261,CRS0182,2024-10-23,,0,42,2.4,36.3,84.9,2,2,,
ENR000776,LRN00262,CRS0109,2025-04-01,,0,39,8.7,40.6,54.8,1,4,,
ENR000777,LRN00263,CRS0014,2024-11-19,,0,21,3.9,26.4,65.0,1,1,,
ENR000778,LRN00263,CRS0023,2024-11-24,,0,12,6.8,22.8,,0,2,,
ENR000779,LRN00264,CRS0192,2024-03-15,2024-07-31,1,100,84.6,100.0,54.5,5,30,4.4,138.0
ENR000780,LRN00265,CRS0043,2024-01-26,,0,22,6.9,23.9,63.1,1,3,,
ENR000781,LRN00265,CRS0066,2024-01-15,,0,42,6.4,33.3,79.6,2,3,,
ENR000782,LRN00266,CRS0126,2024-07-19,,0,43,5.3,57.3,28.0,2,3,,
ENR000783,LRN00266,CRS0082,2024-09-13,,0,23,1.9,35.8,65.5,1,0,,
ENR000784,LRN00266,CRS0104,2024-10-19,,0,10,0.5,0.0,,0,0,,
ENR000785,LRN00266,CRS0117,2024-09-24,2024-12-31,1,100,71.0,100.0,61.0,5,28,4.2,98.0
ENR000786,LRN00267,CRS0145,2025-07-21,2025-08-27,1,100,35.4,88.3,68.3,5,16,4.1,37.0
ENR000787,LRN00267,CRS0134,2025-07-20,2025-08-02,1,100,11.6,100.0,57.8,5,6,4.3,13.0
ENR000788,LRN00268,CRS0196,2025-02-27,,0,33,7.6,18.8,46.2,1,4,,
ENR000789,LRN00269,CRS0011,2024-03-05,2024-03-24,1,100,37.9,93.0,92.3,5,12,4.2,19.0
ENR000790,LRN00270,CRS0110,2025-07-27,,0,57,7.3,52.5,65.1,2,5,,
ENR000791,LRN00271,CRS0117,2024-05-31,,0,22,8.3,23.6,56.4,1,6,,
ENR000792,LRN00271,CRS0054,2024-02-29,,0,59,21.7,47.9,63.3,2,11,,
ENR000793,LRN00271,CRS0112,2024-07-22,,0,19,1.7,32.8,,0,0,,
ENR000794,LRN00272,CRS0139,2024-10-18,,0,41,18.1,41.0,69.5,2,6,,
ENR000795,LRN00273,CRS0145,2025-04-09,,0,61,15.9,53.8,70.4,3,9,,
ENR000796,LRN00273,CRS0095,2025-01-05,2025-07-25,1,100,94.2,98.9,47.0,5,30,4.3,201.0
ENR000797,LRN00274,CRS0036,2024-05-04,,0,5,0.4,0.0,,0,0,,
ENR000798,LRN00275,CRS0066,2024-05-05,,0,20,1.3,20.9,,0,1,,
ENR000799,LRN00275,CRS0054,2024-04-14,,0,16,7.5,25.2,,0,3,,
ENR000800,LRN00276,CRS0155,2025-04-24,,0,37,25.4,26.0,62.0,1,9,,
ENR000801,LRN00276,CRS0144,2025-05-29,2025-09-24,1,100,94.0,100.0,39.1,5,31,4.5,118.0
ENR000802,LRN00276,CRS0137,2025-06-19,,0,14,6.8,21.9,,0,4,,
ENR000803,LRN00276,CRS0147,2025-03-10,,0,18,3.3,17.2,,0,2,,
ENR000804,LRN00277,CRS0055,2025-11-07,,0,35,14.8,37.1,57.0,1,7,,
ENR000805,LRN00278,CRS0168,2025-01-22,,0,34,2.4,32.3,69.6,1,2,,
ENR000806,LRN00278,CRS0052,2025-03-21,,0,54,16.2,47.3,74.7,2,10,,
ENR000807,LRN00279,CRS0151,2024-06-01,,0,10,8.9,0.0,,0,3,,
ENR000808,LRN00279,CRS0156,2024-09-23,2024-09-30,1,100,9.3,100.0,82.8,5,4,4.0,7.0
ENR000809,LRN00279,CRS0132,2024-07-25,2024-08-01,1,100,14.2,98.8,80.6,5,8,4.5,7.0
ENR000810,LRN00279,CRS0014,2024-05-21,,0,16,1.7,26.5,,0,1,,
ENR000811,LRN00280,CRS0111,2025-01-19,,0,44,18.5,41.9,62.8,2,11,,
ENR000812,LRN00280,CRS0120,2025-05-10,,0,38,1.6,36.9,75.8,1,1,,
ENR000813,LRN00280,CRS0100,2025-02-24,2025-05-14,1,100,18.7,100.0,50.6,5,10,3.2,79.0
ENR000814,LRN00280,CRS0086,2025-01-11,,0,19,1.9,27.2,,0,1,,
ENR000815,LRN00280,CRS0110,2025-03-14,2025-05-07,1,100,18.1,91.1,53.5,5,9,4.8,54.0
ENR000816,LRN00280,CRS0116,2025-03-26,,0,15,6.5,28.9,,0,5,,
ENR000817,LRN00281,CRS0066,2025-04-13,,0,17,2.4,6.5,,0,1,,
ENR000818,LRN00281,CRS0055,2025-09-17,,0,7,2.1,11.7,,0,1,,
ENR000819,LRN00281,CRS0069,2025-07-30,2025-08-08,1,100,6.5,96.4,33.4,5,5,4.6,9.0
ENR000820,LRN00281,CRS0070,2025-07-20,2025-08-03,1,100,10.2,86.5,69.1,5,7,3.9,14.0
ENR000821,LRN00281,CRS0193,2025-07-03,,0,12,7.3,23.7,,0,2,,
ENR000822,LRN00281,CRS0047,2025-09-19,2025-10-06,1,100,14.5,100.0,64.1,5,5,4.0,17.0
ENR000823,LRN00281,CRS0043,2025-05-04,,0,22,4.5,27.6,43.8,1,3,,
ENR000824,LRN00282,CRS0080,2025-04-15,,0,62,9.8,50.1,63.2,3,5,,
ENR000825,LRN00283,CRS0099,2025-05-23,,0,11,0.4,14.0,,0,0,,
ENR000826,LRN00284,CRS0159,2025-09-16,,0,28,3.4,21.6,73.7,1,2,,
ENR000827,LRN00284,CRS0142,2025-08-21,2025-10-08,1,100,28.2,87.1,67.5,5,12,4.3,48.0
ENR000828,LRN00284,CRS0103,2025-08-24,,0,33,13.7,39.1,83.3,1,7,,
ENR000829,LRN00285,CRS0063,2024-04-25,,0,2,0.1,8.5,,0,0,,
ENR000830,LRN00286,CRS0112,2024-07-24,,0,11,0.9,6.8,,0,0,,
ENR000831,LRN00286,CRS0092,2024-08-18,,0,20,5.5,7.6,,0,3,,
ENR000832,LRN00286,CRS0103,2024-07-31,,0,28,7.2,15.8,82.5,1,6,,
ENR000833,LRN00286,CRS0101,2024-05-10,2024-06-05,1,100,13.2,99.8,38.5,5,7,2.8,26.0
ENR000834,LRN00286,CRS0104,2024-08-19,,0,44,2.7,42.3,83.3,2,1,,
ENR000835,LRN00286,CRS0169,2024-08-22,,0,14,2.5,22.7,,0,1,,
ENR000836,LRN00287,CRS0140,2024-04-17,,0,8,2.1,13.3,,0,1,,
ENR000837,LRN00287,CRS0116,2024-04-14,2024-09-27,1,100,99.1,92.7,35.1,5,34,4.3,166.0
ENR000838,LRN00287,CRS0090,2024-05-01,,0,17,4.5,11.1,,0,2,,
ENR000839,LRN00287,CRS0117,2024-03-04,,0,66,25.2,77.7,56.0,3,18,,
ENR000840,LRN00288,CRS0041,2025-06-17,,0,26,4.6,34.7,50.5,1,2,,
ENR000841,LRN00288,CRS0070,2025-11-30,2025-12-06,1,100,11.9,85.9,56.1,5,7,4.1,6.0
ENR000842,LRN00288,CRS0092,2025-10-10,,0,31,7.5,38.1,79.0,1,5,,
ENR000843,LRN00288,CRS0100,2025-06-25,2025-07-07,1,100,22.2,100.0,44.9,5,10,4.0,12.0
ENR000844,LRN00288,CRS0090,2025-09-12,,0,50,11.3,44.7,76.2,2,6,,
ENR000845,LRN00289,CRS0042,2026-02-14,2026-04-03,1,100,71.3,100.0,85.6,5,30,4.4,48.0
ENR000846,LRN00290,CRS0109,2025-07-08,,0,25,2.9,19.2,66.6,1,2,,
ENR000847,LRN00290,CRS0113,2025-05-31,,0,10,1.2,2.0,,0,0,,
ENR000848,LRN00290,CRS0054,2025-09-22,,0,26,10.8,23.6,58.9,1,4,,
ENR000849,LRN00290,CRS0160,2025-08-03,2025-09-17,1,100,54.4,100.0,80.1,5,24,4.2,45.0
ENR000850,LRN00290,CRS0111,2025-08-05,2025-09-27,1,100,61.5,99.6,43.0,5,27,3.7,53.0
ENR000851,LRN00290,CRS0103,2025-06-09,2025-07-27,1,100,51.7,86.2,53.6,5,23,3.1,48.0
ENR000852,LRN00290,CRS0120,2025-11-08,2025-11-13,1,100,5.1,100.0,65.1,5,3,4.2,5.0
ENR000853,LRN00290,CRS0051,2025-07-02,2025-09-07,1,100,67.2,100.0,72.7,5,28,4.4,67.0
ENR000854,LRN00290,CRS0195,2025-11-09,,0,28,9.1,13.7,65.3,1,6,,
ENR000855,LRN00290,CRS0196,2025-07-21,,0,19,3.2,33.4,,0,2,,
ENR000856,LRN00290,CRS0091,2025-08-25,,0,11,1.5,7.0,,0,0,,
ENR000857,LRN00291,CRS0117,2024-11-18,2025-02-07,1,100,85.1,100.0,28.9,5,28,3.5,81.0
ENR000858,LRN00292,CRS0189,2025-12-12,2026-02-27,1,100,84.5,94.7,85.8,5,34,3.7,77.0
ENR000859,LRN00293,CRS0055,2024-11-21,2024-12-14,1,100,53.2,100.0,53.0,5,21,4.8,23.0
ENR000860,LRN00293,CRS0151,2024-11-25,,0,23,15.8,19.5,24.2,1,7,,
ENR000861,LRN00293,CRS0002,2024-08-13,,0,20,3.3,21.1,,0,2,,
ENR000862,LRN00293,CRS0079,2024-08-22,,0,62,6.6,54.9,82.9,3,4,,
ENR000863,LRN00293,CRS0042,2024-11-14,2024-12-25,1,100,59.7,92.4,54.1,5,30,4.0,41.0
ENR000864,LRN00293,CRS0182,2024-09-23,,0,20,1.7,10.3,,0,1,,
ENR000865,LRN00293,CRS0064,2024-11-25,,0,42,21.5,50.2,77.2,2,9,,
ENR000866,LRN00293,CRS0052,2024-10-09,2024-11-02,1,100,39.3,99.3,50.8,5,19,4.7,24.0
ENR000867,LRN00293,CRS0067,2024-11-13,2024-11-27,1,100,28.9,100.0,44.2,5,12,4.4,14.0
ENR000868,LRN00293,CRS0133,2024-09-27,2024-09-30,1,100,8.6,100.0,32.8,5,4,4.1,3.0
ENR000869,LRN00293,CRS0059,2024-10-07,2024-10-14,1,100,17.0,100.0,57.5,5,9,4.0,7.0
ENR000870,LRN00293,CRS0003,2024-07-11,,0,9,0.5,0.5,,0,0,,
ENR000871,LRN00293,CRS0060,2024-08-02,2024-08-31,1,100,58.9,100.0,79.9,5,24,2.8,29.0
ENR000872,LRN00293,CRS0077,2024-08-03,,0,43,23.7,32.7,75.5,2,9,,
ENR000873,LRN00294,CRS0186,2024-02-02,,0,3,0.7,5.8,,0,0,,
ENR000874,LRN00295,CRS0040,2024-11-03,,0,45,12.9,32.1,73.2,2,8,,
ENR000875,LRN00295,CRS0199,2024-05-30,,0,5,1.5,5.9,,0,0,,
ENR000876,LRN00295,CRS0181,2024-10-24,,0,40,16.7,35.5,58.9,2,8,,
ENR000877,LRN00296,CRS0009,2025-04-14,,0,27,10.7,29.8,39.1,1,5,,
ENR000878,LRN00297,CRS0132,2025-02-23,,0,12,1.0,24.8,,0,1,,
ENR000879,LRN00298,CRS0090,2025-03-26,,0,7,1.2,13.5,,0,0,,
ENR000880,LRN00298,CRS0099,2025-09-01,,0,44,1.4,34.3,28.2,2,2,,
ENR000881,LRN00298,CRS0113,2025-04-11,,0,21,1.3,9.1,48.9,1,1,,
ENR000882,LRN00299,CRS0010,2025-05-04,2025-05-13,1,100,9.5,98.1,22.8,5,6,4.2,9.0
ENR000883,LRN00300,CRS0153,2025-05-16,,0,8,5.3,15.1,,0,2,,
ENR000884,LRN00300,CRS0018,2025-05-10,,0,18,1.9,30.0,,0,1,,
ENR000885,LRN00301,CRS0180,2024-05-31,,0,25,18.1,36.6,75.4,1,6,,
ENR000886,LRN00301,CRS0062,2024-03-26,,0,19,1.5,29.0,,0,1,,
ENR000887,LRN00301,CRS0176,2024-01-22,,0,6,0.3,17.9,,0,0,,
ENR000888,LRN00302,CRS0184,2026-01-26,,0,10,3.2,1.5,,0,2,,
ENR000889,LRN00303,CRS0169,2024-01-07,,0,22,3.9,36.7,62.0,1,2,,
ENR000890,LRN00304,CRS0069,2025-12-22,2026-01-16,1,100,7.9,100.0,78.4,5,5,4.4,25.0
ENR000891,LRN00304,CRS0198,2025-09-13,,0,57,11.3,64.8,49.4,2,7,,
ENR000892,LRN00305,CRS0140,2025-05-01,,0,28,7.9,36.2,65.0,1,4,,
ENR000893,LRN00305,CRS0125,2025-07-25,,0,5,4.5,0.0,,0,1,,
ENR000894,LRN00305,CRS0108,2025-02-28,,0,22,4.0,33.5,67.5,1,2,,
ENR000895,LRN00305,CRS0013,2025-03-29,2025-08-11,1,100,25.7,100.0,81.5,5,12,3.9,135.0
ENR000896,LRN00305,CRS0004,2025-05-02,,0,44,15.8,49.7,69.5,2,12,,
ENR000897,LRN00305,CRS0124,2025-05-03,,0,44,18.7,42.9,59.7,2,10,,
ENR000898,LRN00306,CRS0069,2025-08-19,,0,40,3.2,44.4,72.6,2,2,,
ENR000899,LRN00306,CRS0144,2025-12-21,,0,58,37.4,72.4,58.6,2,18,,
ENR000900,LRN00306,CRS0139,2025-11-24,2026-04-09,1,100,49.3,86.1,87.1,5,16,4.7,136.0
ENR000901,LRN00306,CRS0153,2025-10-24,,0,7,2.5,2.2,,0,2,,
ENR000902,LRN00307,CRS0041,2024-07-16,2024-08-27,1,100,29.8,99.3,91.8,5,11,4.2,42.0
ENR000903,LRN00307,CRS0043,2024-09-22,,0,26,4.5,39.2,50.1,1,4,,
ENR000904,LRN00307,CRS0110,2024-07-09,,0,36,6.1,31.6,64.1,1,3,,
ENR000905,LRN00307,CRS0197,2024-07-28,,0,22,7.5,28.0,77.1,1,4,,
ENR000906,LRN00307,CRS0047,2024-07-27,,0,24,2.0,26.0,72.5,1,1,,
ENR000907,LRN00307,CRS0022,2024-10-20,,0,15,5.4,18.5,,0,4,,
ENR000908,LRN00307,CRS0067,2024-10-07,,0,15,3.8,13.2,,0,1,,
ENR000909,LRN00307,CRS0042,2024-07-13,,0,9,3.9,0.0,,0,2,,
ENR000910,LRN00307,CRS0055,2024-09-26,2024-12-24,1,100,61.8,94.6,75.9,5,21,4.4,89.0
ENR000911,LRN00307,CRS0079,2024-10-21,,0,31,2.7,33.2,82.2,1,2,,
ENR000912,LRN00307,CRS0075,2024-11-29,,0,13,5.0,5.1,,0,3,,
ENR000913,LRN00307,CRS0137,2024-12-04,,0,26,19.8,31.9,78.9,1,8,,
ENR000914,LRN00307,CRS0069,2024-11-07,,0,19,0.8,19.5,,0,1,,
ENR000915,LRN00307,CRS0078,2024-11-03,,0,43,18.7,29.3,85.6,2,14,,
ENR000916,LRN00308,CRS0052,2024-12-13,,0,23,8.3,15.6,79.1,1,4,,
ENR000917,LRN00308,CRS0079,2025-04-18,,0,27,3.9,23.7,56.4,1,1,,
ENR000918,LRN00309,CRS0174,2024-11-19,,0,46,25.8,35.5,82.4,2,15,,
ENR000919,LRN00310,CRS0164,2024-06-18,,0,14,2.7,18.9,,0,1,,
ENR000920,LRN00311,CRS0166,2025-08-17,,0,16,2.2,7.0,,0,0,,
ENR000921,LRN00311,CRS0160,2025-06-14,2025-09-16,1,100,62.2,100.0,72.5,5,24,3.4,94.0
ENR000922,LRN00311,CRS0032,2025-06-21,,0,25,4.2,13.9,90.6,1,2,,
ENR000923,LRN00312,CRS0013,2024-06-06,,0,7,1.1,0.0,,0,0,,
ENR000924,LRN00312,CRS0068,2024-03-19,2024-03-26,1,100,8.0,100.0,89.8,5,6,4.0,7.0
ENR000925,LRN00313,CRS0160,2024-03-31,,0,27,14.2,22.7,55.5,1,6,,
ENR000926,LRN00314,CRS0111,2024-06-04,,0,25,17.4,12.1,81.6,1,6,,
ENR000927,LRN00314,CRS0114,2024-08-15,,0,16,5.6,3.4,,0,2,,
ENR000928,LRN00315,CRS0169,2026-03-03,,0,11,1.6,20.7,,0,1,,
ENR000929,LRN00315,CRS0127,2026-02-14,,0,23,8.1,8.8,68.5,1,3,,
ENR000930,LRN00316,CRS0018,2025-05-08,,0,50,5.9,48.7,17.0,2,3,,
ENR000931,LRN00316,CRS0003,2025-02-07,,0,14,1.0,19.6,,0,0,,
ENR000932,LRN00316,CRS0046,2025-03-14,,0,38,7.8,50.7,72.9,1,3,,
ENR000933,LRN00316,CRS0029,2025-03-11,,0,46,13.4,32.2,48.6,2,5,,
ENR000934,LRN00316,CRS0009,2025-04-21,,0,32,11.4,29.4,79.1,1,6,,
ENR000935,LRN00316,CRS0095,2025-05-28,,0,26,15.0,22.6,44.0,1,7,,
ENR000936,LRN00316,CRS0025,2025-04-18,2025-06-20,1,100,16.1,93.0,55.1,5,5,3.5,63.0
ENR000937,LRN00316,CRS0021,2025-07-18,2025-11-12,1,100,18.1,100.0,56.3,5,11,3.3,117.0
ENR000938,LRN00316,CRS0151,2025-06-12,2026-05-04,1,100,86.2,100.0,66.1,5,33,3.5,326.0
ENR000939,LRN00316,CRS0022,2025-05-23,,0,29,22.1,39.3,50.9,1,7,,
ENR000940,LRN00317,CRS0113,2025-05-14,,0,31,3.2,23.7,74.2,1,2,,
ENR000941,LRN00318,CRS0130,2026-02-23,,0,19,2.2,23.5,,0,2,,
ENR000942,LRN00319,CRS0056,2025-01-15,,0,20,3.2,11.0,,0,2,,
ENR000943,LRN00319,CRS0022,2024-10-22,,0,17,12.6,4.3,,0,4,,
ENR000944,LRN00320,CRS0011,2025-09-18,,0,55,9.3,63.7,56.7,2,7,,
ENR000945,LRN00320,CRS0125,2025-08-31,2025-10-17,1,100,100.7,86.0,73.5,5,33,3.8,47.0
ENR000946,LRN00320,CRS0137,2026-01-07,,0,34,17.8,30.7,83.2,1,10,,
ENR000947,LRN00320,CRS0158,2026-02-10,,0,16,1.7,20.3,,0,0,,
ENR000948,LRN00320,CRS0126,2026-01-28,2026-02-03,1,100,14.5,100.0,58.4,5,7,4.8,6.0
ENR000949,LRN00321,CRS0163,2024-12-30,,0,27,4.2,32.3,34.5,1,1,,
ENR000950,LRN00321,CRS0197,2025-02-04,,0,10,4.9,14.3,,0,2,,
ENR000951,LRN00322,CRS0006,2024-06-24,,0,7,0.2,0.0,,0,0,,
ENR000952,LRN00322,CRS0045,2024-03-31,,0,15,1.7,8.3,,0,0,,
ENR000953,LRN00322,CRS0015,2024-04-20,2024-06-09,1,100,32.5,100.0,72.5,5,12,4.7,50.0
ENR000954,LRN00322,CRS0039,2024-06-11,,0,14,7.7,13.2,,0,4,,
ENR000955,LRN00322,CRS0018,2024-04-01,,0,38,3.3,28.1,79.4,1,2,,
ENR000956,LRN00323,CRS0097,2025-01-23,2025-02-02,1,100,13.2,98.1,55.3,5,6,4.9,10.0
ENR000957,LRN00323,CRS0107,2025-01-01,2025-02-07,1,100,45.1,100.0,68.2,5,16,4.5,37.0
ENR000958,LRN00324,CRS0107,2025-08-01,2026-08-30,1,100,34.9,99.3,70.0,5,16,4.7,394.0
ENR000959,LRN00324,CRS0120,2025-07-25,,0,11,0.5,11.3,,0,0,,
ENR000960,LRN00324,CRS0095,2025-08-02,,0,35,28.6,33.1,74.1,1,10,,
ENR000961,LRN00324,CRS0153,2025-06-16,,0,30,15.9,36.5,48.9,1,8,,
ENR000962,LRN00324,CRS0088,2025-08-26,,0,16,1.7,9.3,,0,1,,
ENR000963,LRN00324,CRS0100,2025-09-19,,0,42,7.5,56.6,66.6,2,4,,
ENR000964,LRN00324,CRS0111,2025-10-11,,0,7,3.4,21.7,,0,1,,
ENR000965,LRN00324,CRS0116,2025-05-23,,0,34,31.6,38.3,74.2,1,11,,
ENR000966,LRN00324,CRS0115,2025-09-09,,0,52,9.8,42.5,81.8,2,7,,
ENR000967,LRN00324,CRS0109,2025-07-12,,0,51,9.2,46.9,64.4,2,5,,
ENR000968,LRN00324,CRS0154,2025-10-28,,0,62,7.1,53.7,60.7,3,3,,
ENR000969,LRN00324,CRS0076,2025-09-19,,0,18,3.4,7.4,,0,2,,
ENR000970,LRN00324,CRS0151,2025-10-27,,0,41,30.2,32.2,22.7,2,13,,
ENR000971,LRN00324,CRS0136,2025-09-05,,0,29,19.1,15.7,72.7,1,8,,
ENR000972,LRN00324,CRS0093,2025-08-14,,0,44,11.3,50.2,36.8,2,6,,
ENR000973,LRN00325,CRS0021,2025-09-02,,0,13,1.3,21.8,,0,1,,
ENR000974,LRN00326,CRS0170,2024-08-02,,0,52,2.3,61.2,67.1,2,1,,
ENR000975,LRN00327,CRS0195,2025-10-20,2026-01-18,1,100,63.1,92.9,65.8,5,21,4.2,90.0
ENR000976,LRN00327,CRS0129,2025-10-25,,0,31,3.8,39.4,69.8,1,2,,
ENR000977,LRN00328,CRS0107,2024-01-19,2024-02-20,1,100,45.8,100.0,57.4,5,16,4.5,32.0
ENR000978,LRN00328,CRS0199,2024-06-04,,0,14,3.9,0.5,,0,2,,
ENR000979,LRN00328,CRS0155,2024-02-07,,0,22,8.4,28.8,58.8,1,5,,
ENR000980,LRN00328,CRS0099,2024-02-28,,0,43,2.2,41.6,95.1,2,2,,
ENR000981,LRN00328,CRS0094,2024-03-27,,0,34,27.2,40.3,81.2,1,10,,
ENR000982,LRN00328,CRS0120,2024-02-03,2024-02-08,1,100,6.1,100.0,73.0,5,3,4.3,5.0
ENR000983,LRN00328,CRS0158,2024-03-22,,0,13,1.8,27.8,,0,0,,
ENR000984,LRN00329,CRS0029,2024-08-02,,0,18,3.7,26.4,,0,2,,
ENR000985,LRN00329,CRS0096,2024-05-12,,0,28,3.1,19.8,52.9,1,2,,
ENR000986,LRN00330,CRS0154,2024-12-28,,0,25,2.9,19.2,53.3,1,1,,
ENR000987,LRN00331,CRS0114,2025-05-04,,0,19,5.9,23.9,,0,3,,
ENR000988,LRN00332,CRS0009,2024-05-27,,0,42,16.5,29.5,58.8,2,8,,
ENR000989,LRN00332,CRS0039,2024-05-14,,0,33,13.1,20.7,57.3,1,9,,
ENR000990,LRN00332,CRS0032,2024-07-02,,0,38,6.1,37.2,57.8,1,3,,
ENR000991,LRN00332,CRS0141,2024-08-16,,0,49,31.0,62.7,71.2,2,14,,
ENR000992,LRN00332,CRS0175,2024-03-09,,0,15,1.2,25.7,,0,0,,
ENR000993,LRN00333,CRS0179,2024-10-25,2024-12-21,1,100,22.5,100.0,71.3,5,10,4.8,57.0
ENR000994,LRN00334,CRS0008,2025-04-17,,0,49,3.0,34.5,80.8,2,2,,
ENR000995,LRN00335,CRS0032,2024-08-01,,0,6,0.8,4.0,,0,0,,
ENR000996,LRN00336,CRS0146,2025-09-01,2025-09-13,1,100,9.9,94.3,90.3,5,4,4.8,12.0
ENR000997,LRN00337,CRS0154,2025-10-31,,0,31,2.5,29.6,46.1,1,1,,
ENR000998,LRN00337,CRS0008,2025-06-16,,0,44,1.6,39.2,66.9,2,2,,
ENR000999,LRN00338,CRS0046,2024-03-10,,0,40,5.0,52.0,54.0,2,3,,
ENR001000,LRN00339,CRS0153,2024-09-17,2025-04-04,1,100,71.1,100.0,35.4,5,28,4.0,199.0
ENR001001,LRN00339,CRS0155,2024-11-26,,0,33,18.5,37.5,74.8,1,8,,
ENR001002,LRN00339,CRS0028,2024-10-24,,0,13,1.5,0.0,,0,1,,
ENR001003,LRN00339,CRS0124,2024-11-11,2025-04-14,1,100,55.3,90.1,64.7,5,23,3.8,154.0
ENR001004,LRN00339,CRS0143,2024-12-05,,0,20,0.8,30.9,,0,0,,
ENR001005,LRN00339,CRS0147,2024-11-25,,0,19,3.6,28.7,,0,2,,
ENR001006,LRN00339,CRS0146,2024-09-25,,0,40,3.8,25.5,50.3,2,1,,
ENR001007,LRN00339,CRS0043,2024-08-18,2024-11-10,1,100,38.5,92.1,48.9,5,16,4.8,84.0
ENR001008,LRN00339,CRS0177,2024-12-17,,0,34,4.8,40.9,71.3,1,2,,
ENR001009,LRN00340,CRS0172,2023-12-31,2024-01-12,1,100,6.6,97.5,43.7,5,4,4.9,12.0
ENR001010,LRN00340,CRS0182,2024-02-27,,0,50,2.9,38.5,55.6,2,2,,
ENR001011,LRN00340,CRS0129,2024-03-10,,0,10,2.0,7.0,,0,0,,
ENR001012,LRN00340,CRS0164,2024-05-05,,0,61,16.1,73.3,49.3,3,8,,
ENR001013,LRN00340,CRS0170,2023-11-29,,0,50,1.5,58.3,71.0,2,1,,
ENR001014,LRN00341,CRS0132,2025-03-24,,0,65,5.1,58.6,78.7,3,5,,
ENR001015,LRN00341,CRS0095,2025-02-15,,0,62,49.4,76.4,47.4,3,18,,
ENR001016,LRN00342,CRS0182,2025-04-17,,0,60,3.2,65.9,77.1,3,3,,
ENR001017,LRN00342,CRS0094,2025-06-13,,0,42,20.3,34.6,58.8,2,13,,
ENR001018,LRN00342,CRS0135,2025-05-12,,0,31,2.8,44.9,61.0,1,2,,
ENR001019,LRN00343,CRS0059,2025-03-17,2025-03-22,1,100,13.6,94.0,68.6,5,9,3.3,5.0
ENR001020,LRN00344,CRS0028,2024-07-26,,0,5,0.7,13.1,,0,0,,
ENR001021,LRN00344,CRS0200,2024-05-20,2024-06-17,1,100,36.7,100.0,52.7,5,14,4.2,28.0
ENR001022,LRN00344,CRS0130,2024-04-06,,0,32,3.7,37.3,22.7,1,3,,
ENR001023,LRN00345,CRS0172,2025-10-31,,0,19,1.1,16.0,,0,0,,
ENR001024,LRN00345,CRS0162,2025-05-12,,0,24,1.1,17.8,44.6,1,0,,
ENR001025,LRN00345,CRS0138,2025-06-13,,0,16,7.7,29.2,,0,4,,
ENR001026,LRN00346,CRS0089,2025-12-15,2026-01-14,1,100,27.1,100.0,43.7,5,12,3.8,30.0
ENR001027,LRN00347,CRS0111,2024-07-23,,0,55,22.7,47.3,58.6,2,14,,
ENR001028,LRN00348,CRS0078,2024-04-23,,0,11,5.3,7.8,,0,3,,
ENR001029,LRN00348,CRS0059,2024-05-04,,0,44,5.4,35.9,62.8,2,4,,
ENR001030,LRN00348,CRS0009,2024-08-06,,0,40,14.7,40.9,86.2,2,8,,
ENR001031,LRN00349,CRS0100,2024-05-19,2024-06-12,1,100,18.6,93.7,88.0,5,10,4.2,24.0
ENR001032,LRN00349,CRS0173,2024-06-23,,0,41,26.9,37.5,32.0,2,10,,
ENR001033,LRN00349,CRS0087,2024-06-22,,0,8,1.7,15.8,,0,1,,
ENR001034,LRN00350,CRS0070,2024-07-27,,0,25,2.0,11.0,65.4,1,1,,
ENR001035,LRN00350,CRS0021,2024-07-31,,0,14,2.2,20.2,,0,1,,
ENR001036,LRN00351,CRS0102,2024-09-09,,0,16,5.5,9.1,,0,4,,
ENR001037,LRN00352,CRS0118,2025-08-24,2025-11-30,1,100,73.6,100.0,41.5,5,28,4.5,98.0
ENR001038,LRN00353,CRS0035,2024-10-24,2024-11-07,1,100,10.5,91.8,72.5,5,5,4.7,14.0
ENR001039,LRN00354,CRS0155,2025-06-06,,0,50,25.2,53.7,71.6,2,12,,
ENR001040,LRN00355,CRS0035,2024-06-20,,0,12,1.2,13.5,,0,0,,
ENR001041,LRN00355,CRS0087,2024-05-04,,0,29,9.4,20.8,66.2,1,3,,
ENR001042,LRN00355,CRS0172,2024-05-05,2024-05-21,1,100,5.7,98.3,89.4,5,4,4.6,16.0
ENR001043,LRN00356,CRS0032,2025-12-15,2026-01-15,1,100,19.5,100.0,55.2,5,9,4.8,31.0
ENR001044,LRN00357,CRS0040,2025-05-24,,0,14,5.4,22.1,,0,2,,
ENR001045,LRN00357,CRS0127,2025-04-08,,0,28,6.2,27.3,55.4,1,4,,
ENR001046,LRN00357,CRS0196,2025-06-04,,0,29,5.9,19.8,93.8,1,3,,
ENR001047,LRN00357,CRS0131,2025-02-11,,0,16,1.4,25.7,,0,0,,
ENR001048,LRN00357,CRS0136,2025-01-14,2025-08-13,1,100,58.9,91.2,70.4,5,28,4.4,211.0
ENR001049,LRN00358,CRS0011,2024-03-01,,0,25,7.0,15.0,63.5,1,3,,
ENR001050,LRN00358,CRS0096,2024-05-27,2024-06-12,1,100,18.9,100.0,46.0,5,8,3.9,16.0
ENR001051,LRN00358,CRS0070,2024-07-28,,0,16,1.7,3.6,,0,1,,
ENR001052,LRN00358,CRS0019,2024-05-04,,0,21,6.7,9.4,69.8,1,4,,
ENR001053,LRN00358,CRS0018,2024-04-07,,0,23,1.9,24.2,63.4,1,1,,
ENR001054,LRN00358,CRS0003,2024-05-15,,0,56,2.9,44.6,54.7,2,2,,
ENR001055,LRN00358,CRS0035,2024-05-15,2024-05-25,1,100,11.6,100.0,61.8,5,5,3.0,10.0
ENR001056,LRN00358,CRS0007,2024-05-04,,0,20,2.1,34.9,,0,1,,
ENR001057,LRN00359,CRS0030,2024-05-23,,0,28,19.9,32.0,30.7,1,8,,
ENR001058,LRN00359,CRS0029,2024-05-16,,0,35,7.8,28.6,78.3,1,3,,
ENR001059,LRN00359,CRS0032,2024-03-31,,0,12,2.4,1.9,,0,1,,
ENR001060,LRN00360,CRS0188,2024-06-29,,0,28,6.5,19.1,56.2,1,3,,
ENR001061,LRN00361,CRS0095,2025-05-27,,0,45,26.4,32.8,45.4,2,13,,
ENR001062,LRN00361,CRS0098,2025-06-08,,0,19,1.4,16.2,,0,1,,
ENR001063,LRN00362,CRS0128,2024-12-07,,0,21,10.1,30.0,66.9,1,4,,
ENR001064,LRN00362,CRS0147,2024-11-29,,0,43,5.6,33.9,48.3,2,5,,
ENR001065,LRN00362,CRS0136,2025-02-05,,0,35,18.5,47.7,84.4,1,9,,
ENR001066,LRN00362,CRS0142,2025-01-02,,0,62,17.1,65.9,70.6,3,7,,
ENR001067,LRN00362,CRS0149,2025-01-18,,0,52,3.0,58.3,46.4,2,2,,
ENR001068,LRN00362,CRS0139,2025-02-16,2025-07-07,1,100,51.2,86.4,89.2,5,16,4.8,141.0
ENR001069,LRN00362,CRS0101,2024-12-06,2025-01-03,1,100,9.7,92.5,50.7,5,7,3.9,28.0
ENR001070,LRN00362,CRS0189,2024-11-17,,0,71,34.8,56.0,63.5,3,24,,
ENR001071,LRN00362,CRS0127,2024-11-30,,0,21,6.3,14.3,33.1,1,3,,
ENR001072,LRN00362,CRS0137,2025-01-27,2025-09-11,1,100,70.2,85.1,74.2,5,32,3.7,227.0
ENR001073,LRN00362,CRS0159,2024-12-23,,0,31,3.9,23.7,59.5,1,2,,
ENR001074,LRN00363,CRS0114,2024-02-24,,0,44,20.5,39.1,70.3,2,8,,
ENR001075,LRN00363,CRS0126,2024-03-29,,0,29,3.8,39.3,71.5,1,2,,
ENR001076,LRN00363,CRS0089,2024-03-03,2024-08-22,1,100,27.5,100.0,74.2,5,12,4.0,172.0
ENR001077,LRN00363,CRS0083,2023-12-29,,0,36,19.4,48.9,60.6,1,7,,
ENR001078,LRN00363,CRS0091,2024-01-19,,0,49,3.0,58.4,64.3,2,2,,
ENR001079,LRN00363,CRS0007,2024-01-24,,0,28,4.3,19.3,58.5,1,2,,
ENR001080,LRN00363,CRS0102,2024-02-08,,0,47,24.3,33.6,50.2,2,12,,
ENR001081,LRN00363,CRS0087,2024-03-25,,0,45,8.8,43.7,67.3,2,6,,
ENR001082,LRN00364,CRS0153,2025-08-06,,0,46,37.8,53.8,81.5,2,13,,
ENR001083,LRN00364,CRS0121,2025-07-30,,0,30,2.3,17.6,63.0,1,2,,
ENR001084,LRN00365,CRS0135,2024-07-30,,0,28,2.9,27.3,64.7,1,2,,
ENR001085,LRN00365,CRS0152,2024-08-26,,0,49,6.6,56.7,91.7,2,2,,
ENR001086,LRN00366,CRS0106,2024-10-22,2024-11-22,1,100,29.0,100.0,80.9,5,12,4.6,31.0
ENR001087,LRN00367,CRS0078,2025-01-17,,0,7,4.5,16.4,,0,2,,
ENR001088,LRN00368,CRS0176,2024-10-13,2024-10-22,1,100,6.7,100.0,67.8,5,5,3.3,9.0
ENR001089,LRN00369,CRS0074,2025-02-24,2025-04-04,1,100,65.4,94.4,66.0,5,24,4.7,39.0
ENR001090,LRN00370,CRS0068,2025-04-12,2025-05-20,1,100,7.2,89.5,62.7,5,6,4.2,38.0
ENR001091,LRN00371,CRS0030,2025-04-30,,0,4,2.3,5.2,,0,1,,
ENR001092,LRN00371,CRS0010,2025-03-03,,0,50,3.5,35.5,81.8,2,3,,
ENR001093,LRN00371,CRS0023,2025-04-04,,0,71,21.5,82.4,74.1,3,15,,
ENR001094,LRN00371,CRS0028,2025-04-20,2025-06-14,1,100,22.9,98.5,45.2,5,9,4.1,55.0
ENR001095,LRN00371,CRS0017,2025-03-17,,0,12,2.1,18.8,,0,1,,
ENR001096,LRN00371,CRS0173,2025-05-03,,0,21,6.9,7.9,73.9,1,5,,
ENR001097,LRN00371,CRS0005,2025-03-19,,0,47,25.0,34.9,73.3,2,11,,
ENR001098,LRN00371,CRS0013,2025-05-10,,0,45,7.7,44.2,63.9,2,5,,
ENR001099,LRN00371,CRS0111,2025-06-15,,0,59,37.3,57.5,28.5,2,16,,
ENR001100,LRN00371,CRS0015,2025-04-14,2025-07-11,1,100,30.0,91.5,52.4,5,12,3.2,88.0
ENR001101,LRN00371,CRS0011,2025-05-06,,0,19,6.9,11.8,,0,2,,
ENR001102,LRN00371,CRS0032,2025-07-24,,0,27,3.1,35.5,83.5,1,2,,
ENR001103,LRN00371,CRS0183,2025-06-28,,0,30,16.3,35.2,86.3,1,6,,
ENR001104,LRN00371,CRS0012,2025-07-26,,0,24,3.1,36.8,60.6,1,1,,
ENR001105,LRN00371,CRS0054,2025-08-02,2025-12-15,1,100,50.3,91.2,50.1,5,19,4.5,135.0
ENR001106,LRN00372,CRS0053,2024-08-20,,0,44,3.2,41.8,59.8,2,1,,
ENR001107,LRN00372,CRS0069,2024-12-08,,0,24,1.1,35.5,53.0,1,1,,
ENR001108,LRN00372,CRS0075,2024-07-08,,0,34,24.0,39.3,35.2,1,9,,
ENR001109,LRN00373,CRS0168,2024-07-07,,0,30,1.9,15.0,45.3,1,2,,
ENR001110,LRN00373,CRS0044,2024-09-06,,0,42,13.2,38.1,62.2,2,8,,
ENR001111,LRN00373,CRS0195,2024-07-04,2024-09-23,1,100,61.5,100.0,68.7,5,21,3.7,81.0
ENR001112,LRN00373,CRS0190,2024-06-15,,0,9,3.3,2.8,,0,1,,
ENR001113,LRN00373,CRS0189,2024-05-26,2024-10-09,1,100,86.1,93.5,40.6,5,34,3.8,136.0
ENR001114,LRN00374,CRS0148,2024-05-11,2024-05-24,1,100,6.0,100.0,17.2,5,4,4.0,13.0
ENR001115,LRN00374,CRS0158,2024-02-08,,0,19,1.3,22.9,,0,1,,
ENR001116,LRN00375,CRS0032,2024-12-26,2025-01-06,1,100,19.7,100.0,45.7,5,9,4.1,11.0
ENR001117,LRN00376,CRS0008,2024-07-30,,0,21,1.1,28.7,69.9,1,1,,
ENR001118,LRN00376,CRS0004,2024-08-15,2024-10-29,1,100,74.7,95.7,75.4,5,28,4.8,75.0
ENR001119,LRN00377,CRS0077,2024-06-18,,0,25,14.1,10.8,41.9,1,5,,
ENR001120,LRN00377,CRS0067,2024-09-26,,0,52,15.0,49.9,48.6,2,6,,
ENR001121,LRN00377,CRS0084,2024-10-12,,0,33,2.9,32.3,76.2,1,1,,
ENR001122,LRN00377,CRS0108,2024-08-09,,0,68,21.2,59.6,89.3,3,8,,
ENR001123,LRN00377,CRS0058,2024-07-14,,0,8,3.3,20.3,,0,2,,
ENR001124,LRN00377,CRS0069,2024-08-28,,0,31,2.2,32.7,60.4,1,1,,
ENR001125,LRN00377,CRS0116,2024-08-09,,0,12,8.0,25.8,,0,4,,
ENR001126,LRN00377,CRS0079,2024-09-24,,0,22,3.4,11.4,36.9,1,1,,
ENR001127,LRN00377,CRS0048,2024-09-18,,0,26,11.1,25.9,52.2,1,6,,
ENR001128,LRN00377,CRS0042,2024-09-18,,0,19,6.4,20.7,,0,5,,
ENR001129,LRN00377,CRS0115,2024-07-05,,0,30,7.4,37.0,57.2,1,4,,
ENR001130,LRN00377,CRS0020,2024-05-03,,0,41,22.3,52.1,78.1,2,10,,
ENR001131,LRN00377,CRS0180,2024-05-04,,0,20,7.6,26.7,,0,5,,
ENR001132,LRN00377,CRS0043,2024-08-22,,0,16,3.9,2.1,,0,2,,
ENR001133,LRN00377,CRS0105,2024-07-10,,0,13,0.6,26.8,,0,0,,
ENR001134,LRN00378,CRS0065,2024-05-31,2024-06-19,1,100,28.9,87.9,55.4,5,12,4.7,19.0
ENR001135,LRN00379,CRS0081,2025-12-17,,0,21,12.4,30.4,86.1,1,4,,
ENR001136,LRN00379,CRS0126,2026-02-07,,0,54,7.9,46.8,36.8,2,3,,
ENR001137,LRN00379,CRS0137,2026-01-24,,0,23,11.0,28.7,61.1,1,7,,
ENR001138,LRN00379,CRS0132,2025-11-16,,0,29,4.6,26.6,80.7,1,2,,
ENR001139,LRN00380,CRS0140,2024-08-24,2024-09-22,1,100,31.4,100.0,63.9,5,14,4.7,29.0
ENR001140,LRN00380,CRS0126,2024-07-24,,0,35,3.2,26.5,58.4,1,2,,
ENR001141,LRN00380,CRS0086,2024-10-17,,0,22,2.4,21.6,43.2,1,1,,
ENR001142,LRN00380,CRS0137,2024-09-30,,0,13,10.9,3.0,,0,4,,
ENR001143,LRN00380,CRS0156,2024-06-29,,0,22,1.9,15.3,47.5,1,0,,
ENR001144,LRN00380,CRS0115,2024-09-02,,0,47,11.7,43.1,49.2,2,6,,
ENR001145,LRN00380,CRS0134,2024-07-10,,0,20,2.7,15.3,,0,1,,
ENR001146,LRN00380,CRS0125,2024-09-20,,0,29,18.9,31.1,38.7,1,9,,
ENR001147,LRN00380,CRS0078,2024-10-03,,0,31,21.3,28.1,47.9,1,10,,
ENR001148,LRN00380,CRS0132,2024-08-02,,0,9,0.9,17.6,,0,0,,
ENR001149,LRN00380,CRS0147,2024-09-17,,0,14,2.3,8.5,,0,1,,
ENR001150,LRN00380,CRS0033,2024-10-11,,0,38,28.0,37.5,72.7,1,12,,
ENR001151,LRN00380,CRS0136,2024-11-08,,0,17,12.7,2.9,,0,4,,
ENR001152,LRN00380,CRS0160,2024-12-14,2025-02-04,1,100,67.2,100.0,69.3,5,24,3.8,52.0
ENR001153,LRN00381,CRS0179,2024-03-22,2024-04-16,1,100,20.4,86.6,65.0,5,10,4.7,25.0
ENR001154,LRN00381,CRS0188,2024-02-03,,0,33,5.3,21.6,50.1,1,4,,
ENR001155,LRN00381,CRS0185,2024-01-21,,0,40,6.6,48.8,61.0,2,5,,
ENR001156,LRN00381,CRS0067,2024-01-11,,0,34,5.9,46.7,59.4,1,4,,
ENR001157,LRN00381,CRS0191,2024-03-25,2024-04-19,1,100,13.0,100.0,75.2,5,7,3.6,25.0
ENR001158,LRN00381,CRS0169,2024-01-14,2024-02-12,1,100,20.3,86.4,69.5,5,9,3.3,29.0
ENR001159,LRN00381,CRS0189,2024-03-23,,0,36,33.6,34.1,89.6,1,12,,
ENR001160,LRN00381,CRS0173,2024-04-19,,0,19,7.1,13.8,,0,4,,
ENR001161,LRN00381,CRS0176,2024-02-08,,0,38,1.5,41.3,27.8,1,2,,
ENR001162,LRN00381,CRS0186,2024-03-15,,0,26,6.0,20.7,75.9,1,4,,
ENR001163,LRN00381,CRS0112,2023-12-17,,0,33,3.0,41.2,78.9,1,1,,
ENR001164,LRN00381,CRS0164,2024-02-21,2024-03-27,1,100,34.1,100.0,65.7,5,13,4.3,35.0
ENR001165,LRN00381,CRS0187,2024-04-26,,0,58,50.1,58.3,64.3,2,17,,
ENR001166,LRN00381,CRS0147,2024-01-07,2024-02-20,1,100,25.7,93.8,54.8,5,12,2.6,44.0
ENR001167,LRN00381,CRS0167,2024-05-13,,0,37,1.7,32.8,48.3,1,1,,
ENR001168,LRN00382,CRS0150,2026-03-19,2026-05-26,1,100,87.1,99.2,76.8,5,29,4.1,68.0
ENR001169,LRN00383,CRS0051,2024-11-17,,0,29,10.3,31.1,60.1,1,8,,
ENR001170,LRN00384,CRS0040,2026-01-01,2026-03-08,1,100,36.8,100.0,70.2,5,19,4.5,66.0
ENR001171,LRN00385,CRS0108,2024-06-08,,0,18,4.0,23.1,,0,2,,
ENR001172,LRN00385,CRS0102,2024-01-21,,0,41,25.1,38.6,83.2,2,10,,
ENR001173,LRN00386,CRS0135,2025-01-05,2025-01-31,1,100,15.3,92.5,62.6,5,8,4.7,26.0
ENR001174,LRN00386,CRS0141,2025-01-05,,0,20,14.4,16.9,,0,6,,
ENR001175,LRN00387,CRS0134,2024-02-16,2024-03-05,1,100,12.3,100.0,42.0,5,6,3.7,18.0
ENR001176,LRN00387,CRS0160,2024-03-15,,0,4,2.2,17.5,,0,0,,
ENR001177,LRN00388,CRS0117,2024-11-15,,0,25,9.6,22.1,82.9,1,7,,
ENR001178,LRN00388,CRS0093,2024-11-10,,0,22,3.5,21.3,63.3,1,3,,
ENR001179,LRN00389,CRS0194,2026-01-03,2026-04-16,1,100,73.8,97.5,81.2,5,32,3.5,103.0
ENR001180,LRN00389,CRS0184,2025-11-17,,0,27,16.2,18.7,75.4,1,6,,
ENR001181,LRN00389,CRS0172,2025-09-28,,0,13,0.6,21.5,,0,0,,
ENR001182,LRN00390,CRS0104,2024-06-12,2024-06-30,1,100,7.6,100.0,71.8,5,2,4.0,18.0
ENR001183,LRN00391,CRS0157,2024-12-15,,0,0,0.0,8.3,,0,0,,
ENR001184,LRN00392,CRS0052,2025-09-26,,0,9,3.7,6.3,,0,1,,
ENR001185,LRN00392,CRS0044,2025-12-09,,0,13,4.2,13.1,,0,2,,
ENR001186,LRN00392,CRS0068,2025-08-06,,0,64,3.6,55.8,74.3,3,4,,
ENR001187,LRN00392,CRS0061,2025-11-14,2026-04-19,1,100,57.1,100.0,31.6,5,26,3.5,156.0
ENR001188,LRN00392,CRS0062,2025-08-01,,0,48,4.6,61.3,65.9,2,3,,
ENR001189,LRN00392,CRS0102,2025-10-15,,0,33,22.7,38.0,56.8,1,8,,
ENR001190,LRN00393,CRS0191,2025-07-30,2025-08-20,1,100,18.4,94.8,82.9,5,7,3.8,21.0
ENR001191,LRN00393,CRS0029,2025-02-21,2025-03-31,1,100,32.5,91.0,55.0,5,11,4.6,38.0
ENR001192,LRN00393,CRS0027,2025-05-31,2025-07-07,1,100,41.0,100.0,66.7,5,14,3.8,37.0
ENR001193,LRN00393,CRS0001,2025-06-05,,0,28,2.3,43.0,40.6,1,1,,
ENR001194,LRN00393,CRS0030,2025-04-12,,0,35,22.4,26.1,79.3,1,11,,
ENR001195,LRN00394,CRS0041,2025-09-06,,0,28,6.2,16.5,52.2,1,3,,
ENR001196,LRN00395,CRS0035,2026-01-20,2026-01-27,1,100,12.5,100.0,85.9,5,5,4.2,7.0
ENR001197,LRN00396,CRS0091,2025-06-28,,0,6,0.5,12.0,,0,0,,
ENR001198,LRN00397,CRS0157,2025-07-06,,0,70,21.7,74.7,63.2,3,10,,
ENR001199,LRN00398,CRS0190,2024-01-17,,0,34,9.2,29.5,45.8,1,5,,
ENR001200,LRN00398,CRS0167,2023-12-27,,0,37,2.3,32.2,74.5,1,1,,
ENR001201,LRN00398,CRS0172,2024-02-13,,0,63,4.2,76.4,67.3,3,3,,
ENR001202,LRN00398,CRS0098,2024-04-07,,0,21,2.6,33.1,52.4,1,2,,
ENR001203,LRN00398,CRS0189,2024-02-21,,0,41,20.3,35.3,82.0,2,14,,
ENR001204,LRN00398,CRS0017,2024-02-05,,0,19,2.2,25.8,,0,1,,
ENR001205,LRN00398,CRS0069,2024-05-07,,0,43,1.5,54.2,50.2,2,2,,
ENR001206,LRN00398,CRS0029,2024-04-20,,0,9,2.5,21.5,,0,1,,
ENR001207,LRN00398,CRS0166,2024-03-31,,0,10,1.0,0.0,,0,0,,
ENR001208,LRN00398,CRS0176,2024-03-04,,0,15,0.4,21.8,,0,0,,
ENR001209,LRN00398,CRS0168,2023-12-26,,0,43,5.2,38.2,67.5,2,3,,
ENR001210,LRN00398,CRS0163,2024-04-15,,0,24,2.6,34.9,67.4,1,1,,
ENR001211,LRN00398,CRS0051,2024-02-20,,0,11,7.5,24.0,,0,3,,
ENR001212,LRN00398,CRS0186,2024-02-24,,0,28,6.3,28.7,88.7,1,4,,
ENR001213,LRN00398,CRS0060,2024-04-28,,0,17,6.0,17.5,,0,4,,
ENR001214,LRN00399,CRS0005,2024-03-26,,0,8,4.9,4.2,,0,1,,
ENR001215,LRN00399,CRS0066,2024-01-15,2024-01-26,1,100,12.2,100.0,73.5,5,7,4.1,11.0
ENR001216,LRN00399,CRS0106,2024-02-24,2024-03-17,1,100,27.9,89.5,69.8,5,12,4.6,22.0
ENR001217,LRN00399,CRS0108,2024-02-10,2024-03-05,1,100,26.1,100.0,33.9,5,12,4.6,24.0
ENR001218,LRN00400,CRS0189,2025-05-13,,0,58,44.4,71.0,27.5,2,19,,
ENR001219,LRN00400,CRS0156,2025-01-31,,0,9,0.6,10.3,,0,0,,
ENR001220,LRN00400,CRS0200,2025-03-29,2025-09-13,1,100,37.8,100.0,56.0,5,14,4.2,168.0
ENR001221,LRN00400,CRS0138,2025-05-07,,0,38,19.8,47.7,46.7,1,11,,
ENR001222,LRN00400,CRS0181,2025-06-23,,0,8,3.2,20.3,,0,1,,
ENR001223,LRN00400,CRS0094,2025-06-08,,0,25,12.7,10.9,78.4,1,7,,
ENR001224,LRN00400,CRS0199,2025-05-04,,0,8,1.4,22.8,,0,1,,
ENR001225,LRN00401,CRS0133,2024-05-22,,0,18,1.5,7.4,,0,0,,
ENR001226,LRN00402,CRS0010,2025-04-16,2025-05-06,1,100,10.3,88.6,89.1,5,6,3.3,20.0
ENR001227,LRN00402,CRS0020,2024-11-17,,0,11,7.1,19.3,,0,2,,
ENR001228,LRN00403,CRS0121,2024-09-18,2024-10-11,1,100,9.7,92.9,47.6,5,8,3.9,23.0
ENR001229,LRN00403,CRS0133,2024-11-29,,0,18,0.7,28.7,,0,0,,
ENR001230,LRN00403,CRS0153,2025-02-08,2025-07-05,1,100,66.5,96.0,70.6,5,28,3.2,147.0
ENR001231,LRN00403,CRS0157,2024-11-26,,0,26,7.2,20.6,85.7,1,3,,
ENR001232,LRN00404,CRS0176,2025-03-25,,0,37,2.0,38.9,67.4,1,2,,
ENR001233,LRN00405,CRS0052,2024-10-07,2025-01-22,1,100,48.1,100.0,80.9,5,19,4.3,107.0
ENR001234,LRN00405,CRS0196,2024-10-14,,0,42,11.4,29.2,76.5,2,5,,
ENR001235,LRN00405,CRS0070,2024-11-28,,0,27,2.2,16.3,62.6,1,1,,
ENR001236,LRN00405,CRS0031,2024-10-17,,0,26,14.8,35.3,38.4,1,8,,
ENR001237,LRN00405,CRS0057,2024-09-25,,0,22,5.1,21.9,44.2,1,2,,
ENR001238,LRN00405,CRS0042,2024-11-02,,0,32,19.4,20.6,28.3,1,9,,
ENR001239,LRN00405,CRS0078,2024-10-02,2025-04-07,1,100,69.5,94.6,56.1,5,32,3.2,187.0
ENR001240,LRN00406,CRS0123,2025-03-12,2025-05-08,1,100,56.7,93.0,92.5,5,24,3.3,57.0
ENR001241,LRN00406,CRS0160,2025-06-14,,0,35,15.2,35.3,75.1,1,8,,
ENR001242,LRN00406,CRS0138,2025-03-07,2025-05-18,1,100,73.5,95.7,92.3,5,30,2.3,72.0
ENR001243,LRN00407,CRS0111,2025-01-13,2025-06-04,1,100,56.4,100.0,60.7,5,27,3.8,142.0
ENR001244,LRN00408,CRS0013,2025-03-13,,0,20,4.9,9.4,,0,2,,
ENR001245,LRN00408,CRS0188,2024-12-17,,0,37,5.7,41.5,58.6,1,4,,
ENR001246,LRN00408,CRS0014,2025-01-02,,0,22,4.5,28.4,90.9,1,1,,
ENR001247,LRN00409,CRS0168,2024-07-07,2024-10-01,1,100,11.5,100.0,50.0,5,7,4.5,86.0
ENR001248,LRN00410,CRS0103,2024-11-24,,0,33,19.2,42.0,54.8,1,7,,
ENR001249,LRN00411,CRS0102,2025-08-26,,0,12,5.9,18.3,,0,3,,
ENR001250,LRN00411,CRS0117,2025-09-13,2026-05-02,1,100,81.2,100.0,59.3,5,28,3.5,231.0
ENR001251,LRN00411,CRS0103,2025-11-01,,0,39,16.6,27.2,68.4,1,9,,
ENR001252,LRN00411,CRS0082,2025-09-18,2025-10-14,1,100,9.0,100.0,49.0,5,4,4.8,26.0
ENR001253,LRN00411,CRS0094,2025-10-06,,0,50,23.9,43.9,54.3,2,15,,
ENR001254,LRN00411,CRS0197,2025-10-05,,0,6,2.6,0.0,,0,1,,
ENR001255,LRN00412,CRS0152,2025-05-21,,0,29,3.4,43.9,88.9,1,1,,
ENR001256,LRN00413,CRS0133,2025-03-18,,0,11,0.6,25.6,,0,0,,
ENR001257,LRN00414,CRS0063,2025-02-27,,0,8,0.4,17.3,,0,0,,
ENR001258,LRN00415,CRS0087,2024-06-01,2024-07-22,1,100,35.4,98.8,67.7,5,13,4.2,51.0
ENR001259,LRN00415,CRS0090,2024-09-24,,0,38,7.7,23.1,40.5,1,4,,
ENR001260,LRN00415,CRS0093,2024-07-08,,0,34,5.6,32.4,54.1,1,4,,
ENR001261,LRN00415,CRS0082,2024-09-20,2024-10-10,1,100,10.9,100.0,84.5,5,4,4.4,20.0
ENR001262,LRN00415,CRS0046,2024-10-27,,0,31,6.3,20.8,79.7,1,2,,
ENR001263,LRN00416,CRS0135,2025-06-01,,0,31,2.2,18.5,40.0,1,2,,
ENR001264,LRN00417,CRS0193,2024-07-13,,0,31,16.5,16.2,49.2,1,6,,
ENR001265,LRN00418,CRS0061,2024-04-07,2024-05-27,1,100,59.0,86.1,75.4,5,26,4.7,50.0
ENR001266,LRN00419,CRS0187,2025-04-21,,0,57,31.4,63.8,68.4,2,16,,
ENR001267,LRN00419,CRS0191,2025-04-17,,0,39,4.7,41.6,62.6,1,2,,
ENR001268,LRN00419,CRS0048,2025-07-13,,0,14,5.8,9.8,,0,3,,
ENR001269,LRN00419,CRS0088,2025-06-06,,0,21,2.8,35.4,63.3,1,1,,
ENR001270,LRN00419,CRS0015,2025-05-21,,0,45,11.7,36.8,85.4,2,5,,
ENR001271,LRN00419,CRS0177,2025-08-25,,0,32,4.7,22.1,50.8,1,2,,
ENR001272,LRN00419,CRS0018,2025-08-26,2025-09-12,1,100,10.1,100.0,48.0,5,6,4.3,17.0
ENR001273,LRN00419,CRS0166,2025-03-27,2025-04-21,1,100,14.9,94.0,64.2,5,4,4.6,25.0
ENR001274,LRN00419,CRS0112,2025-09-06,,0,36,1.8,40.8,51.9,1,1,,
ENR001275,LRN00419,CRS0169,2025-09-17,,0,23,3.0,29.9,55.9,1,2,,
ENR001276,LRN00420,CRS0106,2025-04-14,,0,14,2.0,17.6,,0,1,,
ENR001277,LRN00420,CRS0116,2025-06-29,,0,31,16.7,25.5,81.9,1,10,,
ENR001278,LRN00420,CRS0108,2025-05-10,,0,6,1.6,15.4,,0,0,,
ENR001279,LRN00421,CRS0043,2024-04-17,,0,17,4.5,23.9,,0,2,,
ENR001280,LRN00422,CRS0121,2024-10-20,,0,34,3.3,42.6,64.3,1,2,,
ENR001281,LRN00422,CRS0154,2025-01-20,,0,13,0.7,27.9,,0,0,,
ENR001282,LRN00422,CRS0141,2025-03-27,,0,10,3.7,0.0,,0,3,,
ENR001283,LRN00422,CRS0134,2025-02-03,2025-03-25,1,100,13.9,97.1,42.5,5,6,3.6,50.0
ENR001284,LRN00423,CRS0188,2025-05-08,,0,11,2.9,0.0,,0,1,,
ENR001285,LRN00424,CRS0068,2025-10-02,2025-11-01,1,100,6.9,93.3,59.6,5,6,3.6,30.0
ENR001286,LRN00424,CRS0191,2025-11-29,,0,7,1.2,10.4,,0,0,,
ENR001287,LRN00424,CRS0165,2025-10-21,,0,47,31.0,59.8,57.8,2,15,,
ENR001288,LRN00424,CRS0163,2025-12-02,2026-02-10,1,100,16.5,100.0,76.4,5,6,3.5,70.0
ENR001289,LRN00424,CRS0199,2025-10-22,,0,7,1.4,0.0,,0,1,,
ENR001290,LRN00424,CRS0186,2025-11-18,,0,20,7.7,6.8,,0,3,,
ENR001291,LRN00424,CRS0150,2025-10-03,,0,33,23.0,40.5,65.7,1,9,,
ENR001292,LRN00424,CRS0184,2025-11-01,2026-08-21,1,100,64.6,88.0,80.7,5,25,3.8,293.0
ENR001293,LRN00424,CRS0052,2025-11-24,,0,41,13.2,36.4,51.9,2,7,,
ENR001294,LRN00424,CRS0168,2026-01-08,,0,30,3.3,42.7,62.8,1,2,,
ENR001295,LRN00424,CRS0141,2025-11-30,,0,55,35.6,53.6,60.0,2,16,,
ENR001296,LRN00424,CRS0185,2025-08-26,,0,47,13.2,51.5,64.3,2,6,,
ENR001297,LRN00424,CRS0192,2025-12-19,,0,11,7.6,5.7,,0,3,,
ENR001298,LRN00424,CRS0198,2025-11-04,,0,18,3.6,26.9,,0,2,,
ENR001299,LRN00424,CRS0172,2025-09-02,,0,31,1.2,17.5,59.5,1,1,,
ENR001300,LRN00425,CRS0018,2024-05-08,,0,52,4.4,49.5,52.6,2,3,,
ENR001301,LRN00425,CRS0028,2024-03-01,,0,6,1.4,20.9,,0,0,,
ENR001302,LRN00426,CRS0111,2025-04-28,2025-08-17,1,100,56.6,100.0,72.1,5,27,3.9,111.0
ENR001303,LRN00427,CRS0024,2024-04-22,,0,24,6.8,34.8,56.7,1,3,,
ENR001304,LRN00428,CRS0173,2025-10-18,2026-03-08,1,100,54.5,100.0,63.5,5,25,4.2,141.0
ENR001305,LRN00428,CRS0180,2025-10-11,,0,46,22.9,37.0,79.3,2,11,,
ENR001306,LRN00428,CRS0192,2026-01-05,,0,12,7.7,0.0,,0,3,,
ENR001307,LRN00429,CRS0090,2024-05-28,,0,27,6.7,18.6,76.7,1,3,,
ENR001308,LRN00430,CRS0084,2024-02-22,2024-03-12,1,100,13.5,86.7,80.8,5,4,4.1,19.0
ENR001309,LRN00430,CRS0092,2024-04-08,2024-06-10,1,100,36.7,95.6,65.9,5,17,4.4,63.0
ENR001310,LRN00431,CRS0154,2024-08-10,,0,18,1.8,17.6,,0,1,,
ENR001311,LRN00432,CRS0045,2024-05-28,,0,26,3.7,30.0,76.6,1,1,,
ENR001312,LRN00433,CRS0114,2025-09-07,2025-10-11,1,100,48.5,95.7,64.8,5,18,3.7,34.0
ENR001313,LRN00433,CRS0093,2026-01-07,2026-02-04,1,100,30.6,100.0,51.4,5,14,4.8,28.0
ENR001314,LRN00434,CRS0091,2025-03-08,,0,14,1.3,18.3,,0,0,,
ENR001315,LRN00435,CRS0079,2024-03-26,,0,34,3.1,43.4,65.9,1,2,,
ENR001316,LRN00436,CRS0125,2024-12-13,2025-02-04,1,100,75.3,93.1,69.1,5,33,4.5,53.0
ENR001317,LRN00436,CRS0141,2025-02-28,,0,44,16.1,42.5,61.5,2,13,,
ENR001318,LRN00436,CRS0023,2024-11-09,,0,16,9.4,24.4,,0,3,,
ENR001319,LRN00436,CRS0035,2024-12-16,2024-12-25,1,100,13.3,86.6,35.2,5,5,4.2,9.0
ENR001320,LRN00436,CRS0081,2024-10-22,,0,66,27.9,60.7,80.5,3,14,,
ENR001321,LRN00436,CRS0029,2025-02-24,2025-03-20,1,100,26.0,95.0,67.4,5,11,4.3,24.0
ENR001322,LRN00436,CRS0012,2024-10-07,2024-10-17,1,100,13.5,100.0,65.0,5,8,4.0,10.0
ENR001323,LRN00436,CRS0001,2024-10-12,2024-10-18,1,100,8.7,89.7,81.8,5,4,3.7,6.0
ENR001324,LRN00436,CRS0031,2025-02-17,,0,13,10.9,11.7,,0,4,,
ENR001325,LRN00436,CRS0004,2024-11-30,,0,46,21.0,36.2,52.1,2,13,,
ENR001326,LRN00436,CRS0016,2025-03-16,2025-04-08,1,100,44.9,100.0,52.3,5,18,3.2,23.0
ENR001327,LRN00436,CRS0086,2024-10-27,,0,6,0.4,11.5,,0,0,,
ENR001328,LRN00436,CRS0022,2025-02-11,2025-04-10,1,100,72.0,95.5,55.2,5,27,3.1,58.0
ENR001329,LRN00437,CRS0175,2026-03-04,,0,13,1.3,11.9,,0,0,,
ENR001330,LRN00438,CRS0047,2024-01-01,,0,35,3.3,42.6,60.7,1,1,,
ENR001331,LRN00439,CRS0138,2025-07-14,,0,20,6.8,22.9,,0,6,,
ENR001332,LRN00439,CRS0171,2025-04-23,,0,27,5.9,38.2,35.8,1,3,,
ENR001333,LRN00439,CRS0109,2025-06-02,2025-07-02,1,100,25.0,88.6,87.0,5,11,4.7,30.0
ENR001334,LRN00439,CRS0097,2025-03-02,2025-03-17,1,100,16.1,90.5,87.6,5,6,4.7,15.0
ENR001335,LRN00439,CRS0090,2025-05-10,,0,28,3.7,26.1,67.1,1,3,,
ENR001336,LRN00439,CRS0100,2025-03-02,,0,9,1.2,2.4,,0,0,,
ENR001337,LRN00440,CRS0067,2025-12-15,,0,36,10.6,48.9,47.3,1,4,,
ENR001338,LRN00440,CRS0123,2025-08-02,,0,2,1.3,1.5,,0,0,,
ENR001339,LRN00440,CRS0044,2025-11-07,,0,25,7.6,20.1,43.2,1,5,,
ENR001340,LRN00441,CRS0105,2025-10-12,,0,25,1.9,36.3,57.6,1,1,,
ENR001341,LRN00441,CRS0090,2025-10-25,2026-01-20,1,100,23.0,100.0,63.9,5,12,4.2,87.0
ENR001342,LRN00441,CRS0088,2025-10-01,,0,21,1.5,32.6,58.9,1,1,,
ENR001343,LRN00441,CRS0102,2025-12-20,,0,21,10.3,21.3,60.5,1,5,,
ENR001344,LRN00441,CRS0108,2025-11-19,2026-02-20,1,100,34.8,91.4,77.2,5,12,4.5,93.0
ENR001345,LRN00442,CRS0045,2025-01-25,,0,25,3.1,18.4,91.3,1,1,,
ENR001346,LRN00442,CRS0109,2025-05-29,,0,51,12.7,64.2,81.1,2,5,,
ENR001347,LRN00443,CRS0071,2024-03-17,2024-03-22,1,100,6.3,88.9,60.1,5,3,3.1,5.0
ENR001348,LRN00443,CRS0034,2024-05-11,2024-07-06,1,100,64.3,100.0,60.9,5,29,3.6,56.0
ENR001349,LRN00444,CRS0112,2025-10-05,2025-10-13,1,100,8.2,85.3,60.8,5,4,3.9,8.0
ENR001350,LRN00445,CRS0039,2024-12-22,,0,23,17.5,13.1,57.7,1,6,,
ENR001351,LRN00446,CRS0046,2024-03-08,,0,49,10.4,58.9,71.3,2,3,,
ENR001352,LRN00446,CRS0099,2024-03-19,,0,17,0.8,22.1,,0,0,,
ENR001353,LRN00446,CRS0063,2024-03-17,,0,8,0.5,1.7,,0,0,,
ENR001354,LRN00446,CRS0168,2024-06-04,,0,4,0.4,8.1,,0,0,,
ENR001355,LRN00446,CRS0182,2024-01-22,,0,9,0.4,7.9,,0,0,,
ENR001356,LRN00446,CRS0065,2024-02-02,2024-03-06,1,100,29.7,100.0,80.2,5,12,3.7,33.0
ENR001357,LRN00447,CRS0166,2024-02-13,2024-02-26,1,100,11.5,100.0,70.8,5,4,4.5,13.0
ENR001358,LRN00447,CRS0181,2024-05-31,,0,25,9.6,16.0,41.1,1,5,,
ENR001359,LRN00447,CRS0197,2024-03-12,2024-05-03,1,100,57.2,95.2,79.0,5,21,3.2,52.0
ENR001360,LRN00447,CRS0190,2024-06-14,2024-07-25,1,100,36.3,94.9,31.5,5,15,3.9,41.0
ENR001361,LRN00447,CRS0162,2024-03-02,,0,33,2.0,25.2,68.4,1,1,,
ENR001362,LRN00447,CRS0174,2024-06-26,,0,39,30.1,33.6,60.2,1,13,,
ENR001363,LRN00447,CRS0188,2024-02-23,,0,40,11.0,29.6,66.6,2,5,,
ENR001364,LRN00447,CRS0185,2024-03-31,,0,50,18.4,52.8,62.6,2,6,,
ENR001365,LRN00447,CRS0182,2024-06-13,2024-06-19,1,100,7.0,94.6,37.9,5,5,4.0,6.0
ENR001366,LRN00448,CRS0193,2024-12-29,,0,26,13.6,35.9,73.9,1,5,,
ENR001367,LRN00448,CRS0103,2024-10-22,,0,2,1.0,0.0,,0,0,,
ENR001368,LRN00448,CRS0096,2025-03-17,,0,30,5.2,25.9,73.5,1,2,,
ENR001369,LRN00448,CRS0115,2024-11-13,,0,42,17.6,57.0,60.6,2,6,,
ENR001370,LRN00449,CRS0186,2024-01-29,,0,13,4.2,23.6,,0,2,,
ENR001371,LRN00449,CRS0167,2024-02-15,,0,6,0.4,0.0,,0,0,,
ENR001372,LRN00450,CRS0024,2024-12-19,,0,64,20.7,69.9,47.8,3,9,,
ENR001373,LRN00451,CRS0055,2025-10-17,,0,39,16.1,27.8,77.4,1,8,,
ENR001374,LRN00451,CRS0136,2025-05-09,,0,38,20.3,47.2,67.6,1,10,,
ENR001375,LRN00451,CRS0056,2025-07-14,,0,20,3.4,23.8,,0,2,,
ENR001376,LRN00451,CRS0080,2025-05-25,2025-06-23,1,100,25.4,100.0,62.9,5,8,2.9,29.0
ENR001377,LRN00451,CRS0191,2025-08-10,,0,22,3.4,15.9,76.3,1,1,,
ENR001378,LRN00452,CRS0008,2025-01-10,,0,13,0.8,6.6,,0,0,,
ENR001379,LRN00452,CRS0149,2025-01-09,2025-01-16,1,100,5.1,96.3,70.9,5,4,4.5,7.0
ENR001380,LRN00453,CRS0004,2024-07-23,,0,16,5.6,23.9,,0,4,,
ENR001381,LRN00453,CRS0006,2024-10-07,,0,22,1.2,32.4,34.5,1,0,,
ENR001382,LRN00454,CRS0029,2025-10-05,,0,7,2.2,0.0,,0,0,,
ENR001383,LRN00455,CRS0016,2024-08-17,2024-11-08,1,100,46.0,86.9,63.0,5,18,4.7,83.0
ENR001384,LRN00456,CRS0179,2025-12-15,,0,5,0.7,3.0,,0,0,,
ENR001385,LRN00456,CRS0164,2025-07-23,,0,28,7.8,32.1,48.2,1,3,,
ENR001386,LRN00456,CRS0195,2025-12-29,2026-03-24,1,100,63.3,100.0,57.7,5,21,4.2,85.0
ENR001387,LRN00456,CRS0031,2025-11-22,,0,14,5.5,0.4,,0,4,,
ENR001388,LRN00456,CRS0189,2025-12-01,,0,21,15.0,15.8,53.0,1,7,,
ENR001389,LRN00456,CRS0167,2025-10-14,,0,68,4.2,80.6,68.7,3,3,,
ENR001390,LRN00457,CRS0060,2025-01-09,2025-04-08,1,100,68.9,96.0,83.0,5,24,4.4,89.0
ENR001391,LRN00457,CRS0090,2025-05-03,,0,17,3.6,23.4,,0,2,,
ENR001392,LRN00457,CRS0108,2025-01-12,,0,11,3.6,14.0,,0,1,,
ENR001393,LRN00458,CRS0159,2025-01-30,,0,14,2.1,0.0,,0,1,,
ENR001394,LRN00458,CRS0145,2024-12-07,2025-01-24,1,100,33.9,86.5,77.4,5,16,4.7,48.0
ENR001395,LRN00458,CRS0157,2025-02-20,,0,33,14.1,19.2,64.9,1,5,,
ENR001396,LRN00458,CRS0146,2024-10-07,2024-10-20,1,100,11.3,85.1,79.2,5,4,4.6,13.0
ENR001397,LRN00458,CRS0142,2024-11-12,,0,12,2.7,12.8,,0,1,,
ENR001398,LRN00459,CRS0028,2025-04-22,,0,62,9.9,59.5,85.9,3,5,,
ENR001399,LRN00459,CRS0016,2025-07-18,,0,33,12.9,31.1,57.5,1,6,,
ENR001400,LRN00460,CRS0171,2025-01-28,,0,38,6.7,48.1,78.5,1,4,,
ENR001401,LRN00460,CRS0138,2024-12-24,,0,36,20.8,43.7,61.4,1,10,,
ENR001402,LRN00461,CRS0117,2025-07-09,,0,36,15.8,43.1,39.1,1,10,,
ENR001403,LRN00461,CRS0093,2025-06-25,,0,28,7.2,13.7,74.0,1,4,,
ENR001404,LRN00461,CRS0109,2025-08-24,2025-10-23,1,100,25.6,100.0,66.2,5,11,3.9,60.0
ENR001405,LRN00461,CRS0087,2025-05-27,,0,23,5.4,31.4,83.2,1,3,,
ENR001406,LRN00462,CRS0144,2024-07-29,2024-11-02,1,100,75.3,100.0,83.8,5,31,3.3,96.0
ENR001407,LRN00463,CRS0020,2024-06-30,,0,59,32.2,59.2,74.8,2,15,,
ENR001408,LRN00463,CRS0004,2024-03-28,2024-05-22,1,100,60.3,98.0,44.4,5,28,4.2,55.0
ENR001409,LRN00463,CRS0190,2024-01-22,,0,25,7.2,35.5,39.2,1,3,,
ENR001410,LRN00464,CRS0175,2025-07-27,2025-08-21,1,100,11.3,90.5,65.2,5,4,3.0,25.0
ENR001411,LRN00464,CRS0198,2025-08-21,,0,11,3.3,15.9,,0,1,,
ENR001412,LRN00464,CRS0129,2025-07-22,,0,9,1.8,0.0,,0,0,,
ENR001413,LRN00464,CRS0125,2025-09-13,2026-03-27,1,100,76.0,100.0,53.4,5,33,3.6,195.0
ENR001414,LRN00464,CRS0128,2025-07-14,,0,14,5.2,16.4,,0,2,,
ENR001415,LRN00464,CRS0133,2025-11-13,,0,40,2.7,30.7,45.9,2,1,,
ENR001416,LRN00464,CRS0140,2025-08-03,2025-10-18,1,100,36.0,92.0,62.5,5,14,4.6,76.0
ENR001417,LRN00464,CRS0127,2025-08-23,,0,24,6.9,30.6,74.4,1,3,,
ENR001418,LRN00465,CRS0116,2024-06-26,,0,55,28.8,56.6,86.7,2,18,,
ENR001419,LRN00465,CRS0005,2024-03-27,,0,7,3.7,17.1,,0,1,,
ENR001420,LRN00466,CRS0143,2024-08-05,,0,21,0.7,30.2,59.0,1,0,,
ENR001421,LRN00466,CRS0134,2024-12-23,2025-01-05,1,100,12.6,100.0,54.8,5,6,4.1,13.0
ENR001422,LRN00467,CRS0196,2024-04-19,,0,16,3.9,11.3,,0,2,,
ENR001423,LRN00467,CRS0003,2024-06-08,,0,21,1.9,13.1,45.9,1,0,,
ENR001424,LRN00467,CRS0114,2024-03-25,,0,45,14.2,48.6,81.0,2,8,,
ENR001425,LRN00467,CRS0163,2024-07-16,,0,42,5.0,46.1,79.6,2,2,,
ENR001426,LRN00467,CRS0162,2024-07-14,,0,30,1.4,37.1,24.9,1,1,,
ENR001427,LRN00468,CRS0041,2024-10-23,,0,15,4.3,3.3,,0,1,,
ENR001428,LRN00468,CRS0195,2025-02-04,,0,36,12.0,27.4,68.8,1,7,,
ENR001429,LRN00469,CRS0089,2025-03-05,,0,10,2.2,4.9,,0,1,,
ENR001430,LRN00469,CRS0119,2025-02-15,,0,46,3.3,52.3,65.7,2,2,,
ENR001431,LRN00469,CRS0085,2025-06-15,,0,32,5.6,30.6,27.2,1,3,,
ENR001432,LRN00470,CRS0101,2025-02-24,,0,13,0.8,6.6,,0,0,,
ENR001433,LRN00471,CRS0004,2025-06-08,,0,13,8.7,8.3,,0,3,,
ENR001434,LRN00472,CRS0103,2025-05-06,,0,38,21.9,43.2,41.0,1,8,,
ENR001435,LRN00473,CRS0199,2023-12-18,,0,18,5.1,26.8,,0,2,,
ENR001436,LRN00474,CRS0139,2025-05-07,2025-06-21,1,100,52.4,100.0,49.1,5,16,4.5,45.0
ENR001437,LRN00474,CRS0124,2025-06-01,2025-08-06,1,100,63.2,100.0,40.8,5,23,4.1,66.0
ENR001438,LRN00475,CRS0068,2024-11-06,,0,48,2.5,55.8,79.8,2,3,,
ENR001439,LRN00476,CRS0177,2024-07-25,2024-08-10,1,100,18.3,85.2,77.5,5,6,4.3,16.0
ENR001440,LRN00477,CRS0018,2024-11-06,,0,18,1.2,22.3,,0,1,,
ENR001441,LRN00478,CRS0179,2024-03-18,,0,39,6.8,41.0,53.5,1,4,,
ENR001442,LRN00478,CRS0187,2024-05-08,,0,12,5.1,6.1,,0,3,,
ENR001443,LRN00478,CRS0194,2024-02-23,2024-06-06,1,100,72.2,100.0,62.4,5,32,3.9,104.0
ENR001444,LRN00478,CRS0196,2024-04-12,,0,37,13.1,42.5,40.8,1,5,,
ENR001445,LRN00478,CRS0182,2024-05-14,,0,17,1.0,7.5,,0,0,,
ENR001446,LRN00479,CRS0105,2024-04-26,,0,28,2.3,24.0,68.9,1,1,,
ENR001447,LRN00479,CRS0117,2024-04-10,,0,31,21.2,22.1,73.3,1,8,,
ENR001448,LRN00479,CRS0181,2024-07-09,,0,42,15.6,37.6,48.3,2,8,,
ENR001449,LRN00479,CRS0104,2024-03-19,,0,42,1.3,55.1,85.1,2,1,,
ENR001450,LRN00479,CRS0098,2024-04-22,,0,64,5.7,64.2,22.6,3,6,,
ENR001451,LRN00479,CRS0116,2024-07-24,,0,39,16.0,37.5,80.8,1,13,,
ENR001452,LRN00479,CRS0129,2024-06-09,2024-07-19,1,100,24.7,89.9,66.7,5,8,3.7,40.0
ENR001453,LRN00480,CRS0121,2025-11-28,,0,25,1.4,13.9,84.2,1,2,,
ENR001454,LRN00481,CRS0017,2024-07-20,,0,30,3.8,15.7,71.3,1,2,,
ENR001455,LRN00482,CRS0200,2024-09-14,2024-12-17,1,100,41.3,100.0,49.4,5,14,4.3,94.0
ENR001456,LRN00482,CRS0020,2024-12-26,,0,25,8.8,13.9,60.6,1,6,,
ENR001457,LRN00482,CRS0168,2024-12-23,,0,24,2.7,23.8,46.1,1,1,,
ENR001458,LRN00483,CRS0153,2024-07-05,,0,25,10.0,35.1,50.3,1,7,,
ENR001459,LRN00483,CRS0087,2024-10-29,,0,16,3.1,8.9,,0,2,,
ENR001460,LRN00484,CRS0132,2025-07-03,2025-07-14,1,100,13.0,100.0,40.1,5,8,4.1,11.0
ENR001461,LRN00484,CRS0029,2025-11-10,2025-12-06,1,100,27.5,98.9,36.3,5,11,3.3,26.0
ENR001462,LRN00485,CRS0059,2024-10-04,2024-10-21,1,100,14.9,86.8,60.2,5,9,4.4,17.0
ENR001463,LRN00485,CRS0050,2024-11-26,2024-12-03,1,100,7.1,91.4,59.7,5,4,4.2,7.0
ENR001464,LRN00485,CRS0136,2024-08-27,,0,61,24.5,47.6,36.7,3,17,,
ENR001465,LRN00485,CRS0042,2024-11-20,,0,53,33.3,59.7,49.0,2,16,,
ENR001466,LRN00485,CRS0041,2024-11-06,,0,27,4.9,34.7,50.2,1,3,,
ENR001467,LRN00486,CRS0051,2025-09-21,,0,10,6.1,3.0,,0,2,,
ENR001468,LRN00486,CRS0143,2025-08-06,2025-08-13,1,100,5.0,99.3,48.2,5,4,4.2,7.0
ENR001469,LRN00487,CRS0063,2025-01-27,2025-02-05,1,100,8.3,100.0,56.9,5,7,4.5,9.0
ENR001470,LRN00487,CRS0147,2025-05-11,2025-05-30,1,100,23.1,100.0,62.6,5,12,3.9,19.0
ENR001471,LRN00487,CRS0140,2025-01-16,2025-02-19,1,100,38.0,100.0,34.5,5,14,2.5,34.0
ENR001472,LRN00487,CRS0132,2025-03-27,2025-04-09,1,100,15.6,85.9,78.2,5,8,4.6,13.0
ENR001473,LRN00487,CRS0150,2025-02-09,,0,23,14.7,31.4,32.9,1,6,,
ENR001474,LRN00488,CRS0082,2024-02-12,,0,52,5.0,52.0,88.6,2,2,,
ENR001475,LRN00488,CRS0017,2024-02-05,,0,20,2.9,12.6,,0,1,,
ENR001476,LRN00488,CRS0032,2024-01-27,2024-02-10,1,100,21.5,100.0,72.0,5,9,3.7,14.0
ENR001477,LRN00489,CRS0170,2025-08-29,,0,29,1.5,25.9,46.9,1,0,,
ENR001478,LRN00490,CRS0170,2024-12-01,,0,37,1.2,24.1,54.9,1,1,,
ENR001479,LRN00491,CRS0153,2025-05-25,2025-09-03,1,100,88.9,100.0,58.6,5,28,4.2,101.0
ENR001480,LRN00491,CRS0084,2025-07-21,,0,42,4.9,39.8,52.4,2,2,,
ENR001481,LRN00491,CRS0151,2025-07-28,2025-11-25,1,100,74.1,100.0,71.2,5,33,3.4,120.0
ENR001482,LRN00491,CRS0144,2025-09-30,,0,3,1.9,0.0,,0,0,,
ENR001483,LRN00492,CRS0065,2024-05-08,,0,9,1.3,17.2,,0,1,,
ENR001484,LRN00492,CRS0068,2024-02-23,,0,20,1.5,10.0,,0,1,,
ENR001485,LRN00492,CRS0128,2024-02-17,,0,27,10.4,31.6,71.3,1,5,,
ENR001486,LRN00493,CRS0155,2024-10-31,,0,33,12.2,33.0,69.6,1,8,,
ENR001487,LRN00494,CRS0032,2025-12-12,,0,15,2.4,28.9,,0,1,,
ENR001488,LRN00494,CRS0014,2025-12-14,,0,5,0.9,0.0,,0,0,,
ENR001489,LRN00494,CRS0030,2026-01-28,,0,29,24.0,33.7,66.5,1,9,,
ENR001490,LRN00494,CRS0128,2025-11-23,,0,23,5.5,16.7,76.5,1,4,,
ENR001491,LRN00494,CRS0104,2025-12-16,,0,9,0.4,0.2,,0,0,,
ENR001492,LRN00495,CRS0134,2025-03-17,,0,50,4.6,47.8,58.9,2,3,,
ENR001493,LRN00495,CRS0173,2025-03-10,,0,17,10.3,13.0,,0,4,,
ENR001494,LRN00495,CRS0199,2025-02-26,,0,40,11.6,36.8,74.2,2,6,,
ENR001495,LRN00495,CRS0118,2025-03-20,,0,13,9.1,16.2,,0,3,,
ENR001496,LRN00495,CRS0181,2025-01-31,,0,38,12.9,34.3,34.5,1,7,,
ENR001497,LRN00495,CRS0034,2024-12-10,2025-04-16,1,100,76.8,100.0,74.4,5,29,2.9,127.0
ENR001498,LRN00495,CRS0167,2024-10-21,,0,33,1.4,38.0,80.6,1,1,,
ENR001499,LRN00495,CRS0137,2024-11-22,2025-03-14,1,100,65.2,100.0,36.3,5,32,3.1,112.0
ENR001500,LRN00496,CRS0092,2025-06-04,,0,16,4.7,13.3,,0,2,,
ENR001501,LRN00497,CRS0091,2024-01-31,,0,9,0.8,22.1,,0,0,,
ENR001502,LRN00498,CRS0127,2024-10-02,,0,18,3.1,27.0,,0,2,,
ENR001503,LRN00499,CRS0191,2024-05-11,,0,29,4.3,31.5,76.1,1,2,,
ENR001504,LRN00499,CRS0172,2024-03-29,,0,53,1.9,56.4,78.3,2,2,,
ENR001505,LRN00499,CRS0132,2024-04-26,,0,31,2.4,26.6,37.1,1,2,,
ENR001506,LRN00500,CRS0016,2025-07-17,,0,23,10.0,23.6,31.0,1,4,,
ENR001507,LRN00500,CRS0008,2025-06-09,2025-06-19,1,100,5.8,100.0,78.1,5,5,4.4,10.0
ENR001508,LRN00500,CRS0001,2025-04-20,,0,10,0.9,19.6,,0,0,,
ENR001509,LRN00501,CRS0103,2025-07-19,,0,47,20.7,50.5,42.7,2,10,,
ENR001510,LRN00501,CRS0097,2025-09-12,,0,55,3.8,65.7,89.9,2,3,,
ENR001511,LRN00501,CRS0089,2025-08-13,,0,27,6.1,32.4,61.2,1,3,,
ENR001512,LRN00502,CRS0109,2025-09-20,,0,30,5.0,23.0,95.6,1,3,,
ENR001513,LRN00503,CRS0093,2024-10-28,,0,19,4.8,33.3,,0,2,,
ENR001514,LRN00504,CRS0183,2024-08-07,,0,13,3.2,22.0,,0,2,,
ENR001515,LRN00505,CRS0106,2024-10-16,2024-12-09,1,100,24.3,98.5,80.3,5,12,4.3,54.0
ENR001516,LRN00505,CRS0200,2024-09-08,,0,9,1.7,0.0,,0,1,,
ENR001517,LRN00505,CRS0119,2024-10-25,,0,39,5.8,50.8,59.2,1,2,,
ENR001518,LRN00505,CRS0105,2024-07-17,,0,22,1.2,11.9,85.5,1,0,,
ENR001519,LRN00505,CRS0037,2024-09-28,,0,28,6.9,38.2,18.0,1,3,,
ENR001520,LRN00505,CRS0101,2024-10-26,,0,17,1.8,27.0,,0,1,,
ENR001521,LRN00505,CRS0117,2024-08-15,,0,44,31.3,39.0,42.1,2,12,,
ENR001522,LRN00505,CRS0173,2024-08-01,,0,9,3.4,7.1,,0,2,,
ENR001523,LRN00505,CRS0089,2024-09-26,2024-11-24,1,100,36.2,100.0,80.6,5,12,4.2,59.0
ENR001524,LRN00506,CRS0183,2024-06-04,,0,8,3.9,13.3,,0,1,,
ENR001525,LRN00507,CRS0050,2024-11-05,2024-11-18,1,100,6.2,100.0,57.3,5,4,4.7,13.0
ENR001526,LRN00508,CRS0121,2024-11-29,2024-12-16,1,100,12.1,94.1,73.0,5,8,3.0,17.0
ENR001527,LRN00509,CRS0148,2025-10-30,,0,35,1.5,36.5,82.0,1,1,,
ENR001528,LRN00509,CRS0160,2025-10-17,,0,21,9.5,15.0,46.3,1,5,,
ENR001529,LRN00510,CRS0060,2025-04-19,,0,7,4.0,14.3,,0,1,,
ENR001530,LRN00510,CRS0055,2025-05-26,2025-08-14,1,100,55.7,87.8,68.8,5,21,4.2,80.0
ENR001531,LRN00510,CRS0075,2025-04-24,,0,64,30.9,67.4,52.7,3,17,,
ENR001532,LRN00510,CRS0051,2025-02-25,,0,21,12.0,30.5,62.9,1,6,,
ENR001533,LRN00510,CRS0054,2025-06-28,,0,17,8.2,14.1,,0,3,,
ENR001534,LRN00510,CRS0068,2025-04-01,2025-04-09,1,100,7.6,100.0,74.2,5,6,4.3,8.0
ENR001535,LRN00510,CRS0043,2025-07-31,,0,30,10.0,23.9,53.2,1,4,,
ENR001536,LRN00510,CRS0076,2025-04-30,,0,35,7.2,20.4,49.8,1,4,,
ENR001537,LRN00510,CRS0194,2025-05-27,,0,8,7.1,0.0,,0,2,,
ENR001538,LRN00510,CRS0070,2025-04-30,,0,38,4.4,32.7,57.3,1,2,,
ENR001539,LRN00511,CRS0186,2024-07-15,,0,39,10.5,48.6,47.6,1,6,,
ENR001540,LRN00511,CRS0110,2024-06-22,,0,4,0.4,0.0,,0,0,,
ENR001541,LRN00511,CRS0131,2024-07-24,,0,39,3.4,44.3,80.0,1,1,,
ENR001542,LRN00511,CRS0174,2024-08-05,,0,25,19.1,22.1,77.9,1,8,,
ENR001543,LRN00511,CRS0173,2024-08-10,,0,25,15.4,32.3,80.7,1,6,,
ENR001544,LRN00511,CRS0036,2024-06-24,,0,40,6.1,48.3,78.1,2,2,,
ENR001545,LRN00511,CRS0170,2024-05-17,,0,3,0.2,10.0,,0,0,,
ENR001546,LRN00511,CRS0169,2024-08-22,,0,26,5.1,37.2,79.3,1,2,,
ENR001547,LRN00512,CRS0159,2025-04-26,2025-05-21,1,100,17.8,89.6,64.0,5,7,4.7,25.0
ENR001548,LRN00513,CRS0160,2024-12-04,,0,59,19.9,63.8,73.1,2,14,,
ENR001549,LRN00513,CRS0169,2025-01-09,,0,41,7.8,36.7,56.5,2,3,,
ENR001550,LRN00514,CRS0197,2023-12-13,,0,16,6.4,30.1,,0,3,,
ENR001551,LRN00515,CRS0089,2025-04-17,,0,26,6.1,33.1,36.9,1,3,,
ENR001552,LRN00515,CRS0165,2025-05-07,,0,40,30.7,50.8,58.4,2,13,,
ENR001553,LRN00515,CRS0167,2025-04-23,,0,17,1.0,22.7,,0,0,,
ENR001554,LRN00516,CRS0102,2025-06-10,,0,30,12.6,39.6,72.3,1,7,,
ENR001555,LRN00516,CRS0114,2025-05-04,,0,12,3.8,14.6,,0,2,,
ENR001556,LRN00516,CRS0120,2025-03-01,2025-03-10,1,100,6.7,100.0,52.6,5,3,4.7,9.0
ENR001557,LRN00516,CRS0095,2025-06-13,,0,15,7.4,3.4,,0,4,,
ENR001558,LRN00516,CRS0093,2025-05-22,,0,22,7.0,13.5,30.1,1,3,,
ENR001559,LRN00516,CRS0109,2025-07-03,,0,30,4.8,31.4,86.7,1,3,,
ENR001560,LRN00516,CRS0119,2025-06-14,2025-07-14,1,100,13.9,100.0,71.4,5,6,3.3,30.0
ENR001561,LRN00516,CRS0091,2025-05-05,,0,33,3.8,37.6,61.5,1,1,,
ENR001562,LRN00517,CRS0042,2025-01-19,2025-03-09,1,100,66.3,99.0,56.4,5,30,4.1,49.0
ENR001563,LRN00518,CRS0069,2025-08-10,2025-08-16,1,100,6.7,92.9,87.9,5,5,4.8,6.0
ENR001564,LRN00519,CRS0181,2024-06-27,,0,21,5.2,27.3,53.8,1,4,,
ENR001565,LRN00520,CRS0163,2025-03-03,,0,4,0.3,12.3,,0,0,,
ENR001566,LRN00520,CRS0169,2025-04-10,,0,31,4.2,43.0,82.6,1,2,,
ENR001567,LRN00521,CRS0087,2025-07-23,,0,20,6.1,27.9,,0,2,,
ENR001568,LRN00522,CRS0072,2023-12-26,2024-01-09,1,100,29.7,99.0,79.9,5,13,4.2,14.0
ENR001569,LRN00523,CRS0107,2024-12-24,,0,17,6.3,30.8,,0,2,,
ENR001570,LRN00523,CRS0076,2025-01-02,,0,10,1.7,11.1,,0,1,,
ENR001571,LRN00523,CRS0121,2024-11-22,,0,34,2.7,32.3,89.3,1,2,,
ENR001572,LRN00524,CRS0041,2024-08-03,,0,21,4.1,26.3,69.0,1,2,,
ENR001573,LRN00525,CRS0101,2025-12-10,,0,47,3.9,47.4,39.4,2,3,,
ENR001574,LRN00526,CRS0001,2025-01-27,,0,24,1.0,37.6,48.1,1,0,,
ENR001575,LRN00526,CRS0018,2025-06-19,,0,27,3.1,25.7,87.3,1,1,,
ENR001576,LRN00526,CRS0002,2025-04-02,,0,28,10.4,32.5,53.1,1,4,,
ENR001577,LRN00527,CRS0090,2024-05-05,,0,42,5.7,44.1,64.0,2,5,,
ENR001578,LRN00528,CRS0001,2024-05-03,,0,26,2.3,29.2,74.5,1,1,,
ENR001579,LRN00528,CRS0028,2024-04-30,2024-05-14,1,100,26.1,88.5,76.5,5,9,3.3,14.0
ENR001580,LRN00529,CRS0106,2025-05-22,,0,11,2.3,3.4,,0,1,,
ENR001581,LRN00529,CRS0192,2025-04-02,2025-07-28,1,100,78.9,100.0,52.6,5,30,3.1,117.0
ENR001582,LRN00529,CRS0065,2025-06-28,2025-08-08,1,100,27.9,98.5,55.8,5,12,3.3,41.0
ENR001583,LRN00530,CRS0124,2024-12-20,,0,36,14.1,30.1,54.2,1,8,,
ENR001584,LRN00530,CRS0188,2024-11-13,,0,35,9.4,31.6,52.8,1,4,,
ENR001585,LRN00531,CRS0113,2025-11-21,,0,40,5.8,51.2,79.8,2,3,,
ENR001586,LRN00531,CRS0094,2025-06-21,2026-01-26,1,100,94.2,98.9,76.6,5,31,4.1,219.0
ENR001587,LRN00531,CRS0109,2025-07-07,,0,13,3.2,19.4,,0,1,,
ENR001588,LRN00531,CRS0090,2025-07-24,,0,12,3.0,6.6,,0,1,,
ENR001589,LRN00531,CRS0087,2025-07-16,,0,57,19.1,49.2,73.6,2,7,,
ENR001590,LRN00531,CRS0177,2025-09-14,,0,16,1.1,24.3,,0,1,,
ENR001591,LRN00531,CRS0095,2025-11-03,,0,29,19.7,20.7,56.1,1,8,,
ENR001592,LRN00531,CRS0154,2025-10-18,,0,33,1.9,31.4,64.0,1,1,,
ENR001593,LRN00531,CRS0104,2025-06-16,,0,15,1.0,27.7,,0,0,,
ENR001594,LRN00531,CRS0093,2025-07-22,,0,38,11.4,52.0,51.0,1,5,,
ENR001595,LRN00531,CRS0105,2025-06-23,,0,30,1.9,32.3,44.0,1,1,,
ENR001596,LRN00531,CRS0101,2025-11-09,,0,22,2.5,36.2,75.9,1,1,,
ENR001597,LRN00531,CRS0088,2025-10-26,,0,4,0.3,0.0,,0,0,,
ENR001598,LRN00531,CRS0063,2025-11-01,,0,6,0.4,12.0,,0,0,,
ENR001599,LRN00531,CRS0102,2025-07-10,2025-12-09,1,100,69.4,94.9,48.8,5,26,3.2,152.0
ENR001600,LRN00532,CRS0192,2025-10-14,2026-04-10,1,100,88.8,100.0,68.1,5,30,5.0,178.0
ENR001601,LRN00532,CRS0153,2025-09-26,2026-05-05,1,100,85.1,100.0,61.9,5,28,3.1,221.0
ENR001602,LRN00532,CRS0196,2025-08-20,,0,14,3.3,0.0,,0,1,,
ENR001603,LRN00532,CRS0137,2025-09-02,,0,31,18.8,23.1,62.2,1,9,,
ENR001604,LRN00532,CRS0126,2025-12-06,,0,19,2.4,11.4,,0,1,,
ENR001605,LRN00532,CRS0197,2025-12-26,,0,51,27.1,53.1,47.6,2,11,,
ENR001606,LRN00532,CRS0185,2025-11-28,,0,33,8.1,36.4,91.0,1,4,,
ENR001607,LRN00532,CRS0171,2025-12-19,,0,45,5.4,34.5,37.5,2,5,,
ENR001608,LRN00532,CRS0122,2025-11-09,,0,25,13.6,31.7,59.5,1,8,,
ENR001609,LRN00532,CRS0056,2025-10-13,,0,58,13.2,55.5,86.7,2,8,,
ENR001610,LRN00533,CRS0104,2025-08-13,,0,26,1.6,15.6,43.3,1,0,,
ENR001611,LRN00533,CRS0090,2025-10-24,,0,45,13.1,36.3,77.7,2,5,,
ENR001612,LRN00533,CRS0027,2025-08-06,,0,23,5.5,13.6,76.9,1,3,,
ENR001613,LRN00534,CRS0066,2024-11-15,,0,42,6.1,54.8,77.1,2,3,,
ENR001614,LRN00534,CRS0068,2024-10-28,,0,11,0.7,2.0,,0,0,,
ENR001615,LRN00534,CRS0099,2024-10-23,,0,19,0.8,7.3,,0,0,,
ENR001616,LRN00534,CRS0069,2024-12-17,,0,54,3.0,39.1,25.8,2,3,,
ENR001617,LRN00535,CRS0145,2025-02-18,,0,54,21.4,46.1,84.3,2,8,,
ENR001618,LRN00536,CRS0040,2024-09-25,,0,38,13.9,50.5,63.7,1,7,,
ENR001619,LRN00536,CRS0021,2024-11-11,,0,19,3.3,8.3,,0,2,,
ENR001620,LRN00537,CRS0080,2024-12-24,,0,32,7.8,19.7,68.0,1,2,,
ENR001621,LRN00537,CRS0179,2025-04-07,,0,3,0.5,7.5,,0,0,,
ENR001622,LRN00537,CRS0050,2024-12-08,,0,28,1.7,23.7,66.6,1,1,,
ENR001623,LRN00537,CRS0070,2025-03-11,,0,40,2.8,34.9,46.7,2,2,,
ENR001624,LRN00537,CRS0053,2025-02-02,,0,12,1.0,6.4,,0,0,,
ENR001625,LRN00537,CRS0049,2025-04-25,,0,36,16.6,42.0,65.2,1,8,,
ENR001626,LRN00537,CRS0107,2025-03-30,,0,20,4.6,6.6,,0,3,,
ENR001627,LRN00538,CRS0065,2025-11-05,,0,27,4.4,22.3,89.8,1,3,,
ENR001628,LRN00539,CRS0146,2025-11-07,,0,48,5.4,43.2,76.1,2,1,,
ENR001629,LRN00539,CRS0100,2025-06-04,,0,19,4.3,28.5,,0,1,,
ENR001630,LRN00540,CRS0191,2024-08-18,,0,44,5.6,39.2,54.6,2,3,,
ENR001631,LRN00540,CRS0185,2024-08-12,2024-10-22,1,100,41.1,94.3,87.8,5,13,2.8,71.0
ENR001632,LRN00540,CRS0021,2024-08-09,2024-09-14,1,100,19.4,100.0,70.8,5,11,3.9,36.0
ENR001633,LRN00540,CRS0190,2024-07-25,2024-10-07,1,100,37.6,97.0,74.9,5,15,4.7,74.0
ENR001634,LRN00541,CRS0165,2024-10-12,,0,32,15.4,27.1,40.7,1,10,,
ENR001635,LRN00541,CRS0029,2025-01-06,,0,36,11.7,37.6,78.0,1,4,,
ENR001636,LRN00541,CRS0027,2025-01-21,,0,27,8.3,23.8,67.3,1,3,,
ENR001637,LRN00541,CRS0022,2024-09-14,,0,4,1.5,0.0,,0,1,,
ENR001638,LRN00542,CRS0075,2024-12-13,,0,41,15.6,42.3,82.3,2,11,,
ENR001639,LRN00542,CRS0164,2024-12-23,,0,25,4.4,31.5,40.4,1,3,,
ENR001640,LRN00542,CRS0067,2024-09-26,2024-10-26,1,100,27.5,100.0,49.4,5,12,4.0,30.0
ENR001641,LRN00543,CRS0057,2025-02-02,2025-02-13,1,100,21.3,93.5,70.9,5,9,3.6,11.0
ENR001642,LRN00543,CRS0019,2024-11-10,,0,28,10.2,30.2,42.0,1,5,,
ENR001643,LRN00544,CRS0086,2024-02-10,,0,45,3.2,45.0,56.9,2,2,,
ENR001644,LRN00544,CRS0112,2024-06-01,,0,37,3.4,34.2,44.3,1,1,,
ENR001645,LRN00544,CRS0148,2023-12-22,,0,12,0.5,11.5,,0,0,,
ENR001646,LRN00544,CRS0099,2024-01-21,,0,46,2.2,55.9,64.7,2,2,,
ENR001647,LRN00544,CRS0110,2024-06-17,2024-07-19,1,100,19.0,100.0,67.0,5,9,4.0,32.0
ENR001648,LRN00545,CRS0009,2025-10-22,2025-12-21,1,100,52.2,87.3,58.1,5,20,3.1,60.0
ENR001649,LRN00545,CRS0069,2025-10-22,2025-10-30,1,100,7.0,95.4,51.3,5,5,3.1,8.0
ENR001650,LRN00545,CRS0076,2025-10-05,,0,24,4.9,12.6,48.6,1,3,,
ENR001651,LRN00546,CRS0089,2025-04-28,,0,23,6.6,36.9,88.5,1,2,,
ENR001652,LRN00546,CRS0188,2025-05-06,,0,18,4.5,6.0,,0,2,,
ENR001653,LRN00547,CRS0058,2024-08-29,,0,12,7.4,10.4,,0,3,,
ENR001654,LRN00548,CRS0132,2025-08-22,2025-09-23,1,100,17.1,94.8,27.8,5,8,4.5,32.0
ENR001655,LRN00548,CRS0023,2025-07-19,,0,66,17.5,75.0,50.8,3,14,,
ENR001656,LRN00548,CRS0074,2025-09-17,,0,23,9.7,20.7,86.1,1,5,,
ENR001657,LRN00548,CRS0076,2025-07-25,2025-09-15,1,100,32.0,94.0,65.2,5,12,4.1,52.0
ENR001658,LRN00548,CRS0079,2025-11-29,2025-12-25,1,100,17.9,100.0,59.3,5,7,4.8,26.0
ENR001659,LRN00548,CRS0049,2025-09-02,,0,16,9.6,25.7,,0,3,,
ENR001660,LRN00549,CRS0166,2025-05-03,,0,26,3.4,24.9,64.3,1,1,,
ENR001661,LRN00549,CRS0157,2025-05-14,,0,3,1.2,0.0,,0,0,,
ENR001662,LRN00550,CRS0053,2025-12-10,,0,28,2.3,27.3,89.0,1,1,,
ENR001663,LRN00550,CRS0079,2025-09-05,,0,21,3.5,31.6,42.0,1,1,,
ENR001664,LRN00551,CRS0069,2025-05-18,,0,49,2.4,36.2,75.6,2,2,,
ENR001665,LRN00552,CRS0117,2024-02-08,,0,21,14.5,35.5,61.2,1,5,,
ENR001666,LRN00552,CRS0130,2024-05-06,,0,9,1.9,15.3,,0,1,,
ENR001667,LRN00552,CRS0133,2024-01-09,,0,15,0.7,15.3,,0,0,,
ENR001668,LRN00553,CRS0024,2025-08-09,,0,27,5.2,16.7,74.4,1,4,,
ENR001669,LRN00553,CRS0011,2025-07-14,2025-08-21,1,100,36.2,89.4,50.6,5,12,4.3,38.0
ENR001670,LRN00553,CRS0037,2025-10-14,2025-11-18,1,100,33.5,100.0,77.6,5,12,4.5,35.0
ENR001671,LRN00553,CRS0007,2025-09-18,,0,54,5.3,52.1,84.4,2,5,,
ENR001672,LRN00553,CRS0016,2025-06-23,2025-08-15,1,100,36.2,95.3,56.2,5,18,4.1,53.0
ENR001673,LRN00554,CRS0048,2024-07-16,,0,29,13.6,19.4,24.2,1,6,,
ENR001674,LRN00554,CRS0042,2024-08-01,,0,29,18.1,29.4,80.0,1,8,,
ENR001675,LRN00555,CRS0017,2024-10-02,,0,29,2.4,24.6,79.6,1,2,,
ENR001676,LRN00556,CRS0168,2023-12-20,,0,28,2.0,37.4,82.1,1,2,,
ENR001677,LRN00557,CRS0042,2024-02-20,,0,31,13.4,28.8,44.2,1,9,,
ENR001678,LRN00557,CRS0056,2024-07-15,,0,34,8.7,24.1,70.2,1,4,,
ENR001679,LRN00558,CRS0015,2025-12-09,,0,9,2.1,8.4,,0,1,,
ENR001680,LRN00558,CRS0026,2025-12-02,,0,14,1.8,26.6,,0,1,,
ENR001681,LRN00558,CRS0004,2025-12-09,,0,33,23.6,28.1,64.6,1,9,,
ENR001682,LRN00558,CRS0095,2025-10-27,,0,28,18.3,20.5,65.0,1,8,,
ENR001683,LRN00558,CRS0156,2026-01-05,2026-02-16,1,100,9.4,97.7,29.6,5,4,4.1,42.0
ENR001684,LRN00559,CRS0012,2024-03-12,,0,28,3.2,23.6,74.2,1,2,,
ENR001685,LRN00559,CRS0037,2024-01-11,2024-03-24,1,100,27.8,100.0,57.5,5,12,4.0,73.0
ENR001686,LRN00559,CRS0028,2024-03-20,,0,73,18.4,86.4,60.5,3,7,,
ENR001687,LRN00560,CRS0066,2025-01-04,2025-01-24,1,100,14.5,100.0,51.7,5,7,4.7,20.0
ENR001688,LRN00560,CRS0006,2024-09-27,2024-10-05,1,100,5.0,100.0,87.5,5,2,4.0,8.0
ENR001689,LRN00560,CRS0167,2024-09-05,,0,70,2.6,69.7,42.8,3,3,,
ENR001690,LRN00560,CRS0173,2024-09-28,,0,35,10.1,41.0,58.4,1,8,,
ENR001691,LRN00560,CRS0162,2024-10-04,,0,10,0.8,9.9,,0,0,,
ENR001692,LRN00561,CRS0002,2025-01-15,,0,9,2.2,4.9,,0,1,,
ENR001693,LRN00562,CRS0029,2024-11-28,2025-01-15,1,100,28.9,100.0,33.1,5,11,3.1,48.0
ENR001694,LRN00562,CRS0132,2025-02-27,2025-03-20,1,100,17.3,87.8,69.1,5,8,4.3,21.0
ENR001695,LRN00562,CRS0017,2025-05-02,,0,22,2.8,20.8,56.7,1,1,,
ENR001696,LRN00562,CRS0170,2024-11-09,,0,9,0.4,21.3,,0,0,,
ENR001697,LRN00562,CRS0037,2025-03-08,,0,20,6.5,15.3,,0,2,,
ENR001698,LRN00563,CRS0159,2024-09-10,,0,13,1.4,25.2,,0,0,,
ENR001699,LRN00564,CRS0043,2024-11-16,,0,51,9.8,56.1,62.2,2,8,,
ENR001700,LRN00564,CRS0119,2024-08-14,,0,12,1.7,7.0,,0,0,,
ENR001701,LRN00565,CRS0016,2025-09-16,,0,51,17.2,53.1,54.9,2,9,,
ENR001702,LRN00566,CRS0083,2025-08-01,,0,46,25.5,31.8,83.3,2,9,,
ENR001703,LRN00566,CRS0181,2025-09-06,,0,8,3.5,11.1,,0,1,,
ENR001704,LRN00566,CRS0081,2025-08-17,,0,63,23.1,62.7,75.7,3,13,,
ENR001705,LRN00566,CRS0017,2025-10-18,2025-12-01,1,100,17.6,100.0,64.6,5,8,4.6,44.0
ENR001706,LRN00566,CRS0134,2025-07-05,,0,20,1.9,18.8,,0,1,,
ENR001707,LRN00566,CRS0116,2025-08-16,,0,26,14.6,39.3,51.7,1,8,,
ENR001708,LRN00567,CRS0018,2024-09-21,,0,12,0.7,4.5,,0,0,,
ENR001709,LRN00567,CRS0114,2024-10-03,,0,15,3.9,19.3,,0,2,,
ENR001710,LRN00568,CRS0182,2025-06-12,,0,38,2.6,42.8,74.1,1,2,,
ENR001711,LRN00569,CRS0086,2024-10-20,2024-11-03,1,100,12.0,86.8,79.7,5,5,4.8,14.0
ENR001712,LRN00569,CRS0110,2024-09-02,,0,15,1.6,6.1,,0,1,,
ENR001713,LRN00570,CRS0081,2024-06-28,,0,52,19.1,64.7,91.5,2,11,,
ENR001714,LRN00570,CRS0139,2024-06-12,,0,39,18.0,52.8,36.4,1,6,,
ENR001715,LRN00570,CRS0084,2024-07-07,,0,9,1.0,1.8,,0,0,,
ENR001716,LRN00570,CRS0106,2024-03-18,,0,30,7.8,31.2,23.9,1,3,,
ENR001717,LRN00570,CRS0187,2024-08-11,,0,42,18.3,52.1,50.7,2,12,,
ENR001718,LRN00570,CRS0056,2024-02-29,,0,14,2.8,23.1,,0,2,,
ENR001719,LRN00570,CRS0093,2024-07-04,,0,19,6.5,13.2,,0,2,,
ENR001720,LRN00570,CRS0113,2024-06-29,,0,25,1.8,22.1,56.3,1,2,,
ENR001721,LRN00571,CRS0003,2025-01-21,,0,15,1.4,21.4,,0,0,,
ENR001722,LRN00571,CRS0021,2024-12-10,,0,34,6.5,22.8,87.7,1,3,,
ENR001723,LRN00572,CRS0039,2025-01-20,,0,3,1.2,3.1,,0,0,,
ENR001724,LRN00572,CRS0103,2024-12-21,,0,26,7.0,12.9,91.8,1,6,,
ENR001725,LRN00572,CRS0198,2024-10-25,,0,16,4.8,24.5,,0,2,,
ENR001726,LRN00572,CRS0136,2025-02-10,,0,29,10.9,32.3,33.5,1,8,,
ENR001727,LRN00573,CRS0158,2023-12-08,2023-12-13,1,100,12.2,100.0,70.6,5,5,4.2,5.0
ENR001728,LRN00574,CRS0036,2026-01-22,,0,35,4.9,23.1,50.3,1,2,,
ENR001729,LRN00574,CRS0006,2026-01-28,,0,27,1.3,17.9,58.3,1,0,,
ENR001730,LRN00574,CRS0038,2025-09-05,,0,17,5.5,14.0,,0,4,,
ENR001731,LRN00574,CRS0012,2025-12-27,,0,13,1.9,12.0,,0,1,,
ENR001732,LRN00574,CRS0020,2026-01-24,,0,19,10.3,10.9,,0,4,,
ENR001733,LRN00574,CRS0008,2025-11-18,,0,37,1.2,35.1,72.6,1,2,,
ENR001734,LRN00574,CRS0198,2025-08-30,,0,37,7.5,46.8,24.7,1,4,,
ENR001735,LRN00575,CRS0011,2024-12-31,,0,8,1.9,19.0,,0,1,,
ENR001736,LRN00575,CRS0039,2024-12-16,,0,49,37.0,36.9,35.2,2,14,,
ENR001737,LRN00576,CRS0126,2024-06-20,,0,11,1.6,13.8,,0,0,,
ENR001738,LRN00577,CRS0158,2024-11-17,2024-12-02,1,100,10.3,93.8,69.6,5,5,3.3,15.0
ENR001739,LRN00578,CRS0100,2024-10-16,2024-11-21,1,100,21.8,100.0,48.5,5,10,4.4,36.0
ENR001740,LRN00578,CRS0102,2025-01-26,2025-05-15,1,100,69.2,91.7,47.8,5,26,4.5,109.0
ENR001741,LRN00579,CRS0004,2024-08-23,,0,38,22.3,50.5,61.0,1,10,,
ENR001742,LRN00580,CRS0008,2025-05-06,,0,11,0.7,0.0,,0,0,,
ENR001743,LRN00581,CRS0103,2024-09-19,,0,39,16.2,30.9,57.3,1,9,,
ENR001744,LRN00581,CRS0091,2024-12-08,,0,33,3.5,34.3,60.2,1,1,,
ENR001745,LRN00581,CRS0115,2024-11-06,,0,13,4.6,14.9,,0,1,,
ENR001746,LRN00581,CRS0107,2024-12-08,,0,14,3.5,12.5,,0,2,,
ENR001747,LRN00582,CRS0003,2024-03-15,2024-03-27,1,100,11.5,87.3,44.1,5,4,4.0,12.0
ENR001748,LRN00582,CRS0077,2024-08-24,,0,32,14.8,46.0,88.7,1,6,,
ENR001749,LRN00583,CRS0104,2024-05-31,,0,16,0.6,16.4,,0,0,,
ENR001750,LRN00583,CRS0169,2024-07-06,,0,27,4.3,38.0,36.5,1,2,,
ENR001751,LRN00584,CRS0135,2025-09-15,,0,17,2.1,8.5,,0,1,,
ENR001752,LRN00584,CRS0009,2025-10-31,,0,34,10.8,37.6,70.0,1,7,,
ENR001753,LRN00584,CRS0140,2025-09-05,2025-10-29,1,100,32.0,97.3,56.4,5,14,2.8,54.0
ENR001754,LRN00585,CRS0148,2024-06-11,,0,32,1.9,33.5,70.4,1,1,,
ENR001755,LRN00586,CRS0139,2024-02-13,,0,39,16.7,31.4,42.8,1,6,,
ENR001756,LRN00586,CRS0094,2024-03-16,,0,5,3.4,0.0,,0,1,,
ENR001757,LRN00586,CRS0109,2024-02-12,,0,33,4.4,41.5,57.1,1,3,,
ENR001758,LRN00586,CRS0101,2024-03-20,,0,30,2.2,16.2,68.5,1,2,,
ENR001759,LRN00586,CRS0082,2024-04-01,,0,29,2.6,18.8,28.3,1,1,,
ENR001760,LRN00587,CRS0024,2024-07-04,,0,17,3.2,25.9,,0,2,,
ENR001761,LRN00587,CRS0136,2024-07-06,,0,45,24.1,50.4,82.2,2,12,,
ENR001762,LRN00588,CRS0080,2025-10-18,,0,62,9.8,51.0,89.1,3,5,,
ENR001763,LRN00589,CRS0096,2024-10-03,,0,30,3.7,28.1,69.2,1,2,,
ENR001764,LRN00590,CRS0132,2025-11-12,,0,49,6.4,63.5,63.3,2,4,,
ENR001765,LRN00590,CRS0129,2025-10-09,,0,23,3.2,12.0,70.7,1,2,,
ENR001766,LRN00591,CRS0017,2024-02-02,,0,54,4.0,52.5,70.3,2,4,,
ENR001767,LRN00592,CRS0085,2025-09-28,,0,58,9.2,47.8,74.6,2,6,,
ENR001768,LRN00593,CRS0136,2025-04-23,2025-06-04,1,100,67.3,93.7,41.9,5,28,3.7,42.0
ENR001769,LRN00593,CRS0160,2025-06-09,,0,18,8.4,19.3,,0,4,,
ENR001770,LRN00594,CRS0088,2024-11-22,,0,49,4.4,43.2,62.3,2,3,,
ENR001771,LRN00594,CRS0101,2024-11-14,,0,48,5.4,58.0,68.4,2,3,,
ENR001772,LRN00594,CRS0095,2024-09-20,,0,12,5.2,23.9,,0,3,,
ENR001773,LRN00594,CRS0110,2024-08-10,,0,22,3.0,14.0,69.2,1,2,,
ENR001774,LRN00594,CRS0098,2024-09-30,,0,13,2.0,13.7,,0,1,,
ENR001775,LRN00594,CRS0096,2024-07-07,,0,6,1.0,10.6,,0,0,,
ENR001776,LRN00594,CRS0100,2024-11-04,,0,34,4.9,40.7,62.4,1,3,,
ENR001777,LRN00594,CRS0099,2024-11-16,2024-12-06,1,100,6.5,100.0,88.5,5,4,4.4,20.0
ENR001778,LRN00594,CRS0116,2024-08-02,2025-02-21,1,100,91.3,100.0,57.6,5,34,4.1,203.0
ENR001779,LRN00594,CRS0081,2024-07-30,,0,30,18.2,44.1,57.6,1,6,,
ENR001780,LRN00594,CRS0089,2024-08-11,,0,16,3.6,12.2,,0,2,,
ENR001781,LRN00594,CRS0147,2024-10-12,,0,41,5.4,51.4,68.4,2,4,,
ENR001782,LRN00594,CRS0115,2024-08-26,,0,16,3.7,17.3,,0,2,,
ENR001783,LRN00594,CRS0102,2024-09-21,,0,51,37.8,60.2,48.3,2,13,,
ENR001784,LRN00594,CRS0119,2024-12-19,,0,35,2.7,39.1,53.3,1,2,,
ENR001785,LRN00595,CRS0161,2025-10-31,,0,23,13.4,20.9,73.0,1,6,,
ENR001786,LRN00595,CRS0086,2025-08-30,,0,5,0.3,0.0,,0,0,,
ENR001787,LRN00595,CRS0095,2025-09-17,,0,18,13.4,31.3,,0,5,,
ENR001788,LRN00595,CRS0079,2025-07-01,,0,21,2.9,20.9,57.2,1,1,,
ENR001789,LRN00595,CRS0083,2025-08-03,2025-10-11,1,100,65.9,100.0,59.1,5,21,4.5,69.0
ENR001790,LRN00596,CRS0031,2025-08-19,,0,10,5.2,0.8,,0,3,,
ENR001791,LRN00597,CRS0140,2025-07-02,2025-08-08,1,100,36.5,92.5,83.6,5,14,4.4,37.0
ENR001792,LRN00597,CRS0124,2025-09-22,,0,32,11.4,27.6,23.4,1,7,,
ENR001793,LRN00597,CRS0132,2025-11-12,2025-11-26,1,100,17.0,93.7,74.9,5,8,5.0,14.0
ENR001794,LRN00597,CRS0159,2025-10-13,,0,27,2.2,25.6,42.4,1,1,,
ENR001795,LRN00598,CRS0196,2025-03-11,,0,9,3.3,23.5,,0,1,,
ENR001796,LRN00598,CRS0182,2025-01-29,2025-02-28,1,100,8.5,94.0,83.5,5,5,3.7,30.0
ENR001797,LRN00598,CRS0195,2025-05-21,2025-12-13,1,100,66.6,100.0,67.7,5,21,3.0,206.0
ENR001798,LRN00598,CRS0161,2025-04-29,,0,54,20.0,64.7,64.4,2,16,,
ENR001799,LRN00598,CRS0175,2025-04-17,,0,39,2.1,38.6,45.8,1,1,,
ENR001800,LRN00598,CRS0191,2025-01-07,,0,35,3.8,38.3,80.0,1,2,,
ENR001801,LRN00598,CRS0082,2025-01-27,,0,4,0.4,0.0,,0,0,,
ENR001802,LRN00598,CRS0115,2025-01-17,,0,24,9.3,36.0,72.2,1,3,,
ENR001803,LRN00598,CRS0194,2024-12-04,2025-08-24,1,100,89.2,97.9,57.6,5,32,4.3,263.0
ENR001804,LRN00598,CRS0176,2025-01-28,,0,34,1.9,41.2,80.4,1,1,,
ENR001805,LRN00598,CRS0167,2025-01-27,,0,14,0.7,13.0,,0,0,,
ENR001806,LRN00599,CRS0066,2025-09-05,,0,25,1.7,25.6,76.9,1,1,,
ENR001807,LRN00599,CRS0177,2025-07-23,,0,8,0.9,0.0,,0,0,,
ENR001808,LRN00599,CRS0188,2025-07-01,,0,56,11.1,58.7,69.0,2,7,,
ENR001809,LRN00599,CRS0174,2025-05-01,,0,50,24.2,51.5,78.3,2,16,,
ENR001810,LRN00599,CRS0158,2025-08-12,,0,17,1.5,9.5,,0,0,,
ENR001811,LRN00599,CRS0015,2025-08-06,2025-11-23,1,100,36.2,89.2,70.4,5,12,4.4,109.0
ENR001812,LRN00599,CRS0131,2025-07-05,,0,67,5.4,72.8,84.3,3,2,,
ENR001813,LRN00599,CRS0132,2025-10-02,,0,8,1.2,7.0,,0,0,,
ENR001814,LRN00599,CRS0153,2025-05-06,,0,23,18.2,20.1,54.8,1,6,,
ENR001815,LRN00599,CRS0053,2025-05-15,,0,12,1.1,25.3,,0,0,,
ENR001816,LRN00599,CRS0160,2025-05-10,,0,40,21.2,29.2,64.9,2,9,,
ENR001817,LRN00599,CRS0103,2025-09-07,,0,29,16.9,32.6,30.3,1,6,,
ENR001818,LRN00599,CRS0150,2025-05-31,,0,7,5.4,11.3,,0,2,,
ENR001819,LRN00599,CRS0095,2025-09-25,,0,27,20.4,35.5,65.6,1,8,,
ENR001820,LRN00599,CRS0137,2025-06-12,,0,30,20.3,33.8,67.2,1,9,,
ENR001821,LRN00600,CRS0081,2025-06-15,,0,49,14.6,53.8,70.1,2,10,,
ENR001822,LRN00600,CRS0007,2025-07-02,,0,36,4.3,39.0,51.9,1,3,,
ENR001823,LRN00601,CRS0006,2024-10-25,2024-11-07,1,100,6.1,100.0,33.2,5,2,3.6,13.0
ENR001824,LRN00602,CRS0126,2026-01-10,,0,6,0.6,0.0,,0,0,,
ENR001825,LRN00602,CRS0060,2025-12-03,,0,32,11.0,47.0,81.0,1,7,,
ENR001826,LRN00603,CRS0160,2024-07-17,,0,14,5.9,6.5,,0,3,,
ENR001827,LRN00603,CRS0132,2024-08-23,2024-09-11,1,100,14.7,85.7,75.3,5,8,3.7,19.0
ENR001828,LRN00604,CRS0073,2025-09-28,2025-10-19,1,100,38.6,95.4,80.8,5,16,3.1,21.0
ENR001829,LRN00604,CRS0043,2025-08-20,,0,43,9.0,51.3,49.8,2,6,,
ENR001830,LRN00604,CRS0088,2025-08-04,,0,13,1.6,20.9,,0,1,,
ENR001831,LRN00605,CRS0034,2025-11-06,,0,15,6.9,1.8,,0,4,,
ENR001832,LRN00605,CRS0065,2025-11-16,2025-12-15,1,100,26.3,100.0,56.9,5,12,4.0,29.0
ENR001833,LRN00606,CRS0037,2024-06-27,,0,47,15.5,51.4,70.0,2,5,,
ENR001834,LRN00607,CRS0002,2025-11-09,2025-12-02,1,100,39.3,100.0,68.9,5,14,4.0,23.0
ENR001835,LRN00608,CRS0075,2024-12-27,,0,2,1.1,5.9,,0,0,,
ENR001836,LRN00609,CRS0032,2025-04-22,,0,21,2.6,32.9,56.4,1,2,,
ENR001837,LRN00610,CRS0050,2026-01-18,,0,38,1.7,24.4,83.1,1,1,,
ENR001838,LRN00610,CRS0187,2025-10-21,,0,11,5.1,15.3,,0,3,,
ENR001839,LRN00610,CRS0168,2026-02-05,,0,18,1.9,25.3,,0,1,,
ENR001840,LRN00611,CRS0145,2025-06-06,2025-07-11,1,100,32.3,100.0,78.2,5,16,4.5,35.0
ENR001841,LRN00611,CRS0084,2025-08-15,2025-08-24,1,100,10.0,94.1,78.3,5,4,3.6,9.0
ENR001842,LRN00611,CRS0125,2025-04-16,,0,41,33.7,46.5,91.7,2,13,,
ENR001843,LRN00611,CRS0139,2025-08-21,,0,41,15.0,38.6,74.9,2,6,,
ENR001844,LRN00612,CRS0065,2025-07-27,2025-09-05,1,100,24.4,100.0,56.1,5,12,4.6,40.0
ENR001845,LRN00613,CRS0026,2025-01-15,,0,62,10.3,54.5,37.2,3,6,,
ENR001846,LRN00613,CRS0094,2025-01-26,2025-05-05,1,100,93.4,100.0,51.9,5,31,4.5,99.0
ENR001847,LRN00613,CRS0040,2025-01-05,,0,16,6.7,14.6,,0,3,,
ENR001848,LRN00613,CRS0056,2024-12-25,,0,35,8.6,28.8,58.9,1,5,,
ENR001849,LRN00613,CRS0120,2024-11-14,,0,9,0.4,23.6,,0,0,,
ENR001850,LRN00614,CRS0197,2025-01-20,,0,33,9.6,33.6,26.3,1,7,,
ENR001851,LRN00614,CRS0194,2025-03-05,,0,31,16.4,29.3,51.6,1,9,,
ENR001852,LRN00615,CRS0144,2024-05-05,,0,37,16.4,37.5,66.7,1,11,,
ENR001853,LRN00615,CRS0076,2024-01-03,,0,62,14.3,64.4,75.8,3,7,,
ENR001854,LRN00615,CRS0156,2024-02-20,2024-02-28,1,100,10.2,100.0,63.6,5,4,4.6,8.0
ENR001855,LRN00615,CRS0176,2024-06-13,,0,24,0.9,39.0,60.6,1,1,,
ENR001856,LRN00615,CRS0174,2024-02-16,,0,9,6.3,18.0,,0,3,,
ENR001857,LRN00616,CRS0188,2024-09-22,,0,15,2.9,7.5,,0,1,,
ENR001858,LRN00616,CRS0181,2024-11-22,2025-02-12,1,100,44.2,100.0,69.4,5,20,4.7,82.0
ENR001859,LRN00617,CRS0098,2024-11-06,,0,4,0.4,0.0,,0,0,,
ENR001860,LRN00617,CRS0107,2025-01-06,2025-03-13,1,100,35.2,90.2,65.0,5,16,4.5,66.0
ENR001861,LRN00617,CRS0085,2025-03-19,,0,22,5.8,28.6,44.6,1,2,,
ENR001862,LRN00618,CRS0192,2025-05-02,,0,16,8.5,19.0,,0,4,,
ENR001863,LRN00618,CRS0030,2025-06-27,,0,57,33.2,43.0,78.4,2,18,,
ENR001864,LRN00618,CRS0169,2025-08-07,,0,2,0.4,7.1,,0,0,,
ENR001865,LRN00618,CRS0183,2025-05-27,,0,18,4.3,5.8,,0,4,,
ENR001866,LRN00619,CRS0031,2026-02-08,,0,30,22.5,24.6,46.6,1,9,,
ENR001867,LRN00620,CRS0086,2025-03-04,,0,50,4.7,50.5,50.4,2,2,,
ENR001868,LRN00621,CRS0100,2025-05-21,,0,30,5.6,34.0,64.3,1,3,,
ENR001869,LRN00622,CRS0044,2026-01-21,,0,45,17.0,41.9,73.4,2,9,,
ENR001870,LRN00622,CRS0073,2025-08-12,2025-09-16,1,100,40.8,100.0,24.1,5,16,4.8,35.0
ENR001871,LRN00623,CRS0053,2025-06-19,,0,28,2.4,36.5,61.2,1,1,,
ENR001872,LRN00624,CRS0072,2026-01-17,,0,31,7.8,22.0,43.7,1,4,,
ENR001873,LRN00624,CRS0043,2026-02-22,2026-03-17,1,100,33.2,100.0,68.3,5,16,4.4,23.0
ENR001874,LRN00624,CRS0039,2025-11-12,2026-01-23,1,100,85.0,98.7,80.0,5,29,4.1,72.0
ENR001875,LRN00625,CRS0105,2024-09-27,,0,41,1.7,39.2,63.9,2,1,,
ENR001876,LRN00625,CRS0095,2024-07-07,,0,23,11.7,26.1,87.5,1,6,,
ENR001877,LRN00625,CRS0088,2024-09-29,,0,35,2.6,32.9,58.2,1,2,,
ENR001878,LRN00626,CRS0170,2025-09-16,,0,38,2.3,37.5,43.6,1,1,,
ENR001879,LRN00626,CRS0183,2025-09-24,,0,53,18.2,62.9,57.5,2,11,,
ENR001880,LRN00626,CRS0165,2026-02-10,,0,29,13.7,42.8,82.0,1,9,,
ENR001881,LRN00627,CRS0154,2025-04-16,,0,21,1.6,19.9,57.1,1,1,,
ENR001882,LRN00628,CRS0117,2024-03-13,,0,9,3.9,21.4,,0,2,,
ENR001883,LRN00629,CRS0041,2025-08-23,,0,64,9.9,72.3,33.0,3,7,,
ENR001884,LRN00630,CRS0084,2024-07-21,2024-07-29,1,100,9.7,98.1,39.1,5,4,3.6,8.0
ENR001885,LRN00630,CRS0106,2024-05-08,2024-05-28,1,100,25.0,100.0,79.9,5,12,4.3,20.0
ENR001886,LRN00631,CRS0134,2025-09-07,,0,41,5.9,27.2,47.5,2,2,,
ENR001887,LRN00632,CRS0116,2024-12-08,2025-03-14,1,100,75.3,100.0,60.7,5,34,3.9,96.0
ENR001888,LRN00633,CRS0090,2024-11-16,,0,21,5.0,19.0,41.2,1,2,,
ENR001889,LRN00633,CRS0192,2024-09-24,,0,41,31.0,53.0,74.5,2,12,,
ENR001890,LRN00634,CRS0153,2024-05-28,2024-08-19,1,100,80.3,100.0,53.9,5,28,4.7,83.0
ENR001891,LRN00634,CRS0128,2024-06-10,,0,38,8.9,35.7,39.1,1,7,,
ENR001892,LRN00635,CRS0162,2024-05-01,,0,87,5.2,76.8,69.5,4,3,,
ENR001893,LRN00636,CRS0070,2025-03-27,2025-04-22,1,100,10.5,94.0,56.3,5,7,4.9,26.0
ENR001894,LRN00636,CRS0169,2024-12-25,,0,28,5.8,41.8,77.6,1,2,,
ENR001895,LRN00636,CRS0051,2025-01-15,,0,47,29.4,48.3,71.8,2,13,,
ENR001896,LRN00636,CRS0088,2024-12-15,,0,36,2.3,21.5,78.3,1,2,,
ENR001897,LRN00636,CRS0069,2025-05-29,,0,1,0.1,8.1,,0,0,,
ENR001898,LRN00636,CRS0061,2025-03-16,2025-09-17,1,100,58.2,91.6,46.4,5,26,4.9,185.0
ENR001899,LRN00636,CRS0067,2025-03-18,,0,9,2.8,3.8,,0,1,,
ENR001900,LRN00636,CRS0047,2025-01-31,,0,24,3.0,11.9,69.8,1,1,,
ENR001901,LRN00636,CRS0073,2025-04-02,,0,46,15.1,50.1,67.0,2,7,,
ENR001902,LRN00636,CRS0078,2025-02-11,2025-08-06,1,100,97.9,100.0,71.4,5,32,4.3,176.0
ENR001903,LRN00636,CRS0118,2025-05-11,,0,52,17.8,48.0,74.1,2,14,,
ENR001904,LRN00636,CRS0093,2024-12-22,,0,8,2.0,8.6,,0,1,,
ENR001905,LRN00636,CRS0071,2025-06-09,,0,37,1.7,40.9,70.9,1,1,,
ENR001906,LRN00636,CRS0049,2025-05-15,,0,7,3.3,2.0,,0,1,,
ENR001907,LRN00636,CRS0065,2024-12-25,,0,27,5.5,35.5,67.2,1,3,,
ENR001908,LRN00637,CRS0053,2024-06-03,,0,56,2.8,51.4,60.6,2,2,,
ENR001909,LRN00637,CRS0073,2024-06-29,2024-09-01,1,100,41.3,100.0,41.1,5,16,3.2,64.0
ENR001910,LRN00638,CRS0006,2025-02-08,,0,31,1.1,41.7,59.9,1,0,,
ENR001911,LRN00638,CRS0184,2024-12-25,,0,36,25.4,43.0,75.4,1,9,,
ENR001912,LRN00639,CRS0165,2024-10-11,2025-02-09,1,100,87.7,98.3,71.4,5,32,4.5,121.0
ENR001913,LRN00639,CRS0173,2024-07-19,,0,9,3.9,1.1,,0,2,,
ENR001914,LRN00640,CRS0080,2025-04-05,2025-05-13,1,100,25.4,93.5,62.2,5,8,3.7,38.0
ENR001915,LRN00641,CRS0120,2024-02-04,,0,15,0.6,18.6,,0,0,,
ENR001916,LRN00641,CRS0096,2023-12-09,,0,52,6.3,39.2,68.4,2,4,,
ENR001917,LRN00642,CRS0094,2025-05-27,,0,39,33.2,28.6,88.9,1,12,,
ENR001918,LRN00642,CRS0097,2025-06-30,,0,18,2.0,26.1,,0,1,,
ENR001919,LRN00643,CRS0061,2025-09-10,2025-11-10,1,100,53.8,100.0,53.0,5,26,4.2,61.0
ENR001920,LRN00644,CRS0015,2024-10-29,2024-11-28,1,100,28.1,100.0,82.3,5,12,4.7,30.0
ENR001921,LRN00645,CRS0172,2024-12-19,,0,13,0.7,24.2,,0,0,,
ENR001922,LRN00646,CRS0006,2024-03-01,2024-03-05,1,100,6.7,100.0,59.5,5,2,3.7,4.0
ENR001923,LRN00646,CRS0166,2024-06-13,2024-06-25,1,100,12.2,98.3,78.7,5,4,3.3,12.0
ENR001924,LRN00646,CRS0187,2024-03-08,,0,17,11.1,16.6,,0,5,,
ENR001925,LRN00647,CRS0079,2026-01-13,2026-02-13,1,100,14.7,100.0,65.9,5,7,4.7,31.0
ENR001926,LRN00647,CRS0057,2025-09-12,,0,15,2.0,10.2,,0,1,,
ENR001927,LRN00647,CRS0200,2025-11-26,,0,35,13.4,23.3,83.5,1,5,,
ENR001928,LRN00648,CRS0090,2025-11-17,,0,8,2.2,6.8,,0,1,,
ENR001929,LRN00649,CRS0020,2025-05-16,,0,0,0.0,7.3,,0,0,,
ENR001930,LRN00649,CRS0181,2025-05-25,,0,20,5.7,27.5,,0,4,,
ENR001931,LRN00649,CRS0118,2025-05-19,,0,42,30.6,47.8,50.7,2,11,,
ENR001932,LRN00650,CRS0033,2024-07-03,,0,12,7.0,0.0,,0,3,,
ENR001933,LRN00651,CRS0042,2025-10-15,,0,40,13.7,54.9,41.0,2,12,,
ENR001934,LRN00651,CRS0131,2025-08-16,,0,70,7.0,68.8,48.1,3,2,,
ENR001935,LRN00651,CRS0101,2025-05-31,,0,14,1.6,12.0,,0,1,,
ENR001936,LRN00652,CRS0164,2025-12-09,,0,16,4.4,5.3,,0,2,,
ENR001937,LRN00653,CRS0114,2024-09-13,,0,41,17.0,38.2,79.9,2,7,,
ENR001938,LRN00653,CRS0198,2024-03-25,,0,29,7.9,20.9,73.4,1,3,,
ENR001939,LRN00654,CRS0175,2025-07-16,,0,14,1.1,20.7,,0,0,,
ENR001940,LRN00655,CRS0029,2024-05-21,,0,64,10.1,58.4,71.5,3,7,,
ENR001941,LRN00655,CRS0020,2024-05-21,,0,34,13.9,20.1,66.7,1,8,,
ENR001942,LRN00655,CRS0057,2024-08-08,,0,38,8.9,38.2,55.6,1,3,,
ENR001943,LRN00655,CRS0014,2024-08-19,,0,7,1.4,19.7,,0,0,,
ENR001944,LRN00656,CRS0109,2026-03-01,,0,27,2.9,14.8,64.1,1,3,,
ENR001945,LRN00656,CRS0096,2025-11-26,,0,52,9.0,58.3,80.4,2,4,,
ENR001946,LRN00656,CRS0148,2026-02-18,,0,3,0.1,0.0,,0,0,,
ENR001947,LRN00657,CRS0168,2024-02-08,,0,48,6.0,42.6,50.5,2,3,,
ENR001948,LRN00658,CRS0047,2025-12-04,,0,16,2.0,30.2,,0,0,,
ENR001949,LRN00658,CRS0012,2026-02-27,2026-03-06,1,100,12.9,100.0,89.3,5,8,4.5,7.0
ENR001950,LRN00659,CRS0041,2024-09-27,,0,61,10.7,47.8,55.2,3,6,,
ENR001951,LRN00659,CRS0043,2024-08-05,,0,33,11.0,44.1,66.7,1,5,,
ENR001952,LRN00659,CRS0054,2024-10-01,2024-10-24,1,100,52.6,100.0,64.7,5,19,4.0,23.0
ENR001953,LRN00659,CRS0194,2024-06-17,2024-07-28,1,100,92.4,100.0,71.4,5,32,4.6,41.0
ENR001954,LRN00659,CRS0137,2024-08-03,,0,31,23.7,37.1,84.4,1,9,,
ENR001955,LRN00659,CRS0059,2024-09-21,2024-10-01,1,100,18.0,89.9,85.0,5,9,4.0,10.0
ENR001956,LRN00659,CRS0169,2024-11-09,,0,17,3.6,25.6,,0,1,,
ENR001957,LRN00659,CRS0051,2024-07-25,,0,31,10.9,27.5,73.6,1,8,,
ENR001958,LRN00659,CRS0042,2024-10-21,2024-11-26,1,100,75.2,100.0,83.3,5,30,4.6,36.0
ENR001959,LRN00660,CRS0147,2024-06-25,,0,60,17.8,55.5,66.2,3,7,,
ENR001960,LRN00661,CRS0184,2025-07-02,,0,51,23.4,60.9,36.1,2,13,,
ENR001961,LRN00661,CRS0101,2025-05-20,2025-05-28,1,100,13.0,88.3,64.1,5,7,2.4,8.0
ENR001962,LRN00662,CRS0093,2024-11-15,2024-12-18,1,100,33.1,100.0,60.5,5,14,4.3,33.0
ENR001963,LRN00662,CRS0085,2024-08-06,,0,50,15.5,54.0,34.5,2,6,,
ENR001964,LRN00662,CRS0092,2024-10-14,,0,26,5.1,25.7,50.2,1,4,,
ENR001965,LRN00663,CRS0021,2025-02-06,,0,27,5.9,22.9,54.3,1,3,,
ENR001966,LRN00663,CRS0106,2025-01-28,,0,20,2.8,9.5,,0,2,,
ENR001967,LRN00663,CRS0124,2025-03-29,,0,24,12.6,20.4,59.6,1,5,,
ENR001968,LRN00664,CRS0125,2025-10-20,,0,36,24.1,35.6,54.8,1,12,,
ENR001969,LRN00664,CRS0071,2025-09-04,2025-09-17,1,100,7.2,98.2,55.1,5,3,4.7,13.0
ENR001970,LRN00665,CRS0198,2025-01-23,,0,21,4.5,11.7,76.7,1,2,,
ENR001971,LRN00665,CRS0018,2024-10-13,2024-10-31,1,100,11.2,100.0,87.0,5,6,4.6,18.0
ENR001972,LRN00666,CRS0178,2025-01-17,2025-04-11,1,100,28.9,99.0,72.0,5,11,3.6,84.0
ENR001973,LRN00667,CRS0164,2024-06-18,2024-08-08,1,100,25.7,100.0,81.7,5,13,4.0,51.0
ENR001974,LRN00668,CRS0143,2026-01-05,,0,13,0.6,26.3,,0,0,,
ENR001975,LRN00669,CRS0134,2024-06-06,,0,30,4.2,36.6,57.0,1,1,,
ENR001976,LRN00670,CRS0170,2025-08-24,,0,75,3.6,87.6,66.0,3,2,,
ENR001977,LRN00670,CRS0011,2025-10-02,,0,35,8.6,35.8,62.3,1,4,,
ENR001978,LRN00671,CRS0016,2025-09-23,,0,2,0.6,0.0,,0,0,,
ENR001979,LRN00671,CRS0078,2025-10-17,,0,19,16.5,8.8,,0,6,,
ENR001980,LRN00671,CRS0066,2025-11-01,,0,46,5.0,33.7,90.7,2,3,,
ENR001981,LRN00672,CRS0140,2024-01-11,2024-02-22,1,100,31.5,100.0,73.7,5,14,3.6,42.0
ENR001982,LRN00673,CRS0164,2025-08-09,,0,43,7.0,40.2,70.3,2,5,,
ENR001983,LRN00673,CRS0047,2025-11-13,2025-12-05,1,100,17.2,96.8,34.9,5,5,4.5,22.0
ENR001984,LRN00673,CRS0052,2026-01-01,,0,48,12.8,43.6,67.0,2,9,,
ENR001985,LRN00673,CRS0059,2025-08-26,2025-09-15,1,100,14.7,100.0,51.1,5,9,4.5,20.0
ENR001986,LRN00673,CRS0085,2025-08-24,,0,17,2.8,20.4,,0,2,,
ENR001987,LRN00673,CRS0049,2025-11-30,2026-02-10,1,100,64.3,90.7,74.6,5,23,2.8,72.0
ENR001988,LRN00673,CRS0044,2025-12-16,,0,42,13.4,34.5,45.3,2,8,,
ENR001989,LRN00673,CRS0156,2026-01-11,2026-01-23,1,100,8.7,100.0,69.2,5,4,3.5,12.0
ENR001990,LRN00673,CRS0051,2025-10-05,2026-01-09,1,100,69.5,100.0,40.5,5,28,4.3,96.0
ENR001991,LRN00673,CRS0058,2025-11-02,,0,25,17.2,30.5,74.2,1,6,,
ENR001992,LRN00673,CRS0061,2025-08-25,,0,46,19.6,51.6,66.8,2,12,,
ENR001993,LRN00674,CRS0065,2024-08-15,2024-09-19,1,100,24.7,100.0,55.6,5,12,4.5,35.0
ENR001994,LRN00675,CRS0101,2025-10-29,,0,25,1.9,33.3,69.7,1,1,,
ENR001995,LRN00675,CRS0104,2026-03-13,2026-03-20,1,100,6.2,91.1,85.7,5,2,3.3,7.0
ENR001996,LRN00675,CRS0086,2026-01-07,,0,39,2.0,41.3,69.0,1,2,,
ENR001997,LRN00675,CRS0111,2025-11-28,2026-01-23,1,100,64.5,100.0,84.8,5,27,4.4,56.0
ENR001998,LRN00675,CRS0094,2026-03-13,,0,31,23.2,21.3,58.4,1,9,,
ENR001999,LRN00675,CRS0014,2026-01-22,,0,31,3.3,20.9,75.6,1,2,,
ENR002000,LRN00675,CRS0114,2026-02-20,,0,5,2.3,0.0,,0,0,,
ENR002001,LRN00675,CRS0099,2025-10-29,,0,56,2.9,42.3,25.8,2,2,,
ENR002002,LRN00676,CRS0185,2025-06-14,,0,35,12.8,32.5,49.3,1,4,,
ENR002003,LRN00677,CRS0019,2025-07-05,,0,17,6.4,26.2,,0,3,,
ENR002004,LRN00677,CRS0124,2025-12-05,2026-01-12,1,100,54.4,90.0,77.6,5,23,4.8,38.0
ENR002005,LRN00677,CRS0057,2025-08-12,2025-08-29,1,100,20.4,90.7,48.6,5,9,4.4,17.0
ENR002006,LRN00677,CRS0066,2025-08-26,2025-09-06,1,100,11.6,86.9,61.8,5,7,3.9,11.0
ENR002007,LRN00677,CRS0045,2025-11-20,2025-12-02,1,100,13.0,94.8,45.4,5,6,4.6,12.0
ENR002008,LRN00678,CRS0069,2024-10-29,,0,18,0.8,11.5,,0,1,,
ENR002009,LRN00678,CRS0054,2025-02-05,,0,18,6.1,27.6,,0,3,,
ENR002010,LRN00678,CRS0128,2025-01-05,,0,9,2.8,3.6,,0,1,,
ENR002011,LRN00678,CRS0110,2024-10-11,,0,53,7.6,59.6,29.8,2,5,,
ENR002012,LRN00678,CRS0097,2025-01-20,,0,38,3.6,33.0,48.5,1,2,,
ENR002013,LRN00679,CRS0146,2025-02-15,,0,11,1.1,18.1,,0,0,,
ENR002014,LRN00680,CRS0119,2024-03-14,,0,22,2.2,30.9,49.0,1,1,,
ENR002015,LRN00680,CRS0145,2023-12-05,,0,12,3.4,8.3,,0,1,,
ENR002016,LRN00680,CRS0153,2024-03-22,2024-06-04,1,100,80.7,99.4,65.4,5,28,4.6,74.0
ENR002017,LRN00680,CRS0028,2024-02-28,,0,47,5.1,62.0,29.3,2,4,,
ENR002018,LRN00680,CRS0035,2023-12-13,2023-12-24,1,100,13.9,100.0,37.9,5,5,4.4,11.0
ENR002019,LRN00681,CRS0166,2025-03-07,,0,15,1.5,19.3,,0,0,,
ENR002020,LRN00681,CRS0031,2025-03-11,,0,37,28.1,25.0,36.5,1,11,,
ENR002021,LRN00682,CRS0037,2026-01-07,2026-01-29,1,100,33.2,89.5,58.7,5,12,3.9,22.0
ENR002022,LRN00682,CRS0178,2026-01-25,2026-02-13,1,100,27.0,100.0,46.9,5,11,4.0,19.0
ENR002023,LRN00682,CRS0134,2026-01-26,2026-02-07,1,100,12.1,100.0,55.8,5,6,4.2,12.0
ENR002024,LRN00683,CRS0028,2024-07-18,,0,35,6.6,44.9,55.9,1,3,,
ENR002025,LRN00684,CRS0035,2024-10-10,,0,8,1.0,0.0,,0,0,,
ENR002026,LRN00684,CRS0195,2024-12-03,,0,56,29.0,51.7,48.2,2,12,,
ENR002027,LRN00684,CRS0001,2024-11-25,,0,32,2.4,26.5,80.8,1,1,,
ENR002028,LRN00684,CRS0022,2024-11-24,,0,54,19.6,57.1,52.1,2,14,,
ENR002029,LRN00684,CRS0028,2025-01-02,2025-08-05,1,100,19.1,94.6,10.1,5,9,4.0,215.0
ENR002030,LRN00684,CRS0032,2024-12-17,,0,34,4.1,25.1,35.9,1,3,,
ENR002031,LRN00685,CRS0070,2024-01-24,,0,54,2.9,51.0,53.6,2,3,,
ENR002032,LRN00686,CRS0197,2024-12-04,,0,13,5.2,17.2,,0,2,,
ENR002033,LRN00687,CRS0136,2025-08-09,2025-11-26,1,100,65.6,100.0,52.0,5,28,4.6,109.0
ENR002034,LRN00688,CRS0057,2025-09-07,,0,12,2.7,0.0,,0,1,,
ENR002035,LRN00688,CRS0040,2025-06-26,,0,37,15.8,24.0,72.4,1,7,,
ENR002036,LRN00689,CRS0180,2025-04-05,,0,27,19.8,19.3,88.4,1,6,,
ENR002037,LRN00689,CRS0190,2025-06-04,,0,20,3.9,6.3,,0,3,,
ENR002038,LRN00689,CRS0010,2025-08-16,,0,45,3.7,56.2,58.4,2,2,,
ENR002039,LRN00689,CRS0171,2025-06-30,,0,37,4.9,37.1,73.1,1,4,,
ENR002040,LRN00689,CRS0176,2025-04-27,,0,15,0.9,21.5,,0,0,,
ENR002041,LRN00690,CRS0093,2025-10-19,,0,13,4.2,23.3,,0,1,,
ENR002042,LRN00690,CRS0018,2025-12-03,,0,12,0.9,11.4,,0,0,,
ENR002043,LRN00690,CRS0006,2025-11-15,2025-11-30,1,100,5.5,97.9,66.1,5,2,4.6,15.0
ENR002044,LRN00690,CRS0169,2025-10-27,2025-12-28,1,100,25.5,100.0,50.2,5,9,4.5,62.0
ENR002045,LRN00691,CRS0109,2024-11-16,,0,10,2.5,17.7,,0,1,,
ENR002046,LRN00692,CRS0198,2025-12-29,2026-01-19,1,100,25.2,86.3,46.5,5,12,4.3,21.0
ENR002047,LRN00692,CRS0165,2025-11-29,2026-02-19,1,100,97.4,92.5,61.3,5,32,4.0,82.0
ENR002048,LRN00693,CRS0046,2024-09-26,,0,40,6.9,26.1,53.3,2,3,,
ENR002049,LRN00693,CRS0174,2024-12-09,,0,35,15.2,25.3,58.9,1,11,,
ENR002050,LRN00693,CRS0075,2024-09-23,,0,31,16.0,25.3,54.4,1,8,,
ENR002051,LRN00694,CRS0063,2025-03-20,,0,61,5.5,58.9,83.2,3,4,,
ENR002052,LRN00695,CRS0109,2025-10-03,,0,31,7.4,17.7,79.2,1,3,,
ENR002053,LRN00695,CRS0057,2025-07-18,,0,22,3.4,14.1,75.4,1,2,,
ENR002054,LRN00696,CRS0046,2025-05-23,,0,0,0.0,0.0,,0,0,,
ENR002055,LRN00697,CRS0178,2025-04-04,,0,36,5.2,30.4,71.1,1,4,,
ENR002056,LRN00698,CRS0065,2026-01-20,,0,39,5.7,42.9,41.2,1,4,,
ENR002057,LRN00698,CRS0062,2025-10-14,2025-11-05,1,100,13.8,100.0,76.9,5,7,4.5,22.0
ENR002058,LRN00699,CRS0066,2025-09-14,,0,20,2.9,26.8,,0,1,,
ENR002059,LRN00699,CRS0031,2025-10-01,,0,36,24.1,33.9,65.0,1,11,,
ENR002060,LRN00700,CRS0101,2024-05-14,,0,31,3.5,27.1,56.9,1,2,,
ENR002061,LRN00701,CRS0099,2024-12-26,,0,33,1.4,46.2,30.8,1,1,,
ENR002062,LRN00701,CRS0180,2024-12-19,,0,19,6.4,27.2,,0,4,,
ENR002063,LRN00701,CRS0114,2025-04-04,,0,17,8.6,12.7,,0,3,,
ENR002064,LRN00701,CRS0183,2024-11-06,2025-04-05,1,100,49.8,85.3,50.0,5,22,4.2,150.0
ENR002065,LRN00702,CRS0102,2025-04-06,2025-05-17,1,100,60.6,100.0,48.0,5,26,4.9,41.0
ENR002066,LRN00702,CRS0139,2025-05-03,2025-05-27,1,100,47.2,100.0,62.8,5,16,4.9,24.0
ENR002067,LRN00702,CRS0150,2025-04-06,2025-05-24,1,100,86.0,100.0,71.6,5,29,4.7,48.0
ENR002068,LRN00702,CRS0046,2025-03-09,2025-03-20,1,100,20.8,85.2,79.2,5,8,2.9,11.0
ENR002069,LRN00703,CRS0156,2026-03-20,,0,52,4.3,54.0,38.8,2,2,,
ENR002070,LRN00703,CRS0176,2026-03-01,,0,13,0.7,4.8,,0,0,,
ENR002071,LRN00704,CRS0170,2024-03-04,,0,37,1.0,37.5,53.4,1,1,,
ENR002072,LRN00704,CRS0164,2024-04-09,,0,9,2.6,0.0,,0,1,,
ENR002073,LRN00705,CRS0197,2025-11-21,,0,49,18.6,63.5,53.8,2,10,,
ENR002074,LRN00705,CRS0193,2025-06-30,,0,14,5.7,11.4,,0,3,,
ENR002075,LRN00705,CRS0009,2025-10-15,,0,8,3.0,0.0,,0,1,,
ENR002076,LRN00705,CRS0200,2025-09-30,,0,16,6.2,26.0,,0,2,,
ENR002077,LRN00706,CRS0144,2024-04-11,,0,32,23.5,36.1,67.0,1,9,,
ENR002078,LRN00707,CRS0110,2024-05-04,2024-05-16,1,100,16.7,94.6,64.5,5,9,4.6,12.0
ENR002079,LRN00707,CRS0081,2024-03-04,2024-04-11,1,100,57.7,98.1,68.9,5,21,4.9,38.0
ENR002080,LRN00707,CRS0172,2023-12-18,,0,23,1.5,14.3,62.5,1,1,,
ENR002081,LRN00708,CRS0158,2025-04-09,,0,30,1.8,32.3,76.9,1,1,,
ENR002082,LRN00708,CRS0096,2025-05-05,,0,16,1.2,12.4,,0,1,,
ENR002083,LRN00708,CRS0106,2025-05-29,,0,24,5.6,30.6,59.3,1,3,,
ENR002084,LRN00708,CRS0098,2025-08-01,,0,14,1.4,9.4,,0,1,,
ENR002085,LRN00708,CRS0119,2025-03-17,2025-03-30,1,100,15.2,100.0,46.7,5,6,3.8,13.0
ENR002086,LRN00708,CRS0038,2025-06-24,,0,22,10.4,31.5,45.3,1,5,,
ENR002087,LRN00709,CRS0060,2025-08-15,,0,13,5.9,15.6,,0,3,,
ENR002088,LRN00709,CRS0002,2025-09-22,,0,6,1.0,0.0,,0,0,,
ENR002089,LRN00710,CRS0014,2025-01-10,,0,37,7.7,25.3,61.6,1,2,,
ENR002090,LRN00711,CRS0064,2024-04-29,,0,57,17.0,66.8,47.0,2,13,,
ENR002091,LRN00711,CRS0137,2024-03-25,,0,15,5.4,14.7,,0,4,,
ENR002092,LRN00711,CRS0123,2024-07-07,,0,24,15.6,32.8,72.5,1,5,,
ENR002093,LRN00711,CRS0041,2024-04-22,,0,14,3.1,1.9,,0,1,,
ENR002094,LRN00711,CRS0065,2024-05-30,,0,6,1.1,12.7,,0,0,,
ENR002095,LRN00711,CRS0127,2024-06-02,,0,37,12.4,50.7,67.4,1,5,,
ENR002096,LRN00711,CRS0058,2024-05-23,2025-02-19,1,100,65.5,100.0,37.1,5,27,4.3,272.0
ENR002097,LRN00711,CRS0156,2024-05-20,,0,56,3.3,54.0,70.2,2,2,,
ENR002098,LRN00711,CRS0173,2024-07-23,,0,17,6.4,27.5,,0,4,,
ENR002099,LRN00711,CRS0157,2024-04-16,,0,48,21.0,52.7,76.3,2,7,,
ENR002100,LRN00711,CRS0147,2024-04-21,,0,32,8.6,31.1,68.7,1,3,,
ENR002101,LRN00711,CRS0161,2024-08-18,,0,11,6.7,11.6,,0,3,,
ENR002102,LRN00711,CRS0133,2024-05-28,,0,53,3.5,67.4,44.7,2,2,,
ENR002103,LRN00711,CRS0146,2024-06-08,,0,9,1.0,3.1,,0,0,,
ENR002104,LRN00711,CRS0187,2024-05-16,,0,52,21.5,50.4,44.3,2,15,,
ENR002105,LRN00712,CRS0142,2024-06-30,,0,60,9.1,63.1,47.4,3,7,,
ENR002106,LRN00713,CRS0133,2025-04-27,,0,35,2.0,26.1,92.4,1,1,,
ENR002107,LRN00714,CRS0188,2024-08-22,2024-11-02,1,100,25.5,100.0,47.9,5,12,3.5,72.0
ENR002108,LRN00715,CRS0057,2024-05-07,,0,6,1.4,6.7,,0,0,,
ENR002109,LRN00716,CRS0092,2025-04-20,,0,39,9.2,37.0,79.6,1,6,,
ENR002110,LRN00716,CRS0194,2025-03-31,2025-07-21,1,100,94.6,98.5,77.5,5,32,3.6,112.0
ENR002111,LRN00716,CRS0089,2025-02-27,,0,7,2.4,7.1,,0,0,,
ENR002112,LRN00716,CRS0096,2025-06-14,,0,62,5.8,73.4,70.9,3,4,,
ENR002113,LRN00716,CRS0106,2025-07-17,2025-08-20,1,100,29.8,100.0,78.2,5,12,3.4,34.0
ENR002114,LRN00716,CRS0100,2025-07-04,,0,41,5.6,44.9,76.7,2,4,,
ENR002115,LRN00716,CRS0097,2025-06-01,,0,13,0.9,18.4,,0,0,,
ENR002116,LRN00716,CRS0002,2025-05-26,,0,7,1.6,21.0,,0,1,,
ENR002117,LRN00716,CRS0098,2025-05-27,,0,22,3.3,31.5,62.0,1,2,,
ENR002118,LRN00717,CRS0047,2025-03-16,,0,63,7.1,63.1,74.4,3,3,,
ENR002119,LRN00717,CRS0111,2025-07-11,,0,24,13.7,9.6,82.1,1,6,,
ENR002120,LRN00717,CRS0131,2025-07-13,,0,7,0.5,0.0,,0,0,,
ENR002121,LRN00718,CRS0166,2024-07-16,2024-08-04,1,100,12.2,100.0,76.6,5,4,3.2,19.0
ENR002122,LRN00718,CRS0017,2024-10-21,,0,8,0.7,19.2,,0,0,,
ENR002123,LRN00718,CRS0171,2024-07-10,,0,60,16.2,47.7,63.8,3,6,,
ENR002124,LRN00718,CRS0168,2024-09-11,,0,36,3.5,41.2,66.9,1,2,,
ENR002125,LRN00718,CRS0190,2024-11-02,,0,10,2.3,1.7,,0,1,,
ENR002126,LRN00719,CRS0023,2024-07-21,,0,19,10.8,31.6,,0,4,,
ENR002127,LRN00720,CRS0006,2025-01-16,,0,11,0.3,22.6,,0,0,,
ENR002128,LRN00720,CRS0040,2024-08-27,,0,13,3.7,3.4,,0,2,,
ENR002129,LRN00720,CRS0015,2025-01-01,2025-01-15,1,100,27.6,100.0,66.0,5,12,4.8,14.0
ENR002130,LRN00721,CRS0009,2025-01-19,,0,16,7.0,20.9,,0,3,,
ENR002131,LRN00721,CRS0095,2024-11-08,,0,14,11.7,20.0,,0,4,,
ENR002132,LRN00722,CRS0122,2025-06-16,,0,43,28.2,38.8,64.8,2,14,,
ENR002133,LRN00722,CRS0062,2025-04-14,,0,66,11.0,56.0,85.5,3,4,,
ENR002134,LRN00722,CRS0136,2025-10-04,,0,26,16.2,15.8,58.9,1,7,,
ENR002135,LRN00722,CRS0156,2025-07-17,,0,23,2.1,21.2,58.2,1,0,,
ENR002136,LRN00723,CRS0018,2025-08-25,,0,27,2.8,35.6,55.5,1,1,,
ENR002137,LRN00723,CRS0013,2025-06-08,,0,39,12.4,51.7,92.9,1,4,,
ENR002138,LRN00724,CRS0185,2025-04-15,2025-06-08,1,100,37.0,100.0,52.6,5,13,4.7,54.0
ENR002139,LRN00724,CRS0103,2025-06-24,,0,39,18.0,24.8,65.5,1,9,,
ENR002140,LRN00725,CRS0128,2024-10-28,,0,18,6.0,7.2,,0,3,,
ENR002141,LRN00726,CRS0140,2024-05-28,2024-07-01,1,100,35.3,100.0,60.3,5,14,4.7,34.0
ENR002142,LRN00727,CRS0107,2025-02-15,2025-04-08,1,100,38.1,100.0,81.5,5,16,4.1,52.0
ENR002143,LRN00728,CRS0007,2024-11-01,,0,34,3.3,47.6,46.5,1,3,,
ENR002144,LRN00729,CRS0005,2026-02-20,,0,28,14.7,20.9,38.9,1,6,,
ENR002145,LRN00730,CRS0111,2024-12-06,2025-03-08,1,100,58.2,98.5,79.3,5,27,4.8,92.0
ENR002146,LRN00731,CRS0067,2024-06-10,,0,8,1.3,0.5,,0,0,,
ENR002147,LRN00731,CRS0117,2024-08-22,,0,13,9.4,27.9,,0,3,,
ENR002148,LRN00731,CRS0068,2024-08-18,,0,46,1.8,45.3,74.4,2,2,,
ENR002149,LRN00731,CRS0119,2024-09-09,,0,71,8.1,69.8,66.3,3,4,,
ENR002150,LRN00732,CRS0182,2025-09-16,,0,14,0.6,13.5,,0,0,,
ENR002151,LRN00732,CRS0167,2025-12-11,,0,23,1.3,27.3,75.7,1,1,,
ENR002152,LRN00733,CRS0098,2024-06-10,,0,47,7.7,54.3,31.9,2,4,,
ENR002153,LRN00733,CRS0085,2024-07-22,,0,37,10.6,30.5,54.1,1,4,,
ENR002154,LRN00733,CRS0092,2024-07-19,,0,69,24.2,79.9,90.9,3,12,,
ENR002155,LRN00734,CRS0186,2025-07-28,2025-08-26,1,100,40.4,90.7,61.2,5,16,4.8,29.0
ENR002156,LRN00734,CRS0195,2025-10-13,2025-11-30,1,100,64.9,89.5,49.2,5,21,4.5,48.0
ENR002157,LRN00734,CRS0184,2025-07-06,2025-09-19,1,100,76.9,100.0,58.7,5,25,4.5,75.0
ENR002158,LRN00734,CRS0093,2025-05-27,2025-06-21,1,100,27.8,99.1,67.0,5,14,3.3,25.0
ENR002159,LRN00734,CRS0172,2025-05-31,,0,57,3.9,70.8,43.8,2,2,,
ENR002160,LRN00734,CRS0192,2025-08-27,,0,39,20.8,41.9,71.3,1,11,,
ENR002161,LRN00734,CRS0010,2025-07-11,,0,18,1.3,14.7,,0,1,,
ENR002162,LRN00734,CRS0196,2025-10-08,2025-11-06,1,100,40.0,86.3,64.7,5,13,4.6,29.0
ENR002163,LRN00735,CRS0110,2025-10-14,,0,38,5.4,46.6,45.2,1,3,,
ENR002164,LRN00735,CRS0105,2025-09-16,,0,32,2.0,46.3,65.0,1,1,,
ENR002165,LRN00736,CRS0151,2025-07-11,,0,11,6.0,6.1,,0,3,,
ENR002166,LRN00736,CRS0039,2025-09-17,2025-12-05,1,100,85.1,100.0,50.2,5,29,4.7,79.0
ENR002167,LRN00737,CRS0077,2025-09-02,,0,64,30.4,49.7,65.1,3,13,,
ENR002168,LRN00738,CRS0168,2024-01-22,,0,22,2.2,14.0,69.6,1,1,,
ENR002169,LRN00738,CRS0028,2024-03-06,2024-04-05,1,100,22.2,93.8,58.2,5,9,3.5,30.0
ENR002170,LRN00739,CRS0103,2024-04-30,,0,36,13.6,32.1,65.0,1,8,,
ENR002171,LRN00739,CRS0070,2024-04-06,,0,23,2.4,27.6,55.8,1,1,,
ENR002172,LRN00740,CRS0014,2025-11-15,,0,21,3.2,24.8,90.9,1,1,,
ENR002173,LRN00740,CRS0195,2025-11-27,,0,59,27.3,56.0,44.6,2,12,,
ENR002174,LRN00740,CRS0028,2025-10-04,,0,54,12.1,66.1,78.0,2,5,,
ENR002175,LRN00740,CRS0040,2025-06-28,2025-07-19,1,100,39.5,100.0,74.1,5,19,4.7,21.0
ENR002176,LRN00740,CRS0034,2025-08-12,,0,12,8.6,0.0,,0,3,,
ENR002177,LRN00740,CRS0003,2025-09-23,2025-09-27,1,100,9.5,100.0,64.2,5,4,4.6,4.0
ENR002178,LRN00741,CRS0159,2024-07-27,,0,12,1.6,23.8,,0,0,,
ENR002179,LRN00741,CRS0110,2024-08-25,2024-09-06,1,100,15.7,90.9,82.0,5,9,3.3,12.0
ENR002180,LRN00741,CRS0125,2024-09-12,,0,5,4.5,0.0,,0,1,,
ENR002181,LRN00741,CRS0080,2024-08-18,,0,36,7.6,42.8,52.4,1,3,,
ENR002182,LRN00742,CRS0108,2024-04-11,,0,43,11.3,50.2,48.8,2,5,,
ENR002183,LRN00743,CRS0029,2025-09-07,,0,43,10.5,47.2,76.3,2,4,,
ENR002184,LRN00743,CRS0036,2025-08-16,,0,29,4.3,37.1,35.2,1,2,,
ENR002185,LRN00744,CRS0186,2025-09-01,,0,37,13.6,44.2,83.7,1,6,,
ENR002186,LRN00744,CRS0171,2025-05-27,,0,48,9.0,42.1,85.7,2,5,,
ENR002187,LRN00744,CRS0188,2025-09-21,,0,35,5.1,38.6,60.4,1,4,,
ENR002188,LRN00744,CRS0184,2025-08-02,,0,10,5.5,16.5,,0,2,,
ENR002189,LRN00744,CRS0166,2025-10-03,,0,20,2.5,26.0,,0,0,,
ENR002190,LRN00744,CRS0180,2025-06-12,2025-10-17,1,100,74.4,97.9,79.1,5,25,3.8,127.0
ENR002191,LRN00744,CRS0200,2025-10-14,,0,7,2.1,9.1,,0,1,,
ENR002192,LRN00744,CRS0167,2025-06-02,,0,5,0.2,4.4,,0,0,,
ENR002193,LRN00744,CRS0199,2025-08-06,,0,3,1.0,5.0,,0,0,,
ENR002194,LRN00744,CRS0165,2025-10-05,2026-03-12,1,100,90.1,99.0,81.8,5,32,3.0,158.0
ENR002195,LRN00744,CRS0045,2025-09-09,,0,56,6.8,49.9,89.5,2,3,,
ENR002196,LRN00744,CRS0170,2025-07-05,,0,67,4.3,56.6,46.2,3,2,,
ENR002197,LRN00744,CRS0172,2025-06-01,,0,22,1.6,26.4,58.3,1,1,,
ENR002198,LRN00744,CRS0175,2025-07-07,,0,9,0.6,10.6,,0,0,,
ENR002199,LRN00744,CRS0110,2025-06-08,,0,3,0.5,0.9,,0,0,,
ENR002200,LRN00745,CRS0141,2024-06-09,,0,21,10.9,11.0,57.7,1,6,,
ENR002201,LRN00746,CRS0025,2024-08-22,2024-09-20,1,100,13.8,86.7,53.9,5,5,2.4,29.0
ENR002202,LRN00746,CRS0019,2024-07-30,2024-10-27,1,100,54.3,92.5,58.1,5,20,4.6,89.0
ENR002203,LRN00746,CRS0028,2024-08-09,,0,20,3.6,21.1,,0,1,,
ENR002204,LRN00746,CRS0140,2024-07-14,,0,38,12.9,52.5,51.6,1,5,,
ENR002205,LRN00746,CRS0126,2024-05-28,2024-06-23,1,100,15.0,89.3,69.2,5,7,3.7,26.0
ENR002206,LRN00746,CRS0009,2024-10-23,,0,45,13.7,33.6,44.2,2,9,,
ENR002207,LRN00746,CRS0063,2024-09-02,,0,17,1.7,31.0,,0,1,,
ENR002208,LRN00747,CRS0012,2025-08-23,,0,40,5.6,42.3,70.0,2,3,,
ENR002209,LRN00747,CRS0116,2025-08-30,,0,21,8.6,15.1,61.3,1,7,,
ENR002210,LRN00747,CRS0057,2025-09-08,2025-10-19,1,100,21.7,92.2,78.4,5,9,4.2,41.0
ENR002211,LRN00747,CRS0089,2025-06-20,,0,13,2.8,24.7,,0,1,,
ENR002212,LRN00747,CRS0167,2025-07-18,,0,17,0.9,14.4,,0,0,,
ENR002213,LRN00747,CRS0052,2025-09-09,,0,22,9.7,24.4,81.7,1,4,,
ENR002214,LRN00747,CRS0067,2025-07-08,,0,28,8.3,30.3,32.3,1,3,,
ENR002215,LRN00747,CRS0044,2025-04-03,,0,34,8.6,44.8,60.0,1,7,,
ENR002216,LRN00747,CRS0041,2025-07-19,2025-09-17,1,100,29.5,100.0,43.6,5,11,4.8,60.0
ENR002217,LRN00747,CRS0065,2025-04-27,,0,26,4.1,33.1,59.4,1,3,,
ENR002218,LRN00748,CRS0106,2026-02-19,,0,10,1.7,5.4,,0,1,,
ENR002219,LRN00748,CRS0102,2025-11-09,,0,38,13.1,50.2,74.7,1,10,,
ENR002220,LRN00749,CRS0171,2024-10-26,2024-11-10,1,100,24.2,100.0,72.5,5,11,4.6,15.0
ENR002221,LRN00750,CRS0026,2024-03-01,,0,9,1.8,4.1,,0,0,,
ENR002222,LRN00751,CRS0144,2024-06-12,,0,67,26.8,66.2,74.0,3,20,,
ENR002223,LRN00752,CRS0076,2025-07-29,,0,6,1.8,0.0,,0,0,,
ENR002224,LRN00752,CRS0050,2025-10-27,2025-11-03,1,100,6.9,86.6,60.5,5,4,4.1,7.0
ENR002225,LRN00752,CRS0079,2025-10-04,2025-10-20,1,100,16.7,100.0,83.3,5,7,3.6,16.0
ENR002226,LRN00752,CRS0136,2025-07-14,2025-09-22,1,100,62.3,100.0,59.2,5,28,4.7,70.0
ENR002227,LRN00752,CRS0047,2025-10-17,,0,0,0.0,11.9,,0,0,,
ENR002228,LRN00752,CRS0077,2025-07-07,,0,34,14.3,30.7,38.4,1,7,,
ENR002229,LRN00752,CRS0044,2025-08-14,,0,33,12.5,37.9,55.5,1,6,,
ENR002230,LRN00753,CRS0069,2025-01-22,,0,32,1.7,30.3,73.9,1,1,,
ENR002231,LRN00753,CRS0182,2025-04-08,,0,17,1.3,3.4,,0,0,,
ENR002232,LRN00753,CRS0117,2025-02-24,,0,32,18.2,24.9,56.0,1,8,,
ENR002233,LRN00753,CRS0101,2025-06-24,2025-07-09,1,100,9.4,100.0,86.5,5,7,4.5,15.0
ENR002234,LRN00753,CRS0081,2025-03-26,,0,10,2.9,16.8,,0,2,,
ENR002235,LRN00753,CRS0096,2025-06-20,2025-07-20,1,100,14.5,100.0,59.2,5,8,4.6,30.0
ENR002236,LRN00753,CRS0103,2025-05-03,2025-07-22,1,100,61.0,100.0,80.4,5,23,4.8,80.0
ENR002237,LRN00753,CRS0099,2025-03-14,,0,34,1.5,35.8,81.0,1,1,,
ENR002238,LRN00754,CRS0133,2025-10-09,2025-10-18,1,100,8.3,100.0,41.0,5,4,4.6,9.0
ENR002239,LRN00754,CRS0044,2025-09-12,2025-11-13,1,100,55.2,100.0,69.4,5,20,3.6,62.0
ENR002240,LRN00754,CRS0126,2026-01-08,,0,60,5.6,55.5,63.5,3,4,,
ENR002241,LRN00755,CRS0114,2025-07-25,,0,31,10.5,20.4,67.4,1,5,,
ENR002242,LRN00755,CRS0081,2025-06-21,,0,12,5.0,0.0,,0,2,,
ENR002243,LRN00756,CRS0035,2024-01-27,2024-02-02,1,100,10.9,89.3,87.5,5,5,4.4,6.0
ENR002244,LRN00756,CRS0040,2023-12-13,,0,30,11.8,39.2,62.8,1,5,,
ENR002245,LRN00756,CRS0177,2023-12-29,,0,27,4.0,19.2,69.5,1,1,,
ENR002246,LRN00757,CRS0103,2024-01-20,,0,19,8.5,31.9,,0,4,,
ENR002247,LRN00757,CRS0068,2024-06-25,,0,70,3.7,80.3,48.1,3,4,,
ENR002248,LRN00758,CRS0107,2025-08-28,,0,61,25.0,63.5,50.2,3,9,,
ENR002249,LRN00759,CRS0039,2025-06-09,,0,8,4.7,8.2,,0,2,,
ENR002250,LRN00759,CRS0076,2025-03-04,,0,33,7.4,43.5,81.4,1,4,,
ENR002251,LRN00759,CRS0037,2025-04-01,,0,4,1.1,7.5,,0,0,,
ENR002252,LRN00760,CRS0123,2025-08-21,,0,32,20.0,47.0,65.9,1,7,,
ENR002253,LRN00761,CRS0040,2025-11-08,,0,10,3.4,0.0,,0,1,,
ENR002254,LRN00762,CRS0126,2024-09-28,,0,11,1.0,15.4,,0,0,,
ENR002255,LRN00762,CRS0138,2024-10-24,,0,18,7.9,16.9,,0,5,,
ENR002256,LRN00762,CRS0166,2024-10-19,,0,51,4.5,49.9,66.7,2,2,,
ENR002257,LRN00762,CRS0143,2024-10-01,,0,17,0.8,2.3,,0,0,,
ENR002258,LRN00762,CRS0135,2024-12-02,,0,12,1.7,0.0,,0,0,,
ENR002259,LRN00762,CRS0042,2024-08-18,,0,52,28.1,60.9,98.4,2,15,,
ENR002260,LRN00762,CRS0133,2024-10-28,,0,10,0.4,22.6,,0,0,,
ENR002261,LRN00762,CRS0155,2024-11-09,,0,6,3.6,11.5,,0,1,,
ENR002262,LRN00762,CRS0154,2024-10-18,,0,57,6.5,49.4,87.1,2,3,,
ENR002263,LRN00762,CRS0125,2024-08-20,,0,46,20.1,51.9,44.3,2,15,,
ENR002264,LRN00762,CRS0146,2024-09-10,,0,35,2.2,21.3,73.0,1,1,,
ENR002265,LRN00762,CRS0121,2025-01-01,,0,29,3.1,37.0,65.8,1,2,,
ENR002266,LRN00762,CRS0144,2024-11-12,,0,12,7.3,6.0,,0,3,,
ENR002267,LRN00762,CRS0113,2024-10-29,,0,30,2.6,24.2,49.0,1,2,,
ENR002268,LRN00762,CRS0159,2024-10-25,,0,23,3.2,13.5,79.6,1,1,,
ENR002269,LRN00763,CRS0058,2026-02-22,,0,40,24.3,50.7,46.9,2,10,,
ENR002270,LRN00764,CRS0111,2025-01-19,,0,6,2.4,10.7,,0,1,,
ENR002271,LRN00764,CRS0074,2024-11-07,,0,40,17.6,50.1,42.2,2,9,,
ENR002272,LRN00765,CRS0150,2024-03-15,,0,40,23.3,30.4,68.1,2,11,,
ENR002273,LRN00765,CRS0124,2024-03-30,2024-07-10,1,100,60.5,88.9,77.7,5,23,4.6,102.0
ENR002274,LRN00765,CRS0130,2024-05-01,,0,26,2.7,21.9,67.1,1,2,,
ENR002275,LRN00766,CRS0117,2024-08-18,,0,39,18.5,49.2,83.8,1,10,,
ENR002276,LRN00766,CRS0102,2024-06-07,2024-09-10,1,100,70.7,100.0,54.5,5,26,4.1,95.0
ENR002277,LRN00766,CRS0002,2024-04-04,,0,21,5.8,20.8,38.3,1,3,,
ENR002278,LRN00767,CRS0193,2024-05-24,,0,19,7.6,13.9,,0,4,,
ENR002279,LRN00767,CRS0183,2024-09-24,,0,5,1.9,6.8,,0,1,,
ENR002280,LRN00767,CRS0188,2024-09-28,,0,37,4.5,42.2,71.3,1,4,,
ENR002281,LRN00767,CRS0186,2024-05-07,2024-06-17,1,100,40.8,100.0,71.4,5,16,4.5,41.0
ENR002282,LRN00767,CRS0185,2024-05-04,,0,34,12.4,19.9,52.3,1,4,,
ENR002283,LRN00767,CRS0174,2024-07-21,2024-11-18,1,100,90.6,100.0,79.0,5,33,3.6,120.0
ENR002284,LRN00767,CRS0175,2024-06-14,2024-06-29,1,100,9.9,95.2,80.1,5,4,4.2,15.0
ENR002285,LRN00767,CRS0199,2024-09-27,,0,25,5.5,19.7,58.3,1,3,,
ENR002286,LRN00768,CRS0180,2025-05-21,2025-07-12,1,100,65.0,100.0,51.3,5,25,4.6,52.0
ENR002287,LRN00768,CRS0016,2025-04-11,,0,12,2.4,4.2,,0,2,,
ENR002288,LRN00769,CRS0053,2024-04-25,,0,22,1.3,20.2,91.5,1,0,,
ENR002289,LRN00769,CRS0144,2024-06-30,2024-10-20,1,100,80.9,97.2,64.7,5,31,4.7,112.0
ENR002290,LRN00769,CRS0163,2024-06-28,2024-07-15,1,100,14.9,98.1,49.8,5,6,4.1,17.0
ENR002291,LRN00770,CRS0200,2025-08-29,,0,37,11.6,36.2,52.7,1,5,,
ENR002292,LRN00770,CRS0197,2025-07-03,,0,28,9.8,21.8,61.7,1,6,,
ENR002293,LRN00771,CRS0171,2025-08-30,,0,43,5.8,32.9,30.8,2,4,,
ENR002294,LRN00772,CRS0131,2025-01-07,,0,5,0.3,0.0,,0,0,,
ENR002295,LRN00773,CRS0030,2024-12-22,,0,42,20.8,49.6,46.8,2,13,,
ENR002296,LRN00773,CRS0109,2025-02-13,,0,21,2.9,31.8,75.8,1,2,,
ENR002297,LRN00773,CRS0091,2025-01-06,,0,4,0.6,18.0,,0,0,,
ENR002298,LRN00773,CRS0025,2024-09-21,,0,21,1.6,24.8,36.3,1,1,,
ENR002299,LRN00773,CRS0159,2025-02-08,,0,67,6.2,80.0,68.3,3,4,,
ENR002300,LRN00773,CRS0021,2024-10-07,,0,48,5.4,48.5,45.3,2,5,,
ENR002301,LRN00774,CRS0122,2024-08-14,,0,20,13.3,23.3,,0,6,,
ENR002302,LRN00774,CRS0128,2024-08-18,2024-09-13,1,100,47.7,100.0,82.1,5,19,4.8,26.0
ENR002303,LRN00775,CRS0147,2024-12-26,2025-01-15,1,100,23.9,91.4,32.6,5,12,3.6,20.0
ENR002304,LRN00775,CRS0166,2024-09-20,,0,51,6.3,59.6,61.7,2,2,,
ENR002305,LRN00775,CRS0007,2024-07-29,,0,16,2.2,24.2,,0,1,,
ENR002306,LRN00775,CRS0103,2024-11-11,2024-12-16,1,100,46.3,87.2,39.1,5,23,4.6,35.0
ENR002307,LRN00775,CRS0152,2024-10-22,,0,11,1.2,21.4,,0,0,,
ENR002308,LRN00775,CRS0180,2024-09-10,2024-10-27,1,100,67.8,94.0,77.5,5,25,3.9,47.0
ENR002309,LRN00775,CRS0181,2024-11-18,,0,18,10.2,10.1,,0,3,,
ENR002310,LRN00775,CRS0172,2024-09-27,,0,20,1.4,32.3,,0,0,,
ENR002311,LRN00776,CRS0089,2024-02-08,,0,21,5.4,19.5,66.2,1,2,,
ENR002312,LRN00777,CRS0006,2025-12-21,2025-12-26,1,100,6.1,100.0,73.4,5,2,4.3,5.0
ENR002313,LRN00778,CRS0168,2024-06-30,,0,66,4.1,72.8,62.4,3,4,,
ENR002314,LRN00778,CRS0191,2024-06-03,2024-07-19,1,100,16.2,100.0,44.7,5,7,4.3,46.0
ENR002315,LRN00779,CRS0046,2025-03-09,2025-03-23,1,100,21.7,90.3,55.6,5,8,3.4,14.0
ENR002316,LRN00780,CRS0006,2024-05-30,,0,3,0.2,16.3,,0,0,,
ENR002317,LRN00780,CRS0190,2024-06-19,,0,21,4.8,27.5,49.9,1,3,,
ENR002318,LRN00780,CRS0037,2024-05-22,,0,31,7.1,28.7,49.6,1,3,,
ENR002319,LRN00780,CRS0002,2024-07-23,,0,19,6.3,5.7,,0,2,,
ENR002320,LRN00780,CRS0161,2024-06-26,,0,23,17.0,15.9,79.6,1,6,,
ENR002321,LRN00780,CRS0030,2024-06-10,,0,40,29.8,43.7,40.4,2,12,,
ENR002322,LRN00780,CRS0010,2024-07-17,,0,13,1.2,10.0,,0,0,,
ENR002323,LRN00780,CRS0021,2024-07-07,,0,20,2.9,11.8,,0,2,,
ENR002324,LRN00780,CRS0003,2024-08-31,,0,1,0.1,0.0,,0,0,,
ENR002325,LRN00780,CRS0165,2024-04-12,2025-11-09,1,100,98.9,100.0,38.3,5,32,4.2,576.0
ENR002326,LRN00780,CRS0035,2024-04-10,,0,10,0.9,0.0,,0,0,,
ENR002327,LRN00780,CRS0014,2024-03-30,2024-07-22,1,100,20.0,100.0,58.2,5,8,4.6,114.0
ENR002328,LRN00780,CRS0142,2024-04-05,,0,27,5.6,19.7,81.9,1,3,,
ENR002329,LRN00780,CRS0032,2024-03-17,,0,18,2.4,14.1,,0,1,,
ENR002330,LRN00780,CRS0012,2024-08-19,2024-11-08,1,100,14.2,86.1,49.5,5,8,4.0,81.0
ENR002331,LRN00781,CRS0186,2024-10-27,,0,34,8.5,35.8,43.1,1,5,,
ENR002332,LRN00782,CRS0025,2025-04-12,2025-05-02,1,100,14.9,98.7,52.9,5,5,3.9,20.0
ENR002333,LRN00782,CRS0031,2025-04-22,,0,29,16.9,24.0,79.1,1,9,,
ENR002334,LRN00782,CRS0186,2024-11-13,2025-01-14,1,100,32.1,100.0,38.0,5,16,3.6,62.0
ENR002335,LRN00783,CRS0067,2024-10-14,2024-11-08,1,100,33.8,100.0,70.0,5,12,4.9,25.0
ENR002336,LRN00783,CRS0190,2024-11-19,2024-12-29,1,100,34.4,100.0,63.9,5,15,4.1,40.0
ENR002337,LRN00783,CRS0023,2024-12-29,2025-02-27,1,100,63.6,87.2,76.9,5,21,4.3,60.0
ENR002338,LRN00783,CRS0100,2025-01-20,,0,42,5.5,36.2,80.6,2,4,,
ENR002339,LRN00783,CRS0167,2025-01-25,,0,22,1.3,36.9,50.0,1,1,,
ENR002340,LRN00784,CRS0004,2025-07-30,,0,35,23.8,49.2,63.7,1,10,,
ENR002341,LRN00784,CRS0020,2025-06-02,,0,24,14.4,19.1,56.3,1,6,,
ENR002342,LRN00784,CRS0007,2025-06-07,2025-06-18,1,100,16.4,96.3,84.1,5,9,3.8,11.0
ENR002343,LRN00784,CRS0014,2025-06-23,,0,55,11.5,59.0,73.8,2,4,,
ENR002344,LRN00785,CRS0127,2025-05-09,,0,16,5.0,28.5,,0,2,,
ENR002345,LRN00786,CRS0123,2024-07-16,2024-11-25,1,100,72.7,92.2,65.3,5,24,4.3,132.0
ENR002346,LRN00787,CRS0001,2025-10-19,2025-11-02,1,100,11.1,100.0,84.9,5,4,4.4,14.0
ENR002347,LRN00788,CRS0193,2024-05-03,,0,13,5.0,17.0,,0,2,,
ENR002348,LRN00789,CRS0189,2024-09-23,2024-12-31,1,100,99.1,96.0,42.8,5,34,4.4,99.0
ENR002349,LRN00789,CRS0162,2024-07-10,,0,6,0.3,7.8,,0,0,,
ENR002350,LRN00789,CRS0186,2024-09-27,,0,20,4.9,24.9,,0,3,,
ENR002351,LRN00789,CRS0164,2024-06-24,,0,29,7.8,16.4,81.5,1,3,,
ENR002352,LRN00789,CRS0179,2024-04-29,,0,12,1.4,2.8,,0,1,,
ENR002353,LRN00790,CRS0192,2024-05-21,,0,2,1.2,5.2,,0,0,,
ENR002354,LRN00790,CRS0157,2024-05-26,,0,29,8.7,32.2,51.0,1,4,,
ENR002355,LRN00790,CRS0053,2024-08-28,2024-09-02,1,100,8.8,88.6,64.1,5,4,4.8,5.0
ENR002356,LRN00791,CRS0147,2024-09-29,,0,35,4.9,26.1,75.0,1,4,,
ENR002357,LRN00792,CRS0052,2024-11-06,,0,24,7.6,34.8,53.4,1,4,,
ENR002358,LRN00792,CRS0190,2024-08-22,2024-09-18,1,100,34.8,100.0,62.6,5,15,4.4,27.0
ENR002359,LRN00792,CRS0001,2024-10-26,,0,9,0.5,19.5,,0,0,,
ENR002360,LRN00792,CRS0147,2024-12-06,2024-12-30,1,100,26.3,93.8,91.1,5,12,3.9,24.0
ENR002361,LRN00792,CRS0165,2024-12-09,2025-02-12,1,100,90.6,100.0,53.4,5,32,4.1,65.0
ENR002362,LRN00792,CRS0137,2024-09-23,2024-11-12,1,100,76.5,100.0,59.5,5,32,3.4,50.0
ENR002363,LRN00792,CRS0200,2025-01-29,2025-03-01,1,100,38.6,86.9,79.8,5,14,4.2,31.0
ENR002364,LRN00792,CRS0191,2024-12-02,,0,30,3.1,42.9,81.9,1,2,,
ENR002365,LRN00793,CRS0110,2025-02-02,,0,38,5.3,34.6,63.7,1,3,,
ENR002366,LRN00793,CRS0087,2025-02-14,2025-03-12,1,100,37.1,90.0,81.2,5,13,4.5,26.0
ENR002367,LRN00793,CRS0071,2025-01-28,,0,3,0.1,11.1,,0,0,,
ENR002368,LRN00794,CRS0106,2024-09-16,,0,45,12.3,31.1,75.8,2,5,,
ENR002369,LRN00794,CRS0098,2025-01-20,2025-01-28,1,100,16.7,100.0,66.3,5,9,4.0,8.0
ENR002370,LRN00794,CRS0114,2024-12-01,,0,8,2.0,23.0,,0,1,,
ENR002371,LRN00794,CRS0092,2024-09-25,2024-10-16,1,100,43.5,88.0,57.3,5,17,4.1,21.0
ENR002372,LRN00794,CRS0198,2024-10-06,2024-10-22,1,100,33.0,100.0,86.2,5,12,4.6,16.0
ENR002373,LRN00794,CRS0104,2024-09-19,2024-09-22,1,100,6.3,100.0,56.0,5,2,4.1,3.0
ENR002374,LRN00794,CRS0103,2024-12-17,,0,9,3.6,21.7,,0,2,,
ENR002375,LRN00794,CRS0120,2024-12-30,2025-01-01,1,100,5.2,85.9,56.8,5,3,4.9,2.0
ENR002376,LRN00794,CRS0109,2025-01-14,,0,9,2.2,0.0,,0,1,,
ENR002377,LRN00794,CRS0108,2024-09-21,,0,3,0.8,0.0,,0,0,,
ENR002378,LRN00794,CRS0111,2024-11-10,,0,16,10.6,9.9,,0,4,,
ENR002379,LRN00794,CRS0089,2024-11-02,,0,19,4.8,31.1,,0,2,,
ENR002380,LRN00794,CRS0110,2024-09-17,2024-09-25,1,100,17.2,94.8,35.8,5,9,3.2,8.0
ENR002381,LRN00794,CRS0160,2024-10-06,2024-11-02,1,100,51.3,95.8,60.6,5,24,4.3,27.0
ENR002382,LRN00795,CRS0177,2024-06-07,,0,10,1.7,7.7,,0,0,,
ENR002383,LRN00795,CRS0182,2024-06-08,,0,34,1.4,42.9,76.6,1,1,,
ENR002384,LRN00795,CRS0184,2024-04-21,,0,43,20.4,28.4,82.3,2,11,,
ENR002385,LRN00796,CRS0055,2025-03-12,,0,37,11.3,36.9,51.6,1,7,,
ENR002386,LRN00796,CRS0183,2025-01-16,,0,1,0.3,12.2,,0,0,,
ENR002387,LRN00796,CRS0084,2024-12-31,,0,31,3.7,26.0,91.3,1,1,,
ENR002388,LRN00796,CRS0049,2025-02-16,2025-09-01,1,100,50.5,95.7,55.0,5,23,4.3,197.0
ENR002389,LRN00796,CRS0043,2025-02-12,,0,18,5.6,25.2,,0,2,,
ENR002390,LRN00796,CRS0032,2025-05-26,,0,39,7.9,42.9,67.2,1,3,,
ENR002391,LRN00797,CRS0059,2024-06-11,,0,65,9.0,50.9,65.5,3,6,,
ENR002392,LRN00797,CRS0089,2024-06-24,,0,11,2.5,9.0,,0,1,,
ENR002393,LRN00798,CRS0062,2024-08-25,,0,21,3.6,13.6,76.3,1,1,,
ENR002394,LRN00798,CRS0099,2024-08-01,,0,18,1.0,23.7,,0,0,,
ENR002395,LRN00799,CRS0173,2024-10-04,,0,25,14.9,35.4,59.5,1,6,,
ENR002396,LRN00800,CRS0040,2025-05-17,,0,17,7.9,24.6,,0,3,,
ENR002397,LRN00800,CRS0170,2025-08-19,,0,33,1.7,40.4,36.7,1,1,,
ENR002398,LRN00800,CRS0034,2025-06-02,,0,16,7.8,5.1,,0,4,,
ENR002399,LRN00800,CRS0018,2025-07-20,,0,19,1.7,23.3,,0,1,,
ENR002400,LRN00800,CRS0023,2025-07-01,,0,38,18.8,47.5,58.7,1,8,,
ENR002401,LRN00800,CRS0013,2025-06-18,,0,27,8.1,17.3,65.0,1,3,,
ENR002402,LRN00800,CRS0122,2025-09-11,,0,33,25.0,43.9,44.6,1,11,,
ENR002403,LRN00800,CRS0009,2025-08-04,,0,65,17.4,76.1,51.3,3,13,,
ENR002404,LRN00800,CRS0019,2025-10-03,2026-04-12,1,100,45.1,87.4,79.7,5,20,3.2,191.0
ENR002405,LRN00800,CRS0021,2025-08-02,,0,5,1.2,0.0,,0,0,,
ENR002406,LRN00801,CRS0002,2025-09-11,2025-10-25,1,100,39.5,100.0,84.4,5,14,4.9,44.0
ENR002407,LRN00801,CRS0115,2025-06-14,,0,41,9.0,36.0,55.7,2,5,,
ENR002408,LRN00802,CRS0117,2025-01-09,2025-04-03,1,100,66.7,100.0,86.1,5,28,4.4,84.0
ENR002409,LRN00802,CRS0096,2025-01-28,,0,49,7.2,36.9,60.6,2,3,,
ENR002410,LRN00802,CRS0097,2025-02-11,,0,44,4.5,53.4,83.6,2,2,,
ENR002411,LRN00802,CRS0113,2024-12-12,2024-12-27,1,100,12.7,86.3,76.3,5,8,2.7,15.0
ENR002412,LRN00803,CRS0045,2025-09-09,2025-10-04,1,100,13.2,100.0,82.1,5,6,2.9,25.0
ENR002413,LRN00803,CRS0049,2025-10-11,,0,37,13.5,47.2,57.2,1,8,,
ENR002414,LRN00803,CRS0062,2025-08-02,,0,13,1.0,22.1,,0,0,,
ENR002415,LRN00803,CRS0058,2025-08-05,,0,36,12.8,35.5,71.6,1,9,,
ENR002416,LRN00803,CRS0162,2025-07-23,,0,39,1.7,29.4,74.5,1,1,,
ENR002417,LRN00803,CRS0061,2025-08-15,,0,51,22.6,36.4,81.2,2,13,,
ENR002418,LRN00804,CRS0188,2025-03-20,2025-04-11,1,100,21.9,90.2,64.7,5,12,3.3,22.0
ENR002419,LRN00804,CRS0167,2025-02-11,2025-02-15,1,100,5.8,100.0,67.5,5,4,4.6,4.0
ENR002420,LRN00804,CRS0073,2025-06-28,2025-07-21,1,100,41.5,100.0,60.0,5,16,4.0,23.0
ENR002421,LRN00804,CRS0181,2025-05-14,,0,36,14.0,27.1,90.6,1,7,,
ENR002422,LRN00804,CRS0163,2025-07-22,2025-08-01,1,100,13.2,89.3,60.6,5,6,4.2,10.0
ENR002423,LRN00804,CRS0171,2025-07-13,,0,4,0.5,3.1,,0,0,,
ENR002424,LRN00804,CRS0161,2025-04-20,2025-06-26,1,100,83.4,100.0,59.5,5,30,3.3,67.0
ENR002425,LRN00804,CRS0123,2025-02-17,,0,16,10.6,20.9,,0,3,,
ENR002426,LRN00804,CRS0180,2025-03-12,2025-05-02,1,100,74.4,100.0,49.8,5,25,3.5,51.0
ENR002427,LRN00804,CRS0106,2025-03-14,2025-04-05,1,100,31.6,100.0,21.2,5,12,4.7,22.0
ENR002428,LRN00804,CRS0186,2025-04-08,2025-05-09,1,100,37.5,100.0,50.7,5,16,4.0,31.0
ENR002429,LRN00804,CRS0175,2025-05-09,2025-05-16,1,100,8.4,100.0,78.3,5,4,4.8,7.0
ENR002430,LRN00804,CRS0184,2025-02-24,,0,11,6.2,13.7,,0,2,,
ENR002431,LRN00804,CRS0194,2025-06-21,,0,16,14.0,29.1,,0,5,,
ENR002432,LRN00804,CRS0148,2025-08-03,2025-08-07,1,100,6.0,94.3,43.2,5,4,3.9,4.0
ENR002433,LRN00805,CRS0132,2024-10-30,,0,20,1.8,13.8,,0,1,,
ENR002434,LRN00805,CRS0195,2024-11-12,2025-02-09,1,100,50.4,88.4,62.0,5,21,4.8,89.0
ENR002435,LRN00805,CRS0192,2025-02-28,,0,9,7.4,11.3,,0,2,,
ENR002436,LRN00805,CRS0191,2025-03-04,,0,37,3.9,42.6,33.2,1,2,,
ENR002437,LRN00805,CRS0161,2024-11-02,,0,14,5.9,21.6,,0,4,,
ENR002438,LRN00805,CRS0124,2024-10-12,,0,28,7.4,40.7,64.9,1,6,,
ENR002439,LRN00805,CRS0200,2025-02-16,,0,3,1.0,9.3,,0,0,,
ENR002440,LRN00806,CRS0126,2025-12-08,2025-12-15,1,100,13.7,87.6,71.0,5,7,3.9,7.0
ENR002441,LRN00806,CRS0147,2026-03-22,,0,37,6.0,43.2,86.7,1,4,,
ENR002442,LRN00806,CRS0136,2025-11-15,2025-12-20,1,100,73.6,100.0,53.3,5,28,4.6,35.0
ENR002443,LRN00806,CRS0140,2026-02-21,,0,35,7.2,23.7,73.4,1,5,,
ENR002444,LRN00806,CRS0156,2025-10-15,2025-10-19,1,100,10.1,89.3,91.9,5,4,3.7,4.0
ENR002445,LRN00807,CRS0101,2025-04-03,,0,15,1.2,19.3,,0,1,,
ENR002446,LRN00807,CRS0109,2025-02-21,,0,14,3.6,26.4,,0,1,,
ENR002447,LRN00807,CRS0137,2025-05-03,,0,14,10.3,7.3,,0,4,,
ENR002448,LRN00807,CRS0100,2025-05-30,2025-07-21,1,100,22.2,99.5,57.8,5,10,3.6,52.0
ENR002449,LRN00807,CRS0096,2025-07-25,,0,62,7.8,47.7,69.4,3,4,,
ENR002450,LRN00807,CRS0120,2025-04-27,,0,8,0.3,17.4,,0,0,,
ENR002451,LRN00807,CRS0112,2025-06-15,2025-06-30,1,100,7.5,98.2,56.0,5,4,4.2,15.0
ENR002452,LRN00807,CRS0102,2025-08-05,,0,53,19.6,60.9,81.6,2,13,,
ENR002453,LRN00807,CRS0174,2025-04-13,2025-10-04,1,100,83.8,100.0,62.1,5,33,3.8,174.0
ENR002454,LRN00807,CRS0095,2025-03-19,,0,49,41.1,59.2,76.8,2,14,,
ENR002455,LRN00807,CRS0141,2025-04-12,,0,48,37.5,37.6,85.0,2,14,,
ENR002456,LRN00807,CRS0153,2025-05-07,,0,57,32.9,50.9,31.9,2,16,,
ENR002457,LRN00807,CRS0089,2025-07-21,,0,27,8.4,23.8,55.2,1,3,,
ENR002458,LRN00808,CRS0101,2024-07-19,,0,34,2.0,28.5,79.8,1,2,,
ENR002459,LRN00809,CRS0043,2024-07-03,2024-07-29,1,100,29.1,100.0,61.1,5,16,2.9,26.0
ENR002460,LRN00809,CRS0067,2024-05-03,2024-05-27,1,100,33.4,100.0,88.2,5,12,3.0,24.0
ENR002461,LRN00809,CRS0075,2024-07-24,2024-09-07,1,100,85.2,98.5,81.2,5,28,4.3,45.0
ENR002462,LRN00809,CRS0032,2024-08-07,,0,59,10.7,65.1,64.2,2,5,,
ENR002463,LRN00810,CRS0004,2025-04-06,,0,15,7.2,20.9,,0,4,,
ENR002464,LRN00810,CRS0006,2025-05-01,,0,43,2.6,29.3,95.6,2,1,,
ENR002465,LRN00810,CRS0016,2025-06-15,,0,30,12.7,39.9,75.2,1,5,,
ENR002466,LRN00810,CRS0036,2025-06-02,2025-06-26,1,100,16.5,97.9,72.2,5,7,3.0,24.0
ENR002467,LRN00810,CRS0021,2025-01-03,,0,39,5.9,26.1,67.8,1,4,,
ENR002468,LRN00811,CRS0004,2024-04-28,,0,46,31.3,36.8,62.8,2,13,,
ENR002469,LRN00811,CRS0174,2024-05-25,,0,9,4.5,0.0,,0,3,,
ENR002470,LRN00812,CRS0123,2025-05-27,2025-11-25,1,100,60.4,100.0,91.1,5,24,4.2,182.0
ENR002471,LRN00812,CRS0102,2025-06-20,,0,19,13.4,22.8,,0,5,,
ENR002472,LRN00812,CRS0179,2025-08-06,2025-10-15,1,100,23.1,100.0,58.7,5,10,4.3,70.0
ENR002473,LRN00813,CRS0009,2025-08-22,2025-10-02,1,100,53.4,100.0,66.4,5,20,3.6,41.0
ENR002474,LRN00814,CRS0190,2024-04-23,2024-05-26,1,100,43.4,100.0,65.9,5,15,3.8,33.0
ENR002475,LRN00814,CRS0174,2024-05-15,2024-08-03,1,100,74.5,100.0,55.2,5,33,4.6,80.0
ENR002476,LRN00815,CRS0085,2025-08-18,,0,20,4.8,15.5,,0,2,,
ENR002477,LRN00816,CRS0169,2024-12-08,,0,19,2.6,11.8,,0,1,,
ENR002478,LRN00817,CRS0162,2025-04-25,,0,30,1.1,18.5,48.5,1,1,,
ENR002479,LRN00818,CRS0020,2025-06-07,,0,23,11.5,8.6,76.9,1,5,,
ENR002480,LRN00819,CRS0059,2026-03-27,,0,31,3.5,38.6,61.3,1,2,,
ENR002481,LRN00819,CRS0074,2026-03-25,2026-07-14,1,100,62.6,100.0,55.0,5,24,2.4,111.0
ENR002482,LRN00820,CRS0033,2024-06-11,2024-08-19,1,100,72.1,100.0,78.9,5,32,4.0,69.0
ENR002483,LRN00820,CRS0005,2024-04-09,,0,45,16.7,57.9,74.5,2,10,,
ENR002484,LRN00821,CRS0188,2024-11-17,,0,36,8.5,49.6,73.7,1,4,,
ENR002485,LRN00822,CRS0149,2024-04-19,,0,24,1.4,19.9,75.7,1,0,,
ENR002486,LRN00822,CRS0182,2024-06-14,,0,15,0.8,22.9,,0,0,,
ENR002487,LRN00822,CRS0150,2024-06-10,2024-08-02,1,100,77.4,100.0,82.2,5,29,3.7,53.0
ENR002488,LRN00822,CRS0132,2024-05-21,2024-06-03,1,100,14.4,99.5,41.7,5,8,3.4,13.0
ENR002489,LRN00822,CRS0137,2024-04-03,,0,50,39.0,54.1,59.2,2,16,,
ENR002490,LRN00822,CRS0122,2024-08-25,,0,37,28.1,49.0,89.4,1,12,,
ENR002491,LRN00822,CRS0154,2024-09-29,,0,56,5.5,43.1,73.4,2,3,,
ENR002492,LRN00822,CRS0136,2024-04-15,2024-06-18,1,100,72.8,92.6,76.8,5,28,4.5,64.0
ENR002493,LRN00822,CRS0121,2024-07-06,2024-07-14,1,100,11.9,93.1,41.3,5,8,4.8,8.0
ENR002494,LRN00822,CRS0158,2024-05-14,2024-05-26,1,100,11.7,96.7,86.6,5,5,3.7,12.0
ENR002495,LRN00822,CRS0038,2024-08-22,,0,63,36.2,75.0,47.8,3,15,,
ENR002496,LRN00822,CRS0138,2024-09-13,,0,28,21.1,28.6,78.0,1,8,,
ENR002497,LRN00822,CRS0156,2024-07-14,2024-07-23,1,100,8.3,100.0,72.1,5,4,4.2,9.0
ENR002498,LRN00822,CRS0017,2024-06-16,2024-06-30,1,100,17.8,98.4,78.8,5,8,2.9,14.0
ENR002499,LRN00822,CRS0142,2024-08-07,2024-08-26,1,100,25.8,100.0,73.9,5,12,4.9,19.0
ENR002500,LRN00823,CRS0086,2024-08-18,2024-08-31,1,100,11.4,91.5,57.7,5,5,4.4,13.0
ENR002501,LRN00823,CRS0103,2024-06-04,,0,8,3.0,9.9,,0,1,,
ENR002502,LRN00824,CRS0200,2025-04-07,,0,27,9.9,35.0,48.5,1,3,,
ENR002503,LRN00824,CRS0169,2025-06-01,2025-07-01,1,100,22.5,89.6,64.6,5,9,4.6,30.0
ENR002504,LRN00825,CRS0074,2025-11-08,,0,48,15.0,56.6,61.8,2,11,,
ENR002505,LRN00826,CRS0169,2023-12-29,,0,0,0.0,3.6,,0,0,,
ENR002506,LRN00826,CRS0057,2024-01-01,,0,33,8.5,42.3,69.9,1,3,,
ENR002507,LRN00827,CRS0046,2024-05-28,,0,43,9.5,48.5,67.9,2,3,,
ENR002508,LRN00828,CRS0125,2024-10-10,,0,50,39.6,64.2,90.0,2,16,,
ENR002509,LRN00828,CRS0047,2024-11-11,2024-11-22,1,100,15.3,98.4,78.9,5,5,3.7,11.0
ENR002510,LRN00828,CRS0136,2024-06-26,2024-08-19,1,100,64.4,86.0,88.0,5,28,3.6,54.0
ENR002511,LRN00829,CRS0110,2025-09-25,,0,43,6.1,33.2,64.6,2,4,,
ENR002512,LRN00829,CRS0096,2025-11-07,,0,28,4.7,41.4,88.5,1,2,,
ENR002513,LRN00830,CRS0049,2024-06-02,,0,16,8.5,8.5,,0,3,,
ENR002514,LRN00830,CRS0054,2024-08-14,,0,21,5.1,19.3,80.2,1,4,,
ENR002515,LRN00830,CRS0074,2024-05-27,,0,29,18.9,36.1,81.7,1,7,,
ENR002516,LRN00830,CRS0058,2024-03-26,2024-05-19,1,100,77.8,100.0,52.4,5,27,4.7,54.0
ENR002517,LRN00830,CRS0048,2024-04-07,,0,38,19.7,46.0,66.7,1,8,,
ENR002518,LRN00831,CRS0148,2024-08-21,,0,28,1.4,42.2,50.8,1,1,,
ENR002519,LRN00832,CRS0111,2025-01-12,,0,14,4.8,21.4,,0,3,,
ENR002520,LRN00832,CRS0121,2024-09-23,,0,11,1.0,3.1,,0,0,,
ENR002521,LRN00833,CRS0039,2024-05-30,2024-09-08,1,100,59.8,99.7,37.8,5,29,4.0,101.0
ENR002522,LRN00833,CRS0021,2024-07-29,2024-08-24,1,100,20.6,91.1,67.8,5,11,3.5,26.0
ENR002523,LRN00833,CRS0111,2024-02-23,2024-05-28,1,100,66.8,85.6,30.6,5,27,3.6,95.0
ENR002524,LRN00833,CRS0014,2024-04-10,2024-05-12,1,100,20.7,100.0,67.8,5,8,4.7,32.0
ENR002525,LRN00834,CRS0103,2025-07-10,2025-11-19,1,100,56.2,89.8,81.6,5,23,4.8,132.0
ENR002526,LRN00835,CRS0106,2025-01-23,2025-02-12,1,100,28.3,93.2,39.7,5,12,4.6,20.0
ENR002527,LRN00835,CRS0095,2025-04-06,2025-06-24,1,100,82.1,97.4,58.8,5,30,4.0,79.0
ENR002528,LRN00835,CRS0096,2025-03-21,2025-04-01,1,100,16.0,100.0,55.2,5,8,4.1,11.0
ENR002529,LRN00835,CRS0101,2025-04-12,2025-04-22,1,100,10.6,100.0,67.6,5,7,4.5,10.0
ENR002530,LRN00835,CRS0147,2025-06-04,,0,7,2.1,0.0,,0,0,,
ENR002531,LRN00835,CRS0084,2025-04-28,,0,36,2.1,23.1,97.6,1,1,,
ENR002532,LRN00835,CRS0113,2025-03-23,2025-04-05,1,100,13.8,87.6,40.3,5,8,4.6,13.0
ENR002533,LRN00835,CRS0060,2025-04-01,,0,41,26.6,46.8,44.7,2,9,,
ENR002534,LRN00835,CRS0072,2025-04-11,,0,14,1.8,18.5,,0,1,,
ENR002535,LRN00835,CRS0081,2025-03-23,,0,31,12.8,33.9,86.6,1,6,,
ENR002536,LRN00836,CRS0143,2025-09-13,,0,28,1.4,24.1,85.7,1,1,,
ENR002537,LRN00836,CRS0046,2025-09-29,,0,22,3.2,31.2,64.1,1,1,,
ENR002538,LRN00836,CRS0133,2025-09-28,2025-10-09,1,100,8.1,100.0,42.2,5,4,4.3,11.0
ENR002539,LRN00836,CRS0184,2026-02-15,,0,58,36.8,57.4,88.4,2,14,,
ENR002540,LRN00836,CRS0136,2025-12-02,2026-03-05,1,100,64.2,95.0,54.9,5,28,4.8,93.0
ENR002541,LRN00836,CRS0021,2025-09-15,,0,3,0.6,0.0,,0,0,,
ENR002542,LRN00836,CRS0144,2026-03-06,,0,24,11.9,13.9,44.4,1,7,,
ENR002543,LRN00836,CRS0153,2025-12-21,2026-03-17,1,100,85.2,95.7,84.4,5,28,3.6,86.0
ENR002544,LRN00836,CRS0141,2026-02-05,,0,33,13.4,37.0,61.7,1,10,,
ENR002545,LRN00836,CRS0040,2026-01-14,2026-03-15,1,100,45.7,85.2,82.3,5,19,4.2,60.0
ENR002546,LRN00837,CRS0154,2025-09-17,,0,66,4.5,79.4,65.9,3,3,,
ENR002547,LRN00837,CRS0127,2025-10-06,,0,20,6.7,8.3,,0,3,,
ENR002548,LRN00837,CRS0146,2025-10-18,2025-11-23,1,100,10.9,95.9,45.0,5,4,3.6,36.0
ENR002549,LRN00837,CRS0121,2025-07-05,,0,13,1.0,26.2,,0,1,,
ENR002550,LRN00838,CRS0155,2023-12-26,2024-02-25,1,100,64.6,89.0,72.2,5,24,4.5,61.0
ENR002551,LRN00838,CRS0138,2024-03-03,2024-05-11,1,100,69.2,100.0,66.7,5,30,3.6,69.0
ENR002552,LRN00838,CRS0156,2023-12-04,2023-12-11,1,100,8.2,87.9,64.1,5,4,3.2,7.0
ENR002553,LRN00838,CRS0134,2023-11-16,2023-11-26,1,100,13.7,94.0,64.2,5,6,3.5,10.0
ENR002554,LRN00839,CRS0051,2025-10-31,,0,15,7.6,16.2,,0,4,,
ENR002555,LRN00839,CRS0005,2025-05-28,,0,44,22.7,39.8,42.9,2,10,,
ENR002556,LRN00839,CRS0087,2025-11-07,,0,26,4.0,30.2,43.9,1,3,,
ENR002557,LRN00840,CRS0006,2024-05-29,,0,55,2.3,64.3,68.7,2,1,,
ENR002558,LRN00841,CRS0059,2024-11-19,2025-01-17,1,100,13.6,100.0,69.3,5,9,4.3,59.0
ENR002559,LRN00841,CRS0127,2025-03-24,,0,30,8.2,22.3,68.5,1,4,,
ENR002560,LRN00842,CRS0042,2025-07-29,,0,12,6.6,12.3,,0,3,,
ENR002561,LRN00842,CRS0075,2025-09-08,,0,6,2.7,3.8,,0,1,,
ENR002562,LRN00842,CRS0061,2025-09-13,,0,39,26.2,29.9,48.0,1,10,,
ENR002563,LRN00843,CRS0077,2025-06-03,,0,30,10.5,36.2,56.3,1,6,,
ENR002564,LRN00843,CRS0130,2025-04-10,2025-05-29,1,100,19.4,100.0,61.4,5,11,4.6,49.0
ENR002565,LRN00843,CRS0055,2025-09-10,,0,9,5.0,3.8,,0,1,,
ENR002566,LRN00843,CRS0062,2025-05-25,,0,15,1.4,26.2,,0,1,,
ENR002567,LRN00843,CRS0122,2025-04-23,2026-01-13,1,100,69.3,98.0,74.4,5,33,4.9,265.0
ENR002568,LRN00844,CRS0026,2024-05-11,,0,44,5.3,35.2,73.7,2,4,,
ENR002569,LRN00845,CRS0143,2025-12-18,,0,64,3.8,70.6,82.3,3,2,,
ENR002570,LRN00845,CRS0156,2025-08-18,,0,17,1.4,3.7,,0,0,,
ENR002571,LRN00845,CRS0136,2025-12-28,2026-02-19,1,100,59.1,100.0,86.7,5,28,3.7,53.0
ENR002572,LRN00845,CRS0138,2025-09-29,2025-11-30,1,100,60.9,100.0,71.3,5,30,4.3,62.0
ENR002573,LRN00845,CRS0130,2026-01-27,,0,32,3.2,21.0,55.0,1,3,,
ENR002574,LRN00846,CRS0105,2024-07-01,,0,28,2.2,17.4,75.3,1,1,,
ENR002575,LRN00847,CRS0128,2024-05-09,,0,30,8.7,44.0,68.9,1,5,,
ENR002576,LRN00847,CRS0123,2024-02-06,,0,40,14.7,32.9,78.8,2,9,,
ENR002577,LRN00848,CRS0048,2025-09-29,,0,29,11.2,26.7,82.5,1,6,,
ENR002578,LRN00849,CRS0179,2024-12-24,,0,28,3.6,34.0,53.1,1,2,,
ENR002579,LRN00849,CRS0077,2024-12-30,2025-03-20,1,100,62.7,100.0,57.4,5,21,4.5,80.0
ENR002580,LRN00850,CRS0183,2024-08-17,,0,36,12.6,31.3,65.4,1,8,,
ENR002581,LRN00850,CRS0010,2024-03-26,,0,36,1.9,34.7,31.3,1,2,,
ENR002582,LRN00851,CRS0193,2025-08-27,2026-03-23,1,100,53.3,100.0,64.0,5,22,4.6,208.0
ENR002583,LRN00852,CRS0063,2024-04-22,,0,6,0.5,17.6,,0,0,,
ENR002584,LRN00852,CRS0094,2024-05-14,2024-11-20,1,100,94.7,91.7,73.3,5,31,4.4,190.0
ENR002585,LRN00852,CRS0009,2024-04-05,,0,10,3.9,0.0,,0,2,,
ENR002586,LRN00852,CRS0011,2024-02-17,,0,24,5.3,12.6,51.1,1,3,,
ENR002587,LRN00852,CRS0018,2024-04-10,2024-05-07,1,100,11.6,92.5,79.3,5,6,3.6,27.0
ENR002588,LRN00852,CRS0007,2024-04-01,2024-04-30,1,100,17.8,100.0,79.5,5,9,3.8,29.0
ENR002589,LRN00852,CRS0027,2024-03-26,,0,13,4.2,19.1,,0,1,,
ENR002590,LRN00852,CRS0002,2024-02-17,,0,26,10.1,34.4,88.5,1,3,,
ENR002591,LRN00853,CRS0158,2024-04-18,,0,56,4.4,71.0,20.6,2,3,,
ENR002592,LRN00854,CRS0092,2025-01-18,,0,12,3.4,8.3,,0,2,,
ENR002593,LRN00855,CRS0185,2025-05-22,2025-06-17,1,100,32.5,90.8,60.9,5,13,4.5,26.0
ENR002594,LRN00855,CRS0107,2025-08-17,,0,34,9.9,31.3,71.0,1,5,,
ENR002595,LRN00855,CRS0091,2025-04-19,2025-04-29,1,100,13.3,100.0,63.3,5,4,3.4,10.0
ENR002596,LRN00855,CRS0095,2025-10-09,,0,46,32.9,60.5,63.3,2,13,,
ENR002597,LRN00855,CRS0103,2025-09-23,2025-11-07,1,100,45.9,94.9,70.9,5,23,4.2,45.0
ENR002598,LRN00855,CRS0105,2025-06-22,2025-06-30,1,100,9.1,100.0,71.2,5,4,4.5,8.0
ENR002599,LRN00856,CRS0018,2024-07-01,2024-07-12,1,100,10.9,99.2,85.4,5,6,4.1,11.0
ENR002600,LRN00857,CRS0060,2025-10-14,,0,25,7.7,27.6,80.8,1,6,,
ENR002601,LRN00857,CRS0032,2025-11-20,,0,9,1.6,23.8,,0,0,,
ENR002602,LRN00857,CRS0048,2026-01-15,,0,37,16.6,40.1,82.8,1,8,,
ENR002603,LRN00857,CRS0077,2026-01-13,,0,4,1.8,11.6,,0,0,,
ENR002604,LRN00857,CRS0062,2025-12-16,,0,48,4.0,54.8,75.7,2,3,,
ENR002605,LRN00857,CRS0064,2026-01-16,2026-04-01,1,100,67.2,92.7,74.2,5,23,4.7,75.0
ENR002606,LRN00857,CRS0061,2025-12-02,,0,43,25.8,56.1,62.3,2,11,,
ENR002607,LRN00858,CRS0001,2025-01-28,,0,11,0.8,14.5,,0,0,,
ENR002608,LRN00858,CRS0040,2024-11-01,,0,15,6.0,25.2,,0,2,,
ENR002609,LRN00859,CRS0185,2025-04-07,,0,33,9.9,33.6,65.5,1,4,,
ENR002610,LRN00859,CRS0168,2025-04-14,,0,42,3.9,27.6,60.2,2,3,,
ENR002611,LRN00859,CRS0183,2025-04-10,,0,27,9.1,32.9,59.6,1,6,,
ENR002612,LRN00859,CRS0188,2025-03-23,,0,16,3.5,5.5,,0,2,,
ENR002613,LRN00859,CRS0200,2025-03-04,,0,53,10.6,45.1,40.0,2,7,,
ENR002614,LRN00859,CRS0106,2025-02-19,,0,19,4.2,32.5,,0,2,,
ENR002615,LRN00859,CRS0197,2025-03-04,,0,41,12.8,52.7,62.5,2,8,,
ENR002616,LRN00859,CRS0170,2025-06-02,,0,17,0.8,28.2,,0,0,,
ENR002617,LRN00859,CRS0166,2025-05-13,,0,13,1.1,10.3,,0,0,,
ENR002618,LRN00859,CRS0186,2025-03-30,,0,16,4.4,21.2,,0,2,,
ENR002619,LRN00859,CRS0176,2025-06-26,,0,19,0.9,5.6,,0,1,,
ENR002620,LRN00859,CRS0174,2025-06-29,,0,28,15.1,26.9,82.4,1,9,,
ENR002621,LRN00859,CRS0180,2025-04-25,,0,21,9.0,19.8,78.3,1,5,,
ENR002622,LRN00859,CRS0175,2025-06-09,,0,9,0.9,8.5,,0,0,,
ENR002623,LRN00859,CRS0187,2025-03-21,,0,7,3.4,13.5,,0,2,,
ENR002624,LRN00860,CRS0188,2024-12-07,,0,40,9.0,38.1,66.4,2,5,,
ENR002625,LRN00860,CRS0004,2024-09-02,2024-10-26,1,100,67.7,90.3,93.2,5,28,4.4,54.0
ENR002626,LRN00860,CRS0139,2024-11-06,,0,6,1.7,14.9,,0,1,,
ENR002627,LRN00860,CRS0174,2025-01-20,,0,36,17.7,39.3,49.2,1,12,,
ENR002628,LRN00861,CRS0067,2024-10-05,,0,6,1.8,17.4,,0,0,,
ENR002629,LRN00862,CRS0191,2024-08-29,,0,12,1.6,0.0,,0,0,,
ENR002630,LRN00862,CRS0184,2024-06-08,,0,56,18.7,53.8,70.5,2,14,,
ENR002631,LRN00863,CRS0039,2025-05-22,2025-07-23,1,100,76.0,100.0,63.7,5,29,4.5,62.0
ENR002632,LRN00863,CRS0026,2025-05-05,2025-05-26,1,100,17.3,100.0,80.4,5,10,4.6,21.0
ENR002633,LRN00864,CRS0168,2025-05-05,,0,25,1.9,33.0,57.8,1,1,,
ENR002634,LRN00864,CRS0192,2025-05-02,,0,26,13.2,39.7,53.3,1,7,,
ENR002635,LRN00864,CRS0173,2025-05-30,,0,12,3.4,21.2,,0,3,,
ENR002636,LRN00865,CRS0200,2025-09-12,2026-01-05,1,100,38.2,90.1,57.2,5,14,3.9,115.0
ENR002637,LRN00865,CRS0189,2026-02-03,,0,29,12.0,27.3,67.5,1,9,,
ENR002638,LRN00865,CRS0186,2025-10-28,,0,47,14.1,57.7,48.7,2,7,,
ENR002639,LRN00865,CRS0165,2026-01-21,,0,26,19.4,38.0,55.8,1,8,,
ENR002640,LRN00865,CRS0097,2025-11-26,,0,28,1.9,34.0,52.6,1,1,,
ENR002641,LRN00865,CRS0177,2026-01-16,,0,31,2.9,30.5,66.7,1,1,,
ENR002642,LRN00865,CRS0008,2025-10-10,,0,47,1.9,35.6,60.5,2,2,,
ENR002643,LRN00865,CRS0025,2025-10-19,,0,20,3.3,20.1,,0,1,,
ENR002644,LRN00865,CRS0166,2025-10-08,2025-11-11,1,100,10.8,94.7,85.0,5,4,4.3,34.0
ENR002645,LRN00865,CRS0051,2025-11-05,,0,26,18.8,38.1,47.3,1,7,,
ENR002646,LRN00865,CRS0183,2025-10-30,,0,17,4.0,20.6,,0,3,,
ENR002647,LRN00865,CRS0163,2025-12-23,,0,34,2.5,25.2,63.7,1,2,,
ENR002648,LRN00865,CRS0027,2025-10-23,,0,52,11.0,59.8,83.3,2,7,,
ENR002649,LRN00865,CRS0172,2026-02-15,,0,33,1.2,46.8,32.0,1,1,,
ENR002650,LRN00865,CRS0161,2026-01-28,,0,30,21.5,17.6,60.7,1,9,,
ENR002651,LRN00866,CRS0042,2025-03-11,2025-05-31,1,100,77.3,100.0,53.4,5,30,4.2,81.0
ENR002652,LRN00867,CRS0110,2025-07-02,,0,14,2.1,24.3,,0,1,,
ENR002653,LRN00867,CRS0033,2025-06-17,,0,25,12.2,24.5,61.4,1,8,,
ENR002654,LRN00867,CRS0034,2025-03-16,,0,22,9.7,22.8,59.6,1,6,,
ENR002655,LRN00868,CRS0178,2024-12-19,2025-01-28,1,100,25.5,87.3,61.4,5,11,4.1,40.0
ENR002656,LRN00869,CRS0193,2024-09-04,,0,17,10.3,29.3,,0,3,,
ENR002657,LRN00870,CRS0087,2024-07-11,,0,38,6.7,25.3,62.4,1,5,,
ENR002658,LRN00870,CRS0189,2024-08-06,2024-12-19,1,100,80.1,100.0,91.7,5,34,4.0,135.0
ENR002659,LRN00871,CRS0059,2024-03-05,,0,23,3.9,26.0,78.1,1,2,,
ENR002660,LRN00871,CRS0069,2024-05-21,,0,55,2.2,46.0,75.7,2,3,,
ENR002661,LRN00872,CRS0014,2024-06-22,,0,28,3.3,40.8,45.1,1,2,,
ENR002662,LRN00873,CRS0154,2024-08-04,,0,27,3.0,38.1,65.4,1,1,,
ENR002663,LRN00873,CRS0045,2024-09-07,,0,67,9.5,53.4,88.0,3,4,,
ENR002664,LRN00873,CRS0123,2024-06-08,,0,17,7.2,5.4,,0,4,,
ENR002665,LRN00873,CRS0128,2024-11-14,,0,62,13.8,69.5,77.9,3,11,,
ENR002666,LRN00873,CRS0148,2024-06-07,,0,34,1.8,35.7,85.9,1,1,,
ENR002667,LRN00873,CRS0138,2024-09-07,2024-12-04,1,100,70.4,91.7,69.9,5,30,4.4,88.0
ENR002668,LRN00873,CRS0146,2024-09-24,,0,44,2.3,52.6,48.0,2,1,,
ENR002669,LRN00873,CRS0129,2024-08-06,2024-09-02,1,100,20.5,100.0,86.2,5,8,4.3,27.0
ENR002670,LRN00874,CRS0161,2024-09-19,,0,11,6.9,14.1,,0,3,,
ENR002671,LRN00874,CRS0181,2024-12-11,,0,46,18.9,43.1,72.9,2,9,,
ENR002672,LRN00874,CRS0187,2024-09-03,,0,49,34.4,48.8,70.0,2,14,,
ENR002673,LRN00874,CRS0025,2024-10-16,2024-11-05,1,100,17.8,91.7,72.1,5,5,3.8,20.0
ENR002674,LRN00875,CRS0069,2024-01-29,2024-02-03,1,100,7.5,100.0,74.8,5,5,4.6,5.0
ENR002675,LRN00876,CRS0103,2025-05-12,,0,10,4.9,10.6,,0,2,,
ENR002676,LRN00877,CRS0085,2025-01-08,,0,26,6.3,36.1,50.6,1,3,,
ENR002677,LRN00877,CRS0116,2025-02-23,,0,34,16.0,20.8,74.1,1,11,,
ENR002678,LRN00877,CRS0128,2025-01-01,,0,45,13.8,44.7,60.3,2,8,,
ENR002679,LRN00878,CRS0003,2025-03-24,2025-04-13,1,100,12.0,100.0,83.5,5,4,4.0,20.0
ENR002680,LRN00878,CRS0022,2025-03-20,,0,34,16.2,48.2,90.5,1,9,,
ENR002681,LRN00878,CRS0105,2025-04-21,,0,52,4.3,55.2,39.0,2,2,,
ENR002682,LRN00879,CRS0179,2025-05-20,,0,35,7.3,36.6,62.5,1,3,,
ENR002683,LRN00880,CRS0008,2025-06-16,,0,38,2.1,34.3,54.7,1,2,,
ENR002684,LRN00880,CRS0018,2025-05-22,2025-06-15,1,100,12.4,98.3,45.1,5,6,3.8,24.0
ENR002685,LRN00880,CRS0063,2025-09-10,2025-09-26,1,100,9.6,100.0,79.6,5,7,4.6,16.0
ENR002686,LRN00880,CRS0038,2025-07-30,,0,32,22.1,19.5,67.8,1,7,,
ENR002687,LRN00881,CRS0051,2025-09-28,2025-11-19,1,100,60.9,91.3,82.6,5,28,4.3,52.0
ENR002688,LRN00881,CRS0048,2025-09-24,,0,40,23.9,43.4,62.2,2,9,,
ENR002689,LRN00882,CRS0061,2024-08-24,,0,22,7.9,30.7,23.1,1,5,,
ENR002690,LRN00882,CRS0086,2024-11-27,,0,36,3.6,22.4,89.4,1,2,,
ENR002691,LRN00882,CRS0078,2024-09-27,,0,29,18.6,33.2,35.0,1,9,,
ENR002692,LRN00883,CRS0194,2025-08-03,,0,15,11.8,5.2,,0,4,,
ENR002693,LRN00883,CRS0177,2025-05-11,,0,2,0.3,10.7,,0,0,,
ENR002694,LRN00884,CRS0127,2025-03-26,,0,12,1.9,0.6,,0,1,,
ENR002695,LRN00885,CRS0129,2024-06-12,,0,2,0.3,3.6,,0,0,,
ENR002696,LRN00885,CRS0153,2024-04-14,2025-01-06,1,100,65.0,98.4,83.1,5,28,4.7,267.0
ENR002697,LRN00885,CRS0160,2024-05-23,,0,62,28.9,59.9,43.5,3,14,,
ENR002698,LRN00886,CRS0175,2025-02-01,,0,24,1.9,30.4,45.6,1,0,,
ENR002699,LRN00886,CRS0074,2025-03-06,2025-04-21,1,100,71.6,100.0,45.9,5,24,4.3,46.0
ENR002700,LRN00886,CRS0171,2025-03-05,2025-03-23,1,100,27.1,100.0,72.9,5,11,4.7,18.0
ENR002701,LRN00886,CRS0179,2025-02-03,,0,20,2.5,23.1,,0,2,,
ENR002702,LRN00886,CRS0166,2025-02-04,2025-02-14,1,100,13.8,100.0,39.0,5,4,3.2,10.0
ENR002703,LRN00886,CRS0092,2024-11-24,,0,33,12.9,43.6,63.5,1,5,,
ENR002704,LRN00886,CRS0167,2025-03-25,,0,30,1.7,39.7,45.0,1,1,,
ENR002705,LRN00886,CRS0049,2024-11-21,2025-01-04,1,100,59.5,100.0,72.9,5,23,4.7,44.0
ENR002706,LRN00886,CRS0187,2025-01-27,2025-03-28,1,100,90.8,97.2,50.5,5,29,4.2,60.0
ENR002707,LRN00886,CRS0170,2025-02-24,2025-03-01,1,100,5.0,100.0,56.5,5,3,3.7,5.0
ENR002708,LRN00886,CRS0200,2025-02-11,,0,35,10.9,29.7,31.6,1,5,,
ENR002709,LRN00886,CRS0040,2025-02-15,,0,21,7.3,33.4,73.8,1,4,,
ENR002710,LRN00886,CRS0010,2024-11-27,,0,34,2.7,48.9,58.8,1,2,,
ENR002711,LRN00886,CRS0161,2024-12-24,2025-02-13,1,100,72.9,85.2,71.5,5,30,3.7,51.0
ENR002712,LRN00886,CRS0003,2025-02-12,,0,23,1.2,22.2,60.1,1,0,,
ENR002713,LRN00887,CRS0141,2025-01-06,,0,34,13.9,45.0,74.8,1,10,,
ENR002714,LRN00887,CRS0128,2024-10-12,,0,26,7.6,32.0,61.6,1,4,,
ENR002715,LRN00888,CRS0075,2024-05-28,,0,29,20.2,23.7,46.7,1,8,,
ENR002716,LRN00889,CRS0088,2025-09-15,,0,62,7.1,63.4,61.7,3,4,,
ENR002717,LRN00890,CRS0078,2025-12-06,,0,23,12.3,29.2,45.2,1,7,,
ENR002718,LRN00890,CRS0174,2025-09-18,,0,26,13.8,36.5,71.8,1,8,,
ENR002719,LRN00890,CRS0041,2026-01-08,,0,21,6.4,13.5,42.6,1,2,,
ENR002720,LRN00890,CRS0064,2025-12-30,2026-03-21,1,100,71.1,86.2,84.7,5,23,4.9,81.0
ENR002721,LRN00890,CRS0058,2025-11-17,,0,14,6.5,12.4,,0,3,,
ENR002722,LRN00890,CRS0053,2025-09-24,2025-10-08,1,100,10.4,100.0,51.4,5,4,4.9,14.0
ENR002723,LRN00890,CRS0195,2025-11-07,,0,15,7.4,17.1,,0,3,,
ENR002724,LRN00891,CRS0194,2024-05-12,,0,47,22.9,43.4,80.5,2,15,,
ENR002725,LRN00892,CRS0065,2024-11-15,,0,9,2.0,4.8,,0,1,,
ENR002726,LRN00892,CRS0051,2024-10-31,,0,46,32.9,53.3,93.8,2,13,,
ENR002727,LRN00892,CRS0048,2024-08-17,,0,64,23.1,72.7,85.5,3,14,,
ENR002728,LRN00892,CRS0042,2024-11-24,,0,78,47.0,69.7,71.3,3,23,,
ENR002729,LRN00892,CRS0055,2024-12-13,2025-03-12,1,100,62.7,100.0,49.1,5,21,3.7,89.0
ENR002730,LRN00892,CRS0109,2024-12-26,,0,20,4.9,15.1,,0,2,,
ENR002731,LRN00893,CRS0160,2025-03-27,,0,11,6.9,24.7,,0,2,,
ENR002732,LRN00893,CRS0087,2025-08-04,,0,2,0.5,1.2,,0,0,,
ENR002733,LRN00893,CRS0139,2025-07-28,,0,37,14.2,30.6,69.7,1,6,,
ENR002734,LRN00893,CRS0118,2025-04-07,,0,27,18.3,31.7,65.3,1,7,,
ENR002735,LRN00894,CRS0149,2024-06-06,,0,64,3.0,77.5,83.8,3,2,,
ENR002736,LRN00894,CRS0153,2024-03-01,,0,25,16.2,11.3,36.8,1,7,,
ENR002737,LRN00895,CRS0019,2024-10-30,,0,20,10.0,12.4,,0,4,,
ENR002738,LRN00895,CRS0160,2024-07-15,,0,30,10.1,34.3,73.2,1,7,,
ENR002739,LRN00896,CRS0059,2024-05-23,2024-06-13,1,100,14.1,100.0,65.5,5,9,3.9,21.0
ENR002740,LRN00897,CRS0152,2025-10-10,2025-10-19,1,100,14.4,95.6,29.3,5,5,3.6,9.0
ENR002741,LRN00898,CRS0170,2024-10-05,,0,16,0.7,26.8,,0,0,,
ENR002742,LRN00899,CRS0017,2025-08-02,,0,36,4.2,32.9,47.6,1,3,,
ENR002743,LRN00899,CRS0042,2025-07-11,,0,52,37.9,39.7,78.4,2,15,,
ENR002744,LRN00899,CRS0089,2025-09-16,,0,41,13.9,36.3,79.1,2,5,,
ENR002745,LRN00899,CRS0164,2025-10-19,,0,23,6.7,15.4,61.0,1,3,,
ENR002746,LRN00900,CRS0071,2025-06-05,,0,13,0.4,22.0,,0,0,,
ENR002747,LRN00900,CRS0114,2025-04-08,,0,27,7.7,18.3,85.6,1,4,,
ENR002748,LRN00901,CRS0171,2024-02-29,,0,16,2.0,23.9,,0,1,,
ENR002749,LRN00901,CRS0006,2024-06-19,,0,30,1.2,38.1,53.2,1,0,,
ENR002750,LRN00901,CRS0164,2024-06-21,,0,14,4.3,12.0,,0,1,,
ENR002751,LRN00901,CRS0196,2024-01-26,,0,33,7.3,21.7,86.1,1,4,,
ENR002752,LRN00902,CRS0119,2024-07-30,2024-08-16,1,100,17.4,94.9,56.0,5,6,3.8,17.0
ENR002753,LRN00902,CRS0137,2024-07-03,2024-10-22,1,100,88.6,90.4,49.5,5,32,3.8,111.0
ENR002754,LRN00903,CRS0192,2024-05-19,2024-08-06,1,100,65.9,100.0,65.5,5,30,2.5,79.0
ENR002755,LRN00903,CRS0169,2024-05-11,,0,5,1.0,4.0,,0,0,,
ENR002756,LRN00903,CRS0189,2024-05-17,,0,27,13.7,32.1,29.8,1,9,,
ENR002757,LRN00903,CRS0195,2024-04-09,,0,21,11.8,23.4,73.8,1,4,,
ENR002758,LRN00903,CRS0186,2024-06-28,,0,22,7.7,28.6,75.7,1,3,,
ENR002759,LRN00903,CRS0167,2024-06-07,,0,21,0.7,11.8,61.3,1,1,,
ENR002760,LRN00903,CRS0196,2024-08-21,,0,29,6.4,29.0,67.7,1,3,,
ENR002761,LRN00904,CRS0156,2024-03-12,,0,9,0.7,16.6,,0,0,,
ENR002762,LRN00904,CRS0141,2024-03-10,,0,33,25.0,24.0,37.8,1,10,,
ENR002763,LRN00905,CRS0168,2025-07-18,,0,12,1.5,0.0,,0,0,,
ENR002764,LRN00905,CRS0173,2025-09-02,,0,30,19.4,16.8,32.0,1,7,,
ENR002765,LRN00906,CRS0045,2025-05-02,2025-05-30,1,100,13.4,100.0,75.6,5,6,2.4,28.0
ENR002766,LRN00907,CRS0112,2024-04-29,,0,49,2.9,41.2,77.6,2,2,,
ENR002767,LRN00907,CRS0195,2024-03-19,2024-05-06,1,100,64.0,100.0,49.8,5,21,4.5,48.0
ENR002768,LRN00908,CRS0011,2025-11-14,2025-12-16,1,100,32.4,88.5,32.3,5,12,3.3,32.0
ENR002769,LRN00908,CRS0040,2026-03-03,2026-04-10,1,100,37.6,100.0,58.6,5,19,4.8,38.0
ENR002770,LRN00909,CRS0015,2024-08-10,,0,32,7.1,37.7,79.6,1,3,,
ENR002771,LRN00909,CRS0183,2024-08-27,,0,19,9.3,8.0,,0,4,,
ENR002772,LRN00909,CRS0038,2024-08-12,,0,30,17.0,29.4,67.4,1,7,,
ENR002773,LRN00909,CRS0066,2025-01-14,,0,38,2.7,28.5,69.5,1,2,,
ENR002774,LRN00909,CRS0166,2024-07-20,,0,13,1.7,19.5,,0,0,,
ENR002775,LRN00909,CRS0010,2024-10-02,,0,26,1.6,30.2,37.3,1,1,,
ENR002776,LRN00909,CRS0027,2025-01-11,,0,47,9.2,53.5,91.1,2,6,,
ENR002777,LRN00909,CRS0031,2025-01-06,,0,39,17.7,50.9,44.4,1,12,,
ENR002778,LRN00909,CRS0005,2024-10-07,,0,27,9.5,35.2,90.9,1,6,,
ENR002779,LRN00909,CRS0022,2024-12-16,,0,11,8.2,0.0,,0,2,,
ENR002780,LRN00909,CRS0014,2024-07-20,,0,17,2.8,26.5,,0,1,,
ENR002781,LRN00909,CRS0011,2024-09-01,,0,14,4.0,9.9,,0,1,,
ENR002782,LRN00909,CRS0193,2024-11-22,,0,36,17.0,46.5,85.9,1,8,,
ENR002783,LRN00909,CRS0030,2024-12-24,,0,16,9.7,8.6,,0,5,,
ENR002784,LRN00909,CRS0026,2024-12-23,,0,47,8.8,48.4,54.4,2,4,,
ENR002785,LRN00910,CRS0012,2025-02-26,,0,47,6.9,36.8,47.8,2,3,,
ENR002786,LRN00910,CRS0038,2025-03-22,,0,40,23.9,32.1,45.6,2,9,,
ENR002787,LRN00910,CRS0030,2024-11-20,,0,4,1.6,0.0,,0,1,,
ENR002788,LRN00910,CRS0015,2024-12-19,,0,17,5.0,29.3,,0,2,,
ENR002789,LRN00910,CRS0016,2025-01-17,,0,31,6.1,44.4,89.9,1,5,,
ENR002790,LRN00910,CRS0039,2024-12-08,,0,22,12.2,15.6,52.4,1,6,,
ENR002791,LRN00910,CRS0172,2025-01-09,,0,19,0.9,9.9,,0,0,,
ENR002792,LRN00910,CRS0017,2024-12-12,2024-12-21,1,100,13.4,90.3,63.3,5,8,4.4,9.0
ENR002793,LRN00910,CRS0021,2025-01-20,2025-02-07,1,100,25.4,99.0,59.1,5,11,4.1,18.0
ENR002794,LRN00910,CRS0025,2024-10-14,2024-10-24,1,100,14.6,100.0,29.6,5,5,4.7,10.0
ENR002795,LRN00910,CRS0126,2024-10-31,2024-11-10,1,100,14.6,94.2,40.7,5,7,4.2,10.0
ENR002796,LRN00910,CRS0034,2024-11-01,,0,43,30.9,32.3,59.6,2,12,,
ENR002797,LRN00910,CRS0040,2024-12-18,,0,4,1.0,0.0,,0,0,,
ENR002798,LRN00910,CRS0031,2025-01-25,,0,53,32.2,47.8,48.4,2,16,,
ENR002799,LRN00910,CRS0005,2025-03-07,,0,63,25.9,55.0,64.8,3,15,,
ENR002800,LRN00911,CRS0026,2024-06-17,2024-08-12,1,100,21.6,92.3,87.0,5,10,3.5,56.0
ENR002801,LRN00912,CRS0059,2025-08-11,,0,9,1.0,19.0,,0,0,,
ENR002802,LRN00912,CRS0189,2025-07-21,,0,8,5.8,0.0,,0,2,,
ENR002803,LRN00913,CRS0135,2023-12-14,,0,22,2.3,17.6,82.4,1,1,,
ENR002804,LRN00913,CRS0120,2024-03-14,2024-03-24,1,100,5.6,88.2,44.1,5,3,3.2,10.0
ENR002805,LRN00913,CRS0158,2024-05-22,,0,24,2.9,20.8,37.9,1,1,,
ENR002806,LRN00913,CRS0027,2024-02-26,,0,20,7.6,24.6,,0,2,,
ENR002807,LRN00913,CRS0175,2024-03-23,,0,29,2.9,36.9,54.9,1,1,,
ENR002808,LRN00913,CRS0005,2024-04-29,,0,4,1.1,15.4,,0,0,,
ENR002809,LRN00914,CRS0168,2024-03-16,,0,48,6.6,47.0,75.2,2,3,,
ENR002810,LRN00915,CRS0191,2024-03-21,,0,2,0.2,9.5,,0,0,,
ENR002811,LRN00915,CRS0184,2023-11-28,,0,53,33.1,38.2,91.7,2,13,,
ENR002812,LRN00915,CRS0167,2024-04-20,,0,32,1.9,43.5,68.8,1,1,,
ENR002813,LRN00916,CRS0024,2025-11-28,,0,6,1.6,18.3,,0,0,,
ENR002814,LRN00916,CRS0011,2025-10-10,,0,6,1.9,0.0,,0,0,,
ENR002815,LRN00917,CRS0114,2025-03-18,,0,40,19.4,33.2,45.2,2,7,,
ENR002816,LRN00918,CRS0144,2024-08-27,,0,11,9.1,23.1,,0,3,,
ENR002817,LRN00918,CRS0181,2024-06-16,,0,25,13.0,22.6,74.9,1,5,,
ENR002818,LRN00919,CRS0023,2025-06-07,,0,25,13.0,13.0,66.0,1,5,,
ENR002819,LRN00919,CRS0083,2025-03-01,,0,42,19.5,45.0,41.9,2,9,,
ENR002820,LRN00919,CRS0180,2025-05-21,,0,52,22.4,55.1,91.1,2,13,,
ENR002821,LRN00919,CRS0012,2025-04-11,,0,21,1.9,17.1,70.2,1,1,,
ENR002822,LRN00919,CRS0098,2024-12-31,,0,53,5.9,43.1,69.9,2,5,,
ENR002823,LRN00919,CRS0128,2025-05-10,,0,31,7.3,40.0,60.6,1,5,,
ENR002824,LRN00919,CRS0137,2025-04-16,2026-08-24,1,100,68.9,100.0,79.1,5,32,4.1,495.0
ENR002825,LRN00919,CRS0026,2025-04-04,,0,35,5.5,22.1,65.3,1,3,,
ENR002826,LRN00919,CRS0077,2025-01-06,,0,65,26.5,67.3,50.2,3,14,,
ENR002827,LRN00919,CRS0093,2025-04-18,,0,23,7.9,34.9,45.0,1,3,,
ENR002828,LRN00919,CRS0022,2025-02-18,,0,24,9.8,34.9,60.4,1,6,,
ENR002829,LRN00919,CRS0070,2025-02-16,,0,27,3.1,15.4,81.4,1,1,,
ENR002830,LRN00919,CRS0005,2025-06-05,,0,52,14.7,41.3,59.9,2,12,,
ENR002831,LRN00919,CRS0069,2025-06-10,,0,32,2.3,38.7,64.1,1,1,,
ENR002832,LRN00919,CRS0039,2025-02-26,2026-06-15,1,100,76.9,100.0,64.6,5,29,3.8,474.0
ENR002833,LRN00920,CRS0176,2025-04-16,,0,31,1.0,17.9,74.0,1,1,,
ENR002834,LRN00920,CRS0172,2025-05-31,2025-06-11,1,100,7.6,95.9,86.1,5,4,4.1,11.0
ENR002835,LRN00920,CRS0182,2025-03-10,,0,17,1.0,21.4,,0,0,,
ENR002836,LRN00920,CRS0198,2025-07-08,,0,24,3.1,33.2,81.5,1,3,,
ENR002837,LRN00921,CRS0176,2024-08-09,,0,63,1.9,56.9,25.5,3,3,,
ENR002838,LRN00921,CRS0010,2024-08-15,2024-09-23,1,100,10.9,100.0,74.7,5,6,3.6,39.0
ENR002839,LRN00922,CRS0095,2024-07-01,,0,21,18.3,19.2,32.4,1,6,,
ENR002840,LRN00922,CRS0008,2024-06-06,,0,33,1.7,44.6,70.7,1,1,,
ENR002841,LRN00922,CRS0065,2024-08-15,,0,9,2.0,8.2,,0,1,,
ENR002842,LRN00922,CRS0040,2024-09-24,,0,38,12.3,23.9,59.7,1,7,,
ENR002843,LRN00922,CRS0035,2024-08-25,,0,33,3.8,24.2,48.2,1,1,,
ENR002844,LRN00922,CRS0017,2024-09-07,2024-10-13,1,100,17.9,97.9,25.1,5,8,3.9,36.0
ENR002845,LRN00922,CRS0005,2024-07-13,2024-10-25,1,100,52.1,88.4,39.2,5,24,2.8,104.0
ENR002846,LRN00922,CRS0022,2024-07-12,,0,37,19.5,44.4,59.0,1,10,,
ENR002847,LRN00922,CRS0116,2024-06-29,,0,25,17.4,12.0,49.5,1,8,,
ENR002848,LRN00922,CRS0002,2024-07-20,,0,23,8.2,11.8,71.0,1,3,,
ENR002849,LRN00923,CRS0023,2025-03-14,,0,46,15.3,36.4,73.1,2,9,,
ENR002850,LRN00923,CRS0009,2024-12-03,,0,6,1.7,6.3,,0,1,,
ENR002851,LRN00924,CRS0187,2025-01-25,,0,33,13.1,33.7,39.5,1,9,,
ENR002852,LRN00924,CRS0031,2025-04-04,,0,70,43.4,81.5,58.1,3,21,,
ENR002853,LRN00925,CRS0137,2025-05-27,,0,47,31.5,47.5,76.7,2,15,,
ENR002854,LRN00926,CRS0118,2026-01-24,,0,48,20.8,47.5,42.4,2,13,,
ENR002855,LRN00926,CRS0106,2026-02-28,,0,22,4.5,8.3,58.5,1,2,,
ENR002856,LRN00926,CRS0151,2025-12-10,,0,22,11.4,28.0,93.9,1,7,,
ENR002857,LRN00926,CRS0111,2025-12-18,,0,28,10.8,28.1,48.5,1,7,,
ENR002858,LRN00926,CRS0105,2025-11-13,,0,47,3.6,42.8,66.7,2,1,,
ENR002859,LRN00926,CRS0191,2026-02-15,,0,11,1.5,20.3,,0,0,,
ENR002860,LRN00926,CRS0158,2025-10-02,,0,26,2.7,38.6,58.5,1,1,,
ENR002861,LRN00926,CRS0107,2025-12-06,,0,36,8.2,44.4,58.6,1,5,,
ENR002862,LRN00926,CRS0048,2026-01-24,2026-06-27,1,100,55.2,100.0,71.9,5,23,3.5,154.0
ENR002863,LRN00927,CRS0093,2025-02-20,2025-03-29,1,100,33.6,100.0,50.1,5,14,4.5,37.0
ENR002864,LRN00928,CRS0074,2025-01-19,,0,20,10.6,14.5,,0,4,,
ENR002865,LRN00928,CRS0047,2025-02-20,,0,26,1.9,32.4,37.1,1,1,,
ENR002866,LRN00928,CRS0071,2024-11-23,2024-12-05,1,100,6.0,88.8,68.7,5,3,4.3,12.0
ENR002867,LRN00928,CRS0045,2025-03-11,,0,24,2.1,29.2,83.9,1,1,,
ENR002868,LRN00928,CRS0057,2024-12-09,,0,44,6.7,57.8,57.2,2,4,,
ENR002869,LRN00928,CRS0086,2025-02-15,,0,18,2.1,12.3,,0,1,,
ENR002870,LRN00928,CRS0065,2025-01-02,,0,20,3.4,29.3,,0,2,,
ENR002871,LRN00928,CRS0046,2024-10-22,2024-12-03,1,100,20.4,100.0,17.1,5,8,4.9,42.0
ENR002872,LRN00929,CRS0199,2025-05-13,,0,4,0.8,0.0,,0,0,,
ENR002873,LRN00929,CRS0019,2025-03-23,,0,34,18.1,40.7,52.2,1,6,,
ENR002874,LRN00929,CRS0186,2024-12-19,,0,5,0.9,0.0,,0,0,,
ENR002875,LRN00929,CRS0066,2025-01-08,2025-01-27,1,100,14.1,94.9,42.4,5,7,4.1,19.0
ENR002876,LRN00929,CRS0200,2025-04-30,,0,42,11.8,34.6,56.8,2,6,,
ENR002877,LRN00930,CRS0022,2024-04-23,,0,20,8.0,12.0,,0,5,,
ENR002878,LRN00930,CRS0017,2024-08-08,,0,37,4.0,27.6,24.6,1,3,,
ENR002879,LRN00930,CRS0039,2024-08-26,,0,50,21.7,36.1,70.7,2,14,,
ENR002880,LRN00931,CRS0199,2025-08-09,2025-08-22,1,100,44.5,100.0,63.7,5,15,3.9,13.0
ENR002881,LRN00932,CRS0184,2024-02-25,,0,16,8.2,29.2,,0,4,,
ENR002882,LRN00932,CRS0066,2023-11-23,,0,7,0.5,9.7,,0,0,,
ENR002883,LRN00933,CRS0062,2025-03-10,,0,19,3.1,30.3,,0,1,,
ENR002884,LRN00933,CRS0022,2025-03-14,2025-06-13,1,100,61.0,85.7,74.0,5,27,4.1,91.0
ENR002885,LRN00934,CRS0193,2025-02-14,,0,5,2.5,0.0,,0,1,,
ENR002886,LRN00934,CRS0086,2025-06-02,2025-06-13,1,100,11.0,100.0,65.8,5,5,4.2,11.0
ENR002887,LRN00935,CRS0197,2025-06-13,,0,7,3.6,5.1,,0,1,,
ENR002888,LRN00935,CRS0191,2025-07-25,,0,40,4.8,26.8,63.7,2,2,,
ENR002889,LRN00936,CRS0130,2024-08-14,,0,14,2.7,1.9,,0,1,,
ENR002890,LRN00936,CRS0086,2024-07-03,2024-07-14,1,100,9.0,89.7,69.7,5,5,4.3,11.0
ENR002891,LRN00937,CRS0187,2025-02-13,,0,21,14.4,20.9,46.4,1,6,,
ENR002892,LRN00938,CRS0152,2024-09-27,2024-10-03,1,100,16.7,92.4,59.5,5,5,4.5,6.0
ENR002893,LRN00938,CRS0091,2024-07-01,2024-07-09,1,100,12.2,85.5,68.6,5,4,4.3,8.0
ENR002894,LRN00938,CRS0138,2024-09-20,,0,48,20.8,45.2,74.5,2,14,,
ENR002895,LRN00939,CRS0068,2025-06-19,,0,30,1.9,20.7,95.7,1,1,,
ENR002896,LRN00939,CRS0109,2025-10-24,,0,15,2.1,18.5,,0,1,,
ENR002897,LRN00940,CRS0007,2026-01-24,,0,41,5.2,47.3,80.6,2,3,,
ENR002898,LRN00940,CRS0034,2025-12-17,,0,8,3.4,4.3,,0,2,,
ENR002899,LRN00940,CRS0039,2025-12-21,,0,37,27.2,50.4,79.5,1,10,,
ENR002900,LRN00941,CRS0190,2025-04-26,,0,7,2.0,16.0,,0,1,,
ENR002901,LRN00941,CRS0177,2025-09-10,2025-10-01,1,100,15.2,100.0,13.5,5,6,4.6,21.0
ENR002902,LRN00941,CRS0052,2025-04-23,,0,35,13.2,21.6,86.1,1,6,,
ENR002903,LRN00942,CRS0152,2025-04-06,2025-04-13,1,100,15.6,100.0,27.2,5,5,4.2,7.0
ENR002904,LRN00942,CRS0131,2025-04-11,,0,31,2.1,37.3,61.1,1,1,,
ENR002905,LRN00942,CRS0137,2025-02-12,2025-03-31,1,100,72.0,100.0,67.8,5,32,3.7,47.0
ENR002906,LRN00943,CRS0040,2024-07-16,,0,50,12.0,57.7,58.5,2,9,,
ENR002907,LRN00944,CRS0011,2025-01-20,,0,6,2.2,12.4,,0,0,,
ENR002908,LRN00945,CRS0160,2024-07-15,2024-11-22,1,100,67.6,100.0,57.6,5,24,4.3,130.0
ENR002909,LRN00946,CRS0137,2024-11-06,,0,50,26.3,55.5,64.1,2,16,,
ENR002910,LRN00946,CRS0039,2024-05-17,,0,49,34.2,56.0,74.9,2,14,,
ENR002911,LRN00946,CRS0062,2024-10-10,,0,14,1.9,3.0,,0,1,,
ENR002912,LRN00946,CRS0022,2024-07-03,,0,17,11.2,16.0,,0,4,,
ENR002913,LRN00946,CRS0178,2024-09-03,,0,6,1.3,0.0,,0,0,,
ENR002914,LRN00946,CRS0197,2024-07-04,,0,28,12.2,18.3,48.3,1,6,,
ENR002915,LRN00946,CRS0172,2024-06-19,,0,16,0.6,10.5,,0,0,,
ENR002916,LRN00946,CRS0161,2024-10-11,,0,34,21.7,41.7,77.1,1,10,,
ENR002917,LRN00947,CRS0152,2024-10-23,,0,53,4.9,51.6,22.0,2,2,,
ENR002918,LRN00947,CRS0131,2025-02-23,,0,38,2.0,49.7,55.8,1,1,,
ENR002919,LRN00947,CRS0186,2025-01-03,,0,19,5.3,33.9,,0,3,,
ENR002920,LRN00947,CRS0175,2025-03-17,2025-03-23,1,100,10.8,100.0,47.6,5,4,4.1,6.0
ENR002921,LRN00947,CRS0121,2025-03-05,,0,4,0.3,0.0,,0,0,,
ENR002922,LRN00947,CRS0080,2024-11-24,2024-12-10,1,100,21.1,99.3,90.8,5,8,4.2,16.0
ENR002923,LRN00948,CRS0111,2025-06-09,,0,55,29.4,47.1,83.5,2,14,,
ENR002924,LRN00949,CRS0100,2025-08-10,,0,32,7.5,40.8,57.6,1,3,,
ENR002925,LRN00950,CRS0184,2024-10-01,,0,51,34.0,61.0,46.0,2,13,,
ENR002926,LRN00950,CRS0009,2025-01-05,2025-04-24,1,100,39.3,100.0,46.3,5,20,4.7,109.0
ENR002927,LRN00951,CRS0143,2025-11-02,2025-11-08,1,100,5.7,95.0,92.4,5,4,3.6,6.0
ENR002928,LRN00951,CRS0148,2025-06-29,,0,8,0.3,5.0,,0,0,,
ENR002929,LRN00951,CRS0136,2025-10-20,,0,60,45.6,53.7,64.0,3,16,,
ENR002930,LRN00951,CRS0005,2025-07-30,,0,15,7.8,19.8,,0,3,,
ENR002931,LRN00952,CRS0159,2024-09-24,,0,12,1.0,0.0,,0,0,,
ENR002932,LRN00952,CRS0127,2024-07-05,,0,34,8.7,47.7,68.0,1,5,,
ENR002933,LRN00952,CRS0155,2024-08-22,2024-10-06,1,100,53.7,98.8,64.3,5,24,3.4,45.0
ENR002934,LRN00952,CRS0174,2024-10-31,2024-12-27,1,100,72.0,100.0,51.6,5,33,4.4,57.0
ENR002935,LRN00952,CRS0122,2024-07-24,,0,30,18.2,43.3,49.8,1,10,,
ENR002936,LRN00952,CRS0132,2024-09-02,,0,15,1.4,23.1,,0,1,,
ENR002937,LRN00952,CRS0126,2024-05-30,,0,28,3.5,30.7,71.0,1,2,,
ENR002938,LRN00952,CRS0151,2024-07-06,,0,50,39.4,51.8,48.0,2,16,,
ENR002939,LRN00952,CRS0076,2024-06-20,2024-07-10,1,100,31.7,89.0,75.2,5,12,2.0,20.0
ENR002940,LRN00952,CRS0142,2024-05-18,2024-06-01,1,100,26.3,95.5,24.2,5,12,4.2,14.0
ENR002941,LRN00952,CRS0022,2024-05-31,,0,14,8.4,27.1,,0,3,,
ENR002942,LRN00952,CRS0130,2024-10-26,2024-11-05,1,100,23.5,100.0,61.9,5,11,4.7,10.0
ENR002943,LRN00952,CRS0136,2024-07-24,,0,11,6.8,25.2,,0,3,,
ENR002944,LRN00952,CRS0185,2024-07-23,2024-08-10,1,100,38.5,92.5,76.4,5,13,3.5,18.0
ENR002945,LRN00953,CRS0056,2025-02-28,2025-04-30,1,100,34.1,89.7,37.3,5,14,4.1,61.0
ENR002946,LRN00953,CRS0074,2025-05-29,,0,18,8.8,6.4,,0,4,,
ENR002947,LRN00954,CRS0063,2025-09-12,,0,22,1.8,30.9,62.0,1,1,,
ENR002948,LRN00954,CRS0110,2025-05-22,,0,26,4.2,24.9,55.4,1,2,,
ENR002949,LRN00955,CRS0005,2024-03-08,,0,51,31.3,50.7,92.0,2,12,,
ENR002950,LRN00955,CRS0023,2024-06-19,,0,14,5.7,2.3,,0,3,,
ENR002951,LRN00956,CRS0007,2025-01-15,2025-03-21,1,100,15.2,100.0,89.3,5,9,4.1,65.0
ENR002952,LRN00957,CRS0086,2024-09-09,2024-09-21,1,100,9.5,96.0,76.1,5,5,4.5,12.0
ENR002953,LRN00957,CRS0103,2024-10-14,,0,20,9.3,22.7,,0,4,,
ENR002954,LRN00958,CRS0032,2024-07-17,,0,43,5.0,48.0,49.0,2,4,,
ENR002955,LRN00959,CRS0173,2025-03-25,,0,25,16.3,17.2,46.3,1,6,,
ENR002956,LRN00959,CRS0179,2025-03-25,2025-04-25,1,100,20.4,100.0,63.1,5,10,3.8,31.0
ENR002957,LRN00959,CRS0064,2025-02-01,,0,41,23.0,50.7,69.3,2,9,,
ENR002958,LRN00960,CRS0122,2024-12-29,,0,15,10.9,2.3,,0,5,,
ENR002959,LRN00960,CRS0181,2024-11-01,,0,63,34.0,62.9,66.5,3,13,,
ENR002960,LRN00960,CRS0104,2024-12-30,,0,17,1.1,17.8,,0,0,,
ENR002961,LRN00960,CRS0042,2025-02-10,2025-09-27,1,100,62.0,100.0,76.1,5,30,4.2,229.0
ENR002962,LRN00960,CRS0185,2025-02-14,,0,25,4.3,13.0,58.7,1,3,,
ENR002963,LRN00960,CRS0195,2024-12-19,,0,41,19.7,31.1,73.3,2,8,,
ENR002964,LRN00961,CRS0173,2025-07-14,,0,6,2.0,2.5,,0,1,,
ENR002965,LRN00961,CRS0115,2025-08-12,,0,14,3.4,14.8,,0,2,,
ENR002966,LRN00962,CRS0049,2024-04-14,,0,46,20.8,48.6,50.3,2,10,,
ENR002967,LRN00963,CRS0187,2025-09-16,2026-01-17,1,100,72.7,88.8,52.9,5,29,4.5,123.0
ENR002968,LRN00963,CRS0188,2025-09-17,,0,13,2.3,0.0,,0,1,,
ENR002969,LRN00964,CRS0091,2023-12-21,2024-01-06,1,100,12.0,86.6,78.1,5,4,4.0,16.0
ENR002970,LRN00965,CRS0106,2024-09-17,,0,9,1.8,1.5,,0,1,,
ENR002971,LRN00965,CRS0153,2025-01-17,,0,23,16.7,12.0,51.3,1,6,,
ENR002972,LRN00965,CRS0087,2024-10-23,,0,58,18.9,43.6,40.5,2,7,,
ENR002973,LRN00966,CRS0109,2024-04-20,,0,3,0.4,17.0,,0,0,,
ENR002974,LRN00967,CRS0175,2025-05-03,,0,55,3.7,59.6,58.3,2,2,,
ENR002975,LRN00968,CRS0029,2025-05-19,,0,5,0.9,0.0,,0,0,,
ENR002976,LRN00969,CRS0010,2025-08-24,,0,17,1.3,6.1,,0,1,,
ENR002977,LRN00969,CRS0025,2025-08-28,,0,27,3.1,23.1,70.3,1,1,,
ENR002978,LRN00970,CRS0036,2026-01-22,,0,15,2.1,25.2,,0,1,,
ENR002979,LRN00971,CRS0024,2025-10-23,,0,56,13.9,41.5,67.7,2,8,,
ENR002980,LRN00971,CRS0002,2025-12-09,,0,5,1.1,0.8,,0,0,,
ENR002981,LRN00972,CRS0181,2025-01-07,,0,14,8.0,12.8,,0,2,,
ENR002982,LRN00973,CRS0116,2025-04-06,,0,25,19.6,34.7,70.3,1,8,,
ENR002983,LRN00974,CRS0148,2025-08-23,,0,35,1.7,27.1,85.0,1,1,,
ENR002984,LRN00974,CRS0027,2025-06-27,2025-08-19,1,100,33.5,100.0,63.6,5,14,3.7,53.0
ENR002985,LRN00975,CRS0033,2024-09-07,,0,23,16.7,25.2,41.5,1,7,,
ENR002986,LRN00976,CRS0131,2025-07-04,2025-07-14,1,100,7.9,100.0,67.9,5,4,3.7,10.0
ENR002987,LRN00976,CRS0128,2025-10-30,,0,30,11.6,16.1,52.5,1,5,,
ENR002988,LRN00976,CRS0155,2025-07-11,2025-09-09,1,100,56.1,100.0,65.0,5,24,4.7,60.0
ENR002989,LRN00976,CRS0145,2025-06-03,,0,52,12.3,65.7,72.1,2,8,,
ENR002990,LRN00976,CRS0159,2025-07-15,2025-07-29,1,100,17.7,99.3,60.8,5,7,4.1,14.0
ENR002991,LRN00977,CRS0161,2024-07-13,,0,15,9.2,1.4,,0,4,,
ENR002992,LRN00978,CRS0194,2024-01-27,2024-03-14,1,100,90.7,100.0,85.5,5,32,3.6,47.0
ENR002993,LRN00979,CRS0022,2024-05-26,,0,25,11.6,36.3,57.0,1,6,,
ENR002994,LRN00979,CRS0145,2024-06-19,,0,36,11.6,36.1,42.3,1,5,,
ENR002995,LRN00980,CRS0045,2025-03-24,2025-04-14,1,100,13.6,100.0,65.8,5,6,4.5,21.0
ENR002996,LRN00981,CRS0117,2026-01-27,,0,55,21.8,42.0,60.5,2,15,,
ENR002997,LRN00981,CRS0143,2025-10-06,,0,27,0.8,16.7,80.7,1,1,,
ENR002998,LRN00982,CRS0036,2024-09-30,2024-10-08,1,100,13.6,88.4,34.4,5,7,4.6,8.0
ENR002999,LRN00982,CRS0197,2024-08-08,2024-09-13,1,100,51.2,100.0,65.0,5,21,5.0,36.0
ENR003000,LRN00982,CRS0031,2024-10-04,2024-12-04,1,100,70.5,100.0,55.8,5,31,3.8,61.0
ENR003001,LRN00983,CRS0130,2025-02-12,,0,13,1.5,4.6,,0,1,,
ENR003002,LRN00983,CRS0101,2025-05-28,,0,8,0.5,8.7,,0,0,,
ENR003003,LRN00983,CRS0057,2025-05-06,,0,33,3.9,42.2,28.0,1,3,,
ENR003004,LRN00983,CRS0053,2025-02-28,,0,47,2.2,41.0,70.3,2,1,,
ENR003005,LRN00983,CRS0189,2025-05-07,,0,11,10.2,22.1,,0,3,,
ENR003006,LRN00984,CRS0011,2025-06-08,,0,27,5.7,29.0,62.0,1,3,,
ENR003007,LRN00985,CRS0010,2024-07-04,2024-08-03,1,100,10.9,86.9,65.7,5,6,3.8,30.0
ENR003008,LRN00986,CRS0132,2024-02-09,,0,8,0.6,0.0,,0,0,,
ENR003009,LRN00987,CRS0101,2025-07-24,2025-08-01,1,100,10.8,100.0,26.9,5,7,4.0,8.0
ENR003010,LRN00988,CRS0135,2025-05-20,,0,13,1.9,24.0,,0,1,,
ENR003011,LRN00989,CRS0096,2025-12-25,,0,13,1.7,7.4,,0,1,,
ENR003012,LRN00990,CRS0050,2024-01-08,2024-01-18,1,100,7.3,97.3,65.7,5,4,4.4,10.0
ENR003013,LRN00990,CRS0004,2024-01-23,,0,26,14.0,34.2,49.6,1,7,,
ENR003014,LRN00990,CRS0059,2024-06-09,,0,58,6.6,46.3,55.3,2,5,,
ENR003015,LRN00990,CRS0030,2024-01-29,,0,28,18.1,41.1,89.3,1,8,,
ENR003016,LRN00990,CRS0060,2024-02-23,,0,12,3.6,26.8,,0,2,,
ENR003017,LRN00991,CRS0142,2024-01-22,,0,24,4.6,14.2,74.8,1,2,,
ENR003018,LRN00991,CRS0160,2024-01-28,2024-04-21,1,100,61.2,86.5,84.9,5,24,4.2,84.0
ENR003019,LRN00991,CRS0131,2024-04-05,,0,39,2.4,52.4,67.6,1,1,,
ENR003020,LRN00991,CRS0148,2024-03-16,,0,31,0.9,44.9,72.1,1,1,,
ENR003021,LRN00992,CRS0134,2025-06-20,2025-07-08,1,100,13.4,91.6,83.5,5,6,4.1,18.0
ENR003022,LRN00992,CRS0138,2025-06-27,2025-10-04,1,100,63.0,100.0,58.4,5,30,3.6,99.0
ENR003023,LRN00992,CRS0034,2025-10-31,,0,26,19.9,22.0,80.3,1,7,,
ENR003024,LRN00992,CRS0135,2025-10-12,,0,14,2.0,7.3,,0,1,,
ENR003025,LRN00992,CRS0154,2025-10-15,,0,29,2.3,25.7,66.5,1,1,,
ENR003026,LRN00992,CRS0015,2025-07-27,,0,29,9.0,39.5,75.6,1,3,,
ENR003027,LRN00993,CRS0023,2025-03-20,2025-07-07,1,100,56.8,99.4,24.8,5,21,4.7,109.0
ENR003028,LRN00994,CRS0159,2025-10-06,,0,40,4.3,32.4,59.0,2,2,,
ENR003029,LRN00995,CRS0069,2024-05-28,2024-06-09,1,100,8.3,100.0,36.6,5,5,3.6,12.0
ENR003030,LRN00996,CRS0044,2024-10-26,,0,64,25.6,49.1,70.2,3,13,,
ENR003031,LRN00997,CRS0087,2025-09-04,,0,43,13.2,37.7,48.9,2,5,,
ENR003032,LRN00998,CRS0039,2025-11-16,,0,44,14.7,58.8,84.0,2,13,,
ENR003033,LRN00999,CRS0179,2025-04-30,2025-05-31,1,100,19.9,96.2,64.4,5,10,4.4,31.0
ENR003034,LRN00999,CRS0170,2025-06-28,2025-07-08,1,100,6.2,92.4,78.0,5,3,3.4,10.0
ENR003035,LRN00999,CRS0197,2025-04-25,,0,13,4.7,7.3,,0,2,,
ENR003036,LRN00999,CRS0162,2025-06-03,,0,49,3.1,42.2,84.5,2,1,,
ENR003037,LRN00999,CRS0157,2025-04-01,2025-06-05,1,100,40.7,100.0,72.5,5,15,4.2,65.0
ENR003038,LRN01000,CRS0149,2025-03-05,,0,46,2.4,56.8,74.2,2,1,,
ENR003039,LRN01001,CRS0154,2026-01-04,2026-02-07,1,100,9.6,96.7,75.0,5,5,4.6,34.0
ENR003040,LRN01002,CRS0041,2023-12-16,2024-02-02,1,100,31.2,96.5,76.8,5,11,3.0,48.0
ENR003041,LRN01003,CRS0014,2025-02-04,,0,42,5.7,41.3,76.0,2,3,,
ENR003042,LRN01004,CRS0080,2024-06-13,,0,1,0.2,0.0,,0,0,,
ENR003043,LRN01005,CRS0161,2024-04-14,,0,45,28.2,36.6,57.6,2,13,,
ENR003044,LRN01006,CRS0097,2023-12-08,2023-12-14,1,100,13.0,92.5,65.6,5,6,3.8,6.0
ENR003045,LRN01007,CRS0080,2024-09-21,,0,5,0.9,14.9,,0,0,,
ENR003046,LRN01008,CRS0099,2024-03-11,,0,16,0.9,2.9,,0,0,,
ENR003047,LRN01009,CRS0040,2026-01-08,,0,12,4.5,2.3,,0,2,,
ENR003048,LRN01009,CRS0018,2025-09-26,,0,57,6.6,57.8,58.3,2,3,,
ENR003049,LRN01010,CRS0162,2024-11-30,,0,46,3.3,42.2,28.1,2,1,,
ENR003050,LRN01010,CRS0003,2024-12-26,,0,41,3.4,54.5,75.8,2,1,,
ENR003051,LRN01010,CRS0165,2024-11-05,,0,5,2.0,16.2,,0,1,,
ENR003052,LRN01010,CRS0186,2024-10-03,,0,19,5.0,16.2,,0,3,,
ENR003053,LRN01010,CRS0189,2025-01-21,2025-04-24,1,100,83.5,91.1,54.9,5,34,3.6,93.0
ENR003054,LRN01010,CRS0172,2025-01-06,2025-01-12,1,100,7.9,94.2,83.6,5,4,3.9,6.0
ENR003055,LRN01010,CRS0163,2025-01-18,,0,15,1.7,1.2,,0,0,,
ENR003056,LRN01010,CRS0057,2024-09-27,,0,24,5.0,31.0,58.4,1,2,,
ENR003057,LRN01010,CRS0005,2025-02-04,2025-04-13,1,100,51.3,95.5,39.0,5,24,3.6,68.0
ENR003058,LRN01010,CRS0175,2024-11-30,,0,19,1.6,4.8,,0,0,,
ENR003059,LRN01010,CRS0124,2025-01-01,,0,34,9.2,37.3,51.4,1,7,,
ENR003060,LRN01010,CRS0170,2025-02-12,,0,24,1.4,33.4,54.0,1,0,,
ENR003061,LRN01010,CRS0023,2024-11-28,,0,42,18.8,54.3,81.1,2,9,,
ENR003062,LRN01011,CRS0031,2025-12-18,2026-10-17,1,100,76.4,94.6,70.9,5,31,2.6,303.0
ENR003063,LRN01011,CRS0173,2025-11-11,,0,44,12.4,49.0,66.3,2,11,,
ENR003064,LRN01011,CRS0025,2025-08-25,,0,8,0.7,8.5,,0,0,,
ENR003065,LRN01012,CRS0079,2025-02-21,,0,22,2.3,21.6,39.0,1,1,,
ENR003066,LRN01012,CRS0170,2024-12-10,2024-12-17,1,100,5.5,100.0,73.8,5,3,4.5,7.0
ENR003067,LRN01012,CRS0183,2025-04-05,,0,16,3.9,24.9,,0,3,,
ENR003068,LRN01013,CRS0065,2025-03-27,,0,18,4.7,27.3,,0,2,,
ENR003069,LRN01013,CRS0069,2025-08-01,,0,21,0.7,30.5,80.0,1,1,,
ENR003070,LRN01014,CRS0106,2025-05-04,2025-07-06,1,100,25.2,100.0,83.6,5,12,4.4,63.0
ENR003071,LRN01014,CRS0155,2025-04-27,,0,9,6.3,23.3,,0,2,,
ENR003072,LRN01015,CRS0184,2025-10-06,,0,18,6.8,16.6,,0,4,,
ENR003073,LRN01015,CRS0034,2025-07-27,2025-12-16,1,100,65.2,100.0,35.1,5,29,3.8,142.0
ENR003074,LRN01015,CRS0061,2025-08-31,2025-12-31,1,100,59.2,100.0,73.6,5,26,4.6,122.0
ENR003075,LRN01016,CRS0186,2024-10-24,,0,40,8.8,48.6,71.4,2,6,,
ENR003076,LRN01017,CRS0060,2024-08-28,,0,23,14.1,9.5,29.3,1,5,,
ENR003077,LRN01017,CRS0033,2024-06-04,2024-10-18,1,100,88.8,100.0,72.0,5,32,4.3,136.0
ENR003078,LRN01017,CRS0038,2024-11-13,,0,36,20.4,47.5,43.2,1,8,,
ENR003079,LRN01017,CRS0170,2024-07-11,,0,34,1.5,30.7,36.2,1,1,,
ENR003080,LRN01017,CRS0141,2024-05-30,,0,38,21.9,45.6,55.4,1,11,,
ENR003081,LRN01017,CRS0163,2024-08-11,,0,8,1.3,20.2,,0,0,,
ENR003082,LRN01017,CRS0167,2024-08-07,,0,41,2.7,37.0,73.4,2,1,,
ENR003083,LRN01018,CRS0106,2025-03-26,,0,13,3.4,12.2,,0,1,,
ENR003084,LRN01019,CRS0048,2025-06-23,,0,44,18.7,42.9,45.1,2,10,,
ENR003085,LRN01020,CRS0016,2025-06-03,,0,16,5.8,18.5,,0,2,,
ENR003086,LRN01021,CRS0179,2024-03-04,,0,14,3.1,28.7,,0,1,,
ENR003087,LRN01021,CRS0004,2024-04-22,,0,9,4.0,24.0,,0,2,,
ENR003088,LRN01021,CRS0182,2024-06-14,,0,45,2.3,33.7,68.8,2,2,,
ENR003089,LRN01021,CRS0173,2024-06-17,,0,53,29.1,57.5,66.6,2,13,,
ENR003090,LRN01021,CRS0149,2024-03-08,2024-03-14,1,100,5.1,100.0,66.2,5,4,4.3,6.0
ENR003091,LRN01021,CRS0034,2024-02-16,,0,31,15.8,18.3,52.8,1,9,,
ENR003092,LRN01021,CRS0160,2024-02-12,,0,42,23.4,30.8,84.4,2,10,,
ENR003093,LRN01021,CRS0183,2024-03-14,,0,6,1.5,0.0,,0,1,,
ENR003094,LRN01021,CRS0168,2024-02-19,,0,23,2.2,20.4,33.3,1,1,,
ENR003095,LRN01022,CRS0054,2024-02-05,,0,23,9.0,25.9,90.4,1,4,,
ENR003096,LRN01022,CRS0168,2024-05-26,,0,32,3.7,43.7,63.7,1,2,,
ENR003097,LRN01023,CRS0067,2025-09-05,,0,41,9.9,41.6,47.6,2,4,,
ENR003098,LRN01024,CRS0197,2023-12-29,,0,17,8.4,7.5,,0,3,,
ENR003099,LRN01024,CRS0168,2024-04-30,,0,29,2.1,40.6,64.4,1,2,,
ENR003100,LRN01024,CRS0193,2024-02-20,,0,14,4.9,4.7,,0,3,,
ENR003101,LRN01024,CRS0064,2023-11-19,,0,44,21.4,55.1,77.7,2,10,,
ENR003102,LRN01025,CRS0177,2024-12-01,,0,40,4.2,31.8,79.1,2,2,,
ENR003103,LRN01025,CRS0108,2025-04-17,,0,13,3.3,5.0,,0,1,,
ENR003104,LRN01026,CRS0129,2024-07-13,,0,10,1.2,10.0,,0,0,,
ENR003105,LRN01026,CRS0148,2024-08-27,,0,37,2.1,29.6,58.9,1,1,,
ENR003106,LRN01027,CRS0080,2026-01-18,,0,40,5.0,53.2,59.2,2,3,,
ENR003107,LRN01028,CRS0055,2025-08-15,,0,6,2.7,0.4,,0,1,,
ENR003108,LRN01029,CRS0029,2024-01-16,,0,38,6.7,41.5,39.0,1,4,,
ENR003109,LRN01030,CRS0184,2025-06-10,2025-09-21,1,100,58.0,100.0,57.3,5,25,4.5,103.0
ENR003110,LRN01030,CRS0171,2025-07-26,2025-09-02,1,100,27.2,92.6,65.5,5,11,4.5,38.0
ENR003111,LRN01031,CRS0189,2024-05-31,,0,18,14.9,4.7,,0,6,,
ENR003112,LRN01031,CRS0195,2024-06-03,,0,21,9.0,33.0,39.3,1,4,,
ENR003113,LRN01031,CRS0050,2024-05-07,2024-05-11,1,100,6.5,85.5,28.0,5,4,4.4,4.0
ENR003114,LRN01032,CRS0077,2025-11-21,,0,11,5.5,4.8,,0,2,,
ENR003115,LRN01032,CRS0199,2026-01-28,2026-03-26,1,100,32.7,97.9,45.5,5,15,2.8,57.0
ENR003116,LRN01032,CRS0136,2025-11-03,2026-02-18,1,100,61.7,100.0,43.1,5,28,4.1,107.0
ENR003117,LRN01033,CRS0103,2025-10-28,,0,19,7.2,9.2,,0,4,,
ENR003118,LRN01034,CRS0087,2025-12-09,,0,8,1.9,0.0,,0,1,,
ENR003119,LRN01034,CRS0161,2025-08-24,,0,25,16.4,22.7,82.9,1,7,,
ENR003120,LRN01035,CRS0095,2025-10-10,,0,58,41.3,72.1,50.4,2,17,,
ENR003121,LRN01036,CRS0002,2025-04-03,,0,17,5.8,3.8,,0,2,,
ENR003122,LRN01036,CRS0103,2025-07-10,,0,8,4.1,0.0,,0,1,,
ENR003123,LRN01036,CRS0124,2025-05-07,,0,20,11.1,32.3,,0,4,,
ENR003124,LRN01037,CRS0059,2025-08-15,,0,25,2.0,21.7,57.7,1,2,,
ENR003125,LRN01037,CRS0057,2025-06-17,,0,78,17.1,79.9,53.6,3,7,,
ENR003126,LRN01037,CRS0050,2025-05-01,,0,35,1.1,39.8,37.0,1,1,,
ENR003127,LRN01038,CRS0170,2024-05-11,2024-06-17,1,100,5.2,89.6,34.0,5,3,3.4,37.0
ENR003128,LRN01039,CRS0096,2025-05-01,,0,36,5.3,33.0,40.4,1,2,,
ENR003129,LRN01039,CRS0106,2025-07-16,,0,4,0.8,0.0,,0,0,,
ENR003130,LRN01040,CRS0186,2024-03-23,,0,25,9.0,37.0,71.0,1,4,,
ENR003131,LRN01041,CRS0134,2024-04-04,,0,37,4.0,25.7,84.1,1,2,,
ENR003132,LRN01041,CRS0043,2024-04-25,2024-06-15,1,100,35.3,85.4,37.3,5,16,3.8,51.0
ENR003133,LRN01042,CRS0136,2024-08-04,,0,19,9.7,12.5,,0,5,,
ENR003134,LRN01042,CRS0187,2024-08-08,,0,28,20.5,15.5,71.6,1,8,,
ENR003135,LRN01042,CRS0106,2024-11-01,2024-11-19,1,100,22.1,100.0,77.0,5,12,4.4,18.0
ENR003136,LRN01042,CRS0094,2024-07-31,2024-09-20,1,100,76.7,100.0,59.4,5,31,3.0,51.0
ENR003137,LRN01043,CRS0117,2025-03-21,,0,36,22.1,26.9,40.3,1,10,,
ENR003138,LRN01044,CRS0080,2024-08-01,,0,66,9.0,68.2,32.1,3,5,,
ENR003139,LRN01044,CRS0049,2024-09-10,,0,32,18.4,38.3,86.7,1,7,,
ENR003140,LRN01045,CRS0157,2024-05-26,,0,8,3.5,14.3,,0,1,,
ENR003141,LRN01045,CRS0149,2024-07-01,2024-07-13,1,100,5.0,98.4,70.1,5,4,4.2,12.0
ENR003142,LRN01045,CRS0121,2024-06-09,,0,18,1.0,33.0,,0,1,,
ENR003143,LRN01045,CRS0138,2024-03-13,,0,23,10.0,22.2,60.8,1,6,,
ENR003144,LRN01045,CRS0094,2024-04-13,,0,44,29.5,48.4,61.3,2,13,,
ENR003145,LRN01046,CRS0159,2025-01-03,2025-02-04,1,100,15.0,100.0,56.8,5,7,4.1,32.0
ENR003146,LRN01047,CRS0104,2024-12-31,,0,30,1.8,31.9,70.4,1,0,,
ENR003147,LRN01047,CRS0033,2025-02-17,,0,43,21.5,34.7,62.2,2,14,,
ENR003148,LRN01047,CRS0047,2025-06-18,,0,42,3.1,44.7,54.8,2,2,,
ENR003149,LRN01048,CRS0120,2024-11-06,,0,1,0.0,0.0,,0,0,,
ENR003150,LRN01048,CRS0191,2024-08-22,,0,65,9.1,72.2,64.7,3,4,,
ENR003151,LRN01048,CRS0198,2024-07-25,,0,11,1.9,13.5,,0,1,,
ENR003152,LRN01049,CRS0118,2025-01-21,,0,24,18.6,30.9,71.0,1,6,,
ENR003153,LRN01050,CRS0170,2024-12-17,,0,15,0.8,18.7,,0,0,,
ENR003154,LRN01050,CRS0151,2025-05-02,,0,16,7.7,27.4,,0,5,,
ENR003155,LRN01050,CRS0137,2025-02-16,,0,31,20.9,27.4,87.2,1,9,,
ENR003156,LRN01051,CRS0186,2025-11-13,,0,30,6.3,29.5,53.4,1,5,,
ENR003157,LRN01051,CRS0033,2025-09-01,2025-10-20,1,100,84.8,98.1,76.4,5,32,3.7,49.0
ENR003158,LRN01051,CRS0037,2025-12-14,,0,4,1.3,13.2,,0,0,,
ENR003159,LRN01051,CRS0015,2025-12-27,,0,17,5.8,25.1,,0,2,,
ENR003160,LRN01051,CRS0028,2026-01-05,2026-01-18,1,100,21.2,97.6,70.4,5,9,4.0,13.0
ENR003161,LRN01051,CRS0009,2025-12-22,,0,28,9.2,35.4,74.7,1,5,,
ENR003162,LRN01052,CRS0056,2024-08-17,,0,2,0.5,0.0,,0,0,,
ENR003163,LRN01052,CRS0037,2024-06-21,2024-08-10,1,100,27.1,100.0,70.6,5,12,4.1,50.0
ENR003164,LRN01053,CRS0015,2024-04-03,,0,2,0.5,0.0,,0,0,,
ENR003165,LRN01054,CRS0151,2025-01-23,,0,24,19.2,28.0,48.0,1,8,,
ENR003166,LRN01055,CRS0142,2024-01-16,,0,44,9.6,35.5,52.9,2,5,,
ENR003167,LRN01056,CRS0188,2024-12-05,,0,2,0.5,4.2,,0,0,,
ENR003168,LRN01057,CRS0033,2024-08-01,,0,40,29.6,27.0,57.4,2,13,,
ENR003169,LRN01057,CRS0069,2024-04-27,,0,25,1.2,34.5,61.6,1,1,,
ENR003170,LRN01058,CRS0094,2025-03-23,,0,5,3.0,1.3,,0,1,,
ENR003171,LRN01058,CRS0170,2025-04-22,,0,25,1.1,37.4,87.7,1,0,,
ENR003172,LRN01058,CRS0043,2025-06-14,,0,43,15.2,30.2,55.0,2,6,,
ENR003173,LRN01058,CRS0062,2025-03-10,,0,15,1.5,4.5,,0,1,,
ENR003174,LRN01058,CRS0053,2025-07-16,,0,13,0.6,23.0,,0,0,,
ENR003175,LRN01058,CRS0052,2025-03-26,,0,8,2.4,5.4,,0,1,,
ENR003176,LRN01058,CRS0047,2025-03-03,,0,29,4.4,35.8,81.9,1,1,,
ENR003177,LRN01058,CRS0050,2025-04-20,,0,59,3.1,72.3,66.5,2,2,,
ENR003178,LRN01058,CRS0086,2025-04-23,,0,18,1.1,10.7,,0,1,,
ENR003179,LRN01058,CRS0058,2025-08-14,,0,35,20.1,30.0,86.7,1,9,,
ENR003180,LRN01058,CRS0090,2025-08-09,,0,43,9.4,36.6,56.7,2,5,,
ENR003181,LRN01058,CRS0029,2025-03-31,,0,12,1.8,19.4,,0,1,,
ENR003182,LRN01058,CRS0056,2025-02-28,,0,16,5.0,29.1,,0,2,,
ENR003183,LRN01059,CRS0120,2024-02-07,,0,10,0.6,22.4,,0,0,,
ENR003184,LRN01059,CRS0013,2024-07-25,2024-08-29,1,100,26.8,100.0,55.7,5,12,4.7,35.0
ENR003185,LRN01059,CRS0053,2024-08-02,,0,29,2.1,19.8,61.3,1,1,,
ENR003186,LRN01059,CRS0056,2024-02-14,,0,3,0.9,0.0,,0,0,,
ENR003187,LRN01059,CRS0184,2024-03-15,,0,34,10.9,29.2,57.1,1,8,,
ENR003188,LRN01059,CRS0132,2024-06-25,,0,29,4.4,17.2,69.1,1,2,,
ENR003189,LRN01059,CRS0068,2024-04-15,2024-04-25,1,100,8.1,99.9,75.8,5,6,4.6,10.0
ENR003190,LRN01059,CRS0070,2024-07-02,,0,77,4.0,86.0,54.7,3,5,,
ENR003191,LRN01059,CRS0059,2024-02-25,,0,21,3.1,22.3,33.6,1,2,,
ENR003192,LRN01059,CRS0073,2024-06-29,,0,41,12.7,28.6,38.5,2,6,,
ENR003193,LRN01059,CRS0065,2024-07-28,,0,7,1.3,10.1,,0,0,,
ENR003194,LRN01059,CRS0090,2024-03-26,,0,39,10.3,35.3,64.0,1,4,,
ENR003195,LRN01059,CRS0051,2024-05-03,,0,46,26.5,53.7,43.1,2,13,,
ENR003196,LRN01059,CRS0009,2024-04-11,,0,19,8.1,7.1,,0,3,,
ENR003197,LRN01059,CRS0012,2024-05-19,,0,45,6.8,33.0,66.9,2,3,,
ENR003198,LRN01060,CRS0200,2025-03-05,,0,16,4.6,13.5,,0,2,,
ENR003199,LRN01061,CRS0134,2025-07-26,,0,14,0.9,5.5,,0,0,,
ENR003200,LRN01062,CRS0027,2025-02-24,,0,7,2.8,11.2,,0,1,,
ENR003201,LRN01063,CRS0037,2025-05-29,,0,49,9.1,59.9,22.0,2,5,,
ENR003202,LRN01064,CRS0074,2024-10-27,2025-01-17,1,100,61.1,99.2,59.2,5,24,4.2,82.0
ENR003203,LRN01065,CRS0102,2024-05-06,,0,15,5.7,17.8,,0,3,,
ENR003204,LRN01066,CRS0068,2024-11-01,,0,52,2.6,62.2,51.3,2,3,,
ENR003205,LRN01067,CRS0108,2025-01-29,2025-02-14,1,100,26.1,87.6,62.7,5,12,4.0,16.0
ENR003206,LRN01067,CRS0100,2024-08-17,2024-08-30,1,100,24.7,100.0,84.6,5,10,4.4,13.0
ENR003207,LRN01068,CRS0137,2025-03-29,2025-09-16,1,100,75.7,100.0,68.5,5,32,3.6,171.0
ENR003208,LRN01068,CRS0138,2024-12-04,2025-06-01,1,100,81.4,87.7,65.4,5,30,2.5,179.0
ENR003209,LRN01069,CRS0087,2025-01-05,2025-03-08,1,100,37.3,100.0,61.1,5,13,3.6,62.0
ENR003210,LRN01070,CRS0198,2024-08-28,,0,41,5.6,38.3,53.6,2,5,,
ENR003211,LRN01071,CRS0032,2025-02-17,,0,52,9.1,39.4,55.4,2,4,,
ENR003212,LRN01072,CRS0051,2026-01-21,2027-06-18,1,100,74.0,92.6,61.5,5,28,3.9,513.0
ENR003213,LRN01072,CRS0090,2025-10-09,,0,14,3.6,9.1,,0,1,,
ENR003214,LRN01073,CRS0053,2025-02-25,2025-03-04,1,100,10.0,100.0,13.5,5,4,3.6,7.0
ENR003215,LRN01073,CRS0044,2025-01-30,2025-03-06,1,100,53.5,100.0,57.3,5,20,3.3,35.0
ENR003216,LRN01073,CRS0039,2025-02-13,,0,10,4.6,10.1,,0,2,,
ENR003217,LRN01074,CRS0046,2025-12-29,,0,3,0.3,0.1,,0,0,,
ENR003218,LRN01075,CRS0106,2025-06-10,2025-08-05,1,100,24.1,100.0,46.4,5,12,4.5,56.0
ENR003219,LRN01075,CRS0172,2025-07-17,,0,22,1.5,10.0,79.9,1,1,,
ENR003220,LRN01075,CRS0132,2025-06-20,,0,34,3.9,19.6,57.1,1,2,,
ENR003221,LRN01075,CRS0030,2025-08-05,,0,27,15.3,35.2,35.4,1,8,,
ENR003222,LRN01075,CRS0114,2025-05-20,2025-09-05,1,100,43.4,97.2,70.4,5,18,4.4,108.0
ENR003223,LRN01075,CRS0135,2025-09-02,,0,26,3.7,38.5,59.3,1,2,,
ENR003224,LRN01075,CRS0104,2025-05-02,,0,28,1.3,42.7,54.8,1,0,,
ENR003225,LRN01075,CRS0108,2025-04-05,,0,30,5.6,32.5,38.1,1,3,,
ENR003226,LRN01076,CRS0017,2024-03-30,2024-04-20,1,100,17.3,87.0,81.2,5,8,3.9,21.0
ENR003227,LRN01076,CRS0145,2024-03-01,,0,32,12.2,31.2,62.9,1,5,,
ENR003228,LRN01076,CRS0114,2024-02-06,,0,30,11.8,43.1,94.1,1,5,,
ENR003229,LRN01076,CRS0075,2024-05-07,2024-08-14,1,100,64.6,100.0,64.7,5,28,4.3,99.0
ENR003230,LRN01076,CRS0074,2024-02-21,,0,33,17.3,20.2,76.1,1,8,,
ENR003231,LRN01076,CRS0191,2024-02-20,2024-03-16,1,100,17.5,100.0,69.9,5,7,4.2,25.0
ENR003232,LRN01076,CRS0198,2024-04-27,2024-06-13,1,100,30.1,100.0,44.8,5,12,3.4,47.0
ENR003233,LRN01076,CRS0188,2024-06-29,2024-08-07,1,100,26.0,100.0,47.8,5,12,4.7,39.0
ENR003234,LRN01076,CRS0192,2024-05-28,,0,43,34.0,41.4,61.6,2,13,,
ENR003235,LRN01076,CRS0181,2024-02-10,2024-04-25,1,100,59.2,99.2,34.0,5,20,3.6,75.0
ENR003236,LRN01076,CRS0183,2024-06-28,,0,7,3.4,19.3,,0,1,,
ENR003237,LRN01076,CRS0179,2024-06-09,2024-07-10,1,100,23.6,100.0,90.3,5,10,3.6,31.0
ENR003238,LRN01076,CRS0010,2024-06-06,,0,21,2.0,30.0,88.0,1,1,,
ENR003239,LRN01076,CRS0165,2024-04-20,,0,31,21.1,33.5,51.8,1,10,,
ENR003240,LRN01076,CRS0175,2024-02-03,,0,6,0.4,20.7,,0,0,,
ENR003241,LRN01077,CRS0054,2023-12-12,,0,44,15.9,50.3,89.7,2,8,,
ENR003242,LRN01077,CRS0072,2024-02-01,,0,24,4.9,25.3,70.3,1,3,,
ENR003243,LRN01077,CRS0065,2024-04-13,2024-06-17,1,100,21.8,100.0,42.1,5,12,4.1,65.0
ENR003244,LRN01077,CRS0074,2024-03-26,,0,27,15.0,37.9,42.2,1,6,,
ENR003245,LRN01077,CRS0079,2024-04-08,,0,26,4.2,25.4,41.1,1,1,,
ENR003246,LRN01077,CRS0049,2023-12-02,,0,23,9.0,36.9,95.8,1,5,,
ENR003247,LRN01077,CRS0063,2024-04-02,,0,85,3.7,77.8,60.1,4,6,,
ENR003248,LRN01077,CRS0046,2024-01-14,,0,24,2.8,26.0,18.4,1,1,,
ENR003249,LRN01077,CRS0075,2024-04-09,,0,33,18.0,26.5,45.9,1,9,,
ENR003250,LRN01077,CRS0069,2024-04-23,,0,11,0.9,22.7,,0,0,,
ENR003251,LRN01077,CRS0083,2024-04-02,,0,23,14.7,31.0,51.2,1,4,,
ENR003252,LRN01077,CRS0045,2024-03-20,,0,4,0.3,0.0,,0,0,,
ENR003253,LRN01078,CRS0170,2025-10-06,,0,22,1.3,36.8,72.9,1,0,,
ENR003254,LRN01079,CRS0104,2025-09-13,,0,25,1.3,22.6,86.4,1,0,,
ENR003255,LRN01079,CRS0107,2026-02-05,,0,8,2.9,22.9,,0,1,,
ENR003256,LRN01080,CRS0147,2024-02-26,2024-03-18,1,100,30.4,95.4,67.2,5,12,4.0,21.0
ENR003257,LRN01080,CRS0118,2023-12-07,,0,21,8.5,23.3,77.9,1,5,,
ENR003258,LRN01081,CRS0046,2025-05-01,,0,11,2.2,21.2,,0,0,,
ENR003259,LRN01082,CRS0158,2025-12-20,,0,29,2.2,26.1,80.1,1,1,,
ENR003260,LRN01083,CRS0091,2025-11-09,,0,25,2.9,33.8,76.0,1,1,,
ENR003261,LRN01083,CRS0086,2025-11-14,,0,25,2.8,39.6,95.0,1,1,,
ENR003262,LRN01083,CRS0082,2025-08-16,,0,15,1.2,11.1,,0,0,,
ENR003263,LRN01084,CRS0055,2024-03-13,,0,9,5.2,0.0,,0,1,,
ENR003264,LRN01085,CRS0001,2025-05-17,,0,10,0.5,0.0,,0,0,,
ENR003265,LRN01085,CRS0018,2025-05-10,2025-05-20,1,100,9.1,100.0,49.4,5,6,3.5,10.0
ENR003266,LRN01086,CRS0112,2025-05-23,,0,17,0.8,3.4,,0,0,,
ENR003267,LRN01086,CRS0115,2025-10-16,,0,14,3.9,8.6,,0,2,,
ENR003268,LRN01086,CRS0024,2025-09-16,,0,52,17.3,61.2,56.8,2,7,,
ENR003269,LRN01086,CRS0197,2025-10-23,,0,35,13.0,40.9,42.8,1,7,,
ENR003270,LRN01086,CRS0110,2025-05-19,,0,47,4.0,33.6,58.7,2,4,,
ENR003271,LRN01086,CRS0163,2025-06-14,2025-07-03,1,100,15.5,90.2,48.0,5,6,3.7,19.0
ENR003272,LRN01086,CRS0089,2025-07-23,,0,11,3.6,13.7,,0,1,,
ENR003273,LRN01086,CRS0123,2025-09-30,,0,41,27.9,30.1,59.9,2,9,,
ENR003274,LRN01086,CRS0119,2025-09-14,,0,29,4.8,20.5,85.0,1,1,,
ENR003275,LRN01086,CRS0096,2025-08-19,,0,2,0.3,3.2,,0,0,,
ENR003276,LRN01086,CRS0116,2025-09-17,,0,49,25.3,55.3,64.6,2,16,,
ENR003277,LRN01086,CRS0172,2025-06-02,,0,36,2.3,24.5,58.1,1,1,,
ENR003278,LRN01086,CRS0093,2025-07-24,,0,34,8.2,47.3,52.4,1,4,,
ENR003279,LRN01086,CRS0036,2025-10-25,,0,6,0.9,8.8,,0,0,,
ENR003280,LRN01086,CRS0120,2025-09-16,,0,27,0.9,26.5,39.7,1,0,,
ENR003281,LRN01087,CRS0094,2024-07-02,2024-10-22,1,100,83.0,100.0,48.0,5,31,3.9,112.0
ENR003282,LRN01087,CRS0145,2024-06-20,,0,14,2.6,4.0,,0,2,,
ENR003283,LRN01087,CRS0168,2024-04-02,,0,39,3.5,47.5,69.0,1,2,,
ENR003284,LRN01088,CRS0093,2025-12-25,2026-01-13,1,100,33.3,88.8,47.6,5,14,3.5,19.0
ENR003285,LRN01088,CRS0110,2025-10-17,2025-10-29,1,100,14.1,95.3,43.5,5,9,3.3,12.0
ENR003286,LRN01088,CRS0096,2025-12-13,2025-12-23,1,100,17.6,94.3,79.5,5,8,3.8,10.0
ENR003287,LRN01088,CRS0198,2025-08-15,,0,47,9.7,52.2,52.1,2,6,,
ENR003288,LRN01088,CRS0113,2025-11-05,,0,45,5.1,40.8,81.4,2,3,,
ENR003289,LRN01088,CRS0081,2025-12-23,2026-01-25,1,100,49.9,100.0,61.1,5,21,4.4,33.0
ENR003290,LRN01088,CRS0097,2025-09-25,2025-10-04,1,100,15.6,100.0,57.6,5,6,3.8,9.0
ENR003291,LRN01088,CRS0061,2025-09-22,2025-11-03,1,100,71.3,100.0,70.7,5,26,3.8,42.0
ENR003292,LRN01088,CRS0088,2025-10-15,,0,64,5.6,69.5,72.6,3,5,,
ENR003293,LRN01088,CRS0091,2026-01-10,2026-01-19,1,100,15.0,100.0,71.1,5,4,3.9,9.0
ENR003294,LRN01088,CRS0095,2025-12-02,,0,39,34.2,31.8,66.7,1,11,,
ENR003295,LRN01088,CRS0083,2025-11-12,,0,15,7.1,18.9,,0,3,,
ENR003296,LRN01088,CRS0168,2025-12-31,,0,25,3.4,31.6,90.1,1,1,,
ENR003297,LRN01088,CRS0082,2025-09-14,,0,29,1.4,23.8,64.4,1,1,,
ENR003298,LRN01088,CRS0107,2025-12-16,2026-01-16,1,100,43.4,97.8,67.5,5,16,4.6,31.0
ENR003299,LRN01089,CRS0106,2025-01-04,,0,9,2.6,19.1,,0,1,,
ENR003300,LRN01090,CRS0078,2024-05-28,,0,32,24.3,28.4,74.5,1,10,,
ENR003301,LRN01090,CRS0061,2024-01-22,,0,16,7.6,30.7,,0,4,,
ENR003302,LRN01090,CRS0025,2024-03-09,2024-03-30,1,100,15.8,88.9,71.5,5,5,4.7,21.0
ENR003303,LRN01091,CRS0078,2023-11-21,,0,2,1.7,16.6,,0,0,,
ENR003304,LRN01091,CRS0008,2024-02-21,,0,55,3.6,42.5,92.6,2,3,,
ENR003305,LRN01091,CRS0064,2024-05-07,2024-06-29,1,100,59.3,100.0,68.1,5,23,4.4,53.0
ENR003306,LRN01092,CRS0169,2024-08-20,2024-12-10,1,100,24.2,100.0,65.4,5,9,4.2,112.0
ENR003307,LRN01093,CRS0052,2025-03-23,2025-04-28,1,100,50.1,100.0,73.6,5,19,3.8,36.0
ENR003308,LRN01093,CRS0121,2025-02-08,,0,9,0.5,21.8,,0,0,,
ENR003309,LRN01093,CRS0068,2025-03-19,2025-03-25,1,100,5.9,91.2,39.1,5,6,4.7,6.0
ENR003310,LRN01093,CRS0045,2024-12-25,2025-01-04,1,100,13.0,96.5,88.0,5,6,4.5,10.0
ENR003311,LRN01093,CRS0098,2025-04-10,2025-04-22,1,100,12.7,99.7,62.2,5,9,4.1,12.0
ENR003312,LRN01093,CRS0071,2025-04-16,,0,38,1.8,24.2,66.6,1,1,,
ENR003313,LRN01093,CRS0075,2025-04-01,,0,11,8.4,0.2,,0,3,,
ENR003314,LRN01094,CRS0071,2025-07-15,,0,38,2.4,39.0,67.7,1,1,,
ENR003315,LRN01095,CRS0193,2024-09-13,,0,22,11.5,9.0,72.8,1,4,,
ENR003316,LRN01095,CRS0169,2024-06-01,2024-06-24,1,100,23.4,100.0,71.0,5,9,4.6,23.0
ENR003317,LRN01095,CRS0168,2024-07-12,2024-07-27,1,100,13.2,96.5,68.1,5,7,4.5,15.0
ENR003318,LRN01095,CRS0129,2024-08-21,,0,50,9.7,54.4,79.5,2,4,,
ENR003319,LRN01096,CRS0160,2024-06-16,2024-08-22,1,100,60.5,85.7,46.1,5,24,3.8,67.0
ENR003320,LRN01097,CRS0047,2024-07-23,,0,63,5.2,76.4,27.2,3,3,,
ENR003321,LRN01098,CRS0007,2026-03-04,,0,4,0.4,16.4,,0,0,,
ENR003322,LRN01098,CRS0001,2026-03-02,,0,54,4.3,52.5,59.9,2,2,,
ENR003323,LRN01098,CRS0035,2026-01-15,2026-02-19,1,100,11.0,99.8,82.8,5,5,3.6,35.0
ENR003324,LRN01099,CRS0199,2024-10-14,,0,12,4.5,0.0,,0,1,,
ENR003325,LRN01099,CRS0012,2024-11-14,,0,30,3.3,23.4,96.9,1,2,,
ENR003326,LRN01100,CRS0200,2025-10-17,,0,32,11.3,45.6,27.6,1,4,,
ENR003327,LRN01100,CRS0085,2025-09-28,,0,22,3.3,33.6,84.9,1,2,,
ENR003328,LRN01100,CRS0084,2025-08-01,2025-08-11,1,100,11.1,100.0,74.0,5,4,4.4,10.0
ENR003329,LRN01101,CRS0079,2025-06-17,,0,51,8.8,61.9,80.4,2,3,,
ENR003330,LRN01101,CRS0032,2025-05-19,,0,20,2.0,29.4,,0,1,,
ENR003331,LRN01102,CRS0171,2025-03-14,,0,14,2.3,9.0,,0,1,,
ENR003332,LRN01103,CRS0002,2024-07-19,2024-08-19,1,100,38.8,100.0,69.7,5,14,5.0,31.0
ENR003333,LRN01104,CRS0066,2025-03-06,2025-03-18,1,100,13.4,100.0,74.2,5,7,3.8,12.0
ENR003334,LRN01105,CRS0129,2025-04-03,2025-06-02,1,100,19.4,89.5,55.4,5,8,4.4,60.0
ENR003335,LRN01105,CRS0141,2025-07-03,,0,33,17.5,42.1,85.5,1,10,,
ENR003336,LRN01106,CRS0046,2025-05-01,2025-05-17,1,100,19.4,100.0,84.4,5,8,4.4,16.0
ENR003337,LRN01107,CRS0099,2025-09-22,2025-10-09,1,100,5.9,100.0,78.5,5,4,3.9,17.0
ENR003338,LRN01107,CRS0106,2025-11-03,,0,27,4.1,20.4,51.6,1,3,,
ENR003339,LRN01108,CRS0055,2025-02-25,,0,22,10.7,23.1,46.9,1,4,,
ENR003340,LRN01109,CRS0041,2026-01-08,2026-02-09,1,100,25.1,100.0,69.7,5,11,4.7,32.0
ENR003341,LRN01109,CRS0091,2025-12-19,,0,55,6.3,64.3,76.1,2,2,,
ENR003342,LRN01109,CRS0140,2026-02-01,2026-03-03,1,100,36.2,98.0,67.2,5,14,4.4,30.0
ENR003343,LRN01109,CRS0119,2026-02-21,,0,20,3.1,23.3,,0,1,,
ENR003344,LRN01109,CRS0107,2025-11-07,,0,25,6.7,17.6,58.7,1,4,,
ENR003345,LRN01109,CRS0171,2025-09-05,,0,67,15.0,67.8,29.1,3,7,,
ENR003346,LRN01109,CRS0134,2025-12-03,,0,12,1.6,15.2,,0,0,,
ENR003347,LRN01109,CRS0042,2025-09-27,,0,18,7.4,10.6,,0,5,,
ENR003348,LRN01109,CRS0147,2026-01-17,2026-02-17,1,100,32.2,100.0,72.9,5,12,5.0,31.0
ENR003349,LRN01109,CRS0001,2025-09-29,,0,25,1.5,17.2,78.0,1,1,,
ENR003350,LRN01109,CRS0158,2025-11-27,2025-12-08,1,100,13.0,88.4,68.6,5,5,4.2,11.0
ENR003351,LRN01109,CRS0177,2026-01-08,,0,21,2.6,29.7,55.5,1,1,,
ENR003352,LRN01109,CRS0192,2025-12-07,2026-02-24,1,100,84.6,100.0,63.2,5,30,4.8,79.0
ENR003353,LRN01109,CRS0160,2025-11-19,,0,84,46.2,78.6,88.3,4,20,,
ENR003354,LRN01109,CRS0174,2025-12-14,,0,62,33.6,54.1,64.4,3,20,,
ENR003355,LRN01110,CRS0027,2024-06-18,,0,4,1.6,0.0,,0,0,,
ENR003356,LRN01110,CRS0098,2024-05-15,,0,29,3.0,25.6,34.7,1,2,,
ENR003357,LRN01110,CRS0168,2024-03-03,2024-03-26,1,100,11.4,94.4,60.0,5,7,3.4,23.0
ENR003358,LRN01110,CRS0131,2024-05-30,,0,47,4.1,35.7,88.7,2,1,,
ENR003359,LRN01110,CRS0136,2024-07-10,,0,25,11.5,33.3,37.0,1,7,,
ENR003360,LRN01111,CRS0195,2024-11-30,,0,34,14.3,42.6,85.9,1,7,,
ENR003361,LRN01112,CRS0142,2024-06-26,,0,56,12.6,64.5,70.1,2,6,,
ENR003362,LRN01112,CRS0094,2024-06-18,,0,15,13.6,9.8,,0,4,,
ENR003363,LRN01113,CRS0150,2024-10-02,,0,77,47.5,68.1,78.2,3,22,,
ENR003364,LRN01113,CRS0009,2024-10-22,,0,38,8.7,44.6,76.9,1,7,,
ENR003365,LRN01113,CRS0152,2024-06-01,,0,15,1.8,28.2,,0,0,,
ENR003366,LRN01114,CRS0027,2024-09-06,2024-10-25,1,100,42.2,95.7,35.7,5,14,4.6,49.0
ENR003367,LRN01114,CRS0123,2024-11-30,,0,22,8.8,36.0,85.6,1,5,,
ENR003368,LRN01114,CRS0013,2024-10-25,2024-11-25,1,100,33.4,100.0,52.9,5,12,4.7,31.0
ENR003369,LRN01114,CRS0037,2025-02-07,,0,19,3.7,33.4,,0,2,,
ENR003370,LRN01114,CRS0087,2024-09-25,,0,31,6.9,38.8,56.6,1,4,,
ENR003371,LRN01114,CRS0112,2024-09-13,,0,28,1.7,42.0,52.1,1,1,,
ENR003372,LRN01114,CRS0011,2024-12-28,2025-02-12,1,100,36.0,100.0,75.5,5,12,4.8,46.0
ENR003373,LRN01114,CRS0031,2025-02-05,,0,29,25.2,14.1,85.2,1,9,,
ENR003374,LRN01114,CRS0118,2025-02-17,2025-05-21,1,100,66.5,94.0,49.1,5,28,4.4,93.0
ENR003375,LRN01114,CRS0010,2025-01-07,,0,25,2.1,12.1,63.1,1,1,,
ENR003376,LRN01114,CRS0038,2025-01-24,,0,25,8.4,25.2,31.0,1,6,,
ENR003377,LRN01114,CRS0074,2024-10-02,,0,46,16.4,38.4,71.2,2,11,,
ENR003378,LRN01115,CRS0016,2024-09-27,,0,24,9.1,25.7,65.6,1,4,,
ENR003379,LRN01115,CRS0123,2024-11-22,,0,30,9.9,34.4,66.2,1,7,,
ENR003380,LRN01115,CRS0086,2024-11-15,,0,14,1.4,12.6,,0,0,,
ENR003381,LRN01115,CRS0100,2024-11-03,,0,29,5.9,32.4,68.4,1,3,,
ENR003382,LRN01115,CRS0197,2025-01-29,,0,35,17.1,48.3,79.1,1,7,,
ENR003383,LRN01115,CRS0113,2024-09-24,,0,26,3.2,29.7,43.1,1,2,,
ENR003384,LRN01115,CRS0101,2024-09-26,,0,77,6.3,75.5,79.6,3,5,,
ENR003385,LRN01115,CRS0110,2024-12-19,,0,33,5.2,34.8,70.7,1,3,,
ENR003386,LRN01115,CRS0081,2024-09-05,,0,32,17.4,28.0,70.7,1,6,,
ENR003387,LRN01115,CRS0089,2024-09-22,,0,22,7.3,8.9,38.4,1,2,,
ENR003388,LRN01115,CRS0180,2025-01-14,2025-08-10,1,100,59.9,100.0,54.9,5,25,4.6,208.0
ENR003389,LRN01115,CRS0105,2024-08-25,2024-09-24,1,100,9.6,100.0,45.8,5,4,4.8,30.0
ENR003390,LRN01115,CRS0167,2024-08-25,,0,14,0.7,2.0,,0,0,,
ENR003391,LRN01116,CRS0085,2024-10-24,2024-11-17,1,100,29.5,92.5,71.9,5,12,4.7,24.0
ENR003392,LRN01117,CRS0185,2025-08-03,,0,30,9.9,34.5,60.7,1,4,,
ENR003393,LRN01117,CRS0146,2025-08-05,,0,44,3.3,35.8,68.8,2,1,,
ENR003394,LRN01118,CRS0057,2025-04-30,,0,32,4.2,44.5,37.6,1,3,,
ENR003395,LRN01118,CRS0004,2025-02-08,,0,27,12.0,38.5,49.2,1,7,,
ENR003396,LRN01118,CRS0164,2025-02-11,,0,6,0.9,14.4,,0,0,,
ENR003397,LRN01118,CRS0168,2024-12-15,,0,23,3.0,20.5,67.9,1,1,,
ENR003398,LRN01118,CRS0056,2024-11-19,,0,54,14.5,61.8,67.2,2,7,,
ENR003399,LRN01119,CRS0148,2024-06-21,,0,55,1.8,50.5,80.2,2,2,,
ENR003400,LRN01119,CRS0059,2024-06-07,,0,20,3.4,27.0,,0,1,,
ENR003401,LRN01119,CRS0121,2024-04-13,,0,27,1.7,37.3,34.7,1,2,,
ENR003402,LRN01120,CRS0047,2025-03-31,,0,15,2.0,13.7,,0,0,,
ENR003403,LRN01121,CRS0174,2024-08-04,,0,24,13.9,28.2,81.6,1,8,,
ENR003404,LRN01121,CRS0078,2024-10-30,,0,25,21.8,33.1,35.6,1,8,,
ENR003405,LRN01121,CRS0041,2024-08-29,,0,15,2.9,10.4,,0,1,,
ENR003406,LRN01121,CRS0064,2024-08-21,,0,45,20.1,42.3,75.9,2,10,,
ENR003407,LRN01122,CRS0190,2024-12-02,2025-03-16,1,100,35.8,100.0,68.8,5,15,4.7,104.0
ENR003408,LRN01123,CRS0192,2025-02-06,,0,8,6.5,4.7,,0,2,,
ENR003409,LRN01124,CRS0039,2024-03-17,,0,21,16.5,9.7,55.5,1,6,,
ENR003410,LRN01125,CRS0162,2025-12-04,,0,33,1.4,27.5,76.7,1,1,,
ENR003411,LRN01125,CRS0056,2026-01-13,2026-04-09,1,100,29.6,100.0,46.5,5,14,4.6,86.0
ENR003412,LRN01125,CRS0077,2026-01-05,,0,25,11.6,34.9,69.3,1,5,,
ENR003413,LRN01125,CRS0076,2025-09-28,,0,32,8.6,31.3,81.9,1,4,,
ENR003414,LRN01125,CRS0063,2025-10-18,,0,42,2.5,39.9,53.8,2,3,,
ENR003415,LRN01125,CRS0148,2026-01-02,,0,63,2.7,52.7,74.3,3,2,,
ENR003416,LRN01125,CRS0067,2025-11-03,2026-02-18,1,100,27.3,89.6,69.9,5,12,3.7,107.0
ENR003417,LRN01125,CRS0071,2026-01-29,,0,21,1.1,17.9,79.7,1,0,,
ENR003418,LRN01125,CRS0115,2025-12-21,,0,49,18.6,55.6,62.7,2,7,,
ENR003419,LRN01125,CRS0003,2025-10-30,,0,23,2.5,21.4,60.5,1,0,,
ENR003420,LRN01125,CRS0064,2025-11-10,,0,57,34.1,62.2,52.8,2,13,,
ENR003421,LRN01125,CRS0042,2025-12-22,,0,23,8.0,8.2,59.7,1,6,,
ENR003422,LRN01125,CRS0151,2025-10-02,,0,7,6.4,18.7,,0,2,,
ENR003423,LRN01125,CRS0070,2026-01-13,,0,36,3.1,25.9,53.7,1,2,,
ENR003424,LRN01126,CRS0130,2024-08-22,,0,8,1.4,16.6,,0,0,,
ENR003425,LRN01127,CRS0096,2025-06-07,2025-06-16,1,100,15.5,100.0,62.9,5,8,4.7,9.0
ENR003426,LRN01128,CRS0149,2024-09-13,,0,37,1.3,47.7,90.3,1,1,,
ENR003427,LRN01129,CRS0030,2025-03-07,,0,37,27.1,52.0,85.8,1,11,,
ENR003428,LRN01129,CRS0102,2025-05-01,,0,22,12.9,19.6,65.9,1,5,,
ENR003429,LRN01130,CRS0152,2024-11-22,2024-12-06,1,100,13.9,100.0,63.4,5,5,2.8,14.0
ENR003430,LRN01130,CRS0061,2025-01-01,,0,41,18.3,36.7,61.4,2,10,,
ENR003431,LRN01130,CRS0065,2024-10-14,2024-11-12,1,100,29.2,85.1,48.3,5,12,3.8,29.0
ENR003432,LRN01131,CRS0113,2025-01-10,,0,34,2.6,47.9,52.5,1,2,,
ENR003433,LRN01131,CRS0034,2025-01-08,,0,9,6.9,10.3,,0,2,,
ENR003434,LRN01131,CRS0004,2025-06-01,,0,21,14.5,6.5,55.4,1,6,,
ENR003435,LRN01132,CRS0171,2025-09-06,,0,26,4.5,11.5,73.1,1,2,,
ENR003436,LRN01133,CRS0009,2026-01-28,2026-03-06,1,100,53.5,87.8,61.4,5,20,4.5,37.0
ENR003437,LRN01133,CRS0038,2026-03-01,,0,16,8.8,27.5,,0,3,,
ENR003438,LRN01133,CRS0171,2025-12-09,,0,34,4.2,29.0,83.1,1,3,,
ENR003439,LRN01134,CRS0197,2025-10-18,,0,20,7.6,20.3,,0,4,,
ENR003440,LRN01135,CRS0019,2023-12-05,,0,11,5.2,1.0,,0,2,,
ENR003441,LRN01135,CRS0192,2023-11-30,2024-03-12,1,100,77.5,100.0,69.7,5,30,3.8,103.0
ENR003442,LRN01135,CRS0036,2024-02-05,2024-02-27,1,100,13.5,98.8,38.2,5,7,4.3,22.0
ENR003443,LRN01135,CRS0006,2023-12-10,,0,58,3.3,59.7,54.0,2,1,,
ENR003444,LRN01135,CRS0086,2024-04-14,2024-04-29,1,100,9.1,91.8,53.5,5,5,3.7,15.0
ENR003445,LRN01135,CRS0039,2024-02-16,,0,30,22.5,42.7,70.7,1,8,,
ENR003446,LRN01135,CRS0034,2024-01-12,,0,23,10.4,32.8,72.3,1,6,,
ENR003447,LRN01135,CRS0008,2023-12-13,2023-12-22,1,100,6.2,100.0,73.0,5,5,4.1,9.0
ENR003448,LRN01135,CRS0023,2024-04-15,,0,6,3.1,11.4,,0,1,,
ENR003449,LRN01135,CRS0129,2024-04-18,,0,30,6.6,18.5,55.2,1,2,,
ENR003450,LRN01135,CRS0026,2023-12-13,2024-01-07,1,100,20.0,100.0,72.3,5,10,3.8,25.0
ENR003451,LRN01135,CRS0010,2024-05-05,,0,31,1.9,34.4,38.1,1,1,,
ENR003452,LRN01135,CRS0004,2023-12-04,,0,30,17.5,17.4,77.1,1,8,,
ENR003453,LRN01135,CRS0035,2023-11-21,2023-12-10,1,100,10.3,99.7,50.5,5,5,4.2,19.0
ENR003454,LRN01135,CRS0105,2023-12-11,2023-12-21,1,100,9.2,100.0,63.0,5,4,3.8,10.0
ENR003455,LRN01136,CRS0102,2024-03-18,,0,23,12.9,19.3,83.2,1,6,,
ENR003456,LRN01136,CRS0117,2024-06-04,2024-09-23,1,100,87.4,96.6,41.7,5,28,3.5,111.0
ENR003457,LRN01136,CRS0088,2024-04-02,2024-04-19,1,100,12.5,98.0,38.4,5,8,5.0,17.0
ENR003458,LRN01136,CRS0098,2024-08-17,,0,31,3.4,28.8,54.0,1,2,,
ENR003459,LRN01136,CRS0056,2024-06-07,,0,77,20.3,66.3,81.0,3,11,,
ENR003460,LRN01136,CRS0120,2024-03-08,2024-03-18,1,100,6.1,100.0,41.9,5,3,3.5,10.0
ENR003461,LRN01136,CRS0069,2024-08-14,2024-08-27,1,100,6.9,89.3,36.5,5,5,4.6,13.0
ENR003462,LRN01136,CRS0085,2024-06-06,2024-07-21,1,100,27.6,100.0,61.5,5,12,4.6,45.0
ENR003463,LRN01136,CRS0040,2024-03-05,2024-05-21,1,100,45.1,97.7,42.7,5,19,3.7,77.0
ENR003464,LRN01136,CRS0053,2024-06-17,,0,45,3.6,51.2,46.3,2,1,,
ENR003465,LRN01136,CRS0082,2024-07-08,,0,20,1.4,7.8,,0,0,,
ENR003466,LRN01136,CRS0160,2024-04-14,,0,55,31.0,51.3,81.7,2,13,,
ENR003467,LRN01137,CRS0144,2025-01-05,,0,40,32.8,51.8,84.9,2,12,,
ENR003468,LRN01138,CRS0111,2024-07-12,,0,22,9.8,30.9,61.6,1,5,,
ENR003469,LRN01138,CRS0088,2024-03-27,,0,27,2.9,14.8,54.5,1,2,,
ENR003470,LRN01138,CRS0089,2024-09-10,,0,9,2.3,16.2,,0,1,,
ENR003471,LRN01138,CRS0024,2024-04-19,2024-05-25,1,100,37.7,96.8,51.1,5,15,3.4,36.0
ENR003472,LRN01139,CRS0044,2025-07-21,2025-08-22,1,100,45.2,85.7,62.0,5,20,3.9,32.0
ENR003473,LRN01140,CRS0087,2024-09-08,,0,27,6.9,35.9,50.8,1,3,,
ENR003474,LRN01140,CRS0106,2024-05-24,,0,30,7.3,15.7,55.3,1,3,,
ENR003475,LRN01140,CRS0078,2024-09-13,,0,14,5.5,26.4,,0,4,,
ENR003476,LRN01140,CRS0185,2024-05-27,,0,41,8.6,30.0,81.1,2,5,,
ENR003477,LRN01140,CRS0083,2024-04-23,,0,23,13.6,33.6,52.9,1,4,,
ENR003478,LRN01141,CRS0072,2025-12-15,,0,37,5.4,50.6,36.8,1,5,,
ENR003479,LRN01141,CRS0107,2025-09-16,,0,23,10.1,29.3,78.4,1,3,,
ENR003480,LRN01142,CRS0061,2024-02-13,,0,20,10.2,29.4,,0,5,,
ENR003481,LRN01142,CRS0128,2024-01-28,,0,69,26.0,57.0,74.4,3,13,,
ENR003482,LRN01142,CRS0177,2024-07-16,,0,24,2.7,15.9,73.2,1,1,,
ENR003483,LRN01142,CRS0162,2024-07-23,,0,49,2.4,62.9,62.5,2,1,,
ENR003484,LRN01143,CRS0077,2025-02-09,,0,16,8.2,16.4,,0,3,,
ENR003485,LRN01143,CRS0091,2025-02-21,,0,34,3.0,19.8,42.2,1,1,,
ENR003486,LRN01143,CRS0103,2025-04-17,,0,28,16.4,35.0,44.3,1,6,,
ENR003487,LRN01143,CRS0085,2025-04-25,2025-08-18,1,100,34.4,99.1,83.8,5,12,3.4,115.0
ENR003488,LRN01143,CRS0194,2025-03-11,,0,14,9.7,4.9,,0,4,,
ENR003489,LRN01143,CRS0118,2025-02-04,,0,34,26.6,42.0,87.3,1,9,,
ENR003490,LRN01143,CRS0162,2025-01-22,,0,39,2.8,49.4,64.5,1,1,,
ENR003491,LRN01143,CRS0119,2025-01-29,,0,4,0.4,16.0,,0,0,,
ENR003492,LRN01143,CRS0113,2025-02-26,,0,36,3.0,25.4,64.2,1,3,,
ENR003493,LRN01143,CRS0097,2025-03-28,2025-05-22,1,100,15.8,100.0,56.3,5,6,4.5,55.0
ENR003494,LRN01143,CRS0109,2025-01-31,,0,35,6.6,36.1,64.1,1,3,,
ENR003495,LRN01143,CRS0053,2025-02-06,,0,33,2.1,42.1,62.8,1,1,,
ENR003496,LRN01144,CRS0098,2024-03-16,,0,16,1.9,28.2,,0,1,,
ENR003497,LRN01144,CRS0174,2024-05-22,2024-08-16,1,100,72.0,100.0,56.9,5,33,3.3,86.0
ENR003498,LRN01144,CRS0160,2024-04-07,,0,28,12.4,16.9,63.1,1,6,,
ENR003499,LRN01145,CRS0143,2024-03-03,,0,42,1.8,47.9,62.2,2,1,,
ENR003500,LRN01146,CRS0058,2025-11-20,2026-01-03,1,100,60.8,98.2,56.0,5,27,3.6,44.0
ENR003501,LRN01146,CRS0003,2025-08-21,2025-08-28,1,100,8.9,100.0,42.1,5,4,4.6,7.0
ENR003502,LRN01147,CRS0024,2025-03-14,,0,79,29.9,83.5,69.8,3,12,,
ENR003503,LRN01148,CRS0108,2025-02-12,,0,22,3.4,9.4,73.1,1,2,,
ENR003504,LRN01148,CRS0170,2025-04-13,,0,8,0.2,13.1,,0,0,,
ENR003505,LRN01148,CRS0186,2025-01-18,,0,22,8.3,12.4,59.7,1,3,,
ENR003506,LRN01148,CRS0192,2025-04-01,,0,7,4.4,19.3,,0,2,,
ENR003507,LRN01148,CRS0067,2025-02-04,,0,21,6.2,11.8,90.0,1,2,,
ENR003508,LRN01149,CRS0152,2025-05-18,,0,24,2.1,25.3,59.3,1,1,,
ENR003509,LRN01150,CRS0049,2025-01-09,,0,38,12.8,35.0,42.3,1,8,,
ENR003510,LRN01151,CRS0163,2025-02-20,2025-03-07,1,100,14.7,100.0,78.1,5,6,3.4,15.0
ENR003511,LRN01151,CRS0181,2024-11-16,,0,50,24.4,56.2,52.1,2,10,,
ENR003512,LRN01152,CRS0065,2026-01-18,,0,26,6.7,22.6,45.4,1,3,,
ENR003513,LRN01152,CRS0093,2025-12-23,,0,46,15.6,37.0,90.5,2,6,,
ENR003514,LRN01152,CRS0083,2025-12-20,,0,52,25.8,54.3,39.4,2,11,,
ENR003515,LRN01153,CRS0127,2024-03-24,2024-04-14,1,100,36.7,88.1,73.5,5,15,4.5,21.0
ENR003516,LRN01153,CRS0048,2024-04-07,2024-05-29,1,100,63.3,98.0,68.7,5,23,4.3,52.0
ENR003517,LRN01154,CRS0155,2025-11-09,2026-01-17,1,100,54.5,93.9,76.8,5,24,4.7,69.0
ENR003518,LRN01155,CRS0153,2025-03-30,2025-05-14,1,100,70.0,100.0,66.0,5,28,3.5,45.0
ENR003519,LRN01156,CRS0176,2025-03-03,,0,10,0.5,3.6,,0,0,,
ENR003520,LRN01156,CRS0156,2025-01-25,,0,48,2.2,61.7,56.1,2,1,,
ENR003521,LRN01156,CRS0138,2025-01-01,,0,50,21.8,39.9,29.0,2,15,,
ENR003522,LRN01157,CRS0184,2025-11-16,2026-04-17,1,100,73.6,88.0,34.5,5,25,3.6,152.0
ENR003523,LRN01158,CRS0009,2025-07-21,,0,20,7.7,35.0,,0,4,,
ENR003524,LRN01159,CRS0114,2024-03-16,,0,31,7.8,41.0,39.5,1,5,,
ENR003525,LRN01159,CRS0112,2024-04-17,2024-05-01,1,100,8.9,100.0,25.7,5,4,3.6,14.0
ENR003526,LRN01159,CRS0014,2024-01-12,2024-02-11,1,100,23.8,96.0,65.9,5,8,4.1,30.0
ENR003527,LRN01160,CRS0168,2024-12-03,,0,43,4.8,47.5,57.6,2,3,,
ENR003528,LRN01161,CRS0063,2025-02-18,,0,19,1.6,19.8,,0,1,,
ENR003529,LRN01161,CRS0169,2025-04-21,,0,71,9.8,67.7,49.8,3,6,,
ENR003530,LRN01161,CRS0059,2024-12-20,,0,33,2.5,41.9,79.2,1,3,,
ENR003531,LRN01161,CRS0041,2025-05-10,,0,30,7.5,43.2,76.6,1,3,,
ENR003532,LRN01161,CRS0198,2025-04-24,,0,27,5.0,16.7,59.2,1,3,,
ENR003533,LRN01161,CRS0140,2025-03-12,,0,48,18.3,54.7,77.0,2,6,,
ENR003534,LRN01161,CRS0088,2025-02-28,,0,50,4.4,57.0,33.2,2,4,,
ENR003535,LRN01161,CRS0044,2025-02-18,,0,75,33.5,79.7,58.1,3,15,,
ENR003536,LRN01161,CRS0072,2024-12-25,,0,12,2.1,0.4,,0,1,,
ENR003537,LRN01161,CRS0074,2024-11-28,2025-02-28,1,100,61.8,100.0,78.4,5,24,4.0,92.0
ENR003538,LRN01161,CRS0064,2025-03-06,2025-06-05,1,100,69.5,90.4,80.6,5,23,4.2,91.0
ENR003539,LRN01162,CRS0001,2024-08-10,,0,29,1.3,24.8,71.3,1,1,,
ENR003540,LRN01163,CRS0058,2025-03-18,,0,40,17.8,35.9,33.8,2,10,,
ENR003541,LRN01164,CRS0166,2025-02-17,,0,10,0.8,24.9,,0,0,,
ENR003542,LRN01164,CRS0192,2024-11-23,2025-05-14,1,100,83.8,99.0,94.4,5,30,3.7,172.0
ENR003543,LRN01164,CRS0024,2024-11-26,,0,39,8.9,51.0,65.9,1,5,,
ENR003544,LRN01165,CRS0008,2024-09-26,2024-10-08,1,100,6.6,96.0,87.5,5,5,3.8,12.0
ENR003545,LRN01166,CRS0114,2025-09-23,,0,4,1.5,5.4,,0,0,,
ENR003546,LRN01166,CRS0012,2025-06-05,2025-06-22,1,100,14.5,100.0,78.2,5,8,4.3,17.0
ENR003547,LRN01167,CRS0082,2025-04-26,,0,19,1.3,29.0,,0,0,,
ENR003548,LRN01167,CRS0106,2024-12-21,2025-04-30,1,100,23.5,85.2,56.2,5,12,4.3,130.0
ENR003549,LRN01168,CRS0049,2025-10-01,2026-12-31,1,100,54.5,97.8,61.1,5,23,4.6,456.0
ENR003550,LRN01169,CRS0071,2024-10-04,,0,22,0.6,34.3,48.5,1,0,,
ENR003551,LRN01169,CRS0006,2024-08-01,,0,3,0.2,0.0,,0,0,,
ENR003552,LRN01169,CRS0062,2024-08-26,,0,16,2.0,1.1,,0,1,,
ENR003553,LRN01170,CRS0005,2024-03-29,,0,34,15.9,43.1,88.5,1,8,,
ENR003554,LRN01171,CRS0008,2025-07-25,,0,21,0.7,17.8,77.2,1,1,,
ENR003555,LRN01172,CRS0200,2025-04-14,,0,14,4.6,17.1,,0,2,,
ENR003556,LRN01172,CRS0168,2025-02-28,,0,31,3.9,44.9,67.4,1,2,,
ENR003557,LRN01173,CRS0061,2025-04-22,,0,26,9.5,38.0,54.5,1,6,,
ENR003558,LRN01173,CRS0080,2025-04-20,,0,2,0.4,0.0,,0,0,,
ENR003559,LRN01174,CRS0101,2025-07-24,,0,36,2.4,30.5,42.1,1,2,,
ENR003560,LRN01175,CRS0113,2025-08-05,,0,13,1.6,23.8,,0,1,,
ENR003561,LRN01175,CRS0041,2025-12-01,,0,38,6.0,46.5,78.2,1,4,,
ENR003562,LRN01175,CRS0097,2025-11-05,,0,8,0.6,3.6,,0,0,,
ENR003563,LRN01176,CRS0115,2025-02-06,,0,16,4.5,29.4,,0,2,,
ENR003564,LRN01176,CRS0014,2024-12-21,2025-01-10,1,100,17.9,100.0,41.3,5,8,3.8,20.0
ENR003565,LRN01176,CRS0011,2025-04-02,2025-04-29,1,100,37.9,90.7,83.2,5,12,3.7,27.0
ENR003566,LRN01177,CRS0185,2025-01-04,,0,29,9.4,16.0,51.7,1,3,,
ENR003567,LRN01178,CRS0102,2025-04-11,,0,16,5.5,5.5,,0,4,,
ENR003568,LRN01178,CRS0187,2025-03-09,2025-06-10,1,100,90.0,85.0,53.4,5,29,4.2,93.0
ENR003569,LRN01179,CRS0190,2026-02-04,,0,36,12.4,46.7,59.6,1,5,,
ENR003570,LRN01179,CRS0179,2026-02-03,,0,12,2.1,7.2,,0,1,,
ENR003571,LRN01179,CRS0184,2026-01-04,,0,51,23.0,54.2,80.7,2,13,,
ENR003572,LRN01179,CRS0073,2025-10-17,,0,14,4.5,9.3,,0,2,,
ENR003573,LRN01180,CRS0124,2026-01-22,,0,63,24.0,76.2,68.5,3,14,,
ENR003574,LRN01181,CRS0034,2024-12-25,,0,25,10.4,21.7,67.2,1,7,,
ENR003575,LRN01181,CRS0013,2024-08-26,2024-11-27,1,100,32.0,97.7,45.4,5,12,4.7,93.0
ENR003576,LRN01182,CRS0147,2024-01-08,,0,27,7.5,22.2,77.2,1,3,,
ENR003577,LRN01182,CRS0131,2024-06-11,2024-06-18,1,100,8.9,96.8,75.8,5,4,3.0,7.0
ENR003578,LRN01182,CRS0140,2024-06-20,2024-07-17,1,100,36.0,94.9,62.0,5,14,4.5,27.0
ENR003579,LRN01182,CRS0078,2024-01-21,,0,81,59.6,90.3,80.7,4,26,,
ENR003580,LRN01183,CRS0086,2025-05-25,,0,13,1.0,21.4,,0,0,,
ENR003581,LRN01184,CRS0193,2025-06-26,,0,56,34.2,58.1,39.5,2,12,,
ENR003582,LRN01184,CRS0039,2025-08-26,,0,42,32.3,38.5,63.4,2,12,,
ENR003583,LRN01184,CRS0075,2025-07-25,,0,11,8.7,23.6,,0,3,,
ENR003584,LRN01184,CRS0192,2025-10-03,,0,46,26.4,49.0,80.1,2,13,,
ENR003585,LRN01185,CRS0171,2025-04-12,,0,53,12.6,56.6,59.6,2,5,,
ENR003586,LRN01185,CRS0185,2025-01-30,,0,19,3.9,21.3,,0,2,,
ENR003587,LRN01185,CRS0004,2025-02-14,,0,49,16.5,47.9,52.2,2,14,,
ENR003588,LRN01185,CRS0005,2025-01-10,,0,17,4.7,12.3,,0,4,,
ENR003589,LRN01185,CRS0028,2024-12-16,,0,14,2.8,11.4,,0,1,,
ENR003590,LRN01185,CRS0001,2025-05-09,,0,20,1.0,29.9,,0,0,,
ENR003591,LRN01185,CRS0182,2025-04-04,,0,14,0.7,4.3,,0,0,,
ENR003592,LRN01185,CRS0034,2025-04-25,,0,11,4.8,16.1,,0,3,,
ENR003593,LRN01185,CRS0022,2025-05-15,,0,17,7.8,3.0,,0,4,,
ENR003594,LRN01185,CRS0049,2025-01-02,,0,1,0.4,0.0,,0,0,,
ENR003595,LRN01185,CRS0164,2025-04-22,,0,10,2.4,10.0,,0,1,,
ENR003596,LRN01185,CRS0033,2025-03-27,,0,45,28.5,49.3,59.4,2,14,,
ENR003597,LRN01185,CRS0036,2024-12-06,,0,13,1.3,9.7,,0,0,,
ENR003598,LRN01185,CRS0010,2024-12-25,2025-01-24,1,100,10.7,100.0,56.6,5,6,4.4,30.0
ENR003599,LRN01185,CRS0056,2025-04-22,,0,15,3.4,5.0,,0,2,,
ENR003600,LRN01186,CRS0153,2025-05-25,,0,33,18.6,25.6,24.7,1,9,,
ENR003601,LRN01186,CRS0158,2025-07-16,2025-07-26,1,100,11.0,100.0,75.3,5,5,4.2,10.0
ENR003602,LRN01186,CRS0142,2025-11-06,,0,9,2.1,13.6,,0,1,,
ENR003603,LRN01186,CRS0147,2025-08-18,2025-09-07,1,100,27.9,85.5,55.9,5,12,4.1,20.0
ENR003604,LRN01186,CRS0200,2025-09-08,,0,5,1.5,0.0,,0,0,,
ENR003605,LRN01186,CRS0063,2025-10-29,,0,37,3.4,33.3,91.1,1,2,,
ENR003606,LRN01186,CRS0152,2025-07-27,,0,28,4.2,29.1,87.0,1,1,,
ENR003607,LRN01186,CRS0165,2025-08-29,,0,15,6.3,21.7,,0,4,,
ENR003608,LRN01186,CRS0140,2025-10-17,2025-11-24,1,100,38.7,91.6,72.1,5,14,4.4,38.0
ENR003609,LRN01186,CRS0124,2025-07-20,,0,32,17.7,45.3,60.0,1,7,,
ENR003610,LRN01186,CRS0160,2025-07-21,,0,26,7.8,16.3,84.9,1,6,,
ENR003611,LRN01186,CRS0121,2025-05-30,2025-06-10,1,100,12.2,100.0,77.0,5,8,4.1,11.0
ENR003612,LRN01186,CRS0157,2025-08-08,2025-09-17,1,100,45.7,87.2,82.8,5,15,4.8,40.0
ENR003613,LRN01186,CRS0150,2025-08-13,,0,18,8.4,27.1,,0,5,,
ENR003614,LRN01186,CRS0145,2025-10-22,2025-11-27,1,100,34.6,100.0,70.3,5,16,3.7,36.0
ENR003615,LRN01187,CRS0179,2025-05-06,2025-06-01,1,100,19.1,96.8,67.8,5,10,4.3,26.0
ENR003616,LRN01188,CRS0152,2025-11-03,2025-11-25,1,100,14.1,97.7,75.0,5,5,4.9,22.0
ENR003617,LRN01189,CRS0040,2024-11-30,,0,27,9.9,33.0,68.1,1,5,,
ENR003618,LRN01189,CRS0010,2024-09-24,2024-10-02,1,100,8.4,85.2,86.2,5,6,4.5,8.0
ENR003619,LRN01190,CRS0145,2024-05-30,2024-07-13,1,100,40.1,100.0,76.7,5,16,3.4,44.0
ENR003620,LRN01190,CRS0061,2024-06-11,,0,26,16.8,36.6,67.5,1,6,,
ENR003621,LRN01191,CRS0164,2024-12-05,2025-01-22,1,100,28.1,100.0,84.2,5,13,4.4,48.0
ENR003622,LRN01192,CRS0043,2025-08-19,,0,42,14.2,35.2,48.9,2,6,,
ENR003623,LRN01193,CRS0114,2024-09-08,,0,32,13.4,43.6,66.8,1,5,,
ENR003624,LRN01193,CRS0018,2024-10-13,,0,23,1.2,9.3,65.0,1,1,,
ENR003625,LRN01193,CRS0198,2025-01-11,,0,13,3.7,21.8,,0,1,,
ENR003626,LRN01193,CRS0115,2024-10-02,,0,29,11.3,25.5,51.9,1,4,,
ENR003627,LRN01193,CRS0087,2024-10-04,,0,22,6.0,11.7,72.3,1,2,,
ENR003628,LRN01193,CRS0081,2024-08-11,2024-11-21,1,100,46.4,100.0,60.6,5,21,3.4,102.0
ENR003629,LRN01193,CRS0123,2024-08-22,,0,5,2.6,10.9,,0,1,,
ENR003630,LRN01194,CRS0066,2024-10-10,2024-10-15,1,100,12.6,100.0,69.3,5,7,3.5,5.0
ENR003631,LRN01194,CRS0070,2024-11-28,2024-12-03,1,100,11.3,95.0,67.4,5,7,3.9,5.0
ENR003632,LRN01195,CRS0160,2024-04-22,,0,32,17.5,22.8,79.1,1,7,,
ENR003633,LRN01195,CRS0143,2024-04-18,2024-04-26,1,100,6.0,100.0,53.1,5,4,4.5,8.0
ENR003634,LRN01195,CRS0129,2024-05-02,,0,56,8.6,68.5,50.9,2,4,,
ENR003635,LRN01195,CRS0018,2024-08-07,2024-08-24,1,100,11.3,91.5,78.2,5,6,4.2,17.0
ENR003636,LRN01196,CRS0125,2024-08-22,,0,14,12.5,4.5,,0,4,,
ENR003637,LRN01197,CRS0160,2024-06-28,,0,21,9.2,18.8,56.5,1,5,,
ENR003638,LRN01198,CRS0138,2024-07-07,,0,51,37.2,54.2,58.3,2,15,,
ENR003639,LRN01198,CRS0145,2024-08-26,,0,25,4.4,31.0,73.9,1,4,,
ENR003640,LRN01198,CRS0136,2024-11-07,,0,42,23.5,34.7,73.3,2,11,,
ENR003641,LRN01199,CRS0102,2024-11-27,,0,35,19.8,32.5,52.8,1,9,,
ENR003642,LRN01200,CRS0159,2024-06-26,2024-08-12,1,100,15.1,100.0,45.0,5,7,4.1,47.0
ENR003643,LRN01201,CRS0155,2024-03-24,,0,12,5.6,11.1,,0,2,,
ENR003644,LRN01202,CRS0010,2024-03-19,,0,27,1.6,27.2,80.0,1,1,,
ENR003645,LRN01203,CRS0157,2024-09-18,2024-10-26,1,100,39.0,95.4,50.1,5,15,4.2,38.0
ENR003646,LRN01203,CRS0015,2024-07-17,,0,36,11.8,45.1,43.1,1,4,,
ENR003647,LRN01203,CRS0006,2024-09-16,,0,45,2.6,35.4,65.0,2,1,,
ENR003648,LRN01203,CRS0011,2024-06-14,2024-07-19,1,100,38.3,100.0,72.0,5,12,4.8,35.0
ENR003649,LRN01203,CRS0040,2024-10-07,,0,7,2.1,19.4,,0,1,,
ENR003650,LRN01204,CRS0082,2024-11-14,,0,45,4.1,35.5,40.2,2,1,,
ENR003651,LRN01204,CRS0120,2024-07-31,,0,20,0.6,32.6,,0,0,,
ENR003652,LRN01205,CRS0077,2024-05-23,,0,63,25.0,67.3,43.1,3,13,,
ENR003653,LRN01206,CRS0102,2024-03-22,,0,54,18.1,50.2,80.2,2,14,,
ENR003654,LRN01206,CRS0012,2024-08-11,,0,11,1.5,10.0,,0,0,,
ENR003655,LRN01207,CRS0050,2025-12-06,,0,39,2.3,31.0,81.9,1,1,,
ENR003656,LRN01207,CRS0029,2025-11-11,,0,17,5.5,23.7,,0,1,,
ENR003657,LRN01207,CRS0004,2025-09-04,2025-11-30,1,100,61.3,100.0,66.6,5,28,4.1,87.0
ENR003658,LRN01207,CRS0038,2026-01-27,,0,28,11.6,16.6,73.4,1,6,,
ENR003659,LRN01207,CRS0039,2026-01-05,,0,33,11.7,44.0,82.0,1,9,,
ENR003660,LRN01208,CRS0001,2024-06-23,,0,35,3.3,42.4,87.5,1,1,,
ENR003661,LRN01208,CRS0107,2024-06-27,,0,27,6.5,31.1,23.1,1,4,,
ENR003662,LRN01208,CRS0117,2024-04-08,,0,12,7.3,25.9,,0,3,,
ENR003663,LRN01208,CRS0082,2024-06-17,,0,37,2.6,50.0,55.6,1,1,,
ENR003664,LRN01208,CRS0115,2024-03-15,2024-05-20,1,100,35.6,100.0,71.5,5,14,4.5,66.0
ENR003665,LRN01208,CRS0112,2024-08-27,,0,31,2.8,20.9,47.1,1,1,,
ENR003666,LRN01208,CRS0156,2024-05-29,,0,37,3.7,47.0,63.0,1,1,,
ENR003667,LRN01208,CRS0120,2024-04-28,,0,11,0.4,16.8,,0,0,,
ENR003668,LRN01208,CRS0025,2024-06-18,,0,27,4.3,39.1,27.5,1,1,,
ENR003669,LRN01208,CRS0104,2024-08-03,,0,17,0.7,13.8,,0,0,,
ENR003670,LRN01208,CRS0081,2024-06-27,2024-10-11,1,100,62.9,98.7,77.0,5,21,4.4,106.0
ENR003671,LRN01208,CRS0080,2024-05-20,,0,10,2.5,8.1,,0,0,,
ENR003672,LRN01208,CRS0135,2024-06-01,,0,27,3.5,21.3,38.1,1,2,,
ENR003673,LRN01208,CRS0070,2024-07-17,,0,33,3.1,43.9,46.5,1,2,,
ENR003674,LRN01208,CRS0110,2024-03-21,,0,26,3.2,26.8,89.3,1,2,,
ENR003675,LRN01209,CRS0151,2025-04-29,,0,22,17.6,16.8,41.3,1,7,,
ENR003676,LRN01209,CRS0196,2025-03-31,,0,15,3.6,16.7,,0,2,,
ENR003677,LRN01210,CRS0036,2024-09-19,,0,16,2.0,1.7,,0,1,,
ENR003678,LRN01210,CRS0128,2024-12-15,2025-05-01,1,100,39.2,91.0,57.5,5,19,3.7,137.0
ENR003679,LRN01210,CRS0123,2024-12-18,,0,12,6.3,9.8,,0,2,,
ENR003680,LRN01211,CRS0103,2025-04-22,,0,30,12.9,24.1,84.3,1,6,,
ENR003681,LRN01212,CRS0080,2024-06-01,2024-08-26,1,100,23.2,100.0,53.5,5,8,4.8,86.0
ENR003682,LRN01213,CRS0125,2025-03-12,,0,59,25.1,46.1,50.5,2,19,,
ENR003683,LRN01213,CRS0154,2024-12-30,2025-01-18,1,100,11.5,100.0,64.7,5,5,4.2,19.0
ENR003684,LRN01214,CRS0086,2024-04-01,2024-04-12,1,100,8.7,100.0,70.7,5,5,4.8,11.0
ENR003685,LRN01215,CRS0017,2024-08-31,2024-09-11,1,100,17.7,93.7,84.2,5,8,4.4,11.0
ENR003686,LRN01215,CRS0035,2024-11-10,2024-11-17,1,100,10.4,88.4,30.7,5,5,4.8,7.0
ENR003687,LRN01215,CRS0066,2025-01-11,,0,5,0.6,2.0,,0,0,,
ENR003688,LRN01215,CRS0028,2024-08-21,,0,57,8.3,46.7,66.6,2,5,,
ENR003689,LRN01215,CRS0019,2024-10-25,2024-12-09,1,100,58.5,100.0,50.2,5,20,4.8,45.0
ENR003690,LRN01215,CRS0015,2024-09-27,,0,60,11.6,71.6,63.7,3,7,,
ENR003691,LRN01216,CRS0076,2024-11-12,,0,17,4.0,27.1,,0,2,,
ENR003692,LRN01216,CRS0199,2024-10-12,,0,2,0.6,0.0,,0,0,,
ENR003693,LRN01216,CRS0057,2024-11-16,,0,32,5.5,31.2,39.1,1,3,,
ENR003694,LRN01216,CRS0050,2024-12-24,,0,48,3.1,40.3,83.4,2,2,,
ENR003695,LRN01216,CRS0049,2024-12-19,,0,23,10.6,22.2,60.0,1,5,,
ENR003696,LRN01217,CRS0153,2024-11-03,,0,20,11.5,26.5,,0,5,,
ENR003697,LRN01217,CRS0145,2024-07-20,,0,25,8.6,34.7,53.8,1,4,,
ENR003698,LRN01218,CRS0174,2024-12-10,,0,16,14.2,22.5,,0,5,,
ENR003699,LRN01219,CRS0068,2024-01-31,,0,14,0.5,4.7,,0,0,,
ENR003700,LRN01220,CRS0014,2024-06-16,,0,22,3.9,33.1,38.1,1,1,,
ENR003701,LRN01221,CRS0084,2024-12-04,,0,32,2.3,44.4,72.4,1,1,,
ENR003702,LRN01221,CRS0096,2025-01-14,,0,23,2.1,28.8,75.6,1,1,,
ENR003703,LRN01222,CRS0046,2024-11-07,2024-11-29,1,100,22.6,100.0,55.5,5,8,4.3,22.0
ENR003704,LRN01222,CRS0006,2024-11-23,,0,39,2.4,48.8,65.6,1,0,,
ENR003705,LRN01223,CRS0190,2024-07-13,,0,14,4.1,5.5,,0,2,,
ENR003706,LRN01224,CRS0114,2024-09-18,,0,31,10.7,18.7,61.9,1,5,,
ENR003707,LRN01224,CRS0163,2024-09-04,,0,27,3.8,38.9,59.8,1,1,,
ENR003708,LRN01224,CRS0099,2024-09-30,,0,34,2.3,28.5,41.7,1,1,,
ENR003709,LRN01224,CRS0071,2024-08-30,2024-09-24,1,100,5.9,100.0,83.8,5,3,3.7,25.0
ENR003710,LRN01225,CRS0178,2024-06-21,2024-07-04,1,100,21.5,100.0,83.2,5,11,4.3,13.0
ENR003711,LRN01225,CRS0007,2024-05-09,,0,26,3.2,35.6,57.9,1,2,,
ENR003712,LRN01225,CRS0177,2024-03-10,2024-03-21,1,100,14.9,97.2,84.4,5,6,4.6,11.0
ENR003713,LRN01226,CRS0005,2025-02-08,2025-03-19,1,100,50.9,100.0,69.9,5,24,4.4,39.0
ENR003714,LRN01227,CRS0166,2024-07-14,,0,30,2.9,21.1,79.4,1,1,,
ENR003715,LRN01228,CRS0142,2025-01-17,,0,35,5.8,45.6,42.2,1,4,,
ENR003716,LRN01228,CRS0199,2024-12-30,2025-02-15,1,100,43.2,100.0,44.5,5,15,4.9,47.0
ENR003717,LRN01228,CRS0014,2025-01-19,,0,12,1.8,7.8,,0,0,,
ENR003718,LRN01229,CRS0126,2024-04-18,,0,27,3.3,38.1,68.2,1,1,,
ENR003719,LRN01230,CRS0114,2024-10-14,,0,28,14.6,22.3,47.6,1,5,,
ENR003720,LRN01231,CRS0174,2023-12-27,,0,48,21.2,37.1,69.2,2,16,,
ENR003721,LRN01232,CRS0046,2025-10-25,,0,26,3.0,30.3,64.6,1,2,,
ENR003722,LRN01233,CRS0059,2025-08-09,,0,17,2.3,24.4,,0,1,,
ENR003723,LRN01233,CRS0047,2025-07-07,,0,39,5.3,28.3,84.3,1,2,,
ENR003724,LRN01233,CRS0041,2025-10-15,,0,28,7.9,13.8,79.9,1,3,,
ENR003725,LRN01234,CRS0186,2025-10-12,,0,32,12.7,41.4,29.5,1,5,,
ENR003726,LRN01234,CRS0181,2025-09-27,,0,59,27.2,57.0,67.8,2,12,,
ENR003727,LRN01234,CRS0163,2025-10-11,,0,39,3.8,50.1,65.1,1,2,,
ENR003728,LRN01235,CRS0006,2025-07-09,,0,6,0.2,12.5,,0,0,,
ENR003729,LRN01236,CRS0155,2025-07-21,2025-09-01,1,100,60.1,93.4,63.9,5,24,3.9,42.0
ENR003730,LRN01236,CRS0124,2025-04-08,2025-05-15,1,100,45.7,93.3,83.4,5,23,4.1,37.0
ENR003731,LRN01236,CRS0147,2025-03-18,2025-04-06,1,100,30.5,100.0,60.8,5,12,4.1,19.0
ENR003732,LRN01236,CRS0024,2025-05-04,,0,30,8.8,15.6,33.6,1,4,,
ENR003733,LRN01237,CRS0057,2024-10-25,2024-12-04,1,100,26.3,100.0,56.8,5,9,4.4,40.0
ENR003734,LRN01238,CRS0103,2024-11-14,,0,9,2.6,20.7,,0,2,,
ENR003735,LRN01239,CRS0079,2024-11-23,,0,24,2.6,18.3,65.5,1,1,,
ENR003736,LRN01239,CRS0116,2024-11-04,,0,32,13.8,32.6,61.1,1,11,,
ENR003737,LRN01239,CRS0155,2024-08-01,,0,30,20.4,30.5,60.4,1,7,,
ENR003738,LRN01239,CRS0153,2024-08-28,2025-03-10,1,100,73.9,99.5,48.6,5,28,4.6,194.0
ENR003739,LRN01240,CRS0043,2025-04-09,,0,41,13.7,36.4,48.2,2,6,,
ENR003740,LRN01241,CRS0005,2025-08-07,2025-11-22,1,100,52.9,93.3,55.8,5,24,4.7,107.0
ENR003741,LRN01242,CRS0151,2024-10-22,,0,8,7.0,0.0,,0,2,,
ENR003742,LRN01242,CRS0160,2024-10-07,,0,18,8.8,28.2,,0,4,,
ENR003743,LRN01242,CRS0153,2024-12-05,,0,19,9.3,14.5,,0,5,,
ENR003744,LRN01242,CRS0130,2024-11-19,,0,41,7.9,38.0,46.7,2,4,,
ENR003745,LRN01242,CRS0068,2024-11-26,,0,7,0.2,0.0,,0,0,,
ENR003746,LRN01242,CRS0125,2024-07-09,2024-11-19,1,100,88.8,99.8,61.6,5,33,3.5,133.0
ENR003747,LRN01243,CRS0187,2025-01-10,2025-03-30,1,100,93.5,87.8,70.8,5,29,4.0,79.0
ENR003748,LRN01243,CRS0193,2025-01-19,,0,15,6.6,7.9,,0,3,,
ENR003749,LRN01244,CRS0096,2024-12-12,,0,33,3.4,27.2,66.6,1,2,,
ENR003750,LRN01245,CRS0173,2024-03-28,,0,62,39.0,56.1,65.9,3,15,,
ENR003751,LRN01245,CRS0031,2024-05-08,,0,6,3.3,15.2,,0,1,,
ENR003752,LRN01246,CRS0092,2024-03-15,,0,10,3.3,10.6,,0,1,,
ENR003753,LRN01247,CRS0134,2025-05-04,,0,18,2.5,6.9,,0,1,,
ENR003754,LRN01247,CRS0190,2025-06-25,2025-09-16,1,100,39.3,100.0,29.3,5,15,4.4,83.0
ENR003755,LRN01248,CRS0082,2025-01-29,,0,32,1.4,34.2,82.0,1,1,,
ENR003756,LRN01248,CRS0159,2025-06-22,,0,30,3.0,32.2,36.4,1,2,,
ENR003757,LRN01248,CRS0074,2025-03-25,2025-05-17,1,100,61.8,93.0,71.6,5,24,4.6,53.0
ENR003758,LRN01248,CRS0083,2025-03-13,,0,26,16.0,18.2,60.7,1,5,,
ENR003759,LRN01249,CRS0183,2025-07-04,,0,36,18.2,30.8,67.3,1,8,,
ENR003760,LRN01249,CRS0181,2025-04-04,,0,38,12.8,43.5,35.2,1,7,,
ENR003761,LRN01249,CRS0188,2025-03-03,,0,35,7.9,22.5,82.4,1,4,,
ENR003762,LRN01249,CRS0167,2025-06-10,2025-06-17,1,100,5.6,93.9,48.2,5,4,4.4,7.0
ENR003763,LRN01249,CRS0084,2025-03-15,,0,34,2.6,29.1,77.4,1,1,,
ENR003764,LRN01249,CRS0197,2025-03-19,,0,22,5.5,15.8,56.5,1,4,,
ENR003765,LRN01249,CRS0168,2025-02-15,,0,10,1.4,11.4,,0,0,,
ENR003766,LRN01249,CRS0184,2025-03-29,2025-06-20,1,100,63.4,100.0,59.7,5,25,4.8,83.0
ENR003767,LRN01249,CRS0196,2025-03-04,2025-04-15,1,100,29.1,99.4,66.6,5,13,4.0,42.0
ENR003768,LRN01249,CRS0199,2025-02-03,2025-03-16,1,100,35.8,100.0,85.8,5,15,4.2,41.0
ENR003769,LRN01250,CRS0185,2024-02-21,,0,37,8.5,50.0,78.1,1,5,,
ENR003770,LRN01251,CRS0071,2023-12-01,,0,61,3.5,74.5,28.5,3,1,,
ENR003771,LRN01251,CRS0042,2024-04-29,,0,17,10.9,12.1,,0,5,,
ENR003772,LRN01252,CRS0128,2025-12-20,,0,22,8.1,34.5,54.8,1,4,,
ENR003773,LRN01253,CRS0164,2025-02-28,,0,15,4.7,16.4,,0,2,,
ENR003774,LRN01253,CRS0034,2025-04-15,,0,23,13.0,12.5,36.4,1,6,,
ENR003775,LRN01254,CRS0002,2025-11-26,2026-01-05,1,100,34.5,100.0,64.6,5,14,4.6,40.0
ENR003776,LRN01255,CRS0118,2024-04-25,2024-06-06,1,100,67.1,100.0,63.1,5,28,4.5,42.0
ENR003777,LRN01255,CRS0170,2024-02-06,,0,69,4.2,79.8,55.0,3,2,,
ENR003778,LRN01256,CRS0062,2024-06-06,,0,26,2.2,25.8,61.2,1,1,,
ENR003779,LRN01256,CRS0002,2024-04-07,,0,23,6.2,8.9,53.0,1,3,,
ENR003780,LRN01256,CRS0196,2024-06-16,,0,46,9.1,32.8,42.2,2,6,,
ENR003781,LRN01256,CRS0070,2024-04-16,,0,30,1.6,17.5,74.6,1,2,,
ENR003782,LRN01256,CRS0093,2024-04-17,,0,47,13.8,37.1,71.4,2,6,,
ENR003783,LRN01256,CRS0040,2024-02-05,2024-04-05,1,100,42.3,100.0,73.6,5,19,4.2,60.0
ENR003784,LRN01257,CRS0175,2025-06-21,,0,46,4.3,36.7,66.9,2,1,,
ENR003785,LRN01258,CRS0189,2024-01-17,2024-08-14,1,100,88.2,99.5,75.0,5,34,3.9,210.0
ENR003786,LRN01258,CRS0092,2024-02-11,,0,45,9.7,31.6,72.1,2,7,,
ENR003787,LRN01258,CRS0132,2024-04-30,,0,30,3.9,26.2,62.1,1,2,,
ENR003788,LRN01258,CRS0031,2024-02-24,2024-08-18,1,100,92.4,100.0,43.3,5,31,4.0,176.0
ENR003789,LRN01259,CRS0004,2024-03-15,,0,16,6.7,11.0,,0,4,,
ENR003790,LRN01260,CRS0011,2025-04-07,,0,9,2.0,9.5,,0,1,,
ENR003791,LRN01260,CRS0118,2025-01-01,,0,10,7.2,1.2,,0,2,,
ENR003792,LRN01260,CRS0111,2025-04-02,2025-06-16,1,100,56.1,88.1,47.7,5,27,4.3,75.0
ENR003793,LRN01260,CRS0097,2025-01-21,,0,16,2.4,1.2,,0,1,,
ENR003794,LRN01260,CRS0136,2025-02-24,,0,21,16.1,19.7,63.3,1,5,,
ENR003795,LRN01260,CRS0119,2025-04-22,,0,10,1.6,0.0,,0,0,,
ENR003796,LRN01260,CRS0086,2025-06-04,,0,7,0.6,18.3,,0,0,,
ENR003797,LRN01260,CRS0032,2025-03-07,,0,25,2.9,22.0,66.7,1,2,,
ENR003798,LRN01260,CRS0092,2025-05-11,,0,13,3.2,0.3,,0,2,,
ENR003799,LRN01260,CRS0087,2025-05-21,,0,4,1.2,0.0,,0,0,,
ENR003800,LRN01260,CRS0120,2025-05-18,2025-05-25,1,100,6.6,100.0,63.8,5,3,4.3,7.0
ENR003801,LRN01260,CRS0103,2025-04-04,,0,28,12.6,33.4,36.3,1,6,,
ENR003802,LRN01261,CRS0011,2026-01-14,,0,23,5.8,34.7,32.7,1,2,,
ENR003803,LRN01262,CRS0085,2025-11-23,,0,34,10.4,44.2,75.6,1,4,,
ENR003804,LRN01262,CRS0084,2025-12-14,2025-12-24,1,100,10.6,100.0,53.5,5,4,3.2,10.0
ENR003805,LRN01263,CRS0157,2025-09-18,,0,59,17.2,45.6,60.1,2,8,,
ENR003806,LRN01264,CRS0139,2025-01-14,,0,27,12.2,28.1,83.1,1,4,,
ENR003807,LRN01264,CRS0152,2024-12-28,2025-04-07,1,100,15.7,100.0,78.8,5,5,4.6,100.0
ENR003808,LRN01264,CRS0125,2024-12-22,,0,14,11.3,8.8,,0,4,,
ENR003809,LRN01265,CRS0059,2025-02-04,,0,22,1.6,23.0,60.3,1,2,,
ENR003810,LRN01265,CRS0177,2025-01-21,,0,12,1.5,26.6,,0,0,,
ENR003811,LRN01265,CRS0049,2025-01-21,,0,38,17.6,39.2,76.0,1,8,,
ENR003812,LRN01265,CRS0044,2025-07-14,,0,21,9.8,16.3,61.1,1,4,,
ENR003813,LRN01266,CRS0040,2024-08-10,,0,10,2.9,10.7,,0,1,,
ENR003814,LRN01266,CRS0015,2024-04-18,,0,30,6.8,24.3,70.7,1,3,,
ENR003815,LRN01267,CRS0090,2025-05-29,,0,57,17.0,61.8,52.1,2,7,,
ENR003816,LRN01267,CRS0119,2025-10-02,,0,26,3.8,33.4,85.8,1,1,,
ENR003817,LRN01267,CRS0107,2025-05-27,,0,6,1.9,10.8,,0,0,,
ENR003818,LRN01267,CRS0108,2025-09-16,2025-10-19,1,100,29.3,100.0,67.1,5,12,4.3,33.0
ENR003819,LRN01268,CRS0041,2025-08-31,2025-09-28,1,100,29.6,97.8,26.7,5,11,4.1,28.0
ENR003820,LRN01269,CRS0107,2024-05-22,,0,19,7.8,4.7,,0,3,,
ENR003821,LRN01269,CRS0112,2024-07-13,2024-07-23,1,100,8.5,97.3,63.5,5,4,3.7,10.0
ENR003822,LRN01269,CRS0090,2024-05-18,2024-06-23,1,100,24.3,85.4,45.0,5,12,4.4,36.0
ENR003823,LRN01269,CRS0106,2024-10-11,,0,60,13.1,56.2,90.3,3,7,,
ENR003824,LRN01269,CRS0092,2024-10-01,,0,25,6.3,28.1,55.6,1,4,,
ENR003825,LRN01269,CRS0114,2024-06-03,,0,41,16.7,26.2,61.2,2,7,,
ENR003826,LRN01269,CRS0096,2024-06-04,,0,61,7.0,71.0,29.7,3,4,,
ENR003827,LRN01269,CRS0101,2024-09-07,,0,11,1.1,0.7,,0,0,,
ENR003828,LRN01269,CRS0115,2024-07-05,,0,59,22.2,68.7,64.8,2,8,,
ENR003829,LRN01269,CRS0088,2024-06-01,2024-06-14,1,100,11.3,100.0,24.6,5,8,4.2,13.0
ENR003830,LRN01269,CRS0104,2024-10-20,2024-10-28,1,100,5.9,92.4,59.6,5,2,3.2,8.0
ENR003831,LRN01269,CRS0113,2024-05-10,2024-05-27,1,100,13.1,98.0,26.9,5,8,4.5,17.0
ENR003832,LRN01269,CRS0026,2024-05-31,2024-06-28,1,100,19.1,85.2,81.7,5,10,4.7,28.0
ENR003833,LRN01269,CRS0093,2024-05-31,,0,56,17.5,70.3,81.7,2,8,,
ENR003834,LRN01269,CRS0086,2024-04-29,,0,12,1.4,0.0,,0,0,,
ENR003835,LRN01270,CRS0148,2025-08-10,2025-08-27,1,100,6.0,100.0,56.3,5,4,4.5,17.0
ENR003836,LRN01270,CRS0153,2026-01-25,,0,1,0.8,0.0,,0,0,,
ENR003837,LRN01271,CRS0166,2024-06-15,,0,65,5.0,62.2,84.9,3,3,,
ENR003838,LRN01271,CRS0171,2024-07-06,,0,39,7.7,26.7,58.7,1,4,,
ENR003839,LRN01272,CRS0088,2025-01-16,,0,2,0.2,14.3,,0,0,,
ENR003840,LRN01273,CRS0023,2024-09-12,,0,20,5.8,15.4,,0,4,,
ENR003841,LRN01274,CRS0180,2024-02-24,,0,2,1.4,0.0,,0,0,,
ENR003842,LRN01274,CRS0103,2024-04-26,,0,54,18.6,56.5,57.6,2,12,,
ENR003843,LRN01274,CRS0186,2024-04-25,2024-07-05,1,100,32.4,87.5,81.2,5,16,4.8,71.0
ENR003844,LRN01275,CRS0066,2025-01-03,2025-01-24,1,100,12.9,86.1,54.2,5,7,4.9,21.0
ENR003845,LRN01276,CRS0056,2024-04-18,2024-05-15,1,100,35.0,92.6,64.1,5,14,2.9,27.0
ENR003846,LRN01276,CRS0137,2024-05-19,,0,24,17.0,16.4,73.2,1,7,,
ENR003847,LRN01277,CRS0200,2024-10-20,2025-02-07,1,100,36.3,95.9,44.8,5,14,4.7,110.0
ENR003848,LRN01277,CRS0089,2024-10-14,,0,38,11.6,48.8,59.8,1,4,,
ENR003849,LRN01277,CRS0120,2024-08-01,,0,9,0.5,19.3,,0,0,,
ENR003850,LRN01277,CRS0113,2024-07-17,,0,12,0.8,0.2,,0,1,,
ENR003851,LRN01277,CRS0134,2024-08-13,,0,54,4.9,61.1,54.7,2,3,,
ENR003852,LRN01277,CRS0103,2024-10-05,2025-05-11,1,100,59.6,100.0,49.9,5,23,3.9,218.0
ENR003853,LRN01277,CRS0099,2024-07-28,,0,31,1.0,41.4,42.7,1,1,,
ENR003854,LRN01277,CRS0092,2024-11-06,,0,1,0.4,0.0,,0,0,,
ENR003855,LRN01277,CRS0094,2024-09-06,2025-09-09,1,100,81.8,100.0,72.4,5,31,4.7,368.0
ENR003856,LRN01277,CRS0085,2024-11-04,,0,10,2.9,23.0,,0,1,,
ENR003857,LRN01277,CRS0091,2024-07-18,,0,39,3.2,30.2,50.4,1,1,,
ENR003858,LRN01278,CRS0078,2026-03-11,,0,24,10.0,19.6,69.2,1,7,,
ENR003859,LRN01279,CRS0174,2025-12-12,,0,4,2.5,17.7,,0,1,,
ENR003860,LRN01279,CRS0193,2025-10-27,,0,21,8.9,31.5,89.4,1,4,,
ENR003861,LRN01280,CRS0168,2024-12-17,2025-01-05,1,100,10.9,99.1,68.7,5,7,4.6,19.0
ENR003862,LRN01281,CRS0036,2025-02-24,,0,35,4.2,45.6,75.0,1,2,,
ENR003863,LRN01281,CRS0015,2024-12-21,,0,41,13.4,35.2,82.8,2,4,,
ENR003864,LRN01281,CRS0034,2024-11-30,,0,30,17.5,25.2,57.3,1,8,,
ENR003865,LRN01281,CRS0020,2025-02-25,,0,28,15.8,41.9,63.4,1,7,,
ENR003866,LRN01281,CRS0010,2024-11-19,,0,57,3.1,71.2,78.6,2,3,,
ENR003867,LRN01281,CRS0081,2025-03-08,,0,10,6.0,3.1,,0,2,,
ENR003868,LRN01281,CRS0190,2024-12-18,,0,54,17.8,54.4,70.1,2,8,,
ENR003869,LRN01281,CRS0171,2024-11-18,,0,23,3.1,25.8,40.5,1,2,,
ENR003870,LRN01281,CRS0198,2024-11-15,2024-12-15,1,100,27.6,100.0,74.6,5,12,2.4,30.0
ENR003871,LRN01281,CRS0039,2024-12-06,2025-02-14,1,100,79.7,100.0,29.3,5,29,3.7,70.0
ENR003872,LRN01281,CRS0002,2025-04-02,2025-05-09,1,100,32.3,100.0,65.2,5,14,4.4,37.0
ENR003873,LRN01281,CRS0033,2024-11-14,,0,37,20.5,26.5,58.3,1,12,,
ENR003874,LRN01282,CRS0030,2024-03-10,,0,24,19.2,22.9,64.0,1,7,,
ENR003875,LRN01283,CRS0183,2024-04-24,2024-07-07,1,100,42.4,86.9,49.6,5,22,4.8,74.0
ENR003876,LRN01283,CRS0046,2024-06-09,,0,40,8.1,50.4,40.3,2,3,,
ENR003877,LRN01284,CRS0057,2025-07-25,,0,37,5.1,38.3,19.7,1,3,,
ENR003878,LRN01285,CRS0128,2025-12-10,,0,15,4.7,22.9,,0,2,,
ENR003879,LRN01286,CRS0059,2024-02-25,,0,3,0.4,8.2,,0,0,,
ENR003880,LRN01286,CRS0111,2024-03-16,,0,23,11.5,37.1,86.5,1,6,,
ENR003881,LRN01286,CRS0067,2024-05-19,,0,44,13.2,49.6,75.1,2,5,,
ENR003882,LRN01286,CRS0064,2024-02-27,,0,6,1.7,1.6,,0,1,,
ENR003883,LRN01286,CRS0034,2024-06-09,,0,47,19.2,47.3,69.9,2,13,,
ENR003884,LRN01286,CRS0044,2024-02-04,,0,41,9.9,35.2,72.6,2,8,,
ENR003885,LRN01286,CRS0070,2024-01-13,,0,17,1.8,27.1,,0,1,,
ENR003886,LRN01286,CRS0048,2024-03-10,,0,4,1.3,0.0,,0,0,,
ENR003887,LRN01286,CRS0073,2024-04-23,,0,38,13.3,35.0,82.3,1,6,,
ENR003888,LRN01286,CRS0063,2024-04-02,,0,31,3.2,39.8,41.1,1,2,,
ENR003889,LRN01286,CRS0069,2024-05-23,2024-06-15,1,100,6.1,99.3,39.5,5,5,4.2,23.0
ENR003890,LRN01286,CRS0005,2024-05-31,,0,25,11.7,35.6,49.2,1,6,,
ENR003891,LRN01287,CRS0130,2024-04-14,2024-05-11,1,100,17.0,100.0,84.4,5,11,4.9,27.0
ENR003892,LRN01287,CRS0009,2024-07-19,,0,37,9.8,27.0,55.8,1,7,,
ENR003893,LRN01287,CRS0017,2024-06-23,2024-07-11,1,100,17.2,91.3,89.3,5,8,4.0,18.0
ENR003894,LRN01287,CRS0033,2024-02-12,,0,32,15.8,37.5,71.0,1,10,,
ENR003895,LRN01287,CRS0001,2024-05-30,,0,29,1.7,39.6,46.4,1,1,,
ENR003896,LRN01287,CRS0040,2024-07-15,2024-09-17,1,100,40.4,100.0,50.5,5,19,2.4,64.0
ENR003897,LRN01288,CRS0067,2024-07-31,,0,3,0.5,0.0,,0,0,,
ENR003898,LRN01289,CRS0176,2024-11-05,2024-11-12,1,100,5.3,92.6,61.9,5,5,4.8,7.0
ENR003899,LRN01290,CRS0134,2023-12-21,,0,8,0.8,9.0,,0,0,,
ENR003900,LRN01290,CRS0081,2024-04-14,2024-06-09,1,100,49.8,92.5,60.0,5,21,2.7,56.0
ENR003901,LRN01290,CRS0095,2024-01-15,,0,23,19.1,28.9,69.4,1,6,,
ENR003902,LRN01290,CRS0094,2023-12-23,,0,51,25.1,47.7,84.5,2,15,,
ENR003903,LRN01290,CRS0024,2024-04-26,2024-05-27,1,100,40.5,100.0,69.2,5,15,4.3,31.0
ENR003904,LRN01290,CRS0085,2024-01-27,,0,16,4.5,19.6,,0,1,,
ENR003905,LRN01291,CRS0119,2025-11-22,,0,22,2.3,25.0,70.0,1,1,,
ENR003906,LRN01291,CRS0191,2025-10-02,2025-10-10,1,100,14.4,95.4,53.1,5,7,3.9,8.0
ENR003907,LRN01292,CRS0152,2025-12-03,,0,35,4.2,24.4,62.7,1,1,,
ENR003908,LRN01293,CRS0113,2024-10-23,2024-11-07,1,100,15.0,100.0,76.6,5,8,3.5,15.0
ENR003909,LRN01294,CRS0052,2024-04-07,,0,48,22.8,37.2,95.7,2,9,,
ENR003910,LRN01294,CRS0177,2024-08-06,,0,31,5.0,21.6,76.5,1,1,,
ENR003911,LRN01294,CRS0188,2024-06-12,,0,55,7.2,42.0,50.4,2,7,,
ENR003912,LRN01294,CRS0191,2024-02-29,2024-03-08,1,100,16.3,100.0,33.8,5,7,2.9,8.0
ENR003913,LRN01294,CRS0161,2024-06-26,2024-08-19,1,100,82.6,86.5,77.0,5,30,4.7,54.0
ENR003914,LRN01294,CRS0187,2024-04-09,,0,42,21.0,47.8,56.8,2,12,,
ENR003915,LRN01294,CRS0195,2024-07-10,2024-08-13,1,100,54.8,100.0,43.1,5,21,4.6,34.0
ENR003916,LRN01294,CRS0199,2024-07-21,,0,17,3.5,5.6,,0,2,,
ENR003917,LRN01295,CRS0009,2024-03-19,,0,26,11.5,16.7,47.0,1,5,,
ENR003918,LRN01295,CRS0062,2024-02-01,,0,30,4.6,23.4,30.5,1,2,,
ENR003919,LRN01296,CRS0140,2026-01-07,,0,65,21.8,70.9,93.0,3,9,,
ENR003920,LRN01296,CRS0119,2025-07-21,,0,18,2.5,23.2,,0,1,,
ENR003921,LRN01297,CRS0065,2024-01-10,,0,11,2.2,7.9,,0,1,,
ENR003922,LRN01297,CRS0012,2023-12-19,,0,40,4.9,51.1,61.9,2,3,,
ENR003923,LRN01297,CRS0002,2024-04-18,,0,25,8.2,34.9,71.1,1,3,,
ENR003924,LRN01298,CRS0070,2024-08-19,2024-08-28,1,100,11.0,87.1,66.9,5,7,3.8,9.0
ENR003925,LRN01299,CRS0069,2025-06-13,,0,34,1.9,36.9,60.2,1,1,,
ENR003926,LRN01300,CRS0186,2025-06-08,,0,25,8.1,34.2,45.8,1,4,,
ENR003927,LRN01301,CRS0174,2024-10-19,,0,2,1.3,0.0,,0,0,,
ENR003928,LRN01301,CRS0194,2024-10-01,2024-11-18,1,100,67.7,100.0,54.3,5,32,4.2,48.0
ENR003929,LRN01301,CRS0156,2024-07-16,,0,27,2.0,34.2,61.6,1,1,,
ENR003930,LRN01302,CRS0168,2024-11-01,2024-11-16,1,100,13.2,100.0,77.6,5,7,3.4,15.0
ENR003931,LRN01302,CRS0163,2024-08-24,2024-09-12,1,100,13.3,100.0,81.8,5,6,3.0,19.0
ENR003932,LRN01303,CRS0019,2024-08-16,,0,36,14.0,39.9,91.0,1,7,,
ENR003933,LRN01304,CRS0023,2025-08-09,2025-09-18,1,100,51.4,97.6,73.3,5,21,4.2,40.0
ENR003934,LRN01304,CRS0013,2025-07-16,2025-08-14,1,100,33.7,93.5,63.0,5,12,4.4,29.0
ENR003935,LRN01304,CRS0028,2025-06-18,,0,26,5.8,38.3,37.2,1,2,,
ENR003936,LRN01304,CRS0029,2025-08-23,,0,14,2.2,23.6,,0,1,,
ENR003937,LRN01304,CRS0107,2025-07-04,2025-08-13,1,100,46.9,95.3,79.3,5,16,4.4,40.0
ENR003938,LRN01304,CRS0033,2025-04-22,2025-06-20,1,100,88.5,100.0,57.7,5,32,3.3,59.0
ENR003939,LRN01304,CRS0032,2025-05-10,2025-05-23,1,100,18.6,100.0,70.6,5,9,4.4,13.0
ENR003940,LRN01305,CRS0127,2025-06-27,,0,29,10.1,33.0,27.2,1,4,,
ENR003941,LRN01306,CRS0028,2025-07-20,,0,28,5.0,35.5,63.8,1,2,,
ENR003942,LRN01307,CRS0067,2024-11-10,2024-12-16,1,100,26.0,87.4,40.8,5,12,4.5,36.0
ENR003943,LRN01308,CRS0091,2024-12-11,,0,33,2.6,23.6,55.2,1,1,,
ENR003944,LRN01308,CRS0044,2024-11-18,,0,27,13.6,27.3,78.6,1,5,,
ENR003945,LRN01308,CRS0077,2025-01-19,2025-03-06,1,100,55.6,100.0,89.6,5,21,2.8,46.0
ENR003946,LRN01308,CRS0188,2024-12-17,2025-01-10,1,100,29.3,100.0,78.2,5,12,4.8,24.0
ENR003947,LRN01308,CRS0103,2025-01-04,2025-02-22,1,100,49.4,96.2,29.7,5,23,3.9,49.0
ENR003948,LRN01308,CRS0105,2024-12-17,,0,38,2.8,24.6,39.4,1,1,,
ENR003949,LRN01308,CRS0083,2024-12-08,2025-01-31,1,100,61.4,95.8,82.0,5,21,4.3,54.0
ENR003950,LRN01308,CRS0110,2025-01-23,,0,24,3.0,13.5,52.9,1,2,,
ENR003951,LRN01308,CRS0099,2024-11-08,,0,51,2.0,45.5,88.5,2,2,,
ENR003952,LRN01308,CRS0084,2025-02-15,,0,59,4.0,73.4,73.2,2,2,,
ENR003953,LRN01308,CRS0088,2025-01-01,2025-01-10,1,100,10.2,90.0,57.0,5,8,4.6,9.0
ENR003954,LRN01308,CRS0151,2025-03-18,,0,52,41.4,59.0,80.4,2,17,,
ENR003955,LRN01308,CRS0109,2025-01-03,2025-01-21,1,100,19.7,89.1,77.3,5,11,3.3,18.0
ENR003956,LRN01308,CRS0119,2024-11-29,2024-12-11,1,100,15.9,88.3,63.7,5,6,4.9,12.0
ENR003957,LRN01309,CRS0182,2025-10-11,,0,21,1.5,24.4,48.8,1,1,,
ENR003958,LRN01310,CRS0161,2024-05-31,,0,17,11.0,27.9,,0,5,,
ENR003959,LRN01310,CRS0164,2024-09-23,,0,17,4.3,19.6,,0,2,,
ENR003960,LRN01310,CRS0027,2024-10-21,,0,10,3.4,14.3,,0,1,,
ENR003961,LRN01310,CRS0144,2024-09-22,,0,21,15.8,30.5,68.1,1,6,,
ENR003962,LRN01310,CRS0178,2024-07-16,2024-08-11,1,100,28.5,100.0,75.0,5,11,2.6,26.0
ENR003963,LRN01310,CRS0190,2024-10-28,,0,4,1.6,5.1,,0,0,,
ENR003964,LRN01311,CRS0183,2024-10-19,2025-03-24,1,100,56.4,100.0,66.0,5,22,3.4,156.0
ENR003965,LRN01311,CRS0096,2024-09-09,,0,52,6.3,60.6,77.4,2,4,,
ENR003966,LRN01311,CRS0099,2024-08-24,,0,15,0.7,13.1,,0,0,,
ENR003967,LRN01311,CRS0064,2024-08-15,,0,10,3.0,0.0,,0,2,,
ENR003968,LRN01311,CRS0172,2024-08-26,2024-09-11,1,100,7.3,100.0,51.9,5,4,4.1,16.0
ENR003969,LRN01311,CRS0187,2024-11-05,,0,34,12.3,21.3,86.1,1,10,,
ENR003970,LRN01311,CRS0180,2024-08-11,2025-02-01,1,100,78.2,100.0,80.7,5,25,4.4,174.0
ENR003971,LRN01312,CRS0197,2023-12-08,,0,49,20.9,46.0,19.0,2,10,,
ENR003972,LRN01313,CRS0173,2025-04-15,,0,29,10.1,24.4,32.3,1,7,,
ENR003973,LRN01314,CRS0014,2024-11-04,2024-11-25,1,100,24.3,100.0,92.0,5,8,4.0,21.0
ENR003974,LRN01315,CRS0092,2024-07-12,,0,51,10.3,59.9,52.7,2,8,,
ENR003975,LRN01315,CRS0152,2024-11-15,,0,18,1.9,32.0,,0,1,,
ENR003976,LRN01316,CRS0002,2024-06-05,,0,30,10.0,27.3,58.3,1,4,,
ENR003977,LRN01317,CRS0157,2025-09-24,,0,31,8.7,42.5,83.6,1,4,,
ENR003978,LRN01317,CRS0156,2025-10-13,,0,16,1.1,15.3,,0,0,,
ENR003979,LRN01317,CRS0147,2025-06-19,,0,24,4.9,14.5,49.7,1,2,,
ENR003980,LRN01318,CRS0141,2025-06-18,,0,14,5.9,8.4,,0,4,,
ENR003981,LRN01319,CRS0115,2024-08-02,,0,7,1.3,0.0,,0,1,,
ENR003982,LRN01320,CRS0031,2024-10-15,,0,71,29.5,67.4,69.0,3,22,,
ENR003983,LRN01320,CRS0029,2024-12-16,,0,14,2.8,5.2,,0,1,,
ENR003984,LRN01320,CRS0008,2024-10-29,,0,32,1.4,30.9,67.7,1,1,,
ENR003985,LRN01321,CRS0129,2025-05-22,,0,8,1.3,21.0,,0,0,,
ENR003986,LRN01322,CRS0089,2024-08-22,,0,14,2.5,11.8,,0,1,,
ENR003987,LRN01322,CRS0082,2024-07-14,,0,26,1.9,29.6,66.3,1,1,,
ENR003988,LRN01322,CRS0105,2024-04-04,,0,47,3.5,34.0,65.6,2,1,,
ENR003989,LRN01322,CRS0086,2024-04-09,,0,58,4.8,67.3,73.7,2,3,,
ENR003990,LRN01322,CRS0119,2024-05-14,,0,40,5.7,46.9,45.1,2,2,,
ENR003991,LRN01322,CRS0097,2024-07-05,2024-07-27,1,100,12.1,100.0,58.4,5,6,4.1,22.0
ENR003992,LRN01322,CRS0004,2024-06-26,2024-10-19,1,100,63.1,95.9,66.2,5,28,3.1,115.0
ENR003993,LRN01322,CRS0084,2024-07-15,2024-08-02,1,100,11.9,95.9,86.6,5,4,4.4,18.0
ENR003994,LRN01322,CRS0101,2024-03-28,,0,19,2.3,32.7,,0,1,,
ENR003995,LRN01323,CRS0099,2024-06-19,2024-06-27,1,100,5.6,89.8,73.1,5,4,4.4,8.0
ENR003996,LRN01324,CRS0074,2024-07-07,2024-09-11,1,100,49.7,86.2,36.6,5,24,4.1,66.0
ENR003997,LRN01324,CRS0129,2024-10-24,,0,14,2.4,4.1,,0,1,,
ENR003998,LRN01324,CRS0142,2024-07-25,,0,29,4.0,19.6,89.5,1,3,,
ENR003999,LRN01324,CRS0172,2024-07-20,2024-07-28,1,100,7.0,89.6,56.3,5,4,4.6,8.0
ENR004000,LRN01325,CRS0018,2025-05-01,,0,9,0.8,0.0,,0,0,,
ENR004001,LRN01325,CRS0070,2025-07-27,2025-08-17,1,100,9.3,98.5,82.1,5,7,3.7,21.0
ENR004002,LRN01325,CRS0115,2025-07-08,,0,20,8.2,32.1,,0,2,,
ENR004003,LRN01325,CRS0106,2025-07-10,,0,8,1.2,22.1,,0,1,,
ENR004004,LRN01326,CRS0050,2025-08-20,2025-09-21,1,100,7.2,99.7,80.7,5,4,4.4,32.0
ENR004005,LRN01326,CRS0023,2025-03-28,,0,33,9.4,43.1,76.2,1,7,,
ENR004006,LRN01327,CRS0183,2024-09-08,,0,27,10.4,13.7,47.1,1,6,,
ENR004007,LRN01328,CRS0022,2024-08-13,,0,45,22.4,53.7,79.6,2,12,,
ENR004008,LRN01329,CRS0017,2024-07-08,,0,55,5.3,40.7,54.5,2,4,,
ENR004009,LRN01329,CRS0039,2024-06-17,2024-09-22,1,100,62.0,100.0,42.6,5,29,3.2,97.0
ENR004010,LRN01330,CRS0031,2025-07-15,,0,45,28.1,32.5,50.0,2,14,,
ENR004011,LRN01331,CRS0074,2025-08-22,,0,12,3.8,19.2,,0,2,,
ENR004012,LRN01332,CRS0085,2025-10-28,,0,28,4.4,26.6,51.9,1,3,,
ENR004013,LRN01332,CRS0091,2025-12-04,,0,13,1.8,10.5,,0,0,,
ENR004014,LRN01333,CRS0029,2024-07-28,,0,18,3.5,21.4,,0,2,,
ENR004015,LRN01334,CRS0186,2025-11-02,2026-03-12,1,100,35.1,100.0,57.9,5,16,4.9,130.0
ENR004016,LRN01335,CRS0147,2024-10-04,,0,5,1.2,2.6,,0,0,,
ENR004017,LRN01335,CRS0173,2024-07-08,2024-08-06,1,100,68.1,90.5,75.2,5,25,4.4,29.0
ENR004018,LRN01335,CRS0127,2024-11-22,2024-12-05,1,100,40.2,99.1,52.7,5,15,3.9,13.0
ENR004019,LRN01336,CRS0174,2025-03-31,,0,19,14.9,12.5,,0,6,,
ENR004020,LRN01337,CRS0189,2025-02-04,,0,50,40.1,55.5,32.4,2,17,,
ENR004021,LRN01337,CRS0166,2025-03-09,,0,51,3.1,44.9,77.8,2,2,,
ENR004022,LRN01337,CRS0141,2025-03-16,,0,18,8.3,25.3,,0,5,,
ENR004023,LRN01337,CRS0187,2025-02-15,,0,43,26.2,46.5,85.3,2,12,,
ENR004024,LRN01337,CRS0199,2025-02-25,,0,17,3.2,27.9,,0,2,,
ENR004025,LRN01337,CRS0181,2025-01-08,,0,8,2.9,16.5,,0,1,,
ENR004026,LRN01338,CRS0168,2025-03-21,,0,39,2.6,29.8,72.5,1,2,,
ENR004027,LRN01338,CRS0011,2025-02-13,,0,31,10.4,22.0,81.7,1,3,,
ENR004028,LRN01338,CRS0013,2025-02-24,,0,51,13.0,57.8,63.1,2,6,,
ENR004029,LRN01338,CRS0113,2024-11-09,,0,27,1.7,32.5,74.6,1,2,,
ENR004030,LRN01338,CRS0018,2024-12-08,2025-01-29,1,100,9.3,100.0,56.4,5,6,4.0,52.0
ENR004031,LRN01338,CRS0197,2025-02-07,,0,26,7.4,39.7,41.7,1,5,,
ENR004032,LRN01338,CRS0176,2025-03-27,,0,9,0.3,15.6,,0,0,,
ENR004033,LRN01338,CRS0118,2025-01-03,,0,44,15.5,37.2,44.9,2,12,,
ENR004034,LRN01338,CRS0172,2025-02-17,,0,28,1.7,26.0,87.1,1,1,,
ENR004035,LRN01338,CRS0179,2025-01-16,,0,20,3.2,18.3,,0,2,,
ENR004036,LRN01338,CRS0181,2024-12-26,,0,52,25.7,39.0,56.3,2,10,,
ENR004037,LRN01338,CRS0198,2025-01-15,,0,25,7.0,14.7,42.0,1,3,,
ENR004038,LRN01338,CRS0193,2025-02-23,2025-12-05,1,100,65.0,98.6,75.8,5,22,4.2,285.0
ENR004039,LRN01338,CRS0015,2025-02-05,,0,18,5.7,16.0,,0,2,,
ENR004040,LRN01338,CRS0047,2024-11-29,2025-02-04,1,100,13.8,99.3,58.9,5,5,3.6,67.0
ENR004041,LRN01339,CRS0151,2024-11-15,,0,59,33.0,63.8,63.5,2,19,,
ENR004042,LRN01339,CRS0008,2024-10-16,,0,17,0.6,8.3,,0,0,,
ENR004043,LRN01340,CRS0143,2025-03-15,,0,40,2.4,42.7,66.9,2,1,,
ENR004044,LRN01340,CRS0098,2025-03-20,2025-04-02,1,100,15.8,100.0,69.0,5,9,3.6,13.0
ENR004045,LRN01340,CRS0086,2025-02-07,,0,27,1.7,26.3,72.3,1,1,,
ENR004046,LRN01341,CRS0069,2025-12-15,,0,31,1.3,33.3,71.0,1,1,,
ENR004047,LRN01341,CRS0036,2025-12-31,,0,15,1.5,16.9,,0,1,,
ENR004048,LRN01341,CRS0114,2026-01-07,,0,32,9.5,30.5,43.5,1,5,,
ENR004049,LRN01341,CRS0119,2025-10-01,,0,3,0.5,0.0,,0,0,,
ENR004050,LRN01342,CRS0045,2025-02-27,,0,27,2.9,25.9,64.0,1,1,,
ENR004051,LRN01342,CRS0190,2025-05-14,2025-06-25,1,100,40.5,100.0,40.4,5,15,4.7,42.0
ENR004052,LRN01342,CRS0197,2025-05-03,,0,29,15.9,40.7,55.0,1,6,,
ENR004053,LRN01343,CRS0066,2024-05-04,,0,17,2.6,28.7,,0,1,,
ENR004054,LRN01343,CRS0089,2024-04-09,,0,11,2.2,11.9,,0,1,,
ENR004055,LRN01343,CRS0192,2024-05-25,,0,53,31.7,47.1,44.6,2,16,,
ENR004056,LRN01344,CRS0061,2025-03-15,,0,26,14.0,13.2,98.0,1,6,,
ENR004057,LRN01344,CRS0012,2025-01-16,,0,43,6.4,53.6,88.7,2,3,,
ENR004058,LRN01344,CRS0055,2025-01-28,,0,23,12.7,14.7,76.1,1,4,,
ENR004059,LRN01344,CRS0049,2025-06-28,,0,47,25.5,61.9,36.9,2,10,,
ENR004060,LRN01344,CRS0070,2025-04-13,,0,20,2.0,20.6,,0,1,,
ENR004061,LRN01345,CRS0165,2025-12-02,,0,36,24.5,26.7,71.6,1,11,,
ENR004062,LRN01345,CRS0184,2026-01-28,,0,21,7.6,8.3,84.5,1,5,,
ENR004063,LRN01346,CRS0084,2024-08-05,,0,15,1.1,16.7,,0,0,,
ENR004064,LRN01346,CRS0093,2024-07-20,,0,51,11.6,45.4,20.2,2,7,,
ENR004065,LRN01346,CRS0058,2024-10-22,,0,44,32.8,41.1,47.1,2,11,,
ENR004066,LRN01346,CRS0091,2024-07-13,,0,21,1.5,8.7,85.7,1,1,,
ENR004067,LRN01346,CRS0102,2024-07-21,,0,68,28.9,63.3,87.1,3,17,,
ENR004068,LRN01346,CRS0069,2024-10-12,,0,26,1.8,25.3,53.1,1,1,,
ENR004069,LRN01346,CRS0098,2024-05-29,,0,37,5.9,45.3,47.3,1,3,,
ENR004070,LRN01346,CRS0143,2024-06-14,,0,51,1.6,48.8,56.7,2,2,,
ENR004071,LRN01346,CRS0109,2024-08-15,2024-10-16,1,100,20.9,85.1,25.3,5,11,4.1,62.0
ENR004072,LRN01346,CRS0100,2024-05-15,,0,12,2.8,17.5,,0,1,,
ENR004073,LRN01347,CRS0140,2024-09-17,,0,26,5.2,40.8,78.3,1,3,,
ENR004074,LRN01347,CRS0178,2024-05-04,,0,10,2.4,2.4,,0,1,,
ENR004075,LRN01347,CRS0168,2024-07-23,,0,1,0.1,7.7,,0,0,,
ENR004076,LRN01347,CRS0200,2024-07-16,,0,44,11.1,58.9,70.3,2,6,,
ENR004077,LRN01348,CRS0178,2025-01-19,2025-02-06,1,100,23.8,85.7,86.6,5,11,4.1,18.0
ENR004078,LRN01349,CRS0063,2025-09-17,2025-09-27,1,100,7.8,91.2,45.2,5,7,3.2,10.0
ENR004079,LRN01350,CRS0101,2025-08-28,2025-09-01,1,100,11.8,100.0,52.5,5,7,4.2,4.0
ENR004080,LRN01351,CRS0080,2025-10-07,,0,13,1.8,24.1,,0,1,,
ENR004081,LRN01351,CRS0066,2025-08-16,2025-09-09,1,100,13.6,85.8,90.4,5,7,2.9,24.0
ENR004082,LRN01351,CRS0117,2025-05-23,,0,22,16.6,15.5,40.5,1,6,,
ENR004083,LRN01351,CRS0174,2025-10-23,,0,37,17.6,43.7,75.1,1,12,,
ENR004084,LRN01351,CRS0045,2025-06-19,,0,27,3.3,27.7,75.0,1,1,,
ENR004085,LRN01352,CRS0019,2024-03-22,,0,7,2.1,3.6,,0,1,,
ENR004086,LRN01353,CRS0118,2024-05-26,,0,25,10.2,11.2,74.0,1,7,,
ENR004087,LRN01353,CRS0019,2024-08-25,,0,49,22.3,35.3,61.0,2,9,,
ENR004088,LRN01354,CRS0041,2024-11-05,,0,9,2.4,0.0,,0,1,,
ENR004089,LRN01354,CRS0024,2025-01-01,,0,11,4.5,0.0,,0,1,,
ENR004090,LRN01354,CRS0055,2024-12-23,,0,51,13.8,48.2,57.4,2,11,,
ENR004091,LRN01354,CRS0051,2024-11-23,,0,3,1.4,1.2,,0,0,,
ENR004092,LRN01354,CRS0184,2024-08-16,,0,72,37.1,67.9,88.2,3,18,,
ENR004093,LRN01355,CRS0014,2026-02-03,,0,28,6.2,24.0,55.9,1,2,,
ENR004094,LRN01356,CRS0115,2025-03-13,,0,14,2.5,25.0,,0,2,,
ENR004095,LRN01357,CRS0114,2024-07-15,,0,7,2.3,5.5,,0,1,,
ENR004096,LRN01358,CRS0166,2024-04-21,2024-05-02,1,100,13.1,89.4,75.9,5,4,4.1,11.0
ENR004097,LRN01358,CRS0097,2024-07-02,2024-07-16,1,100,14.6,100.0,59.9,5,6,4.3,14.0
ENR004098,LRN01358,CRS0009,2024-08-20,,0,25,9.1,13.9,87.2,1,5,,
ENR004099,LRN01358,CRS0200,2024-04-04,2024-05-10,1,100,40.0,100.0,60.5,5,14,3.0,36.0
ENR004100,LRN01359,CRS0075,2025-03-31,,0,14,5.9,2.7,,0,3,,
ENR004101,LRN01360,CRS0164,2025-10-30,2025-12-07,1,100,26.2,86.6,57.3,5,13,4.4,38.0
ENR004102,LRN01360,CRS0160,2025-08-05,,0,18,9.7,12.9,,0,4,,
ENR004103,LRN01361,CRS0056,2024-03-10,,0,7,1.8,4.1,,0,1,,
ENR004104,LRN01362,CRS0075,2023-12-29,,0,34,20.7,19.9,35.6,1,9,,
ENR004105,LRN01363,CRS0071,2025-11-17,,0,22,0.9,18.5,53.6,1,0,,
ENR004106,LRN01363,CRS0059,2025-08-27,,0,29,2.1,34.2,75.3,1,2,,
ENR004107,LRN01363,CRS0098,2026-02-08,,0,14,1.7,4.1,,0,1,,
ENR004108,LRN01364,CRS0019,2025-03-05,,0,30,13.5,24.2,51.0,1,6,,
ENR004109,LRN01365,CRS0175,2025-12-24,,0,38,2.6,39.7,87.9,1,1,,
ENR004110,LRN01365,CRS0066,2025-12-06,,0,25,3.4,25.7,51.9,1,1,,
ENR004111,LRN01365,CRS0055,2025-09-14,2026-02-23,1,100,59.3,97.5,49.9,5,21,4.0,162.0
ENR004112,LRN01365,CRS0158,2026-01-04,,0,12,0.8,3.2,,0,0,,
ENR004113,LRN01366,CRS0113,2024-08-07,2024-09-12,1,100,12.4,92.6,44.2,5,8,4.5,36.0
ENR004114,LRN01366,CRS0103,2024-11-01,,0,33,17.1,44.6,53.9,1,7,,
ENR004115,LRN01366,CRS0138,2024-08-05,,0,15,9.6,2.6,,0,4,,
ENR004116,LRN01366,CRS0101,2024-09-02,,0,20,1.5,26.5,,0,1,,
ENR004117,LRN01366,CRS0106,2024-08-06,,0,18,2.8,10.5,,0,2,,
ENR004118,LRN01366,CRS0093,2024-10-15,,0,1,0.2,0.0,,0,0,,
ENR004119,LRN01366,CRS0099,2024-07-28,,0,44,2.7,35.3,29.5,2,2,,
ENR004120,LRN01366,CRS0107,2024-07-14,,0,38,10.2,37.2,84.6,1,6,,
ENR004121,LRN01366,CRS0084,2024-12-12,,0,18,1.5,17.8,,0,0,,
ENR004122,LRN01366,CRS0047,2024-11-15,,0,32,2.8,29.2,81.2,1,1,,
ENR004123,LRN01366,CRS0109,2024-07-12,,0,61,9.9,50.6,38.3,3,6,,
ENR004124,LRN01366,CRS0095,2024-12-14,,0,7,4.0,16.4,,0,2,,
ENR004125,LRN01366,CRS0136,2024-10-02,,0,20,8.8,22.4,,0,5,,
ENR004126,LRN01366,CRS0119,2024-12-10,,0,63,10.0,77.6,58.5,3,4,,
ENR004127,LRN01366,CRS0071,2024-12-21,,0,19,0.8,31.3,,0,0,,
ENR004128,LRN01367,CRS0088,2025-07-13,2025-07-26,1,100,11.3,87.9,74.8,5,8,5.0,13.0
ENR004129,LRN01368,CRS0014,2024-10-17,2024-10-25,1,100,20.6,100.0,64.2,5,8,3.3,8.0
ENR004130,LRN01369,CRS0108,2024-08-08,,0,40,10.4,53.3,85.2,2,4,,
ENR004131,LRN01369,CRS0109,2024-06-09,2024-07-16,1,100,28.0,100.0,81.5,5,11,4.0,37.0
ENR004132,LRN01369,CRS0117,2024-09-21,,0,29,21.4,35.6,54.0,1,8,,
ENR004133,LRN01370,CRS0009,2025-02-10,,0,30,12.9,17.7,46.5,1,6,,
ENR004134,LRN01371,CRS0177,2024-09-09,,0,10,1.4,17.7,,0,0,,
ENR004135,LRN01372,CRS0082,2025-08-16,,0,22,1.2,30.2,80.2,1,0,,
ENR004136,LRN01372,CRS0093,2025-06-11,,0,5,1.5,1.1,,0,0,,
ENR004137,LRN01372,CRS0084,2025-09-13,2025-09-25,1,100,9.7,88.3,74.5,5,4,4.5,12.0
ENR004138,LRN01373,CRS0171,2025-01-25,,0,30,6.1,31.7,87.5,1,3,,
ENR004139,LRN01373,CRS0056,2024-12-30,,0,14,4.5,15.8,,0,2,,
ENR004140,LRN01373,CRS0066,2024-10-13,,0,4,0.4,5.9,,0,0,,
ENR004141,LRN01373,CRS0187,2024-12-26,2025-05-12,1,100,80.0,100.0,47.5,5,29,3.7,137.0
ENR004142,LRN01374,CRS0169,2025-10-04,,0,34,4.7,42.5,70.2,1,3,,
ENR004143,LRN01374,CRS0048,2025-11-24,,0,27,8.0,28.3,65.4,1,6,,
ENR004144,LRN01374,CRS0151,2025-12-26,,0,22,15.8,31.1,72.5,1,7,,
ENR004145,LRN01375,CRS0190,2025-09-19,2025-10-20,1,100,40.2,100.0,72.7,5,15,3.6,31.0
ENR004146,LRN01376,CRS0156,2026-03-04,,0,7,0.7,2.2,,0,0,,
ENR004147,LRN01376,CRS0191,2025-11-21,2025-12-05,1,100,15.2,100.0,90.5,5,7,4.2,14.0
ENR004148,LRN01377,CRS0012,2024-12-12,,0,48,3.1,46.6,73.5,2,3,,
ENR004149,LRN01377,CRS0021,2024-11-06,2024-12-22,1,100,22.1,100.0,36.9,5,11,4.0,46.0
ENR004150,LRN01377,CRS0022,2024-10-25,,0,33,26.6,39.7,75.1,1,8,,
ENR004151,LRN01377,CRS0179,2024-10-06,,0,4,0.7,16.6,,0,0,,
ENR004152,LRN01377,CRS0117,2025-01-08,2025-08-10,1,100,76.3,92.8,45.2,5,28,4.6,214.0
ENR004153,LRN01378,CRS0046,2024-07-01,,0,25,5.3,16.5,78.1,1,2,,
ENR004154,LRN01379,CRS0112,2025-08-06,,0,17,1.5,13.8,,0,0,,
ENR004155,LRN01380,CRS0155,2026-02-17,2026-06-12,1,100,71.5,98.0,79.4,5,24,4.0,115.0
ENR004156,LRN01380,CRS0074,2026-03-20,,0,12,6.5,2.5,,0,2,,
ENR004157,LRN01380,CRS0125,2025-12-25,,0,27,13.7,28.1,21.2,1,9,,
ENR004158,LRN01381,CRS0115,2024-12-14,,0,15,5.1,26.2,,0,2,,
ENR004159,LRN01381,CRS0112,2024-10-12,,0,4,0.3,0.0,,0,0,,
ENR004160,LRN01381,CRS0138,2024-09-09,,0,43,23.4,39.5,64.2,2,13,,
ENR004161,LRN01381,CRS0099,2024-11-08,,0,59,3.4,66.8,63.9,2,2,,
ENR004162,LRN01381,CRS0114,2024-12-21,2025-03-02,1,100,51.8,92.4,30.7,5,18,3.6,71.0
ENR004163,LRN01381,CRS0107,2024-10-18,,0,50,21.7,51.6,44.4,2,8,,
ENR004164,LRN01381,CRS0116,2024-08-04,,0,16,7.1,20.8,,0,5,,
ENR004165,LRN01381,CRS0092,2024-12-27,,0,47,15.5,60.5,81.3,2,8,,
ENR004166,LRN01381,CRS0075,2024-09-25,,0,61,43.8,52.9,46.7,3,17,,
ENR004167,LRN01381,CRS0102,2024-09-29,2025-01-14,1,100,61.7,98.2,67.8,5,26,4.1,107.0
ENR004168,LRN01381,CRS0024,2024-07-27,,0,32,14.1,25.6,71.0,1,4,,
ENR004169,LRN01381,CRS0082,2024-10-19,,0,37,3.3,27.5,66.1,1,1,,
ENR004170,LRN01381,CRS0105,2024-09-20,,0,14,0.9,25.9,,0,0,,
ENR004171,LRN01381,CRS0109,2024-11-07,,0,26,4.6,40.0,59.0,1,2,,
ENR004172,LRN01381,CRS0094,2024-09-27,,0,34,28.0,25.5,35.5,1,10,,
ENR004173,LRN01382,CRS0060,2024-07-22,,0,18,5.7,14.1,,0,4,,
ENR004174,LRN01382,CRS0177,2024-07-29,,0,49,6.3,53.2,69.5,2,3,,
ENR004175,LRN01382,CRS0058,2024-12-26,,0,23,7.6,32.7,51.0,1,6,,
ENR004176,LRN01383,CRS0142,2024-10-07,2024-11-12,1,100,23.0,92.1,53.6,5,12,2.7,36.0
ENR004177,LRN01384,CRS0121,2025-12-31,,0,27,3.2,16.6,82.7,1,2,,
ENR004178,LRN01384,CRS0137,2025-07-16,,0,32,20.7,36.6,55.3,1,10,,
ENR004179,LRN01384,CRS0147,2025-12-06,,0,27,7.3,27.9,44.1,1,3,,
ENR004180,LRN01385,CRS0080,2024-06-12,,0,2,0.3,0.0,,0,0,,
ENR004181,LRN01385,CRS0064,2024-08-24,,0,30,17.3,30.9,75.1,1,6,,
ENR004182,LRN01385,CRS0061,2024-08-19,,0,51,31.0,44.9,72.1,2,13,,
ENR004183,LRN01385,CRS0172,2024-04-23,,0,61,3.4,70.1,69.2,3,2,,
ENR004184,LRN01385,CRS0053,2024-05-29,,0,25,2.6,38.3,71.3,1,1,,
ENR004185,LRN01385,CRS0076,2024-10-02,,0,2,0.4,14.8,,0,0,,
ENR004186,LRN01385,CRS0041,2024-10-05,2025-03-04,1,100,27.1,100.0,52.5,5,11,4.9,150.0
ENR004187,LRN01385,CRS0044,2024-06-09,,0,14,3.6,6.9,,0,2,,
ENR004188,LRN01385,CRS0003,2024-08-07,,0,22,1.4,34.4,28.8,1,0,,
ENR004189,LRN01385,CRS0066,2024-08-15,,0,39,3.4,27.1,58.1,1,2,,
ENR004190,LRN01385,CRS0045,2024-07-31,2024-09-27,1,100,15.8,100.0,75.5,5,6,4.8,58.0
ENR004191,LRN01385,CRS0182,2024-08-18,,0,29,2.3,24.5,46.5,1,1,,
ENR004192,LRN01385,CRS0055,2024-08-22,,0,6,2.0,0.0,,0,1,,
ENR004193,LRN01385,CRS0059,2024-09-20,,0,28,4.7,36.5,61.3,1,2,,
ENR004194,LRN01385,CRS0062,2024-08-09,,0,31,3.7,37.3,56.2,1,2,,
ENR004195,LRN01386,CRS0098,2025-07-17,,0,28,4.3,35.2,59.9,1,2,,
ENR004196,LRN01387,CRS0007,2025-09-06,,0,33,4.6,45.5,85.7,1,3,,
ENR004197,LRN01387,CRS0021,2025-08-11,,0,14,2.1,27.0,,0,1,,
ENR004198,LRN01387,CRS0037,2025-06-11,,0,2,0.4,0.0,,0,0,,
ENR004199,LRN01387,CRS0161,2025-09-20,,0,47,20.4,38.3,95.4,2,14,,
ENR004200,LRN01387,CRS0159,2025-10-07,,0,42,4.2,34.4,47.4,2,3,,
ENR004201,LRN01387,CRS0012,2025-09-13,,0,35,4.4,45.0,63.2,1,2,,
ENR004202,LRN01387,CRS0121,2025-07-05,,0,22,2.6,35.9,38.9,1,1,,
ENR004203,LRN01387,CRS0005,2025-08-21,,0,64,17.7,77.0,70.2,3,15,,
ENR004204,LRN01387,CRS0178,2025-09-22,,0,44,9.8,32.4,78.7,2,4,,
ENR004205,LRN01387,CRS0008,2025-05-19,,0,59,3.1,54.5,47.3,2,3,,
ENR004206,LRN01388,CRS0176,2025-04-04,2025-04-12,1,100,5.4,100.0,35.4,5,5,4.2,8.0
ENR004207,LRN01389,CRS0068,2024-08-21,,0,30,1.6,21.9,64.3,1,1,,
ENR004208,LRN01389,CRS0060,2024-08-04,,0,30,10.0,21.6,46.8,1,7,,
ENR004209,LRN01390,CRS0019,2024-08-01,2024-09-14,1,100,58.7,100.0,56.0,5,20,3.9,44.0
ENR004210,LRN01390,CRS0145,2024-05-21,2024-06-16,1,100,38.6,95.8,60.5,5,16,4.1,26.0
ENR004211,LRN01391,CRS0055,2026-02-01,,0,38,21.2,42.7,95.3,1,8,,
ENR004212,LRN01391,CRS0165,2026-03-25,,0,20,17.0,21.2,,0,6,,
ENR004213,LRN01391,CRS0196,2025-12-21,,0,12,3.1,13.1,,0,1,,
ENR004214,LRN01391,CRS0166,2025-12-24,,0,62,6.0,69.0,52.6,3,2,,
ENR004215,LRN01392,CRS0042,2024-02-16,2024-04-19,1,100,76.4,100.0,53.1,5,30,4.5,63.0
ENR004216,LRN01393,CRS0125,2025-10-01,,0,22,20.0,36.8,68.6,1,7,,
ENR004217,LRN01393,CRS0153,2025-07-01,2025-10-08,1,100,71.1,100.0,64.8,5,28,3.6,99.0
ENR004218,LRN01394,CRS0158,2025-03-29,,0,10,0.6,6.2,,0,0,,
ENR004219,LRN01395,CRS0137,2024-11-22,2025-02-16,1,100,82.1,100.0,68.4,5,32,3.1,86.0
ENR004220,LRN01395,CRS0119,2024-12-11,,0,17,2.0,16.5,,0,1,,
ENR004221,LRN01395,CRS0147,2025-01-29,,0,38,8.0,39.6,82.6,1,4,,
ENR004222,LRN01395,CRS0144,2025-03-14,2025-06-06,1,100,91.8,100.0,73.7,5,31,4.5,84.0
ENR004223,LRN01395,CRS0155,2025-02-25,,0,46,21.2,52.9,31.3,2,11,,
ENR004224,LRN01396,CRS0182,2025-03-10,2025-03-14,1,100,7.2,97.7,62.1,5,5,3.4,4.0
ENR004225,LRN01397,CRS0139,2024-06-25,2024-07-25,1,100,41.6,85.4,79.2,5,16,2.9,30.0
ENR004226,LRN01398,CRS0008,2025-11-07,2025-11-11,1,100,5.2,99.0,69.9,5,5,4.6,4.0
ENR004227,LRN01398,CRS0018,2025-12-06,2025-12-13,1,100,10.2,95.5,39.7,5,6,4.9,7.0
ENR004228,LRN01398,CRS0016,2025-10-25,,0,15,6.2,22.4,,0,2,,
ENR004229,LRN01398,CRS0015,2025-10-29,,0,18,2.6,11.6,,0,2,,
ENR004230,LRN01399,CRS0167,2025-10-28,,0,22,0.7,9.1,61.4,1,1,,
ENR004231,LRN01399,CRS0104,2025-08-16,,0,18,0.9,21.4,,0,0,,
ENR004232,LRN01400,CRS0088,2024-12-15,,0,8,0.5,0.0,,0,0,,
ENR004233,LRN01401,CRS0123,2025-02-28,,0,47,29.2,48.3,53.4,2,11,,
ENR004234,LRN01402,CRS0036,2024-03-18,,0,22,1.6,29.3,54.1,1,1,,
ENR004235,LRN01402,CRS0193,2024-03-09,,0,32,11.0,30.3,68.7,1,7,,
ENR004236,LRN01402,CRS0032,2024-03-22,,0,53,7.6,42.0,87.3,2,5,,
ENR004237,LRN01402,CRS0195,2024-06-06,,0,12,3.8,14.5,,0,2,,
ENR004238,LRN01403,CRS0003,2024-06-01,,0,21,1.3,13.8,41.5,1,0,,
ENR004239,LRN01403,CRS0030,2024-06-05,,0,44,18.0,57.4,59.5,2,14,,
ENR004240,LRN01403,CRS0049,2024-05-27,,0,26,9.9,15.3,39.4,1,6,,
ENR004241,LRN01403,CRS0050,2024-07-13,2024-08-16,1,100,6.9,100.0,64.0,5,4,4.0,34.0
ENR004242,LRN01404,CRS0108,2025-03-24,,0,21,6.5,9.4,42.7,1,2,,
ENR004243,LRN01405,CRS0021,2025-07-03,2025-08-06,1,100,18.3,92.8,73.9,5,11,4.4,34.0
ENR004244,LRN01406,CRS0192,2024-11-05,,0,73,57.5,76.0,55.7,3,22,,
ENR004245,LRN01406,CRS0179,2024-12-13,,0,37,4.4,22.8,64.8,1,3,,
ENR004246,LRN01406,CRS0175,2025-01-07,,0,9,0.6,0.0,,0,0,,
ENR004247,LRN01407,CRS0111,2025-09-13,,0,19,10.4,16.5,,0,5,,
ENR004248,LRN01407,CRS0028,2025-05-28,,0,47,6.7,57.6,63.3,2,4,,
ENR004249,LRN01408,CRS0180,2024-01-21,,0,13,5.8,20.2,,0,3,,
ENR004250,LRN01408,CRS0097,2024-05-12,2024-05-21,1,100,12.7,98.4,90.5,5,6,4.5,9.0
ENR004251,LRN01409,CRS0168,2025-08-20,,0,11,1.3,24.5,,0,0,,
ENR004252,LRN01410,CRS0193,2025-02-16,,0,8,4.6,16.2,,0,1,,
ENR004253,LRN01411,CRS0072,2024-06-16,2024-07-06,1,100,25.2,100.0,34.9,5,13,4.3,20.0
ENR004254,LRN01411,CRS0101,2024-05-20,2024-05-27,1,100,11.6,100.0,48.8,5,7,4.9,7.0
ENR004255,LRN01411,CRS0120,2024-07-03,2024-07-07,1,100,6.9,100.0,73.7,5,3,4.5,4.0
ENR004256,LRN01412,CRS0003,2024-12-10,,0,74,5.5,83.7,78.1,3,2,,
ENR004257,LRN01413,CRS0030,2025-07-26,,0,19,15.9,19.9,,0,6,,
ENR004258,LRN01413,CRS0126,2025-08-21,,0,28,2.7,42.8,90.8,1,2,,
ENR004259,LRN01413,CRS0020,2025-10-19,2025-12-17,1,100,57.9,94.6,67.9,5,25,4.3,59.0
ENR004260,LRN01413,CRS0004,2025-05-23,2025-07-21,1,100,75.9,91.5,49.3,5,28,4.6,59.0
ENR004261,LRN01413,CRS0050,2025-08-15,2025-08-20,1,100,5.4,98.6,63.8,5,4,4.7,5.0
ENR004262,LRN01414,CRS0103,2025-07-19,,0,41,11.8,27.7,40.6,2,9,,
ENR004263,LRN01414,CRS0063,2025-09-05,,0,12,0.9,19.0,,0,0,,
ENR004264,LRN01415,CRS0022,2026-02-18,,0,9,3.7,14.6,,0,2,,
ENR004265,LRN01416,CRS0152,2025-09-14,,0,16,1.9,28.9,,0,0,,
ENR004266,LRN01416,CRS0199,2025-06-20,,0,38,12.4,50.3,62.1,1,5,,
ENR004267,LRN01416,CRS0140,2025-07-10,,0,56,18.9,57.6,62.4,2,8,,
ENR004268,LRN01416,CRS0122,2025-07-07,,0,32,12.8,37.4,84.9,1,10,,
ENR004269,LRN01416,CRS0146,2025-09-04,,0,40,3.1,54.8,70.3,2,1,,
ENR004270,LRN01416,CRS0143,2025-09-29,,0,35,1.7,47.1,26.3,1,1,,
ENR004271,LRN01416,CRS0132,2025-08-16,,0,31,4.8,23.1,57.1,1,2,,
ENR004272,LRN01416,CRS0121,2025-07-02,,0,29,2.5,39.9,64.4,1,2,,
ENR004273,LRN01416,CRS0151,2025-08-05,,0,31,23.6,30.2,55.0,1,10,,
ENR004274,LRN01416,CRS0145,2025-12-08,,0,45,10.2,57.0,53.6,2,7,,
ENR004275,LRN01416,CRS0123,2025-08-22,,0,23,12.1,24.2,73.7,1,5,,
ENR004276,LRN01416,CRS0160,2025-08-05,,0,21,11.6,15.7,67.7,1,5,,
ENR004277,LRN01417,CRS0019,2025-02-18,2025-05-05,1,100,43.8,95.0,88.3,5,20,2.8,76.0
ENR004278,LRN01417,CRS0020,2025-05-17,,0,24,11.4,14.7,71.5,1,6,,
ENR004279,LRN01417,CRS0031,2025-07-18,,0,51,24.1,40.7,84.7,2,15,,
ENR004280,LRN01417,CRS0027,2025-06-09,,0,19,6.1,26.2,,0,2,,
ENR004281,LRN01417,CRS0033,2025-07-07,,0,8,5.5,0.0,,0,2,,
ENR004282,LRN01417,CRS0138,2025-02-27,,0,8,6.0,21.8,,0,2,,
ENR004283,LRN01418,CRS0003,2026-02-24,,0,26,1.4,40.8,43.0,1,1,,
ENR004284,LRN01418,CRS0009,2026-03-14,2026-06-04,1,100,40.3,100.0,42.1,5,20,4.4,82.0
ENR004285,LRN01418,CRS0017,2026-01-30,,0,14,2.3,16.0,,0,1,,
ENR004286,LRN01418,CRS0031,2026-01-25,,0,36,14.4,44.2,58.6,1,11,,
ENR004287,LRN01418,CRS0067,2025-12-14,,0,18,4.9,23.6,,0,2,,
ENR004288,LRN01418,CRS0015,2025-11-06,2025-12-22,1,100,29.9,88.1,40.2,5,12,4.3,46.0
ENR004289,LRN01419,CRS0068,2024-05-18,,0,8,0.6,0.0,,0,0,,
ENR004290,LRN01419,CRS0002,2024-07-07,,0,8,1.4,5.4,,0,1,,
ENR004291,LRN01419,CRS0003,2024-05-25,2024-06-02,1,100,9.9,87.9,66.2,5,4,4.1,8.0
ENR004292,LRN01419,CRS0026,2024-05-11,,0,13,1.6,20.1,,0,1,,
ENR004293,LRN01419,CRS0155,2024-03-26,2024-05-08,1,100,72.8,90.8,86.6,5,24,3.9,43.0
ENR004294,LRN01420,CRS0045,2025-08-16,,0,73,6.5,80.4,70.6,3,4,,
ENR004295,LRN01420,CRS0066,2025-08-11,2025-08-31,1,100,15.6,98.5,50.7,5,7,3.7,20.0
ENR004296,LRN01420,CRS0065,2025-12-01,,0,28,6.4,31.3,58.4,1,3,,
ENR004297,LRN01420,CRS0079,2025-07-10,2025-07-28,1,100,18.9,87.9,61.5,5,7,3.7,18.0
ENR004298,LRN01420,CRS0051,2025-09-10,2025-12-22,1,100,68.7,99.3,63.9,5,28,4.5,103.0
ENR004299,LRN01421,CRS0041,2025-04-08,2025-06-29,1,100,32.3,100.0,53.9,5,11,4.8,82.0
ENR004300,LRN01422,CRS0180,2025-11-24,,0,28,10.5,16.6,58.3,1,7,,
ENR004301,LRN01422,CRS0172,2025-11-20,,0,22,0.9,25.3,79.6,1,1,,
ENR004302,LRN01423,CRS0021,2025-07-26,,0,46,5.9,61.0,57.8,2,5,,
ENR004303,LRN01424,CRS0116,2025-09-17,2026-02-24,1,100,92.7,100.0,72.7,5,34,3.4,160.0
ENR004304,LRN01424,CRS0181,2025-08-12,,0,62,21.0,69.6,63.2,3,12,,
ENR004305,LRN01424,CRS0081,2025-07-13,,0,24,8.2,31.1,51.2,1,5,,
ENR004306,LRN01424,CRS0191,2025-08-27,,0,19,1.4,23.4,,0,1,,
ENR004307,LRN01424,CRS0084,2025-09-03,,0,10,1.3,6.7,,0,0,,
ENR004308,LRN01424,CRS0093,2025-07-06,,0,7,1.4,14.4,,0,1,,
ENR004309,LRN01425,CRS0157,2024-03-17,,0,48,10.0,37.7,45.1,2,7,,
ENR004310,LRN01425,CRS0069,2024-06-09,2024-06-21,1,100,8.2,98.0,61.8,5,5,4.4,12.0
ENR004311,LRN01426,CRS0105,2025-03-07,,0,4,0.3,0.0,,0,0,,
ENR004312,LRN01427,CRS0182,2025-02-21,2025-03-06,1,100,8.1,100.0,60.6,5,5,4.8,13.0
ENR004313,LRN01427,CRS0003,2025-03-30,,0,32,2.6,22.5,63.5,1,1,,
ENR004314,LRN01427,CRS0141,2025-03-02,,0,23,8.8,26.5,41.2,1,6,,
ENR004315,LRN01428,CRS0134,2024-10-01,,0,7,1.0,21.1,,0,0,,
ENR004316,LRN01428,CRS0126,2024-11-04,2024-11-12,1,100,12.7,90.0,67.8,5,7,4.7,8.0
ENR004317,LRN01429,CRS0101,2025-01-12,,0,39,2.2,44.7,63.7,1,2,,
ENR004318,LRN01430,CRS0169,2024-10-30,,0,43,8.3,50.9,61.5,2,4,,
ENR004319,LRN01431,CRS0025,2024-04-08,,0,8,0.9,17.7,,0,0,,
ENR004320,LRN01431,CRS0035,2024-07-04,,0,38,2.3,46.0,58.2,1,2,,
ENR004321,LRN01432,CRS0092,2024-10-23,2025-03-23,1,100,36.7,100.0,60.5,5,17,3.8,151.0
ENR004322,LRN01432,CRS0116,2025-01-02,,0,26,14.4,16.1,71.8,1,8,,
ENR004323,LRN01432,CRS0125,2024-12-07,2025-07-22,1,100,92.3,100.0,60.3,5,33,4.9,227.0
ENR004324,LRN01432,CRS0104,2025-01-25,2025-02-15,1,100,7.7,96.9,62.4,5,2,3.8,21.0
ENR004325,LRN01433,CRS0088,2024-06-24,,0,15,1.5,14.2,,0,1,,
ENR004326,LRN01434,CRS0097,2024-06-02,,0,7,1.0,1.9,,0,0,,
ENR004327,LRN01435,CRS0013,2024-05-28,,0,33,6.8,32.9,41.8,1,3,,
ENR004328,LRN01435,CRS0003,2024-04-18,,0,3,0.2,0.0,,0,0,,
ENR004329,LRN01435,CRS0033,2024-04-11,,0,14,9.1,12.6,,0,4,,
ENR004330,LRN01435,CRS0019,2024-02-05,2024-03-28,1,100,46.0,100.0,57.1,5,20,3.7,52.0
ENR004331,LRN01435,CRS0017,2024-03-28,,0,42,4.4,37.2,37.4,2,3,,
ENR004332,LRN01436,CRS0157,2024-10-10,2025-01-23,1,100,44.7,93.2,67.4,5,15,3.6,105.0
ENR004333,LRN01437,CRS0165,2024-10-13,2025-03-28,1,100,71.5,100.0,60.0,5,32,3.6,166.0
ENR004334,LRN01438,CRS0049,2024-12-30,2025-02-19,1,100,59.4,98.0,68.6,5,23,3.8,51.0
ENR004335,LRN01439,CRS0025,2024-11-07,,0,37,6.2,31.1,28.7,1,2,,
ENR004336,LRN01440,CRS0200,2024-11-12,,0,17,5.4,9.7,,0,2,,
ENR004337,LRN01441,CRS0054,2025-01-14,,0,43,10.1,34.6,29.3,2,8,,
ENR004338,LRN01441,CRS0195,2025-04-30,2025-06-16,1,100,65.5,98.3,39.3,5,21,3.8,47.0
ENR004339,LRN01441,CRS0178,2025-06-06,,0,20,4.9,20.5,,0,2,,
ENR004340,LRN01442,CRS0049,2025-04-25,,0,26,14.2,16.7,68.1,1,6,,
ENR004341,LRN01443,CRS0066,2025-10-29,,0,66,5.7,57.2,45.0,3,4,,
ENR004342,LRN01443,CRS0132,2025-10-24,,0,21,1.5,32.7,52.9,1,1,,
ENR004343,LRN01443,CRS0052,2025-06-21,,0,50,21.3,35.2,53.8,2,9,,
ENR004344,LRN01443,CRS0152,2025-06-29,,0,13,1.6,16.8,,0,0,,
ENR004345,LRN01444,CRS0102,2024-07-20,,0,49,26.3,37.5,82.6,2,12,,
ENR004346,LRN01445,CRS0022,2023-12-29,2024-03-24,1,100,87.3,100.0,66.5,5,27,4.6,86.0
ENR004347,LRN01446,CRS0083,2024-03-23,2024-06-27,1,100,67.6,100.0,49.8,5,21,4.2,96.0
ENR004348,LRN01446,CRS0118,2024-02-23,,0,17,7.9,24.7,,0,4,,
ENR004349,LRN01446,CRS0103,2024-03-15,,0,8,3.7,3.4,,0,1,,
ENR004350,LRN01446,CRS0104,2024-02-27,,0,18,0.6,19.5,,0,0,,
ENR004351,LRN01446,CRS0163,2024-01-09,,0,40,2.9,39.6,57.9,2,2,,
ENR004352,LRN01446,CRS0075,2024-02-29,,0,35,16.7,39.0,24.2,1,9,,
ENR004353,LRN01447,CRS0013,2024-10-09,,0,13,2.1,18.5,,0,1,,
ENR004354,LRN01447,CRS0080,2024-09-04,,0,35,4.4,26.1,78.4,1,3,,
ENR004355,LRN01447,CRS0026,2024-10-26,,0,24,5.4,21.8,31.6,1,2,,
ENR004356,LRN01447,CRS0184,2024-06-21,,0,43,14.0,42.4,61.8,2,11,,
ENR004357,LRN01448,CRS0058,2024-06-21,2024-09-13,1,100,57.4,91.5,89.2,5,27,4.0,84.0
ENR004358,LRN01448,CRS0043,2024-10-31,2024-12-10,1,100,31.3,100.0,45.7,5,16,4.4,40.0
ENR004359,LRN01448,CRS0075,2024-08-07,2024-11-13,1,100,84.1,100.0,71.8,5,28,4.1,98.0
ENR004360,LRN01448,CRS0113,2024-07-29,2024-08-17,1,100,12.4,100.0,71.5,5,8,3.6,19.0
ENR004361,LRN01448,CRS0050,2024-09-14,2024-09-21,1,100,5.8,90.4,78.5,5,4,3.2,7.0
ENR004362,LRN01449,CRS0025,2025-11-05,,0,56,6.6,61.8,48.9,2,3,,
ENR004363,LRN01449,CRS0101,2025-11-12,,0,25,2.7,36.6,73.3,1,1,,
ENR004364,LRN01449,CRS0198,2025-12-10,,0,29,6.1,42.5,84.0,1,3,,
ENR004365,LRN01449,CRS0116,2026-01-13,,0,40,21.9,54.1,81.5,2,13,,
ENR004366,LRN01449,CRS0086,2025-11-02,2025-11-21,1,100,11.9,86.1,59.8,5,5,3.8,19.0
ENR004367,LRN01450,CRS0023,2024-08-13,2024-12-19,1,100,55.8,100.0,58.1,5,21,3.9,128.0
ENR004368,LRN01451,CRS0099,2025-12-13,,0,54,1.7,58.5,69.6,2,2,,
ENR004369,LRN01451,CRS0100,2026-02-03,,0,8,1.3,17.3,,0,0,,
ENR004370,LRN01451,CRS0112,2026-01-26,,0,35,1.8,33.4,70.1,1,1,,
ENR004371,LRN01451,CRS0113,2026-01-31,,0,63,5.9,72.3,61.3,3,5,,
ENR004372,LRN01451,CRS0095,2025-12-16,,0,41,20.1,33.2,80.6,2,12,,
ENR004373,LRN01451,CRS0094,2025-11-22,,0,10,4.1,14.4,,0,3,,
ENR004374,LRN01452,CRS0006,2025-04-29,,0,63,2.6,75.1,77.7,3,1,,
ENR004375,LRN01452,CRS0024,2025-03-30,,0,46,17.9,43.8,52.2,2,6,,
ENR004376,LRN01453,CRS0009,2025-05-07,,0,23,6.0,16.7,60.8,1,4,,
ENR004377,LRN01454,CRS0174,2024-01-31,,0,26,17.4,21.6,70.5,1,8,,
ENR004378,LRN01454,CRS0168,2023-11-27,,0,15,1.9,22.2,,0,1,,
ENR004379,LRN01454,CRS0140,2024-05-04,,0,19,4.9,26.1,,0,2,,
ENR004380,LRN01455,CRS0142,2025-10-13,,0,22,3.2,19.6,40.9,1,2,,
ENR004381,LRN01455,CRS0134,2025-06-19,2025-06-27,1,100,14.1,100.0,69.2,5,6,4.6,8.0
ENR004382,LRN01455,CRS0126,2025-10-15,,0,29,2.6,29.7,42.5,1,2,,
ENR004383,LRN01455,CRS0195,2025-05-12,2025-06-25,1,100,56.1,94.1,94.7,5,21,4.2,44.0
ENR004384,LRN01456,CRS0191,2024-07-16,,0,41,6.4,33.6,40.1,2,2,,
ENR004385,LRN01457,CRS0195,2025-03-25,2025-05-26,1,100,55.1,94.7,54.9,5,21,4.7,62.0
ENR004386,LRN01458,CRS0134,2024-03-07,,0,19,2.3,7.0,,0,1,,
ENR004387,LRN01458,CRS0081,2024-03-02,,0,25,11.5,18.4,82.7,1,5,,
ENR004388,LRN01458,CRS0111,2024-07-30,,0,21,6.7,21.4,52.5,1,5,,
ENR004389,LRN01459,CRS0037,2024-05-24,,0,11,3.5,13.6,,0,1,,
ENR004390,LRN01460,CRS0187,2024-12-13,,0,44,36.9,53.3,67.9,2,13,,
ENR004391,LRN01461,CRS0083,2025-11-22,,0,12,4.8,13.8,,0,2,,
ENR004392,LRN01462,CRS0073,2025-04-21,2025-08-19,1,100,41.3,100.0,20.8,5,16,4.6,120.0
ENR004393,LRN01463,CRS0190,2025-11-02,2025-12-07,1,100,36.1,93.8,81.5,5,15,4.2,35.0
ENR004394,LRN01464,CRS0087,2025-01-26,,0,22,6.7,17.5,48.0,1,2,,
ENR004395,LRN01464,CRS0029,2025-04-30,2025-05-25,1,100,26.0,100.0,89.3,5,11,4.2,25.0
ENR004396,LRN01464,CRS0032,2024-12-24,,0,30,3.0,23.3,67.3,1,2,,
ENR004397,LRN01464,CRS0095,2025-03-16,2025-06-05,1,100,86.3,95.0,89.3,5,30,3.5,81.0
ENR004398,LRN01464,CRS0111,2025-01-10,,0,42,30.2,44.5,53.8,2,11,,
ENR004399,LRN01464,CRS0116,2025-02-16,2025-04-29,1,100,98.4,100.0,35.5,5,34,3.6,72.0
ENR004400,LRN01464,CRS0088,2025-02-19,,0,40,5.0,55.0,70.9,2,3,,
ENR004401,LRN01464,CRS0073,2024-12-09,,0,28,9.6,42.7,79.4,1,4,,
ENR004402,LRN01464,CRS0031,2025-01-03,,0,65,35.0,75.8,38.1,3,20,,
ENR004403,LRN01464,CRS0109,2025-04-14,2025-05-05,1,100,24.9,100.0,72.3,5,11,4.1,21.0
ENR004404,LRN01465,CRS0042,2024-06-05,2024-08-21,1,100,62.7,100.0,52.3,5,30,3.8,77.0
ENR004405,LRN01466,CRS0135,2024-06-19,,0,46,6.7,51.7,53.5,2,3,,
ENR004406,LRN01467,CRS0191,2024-05-14,2024-05-27,1,100,18.3,86.4,44.9,5,7,4.7,13.0
ENR004407,LRN01468,CRS0131,2024-07-20,,0,25,2.4,39.0,59.2,1,1,,
ENR004408,LRN01469,CRS0010,2024-09-13,,0,18,1.6,9.2,,0,1,,
ENR004409,LRN01470,CRS0196,2025-02-23,,0,41,10.9,52.7,36.7,2,5,,
ENR004410,LRN01471,CRS0188,2025-08-20,2025-12-17,1,100,26.0,100.0,59.2,5,12,4.4,119.0
ENR004411,LRN01471,CRS0063,2025-11-14,2025-12-21,1,100,8.4,100.0,52.0,5,7,4.3,37.0
ENR004412,LRN01471,CRS0027,2025-12-20,,0,38,10.4,29.6,81.5,1,5,,
ENR004413,LRN01471,CRS0116,2025-10-02,,0,16,10.4,5.9,,0,5,,
ENR004414,LRN01472,CRS0185,2026-02-03,2026-03-21,1,100,37.6,92.0,47.8,5,13,4.3,46.0
ENR004415,LRN01473,CRS0084,2025-08-03,,0,24,2.2,37.9,62.8,1,1,,
ENR004416,LRN01474,CRS0179,2025-02-27,,0,28,3.4,16.0,58.1,1,2,,
ENR004417,LRN01475,CRS0006,2024-10-23,,0,7,0.4,0.0,,0,0,,
ENR004418,LRN01475,CRS0090,2025-04-16,2025-05-11,1,100,25.6,100.0,52.7,5,12,4.4,25.0
ENR004419,LRN01475,CRS0036,2024-12-07,,0,7,1.0,0.0,,0,0,,
ENR004420,LRN01475,CRS0004,2024-12-06,,0,37,18.9,35.7,67.1,1,10,,
ENR004421,LRN01475,CRS0022,2024-11-11,2025-01-25,1,100,78.1,87.6,41.7,5,27,3.5,75.0
ENR004422,LRN01475,CRS0019,2025-01-09,,0,38,16.5,39.0,62.0,1,7,,
ENR004423,LRN01476,CRS0029,2024-12-04,,0,12,3.2,1.4,,0,1,,
ENR004424,LRN01476,CRS0004,2024-07-22,,0,5,1.9,19.1,,0,1,,
ENR004425,LRN01476,CRS0038,2024-09-01,,0,50,25.3,41.3,70.8,2,12,,
ENR004426,LRN01476,CRS0126,2024-12-26,,0,23,1.7,17.3,60.7,1,1,,
ENR004427,LRN01476,CRS0091,2024-12-25,2025-01-05,1,100,10.7,96.8,43.6,5,4,4.9,11.0
ENR004428,LRN01476,CRS0027,2024-12-05,,0,19,4.1,7.0,,0,2,,
ENR004429,LRN01476,CRS0034,2024-11-16,,0,42,22.7,53.0,26.1,2,12,,
ENR004430,LRN01476,CRS0122,2024-09-18,2024-12-18,1,100,80.9,89.4,71.3,5,33,4.6,91.0
ENR004431,LRN01476,CRS0002,2024-09-12,,0,12,3.9,23.6,,0,1,,
ENR004432,LRN01476,CRS0033,2024-10-28,,0,37,15.5,24.2,74.9,1,12,,
ENR004433,LRN01476,CRS0110,2024-09-12,2024-09-26,1,100,15.6,92.9,60.1,5,9,4.7,14.0
ENR004434,LRN01476,CRS0039,2024-08-12,,0,31,18.2,33.7,37.8,1,9,,
ENR004435,LRN01476,CRS0013,2024-12-30,,0,8,1.9,3.7,,0,0,,
ENR004436,LRN01476,CRS0163,2024-11-02,2024-11-16,1,100,16.2,85.0,69.8,5,6,4.5,14.0
ENR004437,LRN01476,CRS0001,2024-09-23,,0,22,2.1,21.5,64.9,1,0,,
ENR004438,LRN01477,CRS0180,2024-09-19,2024-11-21,1,100,64.6,98.7,65.9,5,25,3.8,63.0
ENR004439,LRN01477,CRS0179,2024-10-01,2024-10-26,1,100,25.3,100.0,57.9,5,10,4.2,25.0
ENR004440,LRN01478,CRS0048,2025-11-09,,0,47,26.0,46.9,52.0,2,10,,
ENR004441,LRN01478,CRS0040,2025-10-28,2026-12-21,1,100,41.9,88.6,78.2,5,19,4.6,419.0
ENR004442,LRN01478,CRS0084,2026-01-27,,0,12,0.8,1.3,,0,0,,
ENR004443,LRN01478,CRS0099,2025-11-05,,0,11,0.7,14.9,,0,0,,
ENR004444,LRN01479,CRS0165,2025-03-20,,0,16,7.9,13.4,,0,5,,
ENR004445,LRN01479,CRS0195,2025-08-30,2026-01-29,1,100,55.6,100.0,35.9,5,21,4.0,152.0
ENR004446,LRN01479,CRS0057,2025-07-05,,0,29,5.3,20.6,28.5,1,2,,
ENR004447,LRN01480,CRS0135,2024-08-01,,0,48,7.4,53.6,61.1,2,3,,
ENR004448,LRN01480,CRS0158,2024-10-23,,0,17,2.2,30.2,,0,0,,
ENR004449,LRN01481,CRS0194,2025-03-11,,0,17,9.0,29.3,,0,5,,
ENR004450,LRN01481,CRS0186,2024-10-25,,0,34,6.3,26.9,56.2,1,5,,
ENR004451,LRN01482,CRS0182,2025-02-06,,0,14,0.9,8.0,,0,0,,
ENR004452,LRN01482,CRS0148,2025-04-03,,0,26,0.8,11.4,45.9,1,1,,
ENR004453,LRN01482,CRS0090,2025-01-03,,0,31,7.6,28.2,44.3,1,3,,
ENR004454,LRN01482,CRS0145,2025-01-02,,0,9,1.9,19.0,,0,1,,
ENR004455,LRN01483,CRS0132,2024-05-25,,0,12,1.2,0.0,,0,1,,
ENR004456,LRN01483,CRS0121,2024-05-15,,0,60,3.7,58.1,54.1,3,4,,
ENR004457,LRN01483,CRS0127,2024-05-04,2024-06-16,1,100,35.5,100.0,70.0,5,15,4.7,43.0
ENR004458,LRN01483,CRS0159,2024-02-05,,0,27,2.1,31.3,70.8,1,1,,
ENR004459,LRN01483,CRS0144,2024-06-24,,0,40,15.8,41.5,76.5,2,12,,
ENR004460,LRN01483,CRS0148,2024-04-05,,0,50,2.5,54.5,62.8,2,2,,
ENR004461,LRN01483,CRS0153,2024-03-28,,0,54,21.0,46.9,35.8,2,15,,
ENR004462,LRN01483,CRS0150,2024-03-20,,0,7,5.0,0.0,,0,2,,
ENR004463,LRN01483,CRS0145,2024-05-06,,0,17,6.4,22.7,,0,2,,
ENR004464,LRN01483,CRS0083,2024-02-08,,0,8,2.6,14.9,,0,1,,
ENR004465,LRN01484,CRS0069,2024-02-24,,0,33,2.5,28.8,85.5,1,1,,
ENR004466,LRN01485,CRS0065,2024-08-21,,0,24,6.0,22.5,82.9,1,2,,
ENR004467,LRN01485,CRS0146,2024-09-22,,0,12,1.1,18.4,,0,0,,
ENR004468,LRN01485,CRS0057,2024-12-10,2025-01-23,1,100,20.3,99.5,18.3,5,9,4.8,44.0
ENR004469,LRN01485,CRS0070,2025-01-24,,0,12,0.7,3.0,,0,0,,
ENR004470,LRN01485,CRS0067,2024-11-04,2024-12-27,1,100,29.5,96.9,57.8,5,12,2.8,53.0
ENR004471,LRN01485,CRS0073,2025-01-24,,0,17,3.0,18.3,,0,2,,
ENR004472,LRN01486,CRS0071,2025-09-10,,0,34,1.1,26.9,59.7,1,1,,
ENR004473,LRN01486,CRS0070,2025-11-27,,0,13,1.3,26.2,,0,0,,
ENR004474,LRN01487,CRS0043,2024-08-04,,0,25,7.2,12.9,88.1,1,4,,
ENR004475,LRN01487,CRS0047,2024-08-07,,0,26,3.1,16.3,74.2,1,1,,
ENR004476,LRN01487,CRS0067,2024-07-22,2024-09-12,1,100,35.4,98.8,79.3,5,12,4.0,52.0
ENR004477,LRN01488,CRS0157,2025-09-04,,0,21,5.3,35.6,69.4,1,3,,
ENR004478,LRN01488,CRS0124,2025-08-24,,0,48,17.0,33.7,87.4,2,11,,
ENR004479,LRN01488,CRS0113,2025-09-07,,0,59,6.2,68.1,69.5,2,5,,
ENR004480,LRN01488,CRS0158,2025-08-08,,0,14,1.8,0.0,,0,0,,
ENR004481,LRN01489,CRS0089,2025-05-13,2025-05-31,1,100,37.7,97.0,43.7,5,12,4.2,18.0
ENR004482,LRN01489,CRS0095,2025-05-26,2025-07-29,1,100,82.1,99.2,69.5,5,30,3.5,64.0
ENR004483,LRN01489,CRS0096,2025-03-18,2025-03-29,1,100,16.7,100.0,72.4,5,8,4.2,11.0
ENR004484,LRN01490,CRS0176,2024-11-14,,0,17,0.7,31.3,,0,0,,
ENR004485,LRN01490,CRS0021,2024-05-31,,0,54,5.5,67.2,68.0,2,6,,
ENR004486,LRN01490,CRS0189,2024-06-06,2025-02-01,1,100,85.4,100.0,83.9,5,34,4.8,240.0
ENR004487,LRN01490,CRS0183,2024-09-23,2025-02-06,1,100,55.6,96.4,47.5,5,22,4.4,136.0
ENR004488,LRN01491,CRS0030,2024-06-20,,0,44,37.6,31.6,72.3,2,14,,
ENR004489,LRN01492,CRS0114,2024-04-08,2024-06-13,1,100,47.2,100.0,59.1,5,18,4.6,66.0
ENR004490,LRN01493,CRS0031,2025-08-19,,0,46,25.6,43.1,50.2,2,14,,
ENR004491,LRN01494,CRS0190,2024-04-18,2024-06-23,1,100,36.8,100.0,84.7,5,15,3.9,66.0
ENR004492,LRN01495,CRS0039,2025-07-03,,0,47,35.5,45.0,71.0,2,13,,
ENR004493,LRN01496,CRS0064,2024-02-28,,0,19,10.7,18.2,,0,4,,
ENR004494,LRN01497,CRS0135,2025-09-29,,0,13,1.0,11.4,,0,1,,
ENR004495,LRN01498,CRS0035,2024-11-13,,0,44,4.6,47.1,83.2,2,2,,
ENR004496,LRN01498,CRS0051,2024-08-11,,0,1,0.5,0.0,,0,0,,
ENR004497,LRN01498,CRS0016,2024-09-13,2025-01-02,1,100,33.7,100.0,78.8,5,18,4.5,111.0
ENR004498,LRN01498,CRS0070,2024-11-06,,0,23,2.0,9.4,73.0,1,1,,
ENR004499,LRN01499,CRS0193,2024-06-05,2024-08-28,1,100,52.6,100.0,35.3,5,22,3.8,84.0
ENR004500,LRN01499,CRS0146,2024-08-20,,0,34,2.4,47.8,76.1,1,1,,
ENR004501,LRN01499,CRS0047,2024-09-04,2024-09-26,1,100,14.0,87.2,61.0,5,5,4.7,22.0
ENR004502,LRN01499,CRS0043,2024-10-23,,0,30,6.3,44.0,71.3,1,4,,
ENR004503,LRN01499,CRS0151,2024-08-23,,0,45,27.4,38.8,41.1,2,15,,
ENR004504,LRN01500,CRS0174,2024-06-03,,0,18,12.3,7.5,,0,6,,
