user_id,age,gender,fitness_level,health_goal,bmi,diet_preference,baseline_stress,avg_steps,avg_active_minutes,avg_sleep_hours,avg_resting_hr,avg_calories_burned,avg_wellness_score,steps_consistency,activity_consistency
USER0001,36,Male,Moderately Active,Weight Loss,22.8,Low Carb,4.04,8558.366666666667,46.94444444444444,7.444000000000001,68.86666666666666,2075.9,7.143222222222222,0.31454391968121287,0.3762365723071661
USER0002,30,Male,Moderately Active,Build Muscle,25.1,Low Carb,6.01,8484.822222222223,45.422222222222224,7.462000000000001,68.13333333333334,2067.0555555555557,7.080333333333334,0.34361418170424496,0.40656901450900923
USER0003,38,Male,Very Active,Build Muscle,21.8,Balanced,3.96,11031.144444444444,77.65555555555555,8.043111111111111,69.91111111111111,2327.277777777778,7.093333333333333,0.33043891122320534,0.4161473599083278
USER0004,47,Male,Sedentary,General Fitness,33.1,Vegan,3.75,2725.5333333333333,8.8,6.561222222222222,68.63333333333334,1640.3222222222223,6.8133333333333335,0.3049557891120665,0.41940306508294833
USER0005,29,Female,Sedentary,General Fitness,32.7,Balanced,4.59,2552.0666666666666,8.422222222222222,6.448555555555556,69.54444444444445,1647.7222222222222,7.007555555555555,0.362658504772177,0.4367285193032414
USER0006,29,Female,Moderately Active,Weight Loss,22.5,Balanced,4.77,8001.633333333333,44.22222222222222,7.349222222222222,70.43333333333334,2036.6,7.245888888888889,0.3392953397859116,0.4626007791065074
USER0007,47,Male,Lightly Active,Stress Management,26.6,Balanced,6.08,5480.2,28.1,7.019222222222222,71.02222222222223,1876.3333333333333,7.068333333333333,0.3540505181211459,0.4082153455385802
USER0008,39,Female,Lightly Active,General Fitness,23.3,Low Carb,5.78,5558.4,25.711111111111112,6.944555555555556,68.73333333333333,1839.0222222222221,7.032333333333333,0.3643589960652161,0.4626484256656007
USER0009,27,Female,Moderately Active,Build Muscle,28.5,Balanced,5.47,7886.611111111111,45.166666666666664,7.489111111111111,70.1,2037.7333333333333,7.227777777777778,0.412752908121651,0.4676031016394699
USER0010,37,Male,Moderately Active,Weight Loss,28.0,Balanced,6.24,7878.788888888889,47.166666666666664,7.569111111111112,70.88888888888889,2048.6444444444446,7.110222222222221,0.3808197480244735,0.387051714973975
USER0011,27,Male,Very Active,Stress Management,29.2,Balanced,3.14,11180.577777777778,74.83333333333333,7.817111111111111,70.8,2323.7555555555555,6.95,0.3584130260722578,0.43638966267395124
USER0012,27,Female,Very Active,Better Sleep,27.3,Vegetarian,3.7,10998.333333333334,70.8,8.05311111111111,68.9888888888889,2304.177777777778,6.821777777777778,0.3470658733202942,0.505618562069966
USER0013,34,Female,Moderately Active,Weight Loss,37.7,High Protein,6.01,8011.2,46.41111111111111,7.526000000000001,69.66666666666667,2055.777777777778,6.853777777777778,0.3852800710978884,0.4189718910265076
USER0014,18,Female,Lightly Active,Build Muscle,21.9,Balanced,2.65,5512.266666666666,27.266666666666666,7.082,70.87777777777778,1872.4,6.872777777777777,0.38260553163829963,0.4603831580210024
USER0015,18,Male,Moderately Active,Weight Loss,19.2,Balanced,3.47,8402.155555555555,46.888888888888886,7.455666666666667,69.07777777777778,2058.4777777777776,6.958111111111111,0.32530728674007336,0.45792259201092933
USER0016,26,Male,Sedentary,General Fitness,24.4,Low Carb,3.93,2767.9777777777776,9.266666666666667,6.504555555555555,68.7,1646.4888888888888,6.942555555555556,0.38643757598266265,0.41851644270966276
USER0017,21,Male,Sedentary,Weight Loss,19.7,Vegetarian,4.19,2786.288888888889,8.644444444444444,6.468333333333333,69.68888888888888,1640.0222222222221,7.136,0.3759972352258897,0.4219736430149994
USER0018,35,Male,Moderately Active,Build Muscle,20.0,Balanced,5.96,8024.4111111111115,47.18888888888889,7.480111111111111,69.4,2050.4666666666667,6.804111111111111,0.30175829898477097,0.41593048599080895
USER0019,22,Male,Lightly Active,General Fitness,22.0,Vegan,3.97,5294.711111111111,27.41111111111111,7.108888888888888,67.36666666666666,1840.9777777777779,6.998888888888889,0.3740072617187831,0.41965279188579124
USER0020,18,Male,Sedentary,General Fitness,22.3,Low Carb,5.79,2839.8,8.688888888888888,6.5,69.82222222222222,1654.2,7.188888888888889,0.32024752348358415,0.3789543354431361
USER0021,46,Female,Sedentary,Build Muscle,22.2,Balanced,5.98,2655.766666666667,9.2,6.619777777777777,71.2,1653.2555555555555,6.7106666666666674,0.36213363003276444,0.3992281844202733
USER0022,29,Female,Moderately Active,Build Muscle,28.1,Low Carb,2.66,8764.344444444445,47.733333333333334,7.424888888888889,68.26666666666667,2088.722222222222,7.09911111111111,0.32811542956262313,0.41978321790838835
USER0023,32,Male,Lightly Active,General Fitness,24.0,High Protein,4.27,5752.511111111111,27.011111111111113,6.911333333333333,69.86666666666666,1859.0666666666666,6.984111111111112,0.31617446472930893,0.4177403607908587
USER0024,18,Female,Moderately Active,Weight Loss,25.3,Vegetarian,2.96,8662.722222222223,46.12222222222222,7.404555555555556,67.73333333333333,2089.2,7.000333333333333,0.3377643532663467,0.43703085785511625
USER0025,26,Male,Sedentary,Weight Loss,29.6,Balanced,5.72,2772.9333333333334,8.688888888888888,6.4448888888888884,70.0,1642.6444444444444,6.848999999999999,0.3075728519095713,0.4178720325686606
USER0026,33,Male,Moderately Active,Stress Management,22.9,Balanced,2.72,8704.977777777778,45.82222222222222,7.5714444444444435,69.08888888888889,2078.4666666666667,6.9478888888888894,0.34706153555715424,0.4887121337585703
USER0027,20,Male,Moderately Active,Weight Loss,24.9,Balanced,3.63,8226.233333333334,46.977777777777774,7.540666666666667,69.35555555555555,2089.6555555555556,7.118,0.3226274755376218,0.42865410275304583
USER0028,35,Female,Lightly Active,General Fitness,27.5,Balanced,5.84,5381.622222222222,27.4,7.072777777777778,70.25555555555556,1847.7555555555555,7.011,0.3677297550326545,0.5067052435920799
USER0029,25,Other,Lightly Active,Better Sleep,18.2,Vegetarian,4.95,5597.544444444445,28.255555555555556,6.998888888888889,69.41111111111111,1855.2,6.828111111111111,0.40244542601109734,0.5017320770199688
USER0030,29,Female,Sedentary,Weight Loss,18.0,Vegetarian,4.02,2703.0,8.544444444444444,6.496444444444444,71.36666666666666,1650.5444444444445,7.065,0.4100979197455525,0.4150448096765195
USER0031,25,Male,Very Active,Build Muscle,27.4,Vegetarian,5.27,11006.344444444445,69.27777777777777,8.091111111111111,68.85555555555555,2293.1666666666665,7.167777777777778,0.3536405241252365,0.4160958757080507
USER0032,50,Female,Moderately Active,General Fitness,28.0,High Protein,3.21,8060.533333333334,40.94444444444444,7.344888888888889,68.91111111111111,2044.1333333333334,7.048777777777778,0.3790017953928186,0.47588465789776485
USER0033,31,Male,Very Active,Stress Management,34.3,Balanced,3.51,10800.3,71.66666666666667,8.083777777777778,69.75555555555556,2287.6555555555556,6.980666666666666,0.4024104325360157,0.4630210788775084
USER0034,21,Female,Lightly Active,Better Sleep,26.6,Vegan,3.15,5282.433333333333,26.788888888888888,6.951999999999999,68.68888888888888,1828.1333333333334,6.811444444444444,0.3351894120279113,0.4303752224497455
USER0035,40,Female,Moderately Active,General Fitness,29.3,Vegetarian,4.88,7812.722222222223,42.25555555555555,7.599222222222222,69.26666666666667,2010.2777777777778,7.070666666666667,0.3749261702658963,0.49924318107232435
USER0036,19,Male,Moderately Active,Weight Loss,25.2,Balanced,3.25,8160.366666666667,44.333333333333336,7.3373333333333335,68.74444444444444,2041.1333333333334,6.773777777777777,0.36362998832356,0.3958587529020104
USER0037,34,Female,Moderately Active,General Fitness,27.2,Vegetarian,6.27,8472.877777777778,46.1,7.4831111111111115,69.3,2082.177777777778,7.067888888888889,0.32006570064383033,0.455066759513102
USER0038,18,Female,Very Active,Build Muscle,32.7,Balanced,8.2,10686.344444444445,75.92222222222222,8.078333333333333,68.5111111111111,2314.1444444444446,6.906888888888889,0.4028609749494205,0.4231796197161593
USER0039,18,Male,Lightly Active,Build Muscle,18.0,Vegetarian,3.23,5549.4,29.07777777777778,6.8660000000000005,70.82222222222222,1872.2222222222222,6.994555555555555,0.38049249022242404,0.38195569297194193
USER0040,33,Female,Sedentary,Weight Loss,27.7,Low Carb,4.14,2695.1222222222223,8.733333333333333,6.579666666666666,68.62222222222222,1644.1777777777777,7.021555555555556,0.3886616834784508,0.4462054102712968
USER0041,39,Male,Moderately Active,Weight Loss,34.5,Balanced,5.15,8380.655555555555,45.422222222222224,7.4448888888888884,68.75555555555556,2065.3,7.009222222222222,0.3676286172596125,0.47111733476824563
USER0042,33,Female,Moderately Active,Stress Management,27.1,Low Carb,4.91,8606.344444444445,46.84444444444444,7.529444444444445,68.94444444444444,2072.4777777777776,7.125888888888889,0.32846853011025234,0.4261963194033567
USER0043,30,Female,Lightly Active,Build Muscle,32.6,Low Carb,3.97,5119.788888888889,26.22222222222222,6.930000000000001,70.14444444444445,1827.8222222222223,7.053333333333333,0.40238317151865594,0.48511367427431895
USER0044,28,Female,Sedentary,Build Muscle,23.5,Balanced,4.62,2781.4222222222224,9.433333333333334,6.490444444444444,68.23333333333333,1667.4888888888888,6.888111111111111,0.3295819375570469,0.42602369367153425
USER0045,18,Female,Lightly Active,Build Muscle,25.9,Balanced,5.45,5354.188888888889,26.933333333333334,7.119555555555555,68.58888888888889,1849.9555555555555,6.949333333333333,0.41165419220829047,0.4279935704693325
USER0046,24,Female,Lightly Active,Stress Management,26.1,Balanced,5.29,5805.144444444444,27.644444444444446,6.929777777777777,70.28888888888889,1871.4666666666667,7.212888888888888,0.37640804465598815,0.40892870199150716
USER0047,27,Male,Lightly Active,General Fitness,18.0,Low Carb,6.57,5314.2555555555555,27.288888888888888,6.909000000000001,67.37777777777778,1826.9333333333334,7.022,0.35604660170834,0.4264552383461156
USER0048,42,Female,Moderately Active,Weight Loss,21.3,Vegan,5.6,7944.9111111111115,45.9,7.465222222222223,70.3,2058.011111111111,6.879888888888888,0.4157983350831968,0.49046743112233404
USER0049,35,Male,Moderately Active,Weight Loss,21.6,Vegan,4.06,8403.6,41.31111111111111,7.685777777777778,69.42222222222222,2039.6333333333334,7.142888888888889,0.35798446530800376,0.4366464102273573
USER0050,18,Female,Sedentary,Weight Loss,29.3,Low Carb,3.0,2997.1,8.577777777777778,6.427,69.0,1667.1222222222223,7.185888888888889,0.2994737468330259,0.4561628895486205
USER0051,35,Male,Lightly Active,Better Sleep,29.5,Vegetarian,3.76,5707.433333333333,25.977777777777778,7.0088888888888885,70.26666666666667,1877.9888888888888,6.889222222222222,0.3637027357346199,0.422164382965269
USER0052,28,Male,Lightly Active,General Fitness,27.3,Balanced,4.77,5607.1,24.966666666666665,6.7858888888888895,70.08888888888889,1841.9333333333334,7.092444444444445,0.337035017340034,0.52623594372269
USER0053,25,Female,Sedentary,General Fitness,29.3,Vegetarian,2.6,2711.233333333333,9.566666666666666,6.677333333333333,70.18888888888888,1653.7555555555555,6.983888888888888,0.40361932397910477,0.44635830589882897
USER0054,38,Male,Moderately Active,General Fitness,25.3,Balanced,4.12,7613.344444444445,45.03333333333333,7.582444444444444,70.65555555555555,2029.4,6.889444444444444,0.3431514180538421,0.46213442900795826
USER0055,42,Female,Very Active,Build Muscle,30.8,Balanced,7.22,10585.81111111111,72.72222222222223,7.936222222222222,68.53333333333333,2287.6555555555556,6.946888888888889,0.3859311761427694,0.47902494900048853
USER0056,41,Male,Lightly Active,Stress Management,26.0,Low Carb,8.43,5922.8,27.655555555555555,7.084666666666667,69.06666666666666,1873.388888888889,6.74388888888889,0.36807543365266443,0.45049632492872005
USER0057,23,Male,Moderately Active,General Fitness,26.2,Balanced,4.77,7806.4,47.86666666666667,7.501777777777777,68.31111111111112,2045.6444444444444,7.079111111111112,0.3837385186512444,0.44156622076204244
USER0058,28,Female,Moderately Active,Weight Loss,24.9,Vegetarian,2.23,8432.022222222222,44.67777777777778,7.542333333333333,68.37777777777778,2068.7,7.011,0.3286832797856734,0.4464352576209024
USER0059,35,Male,Moderately Active,Weight Loss,28.7,Vegetarian,5.42,8181.511111111111,49.044444444444444,7.354111111111111,70.3,2080.711111111111,7.113333333333334,0.33590752034566,0.4440366339097967
USER0060,41,Male,Sedentary,General Fitness,24.3,Balanced,2.19,2834.8333333333335,8.822222222222223,6.551333333333333,68.24444444444444,1657.911111111111,6.872777777777777,0.3696843912980062,0.43049489344126646
USER0061,27,Female,Very Active,Better Sleep,29.9,Balanced,4.08,10536.711111111112,75.2,7.909,72.0,2287.777777777778,7.019555555555556,0.3757133647628381,0.4600593934825299
USER0062,30,Male,Lightly Active,Build Muscle,21.5,Vegan,4.78,5446.011111111111,26.72222222222222,6.954888888888889,68.35555555555555,1856.6888888888889,6.838222222222223,0.3662519391320391,0.4580839708324635
USER0063,20,Female,Lightly Active,Stress Management,21.6,Vegetarian,5.25,5506.5,27.58888888888889,7.086222222222222,67.77777777777777,1868.7777777777778,7.038777777777778,0.3492486614281361,0.3782041242159752
USER0064,20,Male,Sedentary,Stress Management,28.7,Balanced,6.64,2745.3777777777777,9.066666666666666,6.416111111111111,70.86666666666666,1663.088888888889,6.965888888888888,0.34816430597187636,0.41378806229969034
USER0065,40,Male,Lightly Active,Weight Loss,25.6,Balanced,2.34,5682.655555555555,25.844444444444445,7.138444444444445,70.5111111111111,1854.411111111111,6.989666666666667,0.34534214261155427,0.4872523869632422
USER0066,45,Female,Sedentary,Weight Loss,24.2,Low Carb,4.36,2885.777777777778,8.455555555555556,6.52,68.83333333333333,1630.6444444444444,6.9414444444444445,0.329442286145967,0.39387194304557005
USER0067,31,Male,Sedentary,Weight Loss,29.6,Low Carb,3.22,2771.6666666666665,8.833333333333334,6.407111111111111,68.57777777777778,1647.3777777777777,6.8885555555555555,0.3588641129627387,0.4533383465145749
USER0068,42,Male,Lightly Active,General Fitness,23.6,Balanced,1.94,5314.0,26.866666666666667,6.959222222222222,68.83333333333333,1848.3111111111111,6.863444444444445,0.3959892906611858,0.46559228162273997
USER0069,35,Male,Moderately Active,Weight Loss,25.2,Balanced,5.61,8394.6,46.355555555555554,7.308999999999999,69.14444444444445,2069.366666666667,6.973888888888888,0.4032041468114659,0.4134843094447275
USER0070,25,Male,Moderately Active,Build Muscle,31.6,Vegan,7.44,7918.566666666667,46.53333333333333,7.378333333333333,69.3,2065.4666666666667,6.996555555555556,0.35702215988203334,0.44307568400702124
USER0071,35,Female,Lightly Active,General Fitness,32.2,Low Carb,4.99,5301.355555555556,26.355555555555554,7.139777777777779,69.38888888888889,1844.5666666666666,6.920333333333334,0.4027940061551444,0.4946750522382403
USER0072,47,Male,Moderately Active,General Fitness,32.3,High Protein,4.79,8041.5,46.22222222222222,7.390000000000001,67.84444444444445,2053.3777777777777,6.955888888888889,0.3801480863322117,0.40451158126456976
USER0073,31,Female,Moderately Active,Weight Loss,24.9,Vegetarian,7.63,8372.711111111112,45.922222222222224,7.489222222222222,69.78888888888889,2061.1555555555556,7.015333333333333,0.3249475451969669,0.44943086002889565
USER0074,47,Female,Moderately Active,Build Muscle,30.9,High Protein,1.55,8196.822222222223,44.577777777777776,7.547777777777777,70.27777777777777,2044.2555555555555,7.093555555555555,0.36488890505771465,0.43856621412446134
USER0075,18,Male,Sedentary,Build Muscle,22.2,Balanced,4.97,2796.1444444444446,8.966666666666667,6.446777777777778,68.96666666666667,1650.8222222222223,6.892666666666667,0.3302981613617993,0.39528603396273476
USER0076,40,Female,Moderately Active,General Fitness,22.4,Vegetarian,3.87,8874.077777777778,47.77777777777778,7.426222222222222,70.58888888888889,2075.988888888889,6.916777777777778,0.33884585471639395,0.47625417863018193
USER0077,32,Male,Very Active,Stress Management,18.0,Balanced,4.96,10419.266666666666,77.24444444444444,7.976333333333334,68.4,2289.9444444444443,6.982,0.39310089945847126,0.3923659582835076
USER0078,29,Other,Moderately Active,Weight Loss,32.7,Low Carb,4.42,8087.7,48.766666666666666,7.618666666666666,69.34444444444445,2069.5,7.120888888888889,0.30826634740761333,0.4275673476223407
USER0079,32,Male,Lightly Active,Stress Management,22.5,Balanced,4.26,5435.666666666667,24.57777777777778,6.992444444444445,69.4888888888889,1838.4,7.0118888888888895,0.3532928659283957,0.4958719645398725
USER0080,18,Female,Lightly Active,General Fitness,25.5,Balanced,3.28,5527.944444444444,28.5,7.094222222222222,71.77777777777777,1850.5333333333333,7.3838888888888885,0.3984111642716918,0.37589095326422844
USER0081,29,Female,Moderately Active,General Fitness,22.4,Vegan,6.37,8060.655555555555,44.8,7.577444444444445,71.61111111111111,2052.2555555555555,7.073444444444444,0.3684714773262989,0.4639610980937038
USER0082,35,Male,Lightly Active,General Fitness,28.8,Vegan,6.64,5726.5888888888885,26.255555555555556,6.9943333333333335,71.82222222222222,1850.1888888888889,6.899333333333334,0.36056334533913986,0.5026055104724781
USER0083,46,Female,Sedentary,Build Muscle,24.5,Balanced,5.02,2815.5333333333333,9.444444444444445,6.483777777777777,69.05555555555556,1651.9777777777779,6.8902222222222225,0.3896382247941399,0.41196456531880987
USER0084,26,Female,Lightly Active,Weight Loss,20.8,Low Carb,3.37,5258.022222222222,28.42222222222222,6.988222222222223,69.82222222222222,1852.088888888889,6.794444444444444,0.390264892291429,0.37826911925686524
USER0085,23,Male,Moderately Active,General Fitness,27.8,Balanced,6.02,8329.455555555556,44.922222222222224,7.557777777777778,70.04444444444445,2054.0777777777776,6.753666666666667,0.351398242776767,0.4448697103951962
USER0086,26,Male,Moderately Active,General Fitness,20.3,Balanced,6.59,8295.611111111111,45.666666666666664,7.541333333333333,69.37777777777778,2066.3333333333335,7.147888888888888,0.3419550263288428,0.42698515961402245
USER0087,41,Female,Sedentary,General Fitness,22.7,Vegetarian,5.63,2674.266666666667,8.566666666666666,6.520444444444445,66.74444444444444,1655.4666666666667,6.829888888888888,0.3854248162088485,0.44019808820297673
USER0088,35,Female,Very Active,Build Muscle,18.0,Balanced,5.93,10754.222222222223,71.9888888888889,8.017888888888889,69.95555555555555,2291.733333333333,6.870888888888889,0.38992071985682447,0.5018340756628487
USER0089,26,Other,Lightly Active,Better Sleep,20.3,High Protein,3.71,5431.2555555555555,27.244444444444444,6.949777777777778,70.43333333333334,1856.4333333333334,6.886111111111111,0.3182949263193496,0.45301774221642427
USER0090,37,Female,Moderately Active,General Fitness,26.7,Balanced,5.79,8716.777777777777,44.82222222222222,7.485555555555556,70.67777777777778,2085.5666666666666,7.052222222222222,0.3361428057098262,0.43823089981076885
USER0091,32,Female,Moderately Active,Weight Loss,18.1,Low Carb,3.1,7630.811111111111,45.44444444444444,7.495333333333334,70.61111111111111,2040.8444444444444,7.164555555555555,0.40780638296149085,0.4397608150057315
USER0092,41,Female,Moderately Active,Build Muscle,20.1,Low Carb,6.17,8236.844444444445,45.4,7.558999999999999,69.71111111111111,2058.822222222222,7.354777777777778,0.383775498107845,0.42273865450092013
USER0093,24,Male,Very Active,Stress Management,26.0,Balanced,3.78,11362.077777777778,74.94444444444444,7.899555555555556,69.0111111111111,2334.633333333333,7.04,0.35715928537062264,0.43086555141870614
USER0094,28,Male,Lightly Active,Stress Management,23.8,Balanced,2.34,5686.033333333334,27.977777777777778,7.045,71.13333333333334,1859.4555555555555,6.943777777777778,0.3372491815423993,0.3581493602977418
USER0095,28,Female,Moderately Active,Build Muscle,34.0,Vegetarian,6.92,7976.355555555556,46.4,7.477777777777778,68.7,2055.0333333333333,7.024888888888889,0.38872619086203697,0.4658452062522166
USER0096,18,Female,Sedentary,Stress Management,33.3,Vegetarian,5.69,2776.733333333333,9.144444444444444,6.5761111111111115,69.17777777777778,1653.1888888888889,7.037999999999999,0.36492266926522154,0.4262931009780878
USER0097,34,Male,Moderately Active,Weight Loss,22.5,Balanced,5.12,8099.055555555556,46.15555555555556,7.498888888888889,68.84444444444445,2052.822222222222,6.673111111111112,0.3904526605762749,0.5003085958208427
USER0098,34,Male,Moderately Active,Build Muscle,28.2,Low Carb,4.99,8317.7,46.355555555555554,7.624555555555556,67.72222222222223,2049.8555555555554,6.996333333333333,0.37251287587688836,0.4410485498366648
USER0099,32,Female,Moderately Active,Stress Management,29.0,Balanced,4.01,8250.666666666666,43.74444444444445,7.539777777777778,69.27777777777777,2050.7555555555555,6.936,0.34139140927956335,0.45534225809314643
USER0100,29,Female,Lightly Active,Stress Management,23.6,Balanced,5.43,5453.866666666667,26.5,6.904222222222222,69.88888888888889,1847.0444444444445,6.910555555555556,0.36399287019133525,0.4659419796226303
USER0101,18,Male,Moderately Active,General Fitness,20.0,Balanced,3.14,8172.988888888889,47.96666666666667,7.668555555555555,69.5111111111111,2074.588888888889,7.226666666666667,0.3831187531323489,0.3759415192903357
USER0102,27,Male,Sedentary,Stress Management,26.0,Balanced,2.92,2959.688888888889,8.066666666666666,6.418777777777779,71.24444444444444,1661.5666666666666,7.09,0.3491100260783663,0.45736239823776426
USER0103,28,Male,Sedentary,Weight Loss,25.3,Vegetarian,6.27,2756.7444444444445,8.511111111111111,6.311111111111111,68.72222222222223,1642.3333333333333,6.845,0.32949523479416815,0.4114803731355386
USER0104,23,Male,Moderately Active,Stress Management,24.3,Vegetarian,5.67,8212.966666666667,45.75555555555555,7.401666666666666,69.55555555555556,2055.011111111111,7.121888888888889,0.34433801623497234,0.3913747566559
USER0105,30,Male,Lightly Active,Build Muscle,27.8,High Protein,6.34,5558.422222222222,28.366666666666667,7.059444444444445,69.43333333333334,1876.7333333333333,7.139111111111111,0.3519718976605906,0.37541439184596287
USER0106,36,Male,Moderately Active,Weight Loss,23.0,Low Carb,7.41,8335.1,45.25555555555555,7.5120000000000005,70.5,2059.8,6.923000000000001,0.33350445317872257,0.4563561806513402
USER0107,50,Female,Lightly Active,Weight Loss,21.4,High Protein,2.83,5358.522222222222,27.244444444444444,7.117444444444445,68.02222222222223,1845.6666666666667,7.1594444444444445,0.40704088965272156,0.4609723801648942
USER0108,33,Male,Sedentary,Build Muscle,26.4,Low Carb,5.29,2526.3333333333335,9.755555555555556,6.389,68.31111111111112,1643.1222222222223,6.891333333333334,0.39628395344184214,0.42364945501387863
USER0109,34,Female,Moderately Active,Weight Loss,27.5,Low Carb,3.86,8356.044444444444,43.544444444444444,7.574777777777778,70.7,2055.0666666666666,7.012222222222222,0.3343000962913993,0.46654578362057336
USER0110,31,Female,Lightly Active,Build Muscle,21.3,High Protein,5.7,5609.322222222222,28.033333333333335,6.937333333333333,69.85555555555555,1858.4222222222222,6.848333333333334,0.3788771331025547,0.45640483963515266
USER0111,18,Male,Sedentary,Weight Loss,29.7,Low Carb,3.68,2787.988888888889,8.566666666666666,6.451222222222222,70.37777777777778,1645.7222222222222,7.0585555555555555,0.2653542910159289,0.49449125776044356
USER0112,31,Female,Moderately Active,Weight Loss,18.9,Balanced,6.41,7786.655555555555,44.611111111111114,7.505999999999999,69.14444444444445,2022.9222222222222,6.926777777777778,0.3451202620457886,0.4859426250009758
USER0113,32,Male,Lightly Active,General Fitness,23.7,Vegetarian,5.85,5641.655555555555,27.711111111111112,7.039555555555555,68.76666666666667,1879.3222222222223,6.985555555555556,0.33879134316594417,0.4387637027219662
USER0114,56,Female,Moderately Active,Build Muscle,25.0,Vegan,5.36,8299.488888888889,42.333333333333336,7.461666666666666,71.47777777777777,2051.0555555555557,7.1401111111111115,0.30847063185665413,0.49444248682841274
USER0115,30,Male,Lightly Active,Build Muscle,23.5,Vegetarian,2.18,5628.433333333333,26.5,6.9623333333333335,69.76666666666667,1852.3222222222223,6.908888888888888,0.3451203373391153,0.4389234680848462
USER0116,35,Female,Moderately Active,General Fitness,23.7,Low Carb,4.12,7485.666666666667,46.5,7.516666666666667,70.8,2056.233333333333,6.942888888888889,0.37979488809251866,0.41497662792452217
USER0117,31,Female,Moderately Active,Stress Management,33.5,Low Carb,7.11,8387.966666666667,46.388888888888886,7.387555555555555,69.4,2054.5555555555557,6.9943333333333335,0.36375787373056867,0.458362991056191
USER0118,20,Male,Moderately Active,Stress Management,22.6,High Protein,5.31,8673.755555555555,44.477777777777774,7.648555555555555,71.1,2067.988888888889,6.905666666666667,0.3348727079506354,0.46117291149536144
USER0119,43,Male,Sedentary,Build Muscle,35.8,Balanced,6.3,2665.233333333333,8.677777777777777,6.719222222222222,68.94444444444444,1634.5777777777778,6.885,0.37532155776721726,0.4063207285642264
USER0120,39,Female,Moderately Active,General Fitness,27.7,Low Carb,2.12,8263.055555555555,46.67777777777778,7.496555555555556,69.25555555555556,2055.911111111111,7.001777777777777,0.3475179789352971,0.4370458396783172
USER0121,39,Female,Moderately Active,Weight Loss,26.4,Balanced,2.24,8680.5,47.37777777777778,7.338222222222223,67.97777777777777,2087.722222222222,7.091666666666667,0.3198756865998264,0.4084169618389761
USER0122,22,Male,Moderately Active,Weight Loss,27.9,Low Carb,4.2,8138.677777777778,43.37777777777778,7.470777777777778,69.17777777777778,2042.4444444444443,6.892555555555556,0.34375577524862316,0.4565290652521351
USER0123,46,Female,Lightly Active,Build Muscle,36.1,Low Carb,4.98,5407.811111111111,26.61111111111111,6.908666666666666,70.03333333333333,1841.3222222222223,6.889222222222222,0.3987965233608484,0.4651787888328085
USER0124,18,Male,Moderately Active,Stress Management,22.0,Balanced,5.2,8323.1,46.766666666666666,7.418777777777779,69.06666666666666,2079.1444444444446,7.0809999999999995,0.3612645641244355,0.46920424980961145
USER0125,37,Female,Moderately Active,Weight Loss,21.5,Balanced,3.57,8595.522222222222,46.18888888888889,7.467666666666667,69.36666666666666,2061.677777777778,7.0553333333333335,0.32006559828272074,0.40495897108009804
USER0126,53,Male,Sedentary,Weight Loss,23.0,Low Carb,4.12,2621.222222222222,8.122222222222222,6.376444444444444,68.57777777777778,1629.2555555555555,6.837666666666666,0.3815671947783206,0.5162034351788413
USER0127,22,Female,Lightly Active,Weight Loss,26.1,Balanced,2.54,5614.977777777778,27.41111111111111,7.081777777777778,69.33333333333333,1863.5666666666666,7.146555555555556,0.32462027879386757,0.45632919434509595
USER0128,26,Male,Moderately Active,Stress Management,19.1,Balanced,4.69,8300.966666666667,43.01111111111111,7.571777777777778,68.85555555555555,2043.7444444444445,7.01,0.32956451661006303,0.4731258503970562
USER0129,32,Male,Sedentary,General Fitness,26.1,Vegetarian,2.77,2797.9222222222224,8.277777777777779,6.419888888888888,68.88888888888889,1657.0,6.985555555555556,0.38820821827829927,0.43797800602998427
USER0130,26,Male,Very Active,Weight Loss,32.8,Balanced,5.64,11553.6,68.25555555555556,8.056555555555557,68.88888888888889,2308.9555555555557,6.9864444444444445,0.3079141672781485,0.4549507782424391
USER0131,18,Male,Moderately Active,General Fitness,26.6,Balanced,4.43,7953.022222222222,45.233333333333334,7.465111111111112,69.78888888888889,2049.9,7.076555555555555,0.3299544304782901,0.4184675609625719
USER0132,32,Female,Moderately Active,General Fitness,24.8,High Protein,5.62,8852.322222222223,45.0,7.391333333333334,69.86666666666666,2087.9444444444443,7.114666666666667,0.3710139743624595,0.4257022812507936
USER0133,21,Male,Lightly Active,General Fitness,23.5,Balanced,3.33,5669.422222222222,25.211111111111112,6.941888888888888,70.06666666666666,1856.888888888889,7.1419999999999995,0.3406153170966553,0.5005008829231119
USER0134,36,Female,Sedentary,Weight Loss,29.6,Balanced,4.6,2775.9333333333334,9.055555555555555,6.599444444444445,69.66666666666667,1636.7333333333333,7.020888888888889,0.3484520392360128,0.39871745791359325
USER0135,22,Male,Very Active,Stress Management,22.7,Low Carb,3.55,11587.611111111111,76.86666666666666,8.022555555555556,69.93333333333334,2356.911111111111,7.033,0.3217492554683027,0.38898140097679934
USER0136,47,Male,Lightly Active,Build Muscle,33.4,Vegetarian,3.19,5454.7555555555555,27.144444444444446,7.085,69.36666666666666,1880.3444444444444,6.940444444444444,0.35610944994828364,0.4256659872757506
USER0137,24,Male,Moderately Active,General Fitness,33.7,Vegan,4.0,8358.177777777777,47.21111111111111,7.5776666666666666,67.45555555555555,2084.3,6.910555555555556,0.3399694372563922,0.3954017686049607
USER0138,28,Male,Lightly Active,Weight Loss,27.0,Vegan,2.98,5370.777777777777,26.744444444444444,7.016222222222223,71.12222222222222,1856.3777777777777,7.042555555555556,0.3793258999907865,0.44338119653402175
USER0139,40,Male,Sedentary,Build Muscle,26.0,Vegetarian,6.01,2602.177777777778,8.622222222222222,6.521444444444444,70.78888888888889,1643.1888888888889,7.027222222222223,0.40649490517322995,0.3993845571260473
USER0140,19,Male,Sedentary,Build Muscle,30.1,Balanced,4.47,2696.5,8.38888888888889,6.531111111111111,69.94444444444444,1646.7777777777778,6.874555555555556,0.3640992216045237,0.4056341415065007
USER0141,34,Female,Lightly Active,General Fitness,30.4,Balanced,4.03,5299.555555555556,26.2,6.989777777777778,70.4,1847.7555555555555,7.050444444444444,0.3406258878876556,0.46970658833298695
USER0142,45,Male,Very Active,Weight Loss,22.8,Balanced,4.66,10585.544444444444,71.55555555555556,7.894444444444445,69.86666666666666,2291.411111111111,7.096555555555556,0.34394726491419075,0.48178089484653513
USER0143,18,Female,Lightly Active,Stress Management,23.9,Balanced,3.9,5700.566666666667,26.2,6.955111111111112,68.88888888888889,1855.5111111111112,6.892555555555556,0.3441814253862551,0.4712069564117845
USER0144,33,Female,Lightly Active,Weight Loss,20.7,Vegetarian,4.32,5328.177777777778,26.144444444444446,7.089444444444444,71.04444444444445,1846.2888888888888,7.161333333333333,0.3509258669195648,0.4167805859623204
USER0145,34,Male,Lightly Active,General Fitness,27.6,Low Carb,5.42,5245.922222222222,26.822222222222223,6.961666666666666,67.77777777777777,1822.5222222222221,6.908888888888888,0.3821820410736657,0.49487002815094655
USER0146,39,Male,Lightly Active,Stress Management,28.7,Balanced,4.28,5093.2555555555555,26.011111111111113,7.010888888888889,68.45555555555555,1825.2666666666667,6.7844444444444445,0.40383034235827875,0.463208168270603
USER0147,19,Other,Lightly Active,General Fitness,20.6,Vegetarian,4.31,5345.333333333333,28.244444444444444,6.983777777777777,67.0111111111111,1853.4666666666667,6.9014444444444445,0.2977879893400456,0.4187743675056964
USER0148,18,Female,Moderately Active,General Fitness,24.2,Balanced,6.04,8206.81111111111,43.977777777777774,7.490222222222222,68.84444444444445,2060.288888888889,6.773555555555555,0.3879802852988714,0.4211413877856122
USER0149,37,Female,Lightly Active,General Fitness,20.6,Balanced,2.64,5588.988888888889,26.955555555555556,6.921444444444444,68.82222222222222,1854.6888888888889,6.990666666666666,0.3741073092503864,0.4134240799995704
USER0150,34,Male,Lightly Active,Build Muscle,22.4,Low Carb,3.6,5256.633333333333,26.144444444444446,6.860666666666667,68.87777777777778,1854.1555555555556,6.983222222222222,0.3759129644961769,0.41908981281803237
USER0151,34,Female,Sedentary,Stress Management,28.2,Balanced,3.9,2689.3333333333335,8.777777777777779,6.579777777777777,71.17777777777778,1654.7555555555555,7.301888888888889,0.37469151061375966,0.4362511692186372
USER0152,35,Female,Very Active,Weight Loss,23.1,Balanced,6.76,10909.988888888889,72.66666666666667,7.794444444444444,70.41111111111111,2291.1666666666665,6.794555555555555,0.3235344954338365,0.4467142864209676
USER0153,25,Female,Sedentary,General Fitness,24.8,Balanced,4.36,2803.511111111111,8.4,6.540222222222222,68.87777777777778,1658.7222222222222,6.947888888888889,0.30747855461299034,0.4400021948722298
USER0154,34,Other,Sedentary,General Fitness,19.5,Balanced,3.79,2773.288888888889,9.311111111111112,6.375555555555555,69.08888888888889,1645.7777777777778,7.036555555555555,0.316543778178107,0.4179256642991727
USER0155,34,Male,Moderately Active,Build Muscle,26.7,Vegetarian,2.8,7902.277777777777,43.6,7.594444444444444,69.86666666666666,2040.6333333333334,7.082666666666666,0.35970575705348545,0.5110249751999587
USER0156,24,Male,Lightly Active,Build Muscle,25.8,Vegan,3.55,5539.377777777778,25.7,6.980777777777778,68.43333333333334,1848.7111111111112,7.141111111111112,0.3581416476034533,0.4933926846615412
USER0157,50,Female,Lightly Active,Build Muscle,23.1,Balanced,5.5,5353.477777777778,28.1,6.959777777777778,70.03333333333333,1843.388888888889,6.928,0.3955025633423831,0.3999021699506873
USER0158,36,Female,Lightly Active,Stress Management,25.2,Balanced,3.14,4948.111111111111,27.933333333333334,6.924333333333334,69.37777777777778,1836.2111111111112,7.051333333333333,0.4290412362020922,0.38094463844270177
USER0159,20,Male,Moderately Active,Better Sleep,26.7,Vegetarian,4.9,8241.677777777777,47.77777777777778,7.528666666666667,69.9,2072.6,7.085111111111111,0.3188227888294542,0.38747547668591253
USER0160,38,Male,Sedentary,General Fitness,22.7,High Protein,6.69,2714.988888888889,8.677777777777777,6.530777777777778,70.37777777777778,1648.7333333333333,7.301333333333333,0.36858189780537676,0.4836360028082582
USER0161,22,Male,Moderately Active,General Fitness,20.1,Balanced,4.29,8248.3,46.72222222222222,7.312555555555556,70.6,2050.5222222222224,6.845,0.3404157317258183,0.4298505882284525
USER0162,39,Male,Moderately Active,Better Sleep,33.2,Balanced,3.66,8338.944444444445,44.53333333333333,7.532222222222222,67.4,2062.9222222222224,7.058222222222223,0.3910772363979259,0.4610518247616506
USER0163,43,Female,Lightly Active,Weight Loss,23.5,Vegetarian,2.54,5529.188888888889,30.38888888888889,7.011111111111111,68.44444444444444,1870.1666666666667,7.167444444444445,0.37825445536273816,0.4369674577891721
USER0164,23,Female,Lightly Active,Weight Loss,25.6,Low Carb,4.9,5574.9,28.855555555555554,6.997444444444445,70.4,1858.4333333333334,6.926,0.3489875008425282,0.4252499030571578
USER0165,41,Male,Lightly Active,General Fitness,30.0,Balanced,5.0,5438.277777777777,27.755555555555556,6.991444444444444,71.1,1845.8555555555556,7.0040000000000004,0.31937909892764915,0.3942736944562658
USER0166,36,Male,Moderately Active,Stress Management,40.0,Low Carb,2.55,8276.944444444445,47.65555555555556,7.4959999999999996,69.4888888888889,2061.1555555555556,7.034666666666666,0.348830351358011,0.38460424692652806
USER0167,40,Male,Lightly Active,Stress Management,21.0,Balanced,1.87,5344.9,26.177777777777777,6.990111111111111,70.0111111111111,1850.9888888888888,7.043222222222222,0.4018466269562707,0.48422614727793817
USER0168,50,Male,Lightly Active,Build Muscle,27.8,Low Carb,4.74,5137.544444444445,26.788888888888888,7.075777777777779,71.22222222222223,1837.9222222222222,7.211,0.4118370156531597,0.45469551186866564
USER0169,29,Female,Lightly Active,Weight Loss,23.2,Low Carb,4.01,5527.133333333333,29.08888888888889,6.944333333333334,71.46666666666667,1855.2444444444445,7.211,0.3350690378959305,0.3839435719569065
USER0170,24,Other,Very Active,Build Muscle,23.8,Vegan,6.15,10786.977777777778,62.82222222222222,7.747,69.22222222222223,2253.677777777778,6.982666666666668,0.41751947301484515,0.4743799345105953
USER0171,23,Female,Lightly Active,Weight Loss,23.1,Balanced,2.51,5414.222222222223,25.555555555555557,7.09911111111111,68.82222222222222,1853.2,7.070888888888889,0.35072552887412517,0.4815279742290801
USER0172,23,Male,Very Active,Weight Loss,21.5,Balanced,6.9,11046.488888888889,74.62222222222222,7.977777777777778,69.87777777777778,2300.0,7.053333333333333,0.3716671833985888,0.4693780004745727
USER0173,31,Female,Lightly Active,Stress Management,25.8,Balanced,4.43,5352.544444444445,28.233333333333334,6.990888888888889,69.17777777777778,1852.6666666666667,7.158,0.3847543284949216,0.4425598402179875
USER0174,35,Female,Sedentary,Weight Loss,20.1,Vegan,4.47,2803.3333333333335,8.966666666666667,6.499333333333334,68.3,1663.8,6.852444444444445,0.32132377428152353,0.41891551301505164
USER0175,34,Female,Sedentary,Stress Management,29.8,Balanced,6.01,2969.3555555555554,8.9,6.542555555555556,70.45555555555555,1659.088888888889,7.082777777777778,0.3267751854720024,0.44821631782492505
USER0176,40,Male,Lightly Active,Build Muscle,26.2,Balanced,6.25,5793.1,27.8,7.045555555555556,70.38888888888889,1878.6,7.042666666666667,0.3394527239717955,0.4589291861958518
USER0177,32,Male,Sedentary,General Fitness,27.7,Balanced,3.77,2722.8444444444444,8.011111111111111,6.6017777777777775,71.65555555555555,1645.6222222222223,6.766000000000001,0.34148419213270653,0.41506044671597286
USER0178,46,Male,Sedentary,Weight Loss,24.1,Vegetarian,5.25,2815.9222222222224,8.755555555555556,6.592111111111111,68.86666666666666,1649.1333333333334,7.089666666666667,0.35478883453772153,0.459261894281445
USER0179,29,Male,Very Active,Build Muscle,24.5,Balanced,4.05,10275.0,67.4888888888889,8.114333333333333,69.46666666666667,2275.411111111111,6.963555555555556,0.3513608171515261,0.5268671263155624
USER0180,59,Male,Moderately Active,Weight Loss,27.2,Balanced,2.73,8205.111111111111,44.077777777777776,7.532888888888889,68.9,2039.5777777777778,7.194555555555556,0.4085297941967448,0.4590893359792756
USER0181,38,Male,Moderately Active,Better Sleep,21.3,Balanced,5.08,7955.111111111111,45.31111111111111,7.5409999999999995,69.77777777777777,2057.3555555555554,6.977222222222223,0.4133036862217013,0.4386893649765904
USER0182,23,Female,Sedentary,Stress Management,24.6,Vegan,3.91,2725.6222222222223,8.733333333333333,6.440333333333333,69.3,1658.588888888889,6.812222222222222,0.3771223192418233,0.4157257782326992
USER0183,21,Female,Sedentary,Build Muscle,22.6,Low Carb,3.28,2785.588888888889,8.866666666666667,6.392333333333332,69.0111111111111,1652.9666666666667,6.8103333333333325,0.3569027123122201,0.4451774705413279
USER0184,36,Male,Sedentary,Weight Loss,22.4,Vegetarian,3.32,2815.3555555555554,8.122222222222222,6.396444444444444,69.28888888888889,1675.4555555555555,6.754666666666666,0.3139515848416015,0.43874163824366896
USER0185,29,Male,Moderately Active,Better Sleep,18.0,Vegan,5.23,8222.455555555556,46.522222222222226,7.4641111111111105,70.54444444444445,2050.766666666667,7.119777777777777,0.38413761433276333,0.48783403113753454
USER0186,39,Female,Very Active,Build Muscle,31.4,Vegan,4.29,10453.211111111112,74.65555555555555,8.059888888888889,68.27777777777777,2281.3,6.956222222222221,0.3374421868838401,0.4868792008768132
USER0187,36,Female,Lightly Active,Weight Loss,23.3,Balanced,3.9,5588.311111111111,27.011111111111113,6.889555555555555,69.07777777777778,1871.9666666666667,7.156777777777778,0.33301986104073505,0.474138393686731
USER0188,31,Female,Sedentary,General Fitness,30.7,High Protein,3.66,2835.8,9.422222222222222,6.449888888888889,68.17777777777778,1663.1333333333334,6.784111111111112,0.34475633597834454,0.3535461574631626
USER0189,23,Other,Lightly Active,Better Sleep,30.3,Balanced,2.54,5496.922222222222,29.633333333333333,7.016666666666667,69.6,1865.9666666666667,6.932444444444444,0.34541691481351455,0.44678553689478395
USER0190,18,Female,Lightly Active,Weight Loss,20.9,Balanced,5.81,5285.555555555556,27.666666666666668,6.867222222222222,69.08888888888889,1852.1444444444444,6.986666666666666,0.3493996465959735,0.4788382822988531
USER0191,27,Other,Lightly Active,Weight Loss,21.6,Vegan,4.28,5171.288888888889,26.22222222222222,6.935,66.57777777777778,1843.1,6.894888888888889,0.3597328448623438,0.4570079976005749
USER0192,40,Male,Moderately Active,Better Sleep,36.2,Balanced,4.92,8512.677777777777,45.58888888888889,7.464222222222222,69.53333333333333,2055.8444444444444,6.865666666666666,0.3576975204530272,0.4112835237248682
USER0193,34,Male,Moderately Active,Weight Loss,33.0,Balanced,4.83,8295.433333333332,43.9,7.516444444444445,68.65555555555555,2065.9777777777776,7.167555555555556,0.31805931341875976,0.4782406750612284
USER0194,19,Male,Sedentary,Weight Loss,25.9,Balanced,6.87,2827.2,8.466666666666667,6.356777777777778,70.04444444444445,1660.0444444444445,7.056222222222222,0.3304566983099375,0.48693503980457825
USER0195,33,Male,Sedentary,General Fitness,27.0,Low Carb,4.35,2572.222222222222,9.255555555555556,6.519777777777778,69.37777777777778,1653.3333333333333,7.158222222222222,0.3211317000193039,0.42863201507479093
USER0196,35,Male,Very Active,Stress Management,23.5,Balanced,3.17,10972.111111111111,71.43333333333334,7.907444444444444,71.6,2278.2,6.950666666666666,0.33969700477937487,0.4680011816791234
USER0197,23,Female,Sedentary,Build Muscle,27.7,Vegetarian,4.49,2688.133333333333,9.055555555555555,6.4526666666666666,71.15555555555555,1655.4555555555555,6.988444444444445,0.36724740132572636,0.4401134240313933
USER0198,33,Female,Sedentary,Better Sleep,23.1,Vegan,1.87,2888.822222222222,8.544444444444444,6.531555555555556,69.73333333333333,1646.2333333333333,7.094,0.3571478449226507,0.4429091192024678
USER0199,32,Female,Sedentary,General Fitness,18.0,Low Carb,4.07,2718.9666666666667,8.011111111111111,6.561333333333333,70.8,1623.1555555555556,7.134444444444445,0.39379462258425996,0.4070712958624088
USER0200,20,Male,Sedentary,Weight Loss,20.7,Balanced,5.28,2592.1555555555556,8.28888888888889,6.554222222222222,70.41111111111111,1643.3111111111111,7.08811111111111,0.40576375423049377,0.4117404893073004
USER0201,35,Female,Lightly Active,Better Sleep,26.1,High Protein,3.15,5913.144444444444,28.72222222222222,6.978333333333333,67.24444444444444,1872.0333333333333,7.071666666666667,0.35386700063627413,0.4466038224573962
USER0202,37,Female,Moderately Active,Build Muscle,21.5,Balanced,6.61,8529.522222222222,49.577777777777776,7.471333333333333,70.86666666666666,2087.9444444444443,7.1883333333333335,0.339990602708828,0.46196584293716697
USER0203,42,Male,Lightly Active,Weight Loss,25.7,Balanced,2.58,5420.733333333334,27.366666666666667,6.942333333333333,70.77777777777777,1855.2555555555555,6.98511111111111,0.33557280052942856,0.4197697054632237
USER0204,42,Female,Lightly Active,General Fitness,21.7,Balanced,5.18,5563.388888888889,25.788888888888888,7.019222222222222,68.85555555555555,1842.6555555555556,7.216555555555556,0.3638699958599577,0.4941439781387745
USER0205,18,Male,Moderately Active,Build Muscle,22.9,Low Carb,3.83,8372.788888888888,47.111111111111114,7.471,68.93333333333334,2054.277777777778,6.9862222222222226,0.3353398470333436,0.39504610144906693
USER0206,22,Male,Lightly Active,Weight Loss,29.4,Balanced,7.35,5301.311111111111,25.333333333333332,6.799777777777778,69.56666666666666,1847.2,7.236666666666666,0.3876553309608554,0.43973451955090576
USER0207,37,Female,Moderately Active,Weight Loss,27.0,Balanced,4.32,8397.844444444445,44.855555555555554,7.356,69.57777777777778,2067.8888888888887,7.225888888888889,0.38250518711215,0.4581854257464144
USER0208,37,Male,Moderately Active,Build Muscle,26.0,Balanced,2.81,8407.644444444444,42.111111111111114,7.561444444444444,69.58888888888889,2050.1222222222223,7.114777777777778,0.3559375656810254,0.4644384246280846
USER0209,37,Male,Sedentary,Stress Management,29.5,Balanced,6.05,2637.588888888889,8.922222222222222,6.463666666666667,71.14444444444445,1632.411111111111,7.070222222222223,0.35771227621371915,0.42659294842660644
USER0210,70,Female,Moderately Active,General Fitness,27.9,Low Carb,5.06,8317.122222222222,44.34444444444444,7.4465555555555545,67.54444444444445,2046.0777777777778,6.925222222222222,0.36233112136825996,0.4583264308815055
USER0211,37,Female,Lightly Active,Better Sleep,31.8,Vegetarian,5.86,5652.4111111111115,27.81111111111111,7.240666666666666,68.44444444444444,1875.4555555555555,7.110444444444444,0.3240426734474994,0.4035089527639935
USER0212,43,Male,Very Active,Weight Loss,24.2,Vegetarian,5.57,11056.244444444445,67.67777777777778,8.069222222222223,68.76666666666667,2280.0666666666666,7.13988888888889,0.3520776740814248,0.49002366043695805
USER0213,41,Male,Lightly Active,Weight Loss,24.3,Balanced,3.54,5040.433333333333,28.022222222222222,7.015333333333333,68.81111111111112,1841.4888888888888,7.088888888888889,0.39744447498818725,0.4543647555472774
USER0214,38,Male,Very Active,Weight Loss,20.8,Balanced,7.97,10398.344444444445,75.72222222222223,8.032222222222222,66.88888888888889,2290.011111111111,7.044666666666666,0.3754865605764348,0.41431475845172616
USER0215,28,Female,Moderately Active,Weight Loss,24.3,High Protein,6.21,8269.544444444444,46.63333333333333,7.527888888888889,70.54444444444445,2077.7555555555555,6.927333333333333,0.3603836834900517,0.43206525545082275
USER0216,39,Male,Sedentary,Weight Loss,29.9,Balanced,5.98,2814.588888888889,8.6,6.6451111111111105,71.05555555555556,1666.8333333333333,7.124777777777778,0.3816138816991803,0.4039733214513607
USER0217,24,Male,Lightly Active,Stress Management,31.2,Vegan,4.16,5501.944444444444,25.944444444444443,7.033777777777777,68.61111111111111,1840.9222222222222,7.106444444444445,0.35257886634371166,0.5005759250857235
USER0218,29,Female,Very Active,Better Sleep,29.8,Balanced,2.59,11149.2,75.54444444444445,8.187555555555555,69.42222222222222,2315.511111111111,6.984999999999999,0.3677718836877529,0.452938466425833
USER0219,27,Female,Moderately Active,Better Sleep,18.8,High Protein,2.15,8263.58888888889,43.888888888888886,7.457,69.67777777777778,2034.8,7.095666666666667,0.4181750044343241,0.41072405050372934
USER0220,32,Male,Sedentary,Weight Loss,30.3,Balanced,2.6,2874.3888888888887,8.922222222222222,6.530333333333333,69.36666666666666,1663.1,7.166555555555556,0.33579901112503946,0.4252680858327129
USER0221,55,Female,Moderately Active,Stress Management,18.6,Balanced,3.42,8565.41111111111,43.13333333333333,7.519888888888889,70.97777777777777,2058.8555555555554,6.909888888888888,0.3392327888777165,0.4998630712186545
USER0222,18,Female,Lightly Active,Build Muscle,29.6,Vegetarian,3.81,5508.533333333334,27.27777777777778,6.978777777777778,68.4,1867.5444444444445,7.183000000000001,0.3859274099393668,0.40749138377107014
USER0223,38,Male,Sedentary,Weight Loss,24.5,Low Carb,3.45,2650.5444444444443,9.1,6.570888888888889,69.26666666666667,1667.6555555555556,6.778777777777778,0.3559735195587263,0.4400838815814859
USER0224,18,Male,Lightly Active,Stress Management,28.8,Balanced,6.15,5149.2,26.38888888888889,6.912222222222223,70.03333333333333,1841.5111111111112,7.272222222222222,0.3775359458253694,0.5066651284574306
USER0225,27,Female,Sedentary,General Fitness,20.7,Low Carb,5.1,2651.3,8.922222222222222,6.529222222222222,69.14444444444445,1650.9888888888888,7.037111111111112,0.3978249542246162,0.4239390828979255
USER0226,42,Male,Moderately Active,Weight Loss,30.7,Vegetarian,6.73,8176.488888888889,46.68888888888889,7.46188888888889,70.76666666666667,2058.6,7.027666666666667,0.353614618388655,0.4250852631075211
USER0227,32,Female,Lightly Active,Build Muscle,20.1,Balanced,3.8,5407.0888888888885,25.366666666666667,6.921333333333333,70.31111111111112,1839.0555555555557,7.135111111111111,0.37593550924359864,0.46414186410057456
USER0228,21,Male,Moderately Active,Weight Loss,23.3,Balanced,4.88,7701.355555555556,44.05555555555556,7.649111111111111,72.58888888888889,2044.4888888888888,6.989888888888889,0.3495132579461694,0.4650609375822803
USER0229,24,Male,Sedentary,General Fitness,22.0,Balanced,6.82,2747.988888888889,9.555555555555555,6.463777777777778,68.36666666666666,1645.9555555555555,6.981333333333334,0.39314610285070184,0.4034477451944589
USER0230,38,Male,Lightly Active,Build Muscle,19.0,Balanced,6.77,5396.333333333333,27.166666666666668,7.003666666666667,68.87777777777778,1856.8,7.0168888888888885,0.4192892826885972,0.46209191516666115
USER0231,24,Male,Sedentary,Better Sleep,26.4,Low Carb,1.69,2808.9,9.077777777777778,6.503222222222222,69.03333333333333,1644.1222222222223,7.092,0.3467011841687703,0.4094566337073224
USER0232,34,Male,Sedentary,Weight Loss,33.2,Balanced,3.05,2820.3555555555554,8.28888888888889,6.332555555555555,70.37777777777778,1663.2777777777778,6.841444444444445,0.37477816688645693,0.37024188092116284
USER0233,32,Male,Sedentary,Build Muscle,36.7,Balanced,1.96,2603.0222222222224,9.066666666666666,6.512444444444444,71.0,1665.4333333333334,6.924444444444445,0.3886363609533052,0.3783538240287602
USER0234,25,Female,Sedentary,Build Muscle,26.4,Balanced,4.62,2810.3333333333335,8.877777777777778,6.535777777777778,68.24444444444444,1640.7333333333333,7.123666666666667,0.38049132689494286,0.42224800413372854
USER0235,53,Other,Lightly Active,General Fitness,30.5,Low Carb,5.45,5451.433333333333,26.9,6.953555555555556,69.57777777777778,1856.0555555555557,7.070666666666667,0.3505367090402976,0.42257610193780043
USER0236,38,Female,Lightly Active,Build Muscle,26.9,Balanced,3.63,5565.7555555555555,25.444444444444443,6.919666666666666,71.46666666666667,1841.8111111111111,6.869777777777777,0.37026557844720137,0.4519961766950143
USER0237,18,Female,Lightly Active,General Fitness,28.0,Balanced,5.81,5455.5888888888885,25.41111111111111,7.034111111111112,70.46666666666667,1854.3777777777777,6.938444444444444,0.33622004869938515,0.46148155554007486
USER0238,33,Male,Lightly Active,Stress Management,24.6,Balanced,3.82,5701.122222222222,24.533333333333335,6.904888888888889,69.13333333333334,1857.0111111111112,7.155444444444445,0.32500517033187737,0.42640361283554506
USER0239,25,Other,Moderately Active,Better Sleep,26.8,High Protein,3.02,8625.68888888889,46.36666666666667,7.425222222222222,70.77777777777777,2086.588888888889,6.916444444444445,0.3088082340994798,0.41617093395832294
USER0240,40,Male,Very Active,Stress Management,28.1,Balanced,4.19,10322.8,62.82222222222222,8.102222222222222,70.92222222222222,2221.3777777777777,6.921555555555555,0.39764289018002685,0.5218011926998087
USER0241,24,Female,Lightly Active,Stress Management,23.7,Vegetarian,2.36,5485.7444444444445,26.18888888888889,6.908,69.26666666666667,1854.6888888888889,6.8485555555555555,0.3593596574143184,0.4434934807346351
USER0242,30,Other,Lightly Active,General Fitness,25.7,Balanced,5.69,5564.822222222222,28.88888888888889,7.070222222222223,68.52222222222223,1870.2888888888888,7.157333333333333,0.35858277782295817,0.4582936054992509
USER0243,37,Female,Sedentary,Stress Management,25.8,Balanced,5.45,2831.9777777777776,8.733333333333333,6.392666666666667,67.35555555555555,1646.5444444444445,6.815,0.33001304258043584,0.43340526080976377
USER0244,40,Other,Very Active,Build Muscle,29.3,Low Carb,1.91,10753.422222222222,65.75555555555556,8.16211111111111,70.21111111111111,2261.711111111111,7.0872222222222225,0.31589852425220005,0.5225685241674994
USER0245,19,Female,Sedentary,Build Muscle,21.7,Balanced,3.81,2832.6555555555556,8.71111111111111,6.419666666666666,70.38888888888889,1658.1666666666667,7.020666666666667,0.3041959413256531,0.4415112249586355
USER0246,28,Male,Lightly Active,Build Muscle,25.8,High Protein,2.82,5557.477777777778,25.788888888888888,7.124111111111111,68.28888888888889,1854.2222222222222,6.718555555555555,0.37679905101537636,0.43166505395971544
USER0247,27,Male,Lightly Active,Build Muscle,33.6,High Protein,3.72,5197.644444444444,26.81111111111111,6.982333333333333,71.64444444444445,1834.2444444444445,6.739222222222222,0.3978421011442901,0.45881263624986535
USER0248,25,Female,Lightly Active,Weight Loss,30.7,Vegetarian,4.99,5543.055555555556,26.233333333333334,7.094888888888889,70.41111111111111,1868.088888888889,7.265333333333333,0.3416039942049766,0.4712934521521552
USER0249,49,Male,Sedentary,Better Sleep,31.4,Low Carb,3.85,2745.588888888889,8.311111111111112,6.594666666666667,68.87777777777778,1632.1444444444444,7.027777777777778,0.39220424733923565,0.4179950931855734
USER0250,36,Female,Moderately Active,Build Muscle,26.1,Balanced,8.48,7854.655555555555,47.87777777777778,7.374888888888889,69.5111111111111,2054.1,7.068333333333333,0.36776620619807343,0.3859489532010733
USER0251,19,Other,Sedentary,Weight Loss,27.3,Balanced,3.93,2758.4333333333334,8.511111111111111,6.5118888888888895,69.13333333333334,1671.0111111111112,6.9961111111111105,0.336576973905276,0.44143423097643153
USER0252,41,Male,Moderately Active,General Fitness,30.0,High Protein,5.29,8073.144444444444,44.98888888888889,7.509222222222222,67.96666666666667,2047.7222222222222,7.141222222222223,0.3143747728386182,0.4485940393806557
USER0253,53,Female,Sedentary,Weight Loss,32.2,Low Carb,3.98,2732.6,8.28888888888889,6.457444444444444,70.27777777777777,1653.388888888889,6.963444444444445,0.35357331385186186,0.38490733883081213
USER0254,42,Female,Sedentary,Weight Loss,18.2,Low Carb,4.36,2698.9,9.066666666666666,6.617444444444445,69.27777777777777,1664.7333333333333,7.081888888888889,0.3738251414575955,0.41219513429391885
USER0255,18,Female,Very Active,Weight Loss,20.7,Balanced,3.62,10670.177777777777,75.02222222222223,7.935111111111111,68.87777777777778,2277.8333333333335,7.059777777777778,0.35368616198343883,0.46559459470562625
USER0256,27,Other,Sedentary,Build Muscle,31.2,Balanced,5.91,2704.0444444444443,9.044444444444444,6.569999999999999,69.3,1645.9333333333334,7.055000000000001,0.3980551371802627,0.4447177819162508
USER0257,44,Female,Moderately Active,Build Muscle,24.9,High Protein,4.64,8101.922222222222,50.31111111111111,7.625444444444444,69.16666666666667,2094.8888888888887,6.943666666666666,0.3547837081468692,0.44480237520043187
USER0258,24,Other,Lightly Active,Stress Management,23.3,Balanced,6.03,5221.033333333334,26.122222222222224,6.9528888888888885,70.21111111111111,1830.9555555555555,7.265888888888888,0.3801377885386263,0.4655260049517728
USER0259,36,Female,Sedentary,General Fitness,21.0,Balanced,2.73,2674.211111111111,8.2,6.586111111111111,69.95555555555555,1624.0666666666666,6.937888888888889,0.3417800915011252,0.4643338940174143
USER0260,39,Male,Very Active,Build Muscle,23.8,Balanced,3.37,11420.7,76.52222222222223,7.900333333333333,69.47777777777777,2342.9,6.878555555555556,0.3701481052498656,0.38528712159954953
USER0261,22,Male,Sedentary,Build Muscle,20.4,Vegetarian,4.79,2671.4,8.811111111111112,6.498333333333334,68.62222222222222,1652.9666666666667,7.107666666666668,0.400850594790599,0.408519688934191
USER0262,31,Female,Moderately Active,Build Muscle,34.4,Balanced,5.77,8542.533333333333,44.233333333333334,7.359333333333334,70.34444444444445,2058.0,6.987333333333334,0.3615177632548787,0.529332537277082
USER0263,18,Male,Sedentary,Stress Management,25.9,Vegetarian,3.9,2681.5333333333333,7.777777777777778,6.4830000000000005,70.3,1641.6777777777777,6.980777777777778,0.35623999066511747,0.5164494911516047
USER0264,21,Female,Moderately Active,Weight Loss,25.8,Balanced,6.91,8175.6,40.855555555555554,7.422444444444444,69.83333333333333,2032.3333333333333,6.751,0.3286313843549199,0.4246267598754676
USER0265,29,Female,Sedentary,Weight Loss,28.4,Vegan,2.81,2850.6111111111113,9.0,6.4654444444444445,68.65555555555555,1668.0111111111112,7.025666666666666,0.36855934879038127,0.38672413366061803
USER0266,19,Male,Lightly Active,Stress Management,29.8,Vegetarian,4.41,5486.533333333334,26.08888888888889,6.957555555555555,70.72222222222223,1844.8111111111111,6.968111111111111,0.3490015817156405,0.4478352460495235
USER0267,48,Female,Moderately Active,Build Muscle,29.8,Balanced,6.42,8043.844444444445,44.166666666666664,7.601,69.44444444444444,2026.3111111111111,7.054555555555555,0.4188055254430076,0.49423632981253734
USER0268,18,Female,Very Active,Weight Loss,30.3,Low Carb,6.99,10449.91111111111,71.05555555555556,7.844888888888889,68.78888888888889,2272.5333333333333,7.084666666666667,0.35463827471304693,0.4940812464165928
USER0269,27,Female,Very Active,Weight Loss,23.5,Balanced,4.14,11134.488888888889,71.83333333333333,8.123111111111111,70.61111111111111,2297.9666666666667,7.131888888888889,0.34960280172383335,0.42000790696807555
USER0270,33,Male,Moderately Active,Better Sleep,24.8,Balanced,2.2,8149.722222222223,45.41111111111111,7.457333333333333,69.75555555555556,2057.6666666666665,7.000888888888889,0.33847400877838335,0.48203018697355876
USER0271,46,Male,Moderately Active,Stress Management,29.1,Vegan,4.06,8169.0888888888885,47.21111111111111,7.392555555555556,70.88888888888889,2070.6555555555556,7.195777777777778,0.32970797278542363,0.41673335262122674
USER0272,18,Male,Sedentary,General Fitness,23.9,Balanced,2.97,2846.7444444444445,9.266666666666667,6.452444444444445,71.55555555555556,1655.1444444444444,6.952999999999999,0.3868431437672908,0.45380273271834154
USER0273,43,Female,Lightly Active,Build Muscle,26.0,Balanced,4.32,5652.211111111111,28.11111111111111,7.057111111111111,69.57777777777778,1874.7333333333333,6.7669999999999995,0.3795750240755069,0.4017907586838785
USER0274,32,Male,Lightly Active,General Fitness,27.6,Balanced,4.52,5536.288888888889,26.455555555555556,6.918555555555555,69.17777777777778,1869.0333333333333,6.715,0.36292288183767873,0.4807574254717142
USER0275,22,Female,Lightly Active,Better Sleep,29.1,Balanced,3.47,5309.455555555555,25.377777777777776,6.938555555555556,69.63333333333334,1841.1333333333334,6.854666666666666,0.3805705624561219,0.454632653726247
USER0276,36,Male,Lightly Active,Better Sleep,18.9,Vegan,5.18,5257.788888888889,27.655555555555555,6.8580000000000005,71.93333333333334,1836.5555555555557,6.926666666666667,0.35063752936803005,0.4165041978862455
USER0277,33,Male,Lightly Active,Weight Loss,28.9,Balanced,5.29,5674.4111111111115,24.68888888888889,6.988444444444445,71.53333333333333,1843.7,7.197888888888889,0.3573319548179588,0.42936474541056285
USER0278,25,Female,Sedentary,Stress Management,25.1,High Protein,5.0,2635.366666666667,8.7,6.615222222222222,70.94444444444444,1656.6222222222223,6.874111111111111,0.3745595432520249,0.42184142700171423
USER0279,32,Female,Moderately Active,Weight Loss,28.8,High Protein,4.98,8460.177777777777,47.18888888888889,7.592444444444445,70.23333333333333,2065.4333333333334,7.353555555555556,0.34670499169564406,0.4575616229228439
USER0280,28,Male,Sedentary,Weight Loss,29.1,Balanced,4.11,2681.8333333333335,8.877777777777778,6.508444444444445,70.67777777777778,1671.8,6.803,0.3540022209396785,0.40433805875039974
USER0281,33,Male,Lightly Active,General Fitness,32.4,Balanced,4.01,5608.9,25.366666666666667,7.036222222222222,67.52222222222223,1856.7444444444445,7.159777777777777,0.3872152607629475,0.4473079342586937
USER0282,38,Male,Lightly Active,Build Muscle,31.4,Vegan,3.84,5175.888888888889,27.522222222222222,6.9543333333333335,68.94444444444444,1841.0555555555557,6.828444444444445,0.3763067960747646,0.4241590688671699
USER0283,47,Female,Moderately Active,Better Sleep,31.4,Balanced,4.38,8702.755555555555,42.022222222222226,7.4526666666666666,69.71111111111111,2060.2444444444445,7.031666666666667,0.35414072921963274,0.46306436473147106
USER0284,19,Female,Moderately Active,Weight Loss,31.8,Balanced,3.24,8365.0,46.111111111111114,7.4767777777777775,69.71111111111111,2088.866666666667,7.401111111111112,0.3540865986987303,0.4457035510217284
USER0285,53,Male,Moderately Active,General Fitness,27.2,Balanced,5.35,8555.577777777778,42.111111111111114,7.650555555555555,67.45555555555555,2055.277777777778,7.23,0.340367937145563,0.48437428752960326
USER0286,18,Male,Sedentary,Better Sleep,26.1,Low Carb,4.7,2643.222222222222,8.522222222222222,6.386111111111111,70.0,1633.6222222222223,7.039,0.39666656573329867,0.38322285256452787
USER0287,30,Male,Lightly Active,Better Sleep,29.5,Vegetarian,3.63,5143.7,26.988888888888887,6.944333333333334,70.08888888888889,1843.9888888888888,7.005333333333334,0.37729056404642847,0.4522938907868171
USER0288,37,Female,Sedentary,Weight Loss,28.9,Balanced,2.93,2729.911111111111,8.911111111111111,6.598888888888888,68.4,1662.1444444444444,7.299222222222221,0.334666384028095,0.42452538459761063
USER0289,34,Other,Lightly Active,Build Muscle,24.8,Balanced,2.32,5432.022222222222,27.944444444444443,7.106,69.68888888888888,1847.588888888889,7.2217777777777785,0.33859654614973567,0.44778657709177516
USER0290,25,Male,Lightly Active,General Fitness,27.6,Vegan,3.92,5442.5888888888885,26.144444444444446,6.976111111111111,71.15555555555555,1871.4444444444443,6.88111111111111,0.3218349845593991,0.5107517005404479
USER0291,29,Female,Sedentary,Weight Loss,25.9,Vegetarian,3.78,2607.6666666666665,7.711111111111111,6.572555555555555,68.54444444444445,1639.0111111111112,6.862111111111111,0.3526182613214332,0.46021709108721676
USER0292,27,Male,Lightly Active,Better Sleep,22.6,Low Carb,6.49,5326.877777777778,23.22222222222222,6.903777777777778,68.46666666666667,1815.1444444444444,6.973888888888888,0.37797317090308763,0.5709857663653289
USER0293,26,Male,Very Active,Better Sleep,31.2,Vegetarian,3.11,10344.344444444445,71.92222222222222,8.038,67.68888888888888,2278.6666666666665,7.0873333333333335,0.3498976840006781,0.4460879195669265
USER0294,40,Female,Very Active,Weight Loss,26.2,Balanced,3.44,10602.966666666667,71.87777777777778,7.945888888888889,68.72222222222223,2290.5444444444443,6.889222222222222,0.37668497387023436,0.49650733696516086
USER0295,35,Female,Lightly Active,Weight Loss,34.2,Vegetarian,2.07,5376.988888888889,30.2,6.989,69.65555555555555,1848.1666666666667,7.103555555555556,0.36194521920101996,0.4035634157002288
USER0296,25,Female,Sedentary,Weight Loss,19.5,Balanced,4.84,2554.322222222222,9.422222222222222,6.468666666666666,71.47777777777777,1644.111111111111,6.816000000000001,0.31759666334156356,0.37242698718596073
USER0297,40,Female,Sedentary,Better Sleep,23.8,Balanced,3.45,2812.6555555555556,8.11111111111111,6.3887777777777774,67.56666666666666,1653.6777777777777,7.1658888888888885,0.34666468260916644,0.41373647448017986
USER0298,35,Male,Lightly Active,Weight Loss,26.1,Vegetarian,4.9,5273.344444444445,26.233333333333334,6.930888888888888,71.88888888888889,1861.3333333333333,6.876555555555555,0.3088021282662531,0.42241141658589504
USER0299,40,Female,Very Active,Build Muscle,30.5,Balanced,4.17,11271.166666666666,74.73333333333333,8.137222222222222,67.28888888888889,2326.633333333333,6.9223333333333334,0.3945693308091545,0.4742047315821195
USER0300,38,Male,Sedentary,Build Muscle,27.6,High Protein,5.33,2803.1555555555556,8.9,6.588222222222222,70.36666666666666,1639.3222222222223,7.123666666666667,0.36914600975433126,0.42617538375618763
USER0301,23,Female,Moderately Active,General Fitness,27.2,Balanced,5.86,7642.7,44.855555555555554,7.479555555555555,70.03333333333333,2024.9444444444443,6.880000000000001,0.35648961493944425,0.412600887865095
USER0302,26,Male,Sedentary,Weight Loss,21.5,Vegan,3.42,2748.177777777778,8.222222222222221,6.651222222222223,68.0111111111111,1642.5777777777778,7.0327777777777785,0.3461713659240797,0.4502221190171751
USER0303,39,Female,Very Active,Weight Loss,21.4,High Protein,4.66,10402.033333333333,71.2,8.08988888888889,69.35555555555555,2250.4,6.7957777777777775,0.3895124982395041,0.4982694333056055
USER0304,38,Male,Lightly Active,Better Sleep,27.3,Balanced,3.55,5640.655555555555,27.622222222222224,7.074,69.67777777777778,1878.5555555555557,7.05488888888889,0.33124706284268635,0.4150467462236827
USER0305,31,Male,Moderately Active,Better Sleep,20.5,Vegetarian,6.74,8646.177777777777,46.01111111111111,7.517444444444445,69.5111111111111,2072.588888888889,7.089555555555556,0.3690101729223779,0.4024831116895749
USER0306,33,Female,Lightly Active,Stress Management,23.9,Balanced,1.92,5462.333333333333,28.877777777777776,7.021333333333333,69.3,1856.2777777777778,7.093666666666666,0.37124194754368883,0.433582244179462
USER0307,44,Male,Moderately Active,Weight Loss,28.0,Vegan,3.72,8307.677777777777,46.8,7.538444444444445,68.61111111111111,2053.588888888889,7.130222222222223,0.38179651132948556,0.4622773534314202
USER0308,26,Female,Sedentary,Build Muscle,22.1,Balanced,5.56,2670.1666666666665,8.833333333333334,6.434777777777778,69.41111111111111,1640.2,6.864111111111111,0.37808954027436115,0.37326636517873285
USER0309,37,Male,Sedentary,General Fitness,32.4,Vegetarian,4.42,2659.633333333333,8.766666666666667,6.441666666666666,69.63333333333334,1636.1,6.963444444444445,0.3491772327311643,0.40671654850188504
USER0310,29,Male,Very Active,Weight Loss,30.9,Balanced,3.63,11106.011111111111,75.4888888888889,7.894,68.8,2344.188888888889,6.817555555555556,0.3330295649662718,0.4376467455305084
USER0311,29,Male,Very Active,Better Sleep,19.7,Balanced,3.08,11614.022222222222,72.84444444444445,8.060333333333332,71.38888888888889,2311.5333333333333,7.073888888888889,0.2984205579215829,0.4804081414587018
USER0312,42,Male,Moderately Active,General Fitness,22.3,Balanced,4.72,8477.877777777778,46.833333333333336,7.609444444444445,70.5111111111111,2074.5222222222224,6.915666666666667,0.3315584604591973,0.40193113946567116
USER0313,40,Female,Moderately Active,Weight Loss,18.0,Balanced,3.24,7889.811111111111,47.044444444444444,7.396888888888889,68.73333333333333,2059.1444444444446,7.048111111111112,0.37637764691137077,0.4341772016668416
USER0314,40,Male,Moderately Active,Better Sleep,22.9,Vegetarian,3.14,8632.622222222222,45.58888888888889,7.5393333333333326,70.41111111111111,2057.633333333333,7.140444444444444,0.3603650521222907,0.46760639368890256
USER0315,45,Female,Sedentary,Better Sleep,29.1,Low Carb,4.37,2737.7555555555555,8.744444444444444,6.336444444444444,69.63333333333334,1655.4444444444443,6.913555555555556,0.333624151005092,0.4168720323998144
USER0316,32,Female,Lightly Active,Weight Loss,24.3,Low Carb,6.35,5487.266666666666,26.41111111111111,6.9605555555555565,70.23333333333333,1839.7,7.070444444444445,0.34908336171697374,0.4774577887430876
USER0317,38,Male,Lightly Active,General Fitness,27.8,Balanced,3.66,5532.611111111111,27.444444444444443,7.016000000000001,69.97777777777777,1855.7,6.971666666666668,0.32878403146616053,0.47370750860730243
USER0318,28,Female,Moderately Active,Build Muscle,19.9,Balanced,5.19,8234.511111111111,48.81111111111111,7.447777777777778,69.41111111111111,2074.722222222222,6.990111111111111,0.32407154728610177,0.4145324555965215
USER0319,35,Female,Lightly Active,Build Muscle,29.2,Balanced,3.76,5351.344444444445,27.955555555555556,6.893,68.84444444444445,1850.611111111111,7.0297777777777775,0.3453032969251589,0.4220302735363288
USER0320,30,Female,Sedentary,Weight Loss,23.8,Vegetarian,5.94,2733.5666666666666,8.677777777777777,6.606777777777778,68.28888888888889,1656.4222222222222,6.992111111111111,0.3531234290716743,0.46334135023431955
USER0321,32,Male,Lightly Active,General Fitness,26.0,High Protein,2.7,5448.555555555556,25.622222222222224,7.091222222222223,69.21111111111111,1855.3333333333333,7.044333333333333,0.26469585879871377,0.43599157834312624
USER0322,37,Male,Moderately Active,Better Sleep,25.6,Balanced,5.58,8146.844444444445,41.72222222222222,7.598111111111112,69.55555555555556,2041.3777777777777,7.152888888888889,0.367891218325734,0.44502116183024487
USER0323,23,Female,Lightly Active,General Fitness,20.9,Balanced,3.98,5719.011111111111,26.244444444444444,6.955777777777778,70.66666666666667,1870.7666666666667,7.149555555555556,0.32362242482476866,0.4818228558013067
USER0324,52,Female,Sedentary,Weight Loss,21.4,Balanced,3.54,2744.1,8.477777777777778,6.398444444444444,68.64444444444445,1645.388888888889,7.237666666666667,0.3869035853536079,0.42937004108047283
USER0325,21,Female,Sedentary,General Fitness,29.9,Low Carb,2.66,2811.766666666667,8.744444444444444,6.532,70.61111111111111,1654.8666666666666,7.101222222222223,0.36466152732988044,0.4485130031401769
USER0326,19,Male,Sedentary,Build Muscle,27.6,Low Carb,3.1,2590.0666666666666,8.955555555555556,6.571555555555556,70.71111111111111,1645.3,7.176222222222222,0.3386088346476554,0.38143526988834675
USER0327,43,Female,Lightly Active,Stress Management,30.2,Vegetarian,3.47,5272.4,25.733333333333334,6.850888888888889,68.06666666666666,1857.2555555555555,7.057777777777778,0.3689787768251965,0.4249584367321057
USER0328,39,Male,Moderately Active,Build Muscle,27.3,Balanced,4.31,8254.555555555555,44.611111111111114,7.446333333333333,70.64444444444445,2066.1111111111113,6.809666666666667,0.38712034204962575,0.45127161334131316
USER0329,38,Female,Moderately Active,Weight Loss,26.6,Vegetarian,4.55,8117.3,47.077777777777776,7.371888888888889,70.26666666666667,2046.0777777777778,6.850111111111111,0.3682936853296095,0.45699509142965156
USER0330,38,Male,Moderately Active,Weight Loss,19.1,Low Carb,6.28,8007.344444444445,47.611111111111114,7.5376666666666665,69.64444444444445,2055.4777777777776,6.967,0.36744291658869777,0.4554474274641075
USER0331,31,Female,Lightly Active,Stress Management,24.9,Balanced,4.69,5303.5888888888885,27.211111111111112,7.011111111111111,70.91111111111111,1826.8555555555556,7.014666666666667,0.4108816099813889,0.4081625663840058
USER0332,23,Male,Moderately Active,Weight Loss,25.9,Low Carb,4.89,8512.433333333332,43.37777777777778,7.560555555555556,69.8,2054.2555555555555,6.841666666666667,0.3588667569006894,0.47485915416431035
USER0333,32,Male,Sedentary,Stress Management,33.8,Balanced,3.25,2661.8,8.0,6.497777777777777,70.02222222222223,1634.5222222222221,7.164888888888889,0.3639543779248942,0.4347712767653093
USER0334,25,Female,Lightly Active,Weight Loss,28.7,Balanced,8.87,5017.077777777778,27.833333333333332,7.001222222222222,69.0111111111111,1815.4222222222222,7.1287777777777785,0.36370240539145343,0.3951407204789041
USER0335,41,Male,Moderately Active,Build Muscle,32.1,Vegan,2.99,8576.477777777778,48.41111111111111,7.526666666666666,69.28888888888889,2072.8777777777777,7.088888888888889,0.35665015739652545,0.42374978500803223
USER0336,30,Male,Sedentary,Build Muscle,28.4,Balanced,6.08,2776.188888888889,9.255555555555556,6.333111111111111,68.34444444444445,1667.7555555555555,7.123666666666667,0.35023357053525794,0.3931514275564374
USER0337,23,Male,Sedentary,Better Sleep,23.2,Vegetarian,5.19,2638.0333333333333,8.411111111111111,6.426666666666667,70.03333333333333,1660.4666666666667,6.989333333333333,0.3355610959857853,0.42411189150728357
USER0338,28,Female,Moderately Active,Better Sleep,26.5,Low Carb,5.91,8193.3,46.63333333333333,7.390333333333333,68.5111111111111,2061.5333333333333,7.009111111111111,0.38162505542217395,0.3782421933495231
USER0339,36,Female,Lightly Active,Weight Loss,26.9,Balanced,2.7,5560.222222222223,28.477777777777778,7.068,71.43333333333334,1857.611111111111,6.900333333333333,0.38699787025875787,0.48832104312961433
USER0340,26,Male,Moderately Active,Build Muscle,22.2,Low Carb,3.43,8174.5,42.666666666666664,7.511333333333333,68.82222222222222,2041.8222222222223,7.110888888888889,0.3637569476456471,0.4860024246226739
USER0341,23,Female,Sedentary,Weight Loss,24.5,Low Carb,7.0,2695.722222222222,9.11111111111111,6.52,69.38888888888889,1640.4777777777779,7.121444444444445,0.390641575851842,0.42023449328236034
USER0342,34,Female,Moderately Active,General Fitness,25.2,Balanced,4.62,8366.266666666666,43.266666666666666,7.6866666666666665,69.21111111111111,2067.3333333333335,7.177222222222222,0.3732289041428769,0.4668528952252834
USER0343,34,Male,Lightly Active,Build Muscle,32.4,Balanced,4.33,5528.455555555555,26.92222222222222,6.9431111111111115,69.18888888888888,1860.4444444444443,6.958666666666667,0.3449944769823009,0.4035380894455606
USER0344,26,Female,Sedentary,Better Sleep,18.0,Balanced,5.68,2609.5777777777776,9.088888888888889,6.3181111111111115,70.56666666666666,1634.4777777777779,7.037444444444445,0.3947035272303104,0.3985749616305735
USER0345,27,Female,Moderately Active,Better Sleep,30.8,Balanced,2.02,7935.688888888889,43.922222222222224,7.641777777777778,68.67777777777778,2028.6,6.828777777777778,0.3781160916807493,0.4970473386528672
USER0346,34,Female,Sedentary,Build Muscle,22.3,Balanced,4.76,2670.5333333333333,8.533333333333333,6.458555555555555,70.58888888888889,1654.8555555555556,7.116444444444444,0.33133279387975084,0.44508717876837944
USER0347,18,Male,Lightly Active,Build Muscle,20.5,Balanced,5.73,5515.8,24.844444444444445,7.028,70.16666666666667,1836.5,7.137888888888889,0.3556793888113777,0.4212592295587856
USER0348,18,Female,Sedentary,Stress Management,30.7,Balanced,3.72,2703.511111111111,8.411111111111111,6.455444444444445,69.42222222222222,1647.1222222222223,6.879666666666666,0.3511833339365215,0.4426383199001412
USER0349,24,Female,Sedentary,Stress Management,28.9,Vegan,3.22,2680.8555555555554,7.844444444444444,6.488888888888889,69.74444444444444,1644.3333333333333,6.859666666666667,0.3574744575883942,0.43851959692003156
USER0350,29,Male,Lightly Active,Weight Loss,31.0,Balanced,3.7,5612.7555555555555,28.255555555555556,6.888222222222223,68.5111111111111,1852.8666666666666,7.156333333333334,0.34838037216959317,0.4019157997405978
USER0351,35,Male,Sedentary,Build Muscle,29.2,Vegetarian,3.98,2666.0333333333333,8.71111111111111,6.283777777777777,69.18888888888888,1644.1333333333334,7.108333333333333,0.3756751879683976,0.4345175634386424
USER0352,46,Male,Very Active,Build Muscle,34.2,Low Carb,4.9,11169.233333333334,70.53333333333333,7.858555555555555,70.38888888888889,2299.2555555555555,6.919222222222222,0.3207606612164118,0.4444229349644052
USER0353,40,Male,Sedentary,Weight Loss,28.2,Vegetarian,5.64,2754.722222222222,7.977777777777778,6.455888888888889,70.21111111111111,1672.0333333333333,6.988666666666667,0.37702910685717833,0.4320282025598302
USER0354,30,Female,Lightly Active,Weight Loss,25.4,Balanced,1.53,5284.322222222222,28.4,6.871777777777778,71.96666666666667,1837.7222222222222,6.828444444444444,0.37343580794657294,0.43711269471378567
USER0355,31,Male,Sedentary,Weight Loss,27.4,High Protein,3.62,2823.0666666666666,7.866666666666666,6.404888888888889,71.57777777777778,1647.388888888889,6.9013333333333335,0.36675641307761103,0.4973785085275557
USER0356,21,Male,Lightly Active,General Fitness,31.0,Low Carb,2.82,5408.377777777778,27.733333333333334,7.121666666666667,69.11111111111111,1866.4222222222222,7.167444444444445,0.4147116015356789,0.4560743720952062
USER0357,31,Female,Very Active,Weight Loss,22.9,Vegetarian,4.68,10867.577777777778,78.4888888888889,8.003555555555556,70.6,2337.777777777778,6.999777777777778,0.4095788664377735,0.3778035629509232
USER0358,29,Male,Sedentary,Weight Loss,23.4,Balanced,3.25,2862.9777777777776,8.3,6.389555555555555,71.27777777777777,1671.2666666666667,6.973333333333334,0.3579747142800646,0.40754752913274195
USER0359,35,Other,Very Active,Weight Loss,24.8,Balanced,3.1,11077.644444444444,73.71111111111111,8.171222222222221,70.35555555555555,2294.766666666667,7.069000000000001,0.41371406788698156,0.42170426157764035
USER0360,23,Male,Sedentary,Stress Management,18.0,Low Carb,5.9,2894.311111111111,8.222222222222221,6.483888888888888,71.32222222222222,1653.2222222222222,6.857777777777779,0.3119861423515703,0.4554153119972029
USER0361,37,Male,Moderately Active,Stress Management,26.6,Balanced,3.13,8218.177777777777,49.68888888888889,7.3773333333333335,71.56666666666666,2068.9777777777776,6.752555555555555,0.41250801265442005,0.44233637704674555
USER0362,47,Male,Lightly Active,Build Muscle,18.5,Balanced,2.9,5428.311111111111,30.133333333333333,6.863444444444445,68.4888888888889,1861.5333333333333,7.180000000000001,0.34522505489188593,0.46116163838719604
USER0363,30,Male,Moderately Active,Build Muscle,26.2,Balanced,7.41,8484.266666666666,43.855555555555554,7.4702222222222225,67.88888888888889,2054.777777777778,6.825444444444444,0.37158515990379004,0.5199924729165133
USER0364,36,Male,Lightly Active,Better Sleep,29.5,Low Carb,2.52,5244.011111111111,27.4,6.856444444444445,69.53333333333333,1860.3333333333333,6.901888888888888,0.36947313647986846,0.4839268918083702
USER0365,38,Female,Lightly Active,Weight Loss,24.1,High Protein,3.1,5893.322222222222,26.444444444444443,7.030444444444445,70.52222222222223,1886.5333333333333,7.137333333333333,0.3378140924946623,0.43630502830730383
USER0366,27,Other,Sedentary,Weight Loss,32.7,Balanced,4.71,2657.6222222222223,8.577777777777778,6.698333333333333,69.9,1647.6444444444444,6.953888888888889,0.3488551686067873,0.4486665494320721
USER0367,34,Male,Sedentary,Weight Loss,20.2,Vegetarian,3.72,2583.3444444444444,8.866666666666667,6.46,68.52222222222223,1638.4444444444443,6.864444444444444,0.37439696964595587,0.38495728468227336
USER0368,32,Female,Very Active,Weight Loss,30.8,Low Carb,5.73,11493.222222222223,65.83333333333333,8.051444444444444,71.16666666666667,2290.8444444444444,7.029555555555556,0.31543080749954927,0.5262176302366973
USER0369,32,Female,Lightly Active,Build Muscle,28.7,Balanced,3.68,5469.977777777778,28.455555555555556,6.981777777777778,69.24444444444444,1855.4555555555555,6.990111111111111,0.399097422827994,0.4428827592371406
USER0370,24,Female,Lightly Active,Better Sleep,19.1,High Protein,3.26,5349.388888888889,26.566666666666666,7.038444444444445,68.92222222222222,1863.1666666666667,6.918333333333333,0.3371155286023648,0.39587073076915685
USER0371,32,Male,Moderately Active,General Fitness,36.8,Vegan,2.14,8283.388888888889,49.2,7.408111111111111,70.82222222222222,2104.222222222222,6.974555555555556,0.3755801344763212,0.44306180423744745
USER0372,36,Male,Lightly Active,Build Muscle,25.7,Vegetarian,5.41,5697.077777777778,27.322222222222223,6.991333333333333,69.12222222222222,1883.2111111111112,7.126333333333333,0.3067495125444863,0.4101343453929968
USER0373,46,Male,Very Active,Better Sleep,22.5,Balanced,6.75,10846.622222222222,71.11111111111111,7.968333333333333,68.64444444444445,2287.811111111111,7.059777777777778,0.34864726859777634,0.46766524543552235
USER0374,41,Female,Moderately Active,Weight Loss,20.4,Low Carb,5.21,8198.422222222222,42.388888888888886,7.442444444444445,69.94444444444444,2040.7,6.879444444444444,0.3634089080099115,0.4696577103021701
USER0375,53,Female,Lightly Active,Weight Loss,25.1,Balanced,6.13,5548.7444444444445,26.255555555555556,7.001111111111111,71.81111111111112,1848.6,7.023444444444444,0.39439279101953434,0.4602599733603239
USER0376,24,Male,Moderately Active,General Fitness,25.5,Balanced,1.78,8468.755555555555,45.03333333333333,7.483333333333333,69.76666666666667,2075.0777777777776,6.930666666666666,0.37760076222986383,0.44425908816339527
USER0377,40,Male,Sedentary,General Fitness,26.4,Balanced,4.67,2775.6666666666665,8.722222222222221,6.506444444444445,68.33333333333333,1670.611111111111,7.152333333333334,0.3863099223256022,0.3888150496793339
USER0378,33,Female,Lightly Active,Weight Loss,24.8,Vegetarian,3.7,5377.277777777777,27.233333333333334,6.968888888888889,68.43333333333334,1861.888888888889,7.166,0.3613921830531586,0.39469509488804777
USER0379,53,Female,Lightly Active,Build Muscle,28.5,Vegan,6.41,5324.7444444444445,26.4,6.925,67.75555555555556,1834.5222222222221,6.995777777777778,0.38141877689637943,0.43213213185972404
USER0380,23,Other,Sedentary,General Fitness,24.4,Balanced,8.67,2620.8,8.588888888888889,6.363888888888889,69.92222222222222,1649.1555555555556,7.254555555555555,0.38459465717128,0.4839089891512888
USER0381,23,Female,Moderately Active,General Fitness,18.3,Balanced,2.45,8471.3,44.144444444444446,7.421111111111111,70.05555555555556,2036.4,6.729222222222222,0.3310717235330642,0.4979001633198975
USER0382,26,Male,Very Active,General Fitness,25.4,Vegan,4.67,11216.777777777777,71.66666666666667,7.896444444444444,70.25555555555556,2313.988888888889,6.9031111111111105,0.33831688897837436,0.4672463644090199
USER0383,18,Female,Lightly Active,Build Muscle,18.0,Balanced,6.51,5496.788888888889,28.41111111111111,7.067222222222222,67.8,1846.8555555555556,6.984000000000001,0.3878870111345442,0.43343797994299377
USER0384,26,Female,Lightly Active,Weight Loss,27.4,Low Carb,1.72,5738.555555555556,26.655555555555555,6.9383333333333335,70.5111111111111,1839.4444444444443,6.956444444444445,0.3126619580843809,0.4975191155014178
USER0385,24,Male,Very Active,Build Muscle,22.1,Balanced,2.87,10456.677777777777,68.35555555555555,7.846333333333333,70.64444444444445,2275.6,7.419222222222222,0.3780296027227619,0.4070519029999701
USER0386,33,Female,Lightly Active,Weight Loss,26.7,Balanced,6.49,5111.288888888889,27.81111111111111,6.956333333333334,68.9,1850.6222222222223,7.031666666666667,0.43077914149725194,0.4282286062213339
USER0387,35,Female,Lightly Active,Better Sleep,31.3,High Protein,6.96,5502.5,26.344444444444445,7.079111111111112,69.58888888888889,1852.9222222222222,6.767444444444445,0.3356951944181381,0.4115571072700468
USER0388,50,Male,Lightly Active,Build Muscle,22.2,Balanced,2.23,5312.422222222222,24.366666666666667,7.0553333333333335,70.33333333333333,1833.0222222222221,7.0473333333333334,0.32683430427491345,0.38335672576845875
USER0389,41,Female,Very Active,Build Muscle,30.2,Balanced,5.24,10859.31111111111,75.42222222222222,7.919777777777777,69.3,2313.088888888889,6.980777777777778,0.34885123729161926,0.3808968290113401
USER0390,26,Female,Lightly Active,Stress Management,24.3,Balanced,3.75,5512.844444444445,28.1,6.874888888888889,69.05555555555556,1864.5333333333333,6.950444444444444,0.364012507031768,0.44500059675339193
USER0391,23,Female,Moderately Active,Build Muscle,33.0,Vegan,3.22,7552.4,47.477777777777774,7.449777777777778,69.63333333333334,2035.1888888888889,6.835333333333333,0.39564285860326254,0.46632509023199376
USER0392,36,Male,Moderately Active,Build Muscle,24.5,Vegan,5.63,8589.966666666667,42.544444444444444,7.444999999999999,70.33333333333333,2038.8777777777777,7.120222222222221,0.33969594106823425,0.41440658843970735
USER0393,18,Male,Lightly Active,Stress Management,22.6,Balanced,2.56,5669.7555555555555,24.566666666666666,6.887888888888889,70.03333333333333,1837.3,6.946777777777778,0.35916375786004673,0.44794126906209225
USER0394,50,Female,Lightly Active,Stress Management,28.7,Balanced,2.66,5535.722222222223,27.433333333333334,6.990444444444444,69.15555555555555,1870.0,7.27588888888889,0.3367976866046138,0.4152127897621843
USER0395,43,Male,Moderately Active,General Fitness,24.3,Low Carb,4.25,8154.733333333334,47.044444444444444,7.551555555555556,68.52222222222223,2077.177777777778,6.918777777777779,0.35793895706327206,0.42287687784499706
USER0396,27,Female,Lightly Active,Weight Loss,22.6,Balanced,4.75,5472.322222222222,30.72222222222222,7.028888888888889,69.81111111111112,1884.8,7.077111111111112,0.334678025353864,0.43271621434708174
USER0397,18,Female,Moderately Active,General Fitness,24.1,Low Carb,6.61,8324.777777777777,47.28888888888889,7.544888888888888,69.5111111111111,2058.5333333333333,6.92988888888889,0.35022956917571446,0.48070398890699384
USER0398,45,Male,Very Active,Stress Management,25.8,Balanced,3.31,10913.133333333333,74.66666666666667,7.935555555555556,68.94444444444444,2305.3444444444444,7.130000000000001,0.37559218726445176,0.5065274787681991
USER0399,30,Female,Moderately Active,Weight Loss,31.4,Balanced,3.07,7897.344444444445,45.56666666666667,7.364777777777778,70.81111111111112,2047.8222222222223,7.093444444444444,0.3581763874310161,0.41479322377179956
USER0400,44,Female,Moderately Active,Weight Loss,18.3,Low Carb,3.65,8660.18888888889,47.4,7.739444444444444,67.74444444444444,2081.3333333333335,7.1835555555555555,0.34252352306843287,0.44118867984282617
USER0401,18,Male,Moderately Active,Stress Management,26.1,Balanced,3.56,7766.033333333334,43.22222222222222,7.409000000000001,71.55555555555556,2038.7666666666667,7.0603333333333325,0.3892312295299758,0.49771326279020717
USER0402,26,Female,Moderately Active,Weight Loss,28.5,Vegan,5.49,8170.722222222223,42.611111111111114,7.447555555555555,71.34444444444445,2028.9222222222222,7.222777777777777,0.38599390096433156,0.5019008049695964
USER0403,32,Female,Lightly Active,Stress Management,26.8,Balanced,4.54,5554.311111111111,26.055555555555557,7.069444444444445,68.63333333333334,1848.7444444444445,7.044444444444444,0.34369428209114594,0.4270859654702808
USER0404,32,Female,Sedentary,Build Muscle,31.2,Balanced,2.56,2689.511111111111,9.244444444444444,6.5264444444444445,69.44444444444444,1635.4444444444443,7.027777777777778,0.37294786941541297,0.44335550549556374
USER0405,27,Female,Lightly Active,Build Muscle,25.7,High Protein,4.8,5777.133333333333,28.0,7.132333333333333,70.96666666666667,1877.9,6.824666666666667,0.31050190940187233,0.41820761431008274
USER0406,38,Male,Moderately Active,Weight Loss,25.3,Balanced,2.7,8499.08888888889,47.233333333333334,7.474555555555556,67.9888888888889,2060.677777777778,6.948888888888889,0.3736844682830422,0.402968933639824
USER0407,21,Female,Lightly Active,Stress Management,28.4,Vegetarian,5.48,5614.366666666667,25.022222222222222,7.065444444444444,70.27777777777777,1852.9444444444443,6.876,0.35835097267087196,0.47736824174925013
USER0408,30,Female,Moderately Active,Build Muscle,26.4,Balanced,1.8,8463.355555555556,46.72222222222222,7.5168888888888885,69.33333333333333,2053.266666666667,7.147666666666666,0.31276115705822793,0.42847502846153224
USER0409,33,Female,Lightly Active,General Fitness,24.4,Low Carb,6.44,5304.855555555556,27.08888888888889,7.158,68.11111111111111,1843.7888888888888,7.018111111111111,0.38820548266947524,0.4141816048771587
USER0410,37,Female,Moderately Active,General Fitness,28.1,Vegetarian,2.78,8543.033333333333,45.05555555555556,7.497,70.43333333333334,2092.411111111111,7.019444444444445,0.3603338576710215,0.4733586512170386
USER0411,39,Male,Sedentary,General Fitness,23.4,Balanced,5.27,2747.2,9.277777777777779,6.680777777777777,69.54444444444445,1662.2555555555555,6.8260000000000005,0.36205391267307097,0.37600024866721643
USER0412,20,Female,Moderately Active,Better Sleep,23.6,Vegetarian,5.43,8163.166666666667,46.08888888888889,7.485777777777778,70.6,2048.8888888888887,6.904888888888889,0.3393415099135727,0.4686220247486503
USER0413,18,Male,Lightly Active,General Fitness,23.9,Low Carb,2.91,5583.666666666667,27.72222222222222,7.0698888888888884,67.47777777777777,1864.6555555555556,7.151888888888888,0.3761289681529069,0.451390342025735
USER0414,44,Male,Sedentary,Build Muscle,31.4,Balanced,5.25,2830.4777777777776,8.233333333333333,6.540333333333333,70.33333333333333,1655.2111111111112,7.0344444444444445,0.2967737552434992,0.46486365291175386
USER0415,35,Male,Lightly Active,Better Sleep,18.0,Low Carb,5.39,5455.688888888889,29.1,6.937666666666667,68.72222222222223,1857.1777777777777,6.998111111111111,0.3833217454743297,0.37921808996038625
USER0416,24,Other,Moderately Active,General Fitness,27.6,Low Carb,3.4,8494.344444444445,44.06666666666667,7.417,70.1,2033.0222222222221,6.768,0.350203280442707,0.450234232889426
USER0417,47,Female,Lightly Active,Weight Loss,26.1,Balanced,6.19,5334.377777777778,28.11111111111111,7.1385555555555555,69.33333333333333,1866.2111111111112,6.952444444444445,0.33414479460856894,0.5134942640249525
USER0418,33,Female,Sedentary,Weight Loss,19.3,Balanced,4.03,2854.2444444444445,8.488888888888889,6.485888888888889,70.78888888888889,1667.0666666666666,7.0811111111111105,0.32288946713127215,0.44580224425037435
USER0419,43,Female,Very Active,Stress Management,27.2,Balanced,2.35,10534.422222222222,74.22222222222223,7.941888888888888,69.93333333333334,2288.3555555555554,7.208,0.3765555096595092,0.4637568296307972
USER0420,32,Female,Moderately Active,Build Muscle,27.9,Balanced,3.22,7632.0888888888885,46.111111111111114,7.454,69.56666666666666,2034.0111111111112,6.793666666666666,0.4368080440402156,0.40099195044517133
USER0421,52,Female,Very Active,General Fitness,28.4,Vegetarian,3.73,11323.722222222223,73.06666666666666,8.068555555555555,72.55555555555556,2290.822222222222,7.074111111111111,0.37270093652040853,0.45971959530548684
USER0422,49,Female,Lightly Active,Build Muscle,18.0,Balanced,2.86,5552.622222222222,29.155555555555555,7.015555555555555,70.38888888888889,1876.388888888889,6.990888888888889,0.342123750167388,0.44206643734957507
USER0423,29,Male,Lightly Active,Weight Loss,31.5,High Protein,2.39,5783.133333333333,27.288888888888888,6.915222222222222,70.8,1853.5777777777778,6.862111111111111,0.3594233370140882,0.41194826773716214
USER0424,41,Male,Moderately Active,General Fitness,23.0,Balanced,3.44,8051.322222222222,41.111111111111114,7.391000000000001,71.4,2027.4,7.082333333333333,0.37259466533611363,0.49456074737456335
USER0425,38,Female,Lightly Active,Weight Loss,28.7,Balanced,5.07,5353.0888888888885,26.877777777777776,6.9510000000000005,69.03333333333333,1864.5555555555557,6.947111111111111,0.3373664126953687,0.462405850820746
USER0426,45,Female,Moderately Active,Build Muscle,29.0,Vegetarian,5.1,8406.877777777778,46.22222222222222,7.481666666666667,70.05555555555556,2037.0333333333333,6.829444444444444,0.3447054040312404,0.41292341171776237
USER0427,22,Male,Lightly Active,General Fitness,22.5,Low Carb,3.12,5635.322222222222,26.622222222222224,7.092777777777778,69.9,1868.4444444444443,7.3116666666666665,0.3703551369429934,0.41895802265537974
USER0428,38,Male,Lightly Active,Build Muscle,28.6,Low Carb,2.65,5283.377777777778,27.166666666666668,7.133555555555556,70.57777777777778,1829.6555555555556,7.088222222222223,0.3382947786209566,0.3830098487488894
USER0429,42,Female,Sedentary,General Fitness,24.5,Balanced,3.45,2850.822222222222,9.344444444444445,6.589777777777778,69.9888888888889,1650.2,6.906,0.3235862591571848,0.4265584582312994
USER0430,18,Male,Sedentary,Stress Management,18.0,Balanced,4.37,2755.5555555555557,8.88888888888889,6.550444444444444,70.96666666666667,1662.0333333333333,6.942888888888889,0.31198991034432055,0.4693617657124814
USER0431,20,Female,Sedentary,Stress Management,30.7,Balanced,2.53,2790.4666666666667,8.922222222222222,6.604444444444444,70.5111111111111,1648.2666666666667,6.943666666666666,0.3444361410491949,0.3732566252201672
USER0432,18,Other,Sedentary,Weight Loss,22.9,High Protein,3.81,2841.0,8.644444444444444,6.5953333333333335,69.65555555555555,1654.1888888888889,7.086444444444444,0.3369761370488319,0.4762344511680645
USER0433,29,Male,Very Active,Weight Loss,22.6,Balanced,4.16,11664.544444444444,71.33333333333333,8.134666666666666,70.5,2323.1222222222223,7.109999999999999,0.3198268567706484,0.5465523270055238
USER0434,39,Male,Sedentary,General Fitness,24.4,Vegan,4.49,2839.9444444444443,8.488888888888889,6.508666666666667,70.53333333333333,1650.111111111111,6.958444444444444,0.35158199042834865,0.4036739828538436
USER0435,47,Female,Moderately Active,Better Sleep,27.1,Low Carb,4.17,8510.18888888889,43.96666666666667,7.545333333333334,69.87777777777778,2073.788888888889,7.128555555555556,0.2859355221457326,0.4922125492177468
USER0436,32,Female,Moderately Active,Stress Management,25.8,Balanced,6.95,8507.7,44.455555555555556,7.523333333333333,67.41111111111111,2056.4,7.0665555555555555,0.35369411905312725,0.49881905718172254
USER0437,48,Female,Lightly Active,Stress Management,28.2,Low Carb,5.96,5256.344444444445,26.855555555555554,6.897444444444444,70.4,1846.3555555555556,7.315888888888888,0.3731225293590509,0.44824259592007254
USER0438,18,Other,Sedentary,Build Muscle,20.6,Vegetarian,8.09,2620.211111111111,9.2,6.466222222222223,71.46666666666667,1643.7888888888888,7.069444444444445,0.3576283101314878,0.4167659756060094
USER0439,18,Male,Moderately Active,Build Muscle,23.0,Vegan,2.68,7727.5,44.833333333333336,7.450333333333333,68.0111111111111,2036.7222222222222,6.868555555555555,0.3981584307642525,0.47300970583930074
USER0440,31,Female,Moderately Active,Build Muscle,25.5,Balanced,2.51,8177.511111111111,44.62222222222222,7.605555555555555,71.42222222222222,2060.1111111111113,7.229777777777778,0.3478580914567402,0.525405277833266
USER0441,35,Female,Moderately Active,Weight Loss,33.6,Balanced,4.34,8391.133333333333,47.34444444444444,7.534222222222223,70.57777777777778,2081.211111111111,6.988222222222223,0.3049611904780323,0.4164030284901407
USER0442,31,Female,Moderately Active,Weight Loss,25.5,Balanced,2.82,7938.122222222222,44.166666666666664,7.518888888888889,68.71111111111111,2034.8666666666666,7.157222222222222,0.4018931441510204,0.39513731146815906
USER0443,18,Male,Very Active,Better Sleep,30.3,Balanced,4.74,10736.566666666668,75.15555555555555,7.905,70.47777777777777,2303.4777777777776,6.921666666666667,0.3688484569757886,0.489618217410634
USER0444,31,Female,Lightly Active,Weight Loss,26.2,Low Carb,3.52,5608.333333333333,25.92222222222222,6.932444444444444,69.23333333333333,1856.4222222222222,6.965777777777777,0.3467744721010651,0.4667694248434981
USER0445,18,Female,Lightly Active,Weight Loss,24.1,Vegan,2.15,5561.044444444445,27.511111111111113,6.974777777777778,69.71111111111111,1875.4777777777779,7.02,0.33942793119794445,0.45184435692204733
USER0446,38,Male,Moderately Active,Weight Loss,25.0,Balanced,5.18,8342.0,44.93333333333333,7.610666666666667,70.3,2069.733333333333,7.264333333333333,0.3322656841748566,0.4386406782078073
USER0447,35,Male,Sedentary,Better Sleep,25.3,Vegetarian,7.06,2636.1222222222223,8.6,6.3839999999999995,70.37777777777778,1656.4555555555555,7.176666666666667,0.35944055280226417,0.3991696628666643
USER0448,22,Female,Moderately Active,General Fitness,28.4,Low Carb,3.89,8392.566666666668,46.05555555555556,7.481888888888889,70.8,2056.1666666666665,6.985666666666667,0.36919922474854355,0.4815892758552626
USER0449,26,Male,Sedentary,General Fitness,31.5,Balanced,4.15,2731.6666666666665,8.044444444444444,6.486555555555555,71.46666666666667,1648.7777777777778,6.954666666666666,0.35186951503868014,0.4080473811632223
USER0450,21,Male,Lightly Active,Better Sleep,27.4,Balanced,4.71,5757.166666666667,27.477777777777778,7.157222222222222,70.21111111111111,1869.6777777777777,7.167777777777778,0.33805101576964014,0.4519182118461597
USER0451,31,Male,Moderately Active,Build Muscle,30.7,Vegetarian,4.79,8334.433333333332,45.5,7.513,69.65555555555555,2062.7,6.881666666666667,0.3270420617943535,0.4888263448152782
USER0452,41,Female,Lightly Active,General Fitness,22.1,Vegan,6.51,5378.533333333334,25.566666666666666,6.8597777777777775,69.9888888888889,1854.2333333333333,6.884444444444445,0.3485593224948279,0.5035433608357288
USER0453,22,Female,Lightly Active,Weight Loss,24.3,Low Carb,4.4,5442.677777777778,28.5,6.994888888888888,68.85555555555555,1866.6,7.111555555555555,0.357161890810682,0.3883538724538847
USER0454,37,Female,Lightly Active,Weight Loss,23.1,Balanced,7.65,5221.844444444445,26.22222222222222,6.980333333333333,69.06666666666666,1831.3666666666666,6.923666666666667,0.38386354202277245,0.45172813620351443
USER0455,26,Male,Moderately Active,Stress Management,27.3,Balanced,5.52,8105.4111111111115,44.855555555555554,7.534888888888888,71.35555555555555,2028.0666666666666,7.271222222222222,0.3501554475822308,0.44467753499914303
USER0456,24,Female,Lightly Active,Stress Management,24.6,Balanced,2.54,5578.333333333333,26.8,6.961777777777779,69.28888888888889,1855.1888888888889,6.6723333333333334,0.3377383115985604,0.3832881556756892
USER0457,30,Female,Moderately Active,Build Muscle,28.9,Low Carb,3.59,7940.133333333333,42.22222222222222,7.473333333333334,70.23333333333333,2011.1333333333334,6.931555555555556,0.4094947186498749,0.4369801888985204
USER0458,21,Female,Sedentary,Build Muscle,22.3,Vegetarian,3.16,2638.5333333333333,8.28888888888889,6.618,69.94444444444444,1654.8555555555556,6.892666666666667,0.41400506029108325,0.48789166575374254
USER0459,26,Female,Moderately Active,General Fitness,26.2,Balanced,8.06,8127.0,44.6,7.539,69.66666666666667,2038.5333333333333,6.749333333333334,0.3694916889811838,0.43852094866007724
USER0460,20,Male,Moderately Active,Weight Loss,28.7,Vegetarian,3.76,8478.933333333332,44.62222222222222,7.387333333333333,70.35555555555555,2051.8555555555554,7.016333333333334,0.3036069900329504,0.4797525461990547
USER0461,51,Female,Sedentary,Weight Loss,18.0,Low Carb,6.17,2661.2,8.533333333333333,6.533777777777777,70.95555555555555,1648.2222222222222,7.126111111111111,0.35843718692115467,0.3730623403734025
USER0462,32,Male,Lightly Active,Weight Loss,34.5,Low Carb,2.82,5580.122222222222,27.566666666666666,6.895777777777778,69.65555555555555,1855.388888888889,6.961333333333333,0.3348885802561596,0.4047191896059813
USER0463,25,Female,Sedentary,Weight Loss,24.9,High Protein,4.38,2683.9777777777776,8.6,6.587555555555555,67.56666666666666,1654.8777777777777,7.025333333333333,0.3689175994486453,0.4555894296349091
USER0464,34,Male,Moderately Active,Stress Management,18.0,Balanced,3.6,8119.922222222222,45.666666666666664,7.6,67.64444444444445,2047.3555555555556,7.0281111111111105,0.3522439945729743,0.5276246346618406
USER0465,30,Male,Lightly Active,Weight Loss,26.6,Vegan,5.48,5540.555555555556,23.61111111111111,7.004777777777777,69.02222222222223,1839.1666666666667,7.070777777777778,0.33172122504156826,0.45053741714701057
USER0466,29,Male,Moderately Active,Weight Loss,26.1,Balanced,5.19,7935.288888888889,45.28888888888889,7.531777777777778,69.74444444444444,2063.6,6.9718888888888895,0.3197028065657329,0.4467297246368021
USER0467,38,Female,Sedentary,General Fitness,25.7,Balanced,4.73,2672.4777777777776,8.488888888888889,6.688222222222222,69.7,1647.588888888889,7.073111111111111,0.3938492234910179,0.4297344121167194
USER0468,39,Male,Sedentary,Stress Management,30.0,Vegan,6.19,2848.177777777778,8.61111111111111,6.438222222222222,71.31111111111112,1645.8333333333333,6.940444444444444,0.3854673193159403,0.37052879793149934
USER0469,26,Female,Sedentary,Weight Loss,29.0,Vegan,5.17,2647.4666666666667,8.588888888888889,6.673777777777778,70.25555555555556,1630.088888888889,7.025,0.39317342208236944,0.5144125825520662
USER0470,26,Male,Lightly Active,Weight Loss,27.2,Low Carb,3.89,5509.633333333333,27.255555555555556,6.972,70.22222222222223,1855.5777777777778,6.888111111111111,0.35744437288547615,0.440477533204863
USER0471,29,Male,Lightly Active,Build Muscle,27.8,Low Carb,5.07,5363.733333333334,26.166666666666668,6.953222222222222,69.25555555555556,1860.888888888889,7.166222222222222,0.3316008637804645,0.39982871111392326
USER0472,18,Female,Moderately Active,General Fitness,25.6,Vegetarian,2.92,8267.922222222222,41.78888888888889,7.5038888888888895,71.03333333333333,2052.411111111111,7.182777777777778,0.43525733514288223,0.46491797390688683
USER0473,18,Male,Moderately Active,General Fitness,33.1,Vegetarian,4.84,8601.544444444444,44.666666666666664,7.373222222222223,70.27777777777777,2071.1555555555556,7.139777777777779,0.35203755952283217,0.4598540145985402
USER0474,45,Male,Lightly Active,Stress Management,20.1,Balanced,4.85,5608.455555555555,25.833333333333332,7.066111111111112,69.41111111111111,1857.9333333333334,6.926333333333333,0.3825271066854801,0.43404551539269065
USER0475,48,Female,Very Active,Better Sleep,26.6,Vegetarian,3.92,11569.211111111112,72.83333333333333,8.043222222222223,69.5,2328.266666666667,6.901666666666666,0.3442164291212541,0.4331227895231736
USER0476,29,Male,Moderately Active,Stress Management,26.3,Balanced,1.82,8089.377777777778,44.17777777777778,7.314222222222222,69.61111111111111,2037.9,6.894333333333334,0.36283348057695586,0.5033527682850563
USER0477,37,Male,Very Active,General Fitness,29.3,Balanced,6.15,10735.81111111111,76.16666666666667,7.891777777777778,66.94444444444444,2318.9666666666667,6.9223333333333334,0.3990620679455733,0.4316683643668507
USER0478,35,Male,Lightly Active,Build Muscle,22.6,Balanced,6.6,5234.833333333333,25.377777777777776,7.010111111111111,70.93333333333334,1821.2666666666667,6.891666666666667,0.3971333581159113,0.5136111715584876
USER0479,62,Female,Lightly Active,Weight Loss,19.0,Low Carb,7.38,5512.855555555556,27.333333333333332,6.863555555555556,69.73333333333333,1862.1333333333334,6.886333333333333,0.37897955998597277,0.3930186609056486
USER0480,43,Female,Sedentary,Better Sleep,26.6,High Protein,3.47,2717.0666666666666,8.655555555555555,6.573888888888889,70.37777777777778,1666.7,6.954888888888889,0.3859503008521935,0.34871461622915617
USER0481,30,Female,Moderately Active,Build Muscle,27.1,Low Carb,4.76,8409.388888888889,47.93333333333333,7.598000000000001,69.73333333333333,2065.1555555555556,6.846333333333333,0.30851375587181956,0.3952104502131495
USER0482,22,Female,Sedentary,Weight Loss,32.0,High Protein,6.01,2994.7,8.522222222222222,6.3902222222222225,70.28888888888889,1663.5,7.129111111111111,0.35566082976478147,0.39580679909674205
USER0483,18,Male,Lightly Active,General Fitness,20.9,Balanced,6.3,5554.455555555555,27.466666666666665,6.924222222222221,67.87777777777778,1858.6,6.760333333333333,0.35594526844471297,0.4217472845981121
USER0484,34,Male,Lightly Active,Weight Loss,30.6,Vegetarian,6.74,5432.977777777778,27.27777777777778,6.877,69.94444444444444,1859.9666666666667,7.018111111111111,0.3565510841567668,0.44313508462328755
USER0485,24,Female,Lightly Active,General Fitness,35.5,Vegetarian,2.27,5292.844444444445,27.266666666666666,6.951444444444444,70.85555555555555,1841.5222222222221,7.041666666666667,0.3468520150097554,0.4163186810785977
USER0486,18,Male,Moderately Active,General Fitness,24.5,Low Carb,4.15,8074.322222222222,45.63333333333333,7.502222222222223,69.91111111111111,2057.8888888888887,6.803333333333333,0.3265671552875648,0.4183537223473967
USER0487,25,Male,Sedentary,Build Muscle,20.8,Low Carb,3.43,2702.1444444444446,9.177777777777777,6.475888888888889,67.63333333333334,1653.0444444444445,7.102666666666667,0.36285751098295566,0.4076367172092565
USER0488,21,Male,Lightly Active,Stress Management,24.4,Low Carb,5.73,5681.422222222222,27.766666666666666,6.9127777777777775,69.54444444444445,1856.9222222222222,6.991444444444444,0.32815851407415986,0.42609974663222183
USER0489,48,Male,Moderately Active,Weight Loss,26.1,Vegan,2.45,8452.855555555556,45.166666666666664,7.631444444444445,67.93333333333334,2073.1222222222223,7.062333333333333,0.30989507349944023,0.4144083560964659
USER0490,40,Other,Very Active,Build Muscle,28.3,Vegetarian,3.43,10787.022222222222,67.38888888888889,8.024777777777778,71.27777777777777,2277.633333333333,7.008333333333334,0.3647226627727859,0.5239662718240333
USER0491,31,Male,Moderately Active,General Fitness,23.6,Balanced,6.07,8442.944444444445,48.43333333333333,7.466333333333334,69.54444444444445,2072.5333333333333,6.941111111111112,0.3560465573990361,0.4034153684790666
USER0492,46,Female,Very Active,General Fitness,32.2,Vegetarian,3.53,11086.877777777778,73.16666666666667,8.089555555555554,69.82222222222222,2312.9444444444443,7.070777777777778,0.3484631883461758,0.4540894155599426
USER0493,32,Male,Moderately Active,Stress Management,21.5,Balanced,4.36,8283.622222222222,48.21111111111111,7.587111111111112,69.54444444444445,2058.5555555555557,6.874777777777778,0.38426380894263595,0.47157150471112397
USER0494,23,Other,Lightly Active,Build Muscle,19.0,Balanced,2.29,5367.077777777778,27.8,7.049555555555556,71.34444444444445,1870.3111111111111,7.014111111111111,0.3649043659523333,0.4468911722351131
USER0495,47,Male,Sedentary,General Fitness,30.4,Vegan,3.92,2696.1555555555556,8.088888888888889,6.362111111111111,69.26666666666667,1639.8222222222223,7.066111111111112,0.3469560040852513,0.40629488255521656
USER0496,37,Male,Moderately Active,Weight Loss,18.0,Balanced,4.63,8381.7,42.96666666666667,7.369555555555555,68.2,2060.9555555555557,6.9654444444444445,0.3493995428362131,0.4797652753181634
USER0497,21,Female,Moderately Active,Better Sleep,25.2,Vegetarian,5.16,8185.633333333333,44.32222222222222,7.381222222222221,69.52222222222223,2046.7,7.0344444444444445,0.38997220280797373,0.4083946627178947
USER0498,30,Female,Moderately Active,Build Muscle,38.5,Balanced,2.74,8498.8,47.01111111111111,7.499,68.81111111111112,2062.1444444444446,6.740777777777778,0.29567317373815666,0.4284748229723433
USER0499,23,Male,Lightly Active,General Fitness,26.0,Balanced,4.3,5399.944444444444,27.31111111111111,6.812222222222222,70.1,1854.2222222222222,7.0681111111111115,0.35607108140049065,0.4507018979696881
USER0500,18,Male,Lightly Active,Weight Loss,21.5,Balanced,4.73,5833.344444444445,28.833333333333332,7.002888888888889,69.5111111111111,1865.8,6.914111111111111,0.35199714020760103,0.4560041963584684
USER0501,41,Male,Lightly Active,Weight Loss,25.8,Balanced,4.01,5431.922222222222,25.77777777777778,7.140888888888888,68.8,1850.1777777777777,7.091,0.3666444040752073,0.46475992792277054
USER0502,51,Male,Lightly Active,Build Muscle,25.8,Vegetarian,3.42,5574.155555555555,26.57777777777778,7.020555555555556,69.46666666666667,1861.4,7.216444444444445,0.29584705927360555,0.4924029080177445
USER0503,18,Male,Sedentary,Stress Management,26.6,Balanced,2.7,2686.5444444444443,8.755555555555556,6.50488888888889,69.12222222222222,1644.1333333333334,7.151555555555555,0.38279924393948617,0.43898591163167255
USER0504,37,Female,Moderately Active,General Fitness,28.6,Balanced,4.67,8533.977777777778,44.24444444444445,7.400444444444444,69.23333333333333,2061.411111111111,6.970111111111112,0.3188047275818238,0.5059127449905033
USER0505,25,Male,Sedentary,Better Sleep,21.8,Balanced,4.78,2822.8444444444444,9.233333333333333,6.600222222222222,70.11111111111111,1672.6333333333334,7.022888888888888,0.34604603821424096,0.3946748420695988
USER0506,27,Male,Sedentary,Build Muscle,32.8,Balanced,5.67,2700.9777777777776,8.422222222222222,6.441999999999999,69.95555555555555,1656.4555555555555,7.104555555555555,0.3597369757536244,0.46207158099088513
USER0507,26,Female,Lightly Active,Build Muscle,27.0,Vegetarian,3.15,5141.466666666666,26.58888888888889,7.066666666666666,69.21111111111111,1845.4222222222222,6.894888888888889,0.3552499402912878,0.4578132067799259
USER0508,23,Other,Moderately Active,Weight Loss,28.9,Balanced,5.48,8283.7,43.455555555555556,7.439111111111111,71.1,2043.0444444444445,6.750111111111111,0.3479157981616972,0.45570052450819715
USER0509,32,Female,Lightly Active,Stress Management,23.5,Low Carb,2.26,5547.4,26.81111111111111,7.055666666666666,69.11111111111111,1857.7444444444445,6.947666666666667,0.40369209087878566,0.47043797972552204
USER0510,23,Male,Lightly Active,Weight Loss,31.1,Vegan,2.79,5336.5888888888885,24.433333333333334,6.973888888888888,69.03333333333333,1830.3333333333333,6.915333333333333,0.3296702179140443,0.44925843861974274
USER0511,34,Male,Lightly Active,Stress Management,25.0,Low Carb,5.6,5620.944444444444,28.22222222222222,7.054666666666666,70.97777777777777,1871.5333333333333,7.168333333333333,0.37549298611211246,0.41820601210362207
USER0512,31,Female,Lightly Active,Better Sleep,27.1,Vegetarian,3.79,5580.766666666666,27.033333333333335,7.082666666666667,69.85555555555555,1878.3222222222223,6.832444444444444,0.35273851471651724,0.3860127467807053
USER0513,29,Male,Very Active,Better Sleep,22.3,Balanced,5.18,11158.477777777778,72.42222222222222,7.970666666666667,69.73333333333333,2298.3555555555554,6.728222222222222,0.34185902610818103,0.49554555225179453
USER0514,22,Male,Very Active,General Fitness,22.0,Balanced,6.85,10997.988888888889,74.97777777777777,7.889777777777779,67.5,2329.9444444444443,6.819333333333334,0.3465480578567523,0.4677348399070985
USER0515,26,Female,Lightly Active,General Fitness,28.8,Vegan,5.92,5470.566666666667,27.444444444444443,7.112333333333334,70.08888888888889,1855.2222222222222,6.929222222222222,0.3606548150085988,0.5150416918424543
USER0516,39,Female,Lightly Active,Stress Management,24.2,Vegetarian,3.17,5710.677777777778,27.68888888888889,6.937,68.58888888888889,1876.2777777777778,7.136222222222222,0.32737309893896976,0.4421184445021683
USER0517,37,Female,Moderately Active,Weight Loss,22.6,Low Carb,4.17,8476.266666666666,48.77777777777778,7.447111111111111,70.3,2079.4666666666667,6.851666666666667,0.354658472788523,0.45228193915658943
USER0518,22,Male,Sedentary,General Fitness,23.4,Low Carb,7.88,2717.2444444444445,9.044444444444444,6.508333333333334,68.74444444444444,1673.4333333333334,7.008555555555556,0.3730926591539365,0.4031529545974942
USER0519,32,Male,Lightly Active,Weight Loss,28.8,Balanced,2.94,5626.0,28.07777777777778,6.955111111111112,69.37777777777778,1858.0333333333333,6.859555555555556,0.3426293129403566,0.4448144687204747
USER0520,39,Other,Lightly Active,Build Muscle,23.5,Balanced,5.98,5446.1,24.27777777777778,6.985555555555556,69.46666666666667,1863.4333333333334,7.039,0.3608992898713807,0.5060722928196277
USER0521,18,Male,Very Active,Weight Loss,25.5,Vegetarian,4.18,10972.511111111111,73.0,7.8919999999999995,68.77777777777777,2296.1111111111113,7.147333333333333,0.3211969659197533,0.47486109614096184
USER0522,37,Female,Sedentary,Weight Loss,26.1,Low Carb,7.58,2841.0777777777776,8.377777777777778,6.422777777777777,68.78888888888889,1647.9777777777779,7.004222222222222,0.35799023196380936,0.4799441148782405
USER0523,25,Female,Lightly Active,Build Muscle,18.3,Balanced,4.1,5509.388888888889,26.61111111111111,6.905,68.7,1832.6777777777777,6.797555555555555,0.37021281516975096,0.4737779071521536
USER0524,37,Female,Moderately Active,Build Muscle,20.1,Vegan,3.85,7772.344444444445,47.72222222222222,7.461111111111111,70.44444444444444,2045.0,7.315555555555555,0.3781234205660492,0.42313509359254636
USER0525,24,Male,Lightly Active,General Fitness,27.3,Balanced,5.29,5338.477777777778,27.166666666666668,6.959,70.15555555555555,1863.1,7.094111111111111,0.377644392823849,0.4240007293221793
USER0526,18,Male,Sedentary,Weight Loss,23.1,Balanced,6.15,2873.6111111111113,8.866666666666667,6.527333333333334,70.54444444444445,1665.4888888888888,6.876444444444444,0.36242804450255744,0.3771698847825098
USER0527,18,Female,Very Active,General Fitness,30.2,Vegan,4.13,11060.744444444445,74.08888888888889,7.951777777777777,71.0111111111111,2299.1444444444446,6.8565555555555555,0.33827843861934936,0.43084162821195876
USER0528,32,Female,Lightly Active,Weight Loss,29.9,Vegetarian,3.62,5643.377777777778,27.833333333333332,6.9542222222222225,69.53333333333333,1860.6777777777777,6.870888888888889,0.34833769410982846,0.4441247769129838
USER0529,34,Female,Moderately Active,General Fitness,28.9,Low Carb,6.4,8477.711111111112,45.25555555555555,7.439555555555555,68.85555555555555,2072.9777777777776,7.003333333333333,0.39398747600356004,0.44080857591213424
USER0530,22,Male,Sedentary,General Fitness,33.3,Balanced,3.87,2830.0,9.177777777777777,6.407111111111111,69.64444444444445,1668.0666666666666,7.149444444444445,0.3372220928420324,0.4182861366106029
USER0531,38,Male,Lightly Active,General Fitness,25.7,Balanced,5.12,5223.277777777777,26.68888888888889,6.944000000000001,69.83333333333333,1833.9666666666667,6.835444444444444,0.3757566425441431,0.45158567441542674
USER0532,18,Female,Lightly Active,General Fitness,28.6,Low Carb,2.85,5510.822222222222,26.755555555555556,7.062777777777778,69.81111111111112,1851.7555555555555,6.930777777777777,0.32446999694821377,0.4112588794662426
USER0533,31,Female,Sedentary,Build Muscle,23.7,Balanced,3.25,2746.8444444444444,9.222222222222221,6.474888888888889,70.63333333333334,1668.1444444444444,7.251777777777777,0.3819382348667388,0.43475543393337085
USER0534,19,Female,Sedentary,Stress Management,35.8,Vegetarian,5.15,2764.1222222222223,8.755555555555556,6.395444444444445,68.67777777777778,1664.2777777777778,7.03688888888889,0.3551830536243097,0.46027761210159884
USER0535,25,Male,Moderately Active,Build Muscle,33.9,High Protein,3.09,8253.433333333332,47.98888888888889,7.669444444444444,70.58888888888889,2045.9333333333334,6.765888888888888,0.3430010830748706,0.4429831353959891
USER0536,32,Female,Sedentary,Build Muscle,26.0,Vegetarian,2.44,2781.8333333333335,8.4,6.356333333333334,68.33333333333333,1644.3333333333333,6.89211111111111,0.35797903446835494,0.4362711063611262
USER0537,23,Female,Sedentary,General Fitness,27.5,Balanced,4.54,2651.6222222222223,8.644444444444444,6.477888888888889,68.12222222222222,1654.8111111111111,7.134555555555556,0.40472005071703837,0.499256173345961
USER0538,28,Female,Lightly Active,Weight Loss,31.4,Vegetarian,7.85,5590.155555555555,25.488888888888887,6.941999999999999,69.76666666666667,1853.4444444444443,7.090333333333334,0.3746659353210474,0.48838618824734553
USER0539,42,Male,Moderately Active,General Fitness,25.4,Balanced,3.26,7908.977777777778,43.388888888888886,7.481333333333334,69.4,2036.3666666666666,7.034222222222223,0.36883047258719526,0.4764253989280965
USER0540,26,Male,Sedentary,General Fitness,23.4,Balanced,5.22,2799.677777777778,8.155555555555555,6.397666666666666,69.54444444444445,1670.8444444444444,6.896555555555556,0.3600304248549022,0.503931662400268
USER0541,40,Female,Lightly Active,Build Muscle,29.5,Balanced,5.43,5772.5,27.22222222222222,7.018222222222222,69.61111111111111,1870.7,7.163222222222223,0.34343427826248507,0.42053805262366856
USER0542,20,Male,Sedentary,Weight Loss,26.3,Balanced,3.42,2806.788888888889,7.611111111111111,6.499888888888889,69.46666666666667,1641.3222222222223,7.028333333333332,0.3536423951791306,0.4385293747139326
USER0543,37,Male,Sedentary,Weight Loss,26.7,Vegan,2.94,2730.411111111111,8.655555555555555,6.466222222222223,68.64444444444445,1646.4888888888888,6.984666666666667,0.32611700997599097,0.4350816675028171
USER0544,46,Female,Sedentary,Better Sleep,22.7,Balanced,3.04,2639.411111111111,9.033333333333333,6.478777777777778,69.7,1661.3555555555556,7.044888888888888,0.31032505261910437,0.39350192568950904
USER0545,18,Male,Moderately Active,General Fitness,19.1,Balanced,3.8,8556.8,48.58888888888889,7.522888888888888,67.84444444444445,2096.911111111111,7.101999999999999,0.32875853894721185,0.43338395617479814
USER0546,24,Female,Sedentary,Weight Loss,26.9,High Protein,5.38,2730.3888888888887,7.977777777777778,6.536222222222222,69.58888888888889,1630.8111111111111,7.203777777777778,0.3821535546674829,0.49950961149441014
USER0547,37,Male,Sedentary,Build Muscle,29.6,Balanced,2.72,2903.4666666666667,8.8,6.471,70.41111111111111,1669.1222222222223,6.906666666666667,0.33101230416996996,0.4377591984543175
USER0548,29,Female,Lightly Active,General Fitness,25.1,Vegetarian,6.5,5640.022222222222,24.41111111111111,6.947222222222222,69.52222222222223,1848.7,6.970111111111111,0.3273613900319429,0.4873295880301119
USER0549,35,Other,Moderately Active,Stress Management,31.7,Balanced,4.2,8306.0,42.1,7.4736666666666665,71.22222222222223,2033.7555555555555,7.079111111111112,0.31926284010220585,0.44743502770276555
USER0550,25,Male,Lightly Active,Weight Loss,23.2,Balanced,3.92,5342.466666666666,27.22222222222222,7.017777777777778,70.06666666666666,1849.2777777777778,6.774888888888889,0.4155247933481788,0.43376465543374165
USER0551,32,Male,Lightly Active,Weight Loss,21.8,Vegan,4.14,5600.8,25.733333333333334,6.947666666666667,70.85555555555555,1856.7444444444445,7.086333333333333,0.369231873907474,0.48368124842444005
USER0552,30,Male,Sedentary,Stress Management,25.7,Balanced,4.07,2753.6,8.122222222222222,6.435444444444445,69.56666666666666,1648.7222222222222,7.122777777777777,0.4105555374187889,0.4210375270027155
USER0553,43,Male,Lightly Active,Weight Loss,25.7,Low Carb,5.24,5604.988888888889,25.322222222222223,6.919111111111111,68.84444444444445,1861.0777777777778,6.880222222222223,0.3414194888569057,0.47270340344108086
USER0554,34,Female,Lightly Active,Weight Loss,29.1,Balanced,4.13,5528.955555555555,28.1,6.994222222222223,70.28888888888889,1864.8222222222223,7.162888888888888,0.3724668159290161,0.4198772750589558
USER0555,35,Female,Lightly Active,Better Sleep,22.9,Balanced,6.34,5541.922222222222,27.41111111111111,7.021,68.64444444444445,1863.9333333333334,7.057777777777778,0.38295905851039347,0.44416131254345126
USER0556,27,Male,Lightly Active,General Fitness,31.5,Balanced,5.03,5395.266666666666,28.211111111111112,6.870555555555556,70.42222222222222,1850.8444444444444,6.981111111111111,0.3646509447234688,0.42121007150771095
USER0557,27,Male,Lightly Active,Weight Loss,33.9,Balanced,1.72,5340.011111111111,27.877777777777776,7.061,68.38888888888889,1831.4888888888888,7.204666666666666,0.3378203225875775,0.41470441507553557
USER0558,27,Male,Sedentary,Weight Loss,25.8,Balanced,3.73,2647.6222222222223,9.255555555555556,6.445555555555556,69.34444444444445,1639.0222222222221,6.543444444444444,0.39582046977489543,0.37808379797241654
USER0559,35,Female,Lightly Active,Weight Loss,31.0,Vegetarian,5.43,5494.488888888889,26.5,7.090111111111112,67.82222222222222,1855.8666666666666,6.968777777777778,0.3161266021097111,0.4944875188880789
USER0560,27,Male,Sedentary,Weight Loss,21.8,Balanced,4.51,2804.011111111111,8.911111111111111,6.592,67.37777777777778,1649.411111111111,7.177444444444445,0.40280334681522506,0.38395183427070106
USER0561,34,Female,Moderately Active,Stress Management,30.3,Balanced,5.67,8523.41111111111,43.9,7.522444444444444,67.35555555555555,2061.8,7.113666666666667,0.36885038008049126,0.41687788027312017
USER0562,52,Female,Very Active,Build Muscle,30.2,Balanced,5.01,10265.777777777777,75.53333333333333,7.824,69.92222222222222,2284.222222222222,7.056555555555556,0.3621658100139285,0.422963902731661
USER0563,40,Female,Very Active,General Fitness,29.5,Vegan,4.89,12377.133333333333,73.68888888888888,8.046,69.71111111111111,2353.488888888889,7.160111111111111,0.3003391830908345,0.42816788771097336
USER0564,28,Male,Moderately Active,Better Sleep,25.9,Vegan,3.13,8240.055555555555,48.84444444444444,7.394666666666667,70.73333333333333,2070.0666666666666,6.952555555555556,0.3687204272699298,0.40328186339619104
USER0565,44,Female,Moderately Active,Build Muscle,18.0,Vegetarian,5.59,8050.344444444445,48.4,7.397666666666666,70.4,2072.8,6.871333333333333,0.39687943911509516,0.42097693011301207
USER0566,27,Male,Moderately Active,Weight Loss,23.4,Vegan,3.98,8529.055555555555,41.44444444444444,7.596111111111111,69.12222222222222,2054.0333333333333,7.286333333333333,0.35027065187856166,0.4719511241065193
USER0567,18,Male,Lightly Active,General Fitness,23.5,Balanced,3.07,5402.333333333333,27.955555555555556,6.945444444444445,70.43333333333334,1860.5666666666666,7.125777777777778,0.33258632181025566,0.4407992206414881
USER0568,21,Female,Moderately Active,Better Sleep,22.1,Balanced,1.94,8098.322222222222,46.28888888888889,7.402666666666667,70.32222222222222,2051.866666666667,6.800888888888889,0.3891721582893597,0.46908901237011763
USER0569,18,Female,Lightly Active,Stress Management,26.5,Low Carb,4.81,5454.0888888888885,27.377777777777776,7.0889999999999995,69.75555555555556,1845.8666666666666,6.954,0.3469686784838945,0.5155152666142853
USER0570,28,Male,Lightly Active,Weight Loss,24.3,Low Carb,4.91,5387.766666666666,26.11111111111111,7.051111111111111,70.9888888888889,1831.7555555555555,6.9879999999999995,0.3576870441725851,0.4892591298107763
USER0571,32,Male,Moderately Active,General Fitness,22.7,Balanced,3.94,8160.955555555555,41.3,7.272444444444444,67.57777777777778,2029.9,7.0488888888888885,0.36678875047005616,0.497446691417082
USER0572,48,Male,Lightly Active,General Fitness,21.8,Balanced,5.98,5623.177777777778,26.266666666666666,7.073888888888889,69.58888888888889,1859.6777777777777,6.959333333333333,0.3522511860742214,0.48957178997429235
USER0573,35,Male,Lightly Active,Better Sleep,23.1,High Protein,4.12,5301.166666666667,23.633333333333333,7.112777777777778,70.58888888888889,1833.8777777777777,7.155666666666667,0.3683651932444316,0.4811863080504858
USER0574,29,Male,Very Active,Weight Loss,30.5,Vegetarian,1.99,10888.477777777778,72.23333333333333,7.915555555555556,69.2,2288.5666666666666,7.020555555555556,0.39799691394101394,0.4375141090274052
USER0575,40,Male,Sedentary,General Fitness,23.4,Balanced,6.7,2880.0555555555557,9.177777777777777,6.491888888888889,69.38888888888889,1657.5666666666666,7.1531111111111105,0.33039048366267204,0.45252902392647976
USER0576,18,Male,Lightly Active,Stress Management,23.9,Vegetarian,6.5,5755.4,25.355555555555554,7.019222222222222,68.73333333333333,1851.6777777777777,7.061333333333333,0.3293021635605324,0.46378123410690114
USER0577,34,Female,Very Active,Build Muscle,24.2,Balanced,4.54,11245.41111111111,77.68888888888888,7.958444444444444,69.06666666666666,2333.688888888889,6.896444444444444,0.3353462259784358,0.40045583290093495
USER0578,39,Female,Moderately Active,Build Muscle,27.4,Balanced,1.7,8416.266666666666,47.766666666666666,7.507333333333333,69.77777777777777,2078.6444444444446,6.987,0.3215849608093664,0.4221967615608481
USER0579,18,Female,Lightly Active,Weight Loss,27.8,Balanced,5.27,5566.155555555555,28.08888888888889,6.84911111111111,70.32222222222222,1856.4666666666667,7.373,0.3731152524212839,0.4286585717335654
USER0580,43,Male,Sedentary,Weight Loss,18.0,Balanced,4.02,2828.777777777778,9.044444444444444,6.348777777777777,70.25555555555556,1673.7777777777778,7.0985555555555555,0.33107449876570877,0.4545154625977704
USER0581,35,Female,Lightly Active,Build Muscle,30.1,Balanced,3.44,5597.955555555555,26.08888888888889,6.8662222222222224,69.8,1859.0,6.937666666666667,0.3523653243558006,0.43024627471492366
USER0582,27,Female,Moderately Active,Better Sleep,31.7,Vegetarian,5.99,8133.522222222222,45.111111111111114,7.388111111111111,69.84444444444445,2074.222222222222,7.075444444444444,0.34376638250490993,0.4367179882353908
USER0583,38,Female,Lightly Active,Weight Loss,21.8,Balanced,2.28,5384.277777777777,27.511111111111113,7.037444444444445,70.38888888888889,1851.2222222222222,6.917777777777778,0.34704830935717107,0.43217664984266824
USER0584,54,Female,Lightly Active,Build Muscle,22.1,Low Carb,4.47,5338.477777777778,29.066666666666666,7.054666666666666,70.18888888888888,1877.0555555555557,7.035444444444445,0.35910525765929724,0.4129410396897692
USER0585,33,Female,Sedentary,General Fitness,24.2,Balanced,4.23,2712.9666666666667,8.766666666666667,6.676222222222222,68.86666666666666,1666.9777777777779,6.9255555555555555,0.34346834044393904,0.44000838673878767
USER0586,34,Female,Sedentary,Weight Loss,23.0,Balanced,2.17,2731.0222222222224,8.977777777777778,6.615333333333333,70.54444444444445,1663.888888888889,7.102666666666667,0.3972004548096378,0.41376267064742744
USER0587,27,Male,Very Active,Build Muscle,26.9,Vegan,4.88,10319.977777777778,67.55555555555556,8.023222222222223,68.93333333333334,2249.911111111111,7.001777777777777,0.3578959830603983,0.42769506477914876
USER0588,23,Female,Lightly Active,General Fitness,18.2,Low Carb,3.95,5558.455555555555,27.822222222222223,7.0408888888888885,69.74444444444444,1856.0777777777778,6.949222222222222,0.3371285602122928,0.4245080643993236
USER0589,40,Female,Moderately Active,Stress Management,21.5,High Protein,5.34,7914.2,44.577777777777776,7.451333333333333,68.63333333333334,2039.5222222222221,6.883,0.35816993671622893,0.45231507888628053
USER0590,23,Female,Sedentary,General Fitness,32.2,High Protein,2.14,2681.733333333333,7.833333333333333,6.528666666666667,69.45555555555555,1620.4666666666667,6.819999999999999,0.2970134017037755,0.4468950672576231
USER0591,32,Female,Moderately Active,General Fitness,22.3,Balanced,4.79,8317.455555555556,44.422222222222224,7.434333333333334,69.27777777777777,2052.0777777777776,6.866444444444444,0.34776258806007976,0.4455894454010458
USER0592,27,Male,Very Active,Weight Loss,31.0,Balanced,5.53,10969.722222222223,66.75555555555556,8.052666666666667,70.93333333333334,2268.6222222222223,7.098000000000001,0.3640235831624758,0.48733461430626746
USER0593,36,Male,Lightly Active,Better Sleep,27.4,Vegan,5.68,5202.0,27.9,7.127555555555555,69.4,1834.4222222222222,6.986888888888889,0.3543152235260248,0.4124619725174713
USER0594,35,Female,Sedentary,Weight Loss,18.8,High Protein,2.17,2757.7,9.3,6.526999999999999,70.12222222222222,1665.7,7.073333333333333,0.3679889129137486,0.4561729462310266
USER0595,42,Female,Lightly Active,Stress Management,28.5,Low Carb,3.18,5487.133333333333,25.61111111111111,6.944555555555556,69.06666666666666,1863.9,7.127888888888889,0.4021859448344618,0.46036408898299863
USER0596,26,Female,Moderately Active,Weight Loss,25.5,Vegetarian,3.54,8383.7,45.63333333333333,7.456666666666667,71.46666666666667,2066.711111111111,7.073555555555556,0.29071430577935153,0.4282870604354237
USER0597,29,Male,Lightly Active,Better Sleep,24.2,Vegetarian,5.32,5735.688888888889,27.833333333333332,6.938111111111111,70.04444444444445,1867.8666666666666,6.971666666666668,0.33878868963777514,0.4339573961630954
USER0598,22,Male,Moderately Active,General Fitness,27.0,Balanced,4.52,8272.988888888889,47.28888888888889,7.437333333333333,70.14444444444445,2072.4222222222224,7.109666666666667,0.3554388234192157,0.4745083695405346
USER0599,27,Female,Moderately Active,Stress Management,27.9,Low Carb,3.55,7889.144444444444,46.93333333333333,7.470111111111111,69.4,2035.6888888888889,7.265666666666666,0.36616453581187486,0.4699430250898634
USER0600,35,Female,Moderately Active,Weight Loss,28.8,Vegetarian,7.04,8128.4,42.111111111111114,7.585222222222222,68.52222222222223,2007.5111111111112,6.747222222222222,0.33693391485532687,0.4820235360851103
USER0601,39,Female,Moderately Active,Build Muscle,30.7,Low Carb,2.47,8279.277777777777,41.27777777777778,7.458222222222222,69.5111111111111,2013.4333333333334,6.983555555555555,0.33030833439080387,0.4144809952830942
USER0602,22,Male,Sedentary,General Fitness,27.6,Balanced,3.5,2937.988888888889,7.788888888888889,6.449111111111111,69.42222222222222,1650.2222222222222,7.027777777777778,0.34624198481682367,0.5030096528027057
USER0603,40,Female,Lightly Active,Stress Management,20.5,Balanced,5.02,5494.355555555556,25.9,7.190555555555555,68.97777777777777,1845.611111111111,6.920555555555556,0.3644144087378224,0.4592929740456878
USER0604,45,Male,Sedentary,Weight Loss,24.1,Balanced,4.98,2725.5,9.088888888888889,6.386222222222222,69.85555555555555,1658.3333333333333,6.978222222222222,0.3118287082241418,0.43997211543574055
USER0605,36,Female,Very Active,Better Sleep,37.8,Balanced,5.31,11193.544444444444,71.54444444444445,7.986666666666666,68.66666666666667,2320.0333333333333,7.136555555555555,0.3535290574434552,0.49252428565351924
USER0606,50,Male,Moderately Active,Stress Management,28.9,Vegan,4.25,8072.1,46.65555555555556,7.485777777777778,68.94444444444444,2072.4333333333334,6.978666666666667,0.3477935208105647,0.41868804975107354
USER0607,24,Male,Moderately Active,Weight Loss,35.5,Balanced,4.72,7760.555555555556,42.06666666666667,7.609333333333334,69.28888888888889,2007.3555555555556,6.894333333333334,0.39225646132154807,0.4266075252274191
USER0608,19,Female,Lightly Active,Stress Management,31.6,Balanced,2.15,5399.944444444444,27.3,6.970111111111111,68.44444444444444,1847.4333333333334,7.005222222222223,0.3579848125218548,0.42911650690340547
USER0609,18,Female,Sedentary,General Fitness,27.0,Balanced,3.16,2794.133333333333,8.955555555555556,6.429555555555555,70.24444444444444,1671.1666666666667,6.823777777777778,0.3622938529093339,0.39585780782732727
USER0610,46,Male,Moderately Active,Build Muscle,27.2,Low Carb,3.21,8533.466666666667,43.17777777777778,7.518,70.37777777777778,2062.411111111111,6.905222222222222,0.3251317883311292,0.5336654694102796
USER0611,38,Female,Lightly Active,Build Muscle,25.9,Low Carb,4.82,5464.1,28.77777777777778,6.906111111111111,67.68888888888888,1864.8222222222223,7.093777777777778,0.3496408700499464,0.3994803374217985
USER0612,31,Male,Sedentary,General Fitness,19.0,Balanced,2.83,2593.233333333333,9.188888888888888,6.298444444444445,69.7,1653.5555555555557,6.932777777777778,0.3425927855458999,0.4022513345223133
USER0613,34,Male,Moderately Active,General Fitness,26.1,Balanced,5.18,8249.1,45.72222222222222,7.5024444444444445,70.33333333333333,2053.2,7.143777777777778,0.3143944010254084,0.476253151403746
USER0614,20,Male,Sedentary,Build Muscle,30.8,Balanced,3.67,2815.6666666666665,8.766666666666667,6.484999999999999,68.6,1668.3555555555556,6.981222222222222,0.3375514225291323,0.41521966044786385
USER0615,56,Male,Lightly Active,General Fitness,23.6,Low Carb,4.82,5252.5,26.177777777777777,7.023777777777777,70.74444444444444,1846.1,6.989777777777778,0.36863305579143524,0.45932347881533614
USER0616,33,Female,Lightly Active,General Fitness,27.6,Balanced,3.46,5461.211111111111,28.066666666666666,6.926555555555556,69.16666666666667,1853.5555555555557,6.992888888888889,0.39553602705499324,0.4138557938821046
USER0617,33,Male,Sedentary,General Fitness,29.4,High Protein,4.11,2737.5555555555557,7.444444444444445,6.439888888888889,69.16666666666667,1641.9222222222222,6.863888888888889,0.34403770998247946,0.4727329629861121
USER0618,39,Female,Very Active,Weight Loss,22.4,Balanced,4.16,10588.388888888889,74.2,8.147111111111112,69.3,2281.4333333333334,6.976222222222223,0.35337514681786963,0.4045128348018646
USER0619,36,Female,Sedentary,Stress Management,24.2,Balanced,3.83,2778.0555555555557,9.21111111111111,6.617444444444445,69.88888888888889,1665.4888888888888,6.964444444444444,0.32374112869640603,0.3648253693044829
USER0620,34,Male,Sedentary,Build Muscle,21.9,Vegetarian,6.77,2724.1444444444446,8.3,6.507111111111111,69.44444444444444,1648.111111111111,7.019888888888889,0.31978899947823997,0.46247671693965653
USER0621,24,Female,Sedentary,Weight Loss,22.7,Balanced,5.38,2816.5777777777776,8.422222222222222,6.547000000000001,70.73333333333333,1650.2222222222222,7.004333333333333,0.3212068660297594,0.3727161377385244
USER0622,36,Male,Moderately Active,Weight Loss,20.8,Low Carb,4.29,8583.68888888889,45.044444444444444,7.4605555555555565,66.27777777777777,2090.0444444444443,7.070333333333334,0.32917881737752436,0.41940848659786634
USER0623,50,Female,Lightly Active,Build Muscle,22.4,Balanced,4.39,5291.266666666666,26.266666666666666,6.974888888888889,71.36666666666666,1855.7222222222222,6.868333333333333,0.3659034774900854,0.4686410825193062
USER0624,45,Male,Lightly Active,Stress Management,31.7,Low Carb,3.81,5366.344444444445,25.855555555555554,6.999777777777778,71.17777777777778,1839.4333333333334,6.951444444444444,0.30862482253817697,0.45522265118107014
USER0625,47,Male,Sedentary,Build Muscle,22.3,Vegetarian,5.31,2803.177777777778,8.755555555555556,6.641777777777778,71.08888888888889,1655.9666666666667,6.726555555555556,0.3391623313725708,0.4590076136331934
USER0626,26,Male,Sedentary,General Fitness,26.5,Vegan,2.75,2780.766666666667,8.244444444444444,6.535666666666667,68.8,1661.6,7.102222222222223,0.31822772807317495,0.41624732349833393
USER0627,22,Male,Lightly Active,Weight Loss,24.0,Balanced,6.47,5161.822222222222,24.955555555555556,6.999222222222222,70.22222222222223,1798.4555555555555,7.329444444444444,0.36990541190851955,0.4812725345232109
USER0628,30,Male,Moderately Active,Build Muscle,30.7,Balanced,3.68,8269.644444444444,47.67777777777778,7.512444444444444,70.31111111111112,2082.9777777777776,6.841,0.36872015282753257,0.4728502953191156
USER0629,32,Female,Moderately Active,Better Sleep,31.2,Balanced,2.95,7922.944444444444,46.55555555555556,7.433777777777777,68.17777777777778,2056.277777777778,7.001333333333333,0.40115635415394674,0.46359403067481014
USER0630,42,Female,Sedentary,Stress Management,29.5,Vegan,5.68,2807.9444444444443,8.833333333333334,6.405111111111111,69.21111111111111,1687.388888888889,6.947444444444444,0.3487461355613073,0.42616250257161753
USER0631,18,Female,Lightly Active,Weight Loss,27.2,Vegan,2.11,5327.566666666667,27.233333333333334,6.949222222222222,68.74444444444444,1844.6444444444444,6.838666666666667,0.38881540991359703,0.46628606832378694
USER0632,47,Female,Very Active,General Fitness,25.1,Balanced,6.85,10763.555555555555,76.3,7.986888888888889,70.83333333333333,2309.4333333333334,6.704,0.3662382632081568,0.44275831982967484
USER0633,30,Male,Lightly Active,Weight Loss,21.2,Balanced,3.64,5358.3,27.38888888888889,6.923666666666667,69.5111111111111,1852.6666666666667,6.988444444444445,0.33436387596555606,0.45902906180491093
USER0634,27,Male,Moderately Active,Build Muscle,33.8,Balanced,5.91,7944.022222222222,46.63333333333333,7.533222222222222,70.86666666666666,2042.2444444444445,7.143777777777778,0.3833104353309456,0.4536610039372531
USER0635,21,Male,Sedentary,Stress Management,23.0,Balanced,4.96,2728.1444444444446,7.166666666666667,6.4542222222222225,70.16666666666667,1628.0111111111112,6.807666666666666,0.4044357673822742,0.44007874801730246
USER0636,18,Male,Very Active,Stress Management,28.7,Balanced,4.45,10874.511111111111,73.35555555555555,8.095555555555556,68.28888888888889,2275.0444444444443,7.091333333333334,0.3612705490197833,0.45897463920659787
USER0637,40,Female,Moderately Active,Weight Loss,30.2,Balanced,6.14,8192.988888888889,42.82222222222222,7.272666666666666,71.04444444444445,2029.2222222222222,7.077111111111112,0.3611757288758938,0.4690260932823465
USER0638,32,Female,Very Active,Better Sleep,23.8,Low Carb,3.48,11094.433333333332,72.43333333333334,7.999888888888889,69.72222222222223,2295.2,6.998777777777778,0.3524811606433425,0.4779699095805659
USER0639,19,Male,Moderately Active,General Fitness,30.2,High Protein,5.5,8381.011111111111,44.98888888888889,7.52,71.07777777777778,2057.8,6.7588888888888885,0.35598923636396645,0.391056391507973
USER0640,19,Male,Lightly Active,Build Muscle,29.1,High Protein,4.99,5858.033333333334,25.555555555555557,7.052111111111111,68.62222222222222,1866.8111111111111,7.1081111111111115,0.3170935383505755,0.45570597207450164
USER0641,28,Female,Very Active,General Fitness,32.9,Balanced,4.33,10892.7,70.6,7.922888888888888,72.96666666666667,2267.5555555555557,6.653,0.3401747453548649,0.43428443501880537
USER0642,48,Female,Lightly Active,General Fitness,24.1,Low Carb,3.65,5408.888888888889,27.377777777777776,7.132777777777778,71.4,1883.3111111111111,7.160555555555556,0.36261910131847525,0.41878669790995326
USER0643,29,Male,Lightly Active,General Fitness,20.9,Vegan,1.76,5512.2555555555555,26.155555555555555,7.105111111111111,69.61111111111111,1854.4888888888888,6.888,0.3132893117229313,0.4960939895485309
USER0644,18,Female,Moderately Active,Build Muscle,24.0,Balanced,4.12,8458.844444444445,45.48888888888889,7.559444444444445,71.18888888888888,2071.3,6.915333333333333,0.35580516979034027,0.4209842992741749
USER0645,29,Female,Moderately Active,General Fitness,26.8,Low Carb,5.38,8552.955555555556,47.22222222222222,7.372888888888888,68.77777777777777,2067.7444444444445,6.7971111111111115,0.3430402869645189,0.42776545789396353
USER0646,29,Male,Very Active,Weight Loss,26.2,Balanced,4.03,12131.322222222223,74.97777777777777,7.884333333333334,69.96666666666667,2345.588888888889,7.101111111111111,0.3549853641165052,0.4251692520172453
USER0647,18,Male,Sedentary,Stress Management,24.4,Balanced,4.43,2634.011111111111,8.377777777777778,6.5603333333333325,69.84444444444445,1658.2888888888888,6.952222222222223,0.3759597058964744,0.43868313407096715
USER0648,31,Female,Moderately Active,General Fitness,18.4,Balanced,2.75,8597.166666666666,46.56666666666667,7.477,69.9,2088.711111111111,6.990888888888889,0.3405943375371583,0.44411459607411496
USER0649,29,Female,Moderately Active,Weight Loss,27.9,Balanced,1.92,8535.166666666666,45.6,7.550888888888889,70.57777777777778,2070.0666666666666,6.989111111111111,0.27299731724034376,0.47463016329339697
USER0650,38,Female,Sedentary,Stress Management,33.9,Low Carb,3.6,2795.822222222222,8.055555555555555,6.384777777777778,70.46666666666667,1647.111111111111,6.965888888888888,0.36328299131153813,0.5015764226412891
USER0651,50,Male,Lightly Active,Better Sleep,27.9,Balanced,5.51,4876.555555555556,26.044444444444444,7.075666666666666,69.74444444444444,1825.7333333333333,7.040555555555556,0.36659314973165624,0.4217701418096882
USER0652,43,Male,Lightly Active,Better Sleep,28.4,Balanced,4.57,5526.177777777778,27.6,6.887333333333333,69.73333333333333,1867.9777777777779,7.1211111111111105,0.3877989293027184,0.41406633127517384
USER0653,29,Female,Lightly Active,Build Muscle,28.3,Balanced,3.08,5647.233333333334,28.122222222222224,6.947555555555555,67.31111111111112,1856.2666666666667,6.774222222222223,0.33916531619981505,0.4473569227217593
USER0654,20,Female,Very Active,Weight Loss,27.6,Vegan,2.37,11134.966666666667,72.97777777777777,7.947777777777778,70.11111111111111,2305.811111111111,7.176333333333333,0.31759108675124426,0.3896145944938682
USER0655,57,Male,Moderately Active,General Fitness,29.7,Balanced,6.3,8557.91111111111,48.455555555555556,7.580888888888889,68.74444444444444,2098.1666666666665,7.062111111111111,0.33675968762078157,0.4527509619305153
USER0656,32,Female,Moderately Active,Weight Loss,27.6,Low Carb,4.12,8435.477777777778,47.28888888888889,7.509777777777778,69.61111111111111,2068.4333333333334,6.95,0.37087683862148785,0.49035121944692783
USER0657,32,Female,Very Active,Better Sleep,24.7,Low Carb,4.43,11308.233333333334,69.83333333333333,8.012444444444444,70.32222222222222,2306.6222222222223,6.838333333333334,0.3409203834107763,0.44754029800577777
USER0658,31,Female,Lightly Active,Weight Loss,22.8,Balanced,5.45,5483.822222222222,26.488888888888887,6.978666666666667,69.38888888888889,1845.2888888888888,7.094111111111111,0.3624960545664357,0.45682602871779754
USER0659,33,Female,Moderately Active,Weight Loss,25.0,Balanced,8.63,8124.855555555556,44.21111111111111,7.447222222222222,69.91111111111111,2039.0,6.880111111111112,0.36148966024129686,0.4733842871763833
USER0660,30,Female,Lightly Active,Build Muscle,27.3,Vegetarian,4.5,5530.811111111111,26.08888888888889,7.049555555555556,69.66666666666667,1836.3,6.871555555555556,0.3690625359778913,0.4222535784800774
USER0661,26,Male,Moderately Active,Build Muscle,24.7,Balanced,5.17,8301.255555555555,48.477777777777774,7.4911111111111115,70.25555555555556,2084.1111111111113,7.029333333333333,0.3228475711989812,0.41266972726518836
USER0662,26,Female,Sedentary,Stress Management,27.3,Balanced,7.16,2581.4,8.266666666666667,6.385666666666667,70.15555555555555,1645.6555555555556,6.967666666666667,0.3488731693430484,0.41571281189046516
USER0663,31,Male,Very Active,Build Muscle,27.8,Vegetarian,3.77,10498.0,68.35555555555555,8.016333333333334,69.81111111111112,2272.5333333333333,7.0360000000000005,0.41401787595621387,0.4702632890499405
USER0664,26,Female,Sedentary,Weight Loss,29.3,Balanced,4.41,2904.7444444444445,9.455555555555556,6.484000000000001,69.81111111111112,1650.9777777777779,7.098000000000001,0.3844405034951726,0.3761850296028453
USER0665,24,Male,Lightly Active,Weight Loss,31.1,Balanced,4.66,5250.077777777778,28.855555555555554,6.992,68.02222222222223,1848.3222222222223,6.995666666666667,0.35038176841764224,0.442741878214139
USER0666,33,Female,Moderately Active,General Fitness,26.3,Balanced,3.4,8226.555555555555,44.21111111111111,7.415444444444445,68.37777777777778,2036.6777777777777,7.0232222222222225,0.38337154290036896,0.5018230452023379
USER0667,29,Male,Lightly Active,Weight Loss,20.8,Balanced,5.79,5744.822222222222,27.1,6.881222222222221,68.4888888888889,1868.888888888889,6.946111111111111,0.3206397424854845,0.41147470423591737
USER0668,47,Male,Moderately Active,General Fitness,24.6,Vegetarian,2.73,7826.133333333333,44.78888888888889,7.455555555555556,68.46666666666667,2036.5,7.011444444444444,0.4091579981039507,0.48618395397804376
USER0669,18,Male,Lightly Active,General Fitness,26.2,Low Carb,3.1,5587.611111111111,26.166666666666668,6.930666666666666,69.24444444444444,1858.6444444444444,7.373222222222223,0.3798493952994406,0.4562124234411462
USER0670,42,Male,Moderately Active,General Fitness,18.7,Low Carb,5.61,8387.988888888889,45.1,7.494666666666666,68.66666666666667,2058.8555555555554,7.068444444444444,0.3889360237833699,0.5066834251048784
USER0671,44,Female,Sedentary,Better Sleep,31.6,Vegetarian,1.94,2680.4444444444443,8.333333333333334,6.516111111111112,70.24444444444444,1645.2111111111112,6.972444444444444,0.33853033467171934,0.45062315130250014
USER0672,18,Female,Sedentary,Better Sleep,26.6,Balanced,3.92,2897.9222222222224,8.588888888888889,6.617777777777778,70.17777777777778,1683.3444444444444,6.935,0.3500229786861528,0.4142116843224559
USER0673,28,Female,Lightly Active,Better Sleep,27.5,Balanced,5.9,5394.711111111111,27.1,6.913222222222223,70.55555555555556,1853.5444444444445,6.807444444444444,0.3989673587271084,0.41704547903009753
USER0674,28,Male,Lightly Active,Weight Loss,31.5,Balanced,6.01,5585.2555555555555,28.377777777777776,6.940444444444444,69.9888888888889,1871.5666666666666,7.178888888888889,0.31920339167650374,0.43843630997805505
USER0675,18,Male,Sedentary,Weight Loss,23.5,Balanced,7.3,2762.133333333333,8.766666666666667,6.408666666666666,70.47777777777777,1657.4222222222222,6.728777777777778,0.3834972344484005,0.47194096953108655
USER0676,24,Male,Lightly Active,Build Muscle,28.3,High Protein,1.7,5857.022222222222,25.666666666666668,6.929888888888888,70.58888888888889,1867.0666666666666,6.887555555555555,0.3084018328613614,0.46576549893696506
USER0677,20,Male,Lightly Active,Stress Management,25.6,Vegetarian,2.41,5577.055555555556,26.022222222222222,7.059222222222223,68.94444444444444,1855.7777777777778,6.990333333333333,0.33017719546885227,0.4166040826152116
USER0678,49,Female,Sedentary,Better Sleep,25.3,Balanced,5.29,2756.366666666667,8.644444444444444,6.505888888888888,69.57777777777778,1666.611111111111,6.981777777777778,0.345569864798864,0.469667553376473
USER0679,41,Male,Lightly Active,Stress Management,22.9,Balanced,3.46,5275.8,27.766666666666666,7.1080000000000005,69.93333333333334,1852.5,6.839333333333333,0.3544472936822566,0.41592617076512917
USER0680,44,Male,Moderately Active,Weight Loss,32.7,Balanced,4.11,8044.711111111111,47.62222222222222,7.539,72.07777777777778,2062.2,7.2298888888888895,0.36132259873400563,0.38640859409377065
USER0681,39,Male,Sedentary,Better Sleep,24.5,Balanced,5.19,2612.766666666667,9.033333333333333,6.494888888888888,69.52222222222223,1642.7,7.193,0.32451077921611715,0.4153355447711995
USER0682,20,Male,Lightly Active,Build Muscle,28.8,Balanced,3.79,5260.955555555555,25.766666666666666,7.071333333333333,70.43333333333334,1857.7777777777778,6.994555555555555,0.36196370233824243,0.5016392718794673
USER0683,26,Female,Moderately Active,Weight Loss,18.5,Low Carb,1.41,8289.222222222223,46.87777777777778,7.531444444444445,68.27777777777777,2067.1,7.087666666666666,0.37775884537508664,0.392605128665732
USER0684,36,Female,Lightly Active,Build Muscle,30.7,Vegan,5.52,5800.955555555555,26.533333333333335,6.949,69.37777777777778,1848.6777777777777,6.985888888888889,0.3556586616866912,0.4882162967991694
USER0685,19,Male,Moderately Active,Weight Loss,30.2,Vegetarian,3.08,8534.58888888889,45.9,7.616666666666666,69.83333333333333,2075.322222222222,6.931666666666667,0.37689476737102706,0.46342836545221916
USER0686,39,Male,Lightly Active,General Fitness,26.4,Balanced,2.45,5534.233333333334,28.211111111111112,6.978333333333333,69.64444444444445,1873.3666666666666,6.935888888888889,0.31303509806089846,0.4336698274444923
USER0687,29,Male,Lightly Active,Build Muscle,25.1,Balanced,6.58,5532.4,26.733333333333334,6.953444444444444,68.71111111111111,1859.611111111111,7.332666666666667,0.3458693316494731,0.45147533056904227
USER0688,28,Male,Sedentary,Build Muscle,27.6,Low Carb,3.59,2658.8,8.5,6.605666666666666,69.1,1654.588888888889,7.080111111111112,0.3338319613096007,0.41612614987159363
USER0689,39,Male,Moderately Active,General Fitness,35.2,Vegetarian,7.2,7900.8,44.577777777777776,7.609666666666667,70.4888888888889,2043.5666666666666,6.98288888888889,0.3581660565107335,0.4463393319166528
USER0690,36,Female,Moderately Active,Stress Management,18.9,Vegetarian,4.9,7686.0,44.34444444444444,7.554777777777777,68.23333333333333,2022.5666666666666,7.072555555555555,0.36738448241992894,0.41817790123149295
USER0691,28,Female,Sedentary,General Fitness,29.1,Vegan,3.59,2856.0777777777776,8.822222222222223,6.534888888888888,69.33333333333333,1651.9555555555555,7.143,0.32501873088403405,0.4107814823731999
USER0692,43,Female,Lightly Active,Build Muscle,22.4,Low Carb,6.28,5367.133333333333,27.522222222222222,6.884111111111111,69.78888888888889,1843.2444444444445,6.954666666666666,0.423102705125375,0.43434100594208325
USER0693,21,Male,Very Active,Stress Management,25.9,Low Carb,5.64,10429.733333333334,75.31111111111112,8.026777777777777,68.45555555555555,2301.5333333333333,7.1129999999999995,0.3561297456406948,0.45168456077260394
USER0694,38,Male,Lightly Active,Better Sleep,25.0,Balanced,2.19,5335.944444444444,26.966666666666665,6.968111111111111,70.06666666666666,1847.6,7.039222222222222,0.41068029339693796,0.45280878124076385
USER0695,37,Female,Lightly Active,Weight Loss,24.3,Low Carb,3.93,5756.1,24.81111111111111,6.957111111111111,69.54444444444445,1848.0555555555557,6.917666666666667,0.3641370109729405,0.46869943029573025
USER0696,28,Female,Very Active,General Fitness,26.0,Balanced,6.19,10606.111111111111,72.46666666666667,8.158,70.0,2276.088888888889,6.946888888888889,0.38307307518000455,0.4363281770132863
USER0697,35,Female,Moderately Active,Weight Loss,21.5,Balanced,6.16,8597.133333333333,48.34444444444444,7.544888888888888,68.78888888888889,2093.9444444444443,7.127111111111111,0.3973752397700936,0.4522392777608975
USER0698,19,Male,Lightly Active,Weight Loss,30.1,Low Carb,6.12,5290.5888888888885,26.9,6.933111111111112,69.64444444444445,1847.1777777777777,7.027666666666667,0.35997904930094593,0.46775528650966197
USER0699,41,Female,Moderately Active,General Fitness,18.8,Balanced,3.48,8346.344444444445,41.544444444444444,7.652333333333334,70.58888888888889,2050.4666666666667,6.882444444444444,0.38596956662734033,0.5080423257178623
USER0700,30,Male,Moderately Active,Stress Management,28.2,Balanced,4.33,8405.344444444445,44.91111111111111,7.425222222222222,68.65555555555555,2059.3777777777777,6.830111111111112,0.3702697148790139,0.448357524052131
USER0701,26,Female,Lightly Active,Weight Loss,24.7,Balanced,6.64,5521.233333333334,27.733333333333334,7.097333333333333,68.58888888888889,1878.4888888888888,7.102444444444445,0.3328445134248235,0.44344689824794303
USER0702,42,Female,Lightly Active,Stress Management,21.3,Balanced,3.16,5483.077777777778,27.555555555555557,7.081666666666667,69.62222222222222,1852.4222222222222,7.015555555555555,0.3364926111306287,0.4760617304034727
USER0703,24,Female,Lightly Active,Stress Management,26.8,Balanced,3.68,5667.1,27.11111111111111,6.953777777777778,70.27777777777777,1848.3444444444444,7.018222222222222,0.3330500285353709,0.445933190979578
USER0704,18,Male,Very Active,Better Sleep,19.8,Balanced,4.94,10887.8,68.67777777777778,7.9622222222222225,69.08888888888889,2280.9666666666667,7.000888888888889,0.37106967361222487,0.48707240369676624
USER0705,18,Female,Moderately Active,Weight Loss,26.2,Balanced,5.9,8434.944444444445,46.25555555555555,7.668555555555555,69.9888888888889,2049.0555555555557,6.837444444444444,0.38332809040351806,0.465538348196411
USER0706,38,Male,Sedentary,Better Sleep,20.3,Balanced,6.63,2784.5333333333333,9.255555555555556,6.395444444444445,69.36666666666666,1676.6555555555556,6.961444444444444,0.3505626747847576,0.42566416550404795
USER0707,19,Male,Moderately Active,Build Muscle,27.8,High Protein,3.77,8310.41111111111,47.82222222222222,7.626555555555555,67.58888888888889,2064.5222222222224,6.779333333333333,0.3757478948902378,0.4589433622638848
USER0708,49,Male,Lightly Active,General Fitness,22.3,Balanced,4.53,5450.633333333333,28.155555555555555,7.025333333333333,70.38888888888889,1846.0777777777778,6.975444444444444,0.3724868671594185,0.36037887909273103
USER0709,18,Female,Sedentary,Weight Loss,24.2,Balanced,4.41,2712.5444444444443,8.833333333333334,6.383,69.31111111111112,1632.5444444444445,7.006333333333334,0.35845390167153185,0.42777726997030374
USER0710,48,Male,Lightly Active,Weight Loss,27.2,Low Carb,3.83,5333.355555555556,25.88888888888889,7.0023333333333335,69.26666666666667,1834.8777777777777,7.066000000000001,0.35047539642031256,0.4230686599663151
USER0711,34,Male,Lightly Active,General Fitness,22.9,Vegan,4.49,5287.3,26.7,6.989888888888889,70.06666666666666,1846.0777777777778,7.181777777777778,0.34344616796236455,0.3889862612887477
USER0712,31,Female,Moderately Active,Build Muscle,25.8,Low Carb,2.86,8359.677777777777,44.888888888888886,7.573444444444444,67.57777777777778,2070.9333333333334,6.829888888888889,0.3606320640457357,0.45250732798881604
USER0713,26,Male,Sedentary,Weight Loss,19.9,Balanced,4.73,2714.1444444444446,8.955555555555556,6.446111111111111,68.0,1664.7888888888888,7.093222222222222,0.29923155168567867,0.39924169791567593
USER0714,35,Female,Moderately Active,Weight Loss,28.5,Low Carb,5.94,8042.8,47.3,7.405222222222222,70.08888888888889,2084.988888888889,7.1368888888888895,0.3869510127305403,0.40835065076087124
USER0715,31,Male,Lightly Active,General Fitness,33.1,Vegetarian,3.07,5722.077777777778,24.055555555555557,6.873444444444445,69.56666666666666,1840.6,7.131222222222221,0.33544948486877985,0.5383791095724859
USER0716,43,Male,Sedentary,Weight Loss,37.2,Vegetarian,2.29,2681.4444444444443,9.322222222222223,6.417222222222222,69.12222222222222,1648.8333333333333,7.031888888888889,0.34899491561808993,0.42519382482097734
USER0717,33,Female,Very Active,Stress Management,26.4,Low Carb,5.51,11141.488888888889,71.0111111111111,8.196222222222222,70.62222222222222,2309.2444444444445,6.869222222222223,0.36402157303230415,0.45756772367353304
USER0718,33,Male,Lightly Active,Weight Loss,29.2,Vegan,5.55,5650.522222222222,26.466666666666665,6.984555555555556,68.32222222222222,1866.9333333333334,7.013222222222223,0.32817044423551184,0.4917729701412644
USER0719,28,Male,Lightly Active,Weight Loss,18.9,Vegan,5.24,5189.322222222222,28.022222222222222,7.002888888888889,68.31111111111112,1856.8666666666666,7.17411111111111,0.3635141948670419,0.43465956692236596
USER0720,31,Female,Lightly Active,Build Muscle,32.0,Low Carb,3.61,5225.733333333334,27.2,7.143,68.66666666666667,1855.0666666666666,6.802777777777778,0.42041100280279564,0.4199529209605042
USER0721,35,Female,Moderately Active,Build Muscle,29.1,Balanced,4.25,8468.166666666666,44.27777777777778,7.501777777777777,71.33333333333333,2052.266666666667,7.043555555555555,0.3256948164060801,0.4387511145909282
USER0722,18,Female,Lightly Active,Build Muscle,24.1,Low Carb,2.69,5501.522222222222,25.81111111111111,7.036888888888888,68.02222222222223,1842.7222222222222,7.0968888888888895,0.35566510560905135,0.4853800295918698
USER0723,18,Male,Sedentary,Build Muscle,30.9,Vegetarian,5.53,2784.6,8.622222222222222,6.655555555555556,69.58888888888889,1644.7,6.987888888888889,0.3183446716869542,0.4741221935909154
USER0724,39,Male,Sedentary,Better Sleep,25.0,Balanced,2.71,2896.4333333333334,7.988888888888889,6.376666666666666,70.72222222222223,1655.6333333333334,6.898777777777777,0.35395673951273554,0.4386113499444483
USER0725,33,Female,Lightly Active,General Fitness,24.2,High Protein,2.02,5521.8,27.677777777777777,7.008222222222222,69.53333333333333,1869.6222222222223,6.847333333333333,0.342774155384226,0.3941628290142977
USER0726,30,Female,Moderately Active,Weight Loss,27.9,Balanced,2.41,8537.41111111111,47.62222222222222,7.614888888888889,66.56666666666666,2074.8444444444444,6.939333333333333,0.3682198626695092,0.44330273778388146
USER0727,32,Female,Lightly Active,Build Muscle,21.7,Balanced,6.37,5243.566666666667,29.18888888888889,6.810666666666667,69.75555555555556,1836.7666666666667,6.764333333333333,0.3589026293874485,0.4010664941083225
USER0728,35,Female,Sedentary,Stress Management,30.1,Vegan,6.86,2706.633333333333,7.955555555555556,6.283666666666666,69.13333333333334,1655.8777777777777,7.261444444444444,0.3842363251181311,0.4719600368424314
USER0729,26,Female,Sedentary,Build Muscle,21.8,Balanced,6.62,2713.711111111111,9.255555555555556,6.4478888888888894,69.45555555555555,1641.8666666666666,7.051222222222222,0.34928256028639015,0.4153640428252403
USER0730,24,Female,Lightly Active,Weight Loss,21.8,Balanced,6.95,5157.933333333333,25.81111111111111,6.975111111111111,68.32222222222222,1824.9444444444443,6.6835555555555555,0.386771062462088,0.4347483064067498
USER0731,33,Male,Very Active,Stress Management,22.4,Balanced,2.21,10945.0,74.66666666666667,8.084666666666667,66.11111111111111,2302.0333333333333,6.982555555555555,0.322310545762848,0.42188753657835604
USER0732,22,Female,Lightly Active,General Fitness,29.0,Balanced,5.82,5657.3,27.011111111111113,7.024666666666667,69.23333333333333,1851.8,6.880888888888888,0.30236903550984096,0.3981623971979578
USER0733,36,Male,Very Active,General Fitness,23.5,Balanced,4.37,10684.166666666666,77.1,8.032777777777778,70.41111111111111,2321.8888888888887,7.257888888888889,0.3534404837972866,0.43261535555285946
USER0734,18,Male,Lightly Active,Weight Loss,20.6,Balanced,3.77,5548.9111111111115,28.544444444444444,6.933000000000001,70.86666666666666,1838.611111111111,6.911333333333333,0.3451657863450362,0.41885539821225987
USER0735,42,Female,Sedentary,Weight Loss,23.6,Balanced,4.89,2786.988888888889,8.855555555555556,6.486888888888889,67.7,1665.0333333333333,7.030111111111111,0.34065530699512486,0.4168636177976608
USER0736,36,Female,Moderately Active,General Fitness,25.9,High Protein,5.91,7968.233333333334,48.28888888888889,7.4863333333333335,71.08888888888889,2063.988888888889,7.056777777777778,0.4033125919148187,0.40087493070619634
USER0737,34,Male,Lightly Active,Weight Loss,21.3,High Protein,2.73,5545.822222222222,27.011111111111113,6.986666666666666,69.6,1851.2888888888888,7.054555555555555,0.37458822640261047,0.43556403022626167
USER0738,41,Male,Moderately Active,General Fitness,21.4,Balanced,7.48,8005.888888888889,45.28888888888889,7.481888888888889,69.84444444444445,2054.011111111111,6.820444444444445,0.3629121169661448,0.4725760655035964
USER0739,48,Male,Very Active,General Fitness,34.4,Vegetarian,3.31,10913.611111111111,70.8,8.014222222222221,69.61111111111111,2302.711111111111,6.737333333333334,0.3826966667995878,0.43667487573239183
USER0740,42,Female,Sedentary,Weight Loss,22.6,Balanced,8.31,2838.5777777777776,8.777777777777779,6.538666666666667,69.6,1661.3444444444444,7.054222222222222,0.3625098493939236,0.4389071232161963
USER0741,18,Female,Sedentary,Better Sleep,24.7,Balanced,4.71,2814.1444444444446,8.5,6.348888888888888,68.91111111111111,1658.4222222222222,7.056111111111111,0.3088515792538465,0.4463869522876632
USER0742,19,Male,Moderately Active,Stress Management,24.5,Balanced,3.81,7972.111111111111,46.955555555555556,7.618555555555555,70.0111111111111,2073.1666666666665,7.215777777777777,0.34440067167340455,0.3814496151777943
USER0743,25,Male,Lightly Active,General Fitness,24.3,High Protein,2.93,5506.966666666666,28.011111111111113,6.978555555555556,71.45555555555555,1866.7444444444445,7.1385555555555555,0.3900667759745341,0.48517911456812945
USER0744,32,Female,Sedentary,Weight Loss,28.5,High Protein,3.53,2632.7444444444445,8.8,6.483888888888888,68.21111111111111,1648.2111111111112,7.106222222222222,0.36826861172853304,0.38155928333007233
USER0745,37,Male,Sedentary,Weight Loss,29.8,Balanced,6.68,2592.5,8.977777777777778,6.611666666666666,70.24444444444444,1648.4666666666667,7.103777777777778,0.3771061558002883,0.419920767201303
USER0746,24,Female,Sedentary,Build Muscle,24.8,Balanced,4.8,2720.9333333333334,8.177777777777777,6.47411111111111,68.72222222222223,1635.1222222222223,6.954,0.37159985357823855,0.4215509580207185
USER0747,33,Other,Moderately Active,Weight Loss,21.1,Balanced,4.07,8307.41111111111,46.01111111111111,7.2844444444444445,69.93333333333334,2061.188888888889,7.188777777777778,0.3596036101416169,0.42603944301786845
USER0748,24,Male,Sedentary,Better Sleep,31.1,Low Carb,2.51,2780.088888888889,8.422222222222222,6.509111111111111,68.9,1663.8666666666666,7.038333333333334,0.35127773733441214,0.4458046293309771
USER0749,25,Female,Lightly Active,Weight Loss,25.6,Low Carb,5.31,5553.155555555555,25.522222222222222,7.050111111111111,69.9888888888889,1862.3333333333333,7.227333333333334,0.33462384206084267,0.41926275477476993
USER0750,18,Male,Moderately Active,Build Muscle,32.9,Balanced,5.53,7406.566666666667,43.43333333333333,7.372111111111111,70.65555555555555,2010.9666666666667,6.957444444444444,0.3962620736791893,0.5184664400173328
USER0751,22,Male,Lightly Active,Build Muscle,18.0,Vegetarian,5.78,5614.2555555555555,25.566666666666666,6.975888888888889,69.9,1855.4,6.951555555555555,0.35469314448764194,0.44837235493662375
USER0752,18,Female,Sedentary,General Fitness,26.8,Balanced,3.94,2751.5,9.333333333333334,6.479333333333333,69.5,1666.1333333333334,7.232222222222222,0.327243116039612,0.29914898372566784
USER0753,22,Male,Moderately Active,Weight Loss,33.7,Vegan,7.29,7750.577777777778,46.01111111111111,7.395,68.56666666666666,2034.111111111111,7.208888888888889,0.4526098846097285,0.4579785275860225
USER0754,42,Other,Sedentary,Build Muscle,24.6,Low Carb,5.28,2680.6666666666665,8.755555555555556,6.697111111111111,68.8,1661.8555555555556,7.1274444444444445,0.3852199518854256,0.4235554688158163
USER0755,22,Female,Moderately Active,Weight Loss,25.1,Balanced,3.34,8794.511111111111,43.7,7.497222222222222,68.31111111111112,2075.488888888889,6.969777777777778,0.281975345370788,0.5237474695335093
USER0756,58,Male,Moderately Active,Stress Management,27.2,Vegetarian,3.15,8383.422222222222,45.98888888888889,7.504333333333333,68.53333333333333,2063.6555555555556,7.213555555555556,0.3529412428956301,0.43579144432650796
USER0757,36,Male,Lightly Active,Weight Loss,23.8,Vegetarian,3.71,5728.766666666666,25.31111111111111,6.995555555555556,70.88888888888889,1865.1333333333334,6.982222222222222,0.3163464455932787,0.5273571817574928
USER0758,33,Male,Lightly Active,Better Sleep,24.8,Balanced,3.83,5720.222222222223,28.88888888888889,7.047444444444444,69.41111111111111,1869.0222222222221,6.959555555555555,0.35968465411481854,0.39098547252174887
USER0759,23,Male,Lightly Active,Stress Management,24.6,Balanced,3.07,5362.422222222222,27.42222222222222,7.100555555555555,68.68888888888888,1865.7666666666667,7.179222222222222,0.3372655260602127,0.4732609473752216
USER0760,39,Male,Lightly Active,Weight Loss,23.5,High Protein,6.05,5489.011111111111,27.966666666666665,7.063444444444444,71.77777777777777,1860.888888888889,7.084444444444444,0.3080974709616229,0.4731645675968867
USER0761,26,Male,Moderately Active,Stress Management,30.9,Balanced,3.05,7767.5888888888885,46.43333333333333,7.532222222222222,69.2,2053.1222222222223,7.022666666666666,0.3862206969550386,0.44991926427543444
USER0762,33,Male,Moderately Active,Weight Loss,27.8,Balanced,4.46,8189.4111111111115,43.12222222222222,7.591444444444445,69.0,2033.1777777777777,6.951999999999999,0.3331200491261726,0.5076877425330775
USER0763,57,Female,Lightly Active,Better Sleep,27.0,Balanced,5.41,5290.122222222222,28.511111111111113,7.081555555555556,68.38888888888889,1861.8,6.780111111111111,0.3740691337505198,0.43685473328212904
USER0764,31,Female,Moderately Active,General Fitness,29.2,Vegetarian,3.91,8227.866666666667,43.75555555555555,7.461333333333333,70.35555555555555,2032.8222222222223,6.932444444444444,0.3589227625241322,0.4534803212920315
USER0765,43,Female,Very Active,Build Muscle,24.9,Vegetarian,4.54,10876.866666666667,73.56666666666666,8.021777777777778,71.72222222222223,2307.4222222222224,6.8341111111111115,0.36494265077356447,0.46544555635426116
USER0766,24,Male,Very Active,Build Muscle,22.9,Vegan,6.04,11406.68888888889,76.08888888888889,8.019,70.18888888888888,2336.8,7.1721111111111115,0.325271582878766,0.42250558074143674
USER0767,31,Male,Lightly Active,Weight Loss,23.6,Low Carb,2.07,5601.7444444444445,26.7,6.939111111111111,68.5,1833.7111111111112,6.871777777777778,0.3362754000747243,0.4579275299187858
USER0768,49,Female,Lightly Active,Better Sleep,26.0,Balanced,3.2,5562.655555555555,27.122222222222224,6.927555555555556,70.26666666666667,1848.0111111111112,6.8405555555555555,0.3918612110241083,0.4513131607882905
USER0769,25,Female,Lightly Active,Weight Loss,21.8,Low Carb,6.07,5834.266666666666,28.966666666666665,7.039,69.14444444444445,1894.7444444444445,7.103111111111111,0.3515648304607556,0.41365104550177006
USER0770,50,Male,Very Active,General Fitness,24.0,Vegetarian,1.79,11348.133333333333,76.83333333333333,8.052999999999999,68.35555555555555,2340.3888888888887,7.073888888888889,0.30416429507800624,0.4580889889338005
USER0771,39,Female,Sedentary,Build Muscle,23.9,Balanced,5.46,2625.6222222222223,8.444444444444445,6.508333333333334,69.66666666666667,1636.1777777777777,7.034111111111111,0.38684309648893545,0.3781945820189815
USER0772,26,Female,Lightly Active,Better Sleep,34.5,Balanced,7.65,5662.011111111111,27.844444444444445,6.977666666666667,70.58888888888889,1875.7777777777778,6.9944444444444445,0.3427691634695499,0.440197541088922
USER0773,38,Female,Lightly Active,Weight Loss,18.0,Balanced,2.06,5805.5888888888885,26.788888888888888,7.092666666666667,69.0111111111111,1867.0333333333333,6.889,0.3080826717816093,0.4540621863106145
USER0774,41,Male,Lightly Active,General Fitness,25.3,Low Carb,3.13,5556.688888888889,25.455555555555556,6.933999999999999,69.38888888888889,1854.8,6.997444444444445,0.3217494092285533,0.463326883142027
USER0775,38,Female,Lightly Active,Build Muscle,32.9,Vegan,6.09,5403.644444444444,26.88888888888889,7.049888888888889,69.45555555555555,1838.7333333333333,6.894222222222222,0.3186733771943227,0.3943297408373065
USER0776,18,Female,Very Active,General Fitness,26.5,Low Carb,3.26,10803.155555555555,76.41111111111111,8.024777777777778,67.42222222222222,2306.0666666666666,7.01488888888889,0.3725588175705273,0.4781688326838632
USER0777,24,Female,Sedentary,Weight Loss,29.0,High Protein,3.66,2664.3888888888887,8.522222222222222,6.452333333333334,70.5111111111111,1661.611111111111,7.048222222222223,0.3814271429280717,0.46604527561376796
USER0778,29,Female,Lightly Active,Weight Loss,26.4,Balanced,5.19,5188.422222222222,26.833333333333332,7.050333333333333,68.83333333333333,1845.9555555555555,7.0409999999999995,0.415362572962327,0.4096176052412489
USER0779,31,Female,Sedentary,Weight Loss,23.3,Vegan,4.11,2688.5222222222224,8.11111111111111,6.527555555555556,67.81111111111112,1646.2666666666667,7.158666666666666,0.3094018308658916,0.46463254592900227
USER0780,38,Female,Sedentary,General Fitness,18.0,Vegetarian,3.17,2845.311111111111,9.311111111111112,6.344111111111111,67.65555555555555,1658.9555555555555,6.974222222222222,0.3676180545550543,0.4586974511207631
USER0781,33,Male,Lightly Active,Weight Loss,26.8,Balanced,3.95,5200.422222222222,28.855555555555554,7.135555555555556,71.9,1851.3444444444444,6.9144444444444435,0.3710325501735192,0.4403138848565689
USER0782,18,Female,Lightly Active,General Fitness,22.9,High Protein,2.36,5437.155555555555,26.07777777777778,7.062222222222222,69.63333333333334,1846.9777777777779,7.198,0.38362945240238067,0.41506533092619813
USER0783,35,Female,Lightly Active,Weight Loss,22.8,Balanced,1.88,5441.455555555555,27.22222222222222,7.049888888888889,68.64444444444445,1856.6444444444444,6.861111111111111,0.3584557805658679,0.4796432633899076
USER0784,38,Female,Lightly Active,Stress Management,24.0,Vegan,4.54,5467.288888888889,29.833333333333332,7.01711111111111,71.13333333333334,1860.7666666666667,7.191222222222223,0.40958013680859984,0.3609661574678537
USER0785,37,Male,Sedentary,Better Sleep,33.0,Vegan,3.85,2725.0333333333333,8.666666666666666,6.464666666666667,69.4888888888889,1661.1222222222223,7.215999999999999,0.375445454699383,0.3736251053953528
USER0786,42,Male,Lightly Active,General Fitness,35.6,Vegetarian,1.99,5547.022222222222,28.055555555555557,7.046777777777778,69.38888888888889,1869.2,7.176444444444444,0.3746957839991696,0.4086565898005445
USER0787,40,Female,Very Active,Build Muscle,26.9,Low Carb,3.13,10863.566666666668,74.36666666666666,7.958111111111111,70.07777777777778,2294.588888888889,7.016222222222223,0.3767410268781603,0.4118473582730202
USER0788,36,Female,Very Active,Weight Loss,24.1,Balanced,2.66,10761.81111111111,72.96666666666667,8.043555555555555,67.87777777777778,2296.3333333333335,6.927,0.351833854070028,0.425997200030215
USER0789,31,Female,Lightly Active,Weight Loss,21.3,Low Carb,5.85,5434.533333333334,28.0,6.833,70.67777777777778,1879.5222222222221,6.822888888888889,0.4378243810875504,0.411680430495491
USER0790,18,Female,Lightly Active,Weight Loss,27.9,Balanced,2.28,5493.666666666667,27.9,6.953777777777778,70.06666666666666,1862.6555555555556,6.9526666666666666,0.34699100653600856,0.4961789718193281
USER0791,36,Female,Very Active,General Fitness,33.1,Vegetarian,5.34,10686.466666666667,74.12222222222222,7.836666666666666,70.26666666666667,2299.411111111111,7.316333333333334,0.3855905696723096,0.4829263319688892
USER0792,34,Female,Sedentary,General Fitness,25.0,Vegetarian,3.86,2643.2555555555555,8.333333333333334,6.552888888888889,69.68888888888888,1664.611111111111,6.921111111111111,0.37794653678695905,0.4429147427979285
USER0793,34,Female,Moderately Active,Better Sleep,18.0,Vegan,4.47,8026.266666666666,41.9,7.453666666666667,69.33333333333333,2036.2333333333333,6.897666666666666,0.34222766292892687,0.39488231375047367
USER0794,19,Female,Very Active,Build Muscle,28.7,Balanced,4.67,10783.044444444444,70.92222222222222,7.984222222222223,71.37777777777778,2286.4777777777776,6.861111111111111,0.3301154326195887,0.44983783442276276
USER0795,21,Female,Sedentary,General Fitness,29.9,Vegetarian,3.3,2723.988888888889,9.588888888888889,6.567888888888889,69.88888888888889,1646.4555555555555,6.994666666666666,0.3693660017079053,0.37929759431318133
USER0796,42,Male,Sedentary,Build Muscle,19.7,High Protein,6.71,2838.133333333333,8.355555555555556,6.466444444444445,68.17777777777778,1665.8333333333333,6.942888888888889,0.38927070292548555,0.4504868167295239
USER0797,31,Male,Very Active,General Fitness,26.7,Vegetarian,3.53,11145.433333333332,74.32222222222222,7.923333333333334,71.56666666666666,2314.733333333333,7.057333333333333,0.3240299226717409,0.43563794535593364
USER0798,38,Female,Lightly Active,Weight Loss,27.8,Balanced,4.2,5105.477777777778,29.522222222222222,7.142444444444444,68.8,1851.6,6.994666666666666,0.3983943339627199,0.40375909452911046
USER0799,32,Male,Sedentary,Build Muscle,25.7,Balanced,2.79,2730.9555555555557,8.988888888888889,6.5891111111111105,69.57777777777778,1662.6888888888889,6.825222222222222,0.39647244195580184,0.41046812007695316
USER0800,32,Male,Lightly Active,Build Muscle,22.8,Balanced,5.05,5006.288888888889,27.555555555555557,7.103777777777778,70.2,1841.5,7.087000000000001,0.4097067118792698,0.43552312085841427
USER0801,41,Male,Lightly Active,General Fitness,30.1,Low Carb,2.12,5458.1,26.566666666666666,6.934444444444445,69.74444444444444,1857.8,6.770777777777778,0.35323836864509645,0.4611454377799987
USER0802,26,Male,Moderately Active,Better Sleep,24.4,Low Carb,3.96,8078.988888888889,47.477777777777774,7.3726666666666665,68.85555555555555,2078.0444444444443,7.046222222222222,0.37708392690724263,0.41390141566334143
USER0803,32,Male,Moderately Active,Build Muscle,20.1,High Protein,4.11,8353.055555555555,43.977777777777774,7.429444444444444,68.66666666666667,2070.3555555555554,7.075666666666668,0.36083084682407485,0.4636743861801823
USER0804,27,Male,Very Active,Weight Loss,18.0,Balanced,3.4,11305.722222222223,69.33333333333333,8.083666666666666,69.45555555555555,2299.9777777777776,7.1018888888888885,0.3549353425963831,0.4608623992850509
USER0805,27,Female,Lightly Active,Build Muscle,31.0,Balanced,4.65,5573.177777777778,28.288888888888888,6.963777777777778,70.8,1885.8,6.835888888888889,0.37239954345491677,0.44028694932057094
USER0806,28,Female,Lightly Active,General Fitness,28.5,Low Carb,5.92,5716.2444444444445,28.1,7.043444444444444,70.12222222222222,1861.8555555555556,7.102111111111112,0.37624075214105435,0.45853509352336835
USER0807,34,Male,Lightly Active,Weight Loss,26.4,Vegetarian,1.36,5484.344444444445,28.22222222222222,6.843333333333333,70.4888888888889,1855.4777777777779,6.951666666666666,0.3714848895251848,0.4154277339245222
USER0808,27,Male,Lightly Active,Stress Management,24.2,High Protein,4.59,5241.155555555555,28.88888888888889,7.122888888888888,68.63333333333334,1864.4555555555555,6.930888888888888,0.375182180728877,0.4073745647605836
USER0809,44,Female,Sedentary,Better Sleep,23.9,Vegetarian,5.39,2644.1555555555556,8.533333333333333,6.587111111111112,71.3,1656.7,7.094777777777778,0.37264017904134583,0.35250582268891073
USER0810,23,Male,Very Active,Better Sleep,21.7,Balanced,2.53,10786.888888888889,67.95555555555555,8.092222222222222,68.4,2253.6,6.982,0.33010464576204124,0.45021374237837053
USER0811,30,Female,Moderately Active,Weight Loss,24.3,Low Carb,4.17,8308.1,45.62222222222222,7.468111111111111,70.07777777777778,2060.9333333333334,6.895666666666667,0.3799800558936565,0.4344336106227828
USER0812,27,Female,Lightly Active,Stress Management,18.0,Vegan,3.24,5365.355555555556,27.38888888888889,6.979111111111111,69.64444444444445,1836.0,7.005222222222223,0.3897525230369699,0.49631899334046586
USER0813,46,Female,Moderately Active,General Fitness,23.1,Balanced,5.84,8389.566666666668,42.84444444444444,7.618333333333333,69.56666666666666,2054.0333333333333,7.207555555555555,0.3376827076525808,0.45474834238436773
USER0814,33,Male,Sedentary,Build Muscle,24.8,Balanced,3.24,2701.1111111111113,9.122222222222222,6.563888888888889,69.85555555555555,1640.6444444444444,6.978666666666667,0.3791090052224428,0.3765733304967693
USER0815,42,Female,Lightly Active,General Fitness,28.4,Balanced,4.71,5184.433333333333,27.355555555555554,7.123888888888889,70.23333333333333,1857.2444444444445,7.024333333333334,0.3408244693327977,0.4636883158931764
USER0816,18,Male,Moderately Active,Stress Management,25.8,Balanced,4.39,8384.68888888889,41.58888888888889,7.464555555555555,68.85555555555555,2058.711111111111,7.094222222222222,0.300757117617689,0.42021643722029106
USER0817,34,Female,Lightly Active,Build Muscle,29.2,Vegetarian,4.78,5589.155555555555,27.433333333333334,7.0584444444444445,71.0,1882.5,6.810111111111111,0.3744888841405617,0.41411904109021963
USER0818,40,Female,Very Active,Build Muscle,31.4,Balanced,5.08,10584.5,73.68888888888888,8.004333333333333,70.07777777777778,2295.3777777777777,6.802444444444445,0.40692935564940225,0.3956941962363325
USER0819,32,Male,Moderately Active,Build Muscle,30.2,Balanced,4.26,8258.166666666666,46.77777777777778,7.442888888888889,67.83333333333333,2069.6666666666665,7.246666666666667,0.36038774071813195,0.3962370323810969
USER0820,42,Male,Lightly Active,General Fitness,27.9,Balanced,4.62,5027.166666666667,26.522222222222222,7.020888888888889,70.43333333333334,1831.0666666666666,7.106,0.341013589036945,0.4511965992291327
USER0821,26,Male,Moderately Active,Weight Loss,26.0,Low Carb,5.41,8360.955555555556,45.15555555555556,7.4815555555555555,69.22222222222223,2054.177777777778,7.031888888888889,0.3428830701922432,0.4966154597017474
USER0822,46,Female,Sedentary,Better Sleep,22.1,Balanced,4.93,2807.411111111111,7.777777777777778,6.503666666666667,67.0,1640.5444444444445,7.078222222222222,0.3955097502321982,0.4388591347686004
USER0823,54,Male,Lightly Active,General Fitness,29.0,Low Carb,5.82,5607.511111111111,27.41111111111111,7.074,68.44444444444444,1851.7666666666667,6.728222222222222,0.3078672341264158,0.47475016025466565
USER0824,28,Female,Lightly Active,General Fitness,32.7,Balanced,2.65,5213.011111111111,26.88888888888889,6.9094444444444445,68.28888888888889,1860.4,7.162555555555556,0.3827621499715423,0.4494546605752651
USER0825,27,Male,Lightly Active,Weight Loss,27.4,Balanced,4.72,5343.644444444444,29.711111111111112,7.026777777777777,71.07777777777778,1858.4666666666667,7.060777777777778,0.34990830552610447,0.37734039052802887
USER0826,46,Female,Moderately Active,General Fitness,33.7,Balanced,2.91,8577.888888888889,44.93333333333333,7.462444444444444,69.31111111111112,2090.777777777778,6.878555555555556,0.3756395360642025,0.45119910179926603
USER0827,47,Female,Lightly Active,Weight Loss,19.9,Balanced,5.6,5519.622222222222,28.033333333333335,6.9959999999999996,69.58888888888889,1856.6444444444444,7.165222222222222,0.35309800519227386,0.4377415248755671
USER0828,26,Female,Moderately Active,Weight Loss,21.4,Balanced,2.83,8114.311111111111,43.666666666666664,7.522666666666666,70.17777777777778,2046.5666666666666,6.889333333333333,0.3340510446692224,0.46912943171622007
USER0829,27,Female,Lightly Active,General Fitness,29.4,Balanced,6.0,5192.266666666666,26.61111111111111,6.937444444444444,69.46666666666667,1825.6222222222223,6.999444444444445,0.37900902917325247,0.42079646080895294
USER0830,29,Male,Lightly Active,Build Muscle,27.1,Vegan,4.35,5477.944444444444,26.755555555555556,6.746444444444444,70.37777777777778,1851.9888888888888,6.9703333333333335,0.3564301367580754,0.45317172456560173
USER0831,18,Male,Moderately Active,General Fitness,31.3,Low Carb,5.94,8481.166666666666,46.044444444444444,7.437444444444444,67.95555555555555,2069.6666666666665,6.758111111111111,0.41781757800043184,0.4091212531043333
USER0832,22,Female,Sedentary,Weight Loss,25.9,Balanced,6.63,2717.0777777777776,8.633333333333333,6.493555555555555,69.8,1631.2111111111112,6.943777777777778,0.3502689941399737,0.4118809989598344
USER0833,21,Male,Sedentary,Build Muscle,22.5,Balanced,4.18,2836.1,8.8,6.406666666666667,68.7,1670.1222222222223,7.029888888888888,0.3917857196071988,0.4419675066879125
USER0834,24,Male,Lightly Active,Weight Loss,25.1,High Protein,3.93,5621.5888888888885,27.2,7.0811111111111105,70.84444444444445,1863.9333333333334,7.054666666666666,0.34020576691970184,0.4053253365512585
USER0835,31,Male,Lightly Active,Better Sleep,19.9,Low Carb,4.75,5380.266666666666,27.444444444444443,6.885777777777778,69.66666666666667,1860.5111111111112,7.042666666666667,0.37677103404777657,0.4433378642909519
USER0836,34,Male,Sedentary,General Fitness,21.5,Balanced,4.5,2751.733333333333,8.88888888888889,6.533888888888888,69.8,1644.9555555555555,7.117888888888889,0.36661428298673876,0.3622441241122578
USER0837,47,Male,Moderately Active,General Fitness,29.9,Vegetarian,4.15,8921.888888888889,50.75555555555555,7.604111111111111,69.02222222222223,2107.088888888889,7.128666666666667,0.3155592754570849,0.3823345581555985
USER0838,22,Female,Lightly Active,Build Muscle,29.5,Vegetarian,5.84,5657.066666666667,27.755555555555556,6.9334444444444445,68.93333333333334,1839.6666666666667,7.089666666666667,0.3328146746843773,0.39935316983895297
USER0839,41,Male,Lightly Active,Weight Loss,27.5,Vegetarian,5.67,5585.033333333334,26.9,6.984999999999999,69.1,1843.3111111111111,6.925222222222222,0.3447506867700608,0.5352409220707317
USER0840,29,Female,Very Active,Better Sleep,19.1,Balanced,2.7,10326.522222222222,76.4,7.997444444444445,68.5111111111111,2303.988888888889,6.930000000000001,0.38872997424576067,0.42624695168523014
USER0841,31,Male,Lightly Active,Weight Loss,24.6,Balanced,5.94,5539.066666666667,27.666666666666668,7.066666666666666,69.55555555555556,1856.6333333333334,7.055555555555555,0.43098268607945267,0.4101537128259882
USER0842,38,Female,Moderately Active,Build Muscle,21.1,Balanced,1.82,8524.644444444444,45.68888888888889,7.464888888888889,70.21111111111111,2062.788888888889,7.063444444444444,0.37551902371520346,0.484628182122374
USER0843,20,Male,Sedentary,General Fitness,30.7,Vegan,3.3,2768.9444444444443,8.21111111111111,6.467555555555556,69.24444444444444,1654.9555555555555,6.898666666666666,0.3714657655154383,0.47335865121703863
USER0844,35,Female,Lightly Active,Weight Loss,23.7,Low Carb,4.8,5399.555555555556,25.744444444444444,7.037000000000001,71.58888888888889,1833.1666666666667,7.024111111111111,0.3237943661837699,0.44443211516002584
USER0845,33,Female,Moderately Active,Stress Management,21.7,Balanced,2.71,8596.288888888888,41.37777777777778,7.452555555555556,69.74444444444444,2064.2555555555555,7.009666666666667,0.36440048173983,0.47529719325393155
USER0846,36,Male,Lightly Active,General Fitness,26.1,Vegan,4.46,5660.5888888888885,27.133333333333333,6.9334444444444445,68.95555555555555,1854.1666666666667,6.945555555555556,0.39023376352821165,0.4278284917946922
USER0847,34,Female,Moderately Active,Weight Loss,23.4,Vegan,5.61,8364.444444444445,47.455555555555556,7.5953333333333335,67.56666666666666,2052.8444444444444,6.950555555555555,0.34011384193761274,0.40458751029250745
USER0848,56,Other,Lightly Active,Weight Loss,31.9,High Protein,5.85,5483.888888888889,26.22222222222222,7.001222222222222,70.12222222222222,1838.1888888888889,6.662222222222223,0.3711123911180772,0.4267053640649278
USER0849,25,Female,Sedentary,Weight Loss,23.1,Vegan,4.15,2846.088888888889,9.477777777777778,6.448888888888889,67.65555555555555,1677.7666666666667,7.185555555555556,0.31549989903335346,0.3976613643995125
USER0850,26,Female,Lightly Active,Stress Management,20.4,High Protein,4.57,5281.5,28.566666666666666,7.072555555555555,68.97777777777777,1862.0222222222221,6.867333333333333,0.36320925749526867,0.4321632926193707
USER0851,25,Male,Lightly Active,General Fitness,18.0,Balanced,6.84,5407.6,26.5,7.135555555555556,70.68888888888888,1845.9333333333334,6.947888888888889,0.3562724036721925,0.4930294649002952
USER0852,26,Female,Moderately Active,Weight Loss,25.9,Vegetarian,3.08,7799.566666666667,42.977777777777774,7.559333333333334,69.9,2030.9333333333334,7.085,0.36885873039175393,0.4482859127639591
USER0853,25,Male,Sedentary,Weight Loss,23.8,Vegetarian,4.87,2673.266666666667,8.455555555555556,6.458555555555555,70.13333333333334,1658.8555555555556,6.993555555555555,0.3767336005589953,0.4764094816934833
USER0854,43,Male,Very Active,General Fitness,20.3,Balanced,3.63,11320.277777777777,77.25555555555556,7.961777777777777,70.7,2338.1111111111113,7.404555555555556,0.3921981305817987,0.4692219359476298
USER0855,46,Other,Very Active,General Fitness,30.8,Balanced,4.93,11455.0,75.43333333333334,7.925444444444444,69.07777777777778,2343.1555555555556,6.851111111111111,0.3121151752425792,0.44739455886067
USER0856,26,Male,Sedentary,Build Muscle,28.7,High Protein,7.78,2817.8888888888887,8.255555555555556,6.533111111111111,69.3,1637.6,6.911555555555555,0.39068269763996044,0.42721074192132324
USER0857,23,Female,Lightly Active,Build Muscle,25.9,Balanced,3.73,5647.188888888889,26.522222222222222,6.997888888888889,70.0111111111111,1853.8777777777777,7.018777777777778,0.37021509077797476,0.4166480845891304
USER0858,36,Female,Moderately Active,Weight Loss,31.5,Vegan,5.27,8046.4,48.03333333333333,7.495333333333334,69.34444444444445,2071.6444444444446,7.046888888888889,0.35052530303420776,0.43834229765419813
USER0859,26,Female,Very Active,General Fitness,28.7,Balanced,4.98,11267.4,73.23333333333333,8.02,69.05555555555556,2339.6666666666665,6.952555555555556,0.33885260999495853,0.41680012403055083
USER0860,38,Other,Lightly Active,Better Sleep,22.7,Balanced,3.48,5401.988888888889,26.355555555555554,6.880999999999999,69.93333333333334,1848.0555555555557,7.173333333333334,0.37213813814445584,0.43521219217926777
USER0861,34,Male,Lightly Active,Weight Loss,21.8,Balanced,6.95,5390.2,26.788888888888888,7.033,69.08888888888889,1847.5,6.865777777777778,0.3903044593563978,0.44367637926825315
USER0862,18,Male,Lightly Active,General Fitness,29.3,Balanced,4.78,5508.888888888889,26.68888888888889,7.230222222222222,69.65555555555555,1865.5111111111112,6.953222222222222,0.3884338139153038,0.4626817959692673
USER0863,47,Male,Moderately Active,Build Muscle,27.6,Low Carb,3.67,8296.733333333334,48.71111111111111,7.477777777777778,69.25555555555556,2082.1222222222223,6.986666666666666,0.37721392253351343,0.4843723533588069
USER0864,49,Male,Lightly Active,Build Muscle,26.7,Low Carb,4.05,5377.855555555556,27.044444444444444,7.0087777777777776,69.56666666666666,1846.3777777777777,7.126555555555555,0.3584674377531879,0.410533772490753
USER0865,25,Male,Moderately Active,Weight Loss,22.6,Balanced,2.59,8485.533333333333,45.91111111111111,7.506555555555556,69.03333333333333,2056.3333333333335,6.949,0.3028126465948399,0.5030634973013351
USER0866,28,Male,Sedentary,Stress Management,28.4,Balanced,5.38,2620.8333333333335,8.688888888888888,6.593111111111111,68.85555555555555,1652.5,6.964888888888889,0.32732498305136026,0.42877641379768816
USER0867,34,Female,Sedentary,Build Muscle,23.0,Balanced,5.41,2732.777777777778,8.744444444444444,6.500888888888889,70.6,1638.5666666666666,7.086777777777779,0.37881597606787304,0.37427507641637453
USER0868,35,Female,Lightly Active,General Fitness,25.6,Balanced,4.71,5309.9111111111115,26.955555555555556,6.936444444444444,69.57777777777778,1852.1222222222223,7.173444444444445,0.3637863484162633,0.48930467942559225
USER0869,38,Male,Lightly Active,Build Muscle,31.8,Vegetarian,4.28,5374.344444444445,27.81111111111111,7.081777777777778,68.74444444444444,1846.1666666666667,7.197777777777778,0.3567761811202801,0.48326899920318817
USER0870,52,Female,Lightly Active,Weight Loss,23.4,Balanced,5.21,5485.011111111111,27.133333333333333,7.0714444444444435,68.31111111111112,1852.7555555555555,6.8981111111111115,0.3367502668221569,0.45535874526748604
USER0871,30,Male,Lightly Active,Weight Loss,19.7,Balanced,6.66,5500.466666666666,28.444444444444443,6.958444444444444,70.28888888888889,1848.6777777777777,7.170222222222223,0.401249975779693,0.4361683058508904
USER0872,24,Male,Lightly Active,General Fitness,21.8,Balanced,5.88,5448.7555555555555,26.42222222222222,7.007,70.58888888888889,1854.5,7.027888888888889,0.3536853948394111,0.3789339819834558
USER0873,18,Female,Sedentary,Weight Loss,30.0,Balanced,1.99,2784.0,9.233333333333333,6.412333333333334,71.52222222222223,1657.4666666666667,6.788333333333334,0.3679121582099822,0.3884424572229406
USER0874,24,Female,Lightly Active,General Fitness,27.0,Balanced,2.55,5640.211111111111,26.255555555555556,7.101,70.12222222222222,1860.9222222222222,6.8468888888888895,0.38153785129281886,0.43403514768569884
USER0875,31,Female,Very Active,Build Muscle,25.5,Balanced,4.18,10860.733333333334,71.97777777777777,8.030333333333333,69.5,2291.1666666666665,6.994888888888888,0.37174551807491263,0.506941834537164
USER0876,49,Male,Lightly Active,Build Muscle,24.0,Vegan,5.21,5791.733333333334,26.711111111111112,7.012333333333333,70.53333333333333,1867.1,6.948222222222222,0.3724355564375531,0.4687940484524912
USER0877,26,Female,Lightly Active,Build Muscle,27.9,Vegan,4.93,5374.722222222223,25.977777777777778,6.939111111111111,67.95555555555555,1848.1888888888889,7.170555555555556,0.36486778160571454,0.43775213079374103
USER0878,34,Female,Lightly Active,Build Muscle,22.6,Vegetarian,4.49,5346.5888888888885,23.677777777777777,7.062333333333333,68.54444444444445,1812.7333333333333,7.218222222222222,0.4031087259282164,0.47271477667793776
USER0879,31,Female,Very Active,Weight Loss,27.2,Balanced,3.38,11384.922222222222,70.62222222222222,7.981888888888889,70.73333333333333,2305.4777777777776,6.926333333333333,0.35204261180218394,0.4552391674001611
USER0880,43,Female,Sedentary,Build Muscle,23.1,Balanced,4.13,2784.1666666666665,8.644444444444444,6.5263333333333335,70.88888888888889,1671.9222222222222,7.372999999999999,0.3029528229965098,0.4275978734600831
USER0881,57,Female,Moderately Active,General Fitness,22.4,Low Carb,4.3,7769.855555555556,47.78888888888889,7.596444444444444,69.58888888888889,2047.1777777777777,7.183111111111112,0.34829493601776185,0.3882143545389065
USER0882,26,Female,Moderately Active,General Fitness,23.5,Vegetarian,3.54,8307.044444444444,46.1,7.494666666666666,70.25555555555556,2059.4555555555557,6.935888888888889,0.362965777766292,0.42770822277872406
USER0883,27,Female,Moderately Active,Weight Loss,24.5,High Protein,1.56,8394.7,44.644444444444446,7.565,70.53333333333333,2051.311111111111,7.072333333333333,0.33488443040243526,0.41272664378795515
USER0884,42,Other,Sedentary,Build Muscle,25.8,Balanced,2.68,2554.0666666666666,8.922222222222222,6.484999999999999,70.03333333333333,1645.3555555555556,6.96,0.3811519715787812,0.3854543015592517
USER0885,38,Female,Moderately Active,Weight Loss,26.9,Balanced,5.32,8316.18888888889,46.81111111111111,7.4976666666666665,67.43333333333334,2051.8555555555554,6.884666666666667,0.35798184304507574,0.4067408756395202
USER0886,50,Male,Sedentary,Weight Loss,18.0,Low Carb,3.55,2763.1555555555556,8.355555555555556,6.484333333333334,68.35555555555555,1639.388888888889,7.056444444444445,0.32790673557249805,0.40508389029383945
USER0887,37,Female,Lightly Active,Weight Loss,22.8,Vegetarian,3.54,5430.366666666667,27.877777777777776,7.046444444444444,71.12222222222222,1863.1,7.220555555555555,0.36303811935786,0.42891866692695135
USER0888,28,Male,Moderately Active,Stress Management,24.4,Vegetarian,6.69,8172.488888888889,47.93333333333333,7.443444444444444,69.41111111111111,2087.0222222222224,7.025444444444444,0.35326094843147376,0.4038630660120074
USER0889,37,Male,Sedentary,Weight Loss,32.0,Low Carb,4.83,2798.866666666667,8.155555555555555,6.5,67.73333333333333,1654.0333333333333,6.861666666666666,0.3449925036608386,0.5298327428663959
USER0890,43,Female,Moderately Active,Weight Loss,21.7,High Protein,2.7,8580.966666666667,44.31111111111111,7.686111111111111,69.26666666666667,2079.6,6.918,0.3412844179270248,0.42574830828770976
USER0891,40,Female,Sedentary,Weight Loss,26.7,Low Carb,2.33,2674.411111111111,8.466666666666667,6.592777777777778,70.45555555555555,1657.0555555555557,7.339777777777778,0.36278847999886277,0.44987820432913905
USER0892,37,Female,Moderately Active,Weight Loss,32.0,Vegan,5.08,7799.222222222223,44.91111111111111,7.487666666666667,70.67777777777778,2020.111111111111,6.963888888888889,0.3952516453364805,0.4419750600092936
USER0893,42,Male,Lightly Active,General Fitness,20.7,High Protein,3.03,5478.7,26.033333333333335,6.826333333333333,70.61111111111111,1851.3666666666666,6.969222222222222,0.3565370979956646,0.4156827046446089
USER0894,43,Female,Sedentary,Weight Loss,27.6,Vegetarian,2.56,2612.322222222222,8.066666666666666,6.560111111111111,69.94444444444444,1649.7555555555555,6.933222222222223,0.3669549297601917,0.39963759534415266
USER0895,45,Male,Sedentary,Weight Loss,22.8,Balanced,4.18,2757.811111111111,9.344444444444445,6.417555555555556,68.57777777777778,1659.5222222222221,6.964333333333333,0.37434186420468335,0.4446740556470455
USER0896,38,Other,Very Active,General Fitness,24.0,Balanced,4.01,10760.466666666667,75.3,7.9526666666666666,68.78888888888889,2314.8,7.131333333333334,0.3732309257402825,0.3811389577615742
USER0897,30,Other,Sedentary,Build Muscle,22.8,Low Carb,5.98,2774.5,8.277777777777779,6.424555555555556,68.66666666666667,1651.9666666666667,7.094666666666667,0.30920222933390723,0.42904515461919895
USER0898,33,Female,Sedentary,General Fitness,23.1,Balanced,5.06,2812.0,8.966666666666667,6.406444444444445,68.47777777777777,1664.7444444444445,6.8885555555555555,0.3731753066650692,0.42369447440311936
USER0899,44,Female,Lightly Active,General Fitness,36.9,Vegan,4.55,5536.955555555555,28.41111111111111,6.964666666666667,70.1,1883.1444444444444,7.0697777777777775,0.36014700350557793,0.4224522827932258
USER0900,23,Female,Moderately Active,Weight Loss,29.4,Balanced,2.9,8588.766666666666,42.32222222222222,7.533666666666666,69.5,2053.277777777778,6.982333333333333,0.3733323615721736,0.49985386493377115
USER0901,35,Female,Lightly Active,General Fitness,30.4,Balanced,6.53,5512.9111111111115,26.8,7.0488888888888885,68.93333333333334,1845.4444444444443,7.1306666666666665,0.3341372414418594,0.48602433824617364
USER0902,28,Male,Sedentary,Weight Loss,28.0,Vegetarian,5.84,2800.4444444444443,8.855555555555556,6.4158888888888885,69.18888888888888,1661.588888888889,6.88988888888889,0.2848194421730853,0.4250162229663113
USER0903,32,Male,Lightly Active,General Fitness,19.6,Balanced,7.72,5225.222222222223,26.81111111111111,7.231666666666667,70.14444444444445,1840.4888888888888,7.038888888888889,0.36040111989899587,0.4735424534277665
USER0904,44,Female,Sedentary,Build Muscle,27.6,Balanced,5.58,2723.3777777777777,8.7,6.5505555555555555,69.56666666666666,1657.6,7.021444444444444,0.3293554890073052,0.41648860757693784
USER0905,33,Female,Sedentary,Weight Loss,30.3,Balanced,3.96,2725.2,8.733333333333333,6.4605555555555565,69.72222222222223,1657.0222222222221,6.972666666666666,0.35942068750241774,0.4599252592931382
USER0906,32,Male,Lightly Active,General Fitness,22.6,Low Carb,3.22,5663.722222222223,27.477777777777778,6.880000000000001,70.04444444444445,1858.6777777777777,7.018,0.3236304901957704,0.44319366592921133
USER0907,18,Female,Moderately Active,Stress Management,29.9,Balanced,5.19,8138.066666666667,42.24444444444445,7.481777777777778,69.42222222222222,2034.8666666666666,7.165555555555556,0.40316576181593605,0.4793100561420658
USER0908,39,Male,Sedentary,Better Sleep,28.8,Vegan,5.6,2751.9555555555557,8.6,6.440222222222222,68.6,1670.6555555555556,7.067888888888889,0.31368311409862726,0.4266172931502131
USER0909,38,Female,Lightly Active,General Fitness,33.4,Balanced,2.0,5520.8,26.41111111111111,7.009333333333334,69.08888888888889,1858.2111111111112,6.867333333333333,0.364955481608653,0.4467694010226369
USER0910,53,Female,Lightly Active,Build Muscle,24.3,Vegan,4.11,5680.533333333334,24.77777777777778,7.021777777777778,67.3,1864.9777777777779,7.06,0.3701034527931584,0.4641062588466078
USER0911,28,Female,Very Active,Weight Loss,21.6,Balanced,2.05,12070.155555555555,69.12222222222222,7.9881111111111105,71.52222222222223,2334.8555555555554,6.980666666666666,0.3053804112226322,0.4490827246345195
USER0912,34,Female,Very Active,Weight Loss,24.6,Balanced,4.13,10421.711111111112,72.94444444444444,7.838555555555556,70.23333333333333,2266.088888888889,6.926222222222222,0.3233780951720671,0.4646466281257215
USER0913,34,Male,Moderately Active,Build Muscle,31.7,Balanced,5.88,8201.333333333334,45.05555555555556,7.454444444444444,68.24444444444444,2046.4222222222222,7.1658888888888885,0.3406901486442691,0.47954851705794355
USER0914,47,Male,Sedentary,Build Muscle,18.7,Balanced,5.5,2756.277777777778,9.11111111111111,6.467888888888889,70.31111111111112,1665.0777777777778,6.968888888888889,0.32573905881276066,0.38401837495786206
USER0915,31,Female,Sedentary,Better Sleep,18.0,Low Carb,1.74,2704.6555555555556,8.122222222222222,6.570111111111112,70.91111111111111,1663.2888888888888,7.085333333333333,0.3037950790104608,0.42826937638852075
USER0916,34,Female,Lightly Active,Build Muscle,26.4,Balanced,4.8,5969.711111111111,26.27777777777778,7.084222222222222,69.78888888888889,1868.411111111111,7.100666666666666,0.3443845086209749,0.4361353888716888
USER0917,38,Male,Lightly Active,Build Muscle,24.2,Balanced,2.64,5609.288888888889,26.77777777777778,7.028444444444444,69.71111111111111,1857.588888888889,6.999555555555556,0.31991785946415335,0.4676853643209289
USER0918,33,Female,Lightly Active,Build Muscle,26.0,Low Carb,2.84,5718.866666666667,25.9,7.010888888888889,70.21111111111111,1849.6333333333334,6.900777777777778,0.34684014767296534,0.5005352229958602
USER0919,27,Male,Moderately Active,Stress Management,29.8,Balanced,5.09,8143.611111111111,44.888888888888886,7.442444444444445,70.25555555555556,2056.9,7.026666666666666,0.33426638469510933,0.4536253538265853
USER0920,33,Female,Moderately Active,General Fitness,23.8,Balanced,3.84,7838.333333333333,46.55555555555556,7.512555555555555,69.68888888888888,2044.3333333333333,7.0967777777777785,0.378428820448499,0.43546162093041596
USER0921,42,Female,Moderately Active,General Fitness,18.5,Vegetarian,2.6,7886.211111111111,48.68888888888889,7.572444444444444,68.76666666666667,2056.3,7.239,0.34181027284417276,0.39261835447374843
USER0922,21,Male,Lightly Active,Build Muscle,34.2,High Protein,4.33,5581.2555555555555,24.733333333333334,7.024888888888889,68.41111111111111,1843.1666666666667,6.7763333333333335,0.3299976931750696,0.45321240857709244
USER0923,33,Male,Moderately Active,Stress Management,22.0,Balanced,4.55,8226.31111111111,43.51111111111111,7.481,68.86666666666666,2049.4555555555557,7.2972222222222225,0.37315458172263855,0.4661628873524053
USER0924,24,Female,Lightly Active,Weight Loss,21.8,Balanced,2.5,5386.688888888889,27.177777777777777,6.947666666666667,68.96666666666667,1853.1666666666667,7.056777777777778,0.2947346602719774,0.4013924429804973
USER0925,43,Female,Sedentary,Stress Management,30.4,High Protein,4.47,2783.5777777777776,8.6,6.427777777777778,70.22222222222223,1657.1888888888889,7.182444444444444,0.37218944439942636,0.4505333773141276
USER0926,18,Female,Moderately Active,General Fitness,24.5,Balanced,4.58,8196.08888888889,46.22222222222222,7.455111111111112,71.78888888888889,2062.4222222222224,6.904555555555556,0.3472008236609571,0.3868438523357524
USER0927,26,Female,Sedentary,Build Muscle,25.7,High Protein,5.72,2833.2555555555555,8.766666666666667,6.3629999999999995,68.91111111111111,1654.888888888889,7.034888888888888,0.3403575715930387,0.4697143536691167
USER0928,35,Female,Lightly Active,Build Muscle,27.9,Balanced,6.39,5540.2,26.944444444444443,7.052555555555556,69.26666666666667,1865.3222222222223,6.977555555555556,0.33418983987456,0.4175414155808769
USER0929,47,Other,Lightly Active,General Fitness,30.3,Vegan,4.09,5422.522222222222,26.988888888888887,6.961222222222222,68.87777777777778,1860.8,6.865444444444444,0.36170856666644946,0.4181398792453049
USER0930,31,Female,Moderately Active,Weight Loss,24.7,Balanced,5.13,9109.511111111111,42.22222222222222,7.594222222222222,69.75555555555556,2066.722222222222,6.59,0.3090374852716789,0.5442979587572385
USER0931,26,Female,Moderately Active,Stress Management,32.1,High Protein,3.88,8061.322222222222,46.21111111111111,7.5457777777777775,69.73333333333333,2051.5333333333333,6.954777777777777,0.3696323861010309,0.4747407666682838
USER0932,50,Male,Lightly Active,Build Muscle,18.0,Balanced,4.21,5590.055555555556,26.244444444444444,6.862333333333334,70.64444444444445,1856.9444444444443,7.196111111111111,0.26212170223335024,0.4664473853499376
USER0933,18,Male,Moderately Active,Build Muscle,29.0,Low Carb,5.72,8217.144444444444,45.81111111111111,7.559111111111112,70.61111111111111,2068.288888888889,6.938777777777778,0.34147021701839236,0.45210057295648687
USER0934,18,Female,Lightly Active,Weight Loss,22.6,Balanced,5.86,5938.788888888889,27.466666666666665,7.204,69.55555555555556,1860.0666666666666,7.089666666666667,0.29959948438318756,0.393317142921173
USER0935,36,Male,Lightly Active,Build Muscle,31.5,Balanced,4.86,5407.333333333333,28.044444444444444,6.838666666666667,68.1,1860.888888888889,6.808777777777777,0.35220575371698043,0.4351127465314226
USER0936,26,Female,Moderately Active,Build Muscle,26.6,Vegetarian,6.06,8189.066666666667,46.58888888888889,7.338222222222223,72.1,2048.866666666667,6.746555555555556,0.3704199205755094,0.3988827369336813
USER0937,21,Female,Moderately Active,Build Muscle,23.3,Low Carb,4.3,7824.433333333333,44.522222222222226,7.593888888888889,69.28888888888889,2034.611111111111,6.999,0.33869690229079263,0.4560437777096778
USER0938,39,Female,Very Active,General Fitness,28.7,Vegan,2.85,10203.344444444445,71.87777777777778,7.987222222222223,69.7,2265.0555555555557,7.054444444444444,0.31732299235504735,0.45567675962664195
USER0939,34,Male,Sedentary,Build Muscle,29.6,Balanced,4.17,2904.866666666667,8.844444444444445,6.389333333333333,70.3,1656.7111111111112,7.011555555555555,0.3687467534828381,0.4409381684716414
USER0940,26,Male,Moderately Active,Better Sleep,28.6,Vegan,4.08,8435.522222222222,46.37777777777778,7.432444444444444,69.95555555555555,2056.488888888889,7.155,0.31908856824758525,0.4059827922511316
USER0941,19,Male,Moderately Active,General Fitness,21.9,Balanced,4.91,8169.155555555555,47.71111111111111,7.506777777777778,67.93333333333334,2044.8444444444444,6.823222222222222,0.3695659392359427,0.4315392016603622
USER0942,40,Male,Very Active,Stress Management,24.1,High Protein,3.48,10622.6,73.07777777777778,7.878666666666667,67.43333333333334,2284.766666666667,7.029111111111111,0.37452777501416396,0.4201943190144515
USER0943,38,Male,Sedentary,Weight Loss,26.0,High Protein,2.14,2724.9333333333334,8.677777777777777,6.550111111111111,67.86666666666666,1641.3444444444444,7.156111111111111,0.4097379069306927,0.40280185943079566
USER0944,31,Female,Moderately Active,Build Muscle,25.8,Balanced,4.61,7728.222222222223,47.98888888888889,7.672444444444444,70.71111111111111,2054.288888888889,7.071777777777778,0.4432615096575484,0.40025610290080377
USER0945,50,Female,Lightly Active,Build Muscle,29.0,Vegan,5.7,5539.166666666667,27.7,6.951444444444444,69.15555555555555,1852.7111111111112,7.039888888888889,0.33717470009621253,0.45597289688829046
USER0946,21,Female,Lightly Active,General Fitness,18.0,Vegetarian,3.41,5237.711111111111,27.31111111111111,7.2043333333333335,69.03333333333333,1836.6555555555556,6.917,0.3878858927035283,0.47194689399245
USER0947,18,Female,Lightly Active,Stress Management,27.3,Balanced,6.44,5669.977777777778,26.444444444444443,7.025111111111111,70.2,1865.5666666666666,6.909111111111112,0.390926303467386,0.4326039282802008
USER0948,25,Male,Lightly Active,Weight Loss,24.8,Low Carb,5.36,5062.344444444445,28.833333333333332,7.042777777777778,69.75555555555556,1842.2444444444445,6.849666666666667,0.3815285682401993,0.44944125397987433
USER0949,31,Female,Lightly Active,Weight Loss,22.6,Balanced,4.63,5571.355555555556,27.366666666666667,7.172555555555555,69.84444444444445,1859.588888888889,6.909222222222223,0.36284279775886885,0.39590007928045584
USER0950,34,Female,Moderately Active,Stress Management,23.0,Vegetarian,3.09,8174.2444444444445,44.477777777777774,7.647555555555555,67.53333333333333,2054.3444444444444,6.944333333333334,0.3576044969636106,0.4150155358944944
USER0951,29,Male,Lightly Active,Weight Loss,25.1,Balanced,1.74,5911.1,27.11111111111111,6.959888888888889,69.74444444444444,1870.2888888888888,7.322888888888889,0.3146758555494399,0.4335267525444914
USER0952,35,Female,Moderately Active,General Fitness,18.0,Balanced,5.08,8279.711111111112,43.27777777777778,7.513,69.95555555555555,2061.3777777777777,7.1834444444444445,0.3265156660461634,0.4979232194956577
USER0953,19,Male,Lightly Active,General Fitness,23.2,Balanced,4.75,5698.7,26.91111111111111,7.050777777777777,71.05555555555556,1859.3222222222223,7.054555555555555,0.35764812588322603,0.4403478090657475
USER0954,46,Female,Sedentary,Stress Management,22.5,Low Carb,2.7,2513.3888888888887,8.822222222222223,6.298000000000001,69.27777777777777,1655.4777777777779,7.060666666666667,0.3551528951281879,0.45266399319047673
USER0955,31,Other,Sedentary,Weight Loss,28.1,Vegan,4.53,2795.8444444444444,9.055555555555555,6.565777777777777,69.74444444444444,1642.1333333333334,7.011111111111111,0.4014236427913086,0.3674510831739186
USER0956,43,Male,Lightly Active,Weight Loss,22.8,High Protein,5.42,5755.2444444444445,29.022222222222222,7.093888888888889,70.85555555555555,1868.6777777777777,7.064888888888889,0.2795674982198069,0.38745663502720284
USER0957,35,Female,Lightly Active,General Fitness,25.1,Balanced,2.25,5573.7555555555555,25.555555555555557,6.899111111111111,69.27777777777777,1847.911111111111,7.004555555555555,0.34164395610586495,0.5163898690670206
USER0958,36,Female,Sedentary,Better Sleep,32.2,Balanced,3.95,2798.1111111111113,8.433333333333334,6.5023333333333335,68.78888888888889,1661.2555555555555,6.865333333333333,0.330734661549822,0.47645561328316327
USER0959,37,Other,Lightly Active,Build Muscle,30.0,Vegetarian,4.81,5584.322222222222,28.711111111111112,7.117222222222222,69.21111111111111,1877.4666666666667,7.087666666666666,0.3383735980484604,0.42453005818896905
USER0960,36,Male,Lightly Active,Build Muscle,29.6,Low Carb,3.18,5473.322222222222,25.0,6.9767777777777775,70.62222222222222,1833.2777777777778,7.01,0.34270800224018855,0.47324887431606233
USER0961,38,Female,Lightly Active,General Fitness,24.0,Balanced,4.96,5327.7444444444445,27.744444444444444,7.053777777777778,67.05555555555556,1855.4888888888888,7.053444444444444,0.3923014077542646,0.43752757168966216
USER0962,45,Male,Lightly Active,Better Sleep,28.2,Balanced,5.08,5604.211111111111,26.511111111111113,7.086333333333333,69.28888888888889,1856.5666666666666,7.1129999999999995,0.34273998897284474,0.43602731460756416
USER0963,33,Male,Sedentary,Stress Management,25.1,Low Carb,1.9,2734.9,8.566666666666666,6.67,68.45555555555555,1655.7555555555555,7.207333333333333,0.34188219615120485,0.4122850918390539
USER0964,39,Male,Very Active,Better Sleep,25.2,Balanced,3.02,11752.877777777778,73.71111111111111,7.975888888888889,70.23333333333333,2326.488888888889,7.024111111111111,0.3159326802298822,0.5094010984649591
USER0965,31,Other,Moderately Active,Weight Loss,27.6,Vegetarian,5.15,8211.988888888889,45.71111111111111,7.433222222222223,69.91111111111111,2050.6666666666665,6.906,0.3965583562350281,0.48085873300490084
USER0966,46,Female,Moderately Active,Weight Loss,23.6,Low Carb,3.86,8412.355555555556,42.58888888888889,7.447111111111111,68.27777777777777,2057.3333333333335,6.945222222222223,0.319951144027871,0.4930510137374507
USER0967,25,Female,Sedentary,General Fitness,32.0,Vegan,3.06,2690.911111111111,8.855555555555556,6.575777777777779,68.61111111111111,1650.3222222222223,6.858444444444444,0.37574031750035564,0.44422967825378
USER0968,50,Female,Moderately Active,Stress Management,25.4,Low Carb,4.39,7854.222222222223,44.022222222222226,7.528888888888889,70.26666666666667,2032.9888888888888,6.9431111111111115,0.3685489097184225,0.5487870754006119
USER0969,31,Male,Moderately Active,Weight Loss,28.5,Balanced,5.6,8236.988888888889,47.955555555555556,7.575444444444444,68.58888888888889,2076.3555555555554,7.071,0.37358734036242075,0.38710134519158407
USER0970,18,Male,Moderately Active,Weight Loss,31.8,Vegan,2.63,8011.577777777778,47.21111111111111,7.4494444444444445,69.65555555555555,2055.1444444444446,7.072,0.36656817969961286,0.47823433840695206
USER0971,33,Male,Sedentary,Stress Management,30.1,Low Carb,4.66,2797.9777777777776,9.255555555555556,6.491333333333333,70.44444444444444,1655.7777777777778,7.245777777777778,0.3591262111098237,0.39742748822070983
USER0972,25,Male,Moderately Active,Weight Loss,20.4,Balanced,4.33,8055.4,41.06666666666667,7.562666666666667,69.77777777777777,2004.6444444444444,6.785777777777778,0.3828643659750879,0.45877845534947403
USER0973,40,Male,Moderately Active,Build Muscle,27.8,Low Carb,4.73,8161.922222222222,48.044444444444444,7.487666666666667,69.05555555555556,2072.288888888889,6.9639999999999995,0.34214305965626657,0.48140456800885173
USER0974,25,Male,Lightly Active,General Fitness,29.4,Balanced,4.32,5300.388888888889,25.3,6.892222222222221,70.4888888888889,1850.3222222222223,7.0551111111111116,0.3711635134086365,0.43183568918341114
USER0975,27,Male,Moderately Active,General Fitness,29.6,Vegetarian,6.97,8404.577777777778,45.55555555555556,7.665,68.65555555555555,2048.188888888889,7.070888888888889,0.40765895880546654,0.42346596798992947
USER0976,18,Male,Lightly Active,General Fitness,21.5,Balanced,4.15,5571.655555555555,27.266666666666666,6.908222222222222,69.74444444444444,1837.911111111111,7.033111111111111,0.384803164308385,0.4036672184003888
USER0977,27,Male,Lightly Active,Build Muscle,23.4,Vegetarian,4.49,5688.711111111111,26.933333333333334,7.181444444444445,69.55555555555556,1875.5444444444445,7.199777777777778,0.34599476345832414,0.4433555651929163
USER0978,18,Male,Sedentary,General Fitness,30.0,Balanced,5.26,2787.0555555555557,8.3,6.5646666666666675,70.31111111111112,1658.7888888888888,6.956222222222221,0.3922546873793816,0.42934520256284886
USER0979,18,Other,Moderately Active,General Fitness,23.0,Balanced,3.78,8092.2444444444445,46.98888888888889,7.449333333333334,67.82222222222222,2046.8,6.966888888888889,0.3563912778080437,0.40415633302678555
USER0980,39,Female,Sedentary,General Fitness,24.8,High Protein,5.67,2818.6555555555556,8.755555555555556,6.370555555555556,69.1,1661.1333333333334,7.072555555555555,0.3192185492647555,0.44137298750917037
USER0981,39,Other,Lightly Active,General Fitness,32.3,Vegetarian,4.39,5509.966666666666,24.933333333333334,7.0616666666666665,70.55555555555556,1854.0222222222221,6.971111111111111,0.3711755049988299,0.4897087895420379
USER0982,36,Male,Lightly Active,Weight Loss,25.8,Balanced,3.7,5827.066666666667,28.266666666666666,7.051666666666667,68.04444444444445,1888.3111111111111,6.962444444444444,0.4207757401258076,0.4094465705739427
USER0983,22,Male,Lightly Active,Weight Loss,23.1,Balanced,3.04,5329.933333333333,26.444444444444443,7.043666666666666,71.15555555555555,1840.9555555555555,6.800333333333333,0.36852629400197323,0.4546830885100841
USER0984,31,Female,Sedentary,Weight Loss,22.5,Balanced,5.69,2615.5,9.311111111111112,6.454666666666666,69.85555555555555,1651.2333333333333,7.042222222222222,0.4154902937225589,0.39052057165360843
USER0985,31,Male,Moderately Active,Weight Loss,27.3,Low Carb,2.92,7892.466666666666,42.86666666666667,7.547000000000001,69.34444444444445,2046.2333333333333,7.172444444444444,0.3645242261646294,0.47867756812458123
USER0986,20,Male,Moderately Active,General Fitness,20.7,Vegetarian,4.98,8076.644444444444,45.17777777777778,7.400777777777778,69.41111111111111,2044.1222222222223,6.95,0.3455473500370978,0.4364354646230324
USER0987,47,Male,Sedentary,Stress Management,25.0,Vegetarian,4.96,2535.6111111111113,8.8,6.46,70.25555555555556,1647.4444444444443,7.131444444444445,0.3727866753861136,0.41019900494370976
USER0988,40,Male,Sedentary,General Fitness,27.3,Low Carb,2.96,2701.277777777778,9.244444444444444,6.555888888888888,69.3,1645.1333333333334,7.088777777777778,0.38183049565631244,0.3803772837626407
USER0989,29,Male,Sedentary,Stress Management,31.2,Vegetarian,3.36,2745.811111111111,8.88888888888889,6.4606666666666674,68.95555555555555,1636.888888888889,7.109666666666667,0.34544091003481514,0.4603177574496851
USER0990,32,Male,Moderately Active,Build Muscle,28.7,Balanced,4.59,8504.822222222223,47.044444444444444,7.4975555555555555,69.22222222222223,2082.3777777777777,7.2267777777777775,0.3484067655434506,0.44511508680520856
USER0991,34,Female,Lightly Active,Build Muscle,23.1,Balanced,5.86,5509.877777777778,26.488888888888887,6.996666666666667,68.85555555555555,1853.588888888889,7.022333333333333,0.33920654650624393,0.40083152741889866
USER0992,18,Male,Lightly Active,Build Muscle,30.7,Low Carb,7.53,5567.933333333333,25.81111111111111,7.180777777777777,70.91111111111111,1842.7888888888888,7.069222222222223,0.3664466529960919,0.485762023420554
USER0993,29,Male,Sedentary,Weight Loss,24.8,High Protein,2.07,2821.411111111111,8.722222222222221,6.514555555555555,69.88888888888889,1658.2444444444445,7.082111111111111,0.34339395831848274,0.4441364011845268
USER0994,25,Female,Moderately Active,Weight Loss,21.1,Vegetarian,3.04,8320.277777777777,45.71111111111111,7.572,72.05555555555556,2064.211111111111,6.864111111111111,0.3580186285648099,0.4362724595262711
USER0995,21,Male,Moderately Active,General Fitness,25.3,Low Carb,2.64,8304.777777777777,46.94444444444444,7.542333333333333,70.15555555555555,2066.9666666666667,6.962555555555555,0.36720189615129667,0.428663361569229
USER0996,29,Male,Moderately Active,Better Sleep,31.8,Low Carb,5.01,8351.122222222222,43.94444444444444,7.546222222222222,67.92222222222222,2033.2666666666667,6.9702222222222225,0.3209061005691084,0.4626575952076187
USER0997,49,Female,Moderately Active,Weight Loss,26.7,High Protein,3.71,7961.122222222222,44.9,7.395888888888889,69.35555555555555,2040.8111111111111,7.134222222222222,0.33530594345698195,0.45193830791990014
USER0998,38,Male,Sedentary,Weight Loss,26.1,Balanced,4.85,2694.7555555555555,8.966666666666667,6.692888888888889,70.57777777777778,1670.111111111111,7.072666666666667,0.37643360942067355,0.4036859955102575
USER0999,26,Male,Sedentary,Stress Management,32.5,Balanced,2.85,2648.1111111111113,9.088888888888889,6.552555555555556,70.8,1652.388888888889,6.871444444444444,0.3717195227032153,0.3560455331351174
USER1000,37,Female,Sedentary,Weight Loss,20.3,High Protein,3.57,2821.511111111111,8.655555555555555,6.6883333333333335,70.42222222222222,1644.9777777777779,6.941000000000001,0.3332604097457339,0.38136316061053427
USER1001,45,Male,Lightly Active,Stress Management,20.9,Vegan,2.93,5776.188888888889,24.877777777777776,7.022,68.55555555555556,1861.1444444444444,6.943666666666666,0.35414140924903315,0.47204587098902145
USER1002,41,Female,Sedentary,General Fitness,19.5,Balanced,6.64,2631.0555555555557,9.422222222222222,6.377777777777778,69.26666666666667,1669.5777777777778,6.991666666666666,0.3555539462435707,0.41280991701594155
USER1003,32,Female,Lightly Active,Better Sleep,27.5,Balanced,3.2,5533.011111111111,27.57777777777778,6.9605555555555565,69.23333333333333,1858.3444444444444,7.0535555555555565,0.3183177954759444,0.4113295127438596
USER1004,25,Male,Lightly Active,Build Muscle,26.7,Balanced,3.33,5450.922222222222,26.1,7.011444444444444,69.82222222222222,1839.1666666666667,7.049666666666667,0.35642708229213554,0.4932962757815833
USER1005,38,Female,Very Active,General Fitness,32.2,Balanced,6.06,10381.722222222223,71.95555555555555,7.882888888888889,69.03333333333333,2261.588888888889,6.899,0.4002804539837516,0.45943210991131994
USER1006,35,Female,Moderately Active,Build Muscle,27.0,High Protein,4.72,8229.666666666666,44.68888888888889,7.480111111111111,68.88888888888889,2056.3777777777777,6.977666666666667,0.37377687762886785,0.4651173829551244
USER1007,40,Male,Moderately Active,General Fitness,24.4,Balanced,4.77,8023.111111111111,42.0,7.626333333333333,70.07777777777778,2042.0666666666666,7.01,0.33978704227765044,0.49104718316836954
USER1008,38,Female,Moderately Active,Build Muscle,26.0,Vegan,3.35,8189.544444444445,46.67777777777778,7.559888888888889,69.76666666666667,2056.677777777778,7.025111111111111,0.34028067747597573,0.460665747435152
USER1009,42,Male,Sedentary,Weight Loss,26.5,Balanced,4.95,2703.9333333333334,8.477777777777778,6.574111111111111,70.08888888888889,1647.2111111111112,6.729666666666666,0.3525126160706182,0.4393371469670132
USER1010,26,Female,Moderately Active,General Fitness,19.3,Low Carb,3.67,8315.044444444444,45.67777777777778,7.427888888888889,68.76666666666667,2065.8888888888887,7.057666666666666,0.3869358009851266,0.4639645149595881
USER1011,45,Male,Lightly Active,General Fitness,36.8,Balanced,4.85,5793.688888888889,27.38888888888889,6.8341111111111115,68.14444444444445,1863.4888888888888,7.135333333333333,0.3417534977625593,0.39374730081485704
USER1012,33,Male,Moderately Active,Stress Management,28.1,Vegetarian,5.52,8520.788888888888,47.27777777777778,7.641000000000001,68.0,2082.3,7.249111111111111,0.33854242105002635,0.3748701762888859
USER1013,52,Male,Lightly Active,General Fitness,26.8,Low Carb,4.38,5748.2444444444445,27.88888888888889,7.046111111111111,68.64444444444445,1890.8666666666666,7.042333333333333,0.3294174986506892,0.42596913519879803
USER1014,25,Female,Very Active,General Fitness,28.5,Low Carb,6.64,11731.922222222222,74.6,8.033444444444445,69.81111111111112,2352.233333333333,6.851444444444445,0.31255666368875734,0.438675075728553
USER1015,49,Male,Lightly Active,Weight Loss,28.8,Balanced,5.21,5565.7,26.38888888888889,6.991666666666666,69.85555555555555,1869.5111111111112,6.937777777777778,0.3810194264971638,0.4352404270191188
USER1016,33,Male,Lightly Active,General Fitness,25.4,Balanced,4.19,5600.011111111111,25.8,6.895,69.63333333333334,1865.1444444444444,7.2173333333333325,0.3307755478562257,0.4481134601045842
USER1017,25,Male,Very Active,General Fitness,23.5,Balanced,7.41,10986.455555555556,69.54444444444445,7.874222222222222,69.88888888888889,2270.366666666667,6.958,0.3538087820076939,0.5191228463485562
USER1018,27,Female,Sedentary,Stress Management,28.4,Balanced,2.2,2514.8444444444444,8.744444444444444,6.521666666666667,69.95555555555555,1653.911111111111,7.213444444444445,0.3617158228914027,0.3663755706499482
USER1019,28,Female,Moderately Active,Better Sleep,27.5,Low Carb,3.59,7923.666666666667,46.611111111111114,7.418333333333333,69.76666666666667,2030.3111111111111,7.165444444444445,0.369760094277936,0.43225835190653156
USER1020,36,Female,Moderately Active,Weight Loss,22.8,Low Carb,4.95,8443.966666666667,45.62222222222222,7.443666666666666,68.68888888888888,2065.9777777777776,7.151111111111112,0.3370885414747092,0.46923361863620267
USER1021,37,Female,Moderately Active,Stress Management,31.7,Low Carb,4.82,7974.877777777778,45.82222222222222,7.389,70.7,2045.4888888888888,6.908,0.37793824506686924,0.44688134455089035
USER1022,26,Female,Very Active,Weight Loss,27.2,Low Carb,1.61,11120.133333333333,73.4888888888889,7.958444444444444,70.05555555555556,2318.3333333333335,7.0553333333333335,0.33962107062741537,0.4303685056161499
USER1023,31,Male,Very Active,Build Muscle,28.9,Balanced,3.87,11084.277777777777,71.64444444444445,7.803333333333333,70.86666666666666,2301.0555555555557,6.807444444444444,0.33337410499257475,0.46542699834377266
USER1024,53,Female,Sedentary,General Fitness,31.6,Balanced,5.13,2614.088888888889,8.6,6.483888888888888,72.33333333333333,1655.4777777777779,7.039777777777778,0.38864856654738594,0.4113667561005524
USER1025,49,Female,Moderately Active,Weight Loss,26.1,Balanced,4.52,8291.711111111112,43.12222222222222,7.343222222222222,69.07777777777778,2046.5222222222221,7.095555555555555,0.3005344802818844,0.45534445597062256
USER1026,36,Other,Moderately Active,General Fitness,27.3,Vegetarian,6.15,8391.522222222222,42.18888888888889,7.400222222222222,69.58888888888889,2035.8333333333333,6.953666666666667,0.37108440927454556,0.42915178949428806
USER1027,32,Female,Moderately Active,Weight Loss,29.2,Low Carb,3.68,8523.488888888889,50.12222222222222,7.492888888888889,73.75555555555556,2086.366666666667,7.124,0.3000477821893866,0.41993936978928914
USER1028,33,Male,Sedentary,Weight Loss,23.1,Balanced,6.66,2729.6555555555556,8.844444444444445,6.629111111111111,69.5111111111111,1652.8222222222223,6.913555555555556,0.3934920266890732,0.4006120189883344
USER1029,38,Male,Moderately Active,General Fitness,26.2,Balanced,3.91,8243.077777777778,46.388888888888886,7.458444444444444,70.13333333333334,2063.311111111111,7.018888888888889,0.3505195919179661,0.44389702242587303
USER1030,21,Female,Very Active,General Fitness,26.5,Vegan,5.57,11373.522222222222,72.17777777777778,8.033777777777777,69.22222222222223,2315.822222222222,6.791555555555556,0.3426929266039272,0.45272719130019645
USER1031,29,Female,Very Active,Better Sleep,22.2,Vegetarian,3.39,10650.644444444444,67.17777777777778,7.955,70.53333333333333,2271.5222222222224,6.864,0.36448046416247964,0.41238462589362596
USER1032,18,Female,Lightly Active,General Fitness,35.3,Low Carb,7.65,5177.944444444444,26.122222222222224,7.005111111111112,69.32222222222222,1832.8444444444444,7.051444444444444,0.3466736054281468,0.45105730462277405
USER1033,35,Female,Sedentary,General Fitness,20.4,Balanced,3.83,2698.5777777777776,9.28888888888889,6.5552222222222225,69.36666666666666,1650.888888888889,6.926111111111111,0.4252882031839982,0.40418787426197444
USER1034,38,Female,Lightly Active,Build Muscle,20.8,Balanced,6.16,5357.111111111111,26.677777777777777,6.994888888888888,70.04444444444445,1867.4222222222222,6.972666666666666,0.3489753612535434,0.4686963431504863
USER1035,27,Male,Moderately Active,Weight Loss,31.3,High Protein,4.34,8529.377777777778,44.84444444444444,7.469,69.75555555555556,2060.688888888889,6.821,0.31739674725355105,0.516083942284995
USER1036,47,Female,Moderately Active,Weight Loss,28.9,Vegetarian,7.25,8553.5,42.84444444444444,7.586666666666666,68.71111111111111,2052.3,7.179555555555555,0.38833633872995416,0.4797728236572048
USER1037,19,Male,Lightly Active,General Fitness,21.9,Balanced,3.06,5367.7444444444445,26.31111111111111,6.924666666666667,69.12222222222222,1817.1888888888889,7.064555555555555,0.3777246493069517,0.45427184582045194
USER1038,18,Male,Sedentary,General Fitness,28.4,Vegetarian,5.38,2850.0,8.511111111111111,6.460222222222222,70.32222222222222,1662.6222222222223,6.917111111111111,0.31716607051357304,0.4033403304071357
USER1039,34,Male,Lightly Active,Build Muscle,31.9,Vegetarian,7.28,5236.844444444445,28.244444444444444,7.020777777777778,68.92222222222222,1858.9222222222222,6.9108888888888895,0.34333298287032055,0.4447424992638063
USER1040,42,Female,Lightly Active,General Fitness,25.9,Balanced,4.52,5208.822222222222,26.822222222222223,6.869222222222223,69.15555555555555,1848.588888888889,7.106,0.41333558463608194,0.4225201869656306
USER1041,48,Male,Very Active,General Fitness,36.4,Balanced,4.8,10794.233333333334,79.25555555555556,8.022777777777778,68.34444444444445,2330.5444444444443,7.0568888888888885,0.3738085192542501,0.3570017801186519
USER1042,27,Male,Moderately Active,Weight Loss,19.1,Balanced,3.96,7667.277777777777,46.6,7.4352222222222215,68.0111111111111,2033.6555555555556,7.1739999999999995,0.35471871731969845,0.4234790182400954
USER1043,42,Female,Lightly Active,Weight Loss,28.8,Balanced,1.98,5585.811111111111,27.544444444444444,7.0584444444444445,70.15555555555555,1867.5666666666666,6.722444444444444,0.34470214687378115,0.4308155336954506
USER1044,31,Male,Lightly Active,Stress Management,30.7,Vegetarian,2.29,5803.7555555555555,29.122222222222224,7.1017777777777775,70.25555555555556,1890.1666666666667,7.1627777777777775,0.35921079413446716,0.40832974290122903
USER1045,30,Female,Sedentary,General Fitness,29.6,Balanced,5.73,2657.988888888889,8.877777777777778,6.430666666666666,70.91111111111111,1640.7111111111112,6.819000000000001,0.37694144777461724,0.38765892665593255
USER1046,40,Female,Very Active,Stress Management,25.2,Vegetarian,3.89,10796.68888888889,73.37777777777778,7.844555555555555,67.15555555555555,2303.0333333333333,7.0603333333333325,0.3599260335190581,0.4094036630353163
USER1047,38,Female,Lightly Active,Weight Loss,24.8,High Protein,3.22,5463.722222222223,27.1,7.078555555555556,69.95555555555555,1843.2333333333333,7.021888888888889,0.36153897215909514,0.4300032722993601
USER1048,18,Female,Lightly Active,Better Sleep,27.8,Balanced,8.82,4928.033333333334,25.211111111111112,7.047444444444444,70.36666666666666,1812.4666666666667,6.887666666666666,0.41879300798870384,0.4356098019353404
USER1049,46,Male,Lightly Active,Weight Loss,29.3,Balanced,2.51,5695.733333333334,27.38888888888889,7.026222222222223,69.61111111111111,1864.3555555555556,6.917777777777778,0.3522057317738646,0.42745836570274137
USER1050,45,Female,Moderately Active,Weight Loss,28.4,Vegetarian,3.69,8255.233333333334,47.55555555555556,7.426888888888889,69.78888888888889,2068.0666666666666,7.092,0.35716097342431063,0.4355034371535424
USER1051,25,Male,Moderately Active,Better Sleep,30.2,Vegetarian,1.58,7887.144444444444,42.1,7.491555555555555,69.64444444444445,2020.6,7.347333333333333,0.38291772195441015,0.46692898847463277
USER1052,35,Female,Moderately Active,Weight Loss,21.9,Vegetarian,2.7,7901.077777777778,43.27777777777778,7.524444444444445,68.73333333333333,2035.2333333333333,6.838666666666667,0.36382016032539566,0.5147353496771926
USER1053,36,Male,Lightly Active,General Fitness,25.1,Balanced,6.04,5460.9111111111115,29.544444444444444,7.058333333333334,69.11111111111111,1860.0777777777778,7.081888888888889,0.36322570409229166,0.42068848826405125
USER1054,34,Female,Lightly Active,Weight Loss,22.2,Balanced,4.01,5638.366666666667,24.844444444444445,7.060111111111111,68.26666666666667,1843.7666666666667,6.935888888888889,0.34683569322674485,0.4945687437634793
USER1055,26,Male,Sedentary,General Fitness,24.5,Low Carb,5.47,2848.1666666666665,8.577777777777778,6.443555555555555,69.54444444444445,1658.9777777777779,6.970666666666667,0.3660956712375456,0.45536561302710843
USER1056,25,Male,Moderately Active,Better Sleep,30.1,High Protein,6.21,7969.177777777778,43.56666666666667,7.505222222222223,68.36666666666666,2041.5666666666666,7.211555555555555,0.33990483327025345,0.46473759634809797
USER1057,31,Male,Sedentary,Build Muscle,26.4,Balanced,3.52,2780.3777777777777,8.477777777777778,6.588555555555556,67.62222222222222,1654.4666666666667,7.056333333333334,0.32083890254388775,0.4758299977307084
USER1058,43,Male,Lightly Active,General Fitness,36.4,Vegan,2.44,5299.211111111111,26.92222222222222,6.8662222222222224,69.54444444444445,1862.2777777777778,7.067777777777778,0.3926722990371793,0.36958342858362225
USER1059,37,Female,Moderately Active,Weight Loss,26.8,Balanced,4.21,8173.211111111111,47.111111111111114,7.519111111111111,69.52222222222223,2064.4222222222224,7.015777777777777,0.32063911742035495,0.41883858264390383
USER1060,28,Male,Moderately Active,General Fitness,26.2,High Protein,4.98,9158.777777777777,40.71111111111111,7.305999999999999,70.23333333333333,2056.788888888889,6.884888888888889,0.319083650530095,0.4732444316791617
USER1061,39,Female,Lightly Active,Build Muscle,26.4,Low Carb,5.0,5619.611111111111,25.07777777777778,6.942777777777778,69.07777777777778,1858.2777777777778,7.152000000000001,0.37281752216313074,0.4023566170056991
USER1062,18,Other,Lightly Active,Weight Loss,23.4,Balanced,7.87,5345.633333333333,25.644444444444446,7.049222222222221,70.3,1838.0333333333333,6.942333333333333,0.3492535118022105,0.446266744522009
USER1063,43,Female,Sedentary,Build Muscle,25.8,Low Carb,7.69,2700.6666666666665,9.777777777777779,6.41,70.34444444444445,1653.8666666666666,7.145,0.3778947303694668,0.3378864996421885
USER1064,18,Male,Moderately Active,Weight Loss,30.5,Balanced,4.85,8347.644444444444,48.5,7.566111111111112,69.1,2069.788888888889,6.957222222222222,0.3999965566821498,0.4167936751635773
USER1065,28,Male,Moderately Active,Better Sleep,26.5,Balanced,3.81,8055.2444444444445,42.422222222222224,7.561444444444444,70.53333333333333,2033.1888888888889,7.146444444444444,0.3574817185363223,0.46347585652292234
USER1066,20,Female,Sedentary,Build Muscle,22.8,Balanced,3.16,2686.8555555555554,8.1,6.460222222222222,69.56666666666666,1662.6222222222223,7.037111111111112,0.36703757504347273,0.43988083561244806
USER1067,19,Male,Lightly Active,Weight Loss,22.3,Balanced,6.4,5253.011111111111,26.055555555555557,7.003444444444444,70.58888888888889,1835.4777777777779,6.948888888888889,0.3812277638050587,0.4397291162391791
USER1068,43,Male,Moderately Active,Build Muscle,24.2,Balanced,3.37,8506.144444444444,46.388888888888886,7.6065555555555555,70.0,2096.277777777778,6.9912222222222224,0.3720737975063044,0.41187878774308456
USER1069,27,Female,Moderately Active,Build Muscle,26.3,Vegetarian,5.49,8430.377777777778,43.41111111111111,7.529888888888889,68.55555555555556,2048.6555555555556,6.932777777777778,0.3145423926650059,0.4636012087184063
USER1070,35,Female,Sedentary,General Fitness,30.8,Low Carb,5.25,2587.866666666667,8.566666666666666,6.572444444444444,68.18888888888888,1630.911111111111,6.943444444444444,0.37498607876821055,0.3870733573524861
USER1071,31,Female,Lightly Active,Better Sleep,20.6,Balanced,3.37,5431.544444444445,25.544444444444444,6.896666666666667,68.36666666666666,1822.911111111111,6.605222222222222,0.35686879374122454,0.4250750557611602
USER1072,36,Male,Sedentary,Build Muscle,24.7,Vegan,4.78,2649.222222222222,8.722222222222221,6.550111111111111,70.03333333333333,1651.4,7.043666666666666,0.37972056332357307,0.4792715561034224
USER1073,32,Female,Sedentary,Stress Management,26.6,Low Carb,3.96,2869.488888888889,8.38888888888889,6.537111111111112,70.42222222222222,1671.088888888889,7.129888888888888,0.3657583238593185,0.4556827746127164
USER1074,19,Male,Very Active,General Fitness,18.7,High Protein,3.48,10998.677777777777,73.86666666666666,8.073,70.56666666666666,2306.7555555555555,7.158555555555555,0.32314275310221596,0.4539363638595452
USER1075,41,Male,Moderately Active,Weight Loss,22.7,Low Carb,3.17,8431.655555555555,44.855555555555554,7.548222222222223,71.1,2074.8333333333335,6.864333333333333,0.35131074560262454,0.4530476181864045
USER1076,27,Female,Moderately Active,General Fitness,23.3,Balanced,5.08,7805.2555555555555,45.22222222222222,7.482555555555555,70.04444444444445,2053.188888888889,6.9447777777777775,0.40347950244671826,0.4345965044401503
USER1077,18,Male,Sedentary,General Fitness,22.8,Balanced,3.46,2671.2444444444445,9.277777777777779,6.5326666666666675,69.17777777777778,1642.7,6.7523333333333335,0.39516673244094697,0.3953639297676074
USER1078,27,Male,Moderately Active,General Fitness,26.8,Low Carb,3.51,8183.511111111111,44.72222222222222,7.4847777777777775,70.35555555555555,2042.6777777777777,7.015666666666666,0.3760018642705065,0.4105865256648079
USER1079,47,Male,Lightly Active,Stress Management,25.4,Balanced,3.54,5711.3,26.633333333333333,6.977777777777778,71.04444444444445,1864.3444444444444,7.327444444444445,0.3376753129343337,0.4086915003574626
USER1080,40,Female,Lightly Active,Build Muscle,23.8,Balanced,4.24,5548.011111111111,26.955555555555556,6.946,67.63333333333334,1849.8333333333333,6.9639999999999995,0.36560384490515585,0.4598869730322287
USER1081,28,Female,Lightly Active,Better Sleep,27.7,Balanced,6.44,5449.377777777778,25.866666666666667,6.961333333333333,68.6,1810.3333333333333,7.306333333333334,0.37234811757676584,0.42268197220580817
USER1082,28,Female,Sedentary,Stress Management,32.9,Balanced,3.46,2831.6444444444446,8.4,6.627555555555555,68.72222222222223,1657.4888888888888,7.163888888888889,0.3291399320059065,0.43943024325275654
USER1083,28,Female,Moderately Active,Build Muscle,32.6,Balanced,4.24,8076.9,44.6,7.417666666666667,70.85555555555555,2036.6888888888889,6.941333333333334,0.3584656416684529,0.4469453910941396
USER1084,52,Male,Lightly Active,General Fitness,18.3,Balanced,6.43,5274.544444444445,27.77777777777778,7.006666666666667,69.83333333333333,1858.6888888888889,7.097555555555555,0.3605516755530926,0.38994609855718193
USER1085,35,Male,Sedentary,Build Muscle,28.3,Balanced,3.71,2890.777777777778,9.055555555555555,6.501555555555555,69.0,1668.9,6.860888888888889,0.36136085390610495,0.39899296329166645
USER1086,36,Male,Sedentary,Better Sleep,25.3,Low Carb,3.08,2618.1,8.644444444444444,6.509555555555556,68.4888888888889,1645.2333333333333,6.979333333333333,0.4229228130210193,0.3914271174312377
USER1087,42,Male,Sedentary,General Fitness,26.6,Low Carb,4.01,3000.8777777777777,8.277777777777779,6.424666666666667,69.25555555555556,1663.2444444444445,7.029222222222222,0.33179134085129225,0.4620721839113548
USER1088,34,Female,Sedentary,Weight Loss,24.4,Balanced,5.05,2788.2555555555555,8.38888888888889,6.516111111111112,67.11111111111111,1648.6777777777777,7.119111111111112,0.34534492936846917,0.4303610134174359
USER1089,29,Female,Lightly Active,Build Muscle,26.5,Balanced,3.47,5608.066666666667,26.566666666666666,7.079444444444444,68.0111111111111,1861.0555555555557,7.026888888888888,0.36238025591351974,0.4737509512364189
USER1090,30,Male,Moderately Active,General Fitness,26.6,Balanced,4.61,8146.444444444444,42.77777777777778,7.4561111111111105,69.96666666666667,2053.4555555555557,7.079,0.33898776652569573,0.4465173251537963
USER1091,31,Male,Sedentary,Weight Loss,23.7,Balanced,1.49,2620.3555555555554,9.222222222222221,6.644888888888889,70.45555555555555,1663.0666666666666,6.831333333333334,0.33508632799531973,0.38021732915702877
USER1092,31,Male,Sedentary,Weight Loss,22.4,Balanced,4.22,2652.7555555555555,7.977777777777778,6.544444444444444,70.21111111111111,1653.4,7.133,0.33282883766093224,0.4411846636727675
USER1093,39,Male,Lightly Active,Build Muscle,24.2,Balanced,6.49,4901.8,24.666666666666668,6.973777777777777,70.9888888888889,1793.7777777777778,7.0968888888888895,0.3742850954236871,0.4267572780042146
USER1094,32,Female,Moderately Active,Build Muscle,26.9,Low Carb,6.36,8522.666666666666,45.6,7.358777777777777,71.78888888888889,2057.277777777778,7.172777777777777,0.31486869303346915,0.45903355846178573
USER1095,39,Male,Lightly Active,Build Muscle,28.4,Low Carb,2.02,5509.577777777778,26.822222222222223,6.948444444444444,69.94444444444444,1839.3111111111111,6.8839999999999995,0.3277683225324094,0.438065365768361
USER1096,31,Male,Lightly Active,Weight Loss,29.4,Balanced,6.72,5427.766666666666,29.0,6.976555555555556,69.57777777777778,1879.8333333333333,7.162333333333334,0.3531949226957857,0.39107323048879
USER1097,32,Female,Lightly Active,Weight Loss,24.0,Balanced,4.25,5549.677777777778,27.255555555555556,6.960444444444445,72.11111111111111,1853.7111111111112,6.879444444444444,0.3541958535370691,0.4659943485868705
USER1098,18,Male,Lightly Active,General Fitness,27.1,Low Carb,3.06,5722.077777777778,28.377777777777776,6.90088888888889,70.08888888888889,1888.5555555555557,6.9367777777777775,0.343166108251971,0.41820778375615636
USER1099,41,Female,Sedentary,General Fitness,29.9,Vegan,2.42,2674.0444444444443,7.9,6.449777777777778,68.94444444444444,1655.0777777777778,6.865666666666666,0.3805197822297524,0.4133616767787872
USER1100,35,Male,Moderately Active,Weight Loss,30.7,Vegetarian,3.39,7550.011111111111,44.333333333333336,7.396666666666667,69.44444444444444,2006.8555555555556,6.880111111111112,0.3640190364859945,0.4454207606064615
USER1101,41,Female,Moderately Active,Build Muscle,25.8,Low Carb,3.89,8212.988888888889,47.03333333333333,7.481666666666667,69.04444444444445,2067.4777777777776,7.097444444444444,0.3569806194416845,0.4083714454464973
USER1102,18,Other,Lightly Active,General Fitness,25.1,Balanced,2.9,5289.8,29.433333333333334,7.133666666666667,69.83333333333333,1849.2555555555555,7.173333333333334,0.4262960247369353,0.3854752630386862
USER1103,52,Female,Moderately Active,Weight Loss,26.8,Balanced,3.59,8715.833333333334,45.01111111111111,7.493111111111111,69.75555555555556,2068.488888888889,6.792555555555556,0.34077794135897366,0.43711577065257884
USER1104,30,Male,Moderately Active,Weight Loss,21.4,Vegan,4.33,8121.933333333333,45.93333333333333,7.4031111111111105,70.15555555555555,2049.766666666667,6.981777777777778,0.3622591870321229,0.42903606234723607
USER1105,43,Female,Sedentary,Weight Loss,25.2,Balanced,3.82,2549.8555555555554,9.38888888888889,6.379777777777779,71.9888888888889,1624.6,7.086555555555555,0.35276536410278503,0.42096805570092294
USER1106,21,Male,Lightly Active,Stress Management,29.0,High Protein,4.92,5427.111111111111,27.144444444444446,7.207555555555555,67.26666666666667,1843.7666666666667,6.586444444444444,0.3921116726815374,0.43531098875825147
USER1107,38,Male,Sedentary,Stress Management,28.6,Low Carb,2.44,2740.5333333333333,9.355555555555556,6.415444444444445,69.46666666666667,1658.6888888888889,7.069999999999999,0.36714814599848145,0.38795529546395924
USER1108,21,Male,Sedentary,Stress Management,24.9,Low Carb,2.39,2754.1555555555556,9.033333333333333,6.515555555555555,71.11111111111111,1652.611111111111,7.013333333333334,0.3713653204697252,0.4304730019890225
USER1109,25,Male,Moderately Active,General Fitness,26.9,Balanced,4.6,8206.68888888889,45.94444444444444,7.589555555555555,71.43333333333334,2039.5222222222221,7.007444444444444,0.4219815618628836,0.41975682420168503
USER1110,51,Female,Moderately Active,General Fitness,22.7,Low Carb,5.46,8514.5,45.41111111111111,7.401555555555555,69.27777777777777,2057.133333333333,7.247888888888888,0.356569616181979,0.4311693673738547
USER1111,30,Female,Very Active,Build Muscle,28.8,Balanced,6.32,11317.2,73.5,7.966222222222223,68.04444444444445,2339.0777777777776,7.099333333333333,0.35698183476466977,0.44472224800808996
USER1112,34,Female,Moderately Active,General Fitness,25.7,Balanced,4.38,8210.844444444445,47.34444444444444,7.464333333333333,67.16666666666667,2070.322222222222,7.2267777777777775,0.31944491031861966,0.39180354473730233
USER1113,40,Female,Sedentary,Weight Loss,24.9,Balanced,4.05,2772.7,8.3,6.688666666666667,69.87777777777778,1647.9444444444443,7.0282222222222215,0.328491286082818,0.39277986735980164
USER1114,36,Female,Sedentary,General Fitness,24.6,Vegan,4.66,2658.7444444444445,8.844444444444445,6.562,68.97777777777777,1652.4666666666667,6.9881111111111105,0.38289548087033093,0.4288107321040514
USER1115,33,Male,Moderately Active,Stress Management,25.7,Low Carb,4.76,7831.944444444444,43.74444444444445,7.487222222222223,70.21111111111111,2040.8,7.232666666666668,0.3949708315175128,0.5423122055801594
USER1116,35,Male,Lightly Active,General Fitness,24.2,Balanced,3.79,5584.222222222223,26.733333333333334,6.898666666666666,69.9888888888889,1869.3666666666666,7.233222222222222,0.37006097458867454,0.4701286432437667
USER1117,56,Female,Moderately Active,Build Muscle,28.6,Balanced,7.19,7460.866666666667,44.32222222222222,7.3886666666666665,71.55555555555556,2019.8111111111111,6.996333333333333,0.3801635075287179,0.4895390383326051
USER1118,31,Male,Moderately Active,Weight Loss,24.4,Vegetarian,4.38,8412.722222222223,41.2,7.515444444444444,68.26666666666667,2033.5,6.882111111111111,0.3715902013126831,0.5134062457364829
USER1119,34,Female,Moderately Active,General Fitness,32.4,Vegetarian,2.36,7955.111111111111,46.65555555555556,7.465222222222223,70.32222222222222,2031.8555555555556,7.065,0.3956412948377093,0.3941918658988039
USER1120,42,Male,Moderately Active,General Fitness,31.9,Low Carb,4.4,8014.922222222222,46.82222222222222,7.539,68.47777777777777,2053.733333333333,6.835222222222222,0.36118781617746676,0.386476608463331
USER1121,43,Male,Sedentary,Stress Management,22.4,Low Carb,5.73,2734.211111111111,8.722222222222221,6.596,69.45555555555555,1658.6444444444444,7.142888888888889,0.351459648998754,0.43693178844655156
USER1122,43,Male,Moderately Active,Build Muscle,26.3,Balanced,5.07,8189.155555555555,43.833333333333336,7.421111111111111,69.42222222222222,2046.7444444444445,7.245555555555556,0.3236484246074357,0.4415036163652983
USER1123,38,Male,Moderately Active,Stress Management,23.4,Low Carb,3.46,7990.633333333333,45.46666666666667,7.384888888888889,70.34444444444445,2052.8555555555554,6.764777777777779,0.3831738789806101,0.5177054305129468
USER1124,20,Male,Lightly Active,General Fitness,24.7,Balanced,7.18,5628.577777777778,26.72222222222222,6.981333333333334,69.06666666666666,1867.6333333333334,6.866333333333333,0.3542871344948946,0.4785519111642845
USER1125,48,Female,Moderately Active,Stress Management,34.0,High Protein,5.67,8314.066666666668,46.144444444444446,7.589555555555555,70.03333333333333,2049.288888888889,7.181555555555556,0.380673100471799,0.4121126577005909
USER1126,20,Male,Lightly Active,General Fitness,24.8,Low Carb,2.9,5172.566666666667,25.88888888888889,6.920222222222223,69.08888888888889,1834.1888888888889,7.118333333333333,0.3951574888834823,0.5069761270399521
USER1127,35,Female,Very Active,General Fitness,27.4,Balanced,2.49,10530.611111111111,74.5111111111111,7.906333333333334,67.92222222222222,2285.6222222222223,7.039888888888889,0.3753546195072268,0.44358619032709523
USER1128,24,Male,Sedentary,General Fitness,28.2,Balanced,3.62,2842.8777777777777,8.566666666666666,6.299333333333334,68.22222222222223,1645.4666666666667,6.904888888888889,0.3644235157337031,0.3736679978060017
USER1129,31,Male,Lightly Active,General Fitness,22.0,Vegetarian,1.77,5594.811111111111,28.57777777777778,6.916777777777778,69.63333333333334,1902.888888888889,6.960888888888889,0.38062853152328946,0.44543147572923314
USER1130,35,Male,Sedentary,Better Sleep,22.6,Balanced,6.89,2637.811111111111,8.555555555555555,6.286777777777778,70.86666666666666,1647.5444444444445,7.1434444444444445,0.40380032409314115,0.42354960414506826
USER1131,35,Female,Moderately Active,Weight Loss,21.2,Balanced,4.27,7826.977777777778,46.355555555555554,7.589333333333333,69.87777777777778,2029.911111111111,6.808333333333334,0.36392205053117305,0.4091235580733248
USER1132,36,Male,Sedentary,Weight Loss,22.5,Low Carb,2.46,2659.1111111111113,8.311111111111112,6.5616666666666665,70.56666666666666,1648.8222222222223,7.082555555555555,0.3474757648101687,0.40427931764979985
USER1133,48,Female,Sedentary,Better Sleep,18.0,Balanced,4.52,3005.722222222222,9.622222222222222,6.417888888888889,66.43333333333334,1666.2444444444445,6.929555555555555,0.3226439327212598,0.3636859459839556
USER1134,36,Male,Lightly Active,General Fitness,28.2,Vegetarian,2.75,5407.977777777778,27.677777777777777,6.983444444444444,68.78888888888889,1865.9888888888888,6.900777777777778,0.35618156495512265,0.46081555854513534
USER1135,29,Female,Very Active,General Fitness,34.2,Balanced,5.74,10935.644444444444,69.9,8.010555555555555,69.06666666666666,2287.688888888889,7.008111111111111,0.36935671665900954,0.4785153002451575
USER1136,41,Male,Sedentary,Build Muscle,26.6,Vegetarian,5.35,2784.5,8.78888888888889,6.50488888888889,69.33333333333333,1653.2444444444445,6.909111111111112,0.31844121475517456,0.4033410848917563
USER1137,43,Female,Sedentary,Weight Loss,20.3,Balanced,5.21,2734.8,9.055555555555555,6.574666666666667,69.4,1646.9333333333334,6.944555555555556,0.3335574160136169,0.38354640089691305
USER1138,19,Female,Moderately Active,Stress Management,23.4,Balanced,4.72,7644.9111111111115,45.82222222222222,7.402555555555556,69.53333333333333,2057.4333333333334,7.099222222222222,0.4032171279442358,0.4043836659704043
USER1139,37,Female,Lightly Active,General Fitness,24.2,Vegan,5.15,5715.477777777778,26.155555555555555,7.02,68.06666666666666,1856.0111111111112,7.026999999999999,0.3463322662823662,0.42333168433723206
USER1140,39,Male,Very Active,Build Muscle,21.9,Low Carb,3.92,11042.266666666666,72.27777777777777,8.151666666666667,69.13333333333334,2303.222222222222,6.916777777777778,0.380006310200413,0.45524487047689344
USER1141,29,Male,Sedentary,Build Muscle,29.4,Balanced,6.04,2836.688888888889,7.977777777777778,6.420333333333334,70.96666666666667,1644.1666666666667,7.0489999999999995,0.3224017224914058,0.45015491457167073
USER1142,45,Male,Moderately Active,Stress Management,29.2,Balanced,5.53,8371.077777777778,43.56666666666667,7.457,71.0111111111111,2045.2,6.713777777777778,0.36102867908258074,0.4433486291753006
USER1143,30,Female,Sedentary,Weight Loss,21.4,Low Carb,4.58,2722.188888888889,9.033333333333333,6.517666666666667,71.81111111111112,1656.1555555555556,7.009555555555556,0.34257479391881496,0.41400467892715204
USER1144,33,Female,Sedentary,Stress Management,28.9,Low Carb,6.29,2743.188888888889,8.988888888888889,6.454,68.07777777777778,1645.8111111111111,6.736888888888888,0.3197442458819868,0.37264290333265476
USER1145,30,Female,Moderately Active,Weight Loss,32.1,High Protein,5.84,8204.333333333334,44.05555555555556,7.556777777777778,70.76666666666667,2066.2,7.369000000000001,0.3443015016107663,0.45806441693335753
USER1146,32,Male,Lightly Active,General Fitness,33.6,High Protein,2.84,5180.8,24.522222222222222,6.965777777777777,69.94444444444444,1835.5,6.902222222222223,0.3510098932626983,0.5305278985994984
USER1147,21,Male,Moderately Active,Better Sleep,37.5,Low Carb,2.84,8151.6,44.32222222222222,7.487666666666667,70.87777777777778,2044.2666666666667,7.073777777777778,0.40270717392541916,0.4372805318958276
USER1148,18,Male,Lightly Active,General Fitness,22.4,Balanced,2.58,5445.355555555556,28.133333333333333,6.828777777777778,70.23333333333333,1849.3444444444444,6.830222222222223,0.3434263796028808,0.41589090596951633
USER1149,47,Other,Lightly Active,Build Muscle,37.3,Balanced,3.1,5495.555555555556,27.6,7.016444444444445,68.84444444444445,1869.9444444444443,6.975888888888889,0.3539340144515012,0.40292641241078414
USER1150,23,Female,Lightly Active,General Fitness,24.6,Low Carb,4.96,5448.1,30.4,7.060777777777778,70.07777777777778,1880.9777777777779,6.961333333333333,0.3869478657756665,0.34385073691410584
USER1151,22,Female,Very Active,Build Muscle,23.6,Balanced,7.86,11258.066666666668,73.1,8.013555555555556,68.37777777777778,2314.0666666666666,7.021777777777778,0.37614826344849667,0.3962449069046797
USER1152,18,Male,Lightly Active,Weight Loss,27.3,Balanced,4.36,5326.233333333334,27.08888888888889,6.854,69.25555555555556,1844.2555555555555,6.898000000000001,0.410566494754772,0.49767248887687804
USER1153,25,Female,Lightly Active,Better Sleep,23.7,Balanced,4.56,5641.777777777777,25.833333333333332,7.151555555555555,69.17777777777778,1835.7888888888888,7.063444444444444,0.3117229074479145,0.453824371665834
USER1154,18,Female,Lightly Active,Stress Management,27.6,Balanced,5.29,5315.044444444445,25.833333333333332,6.837777777777777,68.91111111111111,1841.0444444444445,6.785555555555556,0.3306779303320066,0.4677558884274148
USER1155,48,Male,Lightly Active,General Fitness,20.7,Balanced,5.12,5537.3,26.477777777777778,7.033111111111111,69.83333333333333,1861.6777777777777,7.054555555555555,0.3923211694412338,0.44546526574375894
USER1156,42,Female,Lightly Active,Build Muscle,25.0,Balanced,3.5,5562.955555555555,25.9,6.884666666666667,68.28888888888889,1857.4444444444443,7.106111111111111,0.38682310646801726,0.4668203679416239
USER1157,25,Female,Very Active,Weight Loss,31.1,Vegetarian,3.71,10687.966666666667,70.4888888888889,8.020666666666667,68.3,2264.8444444444444,6.995222222222223,0.42523218241123906,0.40192209260061357
USER1158,54,Female,Lightly Active,Weight Loss,25.8,Balanced,4.96,5640.288888888889,26.177777777777777,6.843222222222222,69.17777777777778,1854.3222222222223,6.948,0.27846409380578413,0.44427394488313454
USER1159,41,Female,Moderately Active,General Fitness,26.6,Balanced,3.65,7929.922222222222,43.455555555555556,7.424555555555556,69.65555555555555,2023.111111111111,6.849777777777778,0.3776531926901067,0.49846646082200663
USER1160,28,Male,Sedentary,Stress Management,27.9,Balanced,3.83,2683.5666666666666,8.877777777777778,6.673222222222223,70.88888888888889,1630.6777777777777,7.0471111111111115,0.3582191414026272,0.4476445756149119
USER1161,18,Male,Moderately Active,General Fitness,30.7,Low Carb,3.85,8158.122222222222,46.166666666666664,7.425333333333333,69.0,2053.7,6.719222222222222,0.3994945055385677,0.4315498965520087
USER1162,54,Other,Very Active,Stress Management,19.4,Balanced,5.7,10726.511111111111,73.27777777777777,7.948555555555556,69.94444444444444,2298.311111111111,6.9717777777777785,0.3209086735212601,0.4157182177093384
USER1163,18,Male,Sedentary,Weight Loss,28.3,Low Carb,3.43,2794.711111111111,8.266666666666667,6.515999999999999,70.23333333333333,1623.6666666666667,7.080555555555556,0.3731380645049253,0.4515212455975022
USER1164,18,Female,Very Active,Build Muscle,24.9,High Protein,3.53,10592.666666666666,72.54444444444445,8.038777777777778,69.15555555555555,2287.8,6.921222222222222,0.404962644364516,0.47513442879877943
USER1165,42,Female,Lightly Active,Weight Loss,26.7,Balanced,7.41,5688.5,26.644444444444446,6.946111111111111,68.92222222222222,1858.5555555555557,7.030777777777778,0.26303355985094606,0.41508922079152544
USER1166,56,Female,Very Active,Build Muscle,30.2,Balanced,5.5,10286.966666666667,75.93333333333334,7.982222222222222,69.35555555555555,2297.1444444444446,6.885888888888889,0.30952242748722086,0.3745957294712965
USER1167,45,Other,Moderately Active,Weight Loss,21.2,Balanced,3.13,8272.977777777778,49.22222222222222,7.428111111111111,68.72222222222223,2085.1222222222223,7.030888888888889,0.3200824885525374,0.39802846419961235
USER1168,37,Male,Lightly Active,Better Sleep,21.9,High Protein,5.07,5576.6,26.711111111111112,6.88111111111111,70.34444444444445,1856.3222222222223,6.953777777777778,0.321939391111465,0.435280369253977
USER1169,37,Male,Sedentary,Weight Loss,18.3,Vegetarian,3.32,2886.9666666666667,8.677777777777777,6.559888888888889,69.25555555555556,1659.9333333333334,6.844888888888889,0.3638650010431346,0.4013265579124842
USER1170,40,Male,Lightly Active,Better Sleep,23.8,Vegan,7.61,5360.144444444444,26.4,6.857333333333333,70.33333333333333,1845.6222222222223,6.719444444444444,0.39193505683943053,0.40748991924735706
USER1171,39,Male,Sedentary,Build Muscle,31.3,Balanced,3.01,2721.722222222222,8.044444444444444,6.448111111111111,69.82222222222222,1628.1333333333334,7.499444444444445,0.3752970278772725,0.4861264892923352
USER1172,34,Male,Sedentary,Better Sleep,25.5,High Protein,3.03,2844.288888888889,8.822222222222223,6.494999999999999,69.9,1677.6777777777777,7.070333333333334,0.3850092292784823,0.4524094953324976
USER1173,33,Male,Sedentary,General Fitness,20.6,Balanced,5.52,2694.3,9.144444444444444,6.517666666666667,69.11111111111111,1660.0555555555557,7.065222222222222,0.37363666646235294,0.4290700830851331
USER1174,31,Female,Lightly Active,Better Sleep,24.1,Balanced,3.5,5427.077777777778,27.555555555555557,7.031222222222222,69.31111111111112,1844.2,7.0168888888888885,0.3553507221314962,0.4013293780973339
USER1175,24,Female,Moderately Active,Weight Loss,20.0,Vegan,6.43,8545.388888888889,44.62222222222222,7.420555555555556,70.73333333333333,2042.3777777777777,7.096555555555556,0.34459648525608444,0.4762794037364984
USER1176,29,Male,Sedentary,General Fitness,21.5,Vegan,4.9,2888.9,8.233333333333333,6.552555555555556,71.37777777777778,1647.7111111111112,6.933111111111112,0.34461860078852075,0.483282813295126
USER1177,18,Male,Sedentary,Better Sleep,27.6,Balanced,6.2,2568.9555555555557,8.4,6.466666666666667,68.9,1655.911111111111,6.988111111111111,0.38585522855729315,0.4562770242969314
USER1178,31,Female,Moderately Active,Weight Loss,21.3,Balanced,3.1,8249.511111111111,45.12222222222222,7.405222222222222,69.22222222222223,2066.011111111111,6.745111111111112,0.32547340938042774,0.44291231789694063
USER1179,22,Male,Sedentary,Weight Loss,30.5,Balanced,3.36,2695.0555555555557,7.988888888888889,6.4447777777777775,68.5111111111111,1642.0555555555557,7.1931111111111115,0.353512562032909,0.47387560071802154
USER1180,20,Male,Sedentary,Build Muscle,25.7,Balanced,2.11,2643.9222222222224,8.422222222222222,6.593666666666666,69.05555555555556,1660.5333333333333,6.937555555555556,0.3461262829874619,0.3913886492473957
USER1181,33,Male,Sedentary,Better Sleep,26.3,Balanced,4.21,2642.4777777777776,8.644444444444444,6.404222222222222,70.28888888888889,1644.7777777777778,7.243666666666666,0.33386733044842093,0.4443122873066894
USER1182,45,Female,Very Active,General Fitness,24.9,High Protein,4.47,10776.111111111111,67.95555555555555,8.054777777777778,69.05555555555556,2270.4555555555557,6.756555555555556,0.38405891296553235,0.52528781754667
USER1183,41,Male,Moderately Active,General Fitness,29.1,Low Carb,6.6,8226.877777777778,43.388888888888886,7.446666666666667,68.81111111111112,2050.9,6.9944444444444445,0.30240229872320307,0.39701431603409015
USER1184,18,Other,Lightly Active,Weight Loss,29.1,Vegetarian,2.18,5487.033333333334,27.522222222222222,6.980888888888889,70.74444444444444,1848.7444444444445,7.354444444444444,0.36287465539268193,0.46239632100310213
USER1185,22,Male,Moderately Active,Weight Loss,27.3,Vegetarian,5.22,8633.011111111111,45.355555555555554,7.473888888888888,69.95555555555555,2066.6444444444446,6.827111111111112,0.340651998312013,0.45970854849877757
USER1186,41,Female,Lightly Active,Stress Management,28.3,Low Carb,4.9,5235.4,27.57777777777778,7.15088888888889,71.02222222222223,1848.9666666666667,7.249555555555556,0.37508674969730293,0.42422538648642166
USER1187,22,Male,Moderately Active,Weight Loss,25.2,Vegetarian,2.89,8467.1,47.922222222222224,7.490111111111111,67.8,2070.988888888889,6.955555555555556,0.3541355650171357,0.41100059020605456
USER1188,29,Male,Moderately Active,General Fitness,28.2,Low Carb,4.58,8264.333333333334,42.32222222222222,7.506222222222221,70.64444444444445,2034.4555555555555,6.901222222222223,0.3242206038293366,0.5405507594922945
USER1189,37,Female,Moderately Active,Better Sleep,24.6,Balanced,5.07,8431.611111111111,43.82222222222222,7.456777777777778,69.92222222222222,2058.3,7.3389999999999995,0.36711849885325404,0.46239331056011307
USER1190,22,Female,Lightly Active,Weight Loss,26.0,Low Carb,3.96,5719.111111111111,28.27777777777778,6.943777777777778,68.4,1864.3555555555556,7.245333333333334,0.35754820396436554,0.3821775085928027
USER1191,33,Female,Sedentary,General Fitness,24.9,Low Carb,2.21,2805.8555555555554,8.577777777777778,6.505888888888888,70.04444444444445,1648.8222222222223,6.937666666666667,0.40575055906456786,0.46770015945080246
USER1192,18,Female,Lightly Active,Weight Loss,24.2,Vegetarian,6.54,5598.1,28.58888888888889,6.9655555555555555,70.2,1854.611111111111,6.963333333333334,0.3551711002082043,0.4692152865032737
USER1193,25,Female,Moderately Active,General Fitness,23.2,High Protein,6.93,8629.255555555555,47.8,7.353333333333333,68.9888888888889,2092.711111111111,6.9528888888888885,0.3517237099452369,0.4323959327362357
USER1194,35,Female,Lightly Active,Weight Loss,27.9,Balanced,6.63,5632.833333333333,24.08888888888889,6.896111111111111,69.06666666666666,1852.7555555555555,6.937333333333333,0.34725123274881625,0.47095949388398595
USER1195,18,Female,Moderately Active,General Fitness,31.2,Vegetarian,5.57,8300.844444444445,41.4,7.450555555555555,70.04444444444445,2037.0222222222221,6.994111111111112,0.33814368110178844,0.48065140210069407
USER1196,36,Male,Very Active,Build Muscle,30.7,Balanced,3.96,10479.966666666667,67.65555555555555,7.909666666666666,72.24444444444444,2265.6222222222223,6.9239999999999995,0.3603208700054594,0.5125358393628862
USER1197,31,Male,Sedentary,Build Muscle,21.0,Vegetarian,4.52,2842.211111111111,7.411111111111111,6.5456666666666665,68.43333333333334,1652.7444444444445,7.002111111111112,0.3480441108885417,0.49905459710507005
USER1198,37,Male,Moderately Active,General Fitness,31.2,Balanced,4.63,7839.555555555556,45.6,7.526222222222223,71.02222222222223,2043.2666666666667,7.1273333333333335,0.4112965501338538,0.4242419258671926
USER1199,34,Female,Moderately Active,Weight Loss,24.7,Balanced,5.82,8373.011111111111,43.55555555555556,7.596,69.31111111111112,2049.3777777777777,6.67411111111111,0.37051104914923255,0.5678211694425995
USER1200,45,Male,Very Active,General Fitness,28.4,Balanced,4.56,9965.644444444444,75.62222222222222,8.057666666666666,70.11111111111111,2253.6,7.0905555555555555,0.40036533451944517,0.42349058435365766
USER1201,33,Male,Very Active,Build Muscle,22.4,Low Carb,2.97,11231.211111111112,74.83333333333333,8.036888888888889,68.12222222222222,2316.633333333333,6.8165555555555555,0.32486786353394864,0.451265044158863
USER1202,27,Female,Moderately Active,General Fitness,26.6,Balanced,2.9,8181.866666666667,41.044444444444444,7.608999999999999,69.16666666666667,2030.5111111111112,6.947555555555555,0.36474545355855936,0.4742964756521115
USER1203,33,Female,Sedentary,Weight Loss,27.3,Vegan,6.31,2873.766666666667,8.855555555555556,6.358222222222222,68.71111111111111,1661.4888888888888,6.892888888888889,0.33907264949680527,0.4452585116913726
USER1204,37,Female,Moderately Active,General Fitness,20.1,Balanced,2.37,8473.255555555555,43.56666666666667,7.463333333333334,69.52222222222223,2052.211111111111,7.008333333333334,0.3203093745597838,0.4169613715782604
USER1205,32,Male,Sedentary,Weight Loss,28.4,High Protein,5.47,2751.311111111111,9.28888888888889,6.4448888888888884,70.94444444444444,1650.7888888888888,7.170111111111112,0.35392831370176625,0.37732743940687496
USER1206,32,Female,Moderately Active,Build Muscle,31.4,Vegetarian,3.51,8268.566666666668,43.955555555555556,7.651777777777777,71.21111111111111,2053.8,6.915333333333333,0.3609528465981523,0.37085382886495505
USER1207,24,Male,Very Active,Weight Loss,25.3,Balanced,1.78,11615.444444444445,70.85555555555555,8.004888888888889,69.31111111111112,2317.3444444444444,7.16188888888889,0.33620040895060677,0.4756462136564763
USER1208,25,Male,Lightly Active,General Fitness,31.4,Balanced,5.36,5396.2,25.633333333333333,6.859111111111112,70.74444444444444,1837.2666666666667,7.161777777777777,0.3680703883311084,0.4314703794414954
USER1209,18,Male,Moderately Active,Weight Loss,25.2,Vegetarian,4.83,8506.077777777778,47.977777777777774,7.521777777777778,69.72222222222223,2078.5,7.182888888888889,0.2984883946261036,0.4173572701554519
USER1210,49,Male,Lightly Active,Stress Management,29.4,Low Carb,4.28,5488.866666666667,27.133333333333333,6.843444444444444,71.81111111111112,1861.411111111111,6.9494444444444445,0.4001237670262278,0.43275488527337397
USER1211,19,Male,Lightly Active,Stress Management,18.0,Low Carb,3.51,5339.2,28.211111111111112,6.945333333333334,68.93333333333334,1834.6444444444444,7.061555555555556,0.3706530460386084,0.41252632033899167
USER1212,25,Female,Lightly Active,Weight Loss,35.7,Balanced,6.97,5191.455555555555,26.655555555555555,7.086555555555555,69.38888888888889,1831.911111111111,6.734555555555556,0.33894178441868195,0.4497626534579727
USER1213,24,Male,Moderately Active,General Fitness,32.0,Balanced,4.39,8709.477777777778,44.17777777777778,7.511222222222222,69.52222222222223,2065.6444444444446,7.310666666666667,0.305678185055849,0.38862596092814233
USER1214,40,Female,Very Active,Weight Loss,24.9,High Protein,3.92,11659.222222222223,71.57777777777778,8.003,70.45555555555555,2305.0222222222224,6.856888888888889,0.37447898257003764,0.47531096575367776
USER1215,29,Female,Very Active,Build Muscle,18.1,Balanced,3.14,11040.622222222222,73.93333333333334,7.9126666666666665,69.18888888888888,2292.2,7.225444444444444,0.3519752996221718,0.4620376672878867
USER1216,44,Male,Sedentary,General Fitness,27.2,Balanced,2.84,2456.6444444444446,8.622222222222222,6.557444444444444,70.44444444444444,1646.1222222222223,6.775333333333333,0.3744650046435262,0.3534770103299706
USER1217,25,Female,Moderately Active,General Fitness,20.2,Balanced,5.31,8611.388888888889,47.12222222222222,7.428222222222222,69.97777777777777,2081.777777777778,7.00488888888889,0.32627127774225806,0.42663537992447426
USER1218,34,Male,Moderately Active,General Fitness,27.8,Vegetarian,3.78,8282.177777777777,47.333333333333336,7.528888888888889,70.24444444444444,2074.5777777777776,7.090111111111112,0.3570077327239897,0.41410333198375443
USER1219,23,Female,Lightly Active,Weight Loss,27.6,Vegetarian,1.39,5525.888888888889,24.233333333333334,6.984999999999999,69.67777777777778,1842.8444444444444,6.946888888888889,0.3719113923265185,0.5253229335976335
USER1220,53,Male,Sedentary,Build Muscle,22.2,Balanced,3.27,2774.1666666666665,8.722222222222221,6.4767777777777775,69.75555555555556,1652.2222222222222,7.124333333333334,0.35133036233544934,0.36188170352608157
USER1221,20,Male,Lightly Active,Weight Loss,30.5,Balanced,5.91,5472.966666666666,26.27777777777778,7.044555555555555,68.4,1853.3,7.028444444444445,0.33910999700402106,0.4171296216998742
USER1222,35,Male,Very Active,General Fitness,29.2,Balanced,5.31,10988.666666666666,72.35555555555555,8.117777777777778,68.2,2288.233333333333,7.1112222222222226,0.37890159471840307,0.47277326702977734
USER1223,38,Female,Moderately Active,General Fitness,29.9,Balanced,3.35,8003.688888888889,46.46666666666667,7.419111111111111,67.05555555555556,2041.9444444444443,6.866888888888889,0.4183642343398448,0.46894340684498464
USER1224,36,Female,Moderately Active,General Fitness,26.0,Balanced,7.65,8496.177777777777,46.56666666666667,7.664,70.28888888888889,2064.3444444444444,7.008222222222222,0.353801080997379,0.38696322563978036
USER1225,30,Male,Lightly Active,Weight Loss,20.3,High Protein,2.66,5624.333333333333,26.41111111111111,7.020333333333334,68.61111111111111,1862.7444444444445,7.090888888888888,0.33304405525761355,0.4244663705838296
USER1226,30,Female,Moderately Active,Build Muscle,29.9,Balanced,2.44,8255.022222222222,48.93333333333333,7.521555555555555,70.3,2057.766666666667,7.022777777777777,0.34022908832381077,0.4210246027383946
USER1227,32,Female,Sedentary,Build Muscle,24.9,Balanced,2.36,2651.3777777777777,8.266666666666667,6.5358888888888895,69.7,1646.1555555555556,6.997888888888888,0.31699874240590603,0.349421135095853
USER1228,30,Female,Lightly Active,Weight Loss,20.4,Vegan,3.18,5511.5888888888885,26.0,7.056555555555556,68.93333333333334,1829.8333333333333,6.979333333333333,0.3887327010162991,0.5126653769777267
USER1229,41,Female,Moderately Active,Build Muscle,31.4,Balanced,5.15,8225.066666666668,43.87777777777778,7.600111111111111,69.03333333333333,2036.4888888888888,6.912222222222223,0.3587443345805614,0.45138465374424247
USER1230,54,Female,Sedentary,Stress Management,34.4,Low Carb,3.53,2759.988888888889,8.644444444444444,6.490666666666666,70.06666666666666,1636.0444444444445,7.056111111111111,0.3573424604946727,0.4004777986891165
USER1231,26,Female,Moderately Active,Stress Management,25.8,Balanced,4.07,7973.811111111111,46.888888888888886,7.482555555555555,70.21111111111111,2052.277777777778,6.909111111111112,0.33650626249711835,0.46848678668070876
USER1232,18,Female,Sedentary,General Fitness,34.6,Balanced,2.11,2918.9444444444443,8.644444444444444,6.514777777777779,71.87777777777778,1661.7555555555555,7.073111111111111,0.36752646257544686,0.5082669377420677
USER1233,31,Male,Moderately Active,Build Muscle,26.4,High Protein,6.57,8346.0,47.422222222222224,7.383,70.47777777777777,2048.1111111111113,7.005333333333334,0.3342222197658771,0.3935031172948965
USER1234,57,Male,Lightly Active,Weight Loss,24.5,Low Carb,6.32,5429.7444444444445,27.288888888888888,6.879777777777777,69.91111111111111,1839.5222222222221,7.196555555555556,0.2815929614321369,0.48017745450802374
USER1235,23,Male,Lightly Active,Stress Management,23.5,Balanced,3.86,5480.977777777778,27.88888888888889,6.9366666666666665,69.0,1846.2333333333333,6.847,0.3789735801998721,0.4200838180663276
USER1236,48,Female,Sedentary,Weight Loss,32.5,Low Carb,4.11,2805.711111111111,8.122222222222222,6.589555555555556,69.2,1652.2888888888888,7.079777777777777,0.34361432018298377,0.4048707147345572
USER1237,48,Female,Sedentary,Better Sleep,22.9,Vegan,4.48,2717.722222222222,9.333333333333334,6.490666666666666,69.0,1698.5555555555557,7.016555555555556,0.3712837246562515,0.3838574136940262
USER1238,26,Male,Very Active,Build Muscle,28.9,Balanced,5.15,10617.077777777778,71.18888888888888,8.032,69.75555555555556,2290.8444444444444,7.209666666666667,0.34449757280913873,0.5112442671657602
USER1239,37,Female,Lightly Active,Build Muscle,23.8,Low Carb,4.86,5874.577777777778,27.244444444444444,7.029555555555556,68.53333333333333,1882.5777777777778,7.3467777777777785,0.34214083531500544,0.44548403486616667
USER1240,48,Male,Moderately Active,Better Sleep,24.2,High Protein,4.41,7828.422222222222,46.28888888888889,7.628333333333333,71.43333333333334,2048.6444444444446,7.185666666666667,0.35651372243209567,0.43093053301695805
USER1241,28,Male,Very Active,Weight Loss,30.1,Balanced,3.86,10829.955555555556,74.22222222222223,7.919444444444444,69.68888888888888,2310.0333333333333,6.869999999999999,0.318969521532819,0.4282712686745373
USER1242,29,Other,Sedentary,General Fitness,24.5,Vegetarian,2.85,2912.8888888888887,8.71111111111111,6.440333333333333,69.57777777777778,1673.1555555555556,7.052666666666667,0.3568478694178119,0.4517987771189793
USER1243,26,Male,Lightly Active,General Fitness,24.4,Low Carb,4.61,5623.611111111111,24.977777777777778,6.993333333333333,68.52222222222223,1838.588888888889,7.223333333333334,0.33278217284822176,0.4696033373256609
USER1244,21,Male,Moderately Active,Weight Loss,30.5,Low Carb,3.74,8420.577777777778,42.06666666666667,7.567333333333334,70.26666666666667,2052.8,6.918555555555555,0.3577575151107811,0.4417030153153289
USER1245,25,Female,Very Active,Build Muscle,32.4,Balanced,4.36,11126.355555555556,76.37777777777778,8.023333333333333,69.27777777777777,2330.0777777777776,7.018111111111111,0.3185067216886492,0.45709140852236935
USER1246,19,Female,Very Active,General Fitness,28.6,Balanced,2.33,11173.855555555556,73.76666666666667,7.928888888888889,69.25555555555556,2325.9666666666667,7.1738888888888885,0.327009786086364,0.48467459108149197
USER1247,32,Male,Lightly Active,General Fitness,23.4,Low Carb,3.69,5504.422222222222,27.2,6.9353333333333325,69.82222222222222,1842.1888888888889,7.014666666666667,0.35493785755771606,0.4384434664754329
USER1248,24,Female,Moderately Active,Weight Loss,24.0,Balanced,3.2,8263.444444444445,44.077777777777776,7.480777777777778,68.95555555555555,2048.988888888889,7.214555555555555,0.3863025274570338,0.4427674640672465
USER1249,34,Female,Sedentary,Better Sleep,26.3,Balanced,5.36,2844.5555555555557,8.71111111111111,6.469666666666667,68.92222222222222,1650.2888888888888,6.975777777777778,0.3191936592934309,0.43152458701887153
USER1250,18,Male,Very Active,Weight Loss,27.3,Balanced,4.58,10866.68888888889,76.12222222222222,8.06711111111111,70.36666666666666,2310.011111111111,7.061888888888889,0.36077470732718786,0.4450835624811972
USER1251,35,Male,Very Active,Weight Loss,22.0,Balanced,3.25,11272.18888888889,75.4888888888889,7.853111111111111,70.75555555555556,2344.2444444444445,7.102555555555556,0.32908524611451234,0.4874156636032575
USER1252,40,Female,Sedentary,Weight Loss,28.9,High Protein,3.4,2634.3777777777777,8.433333333333334,6.558666666666666,68.96666666666667,1658.9444444444443,7.123555555555556,0.38924283807638027,0.46181731377804897
USER1253,18,Male,Lightly Active,Weight Loss,26.3,Balanced,4.85,5298.455555555555,26.266666666666666,6.891666666666667,70.34444444444445,1842.6555555555556,7.012777777777777,0.3627977460984876,0.43849204478811205
USER1254,35,Female,Sedentary,Weight Loss,19.1,High Protein,4.61,2673.9444444444443,8.266666666666667,6.539222222222222,70.56666666666666,1663.6444444444444,7.065222222222222,0.39516235719300413,0.432493190365155
USER1255,44,Female,Lightly Active,Better Sleep,22.3,Balanced,4.23,5267.877777777778,25.42222222222222,6.978555555555556,68.24444444444444,1827.1222222222223,7.048555555555556,0.32717668947508177,0.4706151685548344
USER1256,19,Other,Moderately Active,Build Muscle,24.0,Low Carb,4.9,8135.166666666667,44.55555555555556,7.522,69.72222222222223,2061.311111111111,6.799777777777778,0.3689404454763122,0.4267191495581644
USER1257,48,Male,Lightly Active,Weight Loss,25.7,Balanced,5.96,5739.444444444444,25.488888888888887,7.084333333333333,68.72222222222223,1870.0777777777778,7.208,0.32958324652928656,0.46554431565845483
USER1258,36,Other,Sedentary,Weight Loss,33.6,Vegetarian,3.43,2620.9777777777776,9.322222222222223,6.529111111111111,69.5111111111111,1664.8111111111111,6.756444444444445,0.3768389992148056,0.37985647724366656
USER1259,24,Male,Lightly Active,General Fitness,27.0,Vegetarian,2.56,5418.222222222223,26.711111111111112,7.051666666666667,69.3,1837.7666666666667,7.1688888888888895,0.3907078388584262,0.4474106987819643
USER1260,31,Male,Very Active,Stress Management,22.6,Balanced,5.15,10905.066666666668,72.68888888888888,8.082333333333333,71.43333333333334,2302.8333333333335,6.921666666666667,0.35948624113845284,0.38875796327799755
USER1261,37,Male,Moderately Active,Weight Loss,26.9,Vegan,3.63,8150.822222222222,47.8,7.435,69.27777777777777,2054.4777777777776,7.09911111111111,0.37871503986734595,0.4354817571780717
USER1262,32,Male,Lightly Active,Weight Loss,24.6,Balanced,5.14,5390.266666666666,27.022222222222222,6.993444444444444,69.71111111111111,1868.2111111111112,6.826333333333333,0.35637501383941506,0.4082011758830781
USER1263,37,Female,Sedentary,Weight Loss,27.3,Low Carb,5.62,2671.6555555555556,9.2,6.495777777777778,70.52222222222223,1642.4444444444443,7.018333333333333,0.343490297888443,0.42084601390863396
USER1264,22,Male,Very Active,Weight Loss,28.3,High Protein,4.44,10226.3,78.77777777777777,7.865333333333333,69.1,2306.9,6.778777777777778,0.38624634256671314,0.42467279964135196
USER1265,33,Male,Moderately Active,Weight Loss,30.8,Vegan,3.52,8624.91111111111,46.41111111111111,7.461111111111111,69.24444444444444,2074.488888888889,7.060111111111111,0.3537564447397077,0.3738970597157929
USER1266,18,Female,Lightly Active,Build Muscle,25.9,High Protein,1.7,5337.155555555555,28.633333333333333,6.930888888888888,67.91111111111111,1860.8,6.813555555555556,0.3371616259379747,0.41842501480686944
USER1267,30,Male,Sedentary,Weight Loss,32.6,Balanced,2.77,2633.7444444444445,7.955555555555556,6.618222222222222,69.36666666666666,1630.1666666666667,7.094222222222222,0.37276803207261067,0.49460636610804204
USER1268,22,Female,Sedentary,General Fitness,29.6,Balanced,3.03,2884.3,9.188888888888888,6.506555555555556,70.22222222222223,1637.7777777777778,6.745888888888889,0.3280742981148385,0.4302773355328297
USER1269,24,Male,Sedentary,Weight Loss,23.2,Balanced,4.77,2716.3,8.188888888888888,6.563666666666667,68.73333333333333,1645.6222222222223,6.845,0.35835410933395123,0.5010498110762885
USER1270,44,Female,Lightly Active,Better Sleep,34.8,Low Carb,6.56,5517.544444444445,26.3,7.165555555555556,69.74444444444444,1856.1555555555556,6.862111111111111,0.34019420197955247,0.438489061977745
USER1271,42,Female,Very Active,Better Sleep,27.3,Vegetarian,2.78,10522.277777777777,73.43333333333334,7.87988888888889,69.4,2285.133333333333,6.905,0.3406276257750857,0.48547553956814443
USER1272,38,Male,Lightly Active,General Fitness,22.7,Balanced,4.54,5363.922222222222,27.566666666666666,7.020222222222222,68.53333333333333,1844.6777777777777,7.0037777777777785,0.3664855305610517,0.4884411615493603
USER1273,21,Male,Moderately Active,Build Muscle,32.6,Low Carb,3.81,8052.977777777778,46.22222222222222,7.455777777777778,68.97777777777777,2050.3,6.941111111111112,0.36776077415185693,0.46488425467229416
USER1274,28,Male,Lightly Active,Build Muscle,34.3,Balanced,2.94,5207.933333333333,27.733333333333334,7.124222222222222,69.23333333333333,1841.3222222222223,7.216666666666667,0.3362550215452155,0.3985319824331116
USER1275,44,Female,Moderately Active,Build Muscle,25.9,Balanced,5.37,8199.822222222223,45.01111111111111,7.530888888888889,68.73333333333333,2061.911111111111,6.958666666666667,0.3253157308111347,0.4556000012615457
USER1276,33,Male,Moderately Active,General Fitness,24.0,Low Carb,5.98,8178.166666666667,46.24444444444445,7.518777777777778,70.05555555555556,2049.8,7.024666666666667,0.38424340868463475,0.44989898048209065
USER1277,55,Male,Sedentary,Build Muscle,25.3,Balanced,4.71,2763.0444444444443,9.5,6.439333333333333,68.84444444444445,1653.5444444444445,7.074777777777778,0.3236977527750873,0.3844416918884854
USER1278,35,Male,Lightly Active,Stress Management,28.9,Vegetarian,5.19,5431.333333333333,25.455555555555556,6.847111111111111,70.72222222222223,1843.9,6.855333333333333,0.3819942619840531,0.4657191769072567
USER1279,33,Male,Moderately Active,Better Sleep,31.1,Balanced,4.6,8062.4111111111115,46.9,7.562777777777778,70.05555555555556,2059.8888888888887,7.093111111111111,0.40755114588100316,0.4570605504176253
USER1280,28,Female,Sedentary,Build Muscle,28.3,Vegetarian,4.07,2837.211111111111,8.877777777777778,6.5440000000000005,69.08888888888889,1656.9444444444443,7.047777777777777,0.3306493616670414,0.44840710604328116
USER1281,33,Female,Lightly Active,General Fitness,26.4,Balanced,6.13,5284.988888888889,26.61111111111111,6.943333333333333,68.55555555555556,1861.3111111111111,7.122888888888888,0.3768299485872638,0.48409392335599893
USER1282,30,Male,Lightly Active,Weight Loss,32.0,Balanced,2.81,5470.288888888889,25.944444444444443,6.929222222222222,71.91111111111111,1852.5222222222221,7.3164444444444445,0.36260085388380986,0.4648110524569423
USER1283,39,Male,Very Active,Weight Loss,24.7,Low Carb,3.01,11137.522222222222,73.37777777777778,8.071222222222222,70.58888888888889,2301.177777777778,6.840333333333334,0.3707342679806708,0.41953173294739377
USER1284,41,Female,Lightly Active,Build Muscle,30.1,Vegan,1.58,5571.222222222223,28.8,6.894,69.53333333333333,1872.8555555555556,6.684888888888889,0.3440858458415938,0.445892221258338
USER1285,24,Female,Moderately Active,Weight Loss,24.8,Balanced,4.67,7995.288888888889,47.666666666666664,7.500888888888889,69.12222222222222,2062.8777777777777,6.781888888888889,0.4066211861358436,0.38232432522708915
USER1286,18,Male,Lightly Active,Stress Management,27.7,Balanced,5.0,5928.711111111111,25.866666666666667,7.087000000000001,68.57777777777778,1861.6222222222223,6.917222222222222,0.3325722364750481,0.49584969117901695
USER1287,18,Male,Moderately Active,Weight Loss,25.5,Low Carb,4.31,8317.988888888889,45.58888888888889,7.515888888888888,70.06666666666666,2077.4333333333334,7.0,0.3327672787367967,0.45461749667035867
USER1288,37,Male,Lightly Active,Build Muscle,25.8,Balanced,4.53,5285.922222222222,27.6,7.062333333333333,70.53333333333333,1842.2,6.969,0.366808748037544,0.4001184343333395
USER1289,20,Female,Moderately Active,General Fitness,24.5,Vegetarian,3.27,8371.477777777778,48.266666666666666,7.443777777777778,70.32222222222222,2060.288888888889,7.072555555555555,0.3463938756505199,0.41145127682891375
USER1290,18,Male,Lightly Active,General Fitness,31.4,Vegetarian,3.55,5252.277777777777,28.944444444444443,7.118555555555555,68.85555555555555,1877.388888888889,7.091777777777778,0.3962576217305269,0.4254696645013194
USER1291,35,Female,Moderately Active,Build Muscle,23.1,Balanced,4.11,7540.633333333333,44.3,7.542333333333333,70.76666666666667,2021.9777777777779,7.0776666666666666,0.4017250614900368,0.4949436544510697
USER1292,56,Female,Moderately Active,Stress Management,23.0,Balanced,3.05,8376.444444444445,45.766666666666666,7.402666666666667,69.63333333333334,2054.4777777777776,7.032333333333333,0.33771776925729047,0.44363182901374854
USER1293,31,Female,Lightly Active,General Fitness,34.5,Vegetarian,2.76,5824.266666666666,27.033333333333335,6.906333333333334,70.96666666666667,1865.3333333333333,7.110777777777778,0.3200347123793072,0.48333377171260644
USER1294,40,Male,Sedentary,Build Muscle,29.9,Balanced,4.39,2664.0666666666666,8.744444444444444,6.430555555555555,69.77777777777777,1671.7888888888888,6.866555555555555,0.3707502949471016,0.4011366207052838
USER1295,32,Male,Sedentary,Weight Loss,18.0,Low Carb,3.18,2795.1666666666665,8.877777777777778,6.532111111111111,70.44444444444444,1651.5111111111112,6.978888888888889,0.3513166708046131,0.4404639718138142
USER1296,31,Male,Sedentary,Build Muscle,23.7,Balanced,4.99,2766.5444444444443,8.366666666666667,6.584333333333333,67.52222222222223,1645.4333333333334,6.943777777777778,0.361357882096433,0.44375668837805965
USER1297,41,Male,Moderately Active,Stress Management,18.8,Low Carb,6.33,8698.7,44.388888888888886,7.530222222222222,68.97777777777777,2079.488888888889,7.007777777777778,0.31025176393367476,0.43477986055504875
USER1298,29,Female,Sedentary,General Fitness,22.2,Balanced,3.74,2670.911111111111,8.177777777777777,6.457,70.06666666666666,1638.7777777777778,6.777111111111112,0.375769227651732,0.4452902341671317
USER1299,34,Other,Sedentary,Stress Management,18.0,Vegetarian,4.78,2696.0444444444443,7.933333333333334,6.387111111111111,69.22222222222223,1654.7111111111112,7.154555555555556,0.33802663459512733,0.47339556797473753
USER1300,35,Female,Moderately Active,Build Muscle,25.5,Balanced,2.32,8468.08888888889,44.56666666666667,7.538444444444445,70.38888888888889,2056.788888888889,6.977333333333334,0.3792149674306895,0.46285666333105785
USER1301,25,Female,Lightly Active,Weight Loss,21.4,Balanced,2.85,5701.9,26.177777777777777,6.908555555555555,70.46666666666667,1852.4222222222222,7.168444444444444,0.35487899984789273,0.4336505301377715
USER1302,41,Male,Lightly Active,Weight Loss,26.2,Vegetarian,2.76,5439.644444444444,27.77777777777778,7.160444444444445,70.27777777777777,1877.8333333333333,7.016333333333334,0.3386651989149258,0.4527988059775692
USER1303,30,Male,Sedentary,Build Muscle,19.5,Balanced,4.53,2744.677777777778,8.11111111111111,6.473222222222223,69.34444444444445,1634.388888888889,6.833222222222222,0.36575088963869046,0.42679442366482023
USER1304,24,Male,Very Active,General Fitness,26.3,Balanced,5.14,10661.177777777777,73.16666666666667,7.942222222222222,68.3,2287.5555555555557,7.013888888888889,0.37157924450422286,0.46565897177570054
USER1305,37,Female,Moderately Active,Stress Management,24.3,Balanced,3.23,8290.522222222222,43.12222222222222,7.4864444444444445,67.0111111111111,2032.8777777777777,7.033222222222222,0.3551034576373915,0.431056888891569
USER1306,23,Female,Moderately Active,Weight Loss,32.0,Balanced,6.23,8373.322222222223,44.611111111111114,7.408,69.74444444444444,2066.0555555555557,6.6931111111111115,0.34247907224256385,0.47881220539191666
USER1307,32,Female,Lightly Active,Build Muscle,31.6,Vegan,6.09,5246.677777777778,27.322222222222223,7.076555555555555,69.0,1850.2777777777778,7.072333333333333,0.4022790481692545,0.4292440343918269
USER1308,31,Male,Moderately Active,Build Muscle,29.1,Vegetarian,3.94,7979.977777777778,48.84444444444444,7.486,69.44444444444444,2070.366666666667,7.008,0.4089352460684117,0.3682352083951175
USER1309,42,Male,Sedentary,Build Muscle,24.7,Balanced,4.36,2675.8,8.78888888888889,6.439333333333333,70.14444444444445,1657.5666666666666,7.21311111111111,0.35120113070455233,0.4107477420439117
USER1310,36,Female,Sedentary,Weight Loss,33.9,Vegetarian,4.27,2729.1111111111113,8.811111111111112,6.556111111111111,69.86666666666666,1662.9222222222222,6.999222222222222,0.3814321572335302,0.4555435450147
USER1311,31,Male,Sedentary,Weight Loss,19.8,Low Carb,4.13,2518.0666666666666,9.566666666666666,6.4108888888888895,70.44444444444444,1655.588888888889,6.710111111111111,0.4221365746689411,0.3982891893821976
USER1312,40,Female,Lightly Active,Weight Loss,20.4,Vegan,1.83,5385.555555555556,24.955555555555556,7.052111111111111,69.11111111111111,1838.1333333333334,6.832,0.33089673402295894,0.4804836931925025
USER1313,45,Female,Lightly Active,Weight Loss,25.7,Balanced,4.05,5587.977777777778,26.477777777777778,6.972555555555555,69.87777777777778,1842.611111111111,6.951222222222222,0.35060621023383925,0.4689301154576187
USER1314,37,Female,Lightly Active,Weight Loss,35.0,Low Carb,1.62,5598.9111111111115,27.044444444444444,7.107444444444444,67.56666666666666,1873.1666666666667,6.935,0.35774692785948925,0.4571640820239624
USER1315,32,Male,Sedentary,Weight Loss,25.2,Low Carb,6.16,2802.4777777777776,8.977777777777778,6.493333333333333,68.13333333333334,1650.411111111111,6.8005555555555555,0.3468012810594337,0.4717399481469479
USER1316,18,Male,Lightly Active,General Fitness,25.3,Balanced,5.51,5462.722222222223,26.533333333333335,6.928333333333333,70.6,1861.4666666666667,7.142666666666667,0.358867222805104,0.47367978774441066
USER1317,21,Male,Moderately Active,Build Muscle,20.2,Balanced,3.68,7848.466666666666,44.03333333333333,7.552333333333333,69.68888888888888,2045.8333333333333,6.90088888888889,0.34365991075103847,0.469849656805996
USER1318,28,Male,Lightly Active,Better Sleep,29.8,Balanced,6.59,5458.777777777777,26.61111111111111,7.094555555555555,70.37777777777778,1851.7666666666667,6.890000000000001,0.31568816832743973,0.4598534215218255
USER1319,25,Male,Moderately Active,Weight Loss,29.8,Vegetarian,7.12,8281.488888888889,50.08888888888889,7.657555555555555,69.26666666666667,2076.3555555555554,7.248444444444445,0.3117599646597561,0.4475749162418507
USER1320,30,Female,Sedentary,Build Muscle,29.2,Balanced,3.47,2647.3777777777777,8.422222222222222,6.5088888888888885,70.93333333333334,1640.1888888888889,7.101,0.3875467585505861,0.46207158099088513
USER1321,32,Female,Moderately Active,Build Muscle,23.5,High Protein,5.39,8137.066666666667,42.56666666666667,7.54,67.11111111111111,2022.6666666666667,7.115888888888889,0.37010951177890633,0.4926274798003378
USER1322,37,Male,Lightly Active,Weight Loss,23.2,Balanced,6.17,5564.933333333333,27.233333333333334,6.997,71.44444444444444,1868.4666666666667,7.009111111111111,0.3701837520271618,0.4328948874461456
USER1323,31,Male,Sedentary,Stress Management,20.8,Low Carb,3.62,2800.3555555555554,9.033333333333333,6.617111111111111,69.04444444444445,1655.5,6.933999999999999,0.374636986670333,0.4365832798105675
USER1324,36,Male,Sedentary,Weight Loss,26.3,High Protein,2.24,2695.0777777777776,8.8,6.499111111111111,68.75555555555556,1651.9,6.987555555555556,0.33080070033527736,0.4364357804719847
USER1325,32,Male,Moderately Active,Better Sleep,21.7,Low Carb,4.41,8113.511111111111,47.0,7.492111111111111,69.75555555555556,2076.1111111111113,6.744111111111112,0.3861920780056478,0.42520193096782316
USER1326,18,Female,Moderately Active,Stress Management,21.3,Vegan,4.58,8027.277777777777,46.24444444444445,7.642333333333332,68.53333333333333,2047.6333333333334,7.040444444444445,0.3460288240792795,0.45267870617589384
USER1327,22,Male,Lightly Active,General Fitness,24.3,Vegetarian,4.88,5574.355555555556,26.433333333333334,6.947111111111111,70.68888888888888,1843.3333333333333,6.977777777777778,0.40566147488792936,0.46051032806804376
USER1328,30,Male,Lightly Active,General Fitness,24.0,Balanced,3.29,5425.077777777778,29.355555555555554,7.143666666666666,69.8,1871.9,7.038777777777778,0.3973914756513815,0.40164859766669536
USER1329,19,Male,Moderately Active,General Fitness,23.8,Low Carb,3.56,8002.766666666666,42.86666666666667,7.51,69.95555555555555,2053.633333333333,7.075111111111111,0.36576053432538663,0.44370913948642066
USER1330,37,Female,Moderately Active,Build Muscle,27.9,Balanced,2.07,8590.055555555555,45.855555555555554,7.374666666666667,68.38888888888889,2057.177777777778,7.031888888888889,0.38457732077180495,0.46077557018343646
USER1331,47,Female,Lightly Active,General Fitness,26.3,Low Carb,4.59,5833.1,27.9,7.148888888888889,70.0111111111111,1875.6444444444444,6.9815555555555555,0.35531917323790696,0.44566883015273334
USER1332,44,Male,Lightly Active,Weight Loss,24.8,Balanced,6.48,5227.466666666666,27.41111111111111,7.016111111111112,68.78888888888889,1842.8555555555556,7.016666666666667,0.3710775647100027,0.3527911711485263
USER1333,29,Female,Sedentary,Weight Loss,26.7,Vegetarian,5.12,2777.7444444444445,8.8,6.576888888888888,69.7,1655.6444444444444,7.122111111111111,0.3285699142079503,0.43723031195160306
USER1334,46,Female,Moderately Active,Build Muscle,22.0,Low Carb,2.28,8351.344444444445,42.01111111111111,7.598111111111112,69.03333333333333,2033.8222222222223,6.904222222222222,0.3539615235851361,0.4469166008245277
USER1335,33,Female,Lightly Active,General Fitness,26.4,Balanced,3.14,5566.722222222223,28.88888888888889,7.081888888888889,68.15555555555555,1866.1555555555556,7.024666666666667,0.32049497343365385,0.41220044303089254
USER1336,28,Male,Very Active,Stress Management,26.6,Balanced,3.64,10071.977777777778,68.37777777777778,7.964555555555555,68.36666666666666,2252.5777777777776,6.7540000000000004,0.37097641162429795,0.537243235940559
USER1337,25,Female,Lightly Active,Weight Loss,20.0,High Protein,5.81,5245.288888888889,30.18888888888889,7.012777777777777,70.52222222222223,1869.9555555555555,7.260888888888889,0.36292435630503966,0.37722400839277226
USER1338,28,Female,Lightly Active,Stress Management,30.0,Balanced,7.37,5825.488888888889,26.377777777777776,6.951999999999999,69.5111111111111,1857.4444444444443,6.937111111111111,0.3369338723312741,0.4129419911851953
USER1339,28,Female,Lightly Active,Weight Loss,22.5,Balanced,2.8,5617.7,27.033333333333335,6.973111111111112,69.34444444444445,1865.5222222222221,6.706666666666667,0.3555677581297804,0.4196710323765443
USER1340,33,Female,Very Active,Build Muscle,26.4,Balanced,4.93,10376.744444444445,70.21111111111111,7.848888888888888,69.62222222222222,2274.7,6.9301111111111116,0.35928813711800295,0.4076296789576881
USER1341,33,Female,Moderately Active,Build Muscle,30.7,High Protein,5.33,8021.1,46.0,7.647555555555555,70.32222222222222,2035.5666666666666,6.950444444444444,0.3481135580376364,0.4869402523055851
USER1342,32,Male,Lightly Active,Build Muscle,29.7,High Protein,2.11,5678.522222222222,24.666666666666668,7.113888888888889,68.55555555555556,1850.3555555555556,6.918666666666666,0.37794492718594835,0.4555462081744156
USER1343,36,Female,Moderately Active,Weight Loss,26.1,Low Carb,3.03,7698.555555555556,46.31111111111111,7.601999999999999,69.82222222222222,2038.5555555555557,6.938555555555556,0.37969436938155315,0.37926649039897187
USER1344,43,Female,Lightly Active,General Fitness,24.6,Vegan,6.33,5439.622222222222,27.08888888888889,7.022,69.72222222222223,1876.5222222222221,6.961444444444444,0.3517239182004195,0.496624385752406
USER1345,41,Female,Lightly Active,Stress Management,29.8,Balanced,1.84,5685.833333333333,28.433333333333334,7.021444444444444,69.9,1876.2,7.055666666666666,0.3278641344572958,0.4537380755415719
USER1346,18,Male,Sedentary,Build Muscle,28.7,High Protein,2.51,2880.288888888889,8.4,6.521444444444444,71.2,1660.3222222222223,6.8580000000000005,0.3209510112039018,0.4554494853333992
USER1347,18,Female,Lightly Active,Build Muscle,23.5,Balanced,7.17,5913.555555555556,29.61111111111111,6.970888888888889,70.52222222222223,1866.7555555555555,7.001333333333333,0.32032889262588327,0.4216756452159425
USER1348,41,Female,Sedentary,Stress Management,22.8,Balanced,4.61,2760.7,9.0,6.5040000000000004,70.06666666666666,1630.6222222222223,6.886333333333333,0.3433607281129895,0.3675746333890726
USER1349,18,Male,Very Active,General Fitness,18.0,Balanced,2.87,11375.611111111111,80.26666666666667,7.9622222222222225,70.05555555555556,2347.0333333333333,7.026222222222223,0.32332575085169163,0.4084574490194801
USER1350,29,Female,Lightly Active,Build Muscle,26.6,Low Carb,3.51,5449.577777777778,27.8,6.920444444444445,69.34444444444445,1854.0111111111112,7.04788888888889,0.40520137979640597,0.46645672452794457
USER1351,20,Female,Very Active,Weight Loss,25.7,Vegetarian,5.06,11299.122222222222,70.57777777777778,8.098,69.72222222222223,2285.5555555555557,7.00611111111111,0.3729814294365381,0.43215779078319816
USER1352,18,Female,Lightly Active,Stress Management,30.5,Balanced,6.0,5377.4111111111115,26.022222222222222,7.060666666666667,69.7,1834.8555555555556,6.859444444444445,0.3767909830781605,0.45976867306316466
USER1353,37,Male,Moderately Active,General Fitness,27.4,High Protein,6.08,8068.833333333333,44.72222222222222,7.547555555555555,69.43333333333334,2052.8444444444444,7.134111111111111,0.4232900543136708,0.5383459135572559
USER1354,39,Male,Lightly Active,Weight Loss,31.3,Balanced,2.52,5357.666666666667,27.1,6.959888888888889,68.83333333333333,1860.4,7.159111111111112,0.4064272715975902,0.4495848161328588
USER1355,26,Female,Sedentary,Weight Loss,23.2,Balanced,4.21,2764.7444444444445,9.311111111111112,6.390333333333333,68.64444444444445,1644.2333333333333,7.282444444444444,0.352737071936876,0.421907684139304
USER1356,18,Male,Lightly Active,Stress Management,30.6,Balanced,3.21,5413.433333333333,26.377777777777776,7.023333333333333,69.32222222222222,1862.3444444444444,7.290555555555556,0.32493606305940054,0.46520504862477663
USER1357,26,Female,Sedentary,Weight Loss,23.9,Low Carb,2.87,2665.3555555555554,8.366666666666667,6.425222222222222,68.78888888888889,1626.5,6.999444444444445,0.3634678883139951,0.38900883116066765
USER1358,35,Female,Moderately Active,Better Sleep,29.1,Vegetarian,4.09,8377.855555555556,47.48888888888889,7.4911111111111115,69.73333333333333,2051.211111111111,7.046777777777778,0.36171918148070764,0.42658293014661536
USER1359,18,Female,Lightly Active,Weight Loss,20.2,Balanced,4.95,5492.933333333333,24.322222222222223,6.959222222222222,71.75555555555556,1836.588888888889,6.914666666666667,0.38577389503971504,0.4487952952584428
USER1360,33,Male,Moderately Active,Stress Management,26.9,Low Carb,3.02,8553.955555555556,44.15555555555556,7.532111111111111,69.22222222222223,2070.0777777777776,6.943222222222222,0.3135470567454842,0.47279734547389307
USER1361,31,Female,Sedentary,Build Muscle,18.1,Balanced,3.0,2600.711111111111,9.533333333333333,6.509333333333334,68.44444444444444,1667.3333333333333,6.964555555555555,0.3884248965383822,0.34147901165104333
USER1362,37,Male,Sedentary,Build Muscle,24.9,Low Carb,3.82,2692.4666666666667,7.888888888888889,6.454,68.44444444444444,1635.8444444444444,7.025444444444444,0.34072115318608226,0.5012796125916155
USER1363,33,Male,Lightly Active,Stress Management,27.8,High Protein,6.36,5143.077777777778,25.955555555555556,7.147555555555555,69.36666666666666,1846.5666666666666,7.256222222222221,0.3943706443386047,0.4380757821829971
USER1364,22,Male,Very Active,Build Muscle,23.9,Balanced,4.41,10644.611111111111,73.31111111111112,8.03211111111111,68.53333333333333,2290.722222222222,7.146222222222222,0.3543584260022079,0.4437781914551864
USER1365,43,Male,Moderately Active,General Fitness,21.8,Vegan,2.82,8487.566666666668,44.74444444444445,7.545222222222223,69.6,2047.5777777777778,7.1402222222222225,0.34217009911837226,0.3778159088529823
USER1366,30,Other,Lightly Active,Weight Loss,29.4,Low Carb,6.16,5688.655555555555,24.966666666666665,6.857,69.8,1839.7333333333333,7.286666666666666,0.3643721644531646,0.4711517932541266
USER1367,31,Other,Lightly Active,Weight Loss,25.6,Balanced,3.94,5622.977777777778,26.6,6.938777777777778,68.62222222222222,1844.588888888889,7.118777777777777,0.3843402212897786,0.48810203812037145
USER1368,22,Male,Sedentary,Weight Loss,24.0,High Protein,1.3,2609.311111111111,8.144444444444444,6.484333333333334,69.96666666666667,1639.5777777777778,7.144888888888889,0.30370859322337834,0.39816573835590224
USER1369,27,Female,Very Active,General Fitness,26.2,Balanced,3.96,11586.077777777778,70.81111111111112,7.994999999999999,69.58888888888889,2326.1444444444446,6.852222222222223,0.33617737413937676,0.3699196771360688
USER1370,23,Male,Moderately Active,Weight Loss,36.5,Balanced,5.16,9002.044444444444,47.611111111111114,7.563,68.61111111111111,2099.8333333333335,6.7476666666666665,0.32876968022883607,0.48702800489399
USER1371,30,Female,Lightly Active,Weight Loss,30.6,Balanced,7.08,5696.488888888889,29.2,7.013444444444445,69.68888888888888,1868.911111111111,7.079666666666666,0.3249220251753415,0.4514928960921225
USER1372,49,Female,Lightly Active,Build Muscle,30.7,Balanced,7.83,5635.811111111111,25.844444444444445,7.007444444444444,70.55555555555556,1864.6333333333334,6.939444444444444,0.3725330191370183,0.46735319751508897
USER1373,18,Female,Sedentary,General Fitness,27.7,Vegetarian,7.24,2919.6555555555556,8.133333333333333,6.597222222222222,69.28888888888889,1666.6666666666667,6.748,0.38570020768880386,0.451493929757434
USER1374,18,Male,Very Active,General Fitness,26.7,Low Carb,4.01,11067.022222222222,78.57777777777778,7.979555555555555,71.04444444444445,2340.288888888889,6.890555555555555,0.3704886745927593,0.4545735830053318
USER1375,46,Female,Sedentary,Weight Loss,18.0,Vegan,3.85,2662.6111111111113,9.3,6.592444444444445,69.7,1651.7444444444445,7.021,0.3332206732050843,0.3642610110105044
USER1376,29,Male,Moderately Active,Weight Loss,23.3,Balanced,8.77,8116.4111111111115,45.96666666666667,7.46,69.0111111111111,2057.9666666666667,7.069444444444445,0.35166964505594256,0.43722002695418916
USER1377,25,Other,Sedentary,Better Sleep,24.1,Balanced,2.7,2694.9777777777776,9.477777777777778,6.575111111111111,70.14444444444445,1661.2888888888888,7.175777777777778,0.3633458399118322,0.36805399773702435
USER1378,42,Male,Moderately Active,Weight Loss,18.5,Balanced,3.35,8520.355555555556,47.06666666666667,7.542111111111111,70.18888888888888,2084.822222222222,7.101222222222223,0.3486593848420358,0.40602484798008637
USER1379,25,Female,Moderately Active,Stress Management,21.4,Low Carb,2.24,8589.055555555555,47.22222222222222,7.519555555555556,69.06666666666666,2094.9555555555557,6.805777777777777,0.370102275438758,0.4029755642193944
USER1380,50,Female,Moderately Active,Stress Management,18.1,High Protein,2.49,8394.833333333334,45.62222222222222,7.4046666666666665,69.17777777777778,2055.5333333333333,6.705333333333334,0.3356311340494644,0.4942129253923348
USER1381,38,Female,Moderately Active,Stress Management,25.8,Low Carb,5.26,8438.011111111111,41.666666666666664,7.54788888888889,70.46666666666667,2069.6666666666665,6.916222222222222,0.3276079994114032,0.44341701855448673
USER1382,27,Male,Moderately Active,Weight Loss,29.3,Balanced,2.84,7906.511111111111,50.1,7.5905555555555555,69.62222222222222,2063.4444444444443,6.899222222222222,0.31197356226627443,0.4382284977015638
USER1383,53,Female,Sedentary,Stress Management,30.4,Vegan,5.62,2707.0,8.566666666666666,6.599555555555556,69.14444444444445,1647.8555555555556,6.852111111111112,0.38381353038831734,0.3858167243554081
USER1384,25,Male,Lightly Active,Stress Management,27.7,Vegetarian,3.09,5358.955555555555,27.68888888888889,7.060888888888889,68.82222222222222,1844.8777777777777,7.292555555555556,0.3709288696031666,0.46346580533546006
USER1385,39,Female,Sedentary,General Fitness,22.1,Balanced,3.36,2816.4666666666667,8.955555555555556,6.510111111111111,69.68888888888888,1664.2444444444445,7.212777777777777,0.3557370483754207,0.41547848230709133
USER1386,34,Male,Very Active,Build Muscle,18.3,Vegetarian,6.3,10570.1,67.94444444444444,7.983888888888888,69.5111111111111,2267.911111111111,6.921222222222222,0.33025721249730217,0.48513830930988866
USER1387,45,Male,Lightly Active,Weight Loss,19.0,Balanced,5.83,5272.688888888889,26.455555555555556,7.001777777777777,69.9888888888889,1852.6555555555556,7.035555555555556,0.3329152534000804,0.4288709277491505
USER1388,47,Female,Moderately Active,Weight Loss,20.9,Balanced,2.67,7850.566666666667,44.144444444444446,7.6256666666666675,69.82222222222222,2023.2333333333333,6.67988888888889,0.3910997667807636,0.5193697464161964
USER1389,32,Male,Moderately Active,General Fitness,22.4,Balanced,4.52,8430.522222222222,43.077777777777776,7.528777777777778,70.83333333333333,2042.9777777777779,6.882888888888889,0.40694900286674424,0.4595945869918772
USER1390,24,Male,Sedentary,General Fitness,25.4,Balanced,4.75,2684.311111111111,8.71111111111111,6.341666666666667,70.35555555555555,1651.0444444444445,6.915333333333333,0.3492063789996712,0.36334032408962236
USER1391,36,Male,Sedentary,Build Muscle,21.9,Balanced,4.96,2701.3777777777777,8.644444444444444,6.445333333333334,70.82222222222222,1649.7444444444445,7.021888888888889,0.3700706552778626,0.45283386162352984
USER1392,25,Male,Lightly Active,Build Muscle,27.4,Balanced,3.87,5568.277777777777,28.988888888888887,6.834555555555555,70.66666666666667,1856.7444444444445,6.870444444444445,0.3855429834462445,0.42753895543251685
USER1393,52,Female,Lightly Active,Build Muscle,25.1,Balanced,4.4,5623.044444444445,28.555555555555557,7.0,71.5111111111111,1862.8777777777777,7.021,0.339104890905699,0.43820139741398995
USER1394,33,Female,Sedentary,General Fitness,26.0,Vegetarian,5.92,2823.188888888889,8.78888888888889,6.438888888888889,70.81111111111112,1658.4777777777779,7.063444444444444,0.35997622360791004,0.40305349535049884
USER1395,28,Male,Sedentary,Better Sleep,30.6,High Protein,4.11,2680.3444444444444,8.688888888888888,6.589333333333333,68.27777777777777,1644.9777777777779,7.156333333333334,0.3758144275501393,0.4706252120616737
USER1396,33,Male,Moderately Active,Weight Loss,21.3,Vegetarian,4.58,8139.433333333333,41.71111111111111,7.359333333333334,71.26666666666667,2023.2666666666667,6.961222222222222,0.38557273550401305,0.47621043754778836
USER1397,18,Male,Very Active,Build Muscle,27.7,Balanced,6.39,11101.622222222222,72.4,8.070666666666666,70.27777777777777,2289.2444444444445,6.950333333333333,0.34847605467128856,0.4755564250629458
USER1398,22,Male,Lightly Active,Weight Loss,25.9,Balanced,2.84,5885.811111111111,26.88888888888889,7.0117777777777786,68.97777777777777,1852.5222222222221,6.9542222222222225,0.34542765375295365,0.43350201984111914
USER1399,44,Female,Lightly Active,General Fitness,24.7,Balanced,2.03,5627.5,25.955555555555556,6.8309999999999995,70.72222222222223,1842.7222222222222,6.791444444444445,0.3085442901174932,0.48296960338421185
USER1400,25,Female,Sedentary,General Fitness,29.5,Balanced,2.99,2702.4777777777776,9.022222222222222,6.5456666666666665,69.6,1649.1666666666667,6.945111111111112,0.38784989969322203,0.43568011109950094
USER1401,21,Male,Moderately Active,Better Sleep,29.5,Low Carb,4.98,8266.666666666666,43.96666666666667,7.565777777777777,69.65555555555555,2063.5222222222224,6.794111111111111,0.31673982271139434,0.4937174012705627
USER1402,37,Male,Moderately Active,Weight Loss,22.2,Low Carb,3.73,8127.977777777778,47.67777777777778,7.553111111111111,68.56666666666666,2067.4,6.892444444444445,0.34684293725410353,0.37738291477390573
USER1403,43,Male,Sedentary,Better Sleep,25.3,Vegetarian,1.84,2643.011111111111,8.511111111111111,6.465333333333334,67.71111111111111,1646.0444444444445,6.742555555555556,0.35319214715750175,0.4673831682261678
USER1404,39,Female,Sedentary,Weight Loss,27.1,Low Carb,4.13,2898.5777777777776,7.966666666666667,6.5345555555555555,69.37777777777778,1647.4,6.919333333333333,0.3681915940969725,0.47006549298507916
USER1405,41,Other,Moderately Active,General Fitness,24.9,Balanced,3.6,8433.433333333332,48.31111111111111,7.591555555555556,69.35555555555555,2078.411111111111,7.204888888888888,0.3801408004366252,0.4132848394552533
USER1406,24,Male,Moderately Active,Weight Loss,28.3,Balanced,2.49,8002.522222222222,44.21111111111111,7.280444444444445,68.4,2049.8444444444444,6.998555555555556,0.3604519074433948,0.4781145926247413
USER1407,18,Male,Sedentary,Stress Management,27.1,Low Carb,4.21,2597.6555555555556,9.333333333333334,6.500444444444444,68.9888888888889,1646.2444444444445,7.0326666666666675,0.38890105131346264,0.4218289300200651
USER1408,47,Female,Moderately Active,General Fitness,33.3,Balanced,6.8,8178.222222222223,43.93333333333333,7.450666666666666,68.33333333333333,2059.1222222222223,6.888222222222223,0.31998643048774056,0.44040297046164995
USER1409,28,Female,Lightly Active,General Fitness,19.9,Balanced,4.82,5350.822222222222,24.72222222222222,7.078777777777778,67.3,1833.6222222222223,6.829666666666666,0.33342520215687277,0.44737628841068394
USER1410,29,Male,Lightly Active,Stress Management,25.5,Balanced,3.0,5477.133333333333,27.41111111111111,6.838666666666667,68.93333333333334,1874.0555555555557,6.865888888888889,0.3486306732118513,0.4090217202127807
USER1411,45,Male,Moderately Active,Weight Loss,22.4,Balanced,3.29,8316.133333333333,46.28888888888889,7.525444444444444,69.52222222222223,2062.0555555555557,6.95,0.3253302733715711,0.48775184798506316
USER1412,37,Male,Moderately Active,Weight Loss,28.4,Balanced,3.11,8634.9,41.977777777777774,7.404222222222222,69.15555555555555,2068.366666666667,7.021111111111111,0.37858489694417063,0.5101264283068749
USER1413,36,Female,Lightly Active,Stress Management,19.5,Vegetarian,5.64,5643.133333333333,29.1,6.8709999999999996,71.38888888888889,1897.6777777777777,7.011222222222222,0.3539753487661592,0.4477332271524693
USER1414,53,Male,Very Active,Build Muscle,27.4,Vegan,6.29,10687.422222222222,71.5111111111111,7.941222222222223,69.15555555555555,2282.8,6.864444444444444,0.3688638677646794,0.42152852084661563
USER1415,25,Male,Lightly Active,Weight Loss,23.5,Balanced,4.39,5356.7,26.977777777777778,7.151000000000001,70.22222222222223,1846.888888888889,7.112444444444445,0.3528698319008858,0.4842796877629199
USER1416,41,Female,Moderately Active,Build Muscle,23.1,Balanced,5.06,8106.4,43.888888888888886,7.413666666666667,68.44444444444444,2036.5444444444445,6.933000000000001,0.3154351694347474,0.522610282806724
USER1417,32,Male,Lightly Active,General Fitness,20.2,Vegetarian,5.35,5461.733333333334,28.288888888888888,6.9736666666666665,70.0111111111111,1867.8111111111111,7.241777777777778,0.3430178696334751,0.42541493764048616
USER1418,34,Female,Moderately Active,Weight Loss,24.1,Balanced,5.85,8350.822222222223,49.68888888888889,7.495666666666667,69.85555555555555,2093.6666666666665,7.198111111111111,0.3818726534521999,0.43007296457936905
USER1419,47,Male,Very Active,Weight Loss,30.3,Balanced,5.09,11259.755555555555,72.4,7.908,70.26666666666667,2318.5222222222224,7.119999999999999,0.3856731351217756,0.46595775913446613
USER1420,37,Male,Sedentary,Weight Loss,25.9,Balanced,6.69,2680.0777777777776,8.966666666666667,6.555555555555555,68.1,1651.5777777777778,6.956555555555556,0.36227501315902755,0.40090556435325414
USER1421,37,Female,Very Active,Build Muscle,28.5,Balanced,2.49,10421.111111111111,69.13333333333334,8.142666666666667,70.05555555555556,2278.7555555555555,6.872,0.39531717671397826,0.4529006336249611
USER1422,42,Male,Moderately Active,Stress Management,32.7,Vegetarian,5.84,8258.966666666667,45.144444444444446,7.449333333333333,69.37777777777778,2083.0333333333333,7.1801111111111116,0.3415963198787126,0.4550876716623037
USER1423,28,Other,Moderately Active,Better Sleep,27.1,Vegetarian,5.7,8372.5,47.18888888888889,7.5327777777777785,69.33333333333333,2073.0777777777776,7.031555555555556,0.38233375744829784,0.4379306892667705
USER1424,23,Female,Sedentary,General Fitness,23.8,Balanced,3.57,2859.7444444444445,9.78888888888889,6.4815555555555555,68.92222222222222,1665.2444444444445,6.785666666666667,0.3569363914460753,0.34831558086916076
USER1425,21,Male,Moderately Active,Weight Loss,27.9,Balanced,3.68,8191.622222222222,44.15555555555556,7.519555555555556,69.3,2026.888888888889,6.960222222222222,0.3348766215080102,0.4494826689588146
USER1426,18,Female,Moderately Active,Better Sleep,23.8,Balanced,5.65,8460.277777777777,43.388888888888886,7.41188888888889,71.15555555555555,2073.177777777778,7.202999999999999,0.379222229436218,0.46038964789008324
USER1427,52,Male,Lightly Active,General Fitness,24.0,Balanced,5.81,5277.2,25.72222222222222,7.052555555555556,70.41111111111111,1816.3777777777777,6.882777777777778,0.380179383025823,0.46660236362744006
USER1428,20,Female,Very Active,Weight Loss,19.9,High Protein,4.23,11169.244444444445,71.66666666666667,7.961555555555555,69.06666666666666,2324.822222222222,7.112,0.3931362621904643,0.4726863347004449
USER1429,29,Male,Sedentary,Better Sleep,29.7,Low Carb,2.87,2823.3888888888887,8.033333333333333,6.530333333333333,69.64444444444445,1639.7333333333333,7.169333333333333,0.3475750763332277,0.44904883673938073
USER1430,29,Female,Sedentary,Stress Management,24.5,Low Carb,5.55,2499.7444444444445,8.5,6.596111111111111,68.56666666666666,1658.8555555555556,6.923777777777778,0.3636621306828775,0.39580751483082377
USER1431,35,Male,Lightly Active,General Fitness,26.7,Vegetarian,3.16,5509.4,25.033333333333335,6.981111111111111,70.05555555555556,1852.2222222222222,6.961333333333333,0.3408994375459188,0.5152738485320372
USER1432,40,Male,Lightly Active,General Fitness,21.9,Vegetarian,5.87,5610.688888888889,28.7,7.016111111111112,70.32222222222222,1884.8111111111111,7.132222222222222,0.3369733279350147,0.4623268765650567
USER1433,40,Female,Moderately Active,Weight Loss,27.7,Vegetarian,6.9,7608.233333333334,47.5,7.533777777777777,68.08888888888889,2046.7333333333333,6.862,0.32867353792432635,0.41627306310838547
USER1434,26,Female,Sedentary,Weight Loss,23.0,Balanced,5.12,2777.3888888888887,8.177777777777777,6.533555555555555,70.47777777777777,1649.2888888888888,7.174222222222221,0.3851275061261249,0.4320592403451829
USER1435,30,Male,Very Active,General Fitness,25.4,Balanced,3.42,11163.788888888888,76.38888888888889,8.129,70.3,2330.511111111111,6.742777777777778,0.36236994748026535,0.4628508757148549
USER1436,34,Male,Sedentary,Weight Loss,29.5,Low Carb,5.71,2891.8,8.622222222222222,6.467444444444445,68.5,1675.0111111111112,7.068777777777778,0.29488159068765923,0.44943355101392274
USER1437,29,Female,Sedentary,Build Muscle,29.2,Balanced,2.69,2732.1111111111113,8.733333333333333,6.455888888888889,68.8,1657.2444444444445,6.762111111111111,0.3362016691214628,0.3791329452903575
USER1438,48,Female,Sedentary,Stress Management,25.9,High Protein,5.94,2716.0,8.011111111111111,6.568666666666666,69.97777777777777,1639.3666666666666,6.921444444444444,0.3808000202324815,0.44497232266419096
USER1439,36,Male,Lightly Active,Stress Management,18.9,Low Carb,6.54,5289.2555555555555,26.533333333333335,6.887888888888889,68.86666666666666,1822.5,6.966333333333334,0.33602652347795936,0.4379890290884716
USER1440,39,Male,Very Active,Build Muscle,38.0,High Protein,4.63,11247.055555555555,74.35555555555555,8.145222222222223,68.33333333333333,2321.3777777777777,7.115555555555555,0.3592833999688841,0.46031049069002294
USER1441,38,Male,Moderately Active,Stress Management,33.0,Balanced,3.38,8603.644444444444,45.36666666666667,7.458222222222222,67.13333333333334,2080.0666666666666,6.984111111111112,0.31722143151453874,0.43599754709114147
USER1442,43,Female,Moderately Active,Stress Management,28.9,Vegan,6.35,8137.233333333334,46.111111111111114,7.354333333333333,70.17777777777778,2053.9,6.888111111111111,0.33572056818229484,0.4291428967669121
USER1443,33,Male,Sedentary,General Fitness,23.0,Balanced,3.84,2710.3333333333335,9.055555555555555,6.350111111111111,71.45555555555555,1648.8666666666666,7.297000000000001,0.38802601884475624,0.4307762831200378
USER1444,19,Male,Lightly Active,Weight Loss,25.5,High Protein,2.51,5567.888888888889,25.77777777777778,7.0040000000000004,70.95555555555555,1835.1555555555556,7.090111111111112,0.33404106478277834,0.4736110563777685
USER1445,35,Female,Lightly Active,Weight Loss,23.8,Balanced,8.76,5450.177777777778,27.177777777777777,6.943555555555555,71.66666666666667,1849.9888888888888,7.101999999999999,0.33533787902232687,0.4128049843443792
USER1446,25,Male,Lightly Active,Build Muscle,31.1,Low Carb,2.76,5404.111111111111,28.144444444444446,6.978222222222222,70.18888888888888,1846.7111111111112,7.045222222222223,0.38045582349285834,0.42307325053064
USER1447,26,Female,Sedentary,Weight Loss,27.1,Vegetarian,6.78,2856.4222222222224,8.5,6.454777777777777,70.5111111111111,1659.8111111111111,6.961666666666666,0.3621236860674328,0.4184863312939145
USER1448,37,Male,Moderately Active,Weight Loss,22.9,Balanced,2.54,8106.733333333334,46.72222222222222,7.531333333333334,69.27777777777777,2058.866666666667,7.330888888888889,0.33859901819742627,0.46610601240571925
USER1449,44,Male,Lightly Active,Weight Loss,24.1,Balanced,5.01,5660.9,27.58888888888889,7.031444444444445,69.55555555555556,1875.8222222222223,6.966444444444445,0.3511102754209065,0.4632197845790991
USER1450,32,Male,Moderately Active,Build Muscle,30.5,High Protein,4.51,8068.433333333333,42.8,7.457888888888889,69.2,2022.911111111111,6.708444444444444,0.38838353572058854,0.4532115227488513
USER1451,35,Female,Lightly Active,Better Sleep,32.4,Balanced,3.41,5562.1,25.81111111111111,7.017333333333332,69.24444444444444,1857.3555555555556,7.0855555555555565,0.34974902303809846,0.3711473617626664
USER1452,49,Male,Sedentary,Weight Loss,32.1,Low Carb,2.65,2774.7,8.677777777777777,6.529333333333333,69.38888888888889,1642.8444444444444,7.197666666666667,0.3360646235100837,0.4495665567651904
USER1453,34,Female,Moderately Active,General Fitness,29.0,Balanced,5.94,8065.377777777778,45.522222222222226,7.396666666666667,72.2,2046.111111111111,7.1017777777777775,0.33025964946459974,0.3937410181702536
USER1454,58,Female,Sedentary,General Fitness,25.0,Vegetarian,3.83,2819.5777777777776,8.855555555555556,6.510666666666667,70.11111111111111,1661.3333333333333,7.159777777777777,0.34086655964230467,0.45163562435287585
USER1455,37,Female,Moderately Active,Weight Loss,18.0,Low Carb,5.38,8458.944444444445,47.355555555555554,7.521,70.4,2077.4222222222224,6.873888888888889,0.30813306926156925,0.398522299986062
USER1456,18,Male,Moderately Active,Better Sleep,27.2,Balanced,1.67,8245.766666666666,44.93333333333333,7.571111111111111,70.71111111111111,2066.0666666666666,7.182111111111111,0.40078274125132635,0.41850074479384564
USER1457,39,Male,Sedentary,General Fitness,26.0,Balanced,5.73,2752.0,9.155555555555555,6.5681111111111115,70.43333333333334,1652.1,6.986888888888889,0.3591209026100375,0.40330904831399916
USER1458,35,Male,Very Active,Build Muscle,26.6,Low Carb,6.12,11005.211111111112,67.65555555555555,7.916444444444445,71.47777777777777,2287.3888888888887,6.924222222222221,0.3848104159914971,0.4459779175182003
USER1459,44,Male,Lightly Active,Stress Management,26.2,Balanced,5.09,5403.677777777778,26.91111111111111,6.997333333333334,67.05555555555556,1849.1333333333334,7.0087777777777776,0.3278262763794415,0.4032539170944208
USER1460,38,Male,Sedentary,Weight Loss,20.7,Balanced,3.12,2705.633333333333,9.144444444444444,6.575333333333333,69.47777777777777,1652.4444444444443,7.024,0.3589995053846025,0.43082793401307246
USER1461,30,Female,Moderately Active,General Fitness,28.2,Low Carb,3.92,7632.444444444444,45.044444444444444,7.4383333333333335,70.53333333333333,2030.3777777777777,6.828111111111111,0.42821725563759416,0.4079687187760465
USER1462,19,Male,Lightly Active,Weight Loss,28.5,Balanced,4.62,5125.2444444444445,28.61111111111111,7.042888888888889,71.07777777777778,1840.9555555555555,6.732222222222222,0.38730394943915025,0.4553938972118564
USER1463,29,Male,Moderately Active,Stress Management,28.7,Balanced,3.97,8155.322222222222,44.8,7.485444444444445,71.9,2038.3777777777777,7.076555555555555,0.30833413813171906,0.4920738417713239
USER1464,23,Male,Moderately Active,Build Muscle,29.8,Low Carb,3.58,8132.844444444445,41.94444444444444,7.38988888888889,70.73333333333333,2034.2222222222222,7.001666666666666,0.38190212548625535,0.47354816098606556
USER1465,26,Female,Very Active,General Fitness,28.4,Balanced,6.12,11216.966666666667,71.31111111111112,7.949333333333334,69.04444444444445,2314.3444444444444,6.758222222222222,0.3615722566367519,0.4148619361308777
USER1466,37,Male,Lightly Active,Weight Loss,24.4,Balanced,3.23,5736.277777777777,26.366666666666667,6.9736666666666665,66.34444444444445,1873.3222222222223,7.371555555555556,0.3629248345384943,0.4386063588077146
USER1467,48,Female,Lightly Active,General Fitness,25.7,Balanced,6.24,5056.866666666667,28.822222222222223,7.0088888888888885,70.1,1831.7222222222222,6.875222222222222,0.39805259114686375,0.44906173986920855
USER1468,35,Male,Moderately Active,Stress Management,26.4,Low Carb,3.63,8199.58888888889,45.477777777777774,7.528,71.15555555555555,2056.6222222222223,6.843333333333333,0.3378389086918702,0.4385211424966391
USER1469,20,Female,Sedentary,Build Muscle,26.4,Low Carb,4.62,2685.8777777777777,8.744444444444444,6.464222222222222,68.84444444444445,1647.2666666666667,6.954555555555555,0.3745714917773526,0.4437920196043263
USER1470,36,Female,Lightly Active,General Fitness,30.0,Vegetarian,5.95,5411.2,27.855555555555554,7.0263333333333335,69.97777777777777,1860.2444444444445,6.919555555555555,0.34364013871588867,0.4434913107467759
USER1471,43,Male,Lightly Active,Build Muscle,28.6,Balanced,2.91,5522.344444444445,25.88888888888889,6.9654444444444445,69.76666666666667,1853.3222222222223,6.809777777777778,0.3895259699726179,0.5225598333731317
USER1472,25,Male,Sedentary,Stress Management,34.3,Balanced,3.26,2840.0555555555557,8.344444444444445,6.477666666666667,69.34444444444445,1655.4777777777779,6.804444444444444,0.36158837802073457,0.44387014230321725
USER1473,30,Male,Lightly Active,Build Muscle,34.8,Balanced,3.76,5262.933333333333,26.366666666666667,7.013,70.27777777777777,1836.8,6.997,0.35565191680918956,0.4287194793385146
USER1474,32,Male,Moderately Active,Stress Management,26.3,Balanced,4.27,8176.233333333334,47.82222222222222,7.447111111111111,69.38888888888889,2042.5555555555557,6.917444444444445,0.38886187190423593,0.4264267856044379
USER1475,24,Female,Moderately Active,Stress Management,18.0,High Protein,7.01,8200.2,46.111111111111114,7.582222222222222,70.26666666666667,2052.722222222222,7.212000000000001,0.40984942650854256,0.42973743297850464
USER1476,38,Female,Sedentary,Build Muscle,30.9,Balanced,2.16,2831.822222222222,9.266666666666667,6.479222222222222,69.57777777777778,1659.5444444444445,7.085222222222222,0.3127730886370254,0.4277343261136221
USER1477,30,Female,Sedentary,Weight Loss,23.8,Balanced,3.73,2874.3,8.655555555555555,6.459777777777778,69.52222222222223,1665.8555555555556,7.1593333333333335,0.35403509527477117,0.4512179555563332
USER1478,36,Female,Lightly Active,Build Muscle,22.8,Balanced,3.94,5390.355555555556,26.666666666666668,7.144888888888889,69.1,1844.3444444444444,7.21188888888889,0.36670053099376887,0.4795120178827085
USER1479,23,Male,Moderately Active,Stress Management,24.4,Low Carb,5.25,8142.688888888889,47.75555555555555,7.484444444444445,69.9888888888889,2071.7444444444445,7.165777777777778,0.36225957646231816,0.44172797401914216
USER1480,27,Male,Sedentary,Weight Loss,24.2,Low Carb,3.93,2748.1555555555556,8.7,6.521111111111111,69.0111111111111,1660.7222222222222,6.961666666666666,0.3556256758374035,0.430157650412888
USER1481,39,Female,Moderately Active,General Fitness,28.4,Low Carb,2.74,7637.622222222222,47.91111111111111,7.474222222222222,68.66666666666667,2026.3111111111111,6.886,0.3733356706772287,0.43253663342187826
USER1482,28,Male,Sedentary,Stress Management,19.8,Vegan,4.14,2543.5444444444443,8.433333333333334,6.439,68.53333333333333,1645.9888888888888,6.894111111111111,0.3880219322336922,0.5307533417138453
USER1483,49,Female,Moderately Active,Build Muscle,21.7,Balanced,2.98,8747.077777777778,46.1,7.522888888888888,68.66666666666667,2078.366666666667,6.99,0.34809475400047857,0.41915617549251555
USER1484,28,Male,Lightly Active,General Fitness,27.4,Balanced,5.81,5719.955555555555,28.18888888888889,6.9847777777777775,70.25555555555556,1879.111111111111,6.9767777777777775,0.3456813384569308,0.4791420181411776
USER1485,34,Male,Moderately Active,Weight Loss,28.5,Balanced,7.15,8188.666666666667,44.67777777777778,7.554,68.24444444444444,2065.5666666666666,6.838555555555556,0.35397726877470415,0.44472619807344876
USER1486,41,Other,Sedentary,Weight Loss,28.6,Low Carb,4.7,2736.988888888889,8.155555555555555,6.686555555555556,68.57777777777778,1662.9555555555555,6.9605555555555565,0.36776384653497746,0.4341268948209292
USER1487,18,Male,Moderately Active,Stress Management,22.9,Low Carb,2.52,8019.7,40.644444444444446,7.719222222222222,68.5,2013.4555555555555,6.911111111111111,0.3810747755379805,0.5179115952620431
USER1488,18,Other,Sedentary,Weight Loss,22.1,Low Carb,2.8,2866.233333333333,8.811111111111112,6.554555555555555,71.37777777777778,1652.1888888888889,7.057222222222222,0.3677962525012777,0.39821769196246143
USER1489,18,Other,Moderately Active,Weight Loss,24.0,Low Carb,3.79,8195.722222222223,47.077777777777776,7.435888888888889,69.35555555555555,2051.266666666667,7.080333333333334,0.3620026560425011,0.3962040243033887
USER1490,44,Female,Moderately Active,Stress Management,27.0,Low Carb,6.39,8283.7,48.7,7.3951111111111105,70.26666666666667,2074.088888888889,7.167222222222222,0.3308331058525359,0.4245472837022133
USER1491,26,Female,Sedentary,Build Muscle,31.9,Vegan,2.75,2721.822222222222,8.1,6.397555555555555,70.96666666666667,1668.2222222222222,6.810444444444443,0.33526983686001277,0.4456386831912972
USER1492,57,Female,Moderately Active,Better Sleep,18.0,Low Carb,3.7,8616.877777777778,49.2,7.472777777777777,69.8,2084.9333333333334,7.036222222222222,0.3316115057554872,0.44313145881262334
USER1493,26,Female,Lightly Active,Better Sleep,25.1,Vegetarian,1.88,5422.355555555556,27.788888888888888,7.003666666666667,68.61111111111111,1862.3333333333333,6.914222222222222,0.4045996337293882,0.4278265280023389
USER1494,33,Male,Sedentary,Weight Loss,20.7,Balanced,4.51,2620.233333333333,9.011111111111111,6.455,69.81111111111112,1658.8444444444444,7.187444444444444,0.38280517311522916,0.37270916617679506
USER1495,47,Male,Lightly Active,Weight Loss,19.4,Low Carb,2.5,5000.777777777777,27.68888888888889,7.0263333333333335,69.61111111111111,1852.588888888889,7.147111111111111,0.37097030373189577,0.3855880202601686
USER1496,52,Female,Sedentary,General Fitness,29.9,Vegan,2.55,2665.8444444444444,9.066666666666666,6.643333333333333,70.3,1650.0,7.087555555555555,0.4149748045505282,0.43421695278902
USER1497,52,Male,Moderately Active,Build Muscle,28.2,Balanced,6.09,7823.9,45.36666666666667,7.522111111111111,69.72222222222223,2034.8666666666666,7.0715555555555545,0.40237361937092847,0.4715774089511791
USER1498,44,Male,Moderately Active,Weight Loss,27.8,Vegetarian,4.56,8285.41111111111,45.93333333333333,7.572444444444444,70.26666666666667,2044.2333333333333,7.0792222222222225,0.367247152568181,0.4049267227862916
USER1499,42,Male,Sedentary,General Fitness,29.7,Vegetarian,5.03,2744.1555555555556,9.166666666666666,6.5409999999999995,67.37777777777778,1661.0444444444445,7.101222222222223,0.3586903918904292,0.4163418065311572
USER1500,37,Female,Lightly Active,Weight Loss,24.1,Balanced,3.04,5285.2444444444445,26.555555555555557,6.977444444444445,70.14444444444445,1859.3777777777777,6.9703333333333335,0.37775996781328947,0.4109027269178845
USER1501,39,Female,Moderately Active,Stress Management,24.3,Low Carb,6.3,7696.177777777778,44.4,7.592555555555556,70.44444444444444,2034.5555555555557,6.838444444444445,0.36292002398666395,0.43570288794265455
USER1502,26,Male,Very Active,Weight Loss,34.7,Balanced,5.62,11318.644444444444,76.41111111111111,7.968333333333333,70.34444444444445,2304.7444444444445,6.890888888888888,0.3481093535002144,0.4097547166422032
USER1503,23,Female,Lightly Active,Weight Loss,25.0,High Protein,4.36,5427.6,26.455555555555556,6.9352222222222215,69.62222222222222,1829.1555555555556,6.858888888888888,0.35948436331620354,0.5108726946894752
USER1504,31,Female,Very Active,Weight Loss,28.9,Vegetarian,2.84,10767.566666666668,74.16666666666667,8.06,69.9,2315.7555555555555,7.0616666666666665,0.37044012346314426,0.41927516355553335
USER1505,30,Female,Lightly Active,Better Sleep,26.0,Balanced,6.39,5304.288888888889,25.2,7.077555555555556,69.7,1832.2555555555555,6.957555555555555,0.35985220911257954,0.45667743545484046
USER1506,27,Female,Lightly Active,General Fitness,18.6,Balanced,2.57,5297.544444444445,30.955555555555556,6.9032222222222215,68.5111111111111,1878.111111111111,6.799666666666667,0.32283237171580315,0.33438028535734
USER1507,38,Female,Moderately Active,Stress Management,18.0,Low Carb,4.58,7972.144444444444,47.67777777777778,7.525222222222222,69.07777777777778,2069.266666666667,6.850777777777778,0.38082656996717035,0.41404643460680274
USER1508,41,Male,Lightly Active,Build Muscle,23.7,Balanced,2.23,5538.166666666667,28.288888888888888,6.977333333333334,70.31111111111112,1864.611111111111,7.183666666666666,0.3602829904087776,0.3696682410239432
USER1509,32,Female,Lightly Active,Build Muscle,30.2,Balanced,7.03,5259.377777777778,27.833333333333332,7.042444444444445,68.53333333333333,1855.4777777777779,7.191333333333334,0.37711504719952965,0.4260629297426678
USER1510,46,Male,Lightly Active,Weight Loss,29.2,Low Carb,4.09,5393.122222222222,26.333333333333332,7.085,67.9888888888889,1845.588888888889,6.878444444444444,0.3737550448644449,0.44960158183822446
USER1511,20,Female,Moderately Active,Build Muscle,29.7,Balanced,2.42,8017.2,49.44444444444444,7.303111111111111,70.63333333333334,2057.4,6.908555555555555,0.3499568700052418,0.44117133733622643
USER1512,30,Other,Moderately Active,General Fitness,22.1,Balanced,2.24,8585.8,46.7,7.423444444444445,68.81111111111112,2072.9555555555557,6.999555555555556,0.3408471248563796,0.4376644671301097
USER1513,24,Male,Lightly Active,General Fitness,32.5,Vegetarian,5.91,5102.177777777778,26.5,6.9255555555555555,70.72222222222223,1818.7555555555555,6.869222222222223,0.42503164414322553,0.45709185731521745
USER1514,18,Male,Lightly Active,Weight Loss,22.1,Vegan,3.52,5255.033333333334,26.6,6.952333333333334,69.61111111111111,1849.8777777777777,6.897333333333333,0.360046681089388,0.4362161017041171
USER1515,31,Female,Lightly Active,Better Sleep,26.9,Vegetarian,1.6,5575.344444444445,28.92222222222222,7.174444444444445,71.44444444444444,1857.888888888889,6.98288888888889,0.35232904560425554,0.3955631687596711
USER1516,30,Male,Lightly Active,Weight Loss,26.0,Vegetarian,3.97,5624.488888888889,27.622222222222224,6.959333333333333,68.95555555555555,1865.3666666666666,6.814111111111111,0.3335081388665926,0.43754047137921925
USER1517,47,Female,Sedentary,Better Sleep,25.3,Balanced,8.13,2823.788888888889,7.9222222222222225,6.478555555555556,70.52222222222223,1652.5444444444445,6.867555555555556,0.3277251976840602,0.43125294652869217
USER1518,38,Male,Moderately Active,Weight Loss,31.4,Balanced,3.44,7938.711111111111,46.833333333333336,7.569000000000001,69.52222222222223,2061.9555555555557,6.94,0.3715356119270979,0.4300532440445927
USER1519,21,Male,Lightly Active,Build Muscle,23.2,Balanced,7.89,5370.266666666666,26.977777777777778,7.062666666666667,71.6,1844.6333333333334,7.011444444444444,0.3100007557346774,0.48682309035542015
USER1520,50,Other,Lightly Active,Build Muscle,20.6,Vegetarian,6.77,5589.777777777777,26.88888888888889,6.8806666666666665,69.3,1858.3111111111111,7.0953333333333335,0.400349350475863,0.4095415996405753
USER1521,44,Female,Sedentary,Build Muscle,26.1,High Protein,5.17,2646.677777777778,8.877777777777778,6.603777777777778,67.45555555555555,1644.2666666666667,6.969666666666667,0.415287906791404,0.43735048162243667
USER1522,37,Female,Sedentary,General Fitness,24.4,Vegetarian,2.93,2595.1222222222223,7.611111111111111,6.425777777777778,71.18888888888888,1648.8222222222223,6.84,0.36755240610079554,0.41680615077719574
USER1523,29,Male,Very Active,Build Muscle,39.5,Vegan,5.26,10661.7,70.7,8.122333333333334,68.78888888888889,2289.788888888889,6.993111111111111,0.3958840893043377,0.4565519656293546
USER1524,22,Female,Lightly Active,Build Muscle,28.7,Low Carb,3.99,5389.688888888889,26.3,6.968666666666666,71.91111111111111,1856.3333333333333,7.192333333333334,0.3344319527848894,0.44042277372230115
USER1525,28,Female,Sedentary,General Fitness,24.4,Balanced,4.45,2845.8555555555554,8.077777777777778,6.437888888888889,69.07777777777778,1653.7888888888888,6.861666666666666,0.3424037787869608,0.44131764295498493
USER1526,42,Female,Lightly Active,General Fitness,21.8,Balanced,3.29,5396.288888888889,28.3,7.0231111111111115,68.2,1840.1,6.951777777777777,0.3611486384257583,0.4599692805062632
USER1527,50,Female,Lightly Active,Stress Management,18.5,Balanced,3.47,5335.488888888889,25.977777777777778,6.924333333333334,68.93333333333334,1863.3666666666666,6.866333333333333,0.3582340617948918,0.4552246637083164
USER1528,47,Female,Sedentary,Weight Loss,21.9,Balanced,4.89,2779.766666666667,8.38888888888889,6.377777777777778,70.13333333333334,1656.911111111111,6.881888888888889,0.3516322096974232,0.4562356574248813
USER1529,27,Male,Lightly Active,General Fitness,26.5,Low Carb,4.73,5503.555555555556,27.877777777777776,7.014222222222222,69.38888888888889,1868.0111111111112,6.905111111111111,0.36538070718072924,0.4635255359486386
USER1530,20,Male,Lightly Active,General Fitness,31.7,Balanced,1.87,5511.5888888888885,29.41111111111111,6.9944444444444445,71.55555555555556,1876.7,6.839777777777778,0.38191394751221347,0.4236611957165968
USER1531,33,Female,Lightly Active,Build Muscle,30.5,Low Carb,5.76,5484.866666666667,26.57777777777778,6.984555555555556,69.41111111111111,1862.7777777777778,7.0647777777777785,0.3117008977994642,0.38956911520915743
USER1532,18,Male,Lightly Active,Build Muscle,26.9,Low Carb,3.92,5496.655555555555,27.11111111111111,7.019333333333334,68.72222222222223,1866.7333333333333,6.9606666666666674,0.3472486705177999,0.4097844076968415
USER1533,35,Female,Lightly Active,Build Muscle,24.7,Balanced,3.12,5561.122222222222,25.011111111111113,7.045111111111111,69.32222222222222,1859.5666666666666,6.967888888888889,0.3690520562726565,0.4956452640764941
USER1534,30,Male,Very Active,Weight Loss,27.1,Balanced,6.17,10922.377777777778,70.83333333333333,7.908888888888888,68.44444444444444,2290.6222222222223,6.896666666666667,0.3597237565334013,0.46727063663178053
USER1535,27,Female,Lightly Active,Weight Loss,23.9,Balanced,4.02,5324.866666666667,25.044444444444444,7.022777777777777,67.65555555555555,1851.1666666666667,6.744111111111112,0.3779271877838179,0.47340802855940467
USER1536,18,Female,Lightly Active,Weight Loss,32.9,Balanced,3.86,5666.388888888889,27.288888888888888,6.979333333333333,70.64444444444445,1849.2444444444445,7.116333333333333,0.37576362143937436,0.43098919908277195
USER1537,37,Male,Sedentary,General Fitness,25.2,Vegetarian,5.23,2690.1111111111113,8.688888888888888,6.609333333333334,68.58888888888889,1645.0777777777778,7.043555555555555,0.38515390433938046,0.42013190260668554
USER1538,26,Male,Lightly Active,General Fitness,25.7,Balanced,3.69,5653.622222222222,25.433333333333334,7.0264444444444445,69.43333333333334,1851.5333333333333,7.055000000000001,0.3344938856773521,0.41476519791894045
USER1539,20,Male,Moderately Active,Better Sleep,18.0,Low Carb,1.77,8079.344444444445,45.522222222222226,7.572444444444444,68.82222222222222,2036.3444444444444,6.955333333333334,0.40682185395817033,0.46668778364815716
USER1540,18,Female,Sedentary,General Fitness,25.2,Vegan,2.85,2696.788888888889,7.588888888888889,6.589555555555555,69.03333333333333,1644.9555555555555,7.04911111111111,0.36644828234489335,0.5304026125619424
USER1541,31,Female,Moderately Active,Weight Loss,29.3,Vegan,6.05,8123.7444444444445,42.68888888888889,7.487666666666667,70.61111111111111,2041.6444444444444,6.993,0.33088313840529104,0.5082854768135208
USER1542,49,Male,Sedentary,Stress Management,21.7,Vegan,2.51,2639.6111111111113,8.588888888888889,6.481,68.87777777777778,1648.3666666666666,6.916444444444445,0.322217876485436,0.44973925825165123
USER1543,48,Female,Lightly Active,Stress Management,23.0,Balanced,5.12,5444.355555555556,26.566666666666666,6.990444444444444,69.13333333333334,1843.5777777777778,6.852111111111112,0.3387612459285797,0.46506045002090507
USER1544,27,Male,Moderately Active,Build Muscle,29.2,Balanced,4.91,8063.055555555556,44.71111111111111,7.407111111111111,67.95555555555555,2039.4666666666667,7.1627777777777775,0.41691668209377813,0.38793050908569576
USER1545,25,Male,Lightly Active,General Fitness,20.1,Balanced,5.31,4952.133333333333,27.72222222222222,7.118,69.77777777777777,1806.4333333333334,7.201666666666666,0.37512931944613465,0.3794821134435245
USER1546,36,Female,Lightly Active,Better Sleep,30.2,Balanced,4.13,5102.633333333333,27.255555555555556,6.800444444444444,69.5,1844.4333333333334,7.077333333333334,0.4023228988786542,0.4771791277994146
USER1547,22,Male,Sedentary,General Fitness,23.9,Vegan,2.75,2598.6,8.344444444444445,6.428888888888889,68.52222222222223,1629.9333333333334,7.032333333333333,0.39370036314770046,0.45238874363248477
USER1548,35,Male,Moderately Active,Better Sleep,24.4,Low Carb,3.77,8042.0,43.96666666666667,7.503,69.83333333333333,2022.2888888888888,7.095444444444444,0.38425412664920044,0.3895892484587858
USER1549,39,Male,Sedentary,Weight Loss,21.5,Balanced,3.86,2804.411111111111,8.322222222222223,6.363888888888889,70.71111111111111,1665.6888888888889,7.225888888888889,0.3332384546298604,0.4190812372049767
USER1550,44,Male,Moderately Active,Weight Loss,27.5,Balanced,6.57,8144.733333333334,45.422222222222224,7.496555555555556,69.66666666666667,2052.8,7.071333333333333,0.3514490572607126,0.500741615137841
USER1551,30,Male,Sedentary,Build Muscle,35.8,Balanced,5.58,2772.5777777777776,8.28888888888889,6.514444444444444,68.41111111111111,1656.6444444444444,7.072888888888889,0.361850226990111,0.3889013346226055
USER1552,29,Male,Moderately Active,General Fitness,29.1,Low Carb,3.02,7824.655555555555,41.977777777777774,7.628555555555556,70.86666666666666,2021.1777777777777,7.261,0.3446414230316298,0.43011568527680005
USER1553,23,Female,Lightly Active,Stress Management,22.5,Vegetarian,5.56,5238.166666666667,28.58888888888889,6.994000000000001,70.05555555555556,1864.6777777777777,7.096333333333333,0.4048965498155103,0.4099119868936724
USER1554,23,Male,Moderately Active,Better Sleep,30.5,Vegan,4.73,8281.333333333334,44.266666666666666,7.424555555555556,70.64444444444445,2044.9,7.271,0.36094749507076296,0.48570526512360457
USER1555,29,Female,Lightly Active,Build Muscle,24.7,High Protein,6.14,5173.222222222223,27.0,6.978777777777778,69.74444444444444,1830.2666666666667,7.1112222222222226,0.3763465997957647,0.39573262234749196
USER1556,35,Male,Very Active,Weight Loss,31.5,Balanced,3.83,10968.322222222223,69.82222222222222,8.136,67.81111111111112,2264.4222222222224,6.8725555555555555,0.3415901514369829,0.47117282191413773
USER1557,41,Male,Sedentary,Stress Management,29.2,Balanced,5.61,2874.266666666667,8.044444444444444,6.565111111111111,70.03333333333333,1663.1777777777777,6.990444444444444,0.3402777391819059,0.43040343737945747
USER1558,23,Female,Sedentary,General Fitness,18.0,Balanced,6.92,2916.011111111111,9.033333333333333,6.661111111111111,66.86666666666666,1654.5777777777778,7.2139999999999995,0.33817957540837895,0.3926595486872349
USER1559,46,Other,Lightly Active,Weight Loss,22.0,Balanced,5.48,5188.955555555555,29.488888888888887,6.913222222222221,71.14444444444445,1842.2777777777778,7.031444444444445,0.34442774462417397,0.44140521792753445
USER1560,29,Male,Sedentary,Build Muscle,29.8,Vegan,6.29,2885.0222222222224,8.677777777777777,6.598222222222223,70.05555555555556,1633.6666666666667,7.1288888888888895,0.3509353582861767,0.4121187474030505
USER1561,31,Female,Sedentary,General Fitness,26.6,Low Carb,5.2,2479.1666666666665,9.188888888888888,6.353777777777778,69.13333333333334,1640.6,6.722222222222222,0.3705073474655926,0.3837318239061856
USER1562,24,Female,Very Active,Stress Management,21.9,Vegetarian,6.46,10705.544444444444,70.75555555555556,8.054777777777778,69.3,2295.7444444444445,7.11011111111111,0.34699867286502495,0.502680095517922
USER1563,18,Female,Very Active,Build Muscle,23.5,Balanced,6.35,10627.755555555555,72.58888888888889,7.921444444444444,68.9,2286.266666666667,7.1965555555555545,0.41659531243420883,0.5010841931643273
USER1564,40,Female,Lightly Active,Build Muscle,18.4,Balanced,4.51,5361.066666666667,30.477777777777778,7.116555555555555,70.58888888888889,1857.3666666666666,7.151888888888888,0.3595832191957585,0.39058473256419973
USER1565,39,Male,Very Active,Better Sleep,25.6,Balanced,4.51,10516.91111111111,70.75555555555556,7.976222222222223,68.43333333333334,2276.911111111111,7.137666666666666,0.3078472345963047,0.43851853255195683
USER1566,29,Male,Lightly Active,General Fitness,34.8,Low Carb,5.08,5477.488888888889,26.855555555555554,7.045111111111111,68.83333333333333,1847.7666666666667,6.966666666666667,0.3905047744994752,0.5031497600261975
USER1567,32,Female,Lightly Active,Build Muscle,29.2,Vegetarian,3.64,5634.577777777778,26.266666666666666,6.936333333333333,69.05555555555556,1855.888888888889,6.953666666666667,0.3659537260255056,0.4377757268217813
USER1568,37,Male,Moderately Active,Weight Loss,34.8,Balanced,2.94,7884.466666666666,47.144444444444446,7.602444444444445,69.06666666666666,2035.611111111111,7.001555555555555,0.3595675339037779,0.402541790069671
USER1569,18,Female,Moderately Active,General Fitness,29.5,Vegetarian,3.21,8390.288888888888,44.05555555555556,7.531555555555556,68.78888888888889,2070.366666666667,7.089666666666667,0.3526935028360228,0.4415271060633054
USER1570,26,Male,Very Active,Weight Loss,30.1,Vegetarian,4.01,11074.322222222223,72.53333333333333,7.995444444444445,72.88888888888889,2310.822222222222,6.914,0.3393857705447146,0.3970698416711811
USER1571,39,Male,Lightly Active,Weight Loss,33.9,Balanced,6.85,5327.133333333333,25.933333333333334,7.140666666666666,70.93333333333334,1835.9888888888888,7.008444444444445,0.3993564208050031,0.49084851180683636
USER1572,19,Female,Moderately Active,General Fitness,27.5,Vegetarian,3.92,8054.988888888889,41.644444444444446,7.5201111111111105,69.06666666666666,2014.6555555555556,6.916555555555556,0.3544984298378825,0.455677418875358
USER1573,34,Male,Sedentary,Weight Loss,25.3,Balanced,4.07,2697.088888888889,7.722222222222222,6.541333333333333,68.77777777777777,1642.2888888888888,6.983777777777777,0.36037187158368744,0.42385173123702063
USER1574,18,Female,Sedentary,General Fitness,30.1,Low Carb,3.82,2801.0444444444443,9.355555555555556,6.664555555555556,70.24444444444444,1652.4444444444443,6.9654444444444445,0.34995638942224855,0.37546903134314813
USER1575,36,Female,Sedentary,Weight Loss,31.8,Vegetarian,5.47,2645.6,9.011111111111111,6.378555555555556,70.16666666666667,1668.4333333333334,6.971,0.3423113172948122,0.3898642665706542
USER1576,31,Female,Very Active,General Fitness,24.1,High Protein,7.7,10502.877777777778,71.52222222222223,7.893222222222222,69.6,2291.1222222222223,6.929666666666666,0.36084884256002714,0.4870778731842499
USER1577,18,Female,Moderately Active,Weight Loss,23.1,Balanced,2.16,8666.81111111111,43.27777777777778,7.496777777777778,70.31111111111112,2065.266666666667,6.956888888888889,0.3712323660591328,0.40292604775724367
USER1578,43,Female,Moderately Active,Weight Loss,26.6,Balanced,6.72,7911.233333333334,45.91111111111111,7.571,70.17777777777778,2055.4,6.900111111111111,0.41104001230274073,0.36027254276268106
USER1579,24,Female,Lightly Active,Weight Loss,29.3,Balanced,5.3,5516.211111111111,25.244444444444444,6.867666666666667,69.47777777777777,1837.2555555555555,7.339333333333333,0.3359895186370598,0.4728601599938964
USER1580,23,Female,Lightly Active,Better Sleep,29.2,Balanced,5.09,5407.388888888889,26.766666666666666,6.9318888888888885,70.94444444444444,1825.7444444444445,6.871444444444445,0.3401450988466703,0.45039770649717936
USER1581,34,Male,Sedentary,Stress Management,20.3,Low Carb,5.1,2772.0333333333333,8.622222222222222,6.483666666666666,69.36666666666666,1653.4444444444443,6.969,0.362915808641105,0.4350514572935048
USER1582,43,Male,Lightly Active,Weight Loss,33.6,Vegan,4.89,5317.333333333333,26.933333333333334,7.046333333333333,68.41111111111111,1849.4555555555555,7.037222222222223,0.3619857893965863,0.3981032832838766
USER1583,21,Male,Lightly Active,Stress Management,23.4,Balanced,2.03,5176.544444444445,25.644444444444446,7.125444444444444,68.8,1836.1888888888889,6.917333333333333,0.4134602066382536,0.39661446608579204
USER1584,32,Male,Moderately Active,General Fitness,24.9,Balanced,3.74,8221.3,46.3,7.576666666666666,69.87777777777778,2062.788888888889,6.901888888888888,0.4023553812261819,0.4344133037731967
USER1585,36,Female,Lightly Active,Better Sleep,22.4,Balanced,3.77,5757.988888888889,27.644444444444446,7.01488888888889,70.72222222222223,1885.0333333333333,6.946555555555556,0.3078743423881361,0.42975762575899784
USER1586,38,Female,Sedentary,Build Muscle,36.8,Balanced,2.18,2931.911111111111,8.577777777777778,6.418555555555555,68.26666666666667,1642.1888888888889,6.8102222222222215,0.2669960456438252,0.36666274339010285
USER1587,33,Female,Sedentary,General Fitness,27.0,Balanced,1.65,2660.7444444444445,9.422222222222222,6.365555555555555,69.41111111111111,1658.0444444444445,6.999444444444445,0.42347843900407556,0.36549598869451805
USER1588,28,Male,Sedentary,Weight Loss,22.6,Balanced,4.51,2719.711111111111,9.055555555555555,6.529888888888889,68.88888888888889,1649.7555555555555,7.248555555555556,0.3884585381231256,0.37338421063219546
USER1589,23,Female,Lightly Active,Build Muscle,29.5,Vegetarian,2.48,5536.711111111111,25.711111111111112,7.134111111111111,68.37777777777778,1823.0222222222221,7.31,0.38636971596042874,0.48969519583565035
USER1590,32,Male,Very Active,Better Sleep,29.1,Balanced,4.59,10918.233333333334,71.36666666666666,8.13111111111111,69.17777777777778,2295.911111111111,7.048111111111112,0.3392960445741433,0.44647307293647287
USER1591,21,Female,Moderately Active,General Fitness,25.2,Low Carb,3.93,8176.7,46.077777777777776,7.519222222222222,70.65555555555555,2054.8,6.980444444444444,0.3896910290343315,0.44968837155392616
USER1592,18,Female,Moderately Active,Weight Loss,29.4,Vegetarian,3.76,8283.666666666666,41.144444444444446,7.543333333333333,69.61111111111111,2030.1,6.987666666666667,0.34776752750816,0.4745394289790982
USER1593,36,Male,Lightly Active,Weight Loss,22.7,Balanced,7.67,5323.366666666667,24.92222222222222,7.012333333333333,70.83333333333333,1842.4444444444443,6.815666666666666,0.35590679995739993,0.47863146753575164
USER1594,41,Male,Lightly Active,General Fitness,24.0,Low Carb,2.5,5469.811111111111,26.133333333333333,7.103444444444444,69.08888888888889,1849.911111111111,7.170333333333334,0.3641225684299945,0.5385040933335855
USER1595,18,Male,Sedentary,General Fitness,18.0,Low Carb,6.18,2723.5333333333333,8.822222222222223,6.315222222222222,69.65555555555555,1642.0333333333333,7.010222222222222,0.3435032515905294,0.43554827435970994
USER1596,21,Female,Moderately Active,Build Muscle,20.7,Low Carb,7.25,8338.7,45.74444444444445,7.700222222222222,69.11111111111111,2058.1666666666665,7.119888888888888,0.3357439423182427,0.45651101750046424
USER1597,38,Female,Moderately Active,Better Sleep,33.2,Balanced,4.12,8408.244444444445,44.3,7.2059999999999995,69.81111111111112,2048.3555555555554,7.154,0.36811728253205117,0.4167640762836088
USER1598,52,Female,Sedentary,Weight Loss,32.6,Balanced,7.3,2816.0555555555557,8.7,6.562,70.1,1661.1222222222223,7.126777777777777,0.3406579175466042,0.4254650818733894
USER1599,32,Male,Lightly Active,Build Muscle,26.3,Vegetarian,4.47,5451.3,27.233333333333334,6.838555555555556,70.0111111111111,1859.911111111111,7.005888888888888,0.36779777079595616,0.4418503476727671
USER1600,24,Male,Lightly Active,Better Sleep,32.7,Vegetarian,3.9,5458.111111111111,26.511111111111113,7.1112222222222226,69.64444444444445,1840.0444444444445,7.009222222222222,0.31910154710480526,0.4522566558308296
USER1601,30,Female,Moderately Active,Build Muscle,25.4,Balanced,6.71,8626.41111111111,47.67777777777778,7.4717777777777785,70.91111111111111,2075.2444444444445,6.906,0.29597402428403435,0.42049686976676093
USER1602,45,Female,Very Active,Weight Loss,25.0,Balanced,2.78,10654.444444444445,74.71111111111111,8.054444444444444,70.67777777777778,2299.4666666666667,6.6785555555555565,0.34390288199293967,0.46691978656974004
USER1603,25,Male,Lightly Active,General Fitness,26.2,Balanced,2.43,5640.355555555556,27.522222222222222,7.138888888888889,70.74444444444444,1877.5666666666666,6.967666666666667,0.377360795122245,0.41177428813105954
USER1604,24,Male,Lightly Active,Stress Management,25.5,Balanced,3.23,5442.277777777777,28.544444444444444,7.080111111111112,68.41111111111111,1862.911111111111,7.1288888888888895,0.41642703285615873,0.44918160758078657
USER1605,27,Female,Sedentary,Weight Loss,25.1,Low Carb,5.51,2556.2444444444445,8.655555555555555,6.535,69.07777777777778,1657.8333333333333,6.801666666666667,0.35855038017916635,0.4262259316997843
USER1606,22,Male,Sedentary,Better Sleep,30.6,Balanced,3.75,2862.8777777777777,9.022222222222222,6.429444444444444,68.05555555555556,1673.388888888889,6.791444444444445,0.2517911507614989,0.40461227473448796
USER1607,33,Male,Sedentary,Stress Management,26.6,Balanced,3.91,2651.411111111111,9.033333333333333,6.515555555555555,70.88888888888889,1644.3,7.139222222222222,0.3538025125885509,0.3985187970446127
USER1608,48,Male,Sedentary,Weight Loss,28.8,Vegetarian,4.82,2857.6111111111113,8.644444444444444,6.418444444444444,67.14444444444445,1659.3111111111111,6.940333333333333,0.34267948428488854,0.4345258034603688
USER1609,35,Female,Moderately Active,General Fitness,30.1,Balanced,2.93,8486.522222222222,45.06666666666667,7.405111111111111,69.7,2069.6111111111113,6.745222222222223,0.3189385882146377,0.5127872630038544
USER1610,29,Female,Moderately Active,Build Muscle,27.6,Vegetarian,4.51,8259.344444444445,48.71111111111111,7.541222222222222,70.27777777777777,2078.7555555555555,6.939555555555555,0.37022904459675887,0.42303898342803525
USER1611,29,Female,Sedentary,Build Muscle,22.1,Vegetarian,2.92,2700.677777777778,8.533333333333333,6.350444444444444,69.05555555555556,1642.1555555555556,7.076333333333333,0.4090886804897207,0.4014741285148902
USER1612,18,Female,Moderately Active,Stress Management,20.6,Balanced,4.53,8261.355555555556,42.388888888888886,7.461,70.0111111111111,2035.7555555555555,7.020555555555556,0.36808329322176775,0.5119733960710713
USER1613,40,Female,Sedentary,Better Sleep,26.6,Vegetarian,3.17,2654.322222222222,8.344444444444445,6.550777777777778,69.68888888888888,1650.2333333333333,6.879777777777777,0.35966186699248487,0.4272170948917997
USER1614,31,Male,Lightly Active,Weight Loss,25.3,Vegetarian,3.71,5113.311111111111,27.155555555555555,7.1897777777777785,71.06666666666666,1833.2111111111112,6.832888888888889,0.35877712432184755,0.46861799518398056
USER1615,30,Female,Sedentary,Build Muscle,26.3,Balanced,4.67,2697.9222222222224,8.122222222222222,6.487555555555556,67.7,1637.4333333333334,7.268222222222222,0.330488301746546,0.4701788538501129
USER1616,63,Male,Lightly Active,Build Muscle,25.9,Balanced,1.2,5561.711111111111,24.42222222222222,6.912888888888888,69.71111111111111,1841.8666666666666,6.878,0.3451771270577602,0.5024771757427426
USER1617,34,Female,Lightly Active,Build Muscle,36.3,Low Carb,4.15,5362.377777777778,28.366666666666667,7.1883333333333335,69.32222222222222,1866.4555555555555,6.892444444444445,0.3518852373441707,0.43181912422385793
USER1618,24,Male,Lightly Active,Build Muscle,20.7,Vegan,4.8,5500.644444444444,26.455555555555556,6.917222222222222,70.02222222222223,1834.888888888889,7.113222222222223,0.3654023227307514,0.46558668098893075
USER1619,27,Male,Lightly Active,Weight Loss,18.0,Low Carb,6.27,5257.8,28.61111111111111,7.208888888888889,71.66666666666667,1849.2888888888888,6.768222222222222,0.3103930226804408,0.4266607918534094
USER1620,43,Male,Very Active,General Fitness,27.3,Balanced,4.55,10803.988888888889,66.64444444444445,7.930999999999999,68.93333333333334,2270.1222222222223,7.10788888888889,0.3855208496233537,0.5311774443607731
USER1621,33,Male,Sedentary,Build Muscle,24.5,Low Carb,3.63,2779.8777777777777,8.744444444444444,6.422555555555555,68.67777777777778,1645.1444444444444,6.977,0.31272621327536815,0.428772227150842
USER1622,18,Male,Sedentary,Weight Loss,27.3,Balanced,6.74,2860.088888888889,8.377777777777778,6.564555555555555,70.0111111111111,1633.1222222222223,7.117666666666667,0.3260261481212646,0.41164077252338316
USER1623,41,Male,Sedentary,Stress Management,28.3,Low Carb,3.99,2756.6222222222223,8.588888888888889,6.394,68.6,1664.7666666666667,7.165666666666667,0.37874470441027913,0.4876404361175902
USER1624,25,Other,Moderately Active,Stress Management,31.1,Vegetarian,4.11,8086.144444444444,45.48888888888889,7.417555555555556,69.16666666666667,2065.766666666667,7.254777777777777,0.3851371887310944,0.4554864945593242
USER1625,50,Male,Sedentary,Build Muscle,20.0,Low Carb,3.35,2814.6111111111113,8.466666666666667,6.47411111111111,72.5,1662.8777777777777,7.0394444444444435,0.284456348208858,0.4406897985116061
USER1626,42,Female,Moderately Active,Weight Loss,23.8,Vegetarian,5.73,8221.544444444444,45.56666666666667,7.514,70.68888888888888,2032.5555555555557,7.246333333333333,0.32334931525334903,0.43690863877682873
USER1627,27,Female,Lightly Active,General Fitness,27.7,Vegetarian,5.92,5753.9,26.477777777777778,6.974333333333334,69.28888888888889,1857.6555555555556,6.971222222222222,0.32318593333389267,0.42931549783385453
USER1628,44,Other,Lightly Active,Weight Loss,29.1,Low Carb,2.7,5278.844444444445,26.38888888888889,7.068333333333333,68.87777777777778,1842.2444444444445,6.916444444444445,0.33131948670641864,0.49071544610924117
USER1629,32,Female,Lightly Active,Weight Loss,34.8,Balanced,5.81,5776.866666666667,28.11111111111111,6.956222222222221,69.18888888888888,1867.3555555555556,7.00611111111111,0.3638076478118639,0.40035238833614345
USER1630,40,Female,Sedentary,General Fitness,29.8,Vegetarian,6.67,2661.1444444444446,7.8,6.535444444444445,69.41111111111111,1646.9222222222222,7.028,0.39924962542518805,0.4472905884583488
USER1631,36,Male,Sedentary,Weight Loss,25.8,High Protein,4.76,2764.7444444444445,8.511111111111111,6.358222222222222,70.53333333333333,1632.1777777777777,7.131555555555556,0.351058931038981,0.4182895579013172
USER1632,23,Male,Lightly Active,Weight Loss,22.4,Balanced,3.49,5118.077777777778,27.11111111111111,7.023666666666666,69.1,1833.8222222222223,6.836111111111111,0.3865996981792046,0.4871323023426254
USER1633,25,Male,Lightly Active,Weight Loss,23.7,Balanced,5.52,5670.477777777778,23.38888888888889,7.032444444444444,69.86666666666666,1847.5555555555557,6.824,0.3001023743180807,0.4583254458232163
USER1634,42,Female,Sedentary,Weight Loss,23.6,Balanced,4.64,2741.088888888889,8.755555555555556,6.4190000000000005,70.41111111111111,1660.5222222222221,7.263,0.4058515305340371,0.40524295723743775
USER1635,28,Female,Sedentary,Weight Loss,28.6,Vegetarian,1.96,2561.1222222222223,9.61111111111111,6.419888888888888,69.6,1654.1,6.9077777777777785,0.39420437492183036,0.4166763062762936
USER1636,27,Male,Very Active,Better Sleep,27.0,Vegetarian,4.55,10412.711111111112,71.38888888888889,8.008777777777777,70.77777777777777,2261.6111111111113,6.749111111111111,0.39443038166497996,0.4659173241390239
USER1637,22,Male,Sedentary,Weight Loss,20.7,Balanced,3.06,2794.1666666666665,8.866666666666667,6.452222222222223,68.9,1660.8333333333333,6.974333333333334,0.337191127304087,0.3980756303150118
USER1638,36,Female,Moderately Active,Weight Loss,24.3,Vegan,6.98,8123.711111111111,44.15555555555556,7.479,69.93333333333334,2034.6777777777777,6.961888888888888,0.3734965747501872,0.4693966157247682
USER1639,52,Male,Moderately Active,Weight Loss,29.5,Balanced,3.91,8362.322222222223,48.044444444444444,7.288555555555556,70.17777777777778,2094.4555555555557,6.720444444444444,0.3366888867489786,0.43421337889689793
USER1640,21,Female,Lightly Active,Better Sleep,27.4,Vegetarian,3.9,5344.733333333334,26.822222222222223,7.164111111111111,69.36666666666666,1848.1555555555556,6.861,0.402366338158543,0.4436331176408103
USER1641,32,Female,Sedentary,General Fitness,28.3,Balanced,2.05,2889.311111111111,9.11111111111111,6.551555555555556,67.52222222222223,1656.888888888889,7.037444444444445,0.3297191991849967,0.3837352567236262
USER1642,46,Female,Sedentary,Build Muscle,27.5,Balanced,4.77,2490.5666666666666,8.955555555555556,6.516777777777778,70.31111111111112,1640.4,6.752888888888889,0.4122074685944466,0.4025971468991385
USER1643,31,Female,Moderately Active,Stress Management,32.5,Balanced,5.77,8696.388888888889,47.522222222222226,7.478222222222222,70.85555555555555,2083.711111111111,7.023777777777777,0.37750623848395365,0.43351295555496894
USER1644,36,Female,Moderately Active,Build Muscle,26.9,Balanced,4.13,8548.622222222222,44.51111111111111,7.542888888888889,67.77777777777777,2054.711111111111,6.926666666666667,0.3727674933060407,0.46534150985558737
USER1645,21,Female,Moderately Active,Build Muscle,24.5,Low Carb,2.37,8273.711111111112,46.422222222222224,7.584444444444444,70.24444444444444,2044.611111111111,7.101555555555556,0.34201545350321366,0.421731229653987
USER1646,36,Female,Very Active,Weight Loss,22.3,Low Carb,2.71,11028.944444444445,76.36666666666666,8.13811111111111,69.56666666666666,2316.5,7.102111111111112,0.35845486642969826,0.44462445168855647
USER1647,30,Female,Moderately Active,Build Muscle,27.0,Balanced,4.96,7918.844444444445,46.68888888888889,7.507666666666667,69.65555555555555,2058.4666666666667,6.679555555555555,0.3155824899602106,0.45897313336917034
USER1648,41,Male,Sedentary,Build Muscle,18.0,Balanced,5.77,2634.688888888889,8.555555555555555,6.426888888888889,69.38888888888889,1630.8444444444444,6.765777777777777,0.3075278036947676,0.38025211527828134
USER1649,43,Male,Sedentary,General Fitness,25.3,Balanced,4.28,2691.8333333333335,7.911111111111111,6.504777777777777,68.74444444444444,1652.8333333333333,7.054444444444444,0.3780293444639362,0.4709785131204452
USER1650,57,Male,Moderately Active,Weight Loss,25.2,Vegetarian,3.06,8268.833333333334,49.166666666666664,7.451999999999999,68.37777777777778,2076.688888888889,7.02711111111111,0.42511531047516204,0.4150271640947952
USER1651,37,Male,Sedentary,General Fitness,20.5,Vegetarian,5.71,2671.5333333333333,8.188888888888888,6.461444444444444,68.53333333333333,1652.2111111111112,7.058666666666666,0.3445142222363824,0.4709961299864705
USER1652,35,Female,Sedentary,Weight Loss,22.3,Balanced,3.48,2770.8,9.333333333333334,6.575444444444444,69.15555555555555,1674.3111111111111,7.208,0.3774352916832498,0.4373318020666407
USER1653,33,Female,Moderately Active,Weight Loss,29.2,Low Carb,5.0,7944.177777777778,46.18888888888889,7.632,67.85555555555555,2048.711111111111,6.896444444444444,0.37883042790834254,0.4570551778498172
USER1654,28,Male,Lightly Active,Build Muscle,26.9,Balanced,2.42,5375.377777777778,28.3,6.994222222222223,70.34444444444445,1840.3555555555556,7.236666666666666,0.3495781274397199,0.42744554403748575
USER1655,35,Male,Very Active,Better Sleep,26.4,Vegan,4.54,11630.7,75.81111111111112,7.857444444444444,71.76666666666667,2338.1222222222223,6.606444444444445,0.33388151045330294,0.3946643542982605
USER1656,29,Other,Moderately Active,Build Muscle,27.2,Vegan,4.03,8271.666666666666,47.18888888888889,7.3838888888888885,69.77777777777777,2061.2444444444445,7.020444444444445,0.336466021206456,0.37333654253967785
USER1657,33,Male,Sedentary,General Fitness,26.4,Low Carb,5.1,2843.1444444444446,9.1,6.5345555555555555,68.71111111111111,1653.5111111111112,6.705555555555556,0.3583362262094032,0.4604049113734089
USER1658,45,Male,Very Active,Weight Loss,31.0,Vegan,6.0,10931.744444444445,72.43333333333334,7.918666666666666,71.12222222222222,2306.766666666667,6.896111111111111,0.3555251034363759,0.48981610210348053
USER1659,21,Female,Lightly Active,Weight Loss,26.5,Vegetarian,3.72,5534.922222222222,28.844444444444445,7.084444444444444,70.9,1865.0111111111112,7.179111111111111,0.30075561045295673,0.3823629101531562
USER1660,43,Female,Lightly Active,Weight Loss,20.2,Vegetarian,4.3,5575.488888888889,25.07777777777778,7.023333333333333,69.83333333333333,1843.1888888888889,6.968444444444444,0.34902701920209994,0.5048344284395969
USER1661,45,Male,Lightly Active,Build Muscle,32.5,Low Carb,7.77,5371.577777777778,27.855555555555554,6.976,70.32222222222222,1869.8777777777777,7.138111111111111,0.3870954159007691,0.42808888089982067
USER1662,30,Male,Sedentary,Weight Loss,27.5,Balanced,4.46,2750.0333333333333,8.3,6.562,69.17777777777778,1648.911111111111,7.094666666666667,0.3551773091901578,0.48946717393644107
USER1663,18,Male,Lightly Active,Weight Loss,23.6,Balanced,3.87,4982.344444444445,24.4,7.128222222222222,69.66666666666667,1809.6333333333334,7.123,0.41463789797695766,0.4933336014419048
USER1664,25,Female,Sedentary,Stress Management,21.0,Balanced,6.79,2642.0777777777776,8.988888888888889,6.516777777777778,69.91111111111111,1663.3666666666666,6.892777777777778,0.34345419942219657,0.4019699671821128
USER1665,44,Female,Lightly Active,Weight Loss,27.6,Low Carb,5.21,5422.5888888888885,27.044444444444444,6.973333333333334,70.5111111111111,1835.4888888888888,7.237666666666667,0.3549589200198514,0.4552130699709591
USER1666,31,Male,Lightly Active,General Fitness,25.5,Balanced,4.66,5381.533333333334,26.788888888888888,7.119666666666666,70.07777777777778,1849.2888888888888,7.224777777777778,0.3448007557321471,0.42070490558954915
USER1667,22,Female,Moderately Active,Build Muscle,32.3,Balanced,2.31,7608.866666666667,44.733333333333334,7.557444444444444,71.24444444444444,2015.8111111111111,6.928444444444444,0.3360594184947455,0.46807305516943387
USER1668,26,Female,Moderately Active,General Fitness,24.6,Balanced,4.32,8056.2555555555555,46.72222222222222,7.481222222222222,68.0111111111111,2050.6444444444446,6.712666666666666,0.3786595761939711,0.4216803396072817
USER1669,40,Male,Sedentary,General Fitness,22.7,Balanced,3.42,2822.4222222222224,9.233333333333333,6.524666666666667,69.68888888888888,1674.5777777777778,6.855333333333333,0.3451995992888786,0.41994285770183976
USER1670,37,Female,Lightly Active,Build Muscle,29.6,Low Carb,6.83,5439.0888888888885,28.72222222222222,6.828777777777778,71.42222222222222,1852.9444444444443,6.7620000000000005,0.3615702659498731,0.4611249426887188
USER1671,29,Female,Lightly Active,Weight Loss,29.7,Vegan,4.03,5230.8,26.7,6.965333333333334,69.7,1852.1,7.104777777777778,0.36889800170925147,0.4477908902209393
USER1672,28,Male,Sedentary,General Fitness,26.7,Vegetarian,4.18,2619.0666666666666,9.244444444444444,6.444999999999999,69.15555555555555,1629.7,7.131222222222221,0.3980199342657646,0.3883650958060836
USER1673,28,Male,Moderately Active,Stress Management,28.7,Low Carb,5.02,8046.1,42.96666666666667,7.499777777777778,68.93333333333334,2027.411111111111,7.186888888888889,0.39434502860991455,0.4440126060778076
USER1674,22,Female,Moderately Active,Weight Loss,25.8,Low Carb,5.72,8338.844444444445,44.13333333333333,7.499777777777778,69.5,2059.5555555555557,6.939,0.370831402960353,0.4375098863454056
USER1675,48,Female,Sedentary,Weight Loss,26.9,Balanced,5.42,2759.088888888889,9.122222222222222,6.431777777777778,69.9,1668.7555555555555,6.905444444444445,0.30660190602159915,0.41073300245883565
USER1676,28,Female,Lightly Active,Stress Management,30.7,Balanced,5.66,5279.2444444444445,25.955555555555556,7.064333333333333,69.73333333333333,1832.6888888888889,7.161333333333333,0.38062554878753424,0.5210170411000696
USER1677,44,Female,Sedentary,Build Muscle,28.5,Vegan,6.05,2735.8888888888887,8.8,6.456888888888889,71.27777777777777,1623.4,7.080555555555556,0.36030534515572893,0.38155928333007233
USER1678,47,Female,Moderately Active,General Fitness,25.3,Balanced,1.97,8608.211111111112,46.2,7.452333333333334,68.26666666666667,2056.677777777778,6.803333333333333,0.3124933352508289,0.3934218020828444
USER1679,41,Male,Sedentary,Build Muscle,31.4,Balanced,3.53,2822.5333333333333,8.477777777777778,6.503444444444444,71.53333333333333,1647.4666666666667,7.115666666666666,0.3681090433558834,0.43849170101597856
USER1680,27,Female,Very Active,Weight Loss,18.0,Vegetarian,5.42,9961.877777777778,73.45555555555555,7.975,70.87777777777778,2279.8444444444444,7.0616666666666665,0.3798345563912019,0.40461844331179886
USER1681,36,Male,Moderately Active,General Fitness,34.2,Balanced,2.56,8724.388888888889,47.91111111111111,7.298111111111112,69.6,2102.788888888889,6.860333333333333,0.39925194456091306,0.44753515346770034
USER1682,31,Male,Lightly Active,General Fitness,19.2,Balanced,5.99,5398.611111111111,27.155555555555555,6.8147777777777785,70.12222222222222,1839.9,7.058111111111112,0.4214845373216877,0.41692447920234665
USER1683,22,Female,Lightly Active,Weight Loss,23.5,Balanced,5.68,5493.611111111111,25.377777777777776,6.934777777777778,66.87777777777778,1847.2666666666667,7.0696666666666665,0.4017481152894141,0.4359117856596174
USER1684,35,Female,Very Active,Build Muscle,25.8,Balanced,2.58,10799.822222222223,67.55555555555556,7.8614444444444445,70.95555555555555,2289.711111111111,6.834,0.38619479440284366,0.5088051788589121
USER1685,20,Male,Lightly Active,Stress Management,25.4,Balanced,3.39,5634.955555555555,29.022222222222222,6.894444444444445,69.56666666666666,1895.5222222222221,6.628333333333333,0.32974139737910413,0.4513559794473459
USER1686,43,Female,Sedentary,General Fitness,30.0,Balanced,3.52,2717.4666666666667,8.633333333333333,6.368666666666666,68.16666666666667,1663.9444444444443,7.311777777777778,0.37462223080790713,0.427009808117721
USER1687,27,Male,Lightly Active,Weight Loss,21.8,Low Carb,5.17,5656.444444444444,27.22222222222222,6.997222222222222,69.55555555555556,1873.6222222222223,7.088555555555556,0.3358664608490318,0.4514771396906109
USER1688,34,Male,Moderately Active,General Fitness,27.0,Vegetarian,3.61,8475.011111111111,41.544444444444444,7.424777777777778,69.66666666666667,2032.911111111111,7.187,0.3491804986248947,0.5197369056517593
USER1689,34,Male,Moderately Active,General Fitness,23.7,Balanced,3.08,8291.18888888889,45.522222222222226,7.424888888888889,69.44444444444444,2049.9666666666667,7.017777777777778,0.34127198431761174,0.4761835633395729
USER1690,29,Female,Moderately Active,Stress Management,27.2,Vegan,6.78,7951.488888888889,46.48888888888889,7.485555555555556,69.45555555555555,2053.988888888889,6.840222222222223,0.35863223559177015,0.4373267569242228
USER1691,37,Female,Moderately Active,General Fitness,25.7,Balanced,3.42,7869.977777777778,45.56666666666667,7.406555555555556,70.4888888888889,2063.6,7.149444444444445,0.38057702705083646,0.36914436443120996
USER1692,27,Male,Moderately Active,Weight Loss,26.4,Balanced,4.06,8044.144444444444,44.78888888888889,7.326555555555555,70.46666666666667,2032.8777777777777,6.995555555555556,0.35651365533654716,0.41907163542886117
USER1693,40,Female,Very Active,General Fitness,23.8,Balanced,5.03,10945.344444444445,68.83333333333333,7.905333333333333,69.26666666666667,2270.4333333333334,6.956888888888889,0.3710875602967911,0.45728446790994376
USER1694,18,Male,Sedentary,General Fitness,24.0,Low Carb,3.41,2655.9666666666667,8.233333333333333,6.492444444444445,69.68888888888888,1650.4333333333334,7.197333333333333,0.3802362738200957,0.42625275063150386
USER1695,33,Female,Lightly Active,Weight Loss,27.1,Balanced,5.21,5291.8,26.144444444444446,6.983888888888888,68.57777777777778,1848.3555555555556,7.188222222222222,0.3909055843806139,0.47899999671032295
USER1696,51,Male,Moderately Active,Build Muscle,29.8,Low Carb,3.67,8049.877777777778,43.34444444444444,7.376444444444444,68.87777777777778,2039.5,6.863777777777778,0.3771893445394181,0.4595922167520404
USER1697,21,Male,Moderately Active,Build Muscle,23.6,Vegetarian,7.16,8075.355555555556,44.17777777777778,7.448666666666667,70.38888888888889,2048.3888888888887,7.0568888888888885,0.3337744829122181,0.4736080977618984
USER1698,25,Female,Moderately Active,General Fitness,22.5,Low Carb,3.23,8566.122222222222,46.522222222222226,7.519888888888889,69.46666666666667,2078.411111111111,7.011777777777777,0.33606512406906824,0.43607311586966524
USER1699,37,Male,Sedentary,Weight Loss,28.5,Low Carb,3.98,2865.4333333333334,7.966666666666667,6.4912222222222224,69.0,1650.1333333333334,7.0457777777777775,0.3586845435611643,0.4732883681915898
USER1700,33,Male,Moderately Active,General Fitness,25.9,High Protein,6.09,8002.655555555555,43.0,7.4864444444444445,70.08888888888889,2045.588888888889,6.958,0.3357667445931849,0.4951787760011733
USER1701,35,Female,Moderately Active,Better Sleep,29.3,Balanced,5.93,8388.966666666667,45.21111111111111,7.477888888888889,70.02222222222223,2057.0222222222224,7.017222222222221,0.36040771099628016,0.3997154639216592
USER1702,36,Other,Sedentary,Stress Management,22.4,Balanced,4.0,2608.366666666667,9.344444444444445,6.474555555555556,69.75555555555556,1641.6777777777777,7.019222222222222,0.3601067157134398,0.445140826225678
USER1703,38,Male,Lightly Active,Better Sleep,18.9,Vegetarian,6.98,5617.8,26.788888888888888,6.9735555555555555,70.44444444444444,1858.6777777777777,7.0856666666666674,0.3615805696036414,0.4586339828671515
USER1704,43,Male,Sedentary,Better Sleep,23.9,Low Carb,2.3,2671.2444444444445,8.6,6.476999999999999,69.85555555555555,1648.3666666666666,7.039666666666667,0.358466404471495,0.4793176090760388
USER1705,36,Male,Lightly Active,Weight Loss,22.9,Balanced,4.41,5469.177777777778,26.333333333333332,7.025111111111111,68.93333333333334,1851.5555555555557,7.104555555555555,0.3043128918448694,0.43185198072257985
USER1706,29,Female,Sedentary,General Fitness,25.7,Balanced,3.75,2639.5,8.744444444444444,6.551666666666667,70.75555555555556,1628.9888888888888,7.079,0.3661166274413234,0.40491109021698424
USER1707,38,Male,Lightly Active,Build Muscle,23.5,Balanced,4.08,5472.822222222222,26.711111111111112,6.822,70.44444444444444,1862.6777777777777,7.285333333333333,0.3387843875452203,0.46749591743190805
USER1708,50,Female,Lightly Active,Stress Management,29.0,Balanced,3.33,5713.833333333333,26.155555555555555,7.050666666666666,69.4888888888889,1866.6222222222223,6.899555555555556,0.3377389110016369,0.46879774189156276
USER1709,30,Other,Moderately Active,Weight Loss,24.8,Balanced,4.31,8206.288888888888,46.75555555555555,7.505888888888888,68.57777777777778,2070.988888888889,6.988333333333334,0.3243400469115443,0.4326278088839183
USER1710,22,Male,Moderately Active,Better Sleep,26.6,Vegan,2.54,8259.944444444445,47.05555555555556,7.551555555555556,69.68888888888888,2063.8888888888887,7.0793333333333335,0.3525317699548146,0.453244362424839
USER1711,43,Male,Moderately Active,General Fitness,26.6,Vegetarian,4.3,8146.388888888889,48.71111111111111,7.643222222222222,69.35555555555555,2088.0,6.815,0.3657428406517563,0.3886736936495385
USER1712,30,Male,Sedentary,Stress Management,26.8,Balanced,3.86,2663.7444444444445,8.38888888888889,6.472777777777777,69.52222222222223,1656.8333333333333,6.997777777777777,0.36050640197310085,0.4244629095668822
USER1713,18,Male,Sedentary,Weight Loss,25.9,Low Carb,4.53,2760.3444444444444,8.222222222222221,6.569000000000001,68.57777777777778,1647.0333333333333,6.969777777777778,0.34539753788428224,0.45195981359192405
USER1714,40,Female,Moderately Active,Weight Loss,28.0,Vegan,4.1,8191.444444444444,43.18888888888889,7.485555555555556,69.96666666666667,2063.6444444444446,6.920111111111111,0.3531572682269415,0.4228449195577854
USER1715,26,Male,Sedentary,Stress Management,22.8,Balanced,3.52,2745.0444444444443,7.666666666666667,6.413333333333334,70.11111111111111,1636.8444444444444,7.043555555555555,0.3014628615710297,0.4660040378726448
USER1716,31,Male,Very Active,Weight Loss,31.6,Balanced,2.73,11062.5,72.43333333333334,7.8787777777777785,70.34444444444445,2297.1222222222223,7.179333333333333,0.35808755845548546,0.46572523378685365
USER1717,35,Female,Moderately Active,Stress Management,25.1,Low Carb,4.94,8650.011111111111,47.888888888888886,7.431555555555556,71.21111111111111,2084.366666666667,7.098999999999999,0.3586754069753847,0.3985394305284615
USER1718,33,Male,Lightly Active,Weight Loss,20.8,Vegetarian,3.79,5816.566666666667,27.033333333333335,7.030222222222222,69.65555555555555,1874.2666666666667,6.685555555555556,0.34286250475431373,0.4584426351100177
USER1719,39,Female,Very Active,General Fitness,26.8,Balanced,5.34,11536.744444444445,75.37777777777778,7.917222222222222,67.96666666666667,2333.2555555555555,6.899555555555556,0.33881975940829384,0.4564684568148836
USER1720,27,Male,Sedentary,Build Muscle,22.6,High Protein,3.44,2793.9222222222224,9.1,6.480666666666666,69.64444444444445,1679.4222222222222,7.076222222222222,0.33595477331644613,0.3523942750715502
USER1721,37,Female,Lightly Active,General Fitness,28.7,Balanced,2.91,5579.0888888888885,27.833333333333332,6.9912222222222224,68.56666666666666,1850.9555555555555,6.909222222222223,0.3256190027868392,0.4153894130362032
USER1722,29,Female,Moderately Active,General Fitness,34.8,Balanced,2.47,8066.933333333333,44.67777777777778,7.472888888888888,69.65555555555555,2053.777777777778,7.253333333333333,0.36309961607084823,0.44311871933619884
USER1723,39,Female,Lightly Active,Build Muscle,22.9,Balanced,6.12,5441.711111111111,28.27777777777778,6.939222222222222,69.67777777777778,1853.2555555555555,7.157,0.3463200561167884,0.36762128819515527
USER1724,38,Female,Very Active,Weight Loss,27.3,Balanced,1.99,10595.511111111111,66.28888888888889,8.052666666666667,68.42222222222222,2238.688888888889,6.915666666666667,0.35732003302221665,0.47603718588027555
USER1725,22,Male,Sedentary,Weight Loss,19.0,Vegetarian,4.41,2725.211111111111,8.677777777777777,6.479,69.28888888888889,1654.2666666666667,7.048111111111112,0.3487561230612697,0.409519797550761
USER1726,42,Male,Lightly Active,General Fitness,27.8,High Protein,6.83,5601.833333333333,24.622222222222224,6.978,70.17777777777778,1865.5555555555557,6.832666666666666,0.33693721672719845,0.5492916267250902
USER1727,26,Female,Lightly Active,General Fitness,22.5,Balanced,4.34,5505.566666666667,25.544444444444444,7.108666666666666,70.15555555555555,1833.4333333333334,6.832555555555555,0.3519064247655927,0.47689492644780535
USER1728,40,Female,Moderately Active,General Fitness,23.5,High Protein,6.56,8811.788888888888,48.15555555555556,7.543,68.55555555555556,2103.911111111111,6.893666666666666,0.33829796598533757,0.42120886614632624
USER1729,35,Male,Lightly Active,General Fitness,21.6,Vegetarian,3.77,5310.9,29.61111111111111,6.919333333333333,69.1,1862.1444444444444,6.980333333333333,0.3502414621249378,0.4092894984617554
USER1730,50,Male,Lightly Active,Build Muscle,28.9,Balanced,2.75,5712.377777777778,27.08888888888889,7.067555555555556,68.36666666666666,1872.911111111111,7.112777777777778,0.3380158301930925,0.4569875284355687
USER1731,29,Male,Moderately Active,Build Muscle,30.0,Low Carb,4.24,7956.933333333333,43.7,7.649222222222222,70.4,2024.2222222222222,7.072333333333333,0.3969689639669644,0.4074953607058378
USER1732,28,Male,Sedentary,Weight Loss,26.1,Balanced,2.35,2864.1555555555556,8.633333333333333,6.574111111111111,70.5,1669.7222222222222,7.282,0.3394260921574598,0.43341085948616076
USER1733,31,Male,Moderately Active,Build Muscle,22.5,Low Carb,4.1,8119.077777777778,45.12222222222222,7.465222222222223,70.86666666666666,2042.388888888889,7.069333333333334,0.3297868513590598,0.4247811541519742
USER1734,28,Female,Lightly Active,Better Sleep,32.4,Balanced,3.02,5358.277777777777,26.833333333333332,7.022555555555555,68.93333333333334,1846.5,7.130999999999999,0.3777913759014602,0.44363943573632236
USER1735,39,Male,Moderately Active,Stress Management,23.0,Low Carb,4.78,8051.522222222222,43.111111111111114,7.585888888888889,70.28888888888889,2039.4333333333334,7.1834444444444445,0.3732225676092843,0.4667731265673937
USER1736,18,Male,Moderately Active,Build Muscle,18.0,Balanced,1.97,8317.8,42.08888888888889,7.540666666666667,70.5,2059.322222222222,6.921222222222222,0.39770643455495547,0.46758205520669754
USER1737,21,Female,Sedentary,General Fitness,27.8,Vegetarian,4.34,2708.6444444444446,8.3,6.615222222222222,70.12222222222222,1639.5333333333333,7.2972222222222225,0.30722651333463113,0.4599698986377037
USER1738,21,Female,Lightly Active,Stress Management,21.6,Vegetarian,6.6,5192.9,25.31111111111111,7.148888888888889,69.67777777777778,1849.4222222222222,6.885888888888889,0.31474444391872547,0.42070137628666726
USER1739,41,Female,Moderately Active,Build Muscle,30.0,Balanced,5.09,8105.144444444444,44.27777777777778,7.414,70.12222222222222,2063.3,7.011444444444444,0.35643388955353905,0.4444824863173514
USER1740,49,Female,Lightly Active,Weight Loss,24.5,Balanced,6.98,5541.277777777777,26.022222222222222,7.066222222222223,69.38888888888889,1850.088888888889,7.029111111111111,0.3753557350651837,0.503615225031971
USER1741,30,Male,Very Active,Weight Loss,28.4,Balanced,5.7,11674.444444444445,69.06666666666666,7.931444444444445,71.35555555555555,2300.733333333333,7.179777777777777,0.3068687549154605,0.45910901479887445
USER1742,30,Female,Lightly Active,General Fitness,31.6,Low Carb,7.08,5458.055555555556,27.288888888888888,6.945111111111112,70.8,1843.0666666666666,7.010777777777778,0.36612518959085755,0.42141154345646337
USER1743,32,Female,Sedentary,Better Sleep,21.2,Balanced,7.99,2740.5222222222224,8.533333333333333,6.523888888888889,70.15555555555555,1636.9666666666667,7.054333333333333,0.3703962687755048,0.3654473463064033
USER1744,43,Male,Lightly Active,General Fitness,23.7,Low Carb,3.03,5583.033333333334,27.455555555555556,6.935555555555556,70.92222222222222,1859.4555555555555,7.129888888888888,0.35529286394230825,0.44322822487210084
USER1745,22,Female,Very Active,Weight Loss,25.7,Balanced,3.32,11439.877777777778,69.02222222222223,7.947,69.24444444444444,2302.1111111111113,7.250111111111111,0.3200566054123461,0.48009685170626915
USER1746,34,Female,Lightly Active,Weight Loss,32.2,Balanced,6.22,5316.655555555555,26.866666666666667,7.02,68.88888888888889,1841.0777777777778,6.8276666666666666,0.34468584355079707,0.5376711097812915
USER1747,41,Male,Moderately Active,Stress Management,23.4,Balanced,2.82,7697.4111111111115,44.4,7.686888888888889,68.62222222222222,2051.722222222222,7.176333333333333,0.38770199051238674,0.4767172112582856
USER1748,37,Male,Moderately Active,Stress Management,23.6,Balanced,4.37,8345.711111111112,44.266666666666666,7.356222222222222,70.12222222222222,2054.3555555555554,6.886666666666666,0.3956245765402437,0.4721411522645122
USER1749,33,Male,Lightly Active,General Fitness,27.9,Vegetarian,6.05,5196.455555555555,28.4,7.142333333333332,68.71111111111111,1839.2333333333333,7.037888888888888,0.38674101710261305,0.37606190370300013
USER1750,42,Male,Sedentary,General Fitness,23.7,High Protein,7.32,2883.9333333333334,8.922222222222222,6.566000000000001,70.8,1654.2555555555555,7.040555555555556,0.3626781928941075,0.45575607152464553
USER1751,18,Male,Moderately Active,Weight Loss,26.6,Balanced,4.07,8258.722222222223,43.3,7.6401111111111115,69.25555555555556,2029.6777777777777,6.963222222222223,0.37131475800332964,0.45043083943415646
USER1752,38,Female,Lightly Active,Stress Management,19.8,Low Carb,5.79,5504.055555555556,25.833333333333332,6.894777777777778,68.75555555555556,1836.4,6.994666666666666,0.35685157681632407,0.4189946283568267
USER1753,25,Male,Moderately Active,Stress Management,34.9,Balanced,6.45,7848.844444444445,47.91111111111111,7.549555555555556,69.52222222222223,2033.4,6.934777777777778,0.4137182557741806,0.4503285063197868
USER1754,18,Female,Lightly Active,Weight Loss,20.6,Low Carb,4.6,5622.444444444444,25.655555555555555,7.038222222222223,70.62222222222222,1844.8444444444444,6.768777777777778,0.3193322644460199,0.45804457824629063
USER1755,37,Female,Lightly Active,General Fitness,24.7,Balanced,6.29,5460.577777777778,27.555555555555557,6.956666666666667,70.03333333333333,1850.3111111111111,7.177,0.39872331575506803,0.3422089950905926
USER1756,45,Female,Moderately Active,Weight Loss,25.9,Low Carb,3.18,8366.58888888889,46.833333333333336,7.529444444444445,68.88888888888889,2067.633333333333,6.9126666666666665,0.3469878608574405,0.4680961301466163
USER1757,30,Female,Lightly Active,Weight Loss,33.7,High Protein,2.61,5384.544444444445,27.166666666666668,6.950333333333333,67.64444444444445,1853.6666666666667,6.769444444444445,0.3600180337534792,0.41006386772928466
USER1758,41,Male,Lightly Active,Weight Loss,20.7,Balanced,3.84,5517.288888888889,27.8,7.092111111111111,66.45555555555555,1845.088888888889,6.927888888888889,0.3809116800288608,0.48473681395844526
USER1759,48,Male,Lightly Active,Weight Loss,33.9,Vegetarian,4.57,5671.144444444444,28.255555555555556,7.032555555555555,68.56666666666666,1849.5777777777778,6.926,0.3410749416142695,0.4328930648983881
USER1760,45,Female,Lightly Active,Build Muscle,29.0,Balanced,4.84,5727.288888888889,27.666666666666668,6.977333333333334,67.47777777777777,1881.5444444444445,7.114555555555556,0.32424202680435626,0.41160162838204317
USER1761,48,Female,Lightly Active,Build Muscle,27.7,Balanced,3.59,5349.4111111111115,26.6,6.9143333333333326,69.74444444444444,1840.1666666666667,6.645666666666667,0.3883697115963334,0.40769770006969047
USER1762,39,Female,Moderately Active,General Fitness,22.1,Balanced,4.96,8772.822222222223,43.74444444444445,7.669333333333333,69.84444444444445,2073.5222222222224,7.041222222222222,0.30752987552977695,0.5182941576382012
USER1763,32,Male,Lightly Active,Build Muscle,28.3,Balanced,8.06,5344.444444444444,27.177777777777777,6.9396666666666675,70.13333333333334,1838.2444444444445,7.132666666666667,0.3786655359899696,0.3530939501027173
USER1764,18,Female,Lightly Active,Weight Loss,23.1,Balanced,4.23,5560.644444444444,26.5,7.120666666666667,70.57777777777778,1864.4222222222222,6.815666666666666,0.3812085278573003,0.4361699907028398
USER1765,29,Male,Moderately Active,Weight Loss,31.1,Balanced,4.67,7398.677777777778,48.72222222222222,7.384111111111111,70.0,2046.2444444444445,6.968555555555555,0.4076773171019033,0.4305041127331753
USER1766,23,Female,Lightly Active,General Fitness,22.1,Balanced,4.26,5301.966666666666,26.677777777777777,7.046888888888889,69.63333333333334,1848.9222222222222,7.106444444444445,0.39307616172752263,0.44246273326095475
USER1767,53,Other,Lightly Active,Build Muscle,25.5,Balanced,7.96,5374.1,26.444444444444443,7.016444444444445,70.34444444444445,1835.2222222222222,6.8052222222222225,0.39692045844227897,0.42821684550059036
USER1768,30,Male,Very Active,Weight Loss,23.8,Low Carb,2.97,10988.91111111111,70.74444444444444,8.037777777777778,69.95555555555555,2292.3888888888887,7.074555555555556,0.3494667102201592,0.45489084060999796
USER1769,33,Female,Moderately Active,Stress Management,22.0,Vegan,6.46,8394.455555555556,42.82222222222222,7.474222222222222,70.55555555555556,2053.322222222222,7.040555555555556,0.35894989292822366,0.4418785651638124
USER1770,37,Male,Lightly Active,General Fitness,29.0,Balanced,3.03,5255.066666666667,29.044444444444444,6.873888888888889,70.78888888888889,1847.0,7.0715555555555545,0.4018740665248654,0.47208879581426594
USER1771,32,Male,Moderately Active,Stress Management,28.1,Balanced,3.26,7726.544444444445,43.65555555555556,7.459333333333333,70.35555555555555,2041.1333333333334,6.832111111111111,0.36205871998890804,0.4864243943796883
USER1772,48,Female,Sedentary,Build Muscle,30.8,Balanced,2.74,2697.822222222222,8.422222222222222,6.548666666666667,69.71111111111111,1656.111111111111,7.060555555555556,0.3475358445678445,0.3662804947774268
USER1773,25,Female,Moderately Active,Weight Loss,18.9,Vegan,4.91,8028.155555555555,47.22222222222222,7.432666666666667,69.28888888888889,2051.3555555555554,6.625333333333333,0.3638283231764545,0.439065562579342
USER1774,33,Female,Lightly Active,General Fitness,30.3,Low Carb,5.09,5765.733333333334,27.288888888888888,6.939444444444444,69.2,1888.0333333333333,7.0855555555555565,0.3634386143632927,0.4353484056463282
USER1775,24,Female,Lightly Active,Weight Loss,36.0,Balanced,4.11,5630.455555555555,27.2,7.001888888888889,69.3,1862.1444444444444,7.19,0.34001560501583467,0.4588724950496094
USER1776,18,Female,Lightly Active,Build Muscle,24.2,Balanced,5.61,5893.644444444444,28.11111111111111,6.9559999999999995,68.57777777777778,1874.8555555555556,7.093777777777778,0.3116266993045468,0.43497721149921076
USER1777,25,Female,Sedentary,Weight Loss,33.6,Balanced,3.23,2747.3777777777777,8.555555555555555,6.386111111111111,69.65555555555555,1657.7555555555555,7.261,0.35197572962025464,0.5162581181585716
USER1778,31,Female,Sedentary,Stress Management,24.9,Balanced,4.83,2653.677777777778,8.944444444444445,6.567666666666667,69.63333333333334,1657.0222222222221,7.198222222222222,0.37536728039504585,0.4384175874231012
USER1779,27,Male,Very Active,Weight Loss,20.5,High Protein,7.0,10645.988888888889,71.28888888888889,8.046888888888889,68.85555555555555,2284.788888888889,6.967888888888889,0.3540790898654312,0.3887279216764019
USER1780,25,Other,Lightly Active,Better Sleep,24.8,Vegan,3.9,5151.233333333334,27.844444444444445,6.928777777777778,69.68888888888888,1851.1444444444444,7.211111111111111,0.35397135246302147,0.39304508462257526
USER1781,18,Male,Lightly Active,Stress Management,30.2,Balanced,4.13,5556.2555555555555,25.055555555555557,7.013888888888889,69.55555555555556,1848.411111111111,7.114333333333333,0.3677647213570103,0.4196614897470291
USER1782,31,Female,Sedentary,Build Muscle,22.6,Low Carb,5.67,2683.8777777777777,7.955555555555556,6.522777777777777,70.9,1639.2555555555555,6.751666666666666,0.3837684114298859,0.4530897783109018
USER1783,18,Male,Sedentary,General Fitness,23.6,Balanced,6.57,2709.1111111111113,9.422222222222222,6.497222222222222,69.97777777777777,1652.111111111111,6.912333333333334,0.3707848019975712,0.34564603134092053
USER1784,39,Male,Moderately Active,General Fitness,28.4,Balanced,5.19,8692.422222222222,44.0,7.61011111111111,70.56666666666666,2057.188888888889,6.961222222222222,0.3088440612742334,0.46525359251680604
USER1785,32,Male,Lightly Active,Stress Management,26.0,Vegan,4.36,5412.366666666667,26.566666666666666,6.888222222222223,69.43333333333334,1836.7222222222222,7.001222222222222,0.37730940997998025,0.41649701169398484
USER1786,18,Female,Lightly Active,Build Muscle,28.3,Low Carb,3.43,5313.211111111111,28.477777777777778,6.927,69.41111111111111,1853.4,7.145888888888889,0.3968052261224704,0.39967585367454
USER1787,28,Male,Sedentary,Stress Management,27.0,Balanced,5.03,2804.1666666666665,8.266666666666667,6.504666666666666,70.28888888888889,1682.6,7.050111111111111,0.3500903013960633,0.3678222455011285
USER1788,24,Male,Moderately Active,Build Muscle,27.9,Balanced,5.88,8168.033333333334,45.888888888888886,7.469555555555555,70.33333333333333,2058.9,6.929222222222222,0.3489162480295852,0.48806767786321803
USER1789,35,Female,Sedentary,Better Sleep,24.3,Vegetarian,4.42,2651.4444444444443,9.188888888888888,6.540111111111111,68.4,1677.4555555555555,6.905555555555556,0.3623201257342185,0.383452804801367
USER1790,45,Female,Sedentary,Build Muscle,26.9,Low Carb,5.4,2851.9222222222224,8.166666666666666,6.3613333333333335,69.81111111111112,1660.6444444444444,7.029111111111111,0.3645465752910705,0.4092322987988183
USER1791,18,Male,Lightly Active,Build Muscle,22.3,Balanced,5.32,5639.833333333333,26.88888888888889,7.004111111111111,69.23333333333333,1853.1777777777777,6.957333333333333,0.29923307676162647,0.436097590266648
USER1792,33,Male,Lightly Active,Stress Management,31.2,Balanced,2.56,5245.544444444445,28.344444444444445,6.937444444444444,69.0,1849.0777777777778,6.986111111111111,0.34025987488548015,0.3961187455099823
USER1793,30,Male,Sedentary,Stress Management,23.5,Balanced,4.78,2701.7555555555555,8.71111111111111,6.582777777777778,70.37777777777778,1625.9777777777779,6.870444444444445,0.38736179543695437,0.42713373054501663
USER1794,38,Male,Moderately Active,General Fitness,30.5,High Protein,5.37,8224.111111111111,45.98888888888889,7.518666666666667,69.78888888888889,2062.1,7.068,0.3236535479394549,0.45773360324024515
USER1795,34,Female,Moderately Active,Weight Loss,25.1,Low Carb,6.48,7847.0,43.17777777777778,7.504444444444444,68.15555555555555,2018.7222222222222,7.129666666666666,0.37878385594234704,0.46381733875514464
USER1796,24,Female,Moderately Active,Build Muscle,26.8,Balanced,5.04,7848.8,43.644444444444446,7.585777777777778,69.8,2022.6666666666667,6.952555555555556,0.3852183114585474,0.47153514079528497
USER1797,28,Female,Lightly Active,Better Sleep,24.0,Low Carb,5.46,5574.922222222222,26.744444444444444,7.022333333333333,69.97777777777777,1850.8,7.136333333333333,0.3834525387309779,0.441881092815289
USER1798,24,Male,Sedentary,Stress Management,21.9,Vegetarian,3.51,2679.177777777778,9.155555555555555,6.492333333333334,68.02222222222223,1647.7777777777778,7.032,0.38916492620677623,0.4143763855252394
USER1799,42,Female,Lightly Active,Stress Management,19.0,Balanced,3.85,5367.233333333334,28.044444444444444,7.0585555555555555,68.53333333333333,1848.9555555555555,6.975444444444444,0.3401465068409342,0.423048928614632
USER1800,32,Female,Very Active,Weight Loss,21.8,Balanced,1.79,10815.988888888889,73.67777777777778,7.958555555555555,68.23333333333333,2281.5666666666666,6.695666666666667,0.3739315933778465,0.4560013852981186
USER1801,51,Female,Lightly Active,Build Muscle,24.7,Low Carb,2.19,5470.3,27.344444444444445,7.074111111111111,69.28888888888889,1847.3333333333333,7.074666666666667,0.321652043645759,0.4174803952318382
USER1802,31,Female,Moderately Active,General Fitness,26.8,Low Carb,2.23,7666.633333333333,47.34444444444444,7.684333333333334,67.4,2033.1222222222223,7.137777777777777,0.3871390241046288,0.36543532968758974
USER1803,24,Female,Sedentary,Stress Management,30.0,Vegetarian,5.78,2854.777777777778,8.744444444444444,6.422000000000001,70.24444444444444,1666.3777777777777,7.425666666666666,0.3686570780088279,0.4440556132139115
USER1804,18,Female,Lightly Active,Weight Loss,24.2,Vegan,4.84,5384.377777777778,27.022222222222222,7.068222222222222,68.22222222222223,1849.0,6.8423333333333325,0.36542129272987245,0.39627590192870177
USER1805,18,Male,Sedentary,Stress Management,22.5,Balanced,5.32,2737.8888888888887,8.333333333333334,6.533555555555555,71.3,1646.2888888888888,7.185,0.3556945304128821,0.45708705016503304
USER1806,18,Female,Lightly Active,General Fitness,20.2,Balanced,2.38,5360.2,27.033333333333335,7.034000000000001,69.4,1843.1444444444444,6.988555555555556,0.3682531397811685,0.34513291660699386
USER1807,34,Female,Very Active,Weight Loss,27.9,High Protein,4.38,11087.966666666667,75.5111111111111,8.09988888888889,70.1,2312.8555555555554,6.797444444444444,0.32337679059079366,0.3995147698662132
USER1808,37,Female,Very Active,Build Muscle,31.5,Balanced,4.18,11040.255555555555,72.1,8.226888888888888,70.35555555555555,2299.288888888889,6.888888888888889,0.39181952820659305,0.4439824118107297
USER1809,18,Male,Lightly Active,Weight Loss,31.1,Low Carb,5.35,5362.422222222222,26.377777777777776,6.890444444444444,70.1,1842.6222222222223,6.709222222222222,0.39919460262367334,0.40828486867075425
USER1810,40,Female,Lightly Active,General Fitness,28.8,Low Carb,4.19,5686.533333333334,25.31111111111111,7.103666666666667,70.44444444444444,1857.7111111111112,6.790555555555556,0.37031277837011817,0.4578598633279362
USER1811,27,Female,Very Active,Weight Loss,28.6,Low Carb,3.35,10793.68888888889,80.15555555555555,7.914777777777778,70.76666666666667,2324.511111111111,6.9735555555555555,0.3841674907427556,0.4410100036030668
USER1812,33,Male,Moderately Active,Weight Loss,32.8,Balanced,5.58,8281.366666666667,46.111111111111114,7.5393333333333326,68.66666666666667,2045.8111111111111,6.947777777777778,0.39783023174032056,0.4457035510217284
USER1813,48,Male,Sedentary,Stress Management,27.3,Vegetarian,7.25,2928.6222222222223,9.255555555555556,6.356888888888889,68.56666666666666,1647.8333333333333,6.861555555555555,0.3308610815892054,0.3931514275564374
USER1814,40,Female,Lightly Active,Weight Loss,28.6,Vegetarian,3.61,5530.511111111111,25.855555555555554,7.0360000000000005,67.7,1839.4555555555555,6.778888888888889,0.2965253994777957,0.4525411782225743
USER1815,29,Female,Sedentary,Weight Loss,24.7,Low Carb,1.85,2686.0555555555557,8.766666666666667,6.552444444444445,70.5111111111111,1675.9666666666667,7.163555555555556,0.3890258417508482,0.45150629741967996
USER1816,23,Female,Lightly Active,Build Muscle,20.6,Balanced,5.71,5683.566666666667,27.288888888888888,7.055777777777777,69.1,1858.6666666666667,6.753,0.3324077320166404,0.4492855902213624
USER1817,18,Male,Lightly Active,General Fitness,23.3,Balanced,3.33,5358.6,27.27777777777778,6.99388888888889,69.21111111111111,1844.1555555555556,7.073555555555556,0.36796412463180805,0.4445751543950742
USER1818,24,Female,Lightly Active,Stress Management,26.0,Balanced,2.04,5680.655555555555,25.988888888888887,7.049888888888889,68.85555555555555,1861.088888888889,7.218333333333333,0.3334704931788621,0.43727607545491454
USER1819,29,Male,Lightly Active,Build Muscle,26.2,Balanced,3.13,5483.544444444445,26.58888888888889,7.000777777777778,67.26666666666667,1852.9444444444443,7.281666666666667,0.3885879416997867,0.47524198436348924
USER1820,22,Male,Sedentary,Stress Management,33.7,Balanced,5.75,2587.822222222222,9.1,6.584888888888889,69.67777777777778,1640.388888888889,7.008555555555556,0.3849131323894651,0.42905559767970985
USER1821,30,Male,Lightly Active,General Fitness,26.3,High Protein,4.23,5390.577777777778,27.31111111111111,6.960888888888889,69.9,1851.9888888888888,7.108777777777777,0.32291678675980845,0.46657035516135326
USER1822,32,Male,Moderately Active,Weight Loss,30.7,Vegetarian,4.98,8497.577777777778,41.144444444444446,7.461444444444444,66.93333333333334,2033.411111111111,6.868666666666666,0.35739376390000077,0.4502412110635182
USER1823,29,Male,Moderately Active,Weight Loss,24.3,Low Carb,2.55,8667.41111111111,46.71111111111111,7.341777777777778,70.0111111111111,2099.722222222222,6.9703333333333335,0.34729164387044487,0.426029941787603
USER1824,25,Male,Lightly Active,Build Muscle,24.8,Low Carb,4.55,5288.7444444444445,27.466666666666665,7.033111111111111,68.86666666666666,1849.4888888888888,6.999222222222222,0.3644552310625624,0.4886763535680864
USER1825,33,Male,Very Active,Build Muscle,20.7,Balanced,3.55,11139.2,73.31111111111112,8.018222222222223,68.0,2316.766666666667,6.943666666666666,0.3829809582044379,0.48352951390650656
USER1826,36,Male,Very Active,General Fitness,23.0,High Protein,2.72,11045.6,74.92222222222222,7.889444444444444,70.16666666666667,2314.9555555555557,6.600777777777778,0.3545360666206617,0.4948271326141786
USER1827,21,Female,Sedentary,General Fitness,28.1,Balanced,3.46,2831.7444444444445,8.311111111111112,6.508,70.06666666666666,1655.7888888888888,6.931333333333334,0.37384291226334626,0.43922511383409724
USER1828,46,Female,Sedentary,Build Muscle,26.0,Balanced,4.96,2493.7,8.255555555555556,6.483555555555555,70.15555555555555,1636.2,6.946666666666667,0.3503258301957976,0.4173822929995126
USER1829,31,Male,Moderately Active,Weight Loss,29.8,Balanced,4.34,8267.011111111111,45.28888888888889,7.501222222222222,69.91111111111111,2058.1555555555556,6.982222222222222,0.32977347189148054,0.4820712292858611
USER1830,32,Female,Moderately Active,Weight Loss,26.7,Vegan,3.62,7897.533333333334,44.86666666666667,7.643555555555555,69.11111111111111,2037.0,6.759333333333334,0.3700358990699344,0.4967996890536541
USER1831,39,Male,Very Active,General Fitness,24.6,Vegan,3.05,11011.644444444444,75.31111111111112,7.991555555555555,71.55555555555556,2318.5333333333333,6.7540000000000004,0.28647149538886735,0.42324746678672404
USER1832,34,Female,Moderately Active,Build Muscle,34.6,Balanced,2.1,7704.633333333333,44.93333333333333,7.512333333333333,70.86666666666666,2026.0666666666666,7.020777777777778,0.35632687919070943,0.41493699251678334
USER1833,41,Male,Moderately Active,General Fitness,25.6,Vegan,4.88,8166.333333333333,46.06666666666667,7.541555555555556,66.8,2060.8444444444444,6.874,0.39634088486615887,0.45528715316122814
USER1834,34,Male,Lightly Active,Weight Loss,30.7,Balanced,4.08,5398.644444444444,27.033333333333335,7.079777777777777,67.86666666666666,1847.411111111111,7.066666666666666,0.41822379728264125,0.4846483401059479
USER1835,25,Female,Sedentary,General Fitness,24.4,Balanced,4.17,2776.0,8.3,6.4494444444444445,67.97777777777777,1668.6888888888889,6.983222222222222,0.40140517913163404,0.4320297547880674
USER1836,35,Female,Sedentary,Stress Management,28.8,Vegetarian,5.26,2818.6444444444446,8.933333333333334,6.465,69.43333333333334,1664.6333333333334,7.212999999999999,0.3679543959176319,0.37180238884468564
USER1837,20,Female,Lightly Active,Weight Loss,29.7,Vegan,3.14,5488.2,27.57777777777778,7.006888888888889,70.0,1835.4,7.046555555555556,0.3649843416968094,0.4443071800676796
USER1838,33,Female,Moderately Active,Build Muscle,26.8,Low Carb,3.52,8627.988888888889,42.53333333333333,7.489777777777778,69.5111111111111,2049.5444444444443,7.051666666666667,0.3680572690592043,0.4239388653384268
USER1839,31,Female,Lightly Active,Better Sleep,18.0,Low Carb,2.87,5320.8,28.066666666666666,6.975888888888889,70.71111111111111,1866.5444444444445,7.097333333333333,0.31419525400536086,0.4428090733390194
USER1840,29,Male,Moderately Active,Build Muscle,26.1,Vegetarian,4.78,8701.2,45.53333333333333,7.459222222222222,70.85555555555555,2077.088888888889,7.0551111111111116,0.29394246578412764,0.43921398567677544
USER1841,30,Male,Lightly Active,General Fitness,30.9,Vegetarian,1.69,5929.233333333334,27.92222222222222,6.839666666666667,73.68888888888888,1877.6888888888889,6.95088888888889,0.3381481422383485,0.4198459832126954
USER1842,18,Male,Lightly Active,Weight Loss,28.1,Vegan,2.48,5898.766666666666,28.344444444444445,7.065222222222222,70.02222222222223,1871.911111111111,6.945666666666667,0.35065050374872075,0.3835070204436143
USER1843,26,Male,Sedentary,General Fitness,27.8,Low Carb,3.04,2588.4666666666667,9.033333333333333,6.3725555555555555,70.85555555555555,1641.8222222222223,7.345555555555555,0.38806363599579086,0.40127884662851954
USER1844,32,Female,Lightly Active,Weight Loss,19.1,High Protein,3.2,5639.5888888888885,27.511111111111113,6.953888888888889,70.0,1867.4888888888888,6.982333333333333,0.3359408507959879,0.40531206889151067
USER1845,33,Female,Moderately Active,Better Sleep,23.1,High Protein,2.37,8144.555555555556,46.32222222222222,7.464888888888889,70.05555555555556,2052.222222222222,6.913333333333334,0.3677668579122248,0.449308823983143
USER1846,21,Male,Moderately Active,General Fitness,27.6,Balanced,3.56,8014.122222222222,45.22222222222222,7.481,68.41111111111111,2051.1555555555556,7.231888888888889,0.357744497454561,0.46589862547122446
USER1847,44,Female,Very Active,Stress Management,27.6,Vegetarian,1.9,11294.244444444445,75.33333333333333,7.923555555555556,69.47777777777777,2325.7,6.98,0.296776683473093,0.4071171334256892
USER1848,23,Female,Lightly Active,General Fitness,30.9,Balanced,3.93,5181.611111111111,29.033333333333335,7.029,69.57777777777778,1850.8111111111111,6.9158888888888885,0.3691153509126639,0.3904325867322717
USER1849,41,Male,Lightly Active,General Fitness,25.4,Balanced,4.78,5297.788888888889,25.7,6.991666666666666,69.37777777777778,1858.7111111111112,7.03811111111111,0.3624517912713937,0.49320311145620244
USER1850,36,Male,Lightly Active,Build Muscle,27.6,Low Carb,3.4,5136.055555555556,26.633333333333333,6.924222222222221,70.15555555555555,1871.888888888889,7.143666666666666,0.4029296579176677,0.47160322936351345
USER1851,25,Male,Lightly Active,Stress Management,26.1,Balanced,4.91,5603.888888888889,26.27777777777778,7.0617777777777775,70.75555555555556,1872.2444444444445,7.068222222222222,0.35214007672146225,0.4253187597397545
USER1852,49,Male,Moderately Active,Better Sleep,22.1,Low Carb,3.68,7991.055555555556,46.03333333333333,7.530222222222222,69.46666666666667,2035.2777777777778,7.0904444444444445,0.38542287562228034,0.35673828892861054
USER1853,20,Male,Moderately Active,Build Muscle,18.0,Vegan,5.94,8107.677777777778,43.62222222222222,7.5551111111111116,69.74444444444444,2060.4444444444443,6.830444444444445,0.3587079713302012,0.4663123344910782
USER1854,41,Female,Moderately Active,Better Sleep,27.7,Balanced,4.67,8131.277777777777,47.05555555555556,7.504666666666666,69.76666666666667,2060.6555555555556,7.23288888888889,0.36947929966531085,0.5052393473283827
USER1855,42,Male,Sedentary,General Fitness,26.7,Balanced,2.75,2683.1444444444446,8.555555555555555,6.690666666666666,69.96666666666667,1652.0111111111112,6.817333333333334,0.3929510438605857,0.465958539717358
USER1856,25,Male,Moderately Active,General Fitness,23.5,High Protein,4.61,8221.388888888889,47.044444444444444,7.518111111111111,68.78888888888889,2053.7444444444445,7.0056666666666665,0.3668138010374463,0.4827078595690563
USER1857,45,Other,Sedentary,Build Muscle,19.5,Balanced,3.58,2797.366666666667,8.455555555555556,6.511,70.67777777777778,1661.0222222222221,6.817444444444445,0.33082666077168593,0.4306485583499834
USER1858,29,Female,Moderately Active,Weight Loss,28.5,Balanced,4.34,8256.855555555556,43.71111111111111,7.586666666666666,68.73333333333333,2034.0777777777778,6.8277777777777775,0.3395989477738726,0.4730453794701163
USER1859,34,Female,Lightly Active,Weight Loss,24.9,Balanced,4.2,5201.077777777778,28.144444444444446,6.888888888888889,70.63333333333334,1848.888888888889,7.044777777777777,0.3514177192967772,0.39220255298236895
USER1860,34,Male,Lightly Active,Weight Loss,28.2,Low Carb,4.08,5674.955555555555,26.07777777777778,7.017888888888889,69.6,1847.1,6.971666666666668,0.340197506627097,0.45134125291518423
USER1861,30,Male,Lightly Active,General Fitness,33.5,Low Carb,3.47,5871.422222222222,26.6,7.0922222222222215,68.85555555555555,1857.388888888889,7.02,0.32890821719505936,0.46061224953943003
USER1862,40,Female,Very Active,Build Muscle,18.0,Vegetarian,4.22,11403.333333333334,73.32222222222222,8.05,69.54444444444445,2307.288888888889,7.420444444444445,0.3678455666869377,0.501434795192009
USER1863,39,Male,Sedentary,Build Muscle,23.2,Balanced,5.7,2823.5444444444443,8.21111111111111,6.476666666666667,70.92222222222222,1654.911111111111,7.145333333333334,0.33677104751143866,0.48456888432569656
USER1864,18,Male,Lightly Active,Better Sleep,25.2,Vegetarian,5.35,5417.233333333334,26.211111111111112,6.978333333333333,68.81111111111112,1850.3222222222223,6.944111111111112,0.3637339801431794,0.42683448553266673
USER1865,45,Female,Moderately Active,Build Muscle,31.8,Low Carb,4.73,7829.466666666666,41.53333333333333,7.436888888888889,67.71111111111111,2022.1444444444444,7.083666666666667,0.3393239523142282,0.5026462730518692
USER1866,18,Female,Lightly Active,Build Muscle,19.5,Balanced,2.94,5533.444444444444,29.22222222222222,6.998333333333334,69.43333333333334,1872.5,7.076777777777777,0.33179513853451426,0.4418866832463384
USER1867,42,Male,Sedentary,Weight Loss,33.7,Low Carb,2.97,2817.0555555555557,8.077777777777778,6.521111111111111,67.54444444444445,1638.611111111111,6.9862222222222226,0.32640877785651046,0.46743126781396904
USER1868,43,Female,Lightly Active,Weight Loss,26.5,Vegetarian,3.01,5683.511111111111,26.955555555555556,6.9285555555555565,68.96666666666667,1862.7444444444445,6.905444444444445,0.37128563096469785,0.42485529391941895
USER1869,21,Male,Lightly Active,Stress Management,25.6,Low Carb,3.19,5622.866666666667,25.833333333333332,6.943666666666666,69.65555555555555,1848.8444444444444,6.715111111111112,0.34798291914010593,0.48025718712023585
USER1870,27,Male,Very Active,General Fitness,25.2,Balanced,5.54,10708.466666666667,76.65555555555555,7.937666666666667,68.56666666666666,2325.0777777777776,6.9127777777777775,0.3405638942760641,0.4804110371803176
USER1871,20,Male,Moderately Active,Stress Management,24.3,Balanced,4.2,8538.91111111111,47.71111111111111,7.543555555555555,70.8,2069.4555555555557,7.136111111111111,0.3465495907836844,0.41993507822496867
USER1872,29,Male,Lightly Active,Weight Loss,30.2,Balanced,6.38,5694.077777777778,27.88888888888889,6.947333333333333,69.68888888888888,1863.0,7.173666666666667,0.36353338553793746,0.4337431683550469
USER1873,28,Male,Very Active,General Fitness,21.7,Balanced,2.04,10476.744444444445,77.23333333333333,8.048222222222222,68.68888888888888,2317.8777777777777,6.9464444444444435,0.36182361477658076,0.3976319548067707
USER1874,39,Female,Lightly Active,Weight Loss,27.4,Low Carb,4.56,5491.222222222223,26.3,7.030555555555556,69.76666666666667,1851.2222222222222,7.194111111111112,0.3789632811142797,0.46770722315234176
USER1875,45,Female,Sedentary,Weight Loss,24.5,Balanced,5.47,2696.711111111111,8.233333333333333,6.621777777777778,68.62222222222222,1651.2111111111112,7.0488888888888885,0.42306118060241776,0.34553470396827574
USER1876,45,Female,Lightly Active,Weight Loss,23.0,Vegetarian,5.6,5472.711111111111,28.511111111111113,7.043333333333333,68.02222222222223,1854.7555555555555,6.834555555555555,0.3290606157627382,0.41273784914448713
USER1877,26,Male,Lightly Active,Weight Loss,36.3,Balanced,6.57,5448.7444444444445,28.055555555555557,7.089888888888889,68.82222222222222,1853.9,7.219444444444444,0.29456611969202506,0.4209984651666538
USER1878,29,Male,Sedentary,Build Muscle,27.7,Balanced,4.03,2692.8444444444444,8.366666666666667,6.488888888888889,69.56666666666666,1638.7777777777778,6.760222222222222,0.3841012740588782,0.3977017599720673
USER1879,18,Male,Very Active,Weight Loss,28.5,Low Carb,1.33,10563.488888888889,75.45555555555555,8.034222222222223,70.4,2302.088888888889,6.972222222222222,0.31687709719060836,0.46242650601513136
USER1880,23,Male,Moderately Active,Better Sleep,30.6,Balanced,2.94,8240.244444444445,46.86666666666667,7.6722222222222225,68.23333333333333,2071.5222222222224,6.922666666666666,0.3609547975131816,0.40179549847850465
USER1881,41,Male,Lightly Active,Build Muscle,20.3,Vegan,4.13,5714.9111111111115,26.566666666666666,7.142666666666667,69.02222222222223,1853.7666666666667,6.953555555555556,0.35566796215751395,0.4371869312632956
USER1882,48,Female,Lightly Active,Weight Loss,33.0,Balanced,3.27,5594.177777777778,27.033333333333335,7.0761111111111115,70.37777777777778,1863.1222222222223,7.013333333333334,0.34406115972067963,0.5085080082915814
USER1883,19,Female,Moderately Active,Weight Loss,18.0,Balanced,2.14,7741.811111111111,45.81111111111111,7.455333333333334,69.4888888888889,2044.5777777777778,6.966888888888889,0.39567998414627586,0.44792023932418934
USER1884,26,Female,Very Active,General Fitness,22.9,Vegetarian,5.66,11091.555555555555,75.37777777777778,7.933333333333334,72.16666666666667,2303.688888888889,6.899111111111111,0.40660492632130535,0.4590980020943048
USER1885,31,Male,Moderately Active,Weight Loss,24.2,Low Carb,5.01,8471.166666666666,43.355555555555554,7.44,70.03333333333333,2051.488888888889,7.070333333333334,0.36943731786566353,0.4950381508856117
USER1886,34,Female,Lightly Active,Stress Management,28.3,Balanced,4.32,5657.677777777778,27.0,7.001333333333333,69.35555555555555,1855.8111111111111,7.008333333333334,0.32499001262251925,0.39032372168464285
USER1887,23,Male,Moderately Active,Better Sleep,26.9,Balanced,3.68,8146.533333333334,48.388888888888886,7.566999999999999,68.13333333333334,2057.5333333333333,7.172555555555555,0.3069382750486349,0.4364538516927061
USER1888,36,Male,Lightly Active,Weight Loss,25.3,Vegetarian,4.6,5323.333333333333,28.833333333333332,6.9397777777777785,69.1,1868.4333333333334,7.071,0.3565463580348264,0.40551887025607836
USER1889,27,Male,Lightly Active,Build Muscle,26.0,High Protein,4.52,5037.211111111111,25.933333333333334,6.891666666666667,68.73333333333333,1829.3,6.833444444444444,0.3659829995105389,0.4273226492982488
USER1890,31,Female,Sedentary,Weight Loss,22.1,Vegan,6.32,2619.7555555555555,8.866666666666667,6.492444444444445,69.92222222222222,1648.4666666666667,7.108555555555555,0.37328923786339435,0.43111073353916946
USER1891,37,Other,Sedentary,General Fitness,20.0,Balanced,4.11,2683.8,8.477777777777778,6.524222222222222,69.72222222222223,1647.1777777777777,7.015333333333333,0.39087068850686274,0.42005034519091594
USER1892,32,Male,Lightly Active,Build Muscle,28.9,High Protein,3.61,5682.5888888888885,27.57777777777778,6.858999999999999,68.61111111111111,1861.388888888889,7.143333333333333,0.3639820556977465,0.4290089715411921
USER1893,27,Female,Lightly Active,Weight Loss,28.8,Balanced,6.9,5738.488888888889,26.055555555555557,7.0457777777777775,69.54444444444445,1844.2333333333333,7.0023333333333335,0.3735104454914909,0.45121211758711494
USER1894,30,Female,Sedentary,Weight Loss,32.3,Balanced,5.5,2781.277777777778,8.933333333333334,6.519,68.86666666666666,1653.2,6.945555555555556,0.3678412914300635,0.40206888055705126
USER1895,31,Male,Moderately Active,General Fitness,22.8,Vegetarian,4.31,8038.811111111111,44.111111111111114,7.553222222222222,68.53333333333333,2041.1777777777777,6.660444444444445,0.43844950380604086,0.4388993931731601
USER1896,28,Male,Sedentary,Build Muscle,28.8,Balanced,5.25,2707.2444444444445,8.433333333333334,6.569333333333334,69.53333333333333,1655.411111111111,6.8774444444444445,0.3895715315456221,0.4561042265093565
USER1897,29,Male,Lightly Active,Weight Loss,24.9,Balanced,4.56,5834.677777777778,27.455555555555556,7.213222222222223,68.66666666666667,1862.5333333333333,6.969666666666667,0.31315843960394013,0.3629186936638712
USER1898,47,Other,Lightly Active,General Fitness,30.8,Balanced,3.74,5910.288888888889,26.555555555555557,6.946111111111111,70.03333333333333,1878.8111111111111,6.962666666666666,0.3160356349384686,0.49600052343801054
USER1899,37,Male,Very Active,General Fitness,30.1,Balanced,4.03,10829.177777777777,69.53333333333333,7.993,69.36666666666666,2285.288888888889,7.200666666666666,0.38851443129047825,0.5032768434591044
USER1900,29,Female,Lightly Active,Stress Management,26.8,Vegetarian,3.67,5628.577777777778,29.466666666666665,6.957444444444444,68.16666666666667,1856.2666666666667,6.94511111111111,0.2942446079284694,0.38409326938452787
USER1901,38,Male,Sedentary,Weight Loss,24.6,Low Carb,2.62,2745.8333333333335,8.755555555555556,6.759666666666667,68.23333333333333,1647.5222222222221,7.068555555555555,0.31676158323305476,0.46732582727978034
USER1902,28,Female,Lightly Active,Stress Management,29.8,Balanced,6.0,5576.288888888889,28.58888888888889,6.876,68.53333333333333,1860.6888888888889,6.921444444444444,0.3593956500007633,0.42148275286771825
USER1903,43,Male,Moderately Active,General Fitness,28.6,Low Carb,2.3,7761.833333333333,43.44444444444444,7.521555555555555,69.24444444444444,2028.588888888889,6.811,0.37546237281711514,0.4157207596452215
USER1904,35,Female,Very Active,Weight Loss,23.3,Vegan,6.05,11134.577777777778,79.64444444444445,7.871666666666667,71.24444444444444,2335.722222222222,6.807222222222222,0.35757011432528374,0.38562952180725557
USER1905,30,Female,Lightly Active,General Fitness,20.7,Vegetarian,4.53,5382.511111111111,27.177777777777777,7.0697777777777775,70.16666666666667,1852.7888888888888,7.033777777777777,0.3691083613255961,0.4453539231091466
USER1906,36,Female,Lightly Active,Build Muscle,24.8,Balanced,5.08,5671.622222222222,28.57777777777778,7.007333333333333,70.85555555555555,1872.2,6.720777777777778,0.34640353789693135,0.391628200032865
USER1907,18,Female,Very Active,Better Sleep,32.1,High Protein,2.0,11105.633333333333,68.74444444444444,7.985444444444445,71.2,2280.1222222222223,7.139,0.3295436992230214,0.38271585669094493
USER1908,20,Male,Sedentary,Weight Loss,30.6,Vegetarian,5.56,2638.8,8.7,6.487666666666667,68.88888888888889,1648.2,6.957222222222222,0.38652515068085797,0.40323499072055496
USER1909,20,Female,Moderately Active,General Fitness,21.6,Balanced,4.22,8107.644444444444,52.733333333333334,7.402222222222223,69.1,2087.3444444444444,7.045555555555556,0.3940944270136399,0.3793747665622711
USER1910,33,Male,Lightly Active,Build Muscle,21.3,Balanced,4.6,5106.577777777778,26.711111111111112,7.0840000000000005,68.0,1825.9555555555555,6.878222222222222,0.39125879365183386,0.45197968356959645
USER1911,49,Male,Sedentary,Better Sleep,31.1,Balanced,2.7,2618.9333333333334,9.044444444444444,6.457777777777778,70.65555555555555,1663.4555555555555,7.088555555555556,0.34088458652786435,0.3760150852686587
USER1912,54,Female,Lightly Active,Build Muscle,21.5,Vegetarian,3.16,6101.677777777778,26.244444444444444,7.232555555555555,69.57777777777778,1883.2444444444445,7.2010000000000005,0.28972309377400113,0.4512446929892199
USER1913,38,Male,Lightly Active,Better Sleep,28.0,Balanced,4.9,5257.644444444444,26.68888888888889,7.118777777777779,69.92222222222222,1857.5111111111112,7.010444444444444,0.4242736878312318,0.47869275402379236
USER1914,37,Female,Moderately Active,Better Sleep,23.5,Low Carb,5.92,7907.433333333333,45.8,7.431777777777778,70.03333333333333,2041.4666666666667,6.937111111111111,0.34401964248225203,0.43625806730622446
USER1915,18,Other,Very Active,Weight Loss,32.5,Balanced,3.03,10915.6,67.71111111111111,7.835333333333333,70.55555555555556,2261.5222222222224,6.986555555555555,0.3331130152832906,0.48407022486585694
USER1916,26,Male,Lightly Active,Stress Management,22.9,Vegan,3.56,5476.633333333333,25.266666666666666,7.024222222222222,71.52222222222223,1821.5222222222221,6.97711111111111,0.3219350131435223,0.4797827116901508
USER1917,24,Female,Moderately Active,Better Sleep,30.6,Balanced,6.99,7715.866666666667,47.25555555555555,7.495222222222223,68.95555555555555,2038.2222222222222,7.043111111111111,0.36238311985768484,0.47949922306203374
USER1918,25,Male,Sedentary,Weight Loss,26.7,Vegan,3.68,2825.0222222222224,8.4,6.534888888888888,70.56666666666666,1660.6666666666667,6.857222222222222,0.37297477719165356,0.4521241829931696
USER1919,30,Male,Lightly Active,Build Muscle,27.0,High Protein,4.79,5487.988888888889,27.177777777777777,6.890777777777777,67.93333333333334,1836.9555555555555,6.925111111111111,0.3516555608069547,0.40751661770873115
USER1920,27,Male,Sedentary,General Fitness,18.1,Balanced,4.02,2794.6444444444446,8.422222222222222,6.562222222222222,70.93333333333334,1658.1666666666667,7.114777777777778,0.3543489898643125,0.44999604444288166
USER1921,18,Female,Very Active,Weight Loss,18.0,Balanced,6.71,10688.788888888888,74.54444444444445,7.975444444444444,68.88888888888889,2296.3,6.845444444444444,0.3324873022009139,0.4118234036475756
USER1922,39,Female,Moderately Active,Weight Loss,25.1,Balanced,6.97,7945.188888888889,46.22222222222222,7.509555555555556,69.83333333333333,2044.7222222222222,6.818222222222222,0.3436664475929639,0.48336994651127363
USER1923,21,Female,Moderately Active,Weight Loss,27.0,Vegan,6.34,8111.4,44.78888888888889,7.485888888888889,69.02222222222223,2042.4666666666667,7.147222222222222,0.3911398557287013,0.44576426991841683
USER1924,34,Other,Moderately Active,Weight Loss,21.5,Low Carb,4.84,8301.277777777777,48.8,7.515000000000001,70.4888888888889,2073.488888888889,6.980777777777778,0.3319381116706119,0.4015975010164091
USER1925,52,Male,Moderately Active,Build Muscle,21.6,Balanced,4.47,8371.555555555555,45.1,7.549222222222223,67.8,2070.7555555555555,6.929555555555555,0.3578768363681508,0.41438736291103623
USER1926,22,Male,Very Active,Weight Loss,28.2,Balanced,5.59,10584.555555555555,71.97777777777777,8.030000000000001,67.43333333333334,2268.4555555555557,6.943555555555555,0.3563955460176668,0.45222464072549
USER1927,18,Female,Moderately Active,Stress Management,28.3,Balanced,5.63,8290.444444444445,44.955555555555556,7.503333333333333,70.15555555555555,2069.3,7.055555555555555,0.35239197113722653,0.47059781446095894
USER1928,29,Female,Very Active,General Fitness,25.4,High Protein,4.16,10371.788888888888,71.95555555555555,8.036888888888889,68.33333333333333,2271.1111111111113,7.054444444444444,0.3770805289815982,0.43595896952160657
USER1929,43,Male,Lightly Active,Weight Loss,29.1,Low Carb,5.89,5588.433333333333,25.755555555555556,6.978444444444444,69.34444444444445,1848.6444444444444,6.897666666666666,0.3052735507176975,0.41519849650908547
USER1930,51,Male,Sedentary,General Fitness,21.3,Vegan,4.79,2800.211111111111,8.855555555555556,6.525444444444444,68.97777777777777,1636.3555555555556,7.115,0.35997956964583805,0.4641270592053468
USER1931,19,Female,Lightly Active,General Fitness,24.6,Balanced,2.42,5486.622222222222,25.11111111111111,7.130111111111112,69.68888888888888,1830.8444444444444,6.9334444444444445,0.30579839704387074,0.45427599733691726
USER1932,36,Female,Sedentary,Better Sleep,32.6,Balanced,3.48,2777.5777777777776,9.222222222222221,6.477555555555556,69.5111111111111,1656.6222222222223,7.3244444444444445,0.35684015781992934,0.437194397721272
USER1933,27,Male,Lightly Active,Weight Loss,26.3,High Protein,4.98,5597.8,24.88888888888889,7.070444444444445,69.46666666666667,1839.7333333333333,6.851222222222223,0.34203172443210406,0.47077456483440644
USER1934,30,Male,Lightly Active,Weight Loss,26.5,Balanced,5.27,5465.111111111111,28.055555555555557,6.875111111111111,69.94444444444444,1856.5555555555557,6.989333333333333,0.3438122099579578,0.4324716434789055
USER1935,58,Female,Moderately Active,Better Sleep,35.2,High Protein,5.07,8293.68888888889,51.58888888888889,7.4239999999999995,69.11111111111111,2076.1222222222223,6.704111111111112,0.3649881413225181,0.40698628294009936
USER1936,18,Female,Sedentary,Better Sleep,20.4,Balanced,6.89,2785.3888888888887,8.911111111111111,6.495222222222223,69.95555555555555,1664.0444444444445,7.189666666666666,0.38126303477457474,0.35835180312120263
USER1937,34,Male,Sedentary,General Fitness,29.2,Balanced,2.76,2452.7,7.944444444444445,6.639,69.72222222222223,1635.1222222222223,6.934888888888889,0.41929815280195387,0.45317784940147793
USER1938,36,Female,Lightly Active,Stress Management,32.7,Low Carb,4.79,5628.011111111111,26.1,7.093888888888889,70.83333333333333,1860.6333333333334,7.08688888888889,0.31813139204128893,0.46059156936559414
USER1939,42,Male,Very Active,Weight Loss,24.7,High Protein,6.11,11024.833333333334,75.26666666666667,8.092333333333332,68.78888888888889,2308.7,6.816333333333334,0.3128289583267103,0.3935984105502915
USER1940,32,Male,Lightly Active,General Fitness,29.4,High Protein,4.91,5782.455555555555,26.92222222222222,7.112666666666667,68.0,1851.611111111111,6.823555555555556,0.34158953646356727,0.5160781501127006
USER1941,35,Female,Lightly Active,Weight Loss,22.1,Balanced,3.56,5413.566666666667,26.833333333333332,7.232777777777779,70.54444444444445,1869.1666666666667,6.9464444444444435,0.3197325824918087,0.40828488464025836
USER1942,28,Female,Moderately Active,Weight Loss,23.3,Balanced,2.89,8549.111111111111,49.544444444444444,7.493,71.82222222222222,2097.677777777778,6.841222222222223,0.3626825292615059,0.3947577589321508
USER1943,34,Male,Moderately Active,Stress Management,27.5,Low Carb,2.6,7905.9,48.06666666666667,7.5006666666666675,68.71111111111111,2062.9333333333334,6.8548888888888895,0.35164916656754774,0.4459109965540501
USER1944,28,Female,Lightly Active,Weight Loss,29.2,Low Carb,3.8,5569.511111111111,26.22222222222222,7.029888888888889,70.22222222222223,1849.388888888889,7.419555555555555,0.35354945267950977,0.4852990851002782
USER1945,38,Female,Lightly Active,Build Muscle,30.5,Vegetarian,5.08,5379.622222222222,28.144444444444446,6.832,70.5,1855.4777777777779,7.129666666666666,0.3433499478345696,0.44046354628194984
USER1946,28,Female,Sedentary,Better Sleep,32.3,Balanced,4.19,2792.088888888889,7.855555555555555,6.411333333333333,69.23333333333333,1674.8444444444444,7.152222222222223,0.36295078771205136,0.4080416103670418
USER1947,35,Female,Very Active,Weight Loss,25.7,High Protein,7.81,10656.144444444444,71.05555555555556,8.008111111111111,70.26666666666667,2273.3777777777777,6.914555555555555,0.3412306419762472,0.43427032610546584
USER1948,31,Female,Sedentary,Better Sleep,30.8,Low Carb,2.49,2602.288888888889,8.077777777777778,6.493222222222222,69.73333333333333,1643.411111111111,6.898777777777777,0.38486444713301676,0.5314161793805631
USER1949,43,Female,Lightly Active,Better Sleep,24.6,Vegetarian,4.17,5345.655555555555,28.31111111111111,7.1337777777777776,68.44444444444444,1838.6333333333334,7.005444444444445,0.3879282688578237,0.46827293827326116
USER1950,31,Male,Sedentary,General Fitness,29.6,Low Carb,2.97,2752.0777777777776,8.78888888888889,6.538333333333334,70.52222222222223,1661.3777777777777,6.768555555555555,0.34673929391282876,0.4404451931412635
USER1951,18,Male,Sedentary,Weight Loss,26.8,Balanced,2.37,2733.6222222222223,8.655555555555555,6.623,69.74444444444444,1646.7,6.885222222222222,0.4135453463764071,0.387255336752985
USER1952,44,Male,Moderately Active,Build Muscle,27.8,High Protein,7.98,8419.866666666667,48.41111111111111,7.574888888888889,69.0111111111111,2067.266666666667,7.0489999999999995,0.37272011491674073,0.3909945387615903
USER1953,22,Female,Sedentary,Build Muscle,27.7,Low Carb,6.35,2663.8444444444444,8.188888888888888,6.553444444444444,68.71111111111111,1645.5333333333333,6.928222222222222,0.36484340292846035,0.5005242678954186
USER1954,25,Female,Sedentary,Build Muscle,19.6,Vegan,4.49,2638.322222222222,7.988888888888889,6.622888888888888,68.92222222222222,1657.3222222222223,6.906888888888889,0.3641072542916936,0.4223192336268428
USER1955,26,Male,Lightly Active,Weight Loss,21.5,High Protein,5.7,5759.355555555556,27.488888888888887,7.091444444444445,68.66666666666667,1881.3444444444444,7.153777777777778,0.3558186877472894,0.414607679725313
USER1956,45,Male,Sedentary,Better Sleep,26.4,Low Carb,3.16,2682.8444444444444,7.955555555555556,6.594333333333333,71.4,1634.5111111111112,6.867666666666667,0.3432772394037217,0.46006863264821
USER1957,18,Female,Sedentary,Weight Loss,19.3,Low Carb,3.02,2678.6,9.144444444444444,6.4383333333333335,68.85555555555555,1646.0666666666666,7.021,0.34950063303684054,0.37220696050387697
USER1958,63,Male,Moderately Active,General Fitness,29.3,Balanced,1.83,8260.133333333333,47.922222222222224,7.460444444444445,68.93333333333334,2061.811111111111,7.064888888888889,0.32448714079298313,0.38878049377212587
USER1959,42,Female,Moderately Active,Weight Loss,29.5,Balanced,5.45,8225.011111111111,44.5,7.495666666666667,69.5111111111111,2052.766666666667,6.9431111111111115,0.36367097192970865,0.4416221490172906
USER1960,34,Male,Very Active,General Fitness,27.3,Balanced,6.32,10746.2,75.12222222222222,7.914,69.97777777777777,2302.488888888889,7.043111111111111,0.3982715452680519,0.4555209140641322
USER1961,31,Female,Moderately Active,Better Sleep,21.5,Balanced,3.71,7978.033333333334,47.955555555555556,7.627555555555555,69.23333333333333,2061.0222222222224,6.967,0.3919380635011938,0.4642740256561041
USER1962,34,Female,Moderately Active,Weight Loss,31.5,Balanced,2.39,8417.577777777778,45.3,7.309777777777778,67.92222222222222,2051.277777777778,7.250111111111111,0.29258712283183974,0.40867687706147193
USER1963,37,Male,Sedentary,Weight Loss,34.1,Balanced,5.48,2732.222222222222,8.511111111111111,6.669555555555555,71.55555555555556,1658.8444444444444,6.840888888888888,0.3909112797375012,0.4363970631384569
USER1964,38,Male,Moderately Active,General Fitness,26.6,Balanced,5.1,8510.444444444445,45.3,7.481111111111111,70.83333333333333,2065.3555555555554,6.996777777777778,0.34762881826081743,0.43423271077348785
USER1965,37,Male,Moderately Active,General Fitness,28.0,Balanced,5.25,8487.277777777777,42.8,7.453666666666667,68.88888888888889,2048.5555555555557,6.800888888888889,0.35517722955139136,0.4972908122725559
USER1966,32,Female,Moderately Active,General Fitness,26.8,Balanced,3.35,8375.788888888888,46.0,7.421333333333333,71.13333333333334,2074.0777777777776,6.962444444444444,0.40188056788005133,0.403620255186557
USER1967,30,Female,Lightly Active,Build Muscle,28.1,Balanced,4.02,5321.855555555556,24.955555555555556,7.106666666666667,68.91111111111111,1824.5555555555557,6.876444444444444,0.39101481349930245,0.4740909291883522
USER1968,30,Male,Sedentary,Weight Loss,25.5,Low Carb,6.48,2711.1555555555556,8.466666666666667,6.630888888888888,69.22222222222223,1653.8666666666666,7.0394444444444435,0.38568174662842253,0.41876249992446496
USER1969,30,Female,Moderately Active,Better Sleep,25.9,Low Carb,3.16,8227.3,44.111111111111114,7.539111111111111,67.68888888888888,2061.5333333333333,7.0778888888888885,0.3798413397224808,0.41591789678052554
USER1970,43,Female,Moderately Active,Better Sleep,29.6,Balanced,5.88,8232.422222222222,44.72222222222222,7.513,68.72222222222223,2056.1222222222223,7.004111111111111,0.33608054007923793,0.4770956460129851
USER1971,37,Male,Very Active,Build Muscle,35.4,Low Carb,4.44,10830.666666666666,74.57777777777778,7.9238888888888885,69.87777777777778,2305.4555555555557,7.145777777777778,0.3812645878572488,0.4704543700166797
USER1972,18,Male,Sedentary,Stress Management,20.4,Vegetarian,4.76,2780.9444444444443,8.688888888888888,6.521222222222222,69.8,1656.9666666666667,7.1835555555555555,0.36127680415472085,0.41388757003512033
USER1973,38,Female,Sedentary,Build Muscle,25.6,Balanced,5.52,2640.5333333333333,8.244444444444444,6.489888888888889,70.86666666666666,1637.6,6.966444444444445,0.3719528413652324,0.4181172358669206
USER1974,33,Female,Sedentary,Build Muscle,21.3,Low Carb,7.21,2791.4,8.0,6.676777777777778,69.12222222222222,1658.0111111111112,7.148000000000001,0.38777411935995676,0.48148148148148145
USER1975,31,Female,Moderately Active,Weight Loss,32.4,High Protein,4.39,8743.488888888889,43.888888888888886,7.46,67.62222222222222,2060.8444444444444,7.006444444444445,0.3439417675502717,0.4632549900066932
USER1976,28,Female,Sedentary,Build Muscle,23.6,Vegetarian,2.6,2837.1222222222223,8.688888888888888,6.538555555555556,69.96666666666667,1661.3222222222223,7.136444444444444,0.36343413746137204,0.4589105090485608
USER1977,43,Female,Sedentary,General Fitness,20.2,Balanced,1.78,2817.188888888889,9.488888888888889,6.626,72.93333333333334,1669.2333333333333,7.071222222222222,0.36531277171349047,0.4182967491546483
USER1978,41,Male,Very Active,Weight Loss,28.6,Low Carb,5.92,10932.033333333333,75.72222222222223,7.979111111111111,71.43333333333334,2307.6444444444446,6.9285555555555565,0.38237453353492845,0.44542177151722273
USER1979,24,Female,Sedentary,Build Muscle,33.0,Balanced,3.47,2728.088888888889,9.011111111111111,6.508,68.93333333333334,1650.4,6.979555555555555,0.32377719856907394,0.4008011798976635
USER1980,36,Female,Moderately Active,Stress Management,28.7,Low Carb,4.69,8038.044444444445,46.522222222222226,7.35,70.58888888888889,2041.6444444444444,7.163666666666667,0.3699720315276596,0.5018333658103687
USER1981,22,Female,Lightly Active,General Fitness,26.8,High Protein,2.33,5679.077777777778,27.8,6.903,68.53333333333333,1866.5333333333333,7.274111111111111,0.30967132275943626,0.42805927085977086
USER1982,18,Male,Moderately Active,General Fitness,27.6,Low Carb,3.02,8094.811111111111,42.766666666666666,7.439,69.06666666666666,2041.2777777777778,6.944222222222223,0.33940941999296625,0.47620163662939613
USER1983,25,Male,Lightly Active,Better Sleep,31.7,Vegan,4.14,5382.555555555556,26.988888888888887,7.0811111111111105,70.53333333333333,1858.3333333333333,6.958111111111111,0.3634908324172564,0.4421771512697545
USER1984,40,Male,Very Active,Weight Loss,22.5,Balanced,5.91,11087.1,72.94444444444444,7.892333333333334,69.9888888888889,2299.677777777778,6.920222222222223,0.3576473747743558,0.43848742621619574
USER1985,41,Male,Very Active,General Fitness,25.6,High Protein,3.83,11253.077777777778,71.28888888888889,7.906111111111111,69.72222222222223,2316.088888888889,6.874111111111111,0.3851032578335151,0.3950595718784368
USER1986,37,Male,Sedentary,Stress Management,24.2,Low Carb,6.66,2645.8,8.911111111111111,6.620888888888889,69.47777777777777,1645.6888888888889,6.742111111111111,0.3916423779757068,0.4215842911743059
USER1987,39,Female,Sedentary,General Fitness,21.3,Balanced,2.88,2732.4444444444443,8.222222222222221,6.470555555555555,72.31111111111112,1648.2888888888888,6.984999999999999,0.38872422391107675,0.419892914342656
USER1988,37,Female,Lightly Active,Build Muscle,24.7,Low Carb,2.44,5556.155555555555,26.877777777777776,6.921555555555556,69.31111111111112,1849.4444444444443,6.857444444444444,0.3379339367994289,0.4596147658396758
USER1989,25,Male,Moderately Active,Weight Loss,30.4,Balanced,4.43,8119.9,45.477777777777774,7.457666666666667,69.4888888888889,2056.0666666666666,6.939111111111111,0.3599008066595709,0.42011863567102387
USER1990,36,Female,Moderately Active,Stress Management,28.3,Balanced,4.01,7502.766666666666,47.144444444444446,7.516555555555556,67.88888888888889,2047.5666666666666,7.060666666666667,0.3916311100657732,0.4472304595813296
USER1991,40,Male,Lightly Active,Build Muscle,28.6,Vegetarian,3.47,5175.044444444445,26.61111111111111,6.854111111111111,69.46666666666667,1863.2111111111112,7.291,0.36810031182308317,0.44293479418356024
USER1992,39,Male,Moderately Active,Stress Management,26.6,Balanced,4.68,7534.344444444445,45.166666666666664,7.437888888888889,70.4,2012.3333333333333,6.899555555555556,0.3605924087264283,0.4344896951687224
USER1993,43,Male,Sedentary,General Fitness,28.1,Vegetarian,3.73,2799.4444444444443,9.344444444444445,6.472888888888888,70.67777777777778,1663.411111111111,6.8467777777777785,0.3614196350803842,0.41445904841144104
USER1994,39,Female,Moderately Active,General Fitness,22.8,Balanced,3.4,7914.144444444444,42.0,7.434333333333334,69.36666666666666,2045.3222222222223,7.1771111111111106,0.38229050223279104,0.5428460278821063
USER1995,35,Male,Very Active,Stress Management,24.8,Balanced,5.96,11153.533333333333,74.45555555555555,8.166555555555556,68.06666666666666,2309.0,7.176777777777778,0.3334338290562238,0.42689381154726785
USER1996,42,Male,Lightly Active,General Fitness,26.8,High Protein,5.54,5304.955555555555,28.766666666666666,6.900333333333333,70.84444444444445,1854.1,7.061555555555556,0.3974724371751786,0.39897850505220894
USER1997,31,Male,Lightly Active,Build Muscle,27.1,Balanced,5.16,5624.866666666667,28.58888888888889,7.043444444444444,71.37777777777778,1871.5222222222221,7.110777777777778,0.34641713693566867,0.39927841559694466
USER1998,23,Female,Sedentary,General Fitness,27.3,Low Carb,7.41,2794.133333333333,9.044444444444444,6.383111111111111,69.36666666666666,1667.3222222222223,6.788555555555556,0.37081962240780125,0.44198534534622563
USER1999,30,Male,Lightly Active,Stress Management,25.4,Low Carb,3.5,5319.133333333333,29.0,6.976555555555556,69.26666666666667,1842.4777777777779,6.968,0.3509491481317836,0.40588266868732
USER2000,24,Female,Lightly Active,Build Muscle,24.5,Low Carb,5.43,5270.066666666667,27.233333333333334,6.886777777777777,70.32222222222222,1845.1777777777777,6.809222222222223,0.3645493709812589,0.45164748776817715
