employee_id,age,gender,department,role,tenure_years,salary,avg_hours_per_week,overtime_hours_per_month,remote_work_type,manager_support_score,team_size,performance_rating,goals_completed_pct,sick_leave_days,vacation_days_taken,job_satisfaction,workload_stress,work_life_balance,career_growth_satisfaction,months_since_last_promotion,training_hours_last_year,burnout_score,burnout_high_risk
EMP00001,38,Male,Sales,Associate,3.48,64231,45.4,7.7,On-site,8.51,7,1.2,72.4,5,6.5,5.91,6.32,6.31,6.1,54.7,2.9,0.3766,0
EMP00002,33,Male,Engineering,Senior Dev,0.1,89301,42.1,22.6,On-site,7.2,14,3.71,87.7,0,8.6,6.8,2.25,6.38,8.61,13.9,1.7,0.3298,0
EMP00003,40,Male,Operations,Senior Analyst,0.17,101471,60.7,0.5,Hybrid,7.69,12,2.27,52.9,8,10.4,7.73,7.53,7.49,2.48,30.6,4.5,0.4693,0
EMP00004,47,Male,Sales,Senior,2.28,82411,46.4,9.6,On-site,9.81,6,4.51,80.9,6,21.0,5.53,4.77,5.59,5.76,3.8,3.5,0.4791,0
EMP00005,33,Male,Sales,Associate,0.64,92229,51.0,16.0,Full Remote,6.47,6,2.94,57.9,5,8.6,2.84,4.24,4.57,6.15,1.2,29.4,0.7474,1
EMP00006,33,Female,Engineering,Tech Lead,3.0,71360,47.3,14.9,Full Remote,6.98,7,2.84,47.5,4,11.4,4.93,5.65,4.04,4.73,8.4,2.2,0.6167,0
EMP00007,47,Female,Sales,Manager,2.41,72953,43.1,8.9,Hybrid,7.55,4,3.53,65.2,7,11.0,7.2,3.31,8.59,6.02,3.8,5.5,0.3985,0
EMP00008,41,Female,Operations,Senior Analyst,2.64,77825,44.8,6.1,On-site,9.45,6,3.81,90.6,5,4.8,7.9,6.56,7.88,7.02,13.8,5.1,0.3793,0
EMP00009,31,Male,Sales,Associate,1.08,56171,56.7,3.0,Full Remote,7.22,10,3.53,55.8,5,14.0,6.48,5.94,4.83,5.67,24.0,1.8,0.5209,0
EMP00010,39,Male,Customer Support,Senior Analyst,3.06,60798,53.7,20.6,Full Remote,8.04,17,2.2,47.8,4,16.3,3.81,6.36,6.16,5.23,42.1,0.6,0.6323,0
EMP00011,31,Male,Customer Support,Analyst,5.31,109446,60.6,5.8,On-site,7.46,4,3.59,60.0,3,15.2,7.11,4.05,5.51,3.89,37.2,1.9,0.598,0
EMP00012,31,Other,Engineering,Junior Dev,18.75,125198,46.8,8.7,Full Remote,7.87,13,3.44,79.6,3,12.2,6.87,6.69,5.82,5.26,21.1,12.3,0.51,0
EMP00013,36,Female,Engineering,Senior Dev,5.47,114804,38.0,4.3,Full Remote,8.39,8,3.41,76.7,6,1.0,7.5,4.07,3.59,8.07,59.6,5.4,0.3683,0
EMP00014,22,Female,Operations,Analyst,2.45,41918,41.5,28.5,Hybrid,6.11,8,3.96,70.0,2,14.5,5.91,6.77,4.05,4.42,44.4,4.6,0.6318,0
EMP00015,22,Male,Sales,Associate,0.64,40000,35.5,2.2,Hybrid,8.19,9,2.88,55.8,1,8.5,4.13,2.24,5.73,6.6,4.9,4.8,0.4396,0
EMP00016,30,Female,Engineering,Tech Lead,3.43,45232,51.1,4.8,Hybrid,7.09,7,2.59,73.9,5,6.8,7.06,7.08,6.15,4.55,46.5,4.1,0.4672,0
EMP00017,26,Male,Sales,Associate,8.33,78359,40.3,17.6,On-site,8.81,9,3.99,48.9,5,13.0,6.76,7.64,6.8,7.75,7.4,2.1,0.5685,0
EMP00018,37,Female,HR,Manager,0.71,40000,35.0,9.5,Full Remote,7.03,8,1.94,66.5,1,9.6,3.49,6.02,5.07,5.45,7.4,7.8,0.4164,0
EMP00019,27,Female,Operations,Senior Analyst,0.89,60279,64.7,14.1,On-site,8.37,10,3.73,66.3,5,8.3,8.31,5.74,6.29,3.65,21.9,3.3,0.5245,0
EMP00020,23,Other,Engineering,Manager,0.48,110177,40.4,7.4,On-site,5.36,8,2.53,87.0,6,18.3,5.93,7.04,7.05,7.08,20.2,7.1,0.699,0
EMP00021,46,Female,Engineering,Junior Dev,4.0,99560,40.4,2.9,Hybrid,8.83,9,4.62,68.3,3,11.1,6.95,5.65,5.56,5.6,10.4,3.1,0.4117,0
EMP00022,33,Male,Customer Support,Senior Analyst,1.57,62272,58.4,12.1,On-site,7.58,5,2.34,56.2,7,9.9,8.23,3.8,7.18,6.09,3.6,4.4,0.4589,0
EMP00023,35,Female,Operations,Analyst,0.19,64166,35.3,0.4,Full Remote,5.98,10,2.35,71.4,1,15.8,5.21,5.02,6.38,5.91,9.5,4.6,0.329,0
EMP00024,23,Female,HR,Manager,6.24,89181,54.1,8.1,Full Remote,7.45,10,5.0,78.5,5,11.4,5.68,6.97,4.23,5.25,84.4,1.6,0.4533,0
EMP00025,30,Male,Operations,Analyst,2.45,98381,40.3,7.2,On-site,5.93,7,4.51,78.7,4,14.8,6.25,4.86,5.93,4.35,5.0,4.5,0.4009,0
EMP00026,35,Male,Sales,Associate,1.21,61671,35.0,10.8,Full Remote,5.0,12,2.85,56.8,3,2.0,7.94,5.15,5.47,5.74,11.1,8.8,0.5461,0
EMP00027,25,Male,Operations,Manager,1.26,69140,58.6,3.4,Full Remote,8.06,6,2.51,55.6,4,1.6,9.3,3.86,7.57,3.1,2.8,3.1,0.4051,0
EMP00028,38,Male,Sales,Senior,1.03,60849,52.4,3.8,Hybrid,8.94,10,2.76,76.5,4,7.2,8.07,2.91,4.97,7.13,28.2,7.9,0.1476,0
EMP00029,30,Male,Engineering,Junior Dev,1.82,41716,52.4,18.9,Full Remote,9.36,9,3.79,83.6,7,11.0,6.66,3.98,3.97,6.25,17.8,2.9,0.4283,0
EMP00030,32,Female,Finance,Analyst,1.23,69506,47.9,2.3,On-site,7.56,5,3.73,93.7,7,17.8,5.55,3.49,7.16,5.77,22.9,7.8,0.5066,0
EMP00031,30,Male,Sales,Senior,2.38,67601,49.8,1.5,On-site,4.36,8,3.18,85.1,4,4.4,6.0,3.05,6.88,5.65,51.0,11.5,0.5102,0
EMP00032,49,Male,Customer Support,Analyst,4.46,43483,35.1,18.5,Hybrid,9.85,11,4.87,80.4,3,5.3,7.31,2.79,8.47,5.3,14.6,6.7,0.153,0
EMP00033,34,Female,Sales,Senior,3.37,91152,45.9,10.0,Hybrid,8.42,5,2.87,55.6,3,17.2,9.46,5.72,4.72,7.07,12.6,2.5,0.3604,0
EMP00034,26,Female,Customer Support,Analyst,1.05,87083,37.6,10.3,Hybrid,4.86,12,1.99,41.7,4,7.2,8.19,3.82,8.63,4.78,57.3,2.4,0.3806,0
EMP00035,41,Female,Customer Support,Senior Analyst,2.26,92392,35.0,11.5,Full Remote,8.08,5,5.0,63.1,2,6.6,6.38,7.26,5.65,4.97,27.7,7.9,0.4191,0
EMP00036,25,Male,Engineering,Tech Lead,5.5,55798,48.3,5.5,Full Remote,9.61,8,4.23,54.9,3,16.8,4.17,4.49,5.94,5.3,16.1,15.8,0.3963,0
EMP00037,36,Female,Operations,Analyst,0.21,40000,54.3,6.7,Full Remote,6.88,12,3.34,87.6,3,0.0,8.4,7.38,4.64,7.4,1.7,3.5,0.395,0
EMP00038,22,Female,Sales,Senior,0.24,86683,41.9,25.4,Hybrid,7.78,2,3.67,63.7,3,14.0,5.79,4.59,7.78,4.95,37.0,3.4,0.407,0
EMP00039,24,Male,Customer Support,Analyst,2.44,58397,43.3,2.2,Hybrid,6.55,7,3.6,59.7,4,17.5,6.14,4.69,8.79,4.26,8.6,4.9,0.3834,0
EMP00040,36,Male,Marketing,Associate,3.06,52733,35.9,4.0,On-site,7.43,2,2.2,66.5,6,11.6,8.87,5.67,6.32,3.81,7.4,5.7,0.4023,0
EMP00041,40,Female,Finance,Analyst,0.71,43573,45.1,13.5,Hybrid,7.85,6,3.49,84.9,5,10.8,4.93,4.62,8.86,5.12,19.5,9.6,0.4589,0
EMP00042,36,Female,Marketing,Senior,4.1,68116,51.1,4.9,Hybrid,5.64,7,3.85,83.8,4,16.0,7.33,3.26,7.91,4.98,9.3,6.1,0.276,0
EMP00043,34,Other,Engineering,Senior Dev,3.12,114433,51.3,12.9,Full Remote,8.84,9,3.81,56.7,2,13.4,6.91,5.71,4.6,4.18,32.4,1.2,0.4093,0
EMP00044,32,Female,Engineering,Manager,7.7,62363,49.4,9.4,On-site,5.83,11,1.59,75.0,4,0.9,6.29,3.76,4.29,4.5,14.4,3.0,0.6974,0
EMP00045,23,Female,Sales,Associate,0.56,47754,40.1,11.0,On-site,3.06,8,3.65,89.1,3,2.0,6.48,3.55,9.1,5.37,120.0,10.2,0.5162,0
EMP00046,29,Female,Operations,Senior Analyst,4.18,91298,39.8,8.1,On-site,8.71,7,3.87,81.3,4,14.5,9.08,4.86,7.38,5.72,7.1,2.1,0.3688,0
EMP00047,31,Male,HR,Senior Analyst,0.26,79320,51.4,5.8,Full Remote,4.62,8,3.46,73.6,2,6.5,4.15,4.1,3.36,4.75,1.6,4.1,0.5642,0
EMP00048,43,Male,Finance,Senior Analyst,2.5,40000,51.5,3.3,Hybrid,8.59,8,2.53,84.9,2,13.2,7.05,6.92,5.92,3.37,21.4,5.4,0.4885,0
EMP00049,37,Male,Sales,Manager,2.41,91558,43.6,8.1,Hybrid,7.08,10,4.55,52.2,3,14.5,7.22,2.9,2.59,2.87,75.0,3.1,0.3953,0
EMP00050,22,Female,Marketing,Associate,1.47,128211,41.6,5.1,Full Remote,3.73,7,3.47,79.1,5,13.0,8.54,3.62,2.55,6.57,74.2,8.4,0.5783,0
EMP00051,37,Female,Engineering,Junior Dev,5.58,40000,54.3,19.5,On-site,7.98,10,3.33,34.5,7,6.8,4.47,6.22,8.27,6.12,64.2,9.7,0.4481,0
EMP00052,31,Female,Operations,Senior Analyst,0.1,44107,42.1,11.0,Full Remote,8.14,6,3.38,67.9,2,11.6,7.33,5.41,5.63,6.69,7.6,3.6,0.3952,0
EMP00053,29,Male,Customer Support,Analyst,2.2,40000,51.0,24.9,Full Remote,8.82,6,2.33,60.1,3,7.0,7.52,2.39,4.41,4.84,18.3,14.3,0.1789,0
EMP00054,39,Female,Sales,Associate,0.73,73117,43.9,11.0,Hybrid,4.95,6,5.0,63.2,4,11.2,6.5,7.0,4.68,2.76,1.0,24.5,0.5128,0
EMP00055,43,Male,Engineering,Junior Dev,4.08,99759,36.6,35.3,Full Remote,4.84,9,4.4,65.2,2,10.6,8.76,5.53,7.99,4.71,16.9,4.2,0.4386,0
EMP00056,42,Male,Engineering,Senior Dev,0.13,77637,57.9,0.2,On-site,7.94,7,2.95,73.1,4,8.7,7.66,3.98,7.72,6.95,42.6,1.8,0.2226,0
EMP00057,28,Female,Finance,Senior Analyst,5.34,109799,46.0,4.4,Hybrid,7.72,6,1.96,58.2,6,15.3,5.87,6.14,7.48,8.93,21.3,9.2,0.2957,0
EMP00058,32,Female,HR,Analyst,5.46,95763,39.3,1.0,Hybrid,7.36,8,3.92,51.0,9,20.3,7.63,6.4,5.1,3.57,6.5,5.5,0.4407,0
EMP00059,37,Other,Operations,Analyst,5.37,117553,35.0,10.1,Hybrid,6.96,10,4.1,73.8,2,13.1,6.41,1.23,5.57,3.63,11.4,11.3,0.367,0
EMP00060,42,Male,Sales,Senior,0.5,104005,35.0,7.1,Full Remote,7.08,8,3.55,92.3,3,7.3,5.98,3.72,7.53,5.43,58.2,3.7,0.3119,0
EMP00061,31,Female,Operations,Senior Analyst,2.99,64926,42.0,1.9,On-site,7.19,2,3.23,81.4,2,7.7,7.85,3.91,5.43,8.11,4.5,5.3,0.3058,0
EMP00062,33,Male,Finance,Manager,0.1,76668,60.4,16.4,On-site,9.17,12,2.17,88.6,6,7.6,5.74,4.91,6.17,5.36,24.5,18.6,0.4218,0
EMP00063,26,Male,Sales,Associate,5.65,53283,40.3,19.8,Hybrid,7.4,13,3.98,94.6,6,12.5,5.64,4.0,6.04,8.94,18.0,6.5,0.5913,0
EMP00064,25,Female,Marketing,Director,3.85,69233,56.6,3.9,On-site,9.23,12,2.15,38.5,5,7.8,7.6,3.6,8.6,6.71,5.3,5.1,0.4094,0
EMP00065,41,Female,Engineering,Senior Dev,2.27,76545,44.0,7.6,Hybrid,5.95,6,3.72,82.3,5,14.2,6.22,5.61,5.94,4.15,4.6,1.7,0.5881,0
EMP00066,45,Female,Marketing,Manager,3.93,72877,35.6,10.4,Hybrid,5.66,10,4.08,69.7,9,11.4,9.36,2.63,6.08,5.8,18.6,5.2,0.2727,0
EMP00067,34,Male,Operations,Analyst,0.3,108556,41.2,2.1,On-site,7.98,7,3.25,72.6,3,9.3,7.23,3.84,5.89,6.49,32.6,18.3,0.3782,0
EMP00068,43,Female,Sales,Senior,2.26,66745,35.0,10.7,Hybrid,8.58,3,3.3,60.0,4,17.3,4.48,6.47,4.92,5.9,12.1,8.8,0.3682,0
EMP00069,37,Male,Operations,Manager,1.03,51697,38.2,20.1,Hybrid,8.22,10,1.48,94.1,4,9.0,7.49,3.23,4.53,5.51,41.3,1.7,0.4663,0
EMP00070,29,Female,HR,Manager,10.79,53259,37.9,5.4,Full Remote,5.52,6,2.76,57.8,3,7.8,7.64,4.2,7.47,2.87,31.0,6.4,0.3444,0
EMP00071,37,Male,Engineering,Junior Dev,5.84,91377,35.0,3.7,Hybrid,9.51,10,3.12,74.9,6,5.4,5.14,3.13,4.06,4.41,24.5,7.8,0.4438,0
EMP00072,47,Male,HR,Analyst,3.96,40000,57.1,6.5,On-site,6.78,7,2.21,76.9,3,26.4,7.67,3.33,3.7,5.84,92.4,7.4,0.4115,0
EMP00073,34,Female,Marketing,Senior,8.14,69970,46.7,9.8,Hybrid,5.26,9,4.53,50.8,4,14.7,7.08,3.67,7.65,4.6,4.1,6.4,0.5272,0
EMP00074,47,Female,Sales,Director,1.28,108187,39.5,4.6,Full Remote,8.34,5,2.88,64.6,6,18.2,5.95,6.59,7.87,4.8,24.9,4.4,0.3306,0
EMP00075,22,Male,Engineering,Senior Dev,6.93,82314,46.8,4.5,Hybrid,8.39,9,3.13,92.1,5,11.2,6.88,5.1,3.62,3.63,0.0,3.2,0.486,0
EMP00076,41,Male,Sales,Senior,1.18,73134,38.3,17.7,Hybrid,5.16,4,4.93,89.8,6,10.0,8.64,6.73,3.39,6.61,25.1,1.0,0.5335,0
EMP00077,35,Female,Engineering,Tech Lead,3.96,74102,35.0,11.8,Full Remote,8.63,10,4.32,81.9,4,10.3,5.48,6.25,6.22,5.46,13.9,4.7,0.296,0
EMP00078,32,Male,Engineering,Tech Lead,4.0,49260,68.7,2.9,On-site,6.83,3,4.91,87.9,2,9.4,5.77,3.31,5.94,6.17,44.2,6.5,0.4061,0
EMP00079,35,Male,Sales,Senior,0.1,53571,46.5,3.5,On-site,7.99,6,4.52,52.8,1,11.2,7.52,4.66,7.54,2.52,27.6,1.7,0.2617,0
EMP00080,22,Male,Sales,Senior,1.34,70120,40.3,5.0,Hybrid,8.48,6,4.05,59.5,4,11.6,4.75,3.02,3.57,7.41,6.7,4.1,0.3049,0
EMP00081,33,Male,Customer Support,Manager,0.1,81781,35.0,5.5,Full Remote,6.1,9,2.86,66.9,2,19.2,7.46,2.96,5.33,7.51,6.4,9.3,0.3106,0
EMP00082,37,Female,Sales,Senior,17.52,98703,35.0,11.3,Hybrid,8.28,7,2.32,43.0,3,14.3,4.39,4.22,6.45,6.04,102.3,11.3,0.4187,0
EMP00083,46,Female,Operations,Senior Analyst,0.39,77314,58.2,3.3,Full Remote,7.66,9,4.14,60.6,4,15.4,7.12,6.89,5.1,3.8,27.0,5.6,0.723,1
EMP00084,30,Female,Marketing,Associate,2.35,108819,57.0,12.0,Hybrid,9.12,9,3.06,79.9,5,19.2,4.5,7.3,7.96,7.76,51.6,4.2,0.5422,0
EMP00085,28,Other,Finance,Senior Analyst,4.69,115129,51.0,8.7,Full Remote,8.01,11,1.62,91.4,5,4.1,6.1,2.18,6.03,4.19,43.6,3.4,0.4275,0
EMP00086,30,Male,Sales,Associate,0.67,94881,36.1,4.0,Hybrid,7.15,3,3.85,70.6,2,10.0,7.78,3.9,4.13,6.42,4.2,5.2,0.2811,0
EMP00087,42,Male,Customer Support,Analyst,1.99,105624,57.1,5.6,Full Remote,7.21,13,3.69,49.7,2,17.4,6.65,6.25,8.09,7.5,7.0,13.1,0.4506,0
EMP00088,37,Male,Marketing,Manager,2.81,50232,48.6,4.3,On-site,5.98,11,2.46,67.2,5,7.8,8.13,5.76,6.22,5.95,4.6,2.3,0.5116,0
EMP00089,30,Male,Operations,Senior Analyst,0.52,46270,50.2,4.9,On-site,9.1,12,4.62,62.4,2,4.5,9.06,7.56,2.41,6.73,57.5,2.2,0.5936,0
EMP00090,39,Male,Sales,Senior,4.52,87949,48.6,33.1,On-site,5.08,2,2.8,71.3,2,5.9,6.28,3.21,6.13,3.2,29.5,3.9,0.5358,0
EMP00091,35,Female,Engineering,Junior Dev,1.07,41469,35.0,15.5,Full Remote,4.62,12,5.0,60.9,2,16.7,8.13,5.23,4.67,3.81,60.5,7.2,0.5552,0
EMP00092,42,Female,Finance,Senior Analyst,0.71,67740,35.4,8.0,Full Remote,5.25,14,4.55,66.4,2,18.7,5.86,6.14,3.99,5.56,11.7,1.7,0.6649,0
EMP00093,29,Male,Engineering,Senior Dev,2.45,94279,40.9,22.1,Hybrid,4.99,9,4.31,81.7,6,11.2,6.4,6.25,6.44,5.63,1.1,5.4,0.6602,0
EMP00094,32,Female,Marketing,Senior,1.58,110334,50.1,13.1,Full Remote,9.54,8,3.01,75.9,5,13.9,6.4,4.41,7.61,6.52,29.4,13.0,0.346,0
EMP00095,31,Female,Engineering,Junior Dev,7.59,68644,35.0,2.1,Full Remote,5.81,10,3.64,52.7,4,11.7,6.43,5.98,8.57,8.28,27.0,13.1,0.2927,0
EMP00096,23,Female,HR,Senior Analyst,6.36,58751,43.6,4.8,Hybrid,9.4,8,3.71,70.9,2,13.0,5.41,6.39,7.08,5.22,34.5,11.1,0.496,0
EMP00097,37,Female,Customer Support,Manager,1.98,83011,43.6,3.9,Hybrid,8.03,5,3.27,71.3,4,7.7,7.64,6.38,5.42,3.91,20.5,3.7,0.399,0
EMP00098,37,Female,Marketing,Associate,1.34,48161,51.3,5.8,Full Remote,8.87,6,3.51,54.0,3,0.8,6.84,5.66,5.3,5.46,30.8,5.0,0.3793,0
EMP00099,35,Female,Operations,Analyst,1.18,70668,50.4,2.5,Hybrid,8.35,8,4.89,75.9,3,9.3,8.42,5.75,6.4,8.11,17.2,1.4,0.3454,0
EMP00100,33,Female,Marketing,Senior,0.93,74799,36.9,14.3,Hybrid,7.71,12,2.94,73.6,5,17.0,8.23,6.4,4.19,5.74,5.5,17.9,0.5016,0
EMP00101,23,Female,Marketing,Senior,2.36,74300,56.6,0.7,Full Remote,6.95,7,3.87,64.7,6,18.4,7.79,5.37,8.58,5.35,16.0,11.3,0.5379,0
EMP00102,31,Male,Customer Support,Senior Analyst,4.9,77212,35.7,11.4,On-site,9.24,2,3.05,39.9,4,8.3,7.55,6.27,7.97,7.55,8.4,4.8,0.2298,0
EMP00103,32,Male,Operations,Senior Analyst,1.12,54137,53.7,10.1,Full Remote,4.79,8,2.24,84.8,3,9.3,7.36,7.04,6.25,4.19,12.1,3.4,0.4884,0
EMP00104,28,Female,Operations,Analyst,0.63,56825,40.6,5.2,Full Remote,5.93,7,4.35,65.0,6,14.3,7.23,4.32,8.02,3.38,31.5,0.9,0.3689,0
EMP00105,33,Male,Sales,Senior,1.94,56322,46.3,12.3,Full Remote,6.47,7,3.82,44.5,4,21.9,8.86,5.95,4.33,6.93,46.3,1.9,0.3319,0
EMP00106,38,Male,Marketing,Associate,0.21,40000,46.8,1.0,Full Remote,9.81,5,4.29,92.7,2,17.4,7.17,3.24,6.91,4.99,37.7,10.3,0.1289,0
EMP00107,50,Female,Engineering,Junior Dev,3.62,83545,46.6,9.2,On-site,6.72,8,2.73,86.0,2,18.0,6.79,5.15,5.44,4.63,44.4,1.0,0.5645,0
EMP00108,36,Male,Sales,Senior,2.19,97366,50.4,43.7,Full Remote,3.12,15,3.0,90.1,7,5.4,9.31,2.97,6.28,4.72,29.7,6.0,0.4897,0
EMP00109,37,Female,Marketing,Associate,2.06,94907,48.1,15.9,Hybrid,5.77,8,3.82,70.2,7,20.2,4.6,4.2,5.36,7.24,34.1,2.4,0.708,1
EMP00110,34,Female,Operations,Manager,1.07,68437,51.3,5.8,Hybrid,6.71,7,4.12,22.2,7,9.1,8.51,4.1,4.97,3.62,31.8,1.0,0.4041,0
EMP00111,22,Other,Operations,Manager,7.05,54724,48.7,19.1,Hybrid,7.84,5,4.45,47.7,4,9.0,8.24,6.45,5.5,7.78,35.4,2.5,0.3902,0
EMP00112,34,Female,Sales,Manager,0.28,93607,35.0,31.4,On-site,8.13,9,3.42,69.5,3,16.5,7.03,2.56,6.09,6.69,59.4,4.0,0.5086,0
EMP00113,35,Male,Engineering,Manager,6.12,90973,47.2,3.8,On-site,6.28,3,3.9,41.1,2,15.7,8.03,4.52,5.53,8.29,58.4,0.5,0.5451,0
EMP00114,54,Female,Operations,Analyst,1.42,80435,40.5,21.4,Full Remote,8.3,5,4.93,71.1,3,15.1,4.36,5.7,3.45,7.14,60.4,7.9,0.5398,0
EMP00115,33,Female,Engineering,Tech Lead,6.38,118607,36.1,3.4,On-site,7.51,9,3.19,76.1,4,16.1,8.26,5.02,7.36,7.69,19.5,0.6,0.3149,0
EMP00116,37,Other,HR,Analyst,3.91,74339,42.7,15.3,Hybrid,6.79,8,3.73,54.1,6,11.4,4.84,6.85,4.87,8.44,37.2,7.3,0.5523,0
EMP00117,34,Male,Engineering,Junior Dev,0.33,68577,46.5,15.2,Hybrid,8.91,10,3.38,71.1,7,17.6,4.53,5.15,6.68,6.74,6.2,3.3,0.473,0
EMP00118,25,Male,Sales,Manager,5.34,65004,47.0,1.8,Hybrid,7.67,5,3.67,66.7,3,17.8,5.7,6.41,8.07,7.14,1.3,2.2,0.4209,0
EMP00119,44,Female,Customer Support,Analyst,3.44,40000,53.4,4.1,On-site,7.13,8,4.61,61.9,7,19.5,6.54,5.65,6.42,3.53,23.8,7.4,0.5875,0
EMP00120,41,Male,Engineering,Manager,0.1,91533,55.5,2.0,Full Remote,9.43,5,3.02,62.1,3,17.1,9.37,2.44,8.58,3.7,73.9,3.7,0.2317,0
EMP00121,41,Female,Sales,Senior,0.43,72362,47.7,14.0,On-site,5.91,13,2.83,82.0,4,4.4,6.84,3.75,4.88,4.91,46.7,2.9,0.4868,0
EMP00122,27,Male,Sales,Manager,3.03,87748,49.1,7.7,Full Remote,8.11,6,4.2,74.3,6,10.4,6.98,6.02,3.5,3.43,15.8,15.9,0.7221,1
EMP00123,46,Male,Customer Support,Analyst,3.26,121046,45.8,8.8,Hybrid,6.1,10,4.71,71.2,6,11.0,6.24,3.52,6.53,2.53,0.2,3.8,0.5259,0
EMP00124,23,Male,Operations,Senior Analyst,4.12,65231,51.1,7.8,On-site,6.32,7,2.33,64.5,7,13.0,7.14,3.83,5.43,7.02,24.0,13.0,0.425,0
EMP00125,39,Male,Engineering,Junior Dev,3.82,40000,48.9,9.3,Hybrid,7.06,7,3.23,68.4,3,14.6,6.47,6.06,4.91,6.72,44.6,2.7,0.666,0
EMP00126,52,Female,Engineering,Tech Lead,3.23,87026,44.6,4.8,Full Remote,7.42,9,3.75,56.8,2,11.4,6.22,8.99,7.1,5.9,8.8,7.3,0.4471,0
EMP00127,27,Female,HR,Analyst,4.36,79171,62.2,14.0,Hybrid,8.21,5,3.54,73.0,6,14.9,8.34,4.43,6.99,5.0,38.2,3.1,0.4451,0
EMP00128,30,Male,Sales,Senior,2.57,56688,40.6,25.9,On-site,9.35,8,3.61,58.2,3,12.8,5.36,3.29,6.07,6.61,4.9,11.5,0.3433,0
EMP00129,35,Female,Finance,Analyst,0.91,84931,56.6,5.5,Hybrid,8.24,7,3.55,73.9,4,6.4,7.92,5.24,8.0,6.16,1.0,12.8,0.3334,0
EMP00130,30,Male,Engineering,Junior Dev,7.3,94652,35.0,8.2,Full Remote,6.4,10,2.91,75.8,2,3.8,6.54,2.88,5.62,7.43,0.8,14.7,0.2351,0
EMP00131,22,Female,Engineering,Senior Dev,0.1,51334,51.5,9.1,Hybrid,7.2,6,1.45,82.4,3,6.6,7.16,6.16,2.85,5.49,95.1,4.5,0.4747,0
EMP00132,35,Male,Finance,Analyst,1.37,67466,56.5,7.9,On-site,8.3,9,3.48,65.9,2,5.2,6.91,4.33,5.38,4.69,45.9,8.1,0.3418,0
EMP00133,26,Female,Engineering,Tech Lead,3.92,111918,35.0,5.3,Hybrid,6.69,6,3.32,89.8,8,2.5,6.48,6.89,5.91,8.76,3.0,6.7,0.3388,0
EMP00134,38,Female,Operations,Analyst,1.67,56959,46.1,10.8,Hybrid,8.82,8,2.3,92.0,5,16.1,6.79,6.72,7.48,5.05,44.2,5.3,0.5296,0
EMP00135,27,Female,Engineering,Senior Dev,0.1,76666,50.7,15.1,On-site,5.62,5,2.96,72.0,3,19.7,6.21,3.17,4.57,3.87,34.9,2.9,0.5333,0
EMP00136,47,Female,Engineering,Senior Dev,0.2,40000,47.0,18.5,Full Remote,7.5,11,4.21,66.4,6,9.3,8.25,8.33,7.41,7.74,7.9,5.1,0.4167,0
EMP00137,28,Female,Customer Support,Analyst,3.14,40000,48.0,9.0,Hybrid,8.45,15,3.34,85.2,3,14.5,6.39,3.39,5.28,4.4,6.4,10.4,0.4493,0
EMP00138,32,Other,Sales,Senior,10.05,78937,46.1,1.7,Hybrid,6.63,6,3.65,76.2,7,20.3,7.28,4.57,5.58,5.88,10.6,2.7,0.3384,0
EMP00139,41,Female,Finance,Manager,2.41,105699,36.2,16.6,Full Remote,7.29,7,2.64,60.1,1,15.0,6.76,3.37,5.03,6.01,13.5,3.9,0.2816,0
EMP00140,25,Female,Engineering,Junior Dev,2.12,40949,63.9,6.8,Full Remote,8.82,11,3.97,80.5,4,7.3,5.13,2.64,4.89,7.09,2.9,3.0,0.5549,0
EMP00141,36,Female,HR,Analyst,1.15,76864,41.0,5.1,On-site,6.97,6,5.0,76.1,7,11.5,6.83,5.16,5.08,8.62,69.8,3.4,0.5292,0
EMP00142,45,Male,Finance,Analyst,0.89,65607,48.5,14.2,Full Remote,4.81,10,3.92,69.5,7,5.7,6.38,6.68,8.76,4.35,62.5,3.4,0.6602,0
EMP00143,22,Female,Sales,Senior,0.1,98827,39.8,22.3,Full Remote,8.17,9,3.85,61.2,7,7.5,5.11,1.88,5.91,4.57,28.4,2.6,0.5835,0
EMP00144,36,Male,Operations,Senior Analyst,0.96,44554,35.0,6.0,Full Remote,6.7,9,3.7,50.2,3,8.3,8.62,4.47,5.21,6.03,12.7,2.9,0.3334,0
EMP00145,37,Female,HR,Analyst,1.79,85751,37.6,34.3,Full Remote,8.78,10,2.97,72.6,4,0.4,7.11,6.29,2.3,4.39,51.0,5.8,0.57,0
EMP00146,41,Female,Sales,Manager,0.66,58657,35.0,5.1,Hybrid,7.49,7,4.27,85.8,1,12.1,9.13,6.45,5.12,2.64,3.5,4.0,0.4834,0
EMP00147,25,Female,Marketing,Associate,0.27,80575,53.7,25.6,On-site,8.0,7,3.4,79.4,4,3.2,6.77,5.42,4.98,4.01,48.9,2.5,0.6448,0
EMP00148,24,Male,HR,Analyst,3.79,76723,40.1,14.8,Full Remote,9.61,13,4.88,93.1,4,11.5,7.12,4.71,7.27,8.08,26.3,3.0,0.3568,0
EMP00149,39,Male,Engineering,Senior Dev,6.75,68705,40.9,2.0,Full Remote,6.3,5,4.93,69.6,1,13.8,5.97,4.14,5.47,4.02,39.5,8.1,0.5747,0
EMP00150,37,Female,Sales,Senior,8.28,86945,36.5,8.5,Hybrid,8.91,8,3.07,67.2,4,14.5,5.03,4.45,6.25,8.57,60.9,8.7,0.2133,0
EMP00151,37,Female,Sales,Director,2.89,76091,45.8,27.8,Hybrid,8.69,10,4.11,78.0,5,13.0,4.14,2.61,6.05,4.78,15.5,1.6,0.5433,0
EMP00152,37,Male,Sales,Senior,0.16,71679,39.3,8.6,Hybrid,9.21,8,3.03,85.3,5,14.3,7.92,6.39,3.47,6.67,17.0,6.2,0.4122,0
EMP00153,29,Male,Operations,Manager,4.05,66089,52.9,2.2,Full Remote,6.95,7,4.43,75.9,5,19.2,5.76,4.81,5.95,7.48,6.9,10.1,0.469,0
EMP00154,36,Female,Marketing,Associate,0.35,76939,47.4,6.6,On-site,8.52,7,2.8,87.0,4,18.4,8.97,3.98,6.63,4.76,2.8,6.9,0.2388,0
EMP00155,37,Female,Customer Support,Analyst,3.32,80551,40.4,9.8,Hybrid,9.4,10,3.69,78.0,3,10.6,2.5,3.29,8.05,5.58,8.1,22.1,0.3567,0
EMP00156,29,Male,Sales,Associate,4.53,50271,51.8,9.3,Hybrid,5.7,7,3.92,52.2,7,8.2,7.34,3.85,5.77,6.64,55.3,1.1,0.4703,0
EMP00157,49,Male,Sales,Senior,3.88,66263,45.1,17.5,Full Remote,7.02,13,4.12,74.4,3,21.8,7.92,4.56,5.42,5.47,37.5,6.5,0.4909,0
EMP00158,38,Male,Operations,Analyst,9.1,48620,45.2,1.1,Full Remote,9.94,9,2.68,74.5,4,11.2,5.62,3.75,8.16,5.48,62.7,6.6,0.2562,0
EMP00159,25,Other,Marketing,Associate,4.02,74003,35.0,23.9,On-site,7.66,9,3.87,44.9,1,9.8,8.13,5.89,7.93,4.82,4.9,12.5,0.405,0
EMP00160,40,Male,Marketing,Senior,3.54,60191,44.4,4.2,Full Remote,7.67,6,3.67,85.4,3,17.5,6.07,5.86,5.17,7.26,0.4,4.7,0.3467,0
EMP00161,27,Male,Engineering,Senior Dev,0.91,94269,47.6,4.4,Full Remote,7.2,12,2.59,77.3,2,14.9,6.67,4.65,5.93,4.79,6.3,2.6,0.4293,0
EMP00162,41,Male,Sales,Associate,7.76,91818,55.7,4.1,Hybrid,9.31,7,4.43,83.4,4,18.0,5.43,4.22,5.11,5.56,4.3,2.4,0.4546,0
EMP00163,44,Male,Sales,Associate,0.59,51931,39.0,25.5,Hybrid,8.26,7,4.79,86.9,3,13.4,7.36,4.17,6.17,6.19,0.3,2.7,0.5481,0
EMP00164,28,Female,Customer Support,Manager,7.06,74942,63.2,5.8,Hybrid,5.4,5,3.55,30.0,7,18.6,7.68,3.09,5.5,6.64,32.6,1.5,0.441,0
EMP00165,42,Male,Sales,Associate,1.12,90962,49.5,5.2,Hybrid,8.46,11,3.39,61.9,2,9.6,7.12,4.64,7.03,6.92,21.5,8.0,0.2924,0
EMP00166,38,Male,Operations,Senior Analyst,0.42,70617,35.0,0.1,Hybrid,9.39,10,3.21,92.1,4,8.5,5.78,1.77,6.07,6.05,17.4,2.6,0.2597,0
EMP00167,41,Male,Finance,Senior Analyst,5.26,56794,38.2,16.5,Hybrid,9.66,6,5.0,59.8,1,6.4,7.14,4.44,6.86,5.65,32.5,6.3,0.3801,0
EMP00168,50,Male,Sales,Senior,0.1,47689,56.4,23.0,On-site,8.95,8,4.25,68.5,7,22.2,6.73,3.0,4.33,4.94,41.1,5.1,0.4535,0
EMP00169,33,Male,Marketing,Associate,5.35,96356,54.9,3.0,Hybrid,5.77,13,2.93,85.8,7,7.0,6.05,4.17,5.05,3.34,14.2,5.9,0.4608,0
EMP00170,28,Female,Operations,Analyst,0.91,97567,45.1,27.1,Hybrid,8.74,12,2.23,57.7,4,9.4,8.75,4.14,6.25,3.7,11.9,2.9,0.3679,0
EMP00171,27,Female,Operations,Senior Analyst,6.48,69801,46.2,21.8,Full Remote,7.11,5,3.16,61.2,3,13.8,6.37,3.65,5.37,8.07,25.3,8.8,0.3287,0
EMP00172,28,Female,Engineering,Senior Dev,3.53,94153,35.7,2.8,On-site,3.45,5,3.16,72.9,4,15.0,5.55,3.85,4.66,7.44,57.3,3.6,0.4703,0
EMP00173,34,Female,Sales,Associate,3.29,40000,55.6,12.8,Full Remote,8.09,8,3.7,55.3,3,19.2,6.66,7.55,8.75,5.57,52.6,9.1,0.2989,0
EMP00174,37,Female,Sales,Associate,1.36,108188,37.1,12.0,Hybrid,4.37,7,3.54,77.0,4,8.0,5.75,5.9,8.27,3.87,26.8,5.6,0.4827,0
EMP00175,37,Male,Engineering,Tech Lead,0.18,71076,51.8,5.1,Hybrid,7.35,5,4.42,79.1,2,0.9,4.35,6.16,4.67,7.02,29.4,9.6,0.5006,0
EMP00176,41,Female,HR,Analyst,5.32,78544,55.8,16.0,Hybrid,8.57,9,1.33,68.0,3,14.6,6.78,4.05,6.67,8.77,17.0,2.9,0.3235,0
EMP00177,35,Female,Operations,Senior Analyst,0.56,66987,45.4,17.5,Hybrid,7.38,7,3.93,70.9,0,23.6,9.02,2.43,6.71,8.16,35.8,6.5,0.1344,0
EMP00178,46,Female,Sales,Senior,1.4,109892,52.7,24.9,Hybrid,6.83,2,4.22,82.1,7,12.9,7.23,3.36,4.01,4.29,35.6,6.7,0.5348,0
EMP00179,32,Female,Finance,Manager,2.75,48481,59.8,4.6,Full Remote,4.35,16,2.06,65.9,5,10.9,7.24,4.11,4.54,5.53,37.1,5.5,0.6413,0
EMP00180,56,Male,HR,Senior Analyst,1.97,111861,47.1,11.3,Hybrid,8.88,6,2.81,63.5,2,20.5,2.33,4.22,4.3,6.47,11.1,6.9,0.5103,0
EMP00181,40,Female,Sales,Senior,0.66,84906,43.6,6.3,On-site,7.65,6,3.11,72.3,5,13.8,7.72,6.4,7.26,2.61,2.5,8.6,0.4391,0
EMP00182,28,Female,Engineering,Manager,0.45,90566,44.5,0.9,Full Remote,7.9,9,3.91,67.0,3,7.4,6.25,7.93,5.51,4.85,111.8,24.1,0.4615,0
EMP00183,26,Other,Finance,Senior Analyst,0.39,66769,39.1,14.6,Full Remote,5.57,7,3.17,58.1,0,3.9,7.05,7.29,6.03,6.27,25.4,6.0,0.771,1
EMP00184,38,Male,Operations,Analyst,5.96,42294,38.9,9.6,Hybrid,5.02,4,3.47,67.6,3,0.4,3.35,4.0,4.41,4.52,33.4,5.4,0.6954,0
EMP00185,33,Male,Finance,Analyst,0.1,98262,48.5,3.2,On-site,8.95,5,2.87,50.6,4,7.3,7.69,6.77,5.66,6.17,14.2,3.7,0.4771,0
EMP00186,40,Male,Engineering,Tech Lead,11.32,82785,43.7,11.2,Full Remote,7.56,11,3.55,81.5,8,14.0,7.33,3.57,2.29,4.46,6.1,11.5,0.2928,0
EMP00187,38,Female,Engineering,Tech Lead,0.66,109040,47.6,3.9,Full Remote,7.52,8,2.99,85.1,4,13.2,5.52,6.09,6.08,6.16,39.0,9.9,0.4636,0
EMP00188,34,Male,Engineering,Senior Dev,0.35,70155,35.0,11.1,Hybrid,6.47,7,2.8,78.2,4,3.5,8.72,4.06,6.5,6.28,27.0,5.9,0.2745,0
EMP00189,28,Male,HR,Senior Analyst,2.58,64519,44.3,1.8,Full Remote,7.11,6,3.61,89.1,6,13.4,5.54,3.2,7.24,4.56,23.1,1.9,0.3966,0
EMP00190,22,Other,Operations,Senior Analyst,0.25,109702,53.2,3.2,Hybrid,6.82,10,4.19,74.8,4,10.4,8.15,7.54,6.68,7.7,10.4,4.8,0.4474,0
EMP00191,31,Male,Engineering,Senior Dev,2.77,122797,36.0,5.6,On-site,8.82,12,3.71,86.0,6,24.6,9.19,5.74,5.17,4.06,26.3,14.8,0.3601,0
EMP00192,41,Female,Operations,Senior Analyst,5.7,75233,45.1,12.3,Full Remote,8.91,7,3.32,75.6,4,9.2,7.57,3.38,8.27,4.54,15.1,2.4,0.1333,0
EMP00193,36,Male,Marketing,Associate,0.15,56181,35.0,7.9,Hybrid,6.4,5,4.31,88.8,7,1.5,7.38,3.06,7.29,6.65,10.7,11.7,0.2901,0
EMP00194,25,Female,Finance,Manager,4.83,95263,35.0,18.5,Hybrid,8.36,5,3.13,55.3,4,19.2,5.96,5.4,3.07,5.57,26.8,1.9,0.4605,0
EMP00195,36,Female,Customer Support,Senior Analyst,1.5,68649,51.5,21.4,On-site,8.02,7,3.44,69.5,3,15.2,8.38,4.03,6.89,5.76,28.8,9.1,0.5798,0
EMP00196,38,Female,Engineering,Senior Dev,0.52,89981,42.5,11.3,On-site,7.68,8,4.44,92.1,6,19.2,6.66,5.25,4.71,8.32,0.9,6.2,0.321,0
EMP00197,27,Female,Customer Support,Analyst,0.58,68518,59.6,10.4,Hybrid,6.29,13,3.16,89.4,2,10.1,6.09,2.53,7.24,5.82,17.6,7.1,0.3784,0
EMP00198,36,Male,Engineering,Junior Dev,7.53,114100,48.5,1.9,Hybrid,5.49,5,3.07,63.9,2,22.9,7.0,4.31,7.33,4.67,32.6,2.6,0.6018,0
EMP00199,35,Male,Sales,Senior,0.35,57512,49.2,22.0,Hybrid,5.71,7,4.09,62.4,3,13.8,7.08,8.4,2.75,4.06,7.6,2.4,0.6596,0
EMP00200,25,Male,Operations,Senior Analyst,6.05,87013,36.4,1.6,Full Remote,5.35,13,2.7,50.4,4,8.6,7.48,3.5,4.2,7.2,23.0,7.3,0.4886,0
EMP00201,37,Female,Customer Support,Senior Analyst,2.36,62782,41.9,25.3,Full Remote,9.39,4,4.46,61.6,10,14.4,7.78,3.73,7.58,5.54,2.5,7.8,0.2189,0
EMP00202,39,Female,Marketing,Senior,0.12,67962,39.1,2.3,On-site,9.63,6,1.95,63.2,2,7.1,5.84,3.14,7.55,5.22,20.3,9.2,0.2526,0
EMP00203,43,Male,HR,Senior Analyst,1.87,64698,36.5,6.6,Hybrid,6.94,11,3.56,48.9,2,8.8,5.64,3.98,8.03,6.7,14.8,2.8,0.2821,0
EMP00204,43,Female,Finance,Manager,5.1,93465,50.3,10.8,Full Remote,8.8,11,2.98,89.7,4,5.0,5.74,3.13,7.18,3.39,6.0,3.6,0.3439,0
EMP00205,23,Male,Operations,Analyst,3.89,97959,51.9,14.2,On-site,7.78,8,3.77,60.9,6,9.8,9.24,7.0,6.58,5.32,28.7,3.7,0.5641,0
EMP00206,27,Female,Engineering,Senior Dev,2.01,88943,48.2,5.7,Hybrid,8.8,10,4.67,90.6,4,16.2,6.3,5.03,7.1,6.77,17.9,1.9,0.179,0
EMP00207,39,Other,Operations,Senior Analyst,5.9,72300,38.4,6.2,Full Remote,8.35,7,2.57,57.3,4,10.2,8.56,4.68,7.61,7.07,19.0,11.1,0.1989,0
EMP00208,39,Male,Marketing,Senior,0.38,78504,47.6,7.2,Full Remote,6.63,14,2.38,90.3,5,14.8,8.25,2.87,7.2,5.82,0.6,6.8,0.4369,0
EMP00209,39,Female,Marketing,Senior,7.22,97443,35.0,12.1,Full Remote,7.05,5,4.42,63.6,5,15.0,7.09,3.1,7.02,5.33,23.6,5.1,0.2167,0
EMP00210,65,Male,Sales,Senior,5.62,98232,55.6,8.3,On-site,8.99,4,3.32,72.9,4,13.9,4.53,4.94,2.77,2.98,0.5,2.5,0.5648,0
EMP00211,39,Female,Marketing,Director,3.7,40000,35.0,9.1,On-site,6.93,11,3.43,65.5,5,9.0,7.0,4.39,4.68,7.11,0.3,2.6,0.4402,0
EMP00212,44,Female,Customer Support,Analyst,5.11,68194,36.0,9.0,Full Remote,4.45,8,3.29,61.3,3,7.6,5.65,6.11,3.58,7.91,2.8,9.4,0.4465,0
EMP00213,42,Male,Marketing,Senior,2.35,69393,45.9,20.0,On-site,9.56,8,3.21,67.1,3,10.8,7.48,3.83,8.47,6.95,9.2,17.6,0.3632,0
EMP00214,40,Male,Customer Support,Analyst,3.37,91731,46.6,14.6,Hybrid,7.39,5,2.77,58.4,7,19.6,8.16,4.41,6.58,5.61,29.6,5.0,0.3846,0
EMP00215,32,Male,Engineering,Junior Dev,2.47,73330,44.4,8.7,Hybrid,7.92,7,3.31,68.2,5,18.3,5.66,5.08,5.13,2.81,3.6,4.6,0.5583,0
EMP00216,41,Female,Finance,Analyst,1.32,92979,36.1,23.6,Full Remote,7.59,8,2.83,77.7,8,15.6,4.8,2.93,4.35,5.48,82.4,14.9,0.4697,0
EMP00217,28,Female,Operations,Analyst,2.52,48033,54.1,1.4,Hybrid,8.08,10,4.3,81.4,4,7.3,8.33,6.22,3.63,7.71,25.8,4.5,0.4123,0
EMP00218,33,Male,Finance,Manager,0.89,81501,35.0,3.0,Full Remote,4.23,6,3.06,67.1,3,11.7,6.42,6.08,5.22,6.15,40.7,11.5,0.3505,0
EMP00219,31,Female,HR,Manager,1.74,97505,35.0,2.8,Full Remote,7.31,11,4.55,80.5,3,18.6,7.18,6.62,6.87,3.33,7.0,18.5,0.33,0
EMP00220,35,Female,Marketing,Associate,0.99,40000,44.1,16.8,Full Remote,9.51,7,4.04,73.6,1,12.1,7.16,6.16,7.41,3.4,23.1,7.0,0.5176,0
EMP00221,53,Male,Operations,Senior Analyst,0.39,137841,35.0,3.6,Full Remote,6.65,5,2.7,67.7,4,16.9,7.5,5.22,6.51,4.2,38.5,3.7,0.4984,0
EMP00222,22,Male,Operations,Senior Analyst,1.17,104772,54.8,14.5,On-site,9.11,13,2.65,80.2,5,7.3,8.41,5.59,4.54,5.73,17.8,5.6,0.4631,0
EMP00223,40,Female,Engineering,Tech Lead,5.73,75033,35.6,13.0,On-site,8.99,8,3.32,72.7,4,6.8,6.87,3.65,7.34,7.31,49.7,0.4,0.3719,0
EMP00224,22,Female,Operations,Senior Analyst,1.44,54289,57.5,15.8,On-site,4.67,7,2.91,47.0,6,7.2,6.31,2.11,6.58,7.7,17.4,6.9,0.5051,0
EMP00225,31,Male,Sales,Associate,4.14,70622,53.3,7.4,Full Remote,5.27,12,2.91,91.1,2,3.7,3.75,5.27,7.46,8.12,14.7,2.9,0.5465,0
EMP00226,43,Male,Sales,Manager,0.58,77095,54.9,6.5,Hybrid,6.08,14,4.17,73.7,4,7.7,5.81,8.57,4.62,5.54,5.6,8.2,0.6109,0
EMP00227,35,Male,Operations,Senior Analyst,1.66,86016,60.1,6.8,Hybrid,7.18,6,3.72,67.0,3,11.4,6.51,5.18,4.04,6.82,55.9,6.5,0.5797,0
EMP00228,26,Female,Sales,Senior,0.37,112516,45.6,16.3,Hybrid,4.4,10,4.48,36.4,5,12.0,5.56,7.44,6.82,6.76,25.6,6.3,0.5947,0
EMP00229,29,Male,Operations,Manager,0.45,63097,36.9,4.3,Full Remote,7.87,4,2.64,72.1,5,7.9,4.25,6.34,6.18,6.32,19.0,8.1,0.5334,0
EMP00230,40,Male,Sales,Director,2.88,89067,44.2,2.7,Hybrid,6.82,8,2.03,58.0,9,10.1,4.69,7.22,7.94,7.8,13.5,5.8,0.4615,0
EMP00231,29,Female,Engineering,Senior Dev,2.81,42689,40.5,7.2,Full Remote,7.12,5,2.92,70.9,7,3.8,7.02,3.84,4.63,4.84,17.6,10.7,0.4377,0
EMP00232,36,Female,Marketing,Senior,0.72,64659,39.3,5.1,On-site,5.53,6,4.36,61.4,6,17.4,8.29,5.1,6.43,5.78,47.1,0.6,0.5861,0
EMP00233,35,Male,Engineering,Manager,1.93,84417,46.2,4.7,Hybrid,6.95,9,3.0,80.3,5,10.3,4.91,4.8,6.45,7.56,2.1,1.7,0.3858,0
EMP00234,29,Male,Operations,Analyst,5.97,92281,42.5,7.6,Hybrid,8.36,4,4.81,76.4,3,11.6,7.44,4.69,3.21,5.59,12.8,3.9,0.1634,0
EMP00235,52,Female,Sales,Associate,0.57,56169,39.0,16.2,Hybrid,7.8,3,3.07,48.1,10,3.3,6.93,6.96,6.17,4.27,14.4,3.3,0.4219,0
EMP00236,40,Male,Sales,Associate,0.1,63980,43.0,9.4,Full Remote,7.95,6,3.97,68.5,4,15.6,6.09,6.15,8.23,4.64,10.6,2.3,0.3324,0
EMP00237,22,Male,Engineering,Tech Lead,3.17,111513,49.4,9.5,Full Remote,7.25,4,3.48,88.6,11,13.3,8.07,3.3,4.64,7.49,23.6,3.1,0.3777,0
EMP00238,36,Female,Sales,Manager,0.16,104047,52.7,7.0,Full Remote,7.29,8,1.93,33.8,2,10.7,7.68,4.15,5.45,4.28,10.6,4.2,0.5004,0
EMP00239,29,Male,Operations,Analyst,11.73,80211,35.0,6.2,On-site,6.68,10,2.97,77.7,2,7.7,5.42,3.7,8.9,7.62,0.8,2.3,0.3694,0
EMP00240,41,Female,Engineering,Manager,2.82,40000,42.6,17.5,Full Remote,7.08,8,3.88,68.2,4,14.2,8.34,5.58,7.24,3.51,97.4,17.8,0.5734,0
EMP00241,28,Female,HR,Senior Analyst,1.91,137778,43.9,11.3,Hybrid,8.68,12,3.46,53.9,6,6.9,5.17,4.49,6.5,7.74,7.6,6.3,0.3,0
EMP00242,34,Male,Customer Support,Manager,1.69,74501,35.5,11.3,Full Remote,6.25,12,3.15,81.8,8,17.7,8.49,4.52,5.83,4.49,7.9,5.9,0.265,0
EMP00243,39,Male,Finance,Analyst,2.55,67185,44.0,5.4,Full Remote,5.29,7,3.37,54.4,4,18.9,6.45,6.15,4.93,4.49,61.4,15.5,0.5387,0
EMP00244,41,Female,Operations,Senior Analyst,0.28,61941,46.2,8.2,Full Remote,7.49,9,3.62,52.9,0,7.2,6.83,3.81,8.34,8.37,6.0,7.8,0.2798,0
EMP00245,25,Female,Engineering,Senior Dev,7.98,84409,49.2,4.0,Hybrid,7.89,11,1.32,70.8,4,14.0,5.65,3.13,8.82,7.28,10.4,7.2,0.3186,0
EMP00246,32,Female,Sales,Senior,2.95,84664,45.6,3.7,Hybrid,7.5,14,3.05,27.1,5,7.3,5.87,4.18,6.51,5.1,48.6,6.6,0.4,0
EMP00247,31,Female,Operations,Senior Analyst,0.61,98765,38.0,32.1,Hybrid,9.27,6,2.85,71.3,2,3.1,8.06,2.71,4.39,7.79,77.3,8.8,0.2363,0
EMP00248,29,Male,Finance,Manager,2.48,51848,61.1,8.4,Full Remote,6.77,5,4.05,61.8,5,8.9,8.13,4.26,4.13,4.8,6.8,21.6,0.3804,0
EMP00249,49,Female,HR,Analyst,0.43,67187,51.6,6.4,Full Remote,5.57,5,4.11,68.8,5,10.6,7.09,5.39,7.31,6.31,21.1,10.4,0.5379,0
EMP00250,38,Male,Finance,Manager,0.1,125763,49.4,13.7,Hybrid,9.07,15,3.64,69.3,5,6.1,8.13,4.48,5.78,5.68,81.1,5.5,0.3262,0
EMP00251,24,Male,Sales,Associate,2.99,80614,53.0,8.2,Full Remote,7.84,7,3.59,76.3,2,13.3,4.99,4.42,8.9,8.2,7.6,2.8,0.3687,0
EMP00252,42,Male,Engineering,Junior Dev,3.14,70686,47.0,17.8,Full Remote,8.63,5,1.89,52.5,2,13.6,9.38,4.94,7.82,7.14,41.4,3.6,0.2316,0
EMP00253,51,Male,Operations,Analyst,2.63,51459,55.3,14.0,Full Remote,8.29,5,2.77,70.0,1,19.8,4.97,6.09,7.31,5.79,2.8,7.9,0.5358,0
EMP00254,43,Female,Finance,Analyst,0.61,87648,45.5,14.4,Hybrid,9.69,7,3.22,77.1,3,15.1,4.22,3.87,4.96,4.21,20.7,11.5,0.4285,0
EMP00255,22,Male,Marketing,Senior,2.77,100775,45.0,4.0,Hybrid,6.57,8,3.41,77.6,4,18.2,7.3,4.35,5.79,5.03,4.2,5.7,0.5829,0
EMP00256,31,Male,Operations,Manager,0.17,96864,50.1,4.8,Full Remote,5.4,6,3.5,80.8,4,10.9,7.97,5.98,7.83,6.46,85.4,1.4,0.3829,0
EMP00257,45,Male,Sales,Senior,2.82,68529,57.6,26.5,Hybrid,9.65,5,1.94,68.5,8,14.5,5.93,1.51,5.1,5.04,33.5,2.1,0.4842,0
EMP00258,29,Female,Sales,Senior,2.42,84031,57.1,7.7,Hybrid,3.83,7,4.28,74.2,4,14.0,5.3,6.04,5.82,4.46,23.8,9.2,0.6405,0
EMP00259,38,Female,Operations,Senior Analyst,3.19,116791,49.7,10.4,Hybrid,8.07,11,2.68,54.8,2,7.7,7.61,6.26,7.73,3.73,20.3,7.6,0.5512,0
EMP00260,41,Male,Operations,Analyst,6.78,101772,49.1,10.7,Full Remote,6.82,6,1.69,75.7,1,12.9,7.46,3.77,6.92,5.76,18.6,18.4,0.4147,0
EMP00261,27,Male,Marketing,Associate,5.7,55395,50.6,11.8,Hybrid,8.24,9,4.13,64.3,4,15.3,7.25,3.87,4.97,8.3,19.5,3.6,0.4364,0
EMP00262,34,Male,Engineering,Senior Dev,11.84,40000,52.9,19.6,Hybrid,7.08,10,2.77,55.2,2,12.7,9.05,4.89,7.49,7.82,54.2,12.2,0.2574,0
EMP00263,22,Female,Engineering,Senior Dev,11.22,82419,55.4,31.5,Full Remote,6.08,4,4.05,71.3,4,12.6,8.64,5.45,6.14,7.48,9.3,8.2,0.6767,0
EMP00264,26,Female,Finance,Senior Analyst,4.44,94964,43.1,4.5,Hybrid,6.4,9,2.11,84.8,2,7.7,6.13,6.02,4.02,7.12,8.2,3.7,0.6616,0
EMP00265,32,Female,Sales,Senior,9.4,47769,55.5,6.2,Hybrid,8.64,7,3.18,74.9,3,21.9,6.32,3.72,5.82,6.22,28.1,0.4,0.3329,0
EMP00266,25,Female,Operations,Senior Analyst,6.06,74780,47.7,5.3,On-site,2.68,7,2.73,88.6,5,8.6,8.01,4.7,4.21,4.35,19.6,3.9,0.6707,0
EMP00267,48,Male,Customer Support,Senior Analyst,3.9,68407,50.2,11.5,Full Remote,5.9,10,3.81,51.2,4,10.2,5.92,5.62,5.14,3.65,9.5,7.1,0.5315,0
EMP00268,23,Female,Operations,Manager,0.24,77607,56.1,16.3,Full Remote,8.9,13,2.79,78.0,3,19.0,5.17,4.58,6.58,5.63,28.9,21.0,0.3465,0
EMP00269,31,Female,Sales,Associate,0.15,61382,51.0,17.8,Hybrid,7.77,6,3.81,45.5,3,19.5,5.41,8.19,5.25,3.1,16.7,6.7,0.4048,0
EMP00270,36,Male,Operations,Senior Analyst,5.45,107262,52.3,2.9,Hybrid,7.9,11,3.16,78.7,3,10.8,7.73,5.31,7.92,6.38,16.3,9.6,0.3792,0
EMP00271,46,Male,Sales,Senior,2.02,78699,41.9,12.9,Hybrid,7.5,8,2.97,62.1,4,11.7,5.64,4.17,5.57,4.96,4.5,4.2,0.4163,0
EMP00272,23,Female,Engineering,Manager,5.06,53024,57.0,26.8,Hybrid,4.4,12,4.22,74.8,7,17.3,9.75,4.53,3.0,2.03,3.9,3.4,0.7196,1
EMP00273,44,Female,Engineering,Junior Dev,1.13,97936,50.6,1.8,Hybrid,6.62,6,5.0,49.0,1,17.3,6.72,2.58,7.47,8.3,39.1,6.8,0.2009,0
EMP00274,35,Male,Sales,Senior,1.52,43395,46.0,20.7,Hybrid,3.57,10,3.21,52.4,4,13.8,5.17,6.4,5.18,8.02,19.7,8.1,0.669,0
EMP00275,27,Female,Customer Support,Analyst,3.61,107112,53.8,3.0,Full Remote,9.14,11,2.88,59.7,2,15.3,3.46,7.12,5.7,5.31,12.0,5.3,0.4761,0
EMP00276,38,Female,Engineering,Senior Dev,7.41,99776,65.7,1.3,Hybrid,7.38,9,3.39,77.9,5,13.3,5.38,7.77,5.5,4.02,52.4,7.4,0.7847,1
EMP00277,36,Male,Engineering,Junior Dev,0.28,109744,35.6,1.4,Hybrid,8.34,5,3.59,85.1,0,0.5,6.93,6.59,3.73,5.16,42.1,1.8,0.3732,0
EMP00278,30,Male,Customer Support,Analyst,5.93,71043,38.6,11.2,Full Remote,8.39,12,2.06,70.7,5,16.3,7.69,5.37,4.08,5.8,32.9,15.3,0.3264,0
EMP00279,35,Male,Engineering,Senior Dev,4.73,62597,66.5,29.3,Full Remote,8.89,11,2.69,48.4,2,5.4,8.72,5.64,4.58,4.97,15.5,2.0,0.5424,0
EMP00280,31,Female,Operations,Analyst,1.14,77100,48.4,2.6,Full Remote,8.61,8,2.3,79.8,2,6.7,8.27,3.59,6.1,5.36,10.1,4.0,0.4185,0
EMP00281,35,Male,Sales,Associate,1.32,72889,46.5,1.9,Hybrid,6.64,13,2.58,59.6,8,10.8,7.4,3.51,4.63,3.44,11.3,1.6,0.5004,0
EMP00282,40,Male,Engineering,Senior Dev,0.14,58681,44.1,3.7,Full Remote,4.74,7,4.66,68.6,6,9.2,5.83,4.69,6.78,3.53,46.6,0.8,0.5717,0
EMP00283,47,Female,Customer Support,Analyst,0.1,61159,54.7,3.9,On-site,8.63,10,1.67,82.0,6,8.9,9.29,7.97,4.93,4.88,23.7,3.5,0.4669,0
EMP00284,25,Female,Engineering,Manager,1.94,65840,65.9,10.4,On-site,7.56,9,3.8,81.9,7,22.3,7.79,2.45,6.19,7.02,10.9,7.7,0.4726,0
EMP00285,52,Male,Marketing,Senior,0.3,45749,39.7,10.5,On-site,7.3,6,3.2,59.8,6,17.6,8.03,6.69,5.94,3.95,8.1,5.2,0.5388,0
EMP00286,22,Male,Sales,Manager,0.65,91949,44.2,16.5,Hybrid,5.38,7,3.69,49.3,7,13.9,6.35,5.59,6.8,5.94,16.6,1.3,0.6384,0
EMP00287,33,Female,Engineering,Senior Dev,5.63,73692,42.2,10.5,On-site,8.7,6,2.57,85.0,4,17.1,6.99,7.29,7.32,3.39,30.4,10.5,0.4083,0
EMP00288,39,Female,Engineering,Manager,2.54,67290,50.9,19.8,Full Remote,7.31,8,3.13,76.4,0,20.6,8.35,6.07,5.11,5.76,55.9,5.5,0.3514,0
EMP00289,37,Female,Engineering,Senior Dev,3.01,47241,54.8,3.7,Hybrid,9.48,14,4.48,79.1,4,7.4,6.14,6.76,7.06,4.88,36.0,4.1,0.4744,0
EMP00290,30,Male,Engineering,Senior Dev,0.62,45990,58.0,7.0,Hybrid,7.04,13,3.14,62.2,0,9.9,5.92,4.16,7.88,6.97,10.1,3.9,0.4058,0
EMP00291,33,Female,Operations,Senior Analyst,5.29,123397,51.1,9.2,Full Remote,6.69,13,4.63,51.5,4,14.1,8.64,3.97,5.0,6.92,45.4,7.7,0.4303,0
EMP00292,31,Female,Marketing,Manager,6.07,59318,65.2,2.4,Full Remote,8.14,8,1.32,69.8,4,12.2,4.71,3.23,5.23,5.96,3.9,1.3,0.4667,0
EMP00293,30,Female,Sales,Senior,2.22,90263,40.4,14.3,Hybrid,7.51,5,3.93,90.6,4,10.0,6.04,6.25,7.91,5.84,24.6,6.8,0.3809,0
EMP00294,41,Female,Sales,Associate,7.31,79065,38.3,5.5,Full Remote,5.73,8,3.53,65.2,5,17.1,3.93,3.17,5.87,7.08,50.6,5.3,0.4844,0
EMP00295,37,Male,Customer Support,Analyst,5.59,40000,56.8,2.1,Hybrid,9.5,8,2.35,91.5,2,10.8,7.34,5.05,5.96,3.84,10.3,22.7,0.3845,0
EMP00296,29,Male,Customer Support,Senior Analyst,3.94,119811,46.0,5.5,On-site,8.35,15,4.23,63.0,5,5.5,7.82,3.64,5.74,5.62,6.7,8.7,0.1242,0
EMP00297,42,Female,Finance,Senior Analyst,3.97,92102,35.0,5.3,Full Remote,7.25,4,2.9,92.4,5,19.0,6.24,5.4,4.4,4.84,16.8,1.5,0.5513,0
EMP00298,37,Female,Operations,Analyst,0.33,55808,42.5,3.8,Hybrid,6.14,8,3.69,75.8,5,19.7,7.16,7.04,7.21,3.24,1.2,4.9,0.6063,0
EMP00299,41,Female,Sales,Senior,0.95,74290,47.0,7.5,Hybrid,6.19,9,2.71,77.7,3,22.0,6.48,3.86,8.5,7.32,10.4,4.3,0.2208,0
EMP00300,40,Male,Sales,Senior,0.21,46270,39.8,5.9,Full Remote,3.9,6,3.09,56.8,4,21.8,6.62,3.91,6.81,6.15,17.2,16.1,0.5754,0
EMP00301,28,Female,HR,Manager,0.1,120655,36.9,5.6,On-site,8.62,10,4.06,60.9,9,10.7,8.14,2.85,5.4,7.39,54.2,4.1,0.2942,0
EMP00302,30,Female,HR,Analyst,0.52,52308,43.3,14.0,On-site,8.07,9,5.0,60.7,4,10.2,3.92,5.4,2.98,5.52,38.3,5.5,0.6995,0
EMP00303,40,Male,Marketing,Associate,6.37,61922,36.5,26.5,Full Remote,7.64,9,2.78,76.1,7,2.6,6.24,5.98,6.44,8.5,9.9,1.1,0.5709,0
EMP00304,39,Male,Sales,Manager,0.82,56760,50.1,7.4,Full Remote,8.89,4,4.5,71.2,4,7.2,9.15,3.92,6.44,7.25,17.9,6.0,0.1341,0
EMP00305,34,Female,Customer Support,Senior Analyst,10.54,77009,35.0,30.9,On-site,8.1,4,4.57,77.2,6,13.8,5.02,5.88,3.96,6.13,120.0,7.1,0.5151,0
EMP00306,35,Female,Operations,Analyst,2.73,109257,45.7,5.9,On-site,9.43,11,4.01,52.9,3,4.3,8.39,2.74,6.82,5.23,25.1,4.7,0.2911,0
EMP00307,45,Female,Sales,Manager,0.81,119734,49.2,3.8,Hybrid,9.01,9,4.11,69.9,4,14.9,8.4,7.5,5.39,5.59,28.9,3.5,0.2664,0
EMP00308,30,Female,Finance,Senior Analyst,2.06,65025,44.3,12.4,Full Remote,9.59,7,2.93,68.4,3,14.2,7.03,8.95,4.51,7.29,7.3,6.4,0.5721,0
EMP00309,39,Male,Sales,Senior,0.74,84456,53.7,7.1,Hybrid,9.49,7,2.72,87.1,4,8.2,6.72,2.49,3.57,4.88,2.7,1.6,0.4406,0
EMP00310,33,Male,Engineering,Manager,12.4,77047,35.0,20.8,Full Remote,7.57,10,3.12,73.6,6,14.9,5.01,6.23,7.18,2.77,1.0,8.2,0.5952,0
EMP00311,33,Female,Sales,Director,5.64,50459,39.4,3.0,On-site,7.71,16,3.71,80.0,4,15.3,5.45,4.83,9.31,2.21,42.8,3.9,0.2762,0
EMP00312,43,Female,Sales,Senior,0.1,135563,42.4,5.1,On-site,8.97,9,3.26,91.8,2,6.6,6.74,3.65,6.1,4.66,0.1,5.2,0.3573,0
EMP00313,41,Female,Engineering,Junior Dev,8.86,109068,50.7,23.2,Hybrid,7.69,10,2.9,46.7,3,9.6,6.88,3.43,7.27,7.35,45.6,7.9,0.4338,0
EMP00314,41,Female,Operations,Analyst,3.83,79727,46.7,5.0,Full Remote,7.71,10,2.94,72.9,1,13.3,6.3,3.59,8.07,5.71,42.7,2.1,0.413,0
EMP00315,45,Male,Sales,Associate,0.26,114546,62.1,17.8,Hybrid,8.77,16,3.26,70.0,3,7.2,6.86,4.06,7.09,4.21,11.2,4.6,0.5521,0
EMP00316,35,Female,HR,Analyst,3.33,105302,38.6,6.4,Full Remote,7.85,8,4.19,58.1,5,0.0,6.93,7.58,3.49,6.46,5.4,6.7,0.4078,0
EMP00317,40,Male,Engineering,Senior Dev,3.12,77046,35.0,8.6,Full Remote,6.05,3,2.64,80.9,2,13.1,6.39,4.12,6.38,9.05,3.9,14.1,0.2614,0
EMP00318,32,Male,Engineering,Manager,0.74,83149,59.3,9.7,Hybrid,9.51,3,3.95,94.7,2,7.7,3.35,5.45,5.42,6.71,5.0,5.6,0.5427,0
EMP00319,37,Male,Operations,Manager,4.26,112803,35.0,7.9,Hybrid,5.31,7,3.92,66.1,4,3.9,5.36,6.78,7.64,3.38,9.9,1.3,0.4598,0
EMP00320,33,Male,HR,Senior Analyst,0.27,51346,50.5,8.0,On-site,6.87,11,3.08,80.3,6,6.7,7.47,6.78,5.08,2.89,13.7,4.0,0.4487,0
EMP00321,35,Male,Customer Support,Senior Analyst,2.02,116842,37.2,7.1,On-site,8.53,15,3.74,88.2,2,4.4,4.58,6.75,6.59,6.97,9.3,2.3,0.4297,0
EMP00322,39,Male,Customer Support,Analyst,0.1,69372,35.0,13.5,Hybrid,9.44,9,4.45,62.0,4,10.2,5.98,5.85,2.2,5.27,1.5,11.3,0.5352,0
EMP00323,28,Male,Sales,Associate,10.4,113116,42.0,3.6,Hybrid,9.16,8,3.24,51.3,4,20.1,6.73,2.2,4.92,5.06,14.2,2.2,0.3389,0
EMP00324,51,Male,Sales,Associate,4.18,74869,52.2,9.1,Hybrid,6.85,7,2.88,91.4,3,17.1,6.72,4.64,5.67,3.86,51.0,8.7,0.5758,0
EMP00325,26,Female,Operations,Senior Analyst,0.52,83440,35.2,21.3,Full Remote,6.13,7,2.73,71.7,4,13.5,7.28,3.5,5.84,3.18,25.8,10.5,0.5463,0
EMP00326,25,Male,Customer Support,Analyst,1.25,74142,49.6,5.0,Hybrid,3.8,7,2.82,74.3,6,9.6,5.61,3.42,8.06,6.65,1.1,6.9,0.5429,0
EMP00327,44,Male,HR,Manager,0.53,61703,51.1,9.9,Hybrid,8.66,11,4.13,85.4,6,13.2,7.96,4.52,8.72,4.28,47.8,1.1,0.6001,0
EMP00328,41,Female,Operations,Senior Analyst,4.37,68248,35.0,3.0,On-site,7.9,10,3.45,60.8,6,15.8,7.39,4.81,6.62,7.57,2.5,8.0,0.3173,0
EMP00329,39,Female,Operations,Analyst,0.18,109477,43.2,9.1,Hybrid,7.58,5,2.22,66.0,3,17.8,3.7,2.73,6.46,8.83,6.4,2.4,0.5165,0
EMP00330,40,Female,Sales,Associate,5.51,40000,57.6,4.2,Full Remote,8.12,7,4.5,79.4,5,8.2,6.98,2.28,4.92,6.06,2.7,3.0,0.4388,0
EMP00331,34,Male,HR,Senior Analyst,8.55,44025,50.2,0.7,Full Remote,6.94,8,3.36,55.7,5,2.0,6.34,4.06,5.54,7.36,47.5,10.1,0.3909,0
EMP00332,27,Female,Operations,Manager,3.39,56863,42.9,15.1,Hybrid,5.69,9,3.88,85.9,7,21.5,7.28,3.41,4.85,9.08,18.0,5.1,0.3919,0
EMP00333,35,Male,Finance,Senior Analyst,0.72,48041,48.3,7.9,Full Remote,6.16,8,3.98,60.1,2,18.4,5.22,3.92,7.77,5.53,28.8,0.6,0.3658,0
EMP00334,29,Male,Engineering,Senior Dev,1.34,112749,39.5,6.8,Hybrid,9.38,6,2.83,53.4,6,12.0,6.73,3.47,6.78,6.57,9.4,5.4,0.3932,0
EMP00335,42,Male,Sales,Senior,1.95,106441,53.9,18.3,Full Remote,5.85,12,2.52,73.4,4,9.3,6.45,4.82,5.84,4.82,91.1,7.3,0.5252,0
EMP00336,33,Female,Engineering,Senior Dev,2.78,89800,53.9,17.2,On-site,8.25,7,2.73,43.6,3,9.0,3.86,2.65,5.67,6.8,11.4,5.5,0.4919,0
EMP00337,28,Male,Engineering,Manager,3.31,59054,46.0,11.0,Full Remote,7.19,8,3.34,69.0,3,8.7,5.31,4.33,6.27,5.26,38.9,0.6,0.4204,0
EMP00338,32,Male,Customer Support,Senior Analyst,2.42,108376,46.8,11.1,Hybrid,7.9,8,3.85,71.0,5,3.8,6.71,4.1,5.97,4.15,17.0,2.3,0.3417,0
EMP00339,38,Male,Engineering,Senior Dev,1.3,40000,37.0,8.1,Full Remote,9.19,5,4.99,86.3,2,10.4,6.81,4.75,4.74,3.57,1.5,2.3,0.3317,0
EMP00340,30,Female,Engineering,Senior Dev,6.65,128549,35.0,6.2,Hybrid,7.28,6,4.22,46.8,1,11.1,7.04,4.15,5.27,5.79,26.5,5.1,0.454,0
EMP00341,28,Female,Sales,Senior,0.25,57884,42.0,2.5,Full Remote,7.95,11,1.93,79.8,2,6.3,5.98,4.79,5.19,4.65,23.0,5.8,0.3438,0
EMP00342,36,Male,HR,Analyst,1.88,68449,44.3,9.9,Hybrid,8.45,8,3.38,89.5,1,12.1,8.92,3.77,2.3,5.53,30.6,11.9,0.2546,0
EMP00343,36,Female,Marketing,Associate,4.48,64266,53.5,22.5,Hybrid,7.88,3,1.68,55.6,4,17.1,6.73,4.59,5.09,3.81,41.7,6.7,0.5712,0
EMP00344,30,Female,Engineering,Senior Dev,0.19,48172,52.4,11.7,Hybrid,7.65,7,4.27,79.2,6,9.2,6.19,3.69,5.62,5.11,19.1,4.9,0.3828,0
EMP00345,31,Female,Engineering,Manager,3.67,123127,46.5,9.5,Hybrid,6.6,8,3.34,71.3,4,17.6,5.91,5.61,6.14,7.64,1.0,3.2,0.4215,0
EMP00346,36,Male,Engineering,Senior Dev,5.14,94722,54.5,4.0,Hybrid,7.2,7,3.53,56.0,2,13.7,5.06,5.71,5.96,4.86,10.1,3.5,0.5887,0
EMP00347,23,Female,Marketing,Associate,3.24,105386,37.5,6.3,On-site,8.37,5,3.31,66.7,1,13.4,7.08,4.89,6.12,6.46,0.5,6.0,0.4107,0
EMP00348,23,Male,Sales,Manager,0.1,44408,53.6,13.1,On-site,3.65,11,3.56,58.1,2,7.2,8.94,2.66,3.67,4.56,19.5,3.0,0.5563,0
EMP00349,29,Female,Customer Support,Analyst,0.6,79523,38.7,12.7,Hybrid,6.64,10,2.95,58.7,4,19.2,4.58,7.34,7.55,4.91,4.1,4.2,0.4708,0
EMP00350,33,Male,Marketing,Associate,1.26,88025,54.9,8.9,Full Remote,6.91,6,3.58,53.8,4,13.7,5.89,4.54,4.73,4.34,20.9,10.4,0.6159,0
EMP00351,37,Male,Engineering,Junior Dev,0.8,81768,44.9,17.2,On-site,6.25,8,2.74,58.7,3,14.4,8.61,2.85,8.53,2.67,83.1,1.1,0.4058,0
EMP00352,46,Male,Finance,Senior Analyst,9.86,45990,35.0,13.9,On-site,6.38,8,3.73,46.3,6,16.9,7.06,2.96,4.82,4.12,45.9,2.2,0.3978,0
EMP00353,41,Female,Sales,Senior,3.16,101887,50.8,7.8,Hybrid,6.82,4,3.72,50.8,5,7.3,7.77,6.02,7.09,6.17,8.6,6.8,0.3785,0
EMP00354,33,Male,Finance,Senior Analyst,1.06,78038,51.5,13.4,Hybrid,6.88,3,3.88,51.0,2,16.2,7.05,5.02,3.91,4.81,6.4,1.1,0.655,0
EMP00355,34,Female,Sales,Manager,7.96,51125,41.3,3.4,Full Remote,8.94,6,3.42,82.0,5,9.8,6.2,3.52,5.37,7.41,83.7,6.1,0.3896,0
EMP00356,26,Male,HR,Analyst,4.05,40000,42.0,16.4,On-site,6.87,2,4.33,88.8,7,9.7,8.15,4.22,6.83,4.06,23.7,8.9,0.3833,0
EMP00357,34,Female,Operations,Senior Analyst,1.0,90166,43.7,6.8,On-site,9.37,6,4.95,67.0,4,12.3,7.48,5.36,6.74,5.41,46.3,3.7,0.3354,0
EMP00358,32,Female,Customer Support,Analyst,1.43,136261,35.0,4.9,Hybrid,9.26,10,2.27,84.6,2,9.5,7.71,4.77,3.34,5.53,0.4,6.4,0.3766,0
EMP00359,37,Female,Sales,Manager,0.67,49618,35.0,2.8,Hybrid,7.5,9,2.49,63.2,2,8.9,3.92,5.79,8.32,5.21,0.4,10.9,0.2618,0
EMP00360,28,Female,Sales,Senior,10.63,79261,55.4,14.6,Full Remote,8.41,8,3.36,66.0,1,8.6,3.14,7.04,6.83,5.59,25.1,3.0,0.435,0
EMP00361,39,Female,Marketing,Senior,2.19,102762,38.4,11.7,Hybrid,5.18,6,3.14,72.8,2,11.1,7.61,5.54,5.42,3.87,9.4,7.4,0.4107,0
EMP00362,47,Male,Customer Support,Senior Analyst,6.79,43258,59.8,23.2,Hybrid,7.07,8,3.88,73.3,3,5.3,7.01,3.72,5.85,2.7,5.4,9.5,0.7187,1
EMP00363,34,Female,Customer Support,Senior Analyst,1.28,63001,56.0,10.0,Full Remote,6.3,9,3.88,82.6,6,8.3,8.2,7.51,3.7,8.48,97.5,8.4,0.5114,0
EMP00364,38,Male,Engineering,Junior Dev,5.92,53496,57.5,11.1,Hybrid,8.91,10,3.74,34.4,1,14.1,4.44,5.02,8.95,4.46,12.6,5.0,0.5792,0
EMP00365,40,Female,Engineering,Tech Lead,0.17,99616,39.8,12.6,On-site,8.89,3,2.17,61.1,5,7.0,4.57,5.48,3.64,5.17,39.4,13.2,0.6093,0
EMP00366,31,Female,Marketing,Associate,12.07,108138,35.0,6.7,Full Remote,7.71,10,3.66,76.6,7,14.0,5.84,2.24,6.85,4.59,62.0,3.7,0.4626,0
EMP00367,36,Male,Engineering,Junior Dev,7.29,78975,36.3,3.5,Full Remote,6.94,7,4.98,83.4,2,20.3,7.22,2.87,5.64,2.79,3.7,1.4,0.3686,0
EMP00368,35,Male,Sales,Senior,1.35,53956,41.4,6.7,On-site,8.49,5,3.91,65.2,4,20.3,6.17,5.03,8.93,5.58,11.6,5.3,0.3637,0
EMP00369,35,Male,Engineering,Tech Lead,4.47,63930,35.0,5.1,Full Remote,9.22,4,3.45,64.6,1,3.5,4.96,5.29,6.22,4.61,2.4,7.0,0.3158,0
EMP00370,28,Female,HR,Analyst,4.19,59237,41.2,12.6,Hybrid,6.1,9,3.99,73.6,4,13.1,3.87,3.3,8.28,6.56,87.2,5.2,0.4391,0
EMP00371,35,Female,Customer Support,Manager,6.95,50568,43.4,5.1,Hybrid,9.15,4,2.81,88.5,4,6.9,7.03,2.64,9.27,6.62,72.1,0.2,0.0973,0
EMP00372,38,Female,Customer Support,Manager,1.1,72449,35.0,1.0,On-site,7.98,8,3.83,80.8,2,6.2,6.3,7.23,7.23,6.06,35.2,13.9,0.3986,0
EMP00373,46,Female,Sales,Senior,1.88,89370,36.7,3.6,On-site,8.52,7,3.48,88.0,2,12.2,5.15,7.95,6.61,3.41,14.2,6.1,0.5597,0
EMP00374,42,Female,HR,Senior Analyst,6.01,87256,43.2,7.8,Hybrid,7.64,8,2.59,84.7,7,17.3,6.16,7.46,7.04,7.19,14.7,3.7,0.4002,0
EMP00375,52,Male,Operations,Senior Analyst,4.52,74794,47.9,3.3,Hybrid,4.21,6,3.7,58.6,2,16.8,5.7,3.76,7.16,5.09,50.5,7.3,0.5901,0
EMP00376,28,Male,Engineering,Senior Dev,1.5,76426,37.9,3.5,On-site,8.33,6,3.54,70.2,4,4.0,5.35,7.01,2.82,6.49,10.0,4.3,0.6892,0
EMP00377,41,Female,Finance,Senior Analyst,5.61,72961,47.3,5.9,Hybrid,7.79,5,4.15,81.5,3,13.4,5.94,5.94,3.09,6.77,8.9,7.1,0.3627,0
EMP00378,36,Female,Sales,Director,0.14,42569,46.1,1.3,Hybrid,3.94,9,3.61,67.1,3,10.5,7.2,5.27,8.03,5.45,8.8,5.1,0.4476,0
EMP00379,52,Female,Engineering,Manager,4.57,79003,45.4,19.9,Hybrid,6.74,10,3.67,90.1,6,4.0,4.69,6.34,7.23,5.97,0.7,5.2,0.5402,0
EMP00380,28,Male,Sales,Director,0.69,60409,39.8,7.7,Hybrid,7.06,11,3.62,76.6,7,15.4,6.52,5.52,6.77,3.98,20.2,0.9,0.3264,0
EMP00381,28,Male,Engineering,Junior Dev,1.01,41316,35.0,11.3,Hybrid,7.62,6,3.61,89.1,5,4.5,7.44,2.85,5.03,3.07,22.0,2.9,0.5481,0
EMP00382,30,Male,Finance,Analyst,2.04,84267,58.6,4.1,Hybrid,4.99,6,4.41,74.6,4,11.8,7.57,1.66,6.79,3.95,2.0,7.6,0.4674,0
EMP00383,22,Male,Sales,Associate,1.79,59706,50.0,9.2,Full Remote,9.49,5,4.07,83.8,2,16.2,4.41,1.38,8.38,6.34,6.3,7.4,0.3518,0
EMP00384,30,Male,Sales,Senior,2.21,80693,53.0,11.6,On-site,8.73,6,2.75,63.6,4,12.5,2.89,5.88,5.04,5.98,14.0,10.6,0.6359,0
EMP00385,28,Female,Engineering,Senior Dev,2.36,96190,44.3,15.0,Full Remote,9.38,11,3.4,94.9,5,11.2,8.87,4.21,6.66,2.8,46.2,1.0,0.283,0
EMP00386,36,Male,Operations,Analyst,1.21,51244,43.7,3.0,Full Remote,7.61,7,2.37,80.8,4,14.5,4.72,4.72,8.03,5.45,64.1,7.5,0.4483,0
EMP00387,37,Female,Marketing,Senior,0.58,77303,48.9,5.4,Hybrid,4.44,6,4.69,70.6,2,14.0,7.48,4.76,6.13,5.02,19.8,7.1,0.5327,0
EMP00388,50,Male,HR,Senior Analyst,4.39,40000,35.0,13.3,Hybrid,7.11,9,2.94,51.7,5,16.5,7.6,4.92,4.95,4.03,3.8,3.7,0.4812,0
EMP00389,42,Female,Marketing,Manager,1.53,113313,36.1,10.1,On-site,9.43,12,2.89,61.3,4,13.0,5.99,4.79,7.19,5.59,19.1,1.2,0.2877,0
EMP00390,30,Male,Sales,Manager,2.11,41023,38.6,8.3,On-site,6.87,6,4.96,69.0,6,16.4,7.32,6.18,9.2,1.85,49.3,4.4,0.3425,0
EMP00391,27,Male,Engineering,Junior Dev,3.1,62129,41.4,2.6,On-site,6.97,16,3.02,50.7,2,16.2,7.22,5.46,6.37,4.2,2.9,4.3,0.3094,0
EMP00392,38,Male,Finance,Analyst,7.21,108459,38.0,16.6,On-site,7.44,3,2.74,58.6,3,16.7,5.6,2.54,4.12,6.12,9.5,2.3,0.3808,0
EMP00393,24,Other,Engineering,Tech Lead,3.69,69136,47.7,1.9,On-site,7.6,6,4.03,74.1,6,2.0,7.11,5.25,8.04,6.19,89.6,7.7,0.3705,0
EMP00394,49,Female,Engineering,Senior Dev,0.14,45065,45.7,10.1,Full Remote,9.46,9,3.49,25.3,6,9.1,5.77,3.96,8.37,5.01,4.1,11.1,0.4754,0
EMP00395,44,Male,Finance,Senior Analyst,5.47,92826,56.1,7.3,Hybrid,9.38,6,2.78,78.0,6,16.6,5.95,4.18,5.85,8.25,69.2,3.5,0.386,0
EMP00396,31,Male,Engineering,Junior Dev,13.63,92263,64.8,3.0,Hybrid,8.89,5,3.77,58.0,9,14.7,5.81,6.59,6.34,6.08,4.2,2.6,0.5462,0
EMP00397,22,Female,Sales,Associate,1.92,59170,35.0,7.9,Hybrid,8.51,7,4.0,60.0,2,12.9,6.9,4.45,5.48,5.75,27.1,10.6,0.4379,0
EMP00398,45,Male,Marketing,Senior,10.48,61876,46.2,6.1,Hybrid,6.86,8,4.19,58.1,4,14.9,6.25,3.87,6.59,7.77,20.6,7.4,0.2662,0
EMP00399,34,Male,Sales,Manager,2.38,64114,46.2,2.5,Hybrid,5.53,4,3.7,53.0,3,16.2,2.83,7.73,7.57,5.53,7.9,6.0,0.5845,0
EMP00400,44,Female,Finance,Manager,1.85,69824,44.9,8.0,Hybrid,8.72,7,4.21,77.9,10,11.5,9.08,4.62,8.29,6.17,31.1,1.9,0.4746,0
EMP00401,22,Female,HR,Senior Analyst,1.21,40000,36.3,12.6,Hybrid,6.01,6,4.18,63.9,5,4.4,4.46,3.13,4.46,7.71,0.4,9.9,0.3551,0
EMP00402,30,Male,HR,Senior Analyst,3.21,70464,37.7,7.1,Full Remote,6.7,10,3.13,81.7,2,22.5,6.44,3.95,5.44,4.73,18.7,16.7,0.4808,0
EMP00403,35,Male,Finance,Manager,0.78,119597,46.9,5.5,Hybrid,8.23,8,4.87,74.1,5,10.8,5.87,4.45,3.17,3.89,1.4,3.1,0.5243,0
EMP00404,35,Female,Sales,Senior,0.33,52600,37.4,13.0,On-site,7.71,4,4.02,78.1,7,12.9,3.74,8.54,3.75,4.65,19.7,7.1,0.6613,0
EMP00405,31,Male,Sales,Senior,0.1,60412,46.3,12.4,Hybrid,9.36,9,4.62,68.4,7,1.7,8.07,4.52,6.16,6.87,24.7,8.3,0.2929,0
EMP00406,39,Male,Sales,Director,1.04,45409,43.0,16.4,On-site,7.41,9,3.39,57.0,4,15.4,3.87,4.0,6.71,5.98,42.8,2.3,0.3882,0
EMP00407,26,Female,Sales,Manager,1.51,90304,46.1,3.1,On-site,6.99,6,4.18,68.0,6,7.8,5.32,6.32,8.73,5.37,16.9,5.7,0.3971,0
EMP00408,33,Female,Customer Support,Manager,2.41,105079,37.4,6.8,Hybrid,6.67,7,3.72,63.6,1,10.1,5.04,7.83,6.2,4.83,5.3,12.8,0.4663,0
EMP00409,35,Male,Operations,Analyst,1.04,104507,46.3,2.8,Full Remote,8.66,6,4.28,85.3,5,11.3,3.98,4.91,8.4,6.3,4.2,1.9,0.3667,0
EMP00410,39,Other,Engineering,Senior Dev,12.42,43799,38.0,6.7,Hybrid,6.95,6,3.16,53.3,2,18.7,6.94,4.73,7.21,4.78,30.4,7.1,0.4104,0
EMP00411,40,Female,Engineering,Tech Lead,1.03,87494,46.3,5.2,Hybrid,9.56,7,3.06,64.3,8,21.2,6.74,1.52,7.4,4.33,95.0,2.2,0.1642,0
EMP00412,26,Male,Engineering,Junior Dev,1.74,110843,55.7,12.9,Hybrid,8.63,6,4.49,89.5,7,13.7,8.59,3.75,5.8,6.83,23.1,6.0,0.3892,0
EMP00413,22,Other,Engineering,Tech Lead,0.33,87741,47.1,18.5,Full Remote,5.0,13,3.69,89.9,1,15.1,7.71,4.96,5.73,6.65,77.2,7.6,0.5658,0
EMP00414,45,Male,Engineering,Junior Dev,0.91,86960,47.6,9.5,Hybrid,8.35,15,4.29,81.4,1,13.6,5.94,3.7,7.48,5.02,20.2,7.0,0.4535,0
EMP00415,37,Male,Marketing,Manager,0.15,63208,51.5,26.8,Full Remote,7.76,9,2.37,68.6,5,9.7,4.86,6.52,6.87,4.9,44.5,3.2,0.6951,0
EMP00416,29,Female,Operations,Senior Analyst,2.46,80502,35.0,3.5,On-site,6.58,15,2.86,65.2,3,3.7,5.44,5.17,5.59,4.09,0.5,6.6,0.471,0
EMP00417,47,Male,Finance,Analyst,4.17,105907,58.8,6.4,Hybrid,4.69,11,3.08,63.7,3,19.0,4.89,4.43,6.22,5.61,19.0,7.4,0.6487,0
EMP00418,35,Male,Engineering,Senior Dev,0.65,83205,36.6,8.8,Full Remote,5.04,7,4.54,77.5,1,13.9,5.9,5.93,5.31,5.5,49.9,8.3,0.4951,0
EMP00419,44,Male,Sales,Senior,1.38,43793,52.0,1.9,Full Remote,3.09,5,4.51,84.9,1,13.5,8.91,3.46,6.63,5.89,17.4,12.1,0.5129,0
EMP00420,35,Male,Marketing,Senior,0.1,63598,51.0,1.7,Hybrid,4.5,10,3.57,76.8,2,18.0,6.22,6.88,7.84,4.81,8.7,7.8,0.548,0
EMP00421,51,Female,Operations,Analyst,5.49,105231,37.8,12.8,Hybrid,6.23,8,3.88,74.8,3,6.7,6.34,2.31,7.66,6.95,85.0,3.7,0.4984,0
EMP00422,49,Female,Operations,Manager,4.54,83118,53.1,15.0,Hybrid,6.28,12,3.63,61.6,3,7.8,6.37,4.65,4.62,2.86,22.5,2.8,0.5673,0
EMP00423,33,Other,Customer Support,Senior Analyst,0.2,77976,49.0,20.6,Hybrid,9.3,4,2.7,77.8,3,12.6,7.13,5.52,2.8,3.45,5.8,2.3,0.389,0
EMP00424,42,Male,Marketing,Senior,1.36,61149,60.1,27.4,Hybrid,4.54,9,3.55,51.1,3,15.3,4.24,7.56,6.02,4.21,36.2,3.1,0.8275,1
EMP00425,40,Male,Finance,Analyst,9.32,104714,46.5,7.3,Hybrid,7.49,11,2.78,69.1,4,14.6,7.0,2.59,7.71,5.43,84.6,13.4,0.3225,0
EMP00426,45,Male,Engineering,Manager,1.49,116560,44.1,2.0,On-site,8.34,3,3.2,32.7,3,16.5,6.13,3.89,2.9,6.19,2.6,3.7,0.4195,0
EMP00427,27,Male,Marketing,Associate,2.24,106579,40.9,6.2,Hybrid,7.36,8,3.32,87.8,5,18.2,8.31,4.65,6.49,7.38,38.0,9.2,0.4439,0
EMP00428,40,Male,Engineering,Senior Dev,1.32,111064,35.0,7.7,Full Remote,5.53,8,4.82,53.7,4,9.0,4.44,5.05,7.94,3.38,11.6,7.2,0.4911,0
EMP00429,43,Female,Sales,Manager,2.72,66032,42.5,8.6,Full Remote,5.25,12,3.63,81.8,3,25.5,9.0,2.7,4.22,4.09,115.7,3.3,0.4879,0
EMP00430,22,Female,HR,Analyst,11.47,62495,42.8,7.5,Full Remote,7.31,11,3.17,56.3,4,8.7,6.98,2.34,7.55,4.58,29.9,4.0,0.2504,0
EMP00431,25,Other,Sales,Senior,17.98,71091,47.1,17.0,Hybrid,7.09,5,3.99,71.6,6,13.9,6.36,7.53,6.45,4.71,11.2,3.2,0.4714,0
EMP00432,22,Male,Engineering,Junior Dev,4.47,75964,35.0,8.1,Hybrid,6.36,6,2.97,62.1,5,11.9,5.25,3.62,4.51,4.52,3.7,6.2,0.4096,0
EMP00433,32,Female,Engineering,Tech Lead,1.55,110775,43.1,23.1,Full Remote,5.37,9,5.0,44.9,10,11.2,6.48,5.22,7.96,4.55,3.4,11.9,0.5218,0
EMP00434,40,Male,Engineering,Senior Dev,2.05,104147,49.6,15.0,On-site,6.39,6,3.84,63.6,4,22.1,7.47,5.62,7.27,8.15,13.9,2.6,0.5372,0
EMP00435,47,Male,Engineering,Tech Lead,1.32,88461,50.4,16.8,Hybrid,6.67,13,1.52,66.4,4,19.2,7.07,6.14,4.16,5.95,66.0,9.9,0.7789,1
EMP00436,35,Female,Engineering,Tech Lead,12.72,40000,35.0,15.5,Full Remote,5.45,8,2.86,79.4,3,13.2,8.56,4.96,6.39,4.81,13.8,4.2,0.4412,0
EMP00437,48,Female,Engineering,Senior Dev,3.69,40000,50.7,11.0,Full Remote,8.04,11,4.94,89.9,4,12.9,7.82,4.6,7.15,4.46,30.2,8.1,0.3609,0
EMP00438,23,Male,Engineering,Tech Lead,1.79,81011,43.0,5.7,Hybrid,7.29,5,3.62,48.5,5,1.2,7.55,2.89,5.54,8.62,3.9,9.8,0.2594,0
EMP00439,22,Male,Customer Support,Senior Analyst,0.1,97006,43.5,14.3,Full Remote,8.44,8,3.12,57.7,3,8.8,5.77,5.51,7.77,5.57,15.5,3.3,0.461,0
EMP00440,34,Male,Sales,Senior,2.2,73010,35.0,2.7,Full Remote,9.51,3,3.82,58.9,4,10.9,8.06,4.42,7.74,8.5,6.6,12.7,0.1524,0
EMP00441,38,Female,Engineering,Senior Dev,12.39,122872,56.9,1.5,Full Remote,7.65,11,2.23,45.8,1,9.8,6.35,6.76,9.64,7.97,5.3,5.3,0.3336,0
EMP00442,34,Male,Marketing,Director,2.22,47938,46.4,7.5,Hybrid,8.2,6,2.72,77.4,5,13.3,7.45,3.32,7.63,5.32,30.0,3.7,0.3316,0
EMP00443,22,Other,Operations,Analyst,0.6,44791,35.0,9.1,Full Remote,8.11,12,2.37,84.5,8,10.7,7.33,5.83,7.23,3.55,10.1,12.6,0.4889,0
EMP00444,34,Male,Finance,Analyst,0.1,58392,48.0,7.7,Full Remote,8.38,5,3.21,68.7,2,13.5,6.37,4.55,6.4,3.99,1.2,4.3,0.4034,0
EMP00445,24,Male,Sales,Senior,1.31,57442,47.8,16.8,On-site,6.91,8,4.79,59.1,2,12.5,7.07,3.98,6.78,4.87,20.3,27.2,0.3002,0
EMP00446,40,Female,Marketing,Senior,7.51,88157,54.8,4.9,Full Remote,7.37,5,3.98,72.1,2,15.4,6.66,7.09,5.18,8.76,24.8,1.1,0.4766,0
EMP00447,37,Female,Finance,Analyst,17.01,64457,42.5,11.4,Hybrid,7.28,10,3.88,46.8,3,13.5,9.65,4.93,5.3,3.54,0.6,3.5,0.4703,0
EMP00448,27,Male,Finance,Senior Analyst,8.72,40000,45.1,5.8,Full Remote,4.51,9,2.97,48.1,1,20.9,8.1,6.68,4.94,4.37,3.7,1.5,0.6689,0
EMP00449,30,Female,Finance,Senior Analyst,3.92,97289,39.9,13.8,Full Remote,7.99,8,4.12,73.0,8,11.7,6.02,5.7,6.73,6.8,9.9,2.6,0.3097,0
EMP00450,26,Female,Operations,Senior Analyst,2.45,40000,49.8,8.2,Hybrid,8.51,13,2.88,57.2,1,18.0,4.36,3.01,6.06,2.46,15.4,7.8,0.5242,0
EMP00451,34,Female,Operations,Analyst,2.68,48219,38.7,5.9,Full Remote,7.87,12,3.34,73.9,5,5.9,7.46,1.86,4.35,4.93,0.8,8.8,0.3497,0
EMP00452,42,Female,HR,Senior Analyst,2.32,40000,37.9,13.6,Full Remote,6.89,12,4.1,50.8,2,8.6,4.19,3.29,8.12,5.39,0.6,8.9,0.399,0
EMP00453,27,Female,Sales,Manager,3.68,80178,44.5,1.6,Hybrid,6.38,6,3.44,69.3,2,5.5,6.95,3.9,6.86,4.42,9.0,14.0,0.4667,0
EMP00454,39,Female,HR,Manager,1.63,79651,35.2,9.6,Full Remote,7.97,10,4.23,86.0,4,21.4,8.29,6.35,8.63,6.59,0.1,1.6,0.4029,0
EMP00455,30,Female,Operations,Senior Analyst,3.32,122911,57.8,14.9,Hybrid,7.43,8,3.34,63.8,2,12.3,7.71,4.45,5.7,7.6,34.2,6.2,0.4361,0
EMP00456,28,Male,Engineering,Junior Dev,0.39,97845,60.4,8.7,Full Remote,9.56,9,4.59,70.3,2,3.7,6.57,6.43,7.1,7.58,24.6,6.8,0.5465,0
EMP00457,34,Male,Customer Support,Manager,0.93,111041,41.4,24.3,Full Remote,7.81,5,3.83,83.5,7,7.0,5.31,4.56,7.47,8.54,69.0,10.5,0.4642,0
EMP00458,26,Male,Engineering,Tech Lead,5.42,82215,35.0,5.6,Full Remote,7.96,5,2.79,67.9,9,14.0,7.3,2.72,5.88,4.88,6.6,13.3,0.2713,0
EMP00459,30,Male,Marketing,Associate,7.02,50576,47.7,4.0,On-site,7.27,4,3.07,74.8,5,9.6,5.93,5.8,4.09,4.55,5.6,13.8,0.5597,0
EMP00460,25,Male,Operations,Analyst,2.32,78202,41.1,5.5,Hybrid,4.32,6,3.32,58.5,5,8.6,6.36,3.97,7.56,5.55,6.6,12.0,0.57,0
EMP00461,50,Other,Engineering,Junior Dev,0.1,89810,54.4,9.4,Hybrid,6.74,7,4.27,92.7,0,5.5,7.12,4.5,6.71,6.15,17.6,3.6,0.487,0
EMP00462,35,Male,Marketing,Associate,7.85,92595,38.7,24.9,Hybrid,5.66,6,4.97,66.7,6,18.1,3.92,4.22,3.18,6.95,12.8,4.1,0.7256,1
EMP00463,29,Male,Engineering,Junior Dev,3.63,63189,49.4,8.6,On-site,9.01,14,2.31,61.7,1,19.2,8.0,5.2,3.38,4.99,28.4,4.6,0.4884,0
EMP00464,36,Female,Sales,Director,1.6,87219,45.9,4.8,Hybrid,5.84,7,3.19,63.6,5,17.6,7.25,5.86,8.25,6.72,6.4,10.4,0.486,0
EMP00465,34,Male,Engineering,Senior Dev,2.74,51674,39.6,3.1,On-site,6.29,7,4.48,56.2,7,19.2,8.73,7.98,8.74,4.61,8.8,6.8,0.4567,0
EMP00466,33,Male,Sales,Senior,1.69,48918,46.9,19.1,Hybrid,7.31,8,3.46,59.6,3,13.5,7.45,5.78,7.04,2.7,27.3,4.2,0.6946,0
EMP00467,39,Male,Sales,Manager,1.88,47105,52.0,2.7,Hybrid,9.61,10,3.38,67.6,3,10.5,8.0,6.26,4.67,5.27,8.3,12.0,0.4089,0
EMP00468,41,Male,Customer Support,Senior Analyst,6.54,75615,45.7,2.4,On-site,8.12,13,3.96,66.0,4,1.9,6.7,4.93,5.42,5.61,11.2,9.6,0.3564,0
EMP00469,30,Male,Customer Support,Manager,0.53,45554,45.8,12.7,On-site,7.54,6,2.42,50.5,3,7.9,7.03,6.95,7.5,3.86,9.8,3.3,0.5352,0
EMP00470,30,Female,Engineering,Manager,0.33,64381,38.0,48.0,Full Remote,5.12,11,3.99,53.2,2,11.7,6.45,3.25,3.79,7.02,31.8,9.4,0.6195,0
EMP00471,32,Female,Finance,Analyst,0.1,97572,54.2,3.1,Hybrid,5.21,7,3.75,61.8,3,14.6,3.74,8.11,6.56,6.75,16.1,10.2,0.6119,0
EMP00472,22,Male,Engineering,Manager,1.13,49271,53.4,9.3,Hybrid,8.5,6,3.66,54.6,3,10.6,6.32,3.03,3.72,5.92,16.4,4.6,0.4861,0
EMP00473,22,Male,Engineering,Tech Lead,0.48,62392,41.7,9.0,Full Remote,9.18,10,4.36,57.8,6,11.7,3.92,3.29,6.54,5.44,27.0,2.4,0.5172,0
EMP00474,45,Male,Engineering,Junior Dev,0.75,76790,44.0,8.2,On-site,7.71,6,3.44,59.1,2,6.2,6.54,5.11,4.05,4.09,25.1,3.4,0.4006,0
EMP00475,48,Female,Customer Support,Senior Analyst,0.1,81172,56.3,10.8,Hybrid,7.9,5,3.53,56.9,4,19.5,5.53,4.45,5.11,7.55,14.4,3.5,0.4267,0
EMP00476,33,Male,Customer Support,Senior Analyst,0.77,62517,35.9,5.9,Hybrid,8.19,9,3.64,76.4,7,12.0,6.15,5.91,6.68,5.41,2.6,1.6,0.4699,0
EMP00477,39,Male,Engineering,Manager,1.21,94671,49.8,2.4,Full Remote,8.68,9,1.86,77.6,4,10.0,6.32,3.63,5.65,6.44,8.2,5.4,0.0298,0
EMP00478,37,Female,Engineering,Senior Dev,0.1,89761,40.5,2.8,Full Remote,8.45,8,4.34,94.8,4,5.2,6.81,4.54,6.6,5.56,0.7,16.6,0.4022,0
EMP00479,59,Male,Engineering,Senior Dev,2.81,103496,59.2,2.7,Full Remote,3.35,12,3.97,59.4,3,19.7,5.97,3.48,6.22,7.45,12.2,5.6,0.5095,0
EMP00480,43,Male,Marketing,Associate,2.52,72959,45.5,3.5,Full Remote,9.52,8,3.93,74.0,3,2.0,6.93,1.99,6.25,5.57,13.5,11.1,0.2389,0
EMP00481,33,Male,Marketing,Associate,0.31,62179,55.1,4.7,Hybrid,8.48,14,3.77,80.6,3,13.4,5.17,5.5,4.99,6.28,57.8,2.2,0.656,0
EMP00482,27,Female,Engineering,Junior Dev,2.71,57934,38.9,3.8,On-site,7.76,11,4.59,82.2,1,9.0,6.03,5.92,6.03,3.08,11.8,8.6,0.3911,0
EMP00483,22,Female,Operations,Senior Analyst,19.83,82675,35.0,8.7,Hybrid,8.67,10,3.67,65.9,3,11.8,6.31,3.22,9.36,7.22,4.2,7.0,0.3817,0
EMP00484,36,Female,Sales,Manager,8.67,65571,43.1,4.4,Full Remote,8.57,4,3.33,46.0,3,11.6,7.5,1.93,6.88,5.28,9.3,2.9,0.1609,0
EMP00485,28,Female,Customer Support,Analyst,0.1,60770,47.1,13.9,Full Remote,8.93,6,2.11,60.8,3,14.5,5.02,5.51,8.1,4.44,8.2,1.0,0.4556,0
EMP00486,23,Female,Finance,Senior Analyst,4.76,63792,40.9,2.1,Hybrid,9.18,10,2.48,65.6,1,12.1,6.32,3.79,4.85,3.91,40.1,2.0,0.3313,0
EMP00487,29,Other,Sales,Associate,1.31,57907,51.1,8.6,Hybrid,6.81,7,3.26,64.0,6,13.8,7.92,3.87,5.01,6.42,30.6,6.4,0.3744,0
EMP00488,26,Other,Operations,Analyst,0.2,79975,43.3,1.4,On-site,8.1,11,3.58,56.6,7,10.2,3.87,5.44,5.97,3.92,1.4,10.6,0.5209,0
EMP00489,48,Male,Operations,Senior Analyst,1.05,40000,35.0,2.8,On-site,8.31,11,3.03,84.2,3,10.6,8.21,5.78,6.37,7.94,6.5,10.0,0.282,0
EMP00490,42,Female,Sales,Associate,1.16,82575,49.4,12.6,On-site,7.51,9,3.32,85.2,5,16.4,7.4,7.09,6.92,5.15,10.9,1.6,0.5542,0
EMP00491,34,Male,Sales,Senior,2.22,91913,37.9,5.7,Full Remote,9.37,6,2.78,78.6,5,13.4,8.11,3.56,6.77,6.3,0.4,14.6,0.2904,0
EMP00492,46,Male,Customer Support,Analyst,3.25,60478,42.1,18.7,On-site,6.07,6,4.26,68.7,4,16.6,5.99,5.77,5.41,5.05,9.3,9.1,0.6063,0
EMP00493,35,Female,Engineering,Junior Dev,4.15,123050,57.4,23.4,Full Remote,6.18,8,3.27,57.9,5,8.1,6.17,4.28,4.76,5.98,42.9,5.3,0.7234,1
EMP00494,28,Male,Engineering,Senior Dev,0.85,75440,59.2,2.8,Hybrid,7.94,6,4.44,79.7,3,11.5,4.91,3.33,2.64,4.4,20.5,2.4,0.5137,0
EMP00495,47,Female,Marketing,Senior,1.16,40000,40.4,7.1,Hybrid,3.51,9,3.29,54.2,5,8.5,5.31,4.17,6.42,8.19,80.1,9.7,0.3596,0
EMP00496,39,Male,Operations,Analyst,1.11,67968,49.6,5.6,Hybrid,4.28,7,3.79,85.2,6,11.5,6.66,4.16,8.73,6.44,16.9,6.3,0.3413,0
EMP00497,26,Female,Operations,Senior Analyst,1.35,76566,40.6,10.2,Full Remote,6.62,4,3.87,60.9,5,7.3,6.1,3.67,9.46,4.26,24.1,20.1,0.4876,0
EMP00498,33,Female,Customer Support,Manager,20.0,86224,42.7,11.3,Hybrid,8.18,8,3.63,73.9,2,8.4,5.8,6.67,3.87,3.84,70.8,4.8,0.625,0
EMP00499,27,Female,Marketing,Manager,4.51,68564,40.2,12.4,Full Remote,9.54,5,2.62,80.6,2,15.9,5.92,7.27,7.72,6.62,20.9,6.9,0.3477,0
EMP00500,23,Male,Engineering,Junior Dev,11.07,49710,35.0,3.0,Full Remote,6.5,7,3.23,80.0,5,7.2,3.51,6.34,3.39,3.14,3.8,3.7,0.5452,0
EMP00501,42,Male,HR,Senior Analyst,3.54,47625,45.8,9.8,Hybrid,6.96,12,1.84,65.3,4,13.1,6.63,4.07,7.33,6.23,61.2,1.9,0.2804,0
EMP00502,50,Female,Operations,Senior Analyst,1.56,58660,47.3,13.2,On-site,4.92,5,4.81,74.2,5,18.2,7.37,3.93,7.47,4.81,5.2,11.1,0.5224,0
EMP00503,23,Male,Engineering,Junior Dev,1.48,61055,39.6,1.4,On-site,6.2,11,1.0,80.1,5,7.5,6.14,3.67,3.16,4.14,3.0,3.8,0.5282,0
EMP00504,39,Other,Engineering,Tech Lead,2.01,46625,53.7,12.7,Hybrid,8.86,15,4.17,75.9,1,16.4,8.34,6.52,7.12,5.38,67.4,7.4,0.6046,0
EMP00505,29,Female,Engineering,Manager,1.62,56679,41.5,9.2,Full Remote,9.12,9,3.59,71.7,6,8.1,5.61,6.04,7.12,3.94,8.2,4.7,0.5428,0
EMP00506,31,Male,HR,Manager,5.29,91486,39.9,4.6,Full Remote,8.52,7,2.11,65.7,4,10.8,5.3,4.26,4.72,4.13,22.6,4.7,0.3319,0
EMP00507,30,Male,Operations,Manager,1.88,116210,49.2,14.9,Full Remote,4.72,6,3.71,73.3,5,17.0,6.08,7.14,3.18,5.39,26.7,10.9,0.6763,0
EMP00508,28,Male,Finance,Senior Analyst,1.05,93886,35.0,7.1,On-site,7.24,14,2.61,76.4,7,6.6,6.93,3.97,4.54,6.65,7.4,22.3,0.4223,0
EMP00509,35,Female,Customer Support,Senior Analyst,4.47,107646,52.3,5.4,Hybrid,7.9,10,3.85,88.5,5,25.1,7.04,3.72,7.33,4.92,69.5,3.7,0.4916,0
EMP00510,28,Male,Engineering,Senior Dev,5.78,99352,41.8,2.6,On-site,6.13,10,3.45,68.5,7,11.6,7.38,2.29,7.39,7.99,56.3,1.9,0.3895,0
EMP00511,37,Male,Customer Support,Manager,1.64,95828,52.9,7.3,Hybrid,6.09,6,3.68,74.2,2,23.0,6.84,7.63,6.09,5.74,8.2,3.1,0.6221,0
EMP00512,34,Male,Operations,Senior Analyst,3.31,66555,55.3,4.6,Hybrid,9.12,6,3.2,75.2,2,20.5,7.58,4.56,4.45,6.17,30.9,5.7,0.36,0
EMP00513,33,Female,Sales,Associate,0.18,78522,50.1,6.5,On-site,7.96,5,4.56,90.7,4,13.7,6.06,6.17,6.34,6.49,35.9,7.9,0.3577,0
EMP00514,27,Male,Customer Support,Analyst,2.26,64484,38.5,31.7,Full Remote,6.9,7,2.69,88.0,8,5.2,8.86,6.01,5.14,8.19,9.7,2.6,0.5425,0
EMP00515,30,Male,Sales,Manager,0.14,69522,35.0,8.1,Hybrid,7.78,12,2.96,71.4,4,15.5,6.28,4.36,5.46,5.24,19.9,6.1,0.6959,0
EMP00516,41,Female,Operations,Analyst,0.1,76704,35.0,18.3,On-site,7.97,10,3.36,53.2,8,6.8,9.17,7.82,4.51,6.97,45.9,4.7,0.5335,0
EMP00517,39,Female,Operations,Senior Analyst,2.85,92839,53.8,7.9,Hybrid,4.92,3,3.42,65.9,7,12.1,5.76,5.66,6.39,5.46,7.7,3.2,0.4028,0
EMP00518,27,Female,Operations,Manager,1.08,85583,43.9,5.3,Full Remote,8.52,6,2.59,66.8,4,11.9,8.06,4.82,5.33,2.65,24.3,1.7,0.331,0
EMP00519,35,Male,Marketing,Manager,4.07,70954,40.2,4.9,Full Remote,8.98,14,1.9,62.6,3,11.5,5.51,3.66,6.7,7.08,15.0,3.2,0.3423,0
EMP00520,41,Male,Engineering,Manager,6.79,76388,43.9,3.6,On-site,6.16,8,3.78,40.0,3,11.3,7.3,8.02,8.9,6.31,8.0,2.3,0.4356,0
EMP00521,22,Female,Marketing,Senior,0.45,85836,53.6,3.3,Full Remote,6.32,3,3.76,82.4,3,9.1,8.71,3.15,3.39,6.69,13.6,1.5,0.4464,0
EMP00522,39,Male,Sales,Associate,3.87,91684,51.2,16.3,On-site,7.02,10,4.86,90.1,3,8.3,5.8,5.48,4.3,6.16,59.3,10.4,0.5697,0
EMP00523,29,Female,Operations,Manager,2.17,40000,48.5,10.7,Full Remote,6.47,10,4.5,72.9,5,9.3,6.07,6.17,8.12,5.93,28.7,10.1,0.3891,0
EMP00524,39,Female,Operations,Analyst,0.36,48065,50.1,3.8,Hybrid,9.68,4,3.55,41.3,5,17.3,6.85,4.52,4.25,5.96,37.4,3.5,0.2616,0
EMP00525,28,Male,Customer Support,Analyst,3.16,102682,46.4,10.4,Hybrid,8.01,5,2.96,83.3,2,5.3,6.29,4.28,8.13,3.87,99.2,8.1,0.2438,0
EMP00526,22,Female,Engineering,Senior Dev,2.82,73478,47.4,10.6,Hybrid,8.99,9,4.4,54.8,4,8.7,6.51,5.48,7.83,6.59,2.1,2.8,0.2446,0
EMP00527,22,Female,Operations,Analyst,2.17,64398,46.8,4.3,Hybrid,7.59,11,2.82,81.1,1,22.0,8.17,3.15,2.45,4.32,118.4,4.3,0.3639,0
EMP00528,35,Male,Customer Support,Analyst,7.83,68412,45.0,19.0,On-site,8.57,9,4.21,68.1,6,11.0,8.48,5.59,6.27,8.2,7.6,1.4,0.3044,0
EMP00529,37,Female,Operations,Analyst,2.21,68407,51.0,8.1,Hybrid,7.7,8,2.35,80.2,0,15.4,7.66,4.55,6.46,5.71,2.6,2.9,0.2881,0
EMP00530,27,Male,Engineering,Senior Dev,13.97,88948,47.9,5.8,On-site,8.61,9,5.0,65.1,4,8.1,5.59,7.36,5.31,7.16,7.1,1.9,0.5436,0
EMP00531,40,Male,Engineering,Tech Lead,2.14,47299,38.0,0.4,Full Remote,7.24,11,2.65,76.1,6,5.7,8.1,6.03,7.74,5.62,28.6,1.5,0.3577,0
EMP00532,22,Male,Engineering,Junior Dev,0.37,75619,49.2,8.5,Full Remote,9.01,8,2.71,82.7,7,14.1,5.37,2.65,5.27,9.39,16.8,1.9,0.3735,0
EMP00533,34,Female,HR,Analyst,1.91,81152,47.0,18.2,Full Remote,8.16,11,1.97,92.4,6,10.2,7.71,5.8,5.74,5.01,1.1,7.9,0.5052,0
EMP00534,25,Female,HR,Senior Analyst,0.6,84906,49.9,16.2,Full Remote,6.16,9,3.18,75.0,3,17.4,5.06,3.26,7.09,3.76,2.1,0.5,0.4606,0
EMP00535,29,Female,Customer Support,Senior Analyst,2.73,80571,44.2,4.9,Hybrid,4.57,4,3.85,67.8,2,9.1,5.36,3.14,6.8,7.36,10.5,5.7,0.3656,0
EMP00536,35,Male,Sales,Director,3.54,87897,51.5,11.8,Hybrid,7.54,5,3.02,55.2,4,12.0,8.09,4.67,6.96,4.29,15.4,0.3,0.4289,0
EMP00537,28,Female,Sales,Associate,1.9,60682,44.5,7.3,On-site,8.25,10,2.79,91.9,7,19.4,6.48,3.43,5.15,6.3,25.5,13.3,0.2662,0
EMP00538,31,Male,HR,Manager,0.31,51454,50.8,33.1,Full Remote,7.88,10,2.34,52.5,4,15.9,4.65,6.33,5.48,4.43,0.5,1.4,0.8416,1
EMP00539,43,Female,Operations,Senior Analyst,1.9,136425,41.3,10.6,Hybrid,8.58,9,3.72,66.3,3,11.8,2.94,2.48,8.64,4.59,2.9,0.8,0.3824,0
EMP00540,30,Male,Customer Support,Senior Analyst,0.25,67468,41.9,4.6,On-site,8.27,12,4.06,65.9,3,13.5,7.33,6.09,8.03,4.34,15.7,1.1,0.5023,0
EMP00541,41,Male,Operations,Analyst,3.44,70388,49.8,1.7,On-site,6.06,9,3.63,73.6,3,16.3,8.06,3.46,4.34,5.35,15.5,2.4,0.2613,0
EMP00542,25,Male,Sales,Senior,4.69,91946,42.3,5.1,On-site,7.5,8,4.05,56.2,6,11.2,4.8,4.52,5.06,2.62,3.8,1.6,0.5807,0
EMP00543,39,Female,HR,Analyst,9.84,114902,62.6,5.0,On-site,8.36,9,2.53,65.2,2,3.7,4.99,3.47,4.97,5.52,3.8,6.5,0.4951,0
EMP00544,46,Male,Operations,Analyst,0.48,61386,49.5,9.0,Hybrid,5.22,8,2.99,41.9,2,3.7,7.65,5.6,7.93,4.89,59.8,8.7,0.4712,0
EMP00545,22,Female,Marketing,Senior,2.28,50029,45.2,16.2,On-site,7.27,9,3.34,58.8,6,12.1,3.94,3.76,8.91,5.91,30.8,6.3,0.3422,0
EMP00546,28,Male,Engineering,Tech Lead,2.51,43946,51.6,2.5,Hybrid,5.07,12,4.52,83.7,3,10.8,9.48,3.99,8.03,3.8,37.8,2.8,0.351,0
EMP00547,39,Male,Engineering,Tech Lead,7.67,114827,41.2,28.1,On-site,8.21,6,4.52,90.2,4,17.0,5.57,3.26,4.63,4.09,7.8,5.8,0.4485,0
EMP00548,33,Male,Engineering,Senior Dev,2.96,49047,52.4,21.9,Full Remote,6.89,9,4.13,51.3,2,18.7,6.55,5.78,4.99,3.78,25.1,1.6,0.5346,0
EMP00549,37,Female,Finance,Senior Analyst,0.47,74311,52.2,29.9,On-site,9.52,6,4.11,61.9,7,15.0,6.86,6.81,9.18,5.66,44.4,5.4,0.4846,0
EMP00550,30,Female,Engineering,Senior Dev,1.72,50567,55.0,7.7,Hybrid,8.82,7,2.87,72.2,7,15.3,7.54,4.19,6.76,8.61,1.8,5.5,0.287,0
EMP00551,35,Male,Engineering,Manager,3.19,40000,41.5,5.1,Full Remote,8.24,7,3.58,76.5,1,19.9,8.96,3.97,6.58,6.71,8.1,8.7,0.0656,0
EMP00552,33,Male,Sales,Senior,3.61,67690,35.2,24.1,Full Remote,8.61,4,2.17,68.4,3,2.5,8.26,6.28,7.01,4.97,31.3,5.0,0.4909,0
EMP00553,44,Male,Marketing,Associate,5.96,51555,40.1,6.8,On-site,8.9,12,4.11,61.3,3,4.6,8.49,6.93,3.85,5.99,43.3,0.6,0.4065,0
EMP00554,37,Female,Sales,Associate,0.6,57709,42.7,21.1,Hybrid,7.6,6,3.3,74.3,4,6.5,8.23,4.87,5.45,6.39,15.9,1.0,0.4767,0
EMP00555,37,Male,Finance,Senior Analyst,9.08,125152,58.3,1.6,On-site,8.94,5,5.0,81.5,7,5.5,8.88,3.19,6.72,7.0,15.4,1.6,0.2235,0
EMP00556,31,Female,Engineering,Senior Dev,0.18,85622,62.6,29.8,Full Remote,9.53,9,3.71,58.5,4,11.3,7.89,4.06,4.64,3.41,38.8,6.2,0.7723,1
EMP00557,31,Female,Engineering,Junior Dev,12.36,98286,47.8,8.2,Hybrid,9.33,7,2.9,89.0,2,13.3,6.07,7.27,5.16,6.75,4.0,2.5,0.4283,0
EMP00558,31,Male,Marketing,Manager,5.85,95616,45.1,2.4,Full Remote,7.26,8,3.28,93.2,5,13.3,7.4,7.08,6.47,3.57,15.6,4.1,0.4531,0
EMP00559,38,Female,Sales,Manager,3.24,72478,42.2,10.9,Hybrid,8.43,8,3.0,74.6,5,14.5,6.36,6.13,6.21,7.25,4.0,1.6,0.5118,0
EMP00560,31,Female,Sales,Senior,3.98,64007,51.6,6.5,Hybrid,8.13,10,3.03,63.6,3,13.5,6.71,4.31,8.7,5.99,6.3,7.2,0.2883,0
EMP00561,37,Female,Engineering,Junior Dev,0.23,81223,62.5,7.3,Hybrid,7.92,9,3.48,66.0,4,11.4,6.82,2.19,8.82,7.89,47.7,2.7,0.2226,0
EMP00562,51,Male,Operations,Analyst,0.13,79211,59.3,6.2,Full Remote,7.53,4,2.71,44.6,6,9.3,8.49,5.36,7.82,6.37,4.9,7.3,0.3614,0
EMP00563,41,Male,Finance,Manager,0.32,60779,54.1,4.6,Full Remote,6.2,10,3.45,83.5,4,4.9,5.96,5.9,7.6,6.33,4.5,4.4,0.4127,0
EMP00564,32,Male,Engineering,Tech Lead,0.27,78246,54.0,8.9,Full Remote,7.22,12,1.92,67.3,5,11.6,7.33,4.61,3.91,5.39,16.0,6.2,0.5949,0
EMP00565,44,Male,Engineering,Junior Dev,2.38,57341,51.7,6.2,On-site,8.39,4,3.63,44.6,6,14.8,5.56,6.36,6.96,4.92,68.9,12.0,0.3971,0
EMP00566,31,Male,Customer Support,Analyst,0.73,70713,44.6,8.9,Full Remote,9.2,11,2.89,91.2,1,17.6,3.28,3.66,4.34,4.24,9.2,1.3,0.4565,0
EMP00567,22,Male,Finance,Analyst,5.9,66617,39.1,5.0,Hybrid,8.9,8,2.42,79.6,6,7.9,8.46,7.2,6.51,4.88,16.9,6.3,0.4005,0
EMP00568,26,Female,Sales,Senior,1.77,43278,44.8,10.3,Hybrid,8.51,12,4.08,66.9,5,23.4,7.94,2.76,7.06,2.99,32.6,1.8,0.2104,0
EMP00569,22,Male,Finance,Senior Analyst,3.57,40000,48.4,9.0,On-site,8.66,5,2.08,55.2,5,16.4,6.55,1.94,4.07,2.74,12.0,4.4,0.2452,0
EMP00570,32,Male,Operations,Manager,3.17,51523,35.0,6.4,Full Remote,8.41,8,4.0,85.8,7,15.4,6.4,2.63,8.21,6.04,5.6,3.1,0.1951,0
EMP00571,35,Male,Operations,Analyst,1.16,120102,43.8,3.9,Full Remote,8.17,8,3.88,67.3,5,13.1,6.8,7.97,8.74,7.69,64.5,5.3,0.3316,0
EMP00572,48,Female,Marketing,Associate,0.84,67257,38.4,6.5,Hybrid,9.87,10,2.79,56.3,4,0.0,5.98,3.8,2.09,5.94,31.5,5.2,0.2637,0
EMP00573,37,Female,Sales,Manager,1.26,94399,53.1,15.0,On-site,5.48,7,3.28,79.9,9,13.9,6.15,5.46,4.71,7.06,17.1,3.9,0.6008,0
EMP00574,33,Female,Engineering,Junior Dev,4.78,40000,40.6,2.9,Hybrid,8.64,7,3.71,82.0,5,10.8,7.78,5.22,4.73,7.33,12.6,9.5,0.3585,0
EMP00575,41,Male,Customer Support,Manager,2.65,49792,47.6,9.5,Full Remote,7.78,6,3.69,64.6,4,18.3,4.86,4.02,4.44,3.06,0.7,7.1,0.4567,0
EMP00576,22,Other,HR,Senior Analyst,0.88,41137,39.4,11.2,Hybrid,4.5,10,4.23,69.9,5,11.8,7.84,6.23,7.2,8.21,1.0,3.2,0.4723,0
EMP00577,36,Male,Engineering,Manager,5.11,69942,57.8,17.2,On-site,9.08,12,4.09,57.4,1,18.0,6.65,4.77,5.76,6.7,21.5,5.6,0.394,0
EMP00578,41,Male,Customer Support,Analyst,0.17,135548,35.0,10.2,Hybrid,8.82,8,4.33,74.6,3,8.6,8.31,4.38,6.75,6.31,26.8,3.9,0.4418,0
EMP00579,23,Male,Customer Support,Analyst,3.6,86505,48.8,4.2,Hybrid,6.44,10,4.42,74.0,5,10.3,8.54,6.31,8.14,2.14,21.5,11.9,0.4487,0
EMP00580,44,Male,Customer Support,Senior Analyst,1.73,117390,35.0,8.1,Hybrid,7.97,6,3.59,78.5,5,10.2,8.15,5.47,3.53,6.19,105.7,11.2,0.4648,0
EMP00581,37,Male,Operations,Senior Analyst,3.94,68639,40.9,8.5,On-site,7.2,9,3.27,81.0,4,14.5,7.73,5.44,5.34,6.49,1.3,1.2,0.3324,0
EMP00582,31,Female,Customer Support,Analyst,7.87,109121,46.6,4.7,Hybrid,8.77,13,3.4,72.6,9,16.7,8.22,6.59,6.79,5.51,38.2,1.9,0.4619,0
EMP00583,40,Female,Engineering,Manager,4.16,126831,47.0,16.3,Hybrid,8.71,8,3.23,44.9,5,11.4,6.34,5.1,7.57,5.43,26.5,6.5,0.3744,0
EMP00584,53,Male,Operations,Manager,1.75,72265,46.8,12.8,Full Remote,8.5,7,4.66,75.7,4,16.3,8.44,3.57,3.74,5.63,21.0,8.2,0.5488,0
EMP00585,36,Female,Operations,Senior Analyst,0.49,61518,46.2,9.8,Hybrid,5.48,8,2.89,80.9,3,13.3,5.38,5.49,3.92,5.39,0.8,5.2,0.7078,1
EMP00586,36,Male,Engineering,Junior Dev,4.93,42054,39.9,12.9,Hybrid,8.92,10,4.41,83.3,3,4.7,5.14,6.27,6.14,4.65,11.7,4.7,0.4326,0
EMP00587,31,Male,Engineering,Tech Lead,1.85,67273,43.7,10.8,Full Remote,8.77,6,3.11,94.2,6,16.5,7.22,7.59,5.52,6.55,9.9,4.6,0.2613,0
EMP00588,28,Female,Customer Support,Senior Analyst,0.23,77047,45.3,4.5,On-site,8.32,9,4.38,89.9,7,5.3,6.0,5.85,5.16,6.99,58.7,3.4,0.4792,0
EMP00589,41,Female,Sales,Senior,3.81,125773,46.6,6.5,Hybrid,8.78,4,4.08,56.1,3,2.1,7.15,4.35,5.78,5.09,1.7,4.1,0.4222,0
EMP00590,28,Male,Operations,Manager,1.04,42625,44.5,2.3,Full Remote,8.86,7,3.47,61.0,6,9.1,8.37,8.3,4.69,5.63,15.6,4.1,0.4587,0
EMP00591,35,Male,Engineering,Junior Dev,0.15,76491,50.8,6.1,On-site,6.56,8,3.71,85.1,4,6.3,3.05,3.47,3.77,4.62,1.7,3.3,0.4896,0
EMP00592,31,Female,Engineering,Junior Dev,6.99,40000,45.7,13.0,Full Remote,7.73,10,2.61,78.8,8,14.0,5.68,3.56,6.62,7.53,44.1,4.1,0.3841,0
EMP00593,38,Female,Marketing,Associate,1.98,64330,46.6,7.3,Hybrid,7.59,8,3.96,67.7,5,14.8,9.22,3.59,3.77,7.75,5.2,0.6,0.4024,0
EMP00594,37,Female,Engineering,Tech Lead,0.99,82784,41.9,10.3,Hybrid,7.2,6,4.26,59.9,8,15.5,4.12,5.03,6.53,3.32,39.7,23.2,0.6339,0
EMP00595,43,Male,Finance,Senior Analyst,3.78,87814,36.6,7.5,On-site,9.17,11,4.57,68.3,3,11.2,5.72,4.09,4.73,7.64,10.8,0.7,0.3022,0
EMP00596,30,Male,Marketing,Associate,6.51,89725,46.2,2.6,On-site,7.21,9,3.24,83.5,6,8.8,7.19,7.31,7.01,7.08,3.0,1.9,0.5991,0
EMP00597,32,Male,Engineering,Junior Dev,0.1,84935,54.7,15.8,Hybrid,7.71,9,5.0,49.7,4,8.9,7.36,3.03,5.68,6.03,19.5,2.7,0.3306,0
EMP00598,27,Male,Engineering,Junior Dev,3.49,89510,48.6,1.6,Full Remote,8.11,8,3.25,82.4,2,11.6,4.93,4.68,6.83,6.35,74.2,1.0,0.5985,0
EMP00599,31,Female,Sales,Associate,4.37,76143,38.5,27.2,Hybrid,9.0,7,3.14,69.4,5,13.3,7.92,6.02,2.95,3.39,10.7,7.4,0.4118,0
EMP00600,38,Male,Engineering,Senior Dev,0.71,48803,51.5,16.0,On-site,4.71,3,3.37,81.0,2,17.2,5.81,3.08,6.56,6.61,19.8,7.0,0.4389,0
EMP00601,41,Male,Operations,Analyst,2.02,40000,42.3,3.1,Full Remote,8.45,6,3.37,48.2,8,4.2,5.24,7.34,6.96,6.49,8.6,3.8,0.5086,0
EMP00602,27,Female,Sales,Associate,0.28,61332,50.7,16.5,On-site,9.14,5,2.35,79.5,3,15.9,7.56,8.27,8.35,6.27,8.5,11.9,0.5712,0
EMP00603,41,Female,Engineering,Tech Lead,4.12,71634,42.0,16.9,Full Remote,6.37,7,2.59,49.3,7,13.3,4.46,5.14,8.58,5.18,28.4,25.8,0.4418,0
EMP00604,45,Male,Marketing,Senior,5.64,106348,47.8,10.8,Full Remote,5.01,10,2.52,74.4,3,22.4,6.83,2.31,8.85,7.42,14.0,6.6,0.4296,0
EMP00605,38,Female,Engineering,Tech Lead,0.34,72484,40.9,2.3,Full Remote,6.66,8,3.69,75.0,3,13.1,6.79,6.26,3.09,4.18,2.6,9.4,0.5738,0
EMP00606,50,Female,Engineering,Junior Dev,5.09,70085,41.1,5.5,Full Remote,6.96,12,4.7,72.4,5,19.7,6.55,4.01,5.32,5.05,18.2,4.9,0.4153,0
EMP00607,28,Female,Engineering,Senior Dev,4.43,84638,35.0,7.8,On-site,7.15,6,2.97,74.1,5,12.3,6.53,4.28,8.31,4.18,8.5,3.0,0.4191,0
EMP00608,25,Male,Operations,Senior Analyst,1.28,68249,49.1,6.7,On-site,8.34,2,3.4,65.2,6,13.7,7.58,3.32,4.73,4.98,62.4,2.8,0.2651,0
EMP00609,22,Female,Customer Support,Analyst,3.52,95263,48.0,19.9,Hybrid,7.44,10,2.85,78.7,3,13.1,8.11,3.67,4.5,4.57,11.2,1.9,0.5854,0
EMP00610,46,Female,Operations,Analyst,0.1,124483,48.4,1.2,Hybrid,9.36,9,4.03,82.2,6,12.2,6.59,2.88,7.87,7.74,4.5,7.3,0.1953,0
EMP00611,40,Male,Sales,Manager,8.06,129769,47.2,5.7,Hybrid,9.08,5,3.71,65.7,5,13.1,8.26,5.45,9.04,6.42,11.2,12.4,0.2768,0
EMP00612,34,Male,Sales,Director,2.4,77426,38.9,1.4,On-site,8.16,10,4.24,52.8,3,17.1,8.73,2.42,5.3,3.18,17.7,10.4,0.2672,0
EMP00613,37,Female,Marketing,Associate,2.91,83422,52.7,3.5,On-site,6.58,4,2.7,60.6,2,18.2,6.76,4.21,2.78,3.11,18.2,9.2,0.6414,0
EMP00614,25,Male,Finance,Analyst,3.28,114471,52.9,15.5,Full Remote,5.74,8,3.47,69.3,1,14.0,8.99,8.04,6.13,8.24,37.1,7.7,0.5889,0
EMP00615,54,Female,Customer Support,Manager,2.47,71250,38.7,12.8,Hybrid,6.4,16,3.31,77.1,2,16.3,6.96,3.79,7.27,5.73,35.0,2.2,0.3995,0
EMP00616,36,Male,Engineering,Junior Dev,5.83,91979,49.3,8.1,Hybrid,5.37,8,3.36,45.0,4,9.6,8.34,6.04,5.84,5.28,100.7,3.9,0.5019,0
EMP00617,35,Male,Engineering,Senior Dev,2.82,46620,52.0,6.8,On-site,9.76,13,4.3,81.9,1,17.5,7.24,2.51,7.04,4.37,32.9,4.8,0.2755,0
EMP00618,40,Male,Finance,Manager,7.15,67229,41.2,4.0,Hybrid,9.48,7,3.04,89.7,1,12.3,6.75,4.7,8.06,3.29,17.6,2.9,0.2423,0
EMP00619,38,Female,Operations,Manager,2.62,103902,42.6,11.6,On-site,7.79,15,3.14,71.4,2,17.4,8.04,4.22,6.38,4.16,11.6,17.7,0.4502,0
EMP00620,36,Male,Operations,Senior Analyst,0.56,57045,49.3,6.5,On-site,5.98,5,2.87,65.7,3,16.4,7.55,4.44,6.12,5.72,18.0,6.8,0.3767,0
EMP00621,28,Female,Finance,Analyst,7.35,71798,35.0,12.6,Hybrid,9.05,7,5.0,69.3,4,7.6,6.31,6.52,2.98,5.67,9.6,4.6,0.5571,0
EMP00622,38,Female,Customer Support,Analyst,3.43,40000,36.3,1.3,On-site,7.19,5,2.74,94.6,2,11.1,5.05,7.31,4.13,6.53,7.0,5.5,0.3908,0
EMP00623,50,Female,Marketing,Manager,3.6,125144,37.1,3.6,Hybrid,9.01,9,3.98,51.2,2,13.1,4.48,5.77,5.64,5.33,5.3,5.5,0.4137,0
EMP00624,45,Female,Customer Support,Manager,12.7,106575,35.0,2.6,Hybrid,6.83,7,2.4,62.3,8,4.4,5.6,7.69,2.42,4.21,54.9,4.5,0.5976,0
EMP00625,47,Female,Customer Support,Senior Analyst,0.23,79702,53.7,5.1,On-site,8.58,5,3.87,86.9,1,4.6,6.21,1.7,7.35,3.69,42.3,5.1,0.4031,0
EMP00626,30,Male,Operations,Senior Analyst,1.68,87687,35.0,11.7,Full Remote,9.14,8,2.58,65.6,2,13.7,9.15,4.63,5.58,4.82,3.3,6.1,0.3439,0
EMP00627,27,Female,Sales,Manager,0.82,84897,47.7,11.3,Full Remote,6.59,10,3.62,45.6,5,8.5,7.58,3.84,5.6,7.61,1.4,3.2,0.3955,0
EMP00628,33,Female,Engineering,Senior Dev,2.99,109607,51.5,6.4,Hybrid,8.7,7,3.75,62.7,3,8.0,4.88,4.76,8.01,6.75,8.4,7.3,0.3336,0
EMP00629,35,Male,Marketing,Manager,4.93,62029,42.7,19.2,Hybrid,9.02,5,3.44,58.1,2,17.4,3.85,3.59,5.28,3.6,60.5,2.6,0.5713,0
EMP00630,43,Male,Marketing,Senior,10.17,93306,39.7,7.6,On-site,6.99,2,4.06,61.2,5,21.9,8.7,4.54,8.13,7.63,0.3,12.6,0.2507,0
EMP00631,22,Female,Operations,Senior Analyst,1.82,101935,46.9,5.3,On-site,7.07,10,3.87,44.8,2,12.9,5.53,4.09,2.47,8.28,14.3,3.3,0.514,0
EMP00632,47,Male,Engineering,Junior Dev,4.63,105383,45.0,10.0,Hybrid,9.04,6,2.95,70.5,8,17.2,6.82,8.03,7.22,4.48,23.2,1.8,0.4105,0
EMP00633,33,Female,Sales,Manager,7.47,40000,53.0,13.2,Hybrid,5.91,8,3.89,80.6,3,18.6,6.82,6.33,6.66,5.26,20.2,4.5,0.5818,0
EMP00634,31,Male,Operations,Senior Analyst,3.45,60018,35.0,11.5,Hybrid,8.34,13,3.68,44.1,4,3.9,7.34,5.14,5.05,4.77,1.3,0.4,0.1639,0
EMP00635,26,Male,Engineering,Junior Dev,0.83,49520,37.7,10.6,Hybrid,4.9,8,4.27,80.0,3,13.9,8.96,5.61,7.72,6.15,2.8,4.8,0.3299,0
EMP00636,22,Female,Sales,Manager,2.81,78739,49.5,8.2,Full Remote,6.57,8,2.34,80.7,3,18.8,4.96,6.28,6.06,4.44,54.4,10.3,0.5307,0
EMP00637,41,Male,Sales,Senior,10.51,40000,45.4,5.5,Hybrid,8.39,7,3.59,55.7,4,17.4,4.73,5.9,9.35,4.47,18.2,2.1,0.2865,0
EMP00638,35,Male,HR,Manager,13.16,40000,51.0,9.5,Hybrid,7.22,7,3.58,77.8,2,14.0,7.86,4.55,8.01,3.05,120.0,3.7,0.5379,0
EMP00639,24,Female,Engineering,Junior Dev,3.08,129252,47.1,10.1,Full Remote,8.45,8,3.2,76.1,3,9.6,6.59,5.24,7.98,5.99,2.7,4.7,0.5037,0
EMP00640,24,Male,Operations,Senior Analyst,6.54,90442,43.9,10.9,On-site,6.49,10,4.35,69.2,2,17.5,7.93,6.34,5.02,3.71,74.7,1.9,0.6801,0
EMP00641,32,Female,Sales,Associate,0.67,78025,42.6,10.5,Hybrid,8.96,10,2.93,74.7,5,12.5,6.72,3.18,5.52,4.34,61.4,1.6,0.254,0
EMP00642,48,Female,Customer Support,Manager,0.85,84091,63.6,4.4,Full Remote,5.65,8,4.07,78.0,7,12.7,7.62,4.23,7.86,5.95,30.7,9.6,0.5152,0
EMP00643,32,Female,Marketing,Associate,9.17,78658,57.3,9.8,Hybrid,6.66,4,2.92,74.5,5,3.1,8.4,7.72,8.04,6.57,3.9,7.1,0.4453,0
EMP00644,22,Male,Sales,Senior,0.44,99933,49.0,21.2,Full Remote,8.12,7,4.56,76.2,5,16.1,7.55,4.39,6.3,3.53,87.2,2.5,0.2591,0
EMP00645,33,Male,Engineering,Tech Lead,0.64,59188,45.6,3.8,Full Remote,7.96,6,3.82,47.2,4,8.4,7.15,5.36,3.87,6.83,4.8,7.2,0.4563,0
EMP00646,32,Female,Engineering,Senior Dev,1.64,79665,49.3,9.9,On-site,6.98,10,2.25,65.9,6,12.0,8.5,7.6,3.23,6.68,33.5,8.2,0.4019,0
EMP00647,22,Female,Marketing,Director,2.67,80685,51.6,0.8,On-site,8.69,9,4.41,86.7,11,11.5,7.49,3.28,7.18,4.87,19.1,3.2,0.2216,0
EMP00648,34,Female,Engineering,Tech Lead,2.78,48828,48.4,5.9,Full Remote,4.76,6,3.95,83.3,6,16.1,8.29,4.9,7.54,3.47,80.2,15.7,0.2245,0
EMP00649,33,Female,Sales,Associate,1.04,106924,39.0,3.4,On-site,9.03,6,3.57,89.9,3,6.4,8.14,4.46,5.45,4.55,14.5,2.6,0.2509,0
EMP00650,40,Male,HR,Analyst,7.6,63858,59.3,22.9,Full Remote,5.61,2,2.99,91.5,8,10.0,7.59,4.76,3.88,5.82,36.6,5.5,0.7268,1
EMP00651,49,Male,Sales,Associate,7.4,100435,47.0,15.4,Full Remote,9.02,8,2.82,77.9,4,10.7,5.88,4.47,4.74,3.43,93.6,4.0,0.4695,0
EMP00652,44,Male,Engineering,Junior Dev,1.49,77872,61.1,15.1,Full Remote,4.25,6,3.9,65.4,4,5.9,9.51,7.52,4.74,6.77,22.5,7.6,0.6151,0
EMP00653,32,Male,Operations,Manager,1.71,115839,46.5,2.8,Full Remote,9.58,12,2.27,54.9,1,18.9,8.85,3.17,7.92,7.85,4.3,8.1,0.1639,0
EMP00654,26,Male,Customer Support,Manager,3.64,48965,43.0,3.0,Hybrid,8.65,6,2.96,79.3,3,12.2,7.62,5.82,3.5,5.09,14.8,10.8,0.3966,0
EMP00655,55,Female,Engineering,Junior Dev,3.26,47881,56.1,4.8,On-site,5.33,7,4.06,56.7,1,4.3,6.32,3.05,6.58,8.32,22.3,8.1,0.3705,0
EMP00656,35,Male,Engineering,Senior Dev,1.45,52357,47.4,10.5,Full Remote,7.7,6,2.37,54.7,2,0.8,7.54,5.11,6.3,4.2,77.4,3.7,0.5276,0
EMP00657,35,Male,Customer Support,Senior Analyst,1.6,78332,46.1,2.6,Hybrid,6.38,7,2.41,68.5,6,14.1,7.19,6.95,5.07,6.65,11.1,7.3,0.4613,0
EMP00658,34,Male,Engineering,Junior Dev,1.28,113536,35.4,5.6,Hybrid,5.8,6,3.92,83.1,2,11.0,6.51,4.05,4.98,5.91,7.5,9.5,0.4668,0
EMP00659,36,Female,Customer Support,Analyst,0.81,114827,50.3,6.4,Full Remote,4.49,8,3.29,56.1,9,14.7,5.57,6.56,5.64,6.49,40.4,11.1,0.64,0
EMP00660,33,Female,Engineering,Senior Dev,1.84,40000,41.1,2.1,Hybrid,5.42,5,4.83,80.0,4,14.0,6.18,4.19,4.5,2.48,46.9,1.5,0.4265,0
EMP00661,30,Female,Operations,Senior Analyst,3.48,81242,41.4,1.8,Hybrid,4.56,6,3.26,70.0,11,8.6,5.51,4.51,5.23,7.64,0.0,14.4,0.4951,0
EMP00662,30,Female,Sales,Senior,4.06,40000,41.1,2.5,Full Remote,7.65,7,2.26,93.1,6,5.0,6.7,4.65,7.84,6.24,4.7,6.2,0.2795,0
EMP00663,34,Male,Customer Support,Senior Analyst,4.53,94875,48.5,3.8,Hybrid,9.58,9,4.41,85.1,4,17.6,5.9,4.02,5.67,6.77,103.8,5.9,0.501,0
EMP00664,30,Female,Sales,Associate,1.41,102954,35.0,15.6,Full Remote,8.89,9,2.44,71.9,7,12.1,7.87,7.55,4.44,5.35,5.4,1.1,0.5421,0
EMP00665,29,Male,Finance,Manager,4.34,73993,43.3,10.4,Full Remote,8.61,9,2.69,71.6,4,3.9,6.54,8.47,4.12,4.74,9.9,6.9,0.6007,0
EMP00666,35,Male,Engineering,Senior Dev,0.1,77099,52.8,4.0,Hybrid,7.61,8,3.23,76.4,4,21.1,3.82,5.27,7.75,7.65,20.9,4.4,0.4197,0
EMP00667,32,Female,Engineering,Tech Lead,1.94,76840,35.0,4.0,Hybrid,8.54,8,3.63,64.2,5,12.5,4.07,5.24,6.18,5.5,3.4,3.6,0.3109,0
EMP00668,47,Female,Operations,Analyst,4.74,55388,46.4,21.8,Hybrid,9.42,4,3.8,62.3,8,4.8,8.02,6.3,8.63,3.77,11.9,5.4,0.4103,0
EMP00669,22,Male,Marketing,Manager,2.98,85792,39.9,24.4,Hybrid,8.84,11,4.27,67.9,4,7.3,4.0,5.74,4.93,9.12,5.2,2.7,0.6177,0
EMP00670,43,Male,Customer Support,Manager,1.93,69214,41.8,5.9,Hybrid,7.39,10,1.44,65.0,5,14.6,6.74,3.11,4.17,4.69,8.0,9.9,0.3052,0
EMP00671,44,Female,Sales,Senior,3.1,98257,58.2,18.0,Hybrid,7.03,12,2.75,82.2,5,5.2,6.43,5.68,5.0,6.73,7.0,3.4,0.7759,1
EMP00672,22,Male,Operations,Analyst,7.12,72159,35.0,2.6,Hybrid,8.57,6,4.35,75.0,3,7.4,4.62,4.69,7.92,7.28,16.7,13.1,0.2046,0
EMP00673,32,Male,Sales,Director,2.51,53474,51.1,15.7,On-site,8.9,13,2.78,65.5,3,9.1,6.77,2.77,6.7,6.05,11.2,10.5,0.4383,0
EMP00674,32,Male,Customer Support,Senior Analyst,4.83,40000,41.2,13.8,On-site,9.31,8,3.46,56.2,8,12.0,6.85,3.5,7.01,5.73,2.7,6.1,0.4115,0
EMP00675,23,Male,Customer Support,Manager,11.85,40000,40.8,19.7,Hybrid,5.38,4,4.58,63.5,1,14.3,8.06,3.92,7.39,3.68,4.7,8.0,0.5949,0
EMP00676,28,Female,Sales,Manager,3.67,107812,36.1,9.8,Full Remote,6.53,4,3.36,80.7,8,12.0,7.49,4.01,4.9,5.34,5.9,5.2,0.3858,0
EMP00677,26,Male,Operations,Senior Analyst,2.56,63555,51.0,0.9,Hybrid,5.54,8,3.29,88.2,3,3.4,7.14,4.25,4.11,6.83,13.5,4.7,0.4666,0
EMP00678,49,Male,Operations,Analyst,0.11,83464,43.5,8.0,Full Remote,7.32,8,3.37,79.1,8,17.3,5.21,6.33,8.77,7.64,44.2,3.0,0.2518,0
EMP00679,42,Female,Engineering,Junior Dev,1.41,119580,42.5,3.9,Hybrid,7.2,11,4.53,71.7,1,12.7,4.03,5.3,6.65,4.2,44.1,4.4,0.5237,0
EMP00680,45,Female,HR,Manager,2.5,60929,45.9,8.8,Full Remote,6.1,10,2.22,73.6,3,5.0,8.58,5.11,3.33,8.45,27.7,9.5,0.4731,0
EMP00681,40,Male,Engineering,Senior Dev,4.79,59313,43.6,2.6,Hybrid,8.5,11,4.93,76.3,3,17.2,5.41,4.75,6.04,8.55,51.0,0.5,0.2373,0
EMP00682,25,Male,Operations,Analyst,1.73,71695,35.0,11.6,Full Remote,9.17,12,3.32,81.1,3,12.7,6.42,5.44,3.23,3.78,50.0,4.8,0.3976,0
EMP00683,30,Male,Engineering,Tech Lead,9.66,75735,41.1,24.8,On-site,5.76,8,3.23,71.9,2,16.0,5.09,7.25,5.43,4.53,20.7,1.0,0.6267,0
EMP00684,38,Female,Engineering,Tech Lead,0.95,122188,52.2,8.2,Full Remote,8.91,12,2.85,62.6,5,10.8,8.82,2.77,3.99,4.87,67.3,2.7,0.4668,0
EMP00685,25,Female,Sales,Associate,4.09,114145,35.0,4.1,Hybrid,9.48,8,2.59,77.4,5,6.2,7.36,4.67,7.72,5.03,0.2,8.3,0.1795,0
EMP00686,40,Female,HR,Analyst,1.63,90521,36.3,20.4,On-site,8.82,7,1.63,37.2,5,8.0,7.4,3.74,6.67,5.74,15.9,12.5,0.3775,0
EMP00687,33,Female,Operations,Senior Analyst,2.0,111235,41.6,11.0,Full Remote,8.07,9,4.47,86.6,2,12.8,6.53,3.71,8.92,7.29,25.0,14.3,0.2983,0
EMP00688,32,Female,Customer Support,Analyst,4.87,70544,39.2,12.1,On-site,9.59,8,1.73,57.8,7,9.6,5.4,4.05,7.11,5.57,33.2,4.8,0.4028,0
EMP00689,40,Female,Sales,Manager,1.05,82479,44.8,4.5,Hybrid,8.24,15,3.46,62.6,3,8.9,5.03,3.81,7.23,5.63,10.8,15.6,0.5145,0
EMP00690,38,Female,Engineering,Senior Dev,0.31,67462,36.3,13.7,On-site,8.88,14,3.15,78.0,3,0.4,4.86,6.11,7.94,6.97,10.1,8.0,0.3687,0
EMP00691,32,Male,Finance,Manager,2.2,42740,41.9,21.6,On-site,9.58,7,3.73,63.6,4,5.7,8.33,4.96,5.09,4.8,25.8,5.3,0.504,0
EMP00692,44,Other,Marketing,Manager,2.26,105096,44.6,21.2,Full Remote,8.93,7,1.9,88.7,1,8.4,6.56,6.73,6.04,5.55,75.6,6.5,0.6274,0
EMP00693,26,Male,Sales,Senior,4.79,88292,50.2,3.4,On-site,7.13,13,2.84,90.2,2,14.7,7.26,8.96,4.09,4.21,22.2,6.6,0.4506,0
EMP00694,39,Male,Sales,Associate,10.36,75451,55.0,7.4,Full Remote,5.66,7,3.88,75.7,4,14.2,8.62,6.57,4.42,5.18,82.3,1.1,0.5547,0
EMP00695,39,Female,Marketing,Senior,0.17,74938,42.9,16.0,Full Remote,8.7,15,3.65,82.5,8,13.9,8.53,6.2,8.84,7.19,25.3,5.2,0.2168,0
EMP00696,32,Male,Sales,Senior,2.69,40000,60.1,2.6,Full Remote,8.93,7,2.97,47.0,2,15.9,4.38,6.6,6.3,5.47,6.3,7.1,0.5485,0
EMP00697,37,Female,Operations,Analyst,3.43,50563,43.5,15.1,Full Remote,4.05,10,3.58,86.6,1,14.6,9.3,8.32,6.41,4.98,88.9,8.2,0.4867,0
EMP00698,24,Female,Marketing,Manager,12.76,83403,51.6,16.1,Hybrid,7.15,10,4.88,50.9,2,6.0,8.92,4.86,6.45,7.85,15.6,4.4,0.3923,0
EMP00699,42,Male,Operations,Senior Analyst,8.57,61772,60.5,5.3,Hybrid,5.61,9,4.37,42.1,2,10.8,7.31,4.1,6.31,4.9,8.2,6.5,0.5322,0
EMP00700,33,Female,Marketing,Manager,3.74,69557,46.1,21.6,On-site,6.27,5,4.28,74.6,3,12.1,8.15,5.1,4.68,6.22,55.3,2.4,0.4909,0
EMP00701,30,Male,Engineering,Junior Dev,2.21,72383,35.0,12.3,Full Remote,7.29,11,3.94,73.7,3,16.0,6.34,6.94,5.02,7.96,31.4,2.3,0.5951,0
EMP00702,43,Male,Operations,Analyst,0.53,57938,45.7,5.5,On-site,7.13,4,3.65,48.8,3,6.7,3.57,4.13,7.39,6.36,38.1,7.8,0.5139,0
EMP00703,29,Female,Marketing,Director,1.45,50802,40.1,3.7,Full Remote,7.81,9,2.95,72.4,5,9.3,7.04,3.87,5.96,5.28,17.4,6.1,0.3967,0
EMP00704,23,Female,Engineering,Senior Dev,2.64,40000,42.8,10.7,Full Remote,8.21,7,3.54,78.7,6,14.2,7.11,7.26,4.37,5.28,0.0,2.4,0.4971,0
EMP00705,22,Female,HR,Senior Analyst,3.88,71337,60.9,2.8,Hybrid,7.55,2,5.0,52.5,6,11.2,3.96,2.71,4.68,6.62,22.7,6.3,0.4361,0
EMP00706,39,Male,Sales,Senior,3.03,90465,35.2,1.4,On-site,9.5,9,4.24,70.1,3,20.3,7.6,4.54,7.94,5.8,27.6,3.8,0.2671,0
EMP00707,24,Female,Operations,Analyst,3.76,40000,47.4,23.7,On-site,8.74,12,3.21,63.0,6,7.1,6.71,2.82,7.77,4.98,26.6,6.6,0.3685,0
EMP00708,49,Male,Marketing,Manager,1.68,74398,38.0,20.8,Hybrid,5.82,4,1.82,77.5,2,16.7,8.2,4.69,7.44,5.01,50.3,12.9,0.5059,0
EMP00709,22,Female,Finance,Analyst,3.9,82028,42.5,11.3,Full Remote,7.26,4,4.11,60.6,0,11.4,6.12,5.08,4.32,5.98,11.9,10.5,0.5408,0
EMP00710,48,Male,Engineering,Senior Dev,0.47,50260,51.0,4.1,Full Remote,4.74,6,4.25,79.6,4,9.8,4.76,6.01,4.65,6.45,69.6,4.0,0.4501,0
EMP00711,36,Female,Sales,Senior,0.53,110553,47.5,8.0,Hybrid,8.27,10,3.07,73.4,5,15.9,7.85,5.48,6.41,7.63,1.8,4.3,0.3073,0
EMP00712,34,Male,Customer Support,Manager,0.53,65357,43.2,10.0,Hybrid,9.51,12,2.97,82.8,4,23.4,4.66,7.54,5.45,4.08,9.4,5.2,0.7134,1
EMP00713,30,Male,Operations,Senior Analyst,6.65,72468,39.8,1.5,Full Remote,4.95,12,1.94,44.3,4,0.0,8.16,7.21,7.54,6.62,1.6,3.3,0.2826,0
EMP00714,38,Female,Engineering,Junior Dev,0.24,70968,47.5,12.4,Hybrid,6.53,11,4.5,82.7,2,8.9,9.21,4.48,4.47,4.86,9.4,16.2,0.5125,0
EMP00715,34,Female,Sales,Senior,4.85,40000,58.7,13.8,Hybrid,8.17,8,3.17,72.9,4,4.6,5.98,2.39,6.24,4.93,16.7,8.0,0.4521,0
EMP00716,43,Female,Sales,Associate,0.8,100218,37.8,7.1,Hybrid,7.24,5,3.71,66.1,3,12.7,5.52,2.9,4.1,7.35,45.3,5.0,0.4715,0
EMP00717,35,Female,Finance,Analyst,1.9,51112,60.3,13.0,Full Remote,5.03,6,2.62,76.8,2,9.7,4.12,6.33,8.79,6.33,4.2,0.6,0.6301,0
EMP00718,36,Female,Operations,Analyst,7.43,69086,54.6,10.6,Hybrid,7.89,13,2.34,84.8,3,15.2,4.24,2.69,4.86,5.4,12.8,16.9,0.3272,0
EMP00719,32,Female,Finance,Senior Analyst,2.65,89941,56.0,9.8,Full Remote,9.14,2,4.7,53.6,3,3.9,8.13,3.74,4.41,4.54,11.2,1.8,0.2621,0
EMP00720,34,Male,Marketing,Associate,0.71,111522,47.5,2.1,Full Remote,5.46,13,3.19,58.3,13,6.1,4.81,4.21,6.5,4.86,1.2,2.0,0.4339,0
EMP00721,37,Female,Operations,Senior Analyst,1.0,48001,54.4,2.4,On-site,9.27,5,2.9,84.6,1,9.4,8.35,4.36,6.28,5.01,18.8,12.1,0.2203,0
EMP00722,22,Male,Sales,Director,7.59,63837,36.9,23.1,Hybrid,8.65,8,5.0,76.5,6,6.7,8.91,2.7,7.58,7.68,25.0,1.5,0.2101,0
EMP00723,24,Female,Engineering,Tech Lead,1.67,109560,39.7,19.7,On-site,7.43,12,4.29,92.9,3,1.0,9.24,3.11,4.69,4.57,1.8,6.8,0.2889,0
EMP00724,40,Female,Marketing,Associate,2.65,86592,51.1,2.6,Full Remote,9.09,10,2.92,81.8,2,10.9,7.29,5.76,7.36,6.28,0.6,6.4,0.4522,0
EMP00725,36,Female,Customer Support,Analyst,1.85,91779,47.4,4.6,On-site,7.41,4,4.09,74.2,1,14.2,6.81,2.82,5.93,8.04,11.3,2.5,0.2761,0
EMP00726,33,Female,Operations,Senior Analyst,1.43,48721,43.8,28.0,Full Remote,9.1,5,2.22,54.3,3,11.0,5.81,2.81,8.21,3.46,3.5,10.7,0.4088,0
EMP00727,35,Female,HR,Manager,0.76,65519,35.0,7.1,On-site,5.33,9,3.24,73.8,4,19.9,3.48,3.93,2.42,6.78,44.3,3.6,0.5929,0
EMP00728,37,Female,HR,Analyst,3.48,70804,41.5,18.5,Hybrid,6.41,15,2.83,78.2,4,11.6,5.7,4.62,3.67,5.75,45.0,3.6,0.4728,0
EMP00729,30,Male,Customer Support,Manager,3.8,53552,35.6,14.8,Full Remote,7.81,5,3.83,90.7,3,14.6,6.32,3.79,8.62,6.17,16.6,7.1,0.1363,0
EMP00730,28,Female,Sales,Senior,0.96,40000,48.9,8.1,Full Remote,4.47,11,4.83,78.1,3,12.4,8.8,7.44,6.21,7.18,9.9,3.3,0.7061,1
EMP00731,36,Male,Sales,Senior,4.67,62237,43.5,7.5,Full Remote,7.52,8,2.14,70.7,5,13.7,6.02,3.76,7.38,8.22,49.3,7.3,0.4319,0
EMP00732,27,Female,Customer Support,Manager,5.78,108857,40.0,15.4,Hybrid,7.0,6,4.99,73.3,3,13.9,4.49,8.44,7.24,5.16,12.1,4.4,0.7376,1
EMP00733,38,Male,Operations,Senior Analyst,7.6,76479,66.1,4.7,On-site,7.43,8,4.1,72.1,2,16.8,6.07,2.72,4.83,5.82,5.0,5.2,0.4226,0
EMP00734,22,Male,Sales,Manager,0.53,109357,53.3,1.5,Full Remote,7.85,8,2.7,62.6,7,9.6,7.44,5.9,7.05,4.61,120.0,5.9,0.5861,0
EMP00735,43,Male,Marketing,Senior,1.09,79475,53.4,3.7,Hybrid,5.95,9,2.72,59.4,4,11.2,3.82,5.22,5.75,2.69,2.9,5.3,0.3836,0
EMP00736,38,Male,Sales,Senior,5.91,55882,62.6,7.4,On-site,5.59,4,2.93,65.2,1,11.6,5.66,5.23,6.5,6.36,59.0,0.4,0.5822,0
EMP00737,37,Female,Engineering,Senior Dev,0.66,106940,51.4,11.7,Hybrid,9.25,8,2.81,65.1,6,11.3,6.49,7.08,6.35,8.01,7.1,4.2,0.5066,0
EMP00738,42,Male,Customer Support,Analyst,0.1,80308,38.8,17.7,Hybrid,8.66,9,2.83,66.4,10,7.9,7.53,3.43,7.15,5.36,7.8,2.3,0.3825,0
EMP00739,48,Female,Sales,Senior,6.14,99045,37.9,19.9,On-site,7.16,8,2.05,55.3,2,0.0,7.9,3.88,2.94,6.22,0.1,3.0,0.468,0
EMP00740,43,Male,Operations,Analyst,1.19,48291,52.7,6.5,Full Remote,8.74,8,3.34,64.6,2,5.4,7.36,3.83,7.5,3.41,3.6,0.7,0.3065,0
EMP00741,22,Female,Engineering,Junior Dev,1.61,100968,35.0,5.1,Hybrid,6.85,9,4.1,59.1,3,15.4,8.07,5.88,6.9,6.1,7.7,2.1,0.3618,0
EMP00742,24,Female,Marketing,Senior,1.77,101722,44.4,1.9,On-site,7.34,10,3.04,66.4,5,14.0,7.62,5.54,7.37,4.36,37.6,18.9,0.4121,0
EMP00743,30,Female,Engineering,Tech Lead,5.66,82244,35.0,8.6,Full Remote,7.08,4,3.74,71.6,4,12.8,8.32,4.0,7.0,6.58,13.6,3.8,0.3788,0
EMP00744,35,Female,Operations,Manager,1.24,54826,45.8,11.1,Hybrid,4.14,6,4.4,86.3,4,14.0,4.73,3.97,4.65,3.74,9.7,6.8,0.5656,0
EMP00745,39,Male,HR,Senior Analyst,6.68,73849,51.8,20.1,Full Remote,8.2,10,2.3,83.1,3,13.4,7.24,6.56,6.56,6.01,33.7,4.1,0.4829,0
EMP00746,29,Female,HR,Senior Analyst,2.88,90282,47.2,9.8,Full Remote,7.44,9,2.97,65.0,6,21.9,5.25,4.68,7.05,3.32,32.6,5.9,0.5501,0
EMP00747,36,Male,Engineering,Junior Dev,2.25,80864,52.5,13.7,Full Remote,8.1,6,2.3,69.1,2,12.1,4.79,6.12,5.96,3.81,10.1,1.5,0.602,0
EMP00748,28,Female,Engineering,Manager,1.18,90027,60.7,10.8,On-site,4.2,7,2.38,85.9,4,17.9,5.43,4.77,6.19,3.23,66.2,7.8,0.6397,0
EMP00749,30,Female,Engineering,Senior Dev,0.84,100306,43.9,16.5,On-site,6.61,7,4.59,96.5,6,15.9,6.42,4.67,7.02,3.59,0.8,2.0,0.4123,0
EMP00750,23,Male,Sales,Manager,2.93,58788,67.5,29.4,Full Remote,7.51,10,3.1,86.7,4,9.8,6.6,3.46,8.06,6.85,16.0,11.1,0.4825,0
EMP00751,27,Female,HR,Senior Analyst,1.78,46123,46.7,4.1,Full Remote,6.12,9,3.87,53.9,6,7.4,6.51,5.87,7.08,7.59,13.1,3.5,0.5205,0
EMP00752,24,Female,Marketing,Associate,7.24,74061,52.6,4.4,Hybrid,8.23,10,3.63,92.2,3,10.4,7.11,6.23,5.03,3.85,31.1,3.5,0.5023,0
EMP00753,27,Male,HR,Senior Analyst,2.03,66756,40.1,19.2,Hybrid,6.02,3,4.07,71.7,4,11.5,4.99,3.89,5.68,6.7,5.4,7.6,0.4112,0
EMP00754,43,Male,Marketing,Director,2.15,94646,58.0,13.4,On-site,6.75,4,3.62,93.8,4,9.8,8.05,1.94,7.9,5.26,39.1,4.2,0.5519,0
EMP00755,27,Male,Sales,Associate,1.62,48137,53.3,10.0,On-site,7.76,8,3.59,79.1,2,11.5,7.84,5.57,7.28,5.85,22.5,8.7,0.5858,0
EMP00756,56,Female,Engineering,Senior Dev,4.67,100509,56.8,3.1,On-site,8.92,6,2.31,73.0,7,7.8,3.96,2.66,6.05,6.65,54.0,16.8,0.4657,0
EMP00757,38,Female,Engineering,Manager,1.66,108840,45.4,12.3,Hybrid,9.04,7,3.53,74.3,8,10.2,8.85,5.82,3.48,4.83,4.1,3.3,0.5374,0
EMP00758,36,Male,Operations,Analyst,0.94,75007,35.0,7.6,Full Remote,7.52,6,3.52,90.4,9,12.2,4.96,2.93,5.8,6.64,15.5,0.6,0.3665,0
EMP00759,28,Male,HR,Manager,5.94,76518,48.7,30.5,Full Remote,8.62,8,2.75,89.3,1,11.3,4.9,3.93,8.91,5.4,4.8,1.7,0.57,0
EMP00760,40,Female,Engineering,Manager,2.73,55811,35.0,32.9,Hybrid,7.95,8,1.85,44.5,2,13.2,8.32,5.23,7.02,4.72,34.1,13.2,0.3537,0
EMP00761,30,Female,Engineering,Tech Lead,2.69,61433,42.3,1.3,Hybrid,8.37,10,3.7,57.4,8,9.7,8.45,3.79,2.76,5.62,3.0,6.1,0.3135,0
EMP00762,35,Male,Operations,Analyst,2.83,64791,46.5,16.7,On-site,6.92,6,4.48,46.3,7,9.3,5.64,3.03,8.68,3.0,31.2,2.0,0.5081,0
EMP00763,55,Male,Finance,Analyst,3.81,111073,64.0,6.7,Full Remote,6.83,9,2.08,53.6,5,12.6,7.76,4.27,5.87,3.31,35.4,20.8,0.6337,0
EMP00764,34,Female,Finance,Analyst,1.13,73203,47.5,18.9,Full Remote,7.68,6,3.37,69.8,4,16.0,5.83,6.33,8.49,4.57,32.4,7.4,0.4737,0
EMP00765,44,Male,Sales,Manager,0.1,41945,46.1,4.3,Hybrid,8.06,9,1.71,80.3,4,11.7,7.0,4.07,7.35,6.7,2.4,8.0,0.1938,0
EMP00766,29,Male,Sales,Manager,4.99,81383,44.5,12.0,On-site,7.06,8,4.02,53.6,1,13.2,6.82,3.1,7.31,2.29,8.8,2.8,0.3918,0
EMP00767,34,Female,Customer Support,Senior Analyst,0.41,95657,35.0,11.6,On-site,7.69,7,4.45,73.5,5,13.2,8.91,6.55,4.16,3.93,17.5,7.9,0.5106,0
EMP00768,49,Female,Operations,Analyst,3.84,74364,45.7,7.3,Full Remote,8.89,9,3.42,42.1,1,11.6,5.27,5.12,5.98,7.38,43.0,7.9,0.5014,0
EMP00769,29,Male,Sales,Associate,0.26,111730,45.8,6.0,On-site,7.78,7,4.0,78.0,2,15.3,5.32,6.87,4.9,6.38,15.6,10.9,0.454,0
EMP00770,49,Male,Operations,Senior Analyst,1.41,94437,37.3,4.2,Hybrid,5.44,5,3.55,50.7,4,12.3,7.88,5.75,7.33,5.83,1.8,5.8,0.3782,0
EMP00771,40,Male,Operations,Senior Analyst,0.2,48771,35.5,2.3,Hybrid,8.15,10,2.72,81.4,3,18.5,5.13,4.96,3.22,6.93,1.6,9.6,0.5136,0
EMP00772,30,Male,Sales,Director,2.22,61214,41.1,6.3,Full Remote,8.05,7,3.39,71.3,2,8.9,8.31,5.6,5.68,8.19,7.1,1.4,0.4616,0
EMP00773,40,Female,Sales,Manager,3.18,80655,45.5,5.3,Hybrid,8.09,10,3.48,71.1,5,12.8,6.6,2.51,6.21,3.42,5.6,4.7,0.3206,0
EMP00774,42,Male,Engineering,Tech Lead,0.56,40000,41.3,9.5,Hybrid,5.38,8,3.38,71.3,1,10.8,7.07,3.45,6.85,6.76,1.5,3.7,0.305,0
EMP00775,39,Female,Engineering,Tech Lead,1.39,83408,36.6,8.0,Hybrid,8.36,3,3.8,66.1,4,10.1,4.74,4.15,7.35,4.49,1.8,1.5,0.3898,0
EMP00776,22,Female,Finance,Senior Analyst,7.99,40000,47.3,7.9,Hybrid,8.45,11,3.61,42.7,4,8.7,3.73,5.51,6.48,7.26,15.2,7.4,0.3893,0
EMP00777,29,Male,Sales,Senior,1.75,100585,49.3,28.6,Full Remote,8.47,7,3.34,63.1,2,15.4,8.14,2.79,5.51,4.76,3.0,4.8,0.489,0
EMP00778,33,Male,Operations,Manager,4.87,97681,46.0,7.3,Full Remote,7.54,3,2.99,76.9,8,13.5,7.67,3.77,8.25,5.92,9.2,10.3,0.2777,0
EMP00779,34,Female,Customer Support,Senior Analyst,7.86,87619,40.5,13.8,On-site,5.72,6,3.9,33.6,6,20.0,5.45,3.25,4.71,3.78,15.4,12.7,0.5512,0
EMP00780,39,Female,Engineering,Senior Dev,10.99,58103,49.8,4.6,Hybrid,4.82,11,3.84,82.7,3,11.9,5.22,8.7,5.37,5.34,23.8,3.5,0.6791,0
EMP00781,36,Female,Marketing,Associate,6.86,79255,43.5,2.8,Hybrid,9.04,6,3.64,69.2,5,15.9,4.76,6.61,6.16,5.62,5.2,2.8,0.4414,0
EMP00782,24,Male,Operations,Analyst,1.15,62165,35.5,11.4,Full Remote,7.71,7,2.84,93.0,3,9.2,7.1,5.94,7.43,7.42,8.2,3.3,0.3524,0
EMP00783,38,Female,Operations,Senior Analyst,9.86,49229,53.3,11.6,Full Remote,8.67,9,2.6,87.8,5,11.4,6.23,3.7,5.77,6.97,76.5,2.6,0.5121,0
EMP00784,39,Female,Operations,Analyst,5.02,66531,47.8,0.6,Full Remote,4.89,11,4.04,62.1,4,6.5,5.94,3.53,6.64,5.11,3.9,6.5,0.3797,0
EMP00785,39,Female,Sales,Associate,5.45,92456,44.0,5.7,Full Remote,7.51,5,2.79,46.7,1,13.3,6.77,3.76,4.21,5.16,15.5,3.5,0.3061,0
EMP00786,43,Male,Marketing,Senior,0.1,76095,35.0,10.3,Hybrid,8.2,13,3.23,71.3,3,16.2,7.43,6.83,5.38,6.6,27.3,8.4,0.3796,0
EMP00787,41,Female,HR,Analyst,9.25,111267,39.0,6.8,On-site,8.72,8,2.26,88.5,3,19.3,8.98,4.28,5.29,4.15,0.6,0.9,0.3471,0
EMP00788,38,Female,Customer Support,Manager,4.52,94144,61.1,4.1,Full Remote,6.62,10,3.85,86.6,5,11.4,7.96,6.82,3.68,4.2,4.6,4.8,0.5168,0
EMP00789,34,Male,Sales,Senior,4.38,91467,35.0,9.0,On-site,6.69,6,2.51,80.1,4,12.6,6.79,4.98,5.96,5.17,40.0,4.3,0.5427,0
EMP00790,22,Female,Customer Support,Senior Analyst,0.26,40000,43.0,5.2,Hybrid,5.81,7,2.47,58.2,4,17.0,6.28,2.26,5.57,6.33,3.3,16.1,0.4249,0
EMP00791,38,Male,Sales,Associate,0.79,67871,44.9,2.9,Full Remote,9.22,3,2.71,57.3,6,19.3,6.13,3.86,7.26,6.02,8.1,3.4,0.3544,0
EMP00792,36,Male,Customer Support,Analyst,9.83,48390,47.6,10.9,Hybrid,7.48,10,3.84,40.0,4,9.9,4.12,3.89,5.93,3.95,6.8,2.8,0.3861,0
EMP00793,37,Male,Finance,Analyst,2.08,70424,35.0,24.4,Full Remote,5.91,8,3.33,57.9,3,17.3,4.73,3.51,7.9,2.7,7.1,10.1,0.4033,0
EMP00794,24,Female,Marketing,Manager,1.52,57668,46.4,12.5,Hybrid,8.85,6,2.99,57.1,2,14.1,7.24,7.19,7.33,6.0,90.1,9.3,0.4834,0
EMP00795,26,Male,HR,Senior Analyst,5.5,65559,35.0,4.2,Full Remote,8.39,7,4.82,95.6,3,13.6,8.21,5.94,6.28,3.65,26.1,0.5,0.3641,0
EMP00796,43,Male,Sales,Associate,0.27,101529,45.8,10.9,Hybrid,8.06,6,3.92,64.8,3,20.1,5.8,3.4,3.1,2.7,1.6,5.7,0.4681,0
EMP00797,34,Female,Sales,Senior,1.62,86881,39.8,6.7,Hybrid,4.66,8,1.91,61.6,3,3.0,5.61,3.39,2.49,4.47,3.9,4.4,0.3634,0
EMP00798,40,Male,Engineering,Junior Dev,1.41,100177,38.1,25.3,Full Remote,9.37,8,2.8,76.0,3,8.5,8.34,3.34,6.6,4.65,33.2,19.6,0.2689,0
EMP00799,35,Female,Engineering,Manager,1.29,40000,51.7,5.6,Full Remote,9.0,7,1.92,82.2,5,9.9,6.75,6.84,5.17,1.99,1.5,6.3,0.5376,0
EMP00800,35,Female,Sales,Director,1.1,76449,43.1,5.4,Full Remote,9.08,8,3.12,59.6,4,14.8,6.09,6.07,6.64,3.78,25.2,5.0,0.4193,0
EMP00801,42,Female,Operations,Senior Analyst,0.71,99167,48.8,14.5,Hybrid,7.82,14,4.33,55.0,4,7.2,6.11,4.19,3.1,3.09,45.5,4.8,0.6436,0
EMP00802,30,Female,HR,Senior Analyst,0.57,112657,49.1,6.0,On-site,9.66,13,3.7,77.1,3,15.0,7.87,3.08,4.74,3.77,9.0,2.4,0.3951,0
EMP00803,35,Female,Engineering,Tech Lead,3.07,40000,55.2,11.4,Full Remote,7.63,6,3.31,76.3,3,8.8,5.6,6.09,7.78,3.94,3.6,1.1,0.5363,0
EMP00804,31,Male,Operations,Senior Analyst,7.55,66212,35.3,22.1,Full Remote,9.07,10,3.12,53.4,3,15.0,3.91,8.64,7.96,4.92,14.6,8.8,0.686,0
EMP00805,31,Female,HR,Senior Analyst,2.13,100855,52.4,9.9,Hybrid,7.26,7,3.76,80.9,3,11.6,6.61,5.48,8.14,3.37,26.6,5.9,0.494,0
EMP00806,32,Male,Customer Support,Manager,1.06,70193,45.1,7.5,Full Remote,6.45,15,2.14,62.2,2,21.2,3.0,4.92,4.22,6.97,7.2,5.0,0.5497,0
EMP00807,36,Female,Finance,Senior Analyst,0.52,52239,42.0,7.5,Hybrid,7.15,6,3.4,83.6,8,6.6,4.97,5.39,7.36,3.16,20.0,10.4,0.5392,0
EMP00808,31,Male,Engineering,Senior Dev,5.32,40000,35.8,15.3,Full Remote,8.63,9,3.63,84.1,2,15.4,5.55,5.68,6.06,5.55,2.2,11.6,0.5111,0
EMP00809,45,Female,Marketing,Manager,10.67,51282,49.9,9.0,On-site,8.53,6,2.48,71.1,4,13.6,8.36,6.58,6.72,2.18,16.2,4.0,0.6348,0
EMP00810,27,Female,HR,Senior Analyst,1.29,40000,37.6,8.7,Hybrid,9.35,5,2.79,67.9,4,10.6,7.33,3.53,4.06,6.0,34.7,0.8,0.4207,0
EMP00811,33,Female,Engineering,Tech Lead,1.03,76461,49.1,18.1,Full Remote,8.31,4,5.0,86.0,3,14.1,7.94,4.82,6.09,7.52,74.6,11.4,0.3993,0
EMP00812,31,Male,Engineering,Junior Dev,2.76,97407,60.4,1.3,Hybrid,8.8,2,3.92,69.5,5,9.2,8.85,6.62,6.95,5.95,14.4,0.7,0.3618,0
EMP00813,46,Male,Engineering,Senior Dev,4.48,43475,52.8,8.9,Hybrid,7.32,16,2.14,84.0,1,12.6,7.04,6.1,6.86,3.14,16.3,3.7,0.4147,0
EMP00814,36,Female,Sales,Associate,1.82,81443,56.1,6.7,Full Remote,7.38,6,2.9,75.6,3,9.1,7.61,4.51,6.83,3.61,64.1,5.7,0.3675,0
EMP00815,43,Female,Sales,Senior,2.98,96131,39.2,14.6,Full Remote,6.26,11,3.48,77.2,2,12.9,5.21,5.34,6.83,4.31,38.5,1.7,0.4167,0
EMP00816,23,Male,Marketing,Senior,3.78,74932,51.1,9.5,Full Remote,8.92,4,5.0,82.5,5,13.8,7.09,4.96,7.99,4.93,4.5,8.1,0.4179,0
EMP00817,37,Other,Engineering,Manager,9.7,40000,35.8,3.4,Hybrid,8.25,9,4.21,57.1,3,11.4,6.98,5.42,5.02,5.61,17.8,3.4,0.3378,0
EMP00818,42,Female,Finance,Senior Analyst,0.54,84655,43.1,7.1,Full Remote,9.84,5,4.37,63.6,3,15.1,6.53,6.01,6.13,6.62,9.7,12.8,0.387,0
EMP00819,35,Male,HR,Senior Analyst,17.84,73633,58.9,15.4,Hybrid,9.56,6,3.82,80.6,3,10.5,7.02,5.8,5.9,4.36,20.5,9.4,0.5035,0
EMP00820,43,Female,Sales,Associate,1.49,71087,40.1,4.1,Hybrid,7.65,5,2.71,53.8,4,13.3,6.11,8.01,5.97,3.93,25.8,6.6,0.5261,0
EMP00821,30,Female,Engineering,Tech Lead,3.85,61329,53.9,14.4,On-site,8.43,5,4.78,77.3,1,6.2,5.93,4.3,9.36,3.37,41.4,1.5,0.3864,0
EMP00822,46,Male,Engineering,Senior Dev,2.55,77169,53.1,4.1,Hybrid,7.55,9,4.18,85.0,0,9.8,8.84,3.01,7.55,3.36,46.7,7.9,0.4029,0
EMP00823,53,Male,Sales,Senior,2.0,87745,53.6,11.5,Hybrid,7.1,9,4.52,67.2,2,11.4,7.68,6.79,8.03,5.77,13.7,7.5,0.4279,0
EMP00824,32,Female,Engineering,Junior Dev,3.59,134766,35.0,3.5,Hybrid,5.63,6,4.86,87.0,7,19.4,5.81,5.74,6.27,2.62,23.6,11.1,0.4735,0
EMP00825,31,Female,Sales,Senior,1.51,77808,49.2,12.7,On-site,6.97,9,4.74,83.4,3,13.1,7.07,4.7,6.46,3.98,17.0,5.3,0.4585,0
EMP00826,46,Male,HR,Senior Analyst,0.4,112778,43.7,3.5,Full Remote,6.61,8,3.49,58.4,7,12.4,4.71,7.57,5.94,4.07,2.9,8.9,0.6363,0
EMP00827,47,Female,Marketing,Senior,2.01,83943,53.7,12.2,Full Remote,5.29,9,3.72,73.4,2,16.6,6.84,4.22,5.06,6.19,39.8,0.7,0.6981,0
EMP00828,30,Female,Engineering,Manager,2.21,72511,35.0,10.8,Full Remote,7.67,9,3.65,56.0,2,7.7,6.67,3.01,7.59,8.3,4.3,2.6,0.4767,0
EMP00829,31,Female,Sales,Manager,0.68,78713,47.9,22.0,Hybrid,7.6,16,4.24,70.9,3,14.4,5.42,3.17,7.68,9.05,36.9,8.0,0.3375,0
EMP00830,32,Male,HR,Manager,8.23,44456,46.8,6.5,Full Remote,9.98,8,3.77,57.7,4,14.3,7.83,4.77,9.16,5.77,6.1,6.5,0.423,0
EMP00831,24,Female,Operations,Senior Analyst,0.77,82646,35.0,9.7,Full Remote,7.43,7,3.62,91.8,3,9.1,6.51,5.16,3.23,4.33,8.5,11.9,0.3653,0
EMP00832,27,Male,Operations,Manager,1.58,40000,37.9,7.1,Hybrid,7.42,6,3.42,60.9,3,14.7,6.52,5.11,4.15,8.13,8.1,13.1,0.2555,0
EMP00833,26,Male,Marketing,Manager,0.51,53433,35.0,15.1,On-site,8.97,9,3.38,92.3,3,5.2,6.51,7.45,7.71,5.73,9.2,9.2,0.483,0
EMP00834,28,Male,Sales,Associate,2.3,77746,39.2,9.3,On-site,7.45,14,3.74,76.3,6,14.4,6.53,4.82,8.19,5.42,0.5,3.7,0.3355,0
EMP00835,34,Female,Sales,Senior,1.1,104849,49.4,5.6,Hybrid,8.65,9,4.54,64.3,3,20.7,7.14,4.97,5.85,3.48,6.9,7.9,0.4145,0
EMP00836,36,Female,Operations,Analyst,2.02,110765,46.6,5.7,Hybrid,5.31,4,2.74,80.2,4,15.9,6.9,4.94,6.51,6.24,35.9,5.9,0.5111,0
EMP00837,47,Male,Engineering,Junior Dev,0.76,69086,46.4,9.8,On-site,9.05,9,3.56,82.2,0,12.3,8.25,2.91,9.42,3.72,17.3,3.4,0.2116,0
EMP00838,27,Female,Customer Support,Analyst,0.17,78892,36.7,22.1,On-site,8.04,7,3.78,66.0,6,9.2,8.55,5.79,6.0,5.28,7.7,3.4,0.3977,0
EMP00839,42,Male,Finance,Analyst,4.53,99609,54.0,9.1,On-site,8.04,6,4.82,67.5,3,20.7,6.1,3.59,5.26,3.79,1.0,4.2,0.4934,0
EMP00840,33,Male,Finance,Senior Analyst,3.07,41762,44.8,30.2,Hybrid,7.43,4,3.15,63.8,7,0.6,4.68,4.58,4.08,4.27,10.5,5.2,0.5474,0
EMP00841,34,Other,Engineering,Senior Dev,1.25,85118,45.3,11.5,Full Remote,7.2,10,2.88,76.6,4,9.3,8.66,6.75,6.05,5.89,38.5,1.3,0.4744,0
EMP00842,40,Female,HR,Analyst,0.15,54302,52.5,8.8,Full Remote,7.73,13,4.71,80.2,5,11.2,7.92,3.27,4.97,5.11,22.5,6.5,0.4025,0
EMP00843,26,Male,Marketing,Manager,6.02,70704,37.1,10.3,On-site,4.19,6,3.91,61.2,3,9.0,6.43,6.48,4.72,7.94,38.9,3.6,0.5902,0
EMP00844,38,Female,Engineering,Tech Lead,0.56,63524,46.8,4.4,Full Remote,8.97,10,3.16,87.1,3,10.0,6.61,8.54,4.29,5.22,6.6,7.1,0.4787,0
EMP00845,36,Male,Sales,Director,8.01,85883,48.4,9.6,Full Remote,4.3,7,4.34,58.1,1,17.8,7.9,5.7,7.22,4.09,25.1,2.7,0.4962,0
EMP00846,38,Male,Operations,Senior Analyst,1.95,88757,40.6,2.8,Hybrid,7.93,6,2.0,78.9,5,9.9,8.61,3.12,4.39,7.32,13.6,4.5,0.3741,0
EMP00847,37,Female,Marketing,Senior,1.25,97276,50.2,24.9,Full Remote,6.92,6,3.46,88.0,1,14.3,6.29,3.37,5.15,7.2,15.3,1.8,0.386,0
EMP00848,54,Female,Sales,Associate,4.06,83704,48.8,6.9,On-site,8.84,10,3.74,69.2,2,11.5,5.66,2.88,7.39,7.7,2.7,6.7,0.5036,0
EMP00849,29,Male,Engineering,Junior Dev,6.28,79291,44.2,10.6,Full Remote,6.43,9,3.97,72.9,5,9.2,5.73,3.7,3.58,3.85,31.0,4.0,0.4817,0
EMP00850,30,Female,Finance,Analyst,1.39,121350,43.9,7.1,Full Remote,6.48,14,2.84,56.5,6,18.9,7.01,5.87,4.05,6.85,7.3,4.1,0.5544,0
EMP00851,30,Female,Finance,Analyst,1.57,40000,49.2,3.4,On-site,7.21,5,2.83,52.6,1,10.0,6.9,2.38,9.42,4.84,37.4,3.1,0.3695,0
EMP00852,30,Male,HR,Manager,1.7,117390,51.3,25.2,Full Remote,7.53,8,4.73,74.4,6,18.0,8.44,4.13,7.0,5.39,48.8,10.9,0.3869,0
EMP00853,29,Female,Marketing,Associate,7.67,67754,45.5,6.6,On-site,7.37,9,3.51,76.5,2,16.9,5.45,6.87,5.29,4.91,3.3,11.4,0.6176,0
EMP00854,44,Female,Sales,Associate,3.54,89272,54.0,13.0,Hybrid,9.02,4,3.63,82.6,8,7.3,8.87,3.78,6.09,5.08,17.8,8.5,0.2482,0
EMP00855,46,Female,HR,Analyst,0.85,66858,50.3,13.8,Hybrid,9.41,7,2.92,81.4,3,11.7,7.31,3.03,7.03,6.74,3.5,5.4,0.3528,0
EMP00856,30,Female,Engineering,Tech Lead,0.61,57436,35.0,12.0,Full Remote,7.02,5,2.77,60.5,1,23.0,6.02,8.04,6.02,7.31,12.2,2.3,0.5105,0
EMP00857,28,Female,Customer Support,Analyst,0.79,87114,35.0,12.1,Hybrid,7.4,9,3.05,74.4,7,9.4,5.59,7.51,4.11,4.13,6.5,7.7,0.6198,0
EMP00858,38,Male,HR,Senior Analyst,0.92,101053,54.5,1.2,Full Remote,8.36,8,4.46,68.1,2,15.3,8.37,4.91,7.09,3.91,46.9,6.6,0.2781,0
EMP00859,30,Female,Sales,Associate,0.78,86825,43.0,3.4,On-site,6.62,12,3.0,65.1,1,15.6,6.16,8.36,6.29,6.84,79.6,2.9,0.5111,0
EMP00860,40,Female,Sales,Senior,3.22,61447,46.3,27.2,Full Remote,8.96,7,3.31,86.7,1,9.5,7.29,5.27,7.62,4.38,1.0,7.0,0.6155,0
EMP00861,36,Male,Operations,Analyst,0.37,165283,54.1,21.2,Full Remote,7.87,9,4.79,86.3,5,15.5,6.87,3.36,5.88,4.05,9.4,3.3,0.4008,0
EMP00862,22,Female,Engineering,Senior Dev,1.47,104964,44.9,9.2,On-site,9.06,10,5.0,92.5,8,5.0,8.62,4.85,9.43,6.98,3.1,1.9,0.3023,0
EMP00863,47,Female,Sales,Associate,2.94,98333,45.3,2.3,Hybrid,8.7,7,2.33,84.6,2,16.4,2.43,2.26,5.1,2.78,11.6,7.5,0.5185,0
EMP00864,49,Female,Finance,Senior Analyst,1.03,66175,38.1,25.9,Hybrid,7.9,10,1.8,59.3,3,12.6,6.61,6.85,6.89,5.28,10.3,2.9,0.5126,0
EMP00865,30,Male,Sales,Senior,0.2,59370,48.0,13.2,Hybrid,7.21,8,2.93,87.7,4,2.0,6.96,4.95,7.23,6.37,4.1,8.4,0.3434,0
EMP00866,31,Male,Operations,Senior Analyst,0.26,68004,49.7,5.4,Full Remote,9.94,11,2.72,85.6,6,10.4,5.5,4.56,6.93,6.95,8.5,4.4,0.3449,0
EMP00867,37,Female,Engineering,Senior Dev,0.4,102035,40.4,2.2,Full Remote,7.74,9,3.88,81.2,3,4.7,8.29,5.36,3.59,3.78,30.4,8.8,0.3972,0
EMP00868,37,Male,Operations,Analyst,5.42,50234,37.6,10.4,On-site,9.32,11,3.49,77.0,2,7.6,8.49,2.67,4.65,3.6,9.1,7.6,0.289,0
EMP00869,40,Female,Engineering,Junior Dev,3.22,48294,66.0,19.0,Full Remote,6.82,6,3.4,79.2,6,10.1,4.26,2.34,3.31,5.65,13.2,10.6,0.5388,0
EMP00870,51,Male,Engineering,Senior Dev,0.2,88488,44.3,8.3,Hybrid,8.97,4,4.2,59.4,3,15.3,8.22,3.13,5.24,7.34,45.8,7.4,0.249,0
EMP00871,33,Male,Operations,Senior Analyst,1.49,82979,39.5,5.6,Hybrid,5.09,10,1.8,53.6,6,6.4,8.3,4.88,7.15,4.23,3.6,8.0,0.5938,0
EMP00872,28,Male,HR,Senior Analyst,0.98,55742,50.7,5.7,Full Remote,5.8,5,3.01,77.8,2,9.9,7.0,5.72,7.47,4.72,7.4,7.8,0.4513,0
EMP00873,23,Male,Sales,Manager,2.59,47719,44.6,5.4,Hybrid,6.88,4,3.41,60.0,2,6.0,4.76,8.08,7.2,5.99,34.1,9.2,0.5761,0
EMP00874,29,Female,Engineering,Tech Lead,2.22,110947,36.3,5.7,Hybrid,6.8,4,4.33,84.4,7,7.8,8.53,3.57,6.68,4.43,6.5,3.1,0.4381,0
EMP00875,34,Male,HR,Senior Analyst,1.97,83925,48.9,2.3,On-site,8.11,11,3.45,72.3,1,19.3,8.16,4.78,4.51,6.5,4.7,5.9,0.4424,0
EMP00876,49,Male,Marketing,Associate,1.13,40911,38.2,10.9,Full Remote,9.32,7,3.83,71.5,3,13.3,6.85,4.62,5.27,6.15,42.5,8.2,0.3322,0
EMP00877,30,Male,Customer Support,Senior Analyst,0.44,42659,57.6,13.0,Full Remote,7.41,9,3.24,68.9,6,5.1,5.85,5.4,7.15,6.47,12.1,10.4,0.5549,0
EMP00878,36,Female,Customer Support,Analyst,4.07,65962,49.0,11.2,On-site,8.01,10,3.47,64.3,4,17.8,5.76,7.31,5.29,6.41,10.2,4.2,0.5315,0
EMP00879,34,Male,HR,Senior Analyst,6.36,93321,42.8,4.2,Full Remote,8.46,11,3.27,69.0,1,17.5,6.21,5.68,4.41,7.46,25.1,3.6,0.504,0
EMP00880,44,Female,Sales,Senior,8.66,89875,45.9,5.6,Hybrid,7.92,7,3.32,83.6,2,10.6,7.86,3.35,7.85,7.47,15.1,8.5,0.245,0
EMP00881,55,Female,Marketing,Associate,0.18,103291,52.2,15.3,On-site,6.3,5,3.56,52.2,1,16.1,9.13,3.92,5.03,2.87,21.5,2.4,0.3985,0
EMP00882,30,Female,Finance,Manager,4.04,40000,46.5,18.4,Hybrid,8.91,8,4.66,85.8,6,20.3,7.97,3.49,3.82,6.01,3.2,0.3,0.4588,0
EMP00883,31,Female,Engineering,Senior Dev,3.89,80596,62.0,3.0,Hybrid,5.51,5,3.83,82.3,2,12.4,6.32,5.52,7.39,5.44,100.7,1.5,0.5175,0
EMP00884,43,Female,Sales,Senior,8.82,110647,54.1,10.6,Full Remote,7.53,8,3.34,70.7,9,7.5,6.98,5.33,6.71,3.61,27.5,8.7,0.4229,0
EMP00885,40,Female,Engineering,Junior Dev,0.87,108320,48.9,10.5,On-site,7.84,8,3.94,73.7,3,16.0,6.86,2.22,4.3,3.97,45.6,4.7,0.4544,0
EMP00886,49,Male,Engineering,Senior Dev,4.07,83972,37.5,5.3,Full Remote,6.61,9,3.65,58.8,4,8.7,7.11,5.75,3.0,6.47,1.1,6.7,0.4628,0
EMP00887,39,Male,Engineering,Manager,0.17,133700,43.8,9.6,On-site,8.59,6,3.97,81.5,4,8.6,7.11,7.49,8.86,6.01,16.2,6.4,0.4314,0
EMP00888,32,Male,Marketing,Senior,2.99,90232,48.8,2.9,Full Remote,5.41,14,3.18,70.0,7,7.6,6.62,5.1,4.28,2.63,10.8,3.8,0.644,0
EMP00889,39,Female,Operations,Manager,1.3,101068,38.4,9.2,On-site,8.03,9,3.89,76.6,5,15.3,8.73,6.09,6.29,7.41,7.4,3.3,0.384,0
EMP00890,43,Other,Marketing,Associate,4.39,76111,55.3,8.1,Hybrid,5.08,11,3.91,83.8,3,17.1,6.04,6.47,7.2,7.29,0.9,15.6,0.5392,0
EMP00891,41,Female,Sales,Senior,5.97,55475,37.2,8.0,Full Remote,8.68,5,2.36,77.2,1,10.4,5.39,7.5,4.95,6.69,101.0,1.1,0.3957,0
EMP00892,39,Male,Engineering,Tech Lead,1.36,53119,39.9,23.7,Hybrid,6.25,9,3.19,75.8,8,18.1,8.26,3.94,3.65,5.35,90.6,13.0,0.5062,0
EMP00893,43,Female,Marketing,Senior,2.24,79540,40.5,25.8,Full Remote,9.0,11,3.36,66.0,6,10.0,2.01,4.84,3.3,5.92,36.4,7.7,0.7675,1
EMP00894,44,Male,Sales,Associate,0.37,69712,51.0,14.2,Full Remote,7.02,10,3.24,64.1,5,11.4,8.41,2.44,3.34,5.06,1.1,8.3,0.5038,0
EMP00895,46,Male,HR,Senior Analyst,1.62,40000,38.6,13.5,Full Remote,9.1,7,2.68,81.7,5,7.3,6.23,3.68,8.7,4.98,45.7,11.4,0.2939,0
EMP00896,40,Male,Customer Support,Senior Analyst,1.34,49355,35.0,11.7,On-site,6.56,6,1.52,81.7,2,9.4,6.6,4.02,7.82,3.35,39.5,27.3,0.2495,0
EMP00897,33,Male,Engineering,Tech Lead,0.61,67039,53.7,0.8,Full Remote,8.47,11,4.32,79.9,3,17.2,8.6,6.17,6.41,3.83,23.0,8.9,0.5125,0
EMP00898,36,Female,Engineering,Tech Lead,6.75,93181,41.4,3.9,On-site,5.25,8,1.77,72.7,3,9.3,5.93,3.67,5.84,6.22,15.8,5.5,0.5039,0
EMP00899,44,Male,Marketing,Manager,0.48,74598,36.5,3.3,Full Remote,8.13,13,5.0,70.7,9,7.9,5.95,6.83,6.26,6.68,2.9,1.6,0.4093,0
EMP00900,28,Male,Customer Support,Senior Analyst,3.03,73198,39.0,20.3,Hybrid,8.19,5,3.31,85.9,6,7.3,7.88,7.09,6.88,7.31,81.4,2.4,0.4637,0
EMP00901,37,Female,Operations,Analyst,6.63,50327,58.7,3.9,On-site,9.72,7,2.97,39.2,5,2.8,6.06,7.88,6.71,3.21,6.9,6.7,0.4731,0
EMP00902,31,Female,Operations,Analyst,7.29,75579,39.7,5.8,On-site,6.83,9,2.26,86.7,6,7.1,6.73,7.01,5.76,5.81,10.8,2.6,0.4802,0
EMP00903,35,Female,Sales,Manager,4.73,107977,44.0,4.4,Full Remote,7.99,10,2.17,61.1,2,4.7,6.73,6.83,7.15,3.65,6.4,4.9,0.4746,0
EMP00904,45,Male,Customer Support,Manager,0.58,78889,41.4,9.0,Hybrid,5.77,7,2.79,84.1,6,8.6,6.56,3.92,7.53,2.57,35.9,17.9,0.4461,0
EMP00905,36,Female,Engineering,Junior Dev,5.1,40000,35.1,11.4,Full Remote,7.43,6,3.65,59.3,2,10.8,8.63,5.2,7.19,3.22,41.2,3.8,0.4709,0
EMP00906,35,Female,Engineering,Senior Dev,0.97,43711,39.1,3.7,Hybrid,9.64,6,4.63,80.5,6,10.6,6.55,3.54,6.79,7.51,14.6,2.4,0.279,0
EMP00907,24,Male,Operations,Analyst,7.67,89719,35.0,6.7,Hybrid,4.77,10,2.26,78.3,3,13.0,7.34,7.28,5.22,6.57,8.2,23.9,0.4913,0
EMP00908,40,Female,Customer Support,Analyst,3.7,69392,52.6,7.1,Full Remote,6.57,6,3.79,56.8,4,14.1,5.44,4.73,4.56,8.08,14.3,5.3,0.6144,0
EMP00909,40,Male,Engineering,Senior Dev,4.62,73135,45.8,3.0,Full Remote,7.95,13,2.02,72.7,4,6.8,6.51,2.49,6.8,4.84,10.7,4.1,0.5003,0
EMP00910,52,Male,Engineering,Senior Dev,0.27,59681,64.9,10.2,Full Remote,5.5,7,2.78,70.8,3,18.5,6.85,4.67,6.78,6.97,61.7,5.5,0.3228,0
EMP00911,32,Female,Engineering,Junior Dev,2.62,87585,39.3,7.6,Full Remote,5.71,7,3.9,58.7,6,15.4,9.52,1.52,7.55,3.34,33.4,1.6,0.4344,0
EMP00912,36,Female,Engineering,Tech Lead,5.16,67477,38.1,12.0,Full Remote,8.56,9,2.69,78.9,2,16.1,4.98,3.19,8.03,5.84,5.0,11.7,0.2658,0
EMP00913,36,Male,Engineering,Tech Lead,5.93,70334,57.3,6.0,On-site,6.86,2,4.73,69.8,1,11.9,5.6,2.67,4.44,7.0,98.7,5.6,0.3964,0
EMP00914,47,Female,Customer Support,Manager,0.1,53719,53.5,6.5,Full Remote,9.05,10,4.1,57.9,2,15.9,8.67,6.69,9.02,6.13,8.7,17.5,0.4583,0
EMP00915,34,Female,Finance,Analyst,8.4,98042,48.1,4.4,Hybrid,7.47,6,3.9,75.3,6,21.4,4.42,3.3,4.04,4.09,53.7,8.6,0.3955,0
EMP00916,37,Female,Operations,Senior Analyst,0.13,69471,36.1,2.6,On-site,9.26,7,3.05,58.4,1,16.9,7.45,2.72,6.96,8.83,76.7,1.4,0.0,0
EMP00917,39,Male,Operations,Analyst,2.86,90197,59.0,11.6,Hybrid,7.88,10,2.81,65.3,4,15.4,8.31,6.11,6.03,6.53,17.8,7.8,0.2856,0
EMP00918,36,Female,Marketing,Associate,3.55,45160,44.4,7.0,Hybrid,9.51,13,3.13,80.2,8,1.0,7.06,6.17,7.63,5.72,0.6,1.6,0.3604,0
EMP00919,31,Male,Operations,Senior Analyst,0.34,118347,41.6,5.4,Hybrid,9.23,5,3.7,72.4,3,15.2,5.7,4.51,4.9,8.16,3.5,3.6,0.35,0
EMP00920,36,Female,HR,Senior Analyst,0.15,106934,54.1,4.2,Hybrid,7.04,6,3.7,68.8,4,13.5,8.27,3.19,6.19,4.5,10.3,4.7,0.3655,0
EMP00921,43,Male,Sales,Associate,4.61,40000,44.8,11.1,Hybrid,8.43,10,2.84,51.2,4,9.3,6.58,2.24,8.3,6.2,4.1,7.0,0.2183,0
EMP00922,26,Male,Marketing,Director,1.46,54951,35.7,7.3,On-site,8.34,9,2.92,65.5,3,8.8,6.96,3.7,5.68,4.76,5.1,3.0,0.4443,0
EMP00923,36,Female,Marketing,Manager,0.34,86940,45.3,10.5,On-site,8.78,11,2.26,62.7,0,15.8,9.12,4.52,7.85,4.48,32.3,7.9,0.2629,0
EMP00924,29,Male,Operations,Senior Analyst,4.31,42006,38.7,21.2,Hybrid,5.13,6,5.0,73.7,6,19.6,7.09,1.6,6.73,6.18,11.1,6.2,0.3128,0
EMP00925,44,Male,Customer Support,Senior Analyst,5.67,71710,35.0,6.4,Full Remote,6.34,4,2.78,60.5,5,11.3,5.9,6.18,6.98,4.45,29.1,3.1,0.5795,0
EMP00926,22,Male,Sales,Senior,2.66,85665,37.9,22.3,Hybrid,7.14,11,2.15,63.3,2,9.6,5.12,4.48,6.9,6.57,13.1,0.6,0.545,0
EMP00927,30,Female,Operations,Senior Analyst,0.53,70381,40.8,10.5,Hybrid,7.91,11,1.51,71.3,2,7.4,8.04,4.36,8.48,7.26,8.3,13.2,0.339,0
EMP00928,38,Male,Engineering,Senior Dev,0.1,88470,35.8,10.5,On-site,5.92,6,2.96,53.0,4,4.3,6.6,5.79,3.86,3.6,53.3,7.8,0.49,0
EMP00929,47,Female,Operations,Manager,3.62,57666,49.6,4.7,Hybrid,8.79,10,3.82,78.1,5,11.5,7.58,2.88,7.35,4.76,39.5,6.1,0.2273,0
EMP00930,34,Male,Sales,Associate,2.4,40000,38.8,9.1,Hybrid,8.87,8,3.42,82.3,4,15.6,5.7,6.52,6.43,4.61,1.0,3.0,0.5246,0
EMP00931,30,Male,Engineering,Junior Dev,3.16,99552,48.8,8.7,Hybrid,6.51,7,3.35,93.9,6,14.5,7.32,4.13,5.96,3.81,7.3,1.0,0.635,0
EMP00932,50,Male,Sales,Senior,5.03,99395,35.1,1.5,Full Remote,6.37,10,4.08,81.9,4,7.1,7.59,5.4,3.26,3.63,2.9,5.4,0.5031,0
EMP00933,23,Female,HR,Analyst,1.71,137590,52.3,5.8,On-site,3.75,7,3.97,94.6,10,14.6,5.14,6.17,7.75,7.63,45.2,3.7,0.5318,0
EMP00934,22,Male,Engineering,Senior Dev,0.4,40000,35.0,15.2,Full Remote,7.99,9,2.78,73.9,8,11.0,7.94,2.96,6.47,4.45,81.8,2.8,0.3942,0
EMP00935,38,Male,Customer Support,Senior Analyst,8.44,93770,35.0,17.6,Hybrid,8.83,7,3.71,80.0,5,4.9,8.69,4.23,9.04,3.95,0.3,13.9,0.1975,0
EMP00936,30,Other,Engineering,Tech Lead,2.36,40000,54.9,8.7,Full Remote,6.18,10,3.56,51.3,6,2.5,6.4,6.48,4.97,6.19,25.6,4.8,0.5246,0
EMP00937,26,Female,Customer Support,Senior Analyst,2.87,118912,38.2,9.0,Full Remote,5.17,7,3.03,74.2,4,13.0,6.74,3.58,2.84,6.81,54.2,4.1,0.588,0
EMP00938,40,Male,Finance,Analyst,8.13,87196,59.1,3.3,Full Remote,5.21,4,4.64,79.1,2,20.2,9.48,6.79,6.58,5.69,20.6,6.3,0.5855,0
EMP00939,36,Male,Sales,Associate,8.05,51201,49.5,11.5,On-site,4.64,5,2.88,74.5,3,2.7,7.37,7.37,7.96,1.97,13.5,5.0,0.7389,1
EMP00940,30,Female,Sales,Senior,2.55,94505,51.3,17.0,Hybrid,5.78,6,3.04,67.1,1,13.8,4.91,4.35,3.47,2.66,24.7,6.3,0.7022,1
EMP00941,24,Male,Finance,Senior Analyst,1.06,61173,53.4,5.2,Hybrid,6.57,4,3.12,67.3,1,11.5,8.69,5.15,7.49,5.41,6.3,5.1,0.4344,0
EMP00942,41,Male,HR,Senior Analyst,17.54,82510,45.9,32.7,On-site,7.47,13,4.24,32.2,5,11.1,6.56,5.01,5.31,6.31,98.3,5.4,0.559,0
EMP00943,40,Female,Finance,Analyst,3.43,80149,46.0,14.2,Hybrid,8.63,9,4.37,77.6,2,14.8,7.48,4.64,7.58,4.93,7.0,14.8,0.2388,0
EMP00944,34,Female,Sales,Associate,1.57,118604,55.3,11.5,Hybrid,6.28,9,4.58,60.9,3,8.2,3.68,3.69,5.22,4.29,11.0,10.6,0.6004,0
EMP00945,49,Female,Marketing,Senior,2.46,120373,45.9,9.7,Hybrid,6.88,6,4.12,76.9,3,15.8,5.35,4.71,7.03,4.19,22.2,2.6,0.4759,0
EMP00946,26,Male,Customer Support,Analyst,1.61,60068,39.2,20.3,Full Remote,8.08,8,3.42,71.2,1,16.3,6.96,3.83,3.88,3.27,4.1,4.5,0.554,0
EMP00947,22,Male,Engineering,Senior Dev,6.58,101452,49.7,14.4,Full Remote,8.34,6,4.27,54.1,4,16.8,9.09,3.93,5.66,7.74,26.4,2.4,0.4246,0
EMP00948,29,Female,Sales,Manager,1.98,83871,35.0,14.1,Full Remote,8.78,7,3.8,55.6,5,15.5,6.67,4.52,7.54,2.22,0.8,1.9,0.2739,0
EMP00949,34,Male,Sales,Associate,5.2,40000,55.6,5.8,Hybrid,8.65,9,3.4,62.9,7,8.0,2.29,3.79,7.72,3.33,4.3,4.6,0.4841,0
EMP00950,36,Female,Operations,Senior Analyst,5.5,57594,55.7,19.7,Full Remote,9.12,10,3.13,71.7,2,10.6,6.89,5.1,7.12,7.68,94.4,9.4,0.4997,0
EMP00951,33,Female,Operations,Senior Analyst,5.22,133403,54.6,11.4,Hybrid,6.47,4,3.36,93.3,4,7.2,5.58,5.7,6.13,7.1,28.5,4.2,0.3792,0
EMP00952,37,Male,Sales,Associate,3.84,83946,54.3,18.6,Hybrid,8.52,11,3.12,58.3,5,9.9,7.44,5.16,7.69,2.42,80.0,2.6,0.4946,0
EMP00953,24,Female,Engineering,Tech Lead,5.79,99994,44.3,4.0,Full Remote,8.23,7,3.83,65.0,6,9.9,5.99,7.47,6.5,6.44,24.9,8.5,0.489,0
EMP00954,46,Female,Engineering,Senior Dev,1.47,69698,44.1,0.6,On-site,8.52,8,3.33,68.0,4,15.6,8.09,6.03,7.2,5.48,32.1,6.4,0.1877,0
EMP00955,34,Female,Sales,Senior,0.37,61501,35.2,27.0,On-site,8.69,9,3.89,57.5,2,11.7,4.28,4.99,5.51,5.31,16.1,7.3,0.4655,0
EMP00956,43,Male,Sales,Manager,5.54,75681,59.0,1.7,Full Remote,6.15,9,3.91,75.0,2,3.5,6.21,3.32,6.77,3.77,51.7,8.5,0.5027,0
EMP00957,37,Male,Customer Support,Analyst,2.07,68347,41.1,5.5,On-site,7.95,9,3.51,55.2,5,13.6,6.88,7.8,4.83,5.02,6.6,3.8,0.4015,0
EMP00958,38,Female,Marketing,Manager,0.41,40000,47.7,38.6,Hybrid,8.34,8,3.14,86.7,3,10.5,8.41,2.69,5.43,6.24,10.6,1.2,0.5213,0
EMP00959,39,Male,Sales,Senior,0.37,49916,47.0,1.5,On-site,7.85,3,2.77,80.6,5,16.4,6.44,3.43,6.22,6.4,16.4,4.9,0.4435,0
EMP00960,38,Other,Operations,Senior Analyst,0.52,92697,35.0,10.6,Full Remote,6.99,7,3.41,83.3,4,14.5,5.5,7.32,6.78,3.2,0.8,4.1,0.603,0
EMP00961,40,Male,Marketing,Manager,4.17,65482,35.0,15.6,Full Remote,5.21,8,3.73,88.0,4,8.9,7.35,4.87,5.1,4.05,8.3,14.3,0.5578,0
EMP00962,45,Female,HR,Manager,3.72,75642,45.0,20.4,On-site,6.57,10,2.41,74.1,5,13.2,7.48,8.11,7.13,6.89,4.1,1.1,0.5294,0
EMP00963,36,Male,Engineering,Senior Dev,0.68,80873,41.4,16.5,On-site,5.35,8,2.08,40.7,7,19.7,8.02,2.98,7.68,4.74,51.2,2.2,0.5454,0
EMP00964,40,Female,Sales,Manager,5.63,82826,44.3,10.5,Hybrid,9.03,12,3.4,80.7,5,3.0,7.53,1.98,6.3,3.55,0.6,1.6,0.4164,0
EMP00965,34,Male,Customer Support,Analyst,0.99,103664,53.5,6.8,On-site,8.18,7,2.78,49.1,5,15.1,8.5,4.02,4.71,4.78,11.5,11.6,0.2302,0
EMP00966,46,Male,HR,Senior Analyst,4.72,47532,46.8,5.4,Hybrid,7.64,6,4.31,62.8,1,7.8,7.82,8.96,2.98,3.6,6.8,2.5,0.5771,0
EMP00967,29,Male,Sales,Associate,2.01,89256,51.1,14.9,Full Remote,7.95,16,4.54,70.3,3,5.7,4.71,4.98,4.04,6.03,4.5,7.5,0.5458,0
EMP00968,49,Female,HR,Analyst,3.95,93875,48.6,7.1,Full Remote,7.56,7,2.69,69.4,5,11.5,8.09,3.79,7.03,6.45,38.4,6.6,0.4356,0
EMP00969,34,Male,Customer Support,Manager,1.44,99646,42.5,7.5,Full Remote,9.5,8,2.14,38.1,1,11.2,4.31,4.94,6.73,3.86,21.3,1.3,0.426,0
EMP00970,23,Female,Sales,Associate,1.28,40000,37.0,20.7,On-site,6.98,9,3.96,73.8,4,12.1,6.95,3.78,6.74,5.89,42.4,3.3,0.43,0
EMP00971,36,Female,Marketing,Associate,5.52,81370,47.1,5.6,On-site,7.78,8,3.66,64.2,5,11.8,6.76,3.52,8.12,6.95,42.3,4.0,0.3963,0
EMP00972,29,Male,Customer Support,Senior Analyst,0.11,117901,45.7,3.8,Hybrid,8.13,7,3.81,78.9,3,7.1,4.36,6.84,6.43,6.37,24.6,8.0,0.5078,0
EMP00973,41,Female,Engineering,Junior Dev,11.04,72521,52.3,7.6,Hybrid,8.6,6,4.11,77.7,6,16.0,6.88,5.4,2.59,3.5,22.6,7.2,0.6881,0
EMP00974,29,Male,Finance,Analyst,3.13,87087,43.8,16.9,Hybrid,9.66,10,3.17,73.0,4,9.8,7.12,5.18,5.73,6.48,3.0,1.4,0.4467,0
EMP00975,31,Other,HR,Senior Analyst,1.7,94509,42.6,7.5,Full Remote,9.65,9,3.34,39.0,6,21.5,6.32,6.34,5.17,6.21,7.0,3.6,0.6016,0
EMP00976,22,Female,Finance,Senior Analyst,2.97,49363,43.2,11.0,Full Remote,8.19,10,4.15,81.8,4,14.9,6.72,3.62,6.97,7.48,39.8,7.8,0.3798,0
EMP00977,31,Male,Sales,Manager,0.39,120845,37.7,1.4,Hybrid,7.58,3,3.86,56.7,3,16.7,5.58,4.54,8.42,4.72,120.0,2.0,0.2362,0
EMP00978,22,Male,Sales,Senior,2.16,87487,56.6,5.2,Hybrid,9.55,7,5.0,90.9,3,12.9,4.67,3.77,7.7,6.96,40.5,6.1,0.3855,0
EMP00979,22,Male,Finance,Senior Analyst,12.62,87987,54.1,5.3,On-site,7.61,6,3.73,80.3,5,21.4,6.1,3.27,3.66,6.49,0.1,2.8,0.4906,0
EMP00980,41,Other,Engineering,Tech Lead,0.8,40000,35.3,4.9,Full Remote,4.83,5,3.71,67.2,3,15.8,6.31,6.87,7.14,6.05,86.0,13.8,0.4946,0
EMP00981,41,Male,Sales,Senior,3.84,94863,51.4,10.5,Hybrid,8.36,10,4.21,58.9,6,18.6,8.33,7.14,6.38,5.1,14.0,5.8,0.5274,0
EMP00982,38,Female,Engineering,Senior Dev,1.71,87660,35.0,10.9,On-site,6.59,10,5.0,67.2,4,15.4,6.38,4.99,7.75,4.97,13.5,2.6,0.3498,0
EMP00983,27,Male,Engineering,Tech Lead,3.17,115604,52.9,8.4,Full Remote,8.29,6,4.07,58.5,1,13.0,7.02,4.59,8.19,3.34,10.5,3.2,0.4578,0
EMP00984,34,Female,Customer Support,Analyst,0.69,67218,39.4,12.3,Hybrid,9.73,7,3.27,76.4,3,11.5,5.65,5.69,8.49,2.96,3.4,6.0,0.3174,0
EMP00985,34,Male,Sales,Senior,1.91,50308,47.9,5.2,Full Remote,6.11,10,2.97,60.8,7,13.4,7.03,5.5,6.34,5.28,31.4,7.2,0.4538,0
EMP00986,25,Female,Customer Support,Analyst,11.75,57944,35.0,5.5,Hybrid,6.81,10,3.63,76.5,3,11.4,8.0,8.47,3.79,4.26,29.4,12.2,0.4831,0
EMP00987,47,Female,Engineering,Senior Dev,0.65,62375,35.4,7.8,On-site,7.98,12,2.62,46.4,2,16.8,6.19,5.69,6.91,7.44,45.0,4.9,0.3122,0
EMP00988,42,Female,HR,Analyst,3.04,47028,48.7,17.7,Full Remote,8.78,4,4.02,68.4,5,13.4,7.14,6.04,2.97,4.72,46.0,15.8,0.575,0
EMP00989,33,Male,Engineering,Senior Dev,2.57,107254,39.4,10.1,On-site,8.22,8,3.74,77.9,2,16.0,7.43,5.34,5.89,3.74,35.0,5.1,0.5086,0
EMP00990,35,Male,Operations,Manager,2.5,108192,38.3,5.2,Full Remote,9.33,9,3.91,78.3,3,14.8,7.51,6.61,6.15,3.49,5.0,4.3,0.4007,0
EMP00991,36,Male,Operations,Senior Analyst,2.86,70105,56.2,5.7,Full Remote,8.97,11,2.08,45.1,5,10.4,6.49,4.35,6.71,5.89,120.0,12.9,0.3516,0
EMP00992,22,Female,Engineering,Junior Dev,2.09,65181,62.7,3.9,Hybrid,7.28,10,4.58,82.6,4,8.6,8.68,4.0,4.98,5.06,11.5,1.4,0.2852,0
EMP00993,33,Male,Customer Support,Senior Analyst,0.1,40000,52.5,8.8,On-site,8.17,7,2.6,73.1,3,16.7,7.82,4.37,5.81,3.28,5.0,5.7,0.3147,0
EMP00994,29,Female,Engineering,Junior Dev,6.91,92399,36.3,20.7,Full Remote,8.7,7,2.49,67.5,3,15.5,6.58,4.16,3.43,3.91,16.2,7.6,0.5503,0
EMP00995,26,Male,HR,Senior Analyst,5.26,116336,59.1,8.2,Full Remote,6.38,8,1.89,83.6,4,9.7,5.17,4.74,7.6,6.57,42.8,13.7,0.496,0
EMP00996,32,Female,Customer Support,Senior Analyst,0.57,59070,35.0,2.6,Hybrid,6.32,8,3.02,79.6,4,1.9,7.42,6.57,6.54,4.04,25.6,2.0,0.4769,0
EMP00997,49,Female,Operations,Analyst,1.6,72080,42.6,20.2,Hybrid,9.56,8,3.62,46.8,7,15.3,6.05,2.11,6.9,5.4,23.4,3.8,0.2491,0
EMP00998,40,Female,Customer Support,Manager,4.42,85857,45.4,6.5,Full Remote,7.9,7,3.42,92.9,5,18.2,6.07,2.61,3.8,4.07,21.6,4.0,0.2868,0
EMP00999,30,Male,Sales,Associate,11.75,118110,60.4,11.1,Full Remote,8.09,4,4.06,62.3,2,7.5,4.83,5.58,5.52,4.92,32.2,4.1,0.5954,0
EMP01000,39,Male,Engineering,Manager,9.06,79994,52.3,11.4,On-site,8.94,12,4.52,89.1,6,14.2,7.17,3.64,7.05,4.55,8.0,3.9,0.5233,0
EMP01001,46,Male,Engineering,Junior Dev,6.89,79885,41.3,19.7,On-site,6.14,6,4.59,84.3,8,18.1,6.18,4.09,5.73,3.51,8.0,2.8,0.4472,0
EMP01002,42,Male,Marketing,Associate,0.52,79482,37.4,6.9,Full Remote,5.93,7,3.3,81.8,7,8.6,6.81,4.9,4.91,6.06,13.2,4.1,0.2835,0
EMP01003,35,Female,Operations,Analyst,7.38,40000,53.0,11.2,Hybrid,9.03,4,3.38,97.4,4,2.5,5.46,4.37,6.73,7.58,6.9,0.8,0.5299,0
EMP01004,29,Female,Engineering,Junior Dev,6.32,40000,40.7,4.9,Full Remote,7.17,9,3.39,84.3,6,18.5,4.62,3.84,5.19,7.32,83.7,8.6,0.3285,0
EMP01005,40,Female,Finance,Senior Analyst,1.42,54800,46.7,8.1,Hybrid,7.52,9,3.17,62.7,2,4.2,6.94,4.32,6.29,6.6,17.4,3.8,0.5228,0
EMP01006,38,Male,Sales,Senior,1.51,100322,35.0,15.0,Full Remote,8.78,7,5.0,78.7,2,12.8,5.2,2.93,7.01,5.31,11.3,3.8,0.4141,0
EMP01007,42,Female,Sales,Manager,1.85,66616,49.6,3.2,Full Remote,8.15,12,3.75,63.1,4,14.8,5.17,4.77,7.77,5.38,9.9,4.5,0.4957,0
EMP01008,40,Female,Finance,Analyst,3.2,61759,48.9,19.7,On-site,7.8,8,3.91,55.5,0,10.7,7.57,6.38,6.41,6.93,38.7,3.6,0.4039,0
EMP01009,43,Female,Marketing,Senior,0.91,61320,35.1,4.3,Full Remote,7.94,11,4.04,72.4,4,22.8,5.82,5.37,8.84,5.35,54.3,9.5,0.3163,0
EMP01010,30,Male,Operations,Senior Analyst,0.1,71558,53.3,16.7,Full Remote,8.56,13,4.47,72.7,4,12.6,8.35,4.82,4.98,6.6,43.1,4.4,0.5148,0
EMP01011,45,Male,Engineering,Senior Dev,0.46,117552,49.4,3.6,On-site,7.94,10,3.32,76.2,5,14.6,4.95,3.07,4.07,5.38,4.3,3.4,0.4933,0
EMP01012,36,Male,Operations,Senior Analyst,1.74,71220,50.9,22.4,On-site,7.01,10,3.91,76.0,0,10.1,6.46,4.14,6.93,6.1,23.5,3.5,0.4327,0
EMP01013,51,Female,Engineering,Senior Dev,0.99,55342,42.0,2.0,Full Remote,7.57,6,3.97,56.6,7,13.8,7.13,6.08,6.07,7.54,12.3,7.5,0.4578,0
EMP01014,29,Female,Engineering,Junior Dev,4.34,75631,46.4,29.8,Hybrid,7.47,6,2.25,84.5,8,14.2,4.38,2.61,4.61,5.85,35.6,0.7,0.6119,0
EMP01015,48,Male,Finance,Senior Analyst,0.34,118877,45.5,8.5,Hybrid,7.34,8,3.11,74.4,3,10.8,7.22,4.7,4.69,6.48,0.5,3.1,0.4462,0
EMP01016,36,Male,Operations,Senior Analyst,7.48,62429,43.8,26.0,Hybrid,7.54,7,3.37,78.9,2,7.4,6.75,4.26,5.43,6.68,53.2,3.2,0.4497,0
EMP01017,29,Female,Sales,Senior,6.77,45474,46.4,8.4,On-site,9.93,7,4.29,67.9,6,5.2,7.96,4.15,6.02,4.66,27.0,5.4,0.511,0
EMP01018,31,Female,Sales,Associate,7.18,62475,55.1,5.4,On-site,7.92,10,5.0,61.1,3,8.4,7.99,5.6,6.5,4.36,5.0,10.3,0.2802,0
EMP01019,32,Male,Marketing,Associate,4.04,78219,53.6,6.2,On-site,7.27,13,3.15,94.2,4,20.4,8.45,6.07,9.25,5.79,22.9,2.7,0.302,0
EMP01020,38,Female,Engineering,Senior Dev,0.34,92206,35.5,6.3,Full Remote,5.39,9,3.12,72.6,5,3.4,7.26,3.7,6.61,6.27,96.2,11.7,0.4869,0
EMP01021,39,Other,Operations,Analyst,1.73,100172,52.9,3.4,Hybrid,8.94,11,3.85,85.9,3,20.1,5.51,3.41,5.83,6.93,56.3,8.5,0.3689,0
EMP01022,30,Female,Operations,Analyst,0.42,48857,54.5,4.9,Hybrid,7.42,13,2.12,62.0,2,21.2,4.95,4.73,3.82,6.56,13.0,14.1,0.4751,0
EMP01023,34,Male,Engineering,Tech Lead,13.19,51228,43.8,12.1,Full Remote,7.55,9,2.07,51.2,1,11.8,9.54,3.01,5.62,7.79,48.3,7.3,0.3149,0
EMP01024,52,Female,Marketing,Senior,1.22,66918,49.1,14.7,Full Remote,5.4,6,3.39,80.1,6,19.6,7.26,6.34,2.39,3.96,5.9,4.1,0.614,0
EMP01025,48,Female,Operations,Senior Analyst,2.64,92112,49.0,12.7,Full Remote,6.34,8,3.07,69.0,3,11.8,6.49,4.52,4.9,8.44,14.7,6.7,0.5184,0
EMP01026,38,Male,Sales,Associate,4.53,43499,38.2,18.3,Full Remote,8.94,6,4.39,58.4,4,10.1,8.14,4.55,4.93,5.74,2.3,1.4,0.3981,0
EMP01027,35,Female,HR,Manager,7.6,59816,41.9,16.5,Full Remote,5.77,5,3.2,71.3,3,8.6,4.38,4.12,7.19,6.06,16.7,6.5,0.538,0
EMP01028,35,Female,Engineering,Junior Dev,4.23,60181,51.0,15.5,Full Remote,8.33,6,2.45,80.0,7,10.2,8.31,3.99,5.7,5.18,7.5,9.8,0.3833,0
EMP01029,39,Female,HR,Senior Analyst,3.37,98543,41.0,2.5,Full Remote,6.83,8,2.69,76.3,7,14.7,8.35,4.37,8.06,8.04,0.8,15.9,0.3314,0
EMP01030,26,Male,Engineering,Manager,1.88,88206,52.8,7.2,Hybrid,7.86,9,4.45,81.3,7,11.8,7.85,2.27,4.11,8.0,18.5,9.4,0.3805,0
EMP01031,32,Female,Operations,Senior Analyst,2.79,97592,55.4,11.6,Hybrid,4.78,8,2.92,61.6,7,9.7,6.82,5.86,6.55,3.69,120.0,6.7,0.5972,0
EMP01032,22,Female,Sales,Director,0.3,108466,54.1,16.4,Full Remote,7.5,6,3.22,65.6,3,6.2,3.8,4.11,5.99,4.84,22.8,5.7,0.6312,0
EMP01033,38,Male,Sales,Senior,6.46,67358,60.8,8.6,On-site,7.99,11,3.26,86.8,5,4.7,4.03,6.57,3.51,7.32,37.8,2.2,0.6477,0
EMP01034,40,Female,Operations,Analyst,2.35,45314,44.3,9.6,Hybrid,5.7,7,3.03,62.1,4,5.6,7.08,3.75,7.11,7.64,8.4,3.5,0.3432,0
EMP01035,31,Female,Engineering,Junior Dev,0.12,45475,46.4,12.8,On-site,5.49,6,3.74,95.1,5,8.3,4.67,7.3,4.72,3.73,11.6,7.6,0.6864,0
EMP01036,47,Female,Sales,Associate,7.57,40000,47.6,15.6,On-site,7.82,5,4.92,42.3,4,29.3,6.58,4.02,6.16,5.65,3.4,10.5,0.412,0
EMP01037,25,Male,Sales,Associate,2.02,63530,44.5,26.4,Full Remote,9.42,6,3.94,74.8,2,17.7,9.48,3.64,6.67,4.94,5.1,12.6,0.381,0
EMP01038,23,Female,Sales,Senior,6.09,65394,49.3,1.3,Hybrid,9.92,7,4.16,97.5,5,18.9,7.0,6.14,3.33,4.33,63.7,2.3,0.6706,0
EMP01039,36,Male,Customer Support,Analyst,5.83,94688,35.0,10.5,Hybrid,9.2,9,2.73,35.2,5,12.3,7.41,2.61,5.07,5.15,2.8,0.5,0.2948,0
EMP01040,43,Male,Operations,Manager,5.07,75422,46.6,16.7,Hybrid,5.49,10,3.8,84.9,4,6.7,4.86,8.96,5.41,4.73,29.9,4.0,0.8916,1
EMP01041,48,Female,Engineering,Senior Dev,0.19,62741,35.0,27.7,Full Remote,8.64,7,4.59,78.6,3,3.8,5.68,3.73,6.37,9.1,40.6,5.7,0.5096,0
EMP01042,31,Male,Finance,Senior Analyst,0.85,72100,37.3,2.7,On-site,8.22,9,3.31,78.3,3,14.3,6.42,4.31,7.38,3.29,4.0,5.4,0.3301,0
EMP01043,43,Female,Marketing,Director,6.25,49025,50.9,2.0,Full Remote,8.53,7,3.5,83.3,4,11.4,5.74,7.53,6.04,6.05,28.9,6.3,0.4924,0
EMP01044,34,Male,Customer Support,Analyst,6.88,100635,43.4,4.9,On-site,8.02,8,4.11,78.7,1,11.2,7.82,4.02,4.84,2.37,5.1,7.8,0.486,0
EMP01045,33,Male,Sales,Manager,1.84,55352,50.6,4.9,On-site,9.5,4,4.72,56.3,5,8.1,7.56,3.82,6.62,3.33,41.6,5.6,0.3434,0
EMP01046,42,Male,HR,Senior Analyst,1.74,46501,43.2,12.0,Hybrid,6.54,8,4.45,65.2,2,10.6,7.19,3.68,6.82,7.62,32.0,10.2,0.1804,0
EMP01047,40,Other,Marketing,Associate,0.58,95447,53.9,9.5,Full Remote,3.57,4,2.49,87.8,2,3.4,8.09,3.82,4.87,3.96,56.1,3.7,0.563,0
EMP01048,22,Female,Marketing,Senior,10.36,89354,43.1,7.0,Hybrid,8.98,5,3.77,77.5,2,8.1,4.73,7.89,6.74,7.89,11.5,8.3,0.4566,0
EMP01049,46,Female,Marketing,Senior,0.72,40000,35.0,25.4,Full Remote,8.79,8,3.01,59.5,4,10.4,6.15,5.26,8.02,7.77,1.7,12.7,0.4051,0
EMP01050,46,Male,Engineering,Tech Lead,0.64,96375,46.8,8.8,Full Remote,7.34,9,3.24,62.2,4,17.4,5.7,3.93,7.22,5.52,1.7,3.2,0.4527,0
EMP01051,29,Male,Operations,Senior Analyst,3.24,56460,35.0,21.7,On-site,7.61,9,2.46,75.2,8,9.6,4.86,5.87,6.41,4.01,43.7,4.4,0.4669,0
EMP01052,38,Other,Marketing,Senior,0.83,65647,35.0,10.2,Hybrid,9.74,4,3.29,62.7,4,18.4,6.67,3.49,6.86,7.66,0.7,4.2,0.2264,0
EMP01053,38,Male,Customer Support,Senior Analyst,8.38,79675,37.9,12.3,Hybrid,6.46,9,2.82,50.4,9,11.6,6.58,4.85,5.02,3.97,1.2,4.6,0.451,0
EMP01054,37,Male,Sales,Associate,0.1,89665,36.9,0.1,On-site,7.3,12,3.37,88.4,8,6.3,7.68,6.03,7.41,7.15,19.1,2.2,0.321,0
EMP01055,30,Female,Finance,Senior Analyst,0.1,86136,40.6,5.2,Full Remote,8.03,6,3.89,79.2,4,10.4,6.13,3.52,2.59,6.21,6.5,11.0,0.3285,0
EMP01056,29,Male,Customer Support,Manager,2.11,73754,36.7,11.4,Hybrid,3.64,9,3.73,68.9,4,15.6,8.47,3.56,6.26,7.47,1.2,5.4,0.4818,0
EMP01057,34,Female,Finance,Manager,2.01,64383,35.0,2.0,Hybrid,8.76,7,4.21,77.6,4,15.0,8.39,9.08,6.93,4.97,51.6,4.5,0.2679,0
EMP01058,44,Female,Operations,Senior Analyst,0.54,85305,57.3,8.1,Hybrid,4.84,7,3.11,53.0,3,7.8,4.29,5.86,9.02,5.07,57.0,6.5,0.6044,0
EMP01059,39,Male,Operations,Analyst,2.05,72040,39.6,21.2,On-site,7.05,3,2.15,74.2,5,20.3,5.01,2.91,8.47,7.92,2.6,3.0,0.3877,0
EMP01060,32,Male,Sales,Director,1.59,120133,35.0,15.0,On-site,8.97,6,4.78,72.8,2,15.2,7.21,2.84,3.66,3.22,21.2,5.1,0.2837,0
EMP01061,41,Male,HR,Analyst,6.63,89660,42.1,28.5,Hybrid,7.31,10,3.94,77.4,0,19.3,5.95,7.97,5.64,5.87,34.1,1.9,0.6476,0
EMP01062,22,Female,Engineering,Senior Dev,0.1,51914,36.0,14.0,Hybrid,9.11,8,3.98,89.9,2,13.5,5.86,4.91,3.56,3.91,49.6,0.9,0.5194,0
EMP01063,44,Female,Marketing,Associate,11.22,63060,37.9,19.8,Hybrid,5.64,4,3.93,65.9,5,18.7,7.46,2.33,4.24,6.09,22.2,8.1,0.4934,0
EMP01064,22,Male,Engineering,Manager,2.94,76204,50.7,2.7,Hybrid,9.24,10,3.71,48.9,3,10.3,7.18,6.14,8.07,5.08,1.0,10.2,0.286,0
EMP01065,32,Male,Finance,Senior Analyst,0.49,107485,41.4,2.8,Hybrid,8.12,7,4.29,76.1,5,15.9,5.87,3.61,6.73,2.69,56.5,3.1,0.218,0
EMP01066,26,Female,Marketing,Manager,0.14,110277,35.8,27.3,Full Remote,9.41,11,2.97,72.5,2,8.5,8.52,3.28,4.16,5.18,12.3,4.5,0.4326,0
EMP01067,24,Female,Sales,Associate,2.32,65096,48.6,8.6,Full Remote,7.88,8,4.13,86.3,5,19.5,7.17,5.57,8.61,3.29,59.1,1.3,0.3054,0
EMP01068,44,Male,Sales,Manager,0.8,51659,54.2,16.8,On-site,9.28,9,3.78,89.8,4,0.8,6.12,4.75,4.74,5.22,22.7,3.9,0.4251,0
EMP01069,31,Male,Customer Support,Senior Analyst,1.08,48462,49.3,2.7,Full Remote,7.24,7,3.61,80.8,6,20.3,7.24,5.94,5.88,5.16,22.1,6.2,0.3525,0
EMP01070,37,Male,Engineering,Senior Dev,0.84,81310,35.0,17.9,Hybrid,6.02,11,3.11,59.6,8,3.4,6.63,7.02,6.49,5.16,16.3,16.2,0.5288,0
EMP01071,34,Female,Engineering,Junior Dev,3.15,132594,36.1,13.4,On-site,8.7,4,3.7,66.1,4,1.5,6.66,4.34,7.7,3.53,5.6,3.1,0.3388,0
EMP01072,38,Other,Engineering,Senior Dev,2.42,88477,45.4,15.6,Full Remote,5.94,11,3.33,64.4,7,6.1,5.0,4.52,5.44,3.83,113.0,5.4,0.3648,0
EMP01073,35,Male,Customer Support,Analyst,0.24,40000,43.0,2.5,Hybrid,8.79,8,4.18,87.1,2,12.7,7.85,3.79,7.67,4.33,0.5,4.3,0.3364,0
EMP01074,24,Female,Customer Support,Senior Analyst,2.24,56849,42.4,6.6,Full Remote,6.78,10,3.13,80.0,7,13.7,4.88,5.41,4.61,5.3,9.4,11.7,0.5342,0
EMP01075,42,Male,Finance,Analyst,4.7,59402,37.1,9.2,On-site,9.1,5,2.68,69.1,5,14.9,6.57,5.38,6.33,5.52,10.8,12.7,0.3913,0
EMP01076,31,Male,Operations,Analyst,0.25,54449,35.0,37.6,Full Remote,9.32,8,3.95,59.7,1,8.6,8.25,3.95,7.62,6.18,28.5,3.0,0.346,0
EMP01077,22,Male,Engineering,Junior Dev,6.61,65302,61.1,12.6,Hybrid,6.18,11,5.0,68.5,2,11.5,3.96,6.4,5.83,7.14,10.3,10.0,0.6475,0
EMP01078,31,Female,Customer Support,Analyst,2.59,84234,45.2,14.0,Hybrid,7.96,9,3.71,69.0,6,10.1,7.22,4.78,4.94,4.98,53.6,2.0,0.5012,0
EMP01079,47,Female,Engineering,Junior Dev,9.02,92049,50.1,6.6,On-site,8.45,7,3.38,76.4,4,11.6,5.25,7.82,6.67,7.13,2.8,10.8,0.4694,0
EMP01080,41,Female,Engineering,Manager,0.48,102294,45.1,19.3,Full Remote,8.19,8,4.93,68.2,4,13.8,7.29,4.98,6.11,5.46,47.8,6.8,0.5724,0
EMP01081,32,Male,Engineering,Senior Dev,15.14,88105,45.4,7.9,Hybrid,9.58,9,3.87,71.7,2,11.3,5.35,4.88,4.34,5.81,2.7,7.4,0.3971,0
EMP01082,32,Male,HR,Analyst,3.1,40000,44.5,9.9,Full Remote,3.83,6,3.38,72.6,6,13.0,6.36,7.06,4.36,6.1,66.3,2.3,0.5748,0
EMP01083,32,Male,Operations,Senior Analyst,2.51,48567,36.0,10.4,Full Remote,5.94,9,4.87,68.8,4,5.2,6.85,6.87,5.85,6.99,0.3,2.3,0.5394,0
EMP01084,51,Female,Sales,Senior,2.17,71047,35.0,6.2,On-site,8.28,10,2.91,64.1,2,17.1,7.86,3.01,4.69,5.45,18.0,2.4,0.481,0
EMP01085,38,Male,Customer Support,Manager,0.1,78681,48.1,16.8,Full Remote,7.79,11,3.23,69.0,6,15.2,6.87,6.74,6.59,6.46,5.9,8.7,0.4734,0
EMP01086,38,Female,Sales,Associate,8.42,96535,46.5,17.8,Hybrid,8.3,10,3.77,43.4,3,13.2,8.21,4.28,5.14,6.14,20.4,0.8,0.3492,0
EMP01087,43,Male,Engineering,Junior Dev,3.1,76079,52.5,12.3,On-site,8.26,7,5.0,72.9,2,7.9,6.98,5.37,6.79,5.83,5.2,3.0,0.3045,0
EMP01088,36,Male,Marketing,Director,0.29,76267,50.9,8.0,On-site,6.36,2,2.76,79.2,4,8.3,5.51,4.2,4.93,8.78,5.7,5.2,0.4365,0
EMP01089,32,Male,Finance,Analyst,0.1,80944,38.5,12.2,Hybrid,5.97,9,2.59,82.5,5,10.9,5.8,2.59,6.6,8.29,8.5,4.5,0.2523,0
EMP01090,33,Male,Operations,Analyst,0.16,68624,54.1,25.2,Full Remote,7.44,8,3.68,67.0,4,17.6,7.37,5.12,6.97,3.05,14.6,4.4,0.5802,0
EMP01091,34,Male,Marketing,Associate,2.82,77172,51.1,0.6,Hybrid,6.8,9,4.69,87.0,4,7.1,7.92,2.64,7.04,6.09,12.2,6.9,0.2773,0
EMP01092,34,Male,HR,Analyst,2.86,103145,50.5,6.1,On-site,8.73,6,4.22,64.7,3,5.5,7.65,5.32,7.88,5.34,1.4,3.0,0.1936,0
EMP01093,40,Female,Sales,Director,2.08,72902,63.0,5.3,On-site,7.54,5,2.96,86.8,3,7.7,6.78,5.1,6.54,8.05,7.1,11.3,0.4083,0
EMP01094,35,Female,HR,Analyst,1.1,74244,61.4,15.8,Hybrid,9.01,6,2.58,77.8,3,15.8,6.51,4.27,8.05,5.24,3.8,8.4,0.3495,0
EMP01095,40,Male,Customer Support,Manager,2.28,74160,50.5,13.8,On-site,6.25,6,2.98,73.1,1,13.5,4.51,5.04,8.14,7.67,44.5,4.1,0.5142,0
EMP01096,34,Male,Engineering,Manager,2.18,107444,49.5,5.4,On-site,6.26,8,3.58,46.1,4,15.4,3.9,5.42,5.39,7.83,18.8,11.4,0.4889,0
EMP01097,35,Male,Operations,Senior Analyst,0.1,47298,53.7,3.5,On-site,7.24,6,3.75,85.6,7,8.3,7.58,5.41,7.34,6.82,33.8,6.6,0.3526,0
EMP01098,22,Male,Marketing,Associate,1.0,119396,40.3,13.6,Hybrid,7.25,4,3.31,73.7,6,12.0,6.61,4.4,6.35,6.09,40.6,1.0,0.5036,0
EMP01099,42,Male,Sales,Associate,0.16,45590,40.4,3.2,On-site,9.75,12,3.29,63.5,3,16.2,8.07,1.77,4.84,5.42,16.6,7.5,0.1393,0
EMP01100,37,Female,Customer Support,Senior Analyst,6.91,58644,50.4,22.7,On-site,9.25,6,3.28,39.8,4,8.4,9.05,4.89,8.5,5.88,27.2,12.8,0.3329,0
EMP01101,42,Male,Marketing,Senior,3.88,93618,38.1,7.7,Full Remote,8.24,6,3.98,71.3,7,20.3,6.81,6.48,3.04,3.49,19.9,4.6,0.4816,0
EMP01102,22,Male,Sales,Senior,16.65,100757,49.7,18.7,On-site,8.2,10,3.78,88.2,6,15.9,4.63,7.23,7.5,5.71,55.6,14.6,0.7011,1
EMP01103,51,Male,Engineering,Senior Dev,1.08,40000,46.3,11.3,Full Remote,8.13,13,4.0,82.5,2,10.5,5.25,7.08,5.96,5.13,0.0,3.1,0.4375,0
EMP01104,33,Male,Engineering,Manager,6.32,47682,38.2,3.9,Hybrid,3.4,7,3.77,88.1,3,19.6,8.2,5.0,5.31,7.27,6.7,2.5,0.4819,0
EMP01105,43,Female,Operations,Senior Analyst,2.77,81946,45.2,7.8,On-site,7.31,7,2.0,47.8,5,9.8,8.21,7.26,4.76,3.69,0.1,8.2,0.4478,0
EMP01106,26,Male,HR,Senior Analyst,1.81,133610,55.4,20.4,Hybrid,6.08,10,3.51,61.1,4,5.6,6.42,6.48,4.29,5.1,63.0,8.8,0.4996,0
EMP01107,39,Male,Customer Support,Manager,0.76,106156,45.7,6.4,On-site,5.72,6,2.96,28.0,3,12.1,6.82,4.05,7.52,7.69,19.3,2.7,0.1744,0
EMP01108,26,Female,Engineering,Junior Dev,4.02,68797,45.7,12.1,Hybrid,8.78,16,4.77,70.0,2,9.6,7.11,2.63,7.72,5.76,5.3,2.3,0.1211,0
EMP01109,30,Male,Engineering,Junior Dev,7.03,40000,47.6,5.1,Hybrid,8.62,7,2.58,40.0,5,12.6,6.83,2.56,5.06,5.94,4.0,9.4,0.3071,0
EMP01110,50,Female,Engineering,Junior Dev,0.8,77041,48.7,21.2,Full Remote,4.05,4,1.97,73.9,2,17.7,8.54,8.08,4.06,4.08,20.2,12.1,0.7261,1
EMP01111,33,Female,Marketing,Associate,0.58,84057,42.4,4.0,Hybrid,8.08,12,4.13,72.7,5,11.6,5.38,2.55,5.06,5.95,18.8,16.7,0.402,0
EMP01112,36,Male,Customer Support,Senior Analyst,3.57,65432,47.8,12.9,Hybrid,5.22,6,3.7,77.5,1,9.2,7.68,2.72,6.97,5.55,4.4,1.5,0.3753,0
EMP01113,41,Female,Finance,Analyst,11.31,53731,36.6,6.6,Full Remote,9.11,15,3.61,47.2,3,12.1,5.9,5.4,3.77,5.48,73.2,2.6,0.3872,0
EMP01114,38,Male,Sales,Senior,4.16,78979,38.6,3.7,Hybrid,8.93,9,3.82,46.9,5,16.6,8.4,6.17,6.78,5.84,46.0,0.9,0.5134,0
EMP01115,36,Female,Operations,Manager,1.0,51443,39.6,16.1,Full Remote,7.28,10,3.43,43.4,5,7.2,8.88,3.18,9.11,5.71,31.1,5.1,0.1667,0
EMP01116,37,Male,Operations,Analyst,1.63,121811,48.8,13.0,On-site,9.9,5,3.13,62.0,3,3.1,7.77,2.11,5.55,6.41,9.0,2.2,0.2577,0
EMP01117,54,Male,Engineering,Senior Dev,1.46,112918,46.3,3.4,Full Remote,3.64,7,3.63,64.3,7,8.9,8.44,5.72,7.83,7.21,1.3,2.1,0.4892,0
EMP01118,34,Female,Operations,Analyst,5.73,91447,43.9,9.3,Hybrid,6.78,7,2.65,73.8,5,9.6,8.1,4.19,3.68,3.17,21.6,3.3,0.6401,0
EMP01119,36,Female,Sales,Associate,4.43,77242,50.5,0.9,Hybrid,6.68,10,4.69,59.4,5,11.5,6.33,5.97,7.31,6.77,7.3,2.1,0.3798,0
EMP01120,43,Other,Engineering,Senior Dev,2.67,58495,48.0,3.2,Full Remote,7.95,4,2.98,52.2,6,9.7,7.71,4.79,7.62,3.06,26.6,3.4,0.3287,0
EMP01121,43,Female,Engineering,Manager,0.96,74480,42.7,6.2,On-site,9.03,9,2.53,71.5,1,9.2,8.96,3.35,5.81,4.87,29.9,2.5,0.2292,0
EMP01122,44,Male,Marketing,Senior,8.34,115982,36.7,14.3,Hybrid,9.53,6,3.81,97.2,5,6.8,5.18,5.26,5.63,3.38,22.9,7.9,0.4615,0
EMP01123,40,Male,Sales,Associate,3.18,96716,38.4,22.9,Hybrid,3.93,5,2.84,87.6,7,7.4,6.11,5.53,6.83,4.49,1.4,3.6,0.751,1
EMP01124,25,Male,Sales,Senior,10.57,80092,35.0,12.5,Hybrid,6.77,3,4.46,71.5,7,17.9,4.09,3.19,7.96,4.69,18.7,5.6,0.4004,0
EMP01125,48,Male,Engineering,Junior Dev,2.6,98099,46.1,10.0,Hybrid,9.08,9,1.9,63.6,4,9.6,5.08,4.49,5.07,7.45,3.6,4.2,0.3586,0
EMP01126,25,Male,Operations,Analyst,5.16,88640,38.1,14.9,Hybrid,6.9,6,2.18,96.4,3,3.6,6.63,5.07,8.33,6.2,45.9,9.8,0.3387,0
EMP01127,37,Female,Customer Support,Senior Analyst,5.03,84906,41.0,7.6,On-site,8.25,9,3.2,91.4,2,8.7,7.98,3.07,7.26,6.32,104.1,7.8,0.2683,0
EMP01128,28,Male,Operations,Analyst,1.23,99514,44.0,25.0,Hybrid,8.77,9,3.6,55.4,3,17.1,6.81,7.11,8.01,5.64,8.1,10.0,0.5713,0
EMP01129,34,Male,Sales,Senior,9.97,87925,53.4,4.8,Hybrid,9.62,7,2.91,54.3,1,9.5,5.04,7.15,6.0,5.98,29.6,6.5,0.4095,0
EMP01130,37,Male,Engineering,Senior Dev,0.1,96463,52.4,4.8,Full Remote,7.42,13,3.29,44.0,2,11.6,4.33,3.88,4.27,5.1,27.7,2.8,0.5128,0
EMP01131,37,Female,Engineering,Senior Dev,4.39,79034,44.6,26.9,On-site,8.56,8,4.88,57.6,3,13.1,8.28,5.15,5.11,3.93,3.3,0.5,0.5282,0
EMP01132,38,Female,Engineering,Junior Dev,10.11,68646,55.1,12.7,On-site,9.38,10,2.94,73.3,3,11.1,5.81,4.03,4.95,3.66,5.8,3.4,0.5089,0
EMP01133,47,Female,Marketing,Director,1.24,61295,35.0,7.7,Hybrid,9.27,7,2.21,67.5,5,7.4,5.88,8.02,6.94,2.53,3.4,3.6,0.4054,0
EMP01134,38,Male,HR,Analyst,3.13,58317,60.0,31.4,Full Remote,8.88,8,3.31,59.3,4,10.2,7.03,7.28,6.88,7.18,18.6,12.3,0.7448,1
EMP01135,33,Female,Finance,Senior Analyst,2.48,40000,50.5,16.9,Full Remote,8.75,5,2.59,59.8,5,9.8,7.68,4.99,7.98,5.18,19.0,5.0,0.5039,0
EMP01136,42,Male,Finance,Analyst,4.3,52201,45.8,7.6,Hybrid,9.22,8,3.96,81.6,9,11.9,6.32,7.78,6.7,5.48,29.2,8.4,0.5161,0
EMP01137,44,Female,Sales,Senior,6.03,51478,37.9,4.7,Full Remote,8.73,9,3.9,68.4,2,23.1,5.01,1.9,3.63,2.6,13.4,7.5,0.3885,0
EMP01138,25,Female,Sales,Senior,2.77,62316,41.5,16.0,On-site,6.96,10,3.39,84.0,4,8.8,7.32,4.9,9.17,3.07,14.5,2.2,0.429,0
EMP01139,39,Male,Finance,Analyst,5.08,114056,49.9,13.6,On-site,6.09,11,3.8,63.9,2,20.2,8.01,6.4,6.96,4.9,17.4,3.5,0.6164,0
EMP01140,40,Female,Sales,Associate,1.12,71060,50.1,7.4,On-site,9.12,8,2.64,45.7,3,6.7,5.98,3.23,6.73,5.7,14.5,3.6,0.506,0
EMP01141,32,Female,Engineering,Senior Dev,0.78,81044,50.3,9.5,Full Remote,9.46,9,4.26,61.8,7,8.6,8.03,3.44,6.0,7.42,1.9,6.0,0.3994,0
EMP01142,46,Male,Sales,Manager,1.69,81832,39.2,7.0,On-site,5.18,6,3.05,58.7,4,6.8,3.55,6.22,3.34,2.69,36.6,8.2,0.705,1
EMP01143,33,Female,Sales,Senior,3.4,114689,37.6,0.9,Hybrid,7.85,8,4.84,50.0,2,8.0,6.08,4.62,5.35,5.11,9.8,1.4,0.3385,0
EMP01144,36,Male,Engineering,Junior Dev,0.62,60610,46.6,23.5,Full Remote,7.39,8,3.24,74.2,4,18.2,6.77,2.08,8.68,2.86,13.9,3.0,0.4412,0
EMP01145,33,Male,Operations,Senior Analyst,3.42,69436,51.2,6.7,Hybrid,9.47,8,3.14,44.0,5,11.9,7.05,3.59,6.21,3.55,33.2,4.3,0.1765,0
EMP01146,35,Male,Operations,Manager,1.5,72345,45.0,3.6,Hybrid,7.37,6,3.34,34.6,2,3.5,3.33,8.13,3.24,7.09,6.0,1.7,0.457,0
EMP01147,26,Male,Engineering,Tech Lead,4.76,103413,56.9,9.3,On-site,7.75,8,3.97,90.1,6,7.7,6.73,5.05,7.25,6.07,18.9,2.3,0.4735,0
EMP01148,23,Female,Engineering,Junior Dev,0.11,108602,45.3,11.3,Full Remote,7.02,5,4.66,84.3,1,0.3,5.66,4.92,6.82,5.19,43.8,8.5,0.4315,0
EMP01149,47,Male,Finance,Manager,3.31,86864,45.0,10.5,Full Remote,5.66,12,3.79,85.8,5,11.1,6.99,3.95,6.46,6.24,20.6,3.8,0.4175,0
EMP01150,28,Female,Engineering,Senior Dev,3.15,105822,50.4,5.0,Hybrid,8.27,2,5.0,43.2,4,11.4,4.04,5.14,4.47,4.19,10.3,8.7,0.5738,0
EMP01151,27,Male,Sales,Senior,8.49,79441,54.8,29.8,On-site,5.85,13,2.84,63.4,1,10.3,6.79,2.29,6.88,8.94,22.0,3.0,0.357,0
EMP01152,22,Other,Engineering,Senior Dev,3.75,70684,35.0,5.1,On-site,6.49,15,3.34,93.1,4,18.1,6.15,6.44,4.16,5.01,15.2,0.5,0.3794,0
EMP01153,29,Female,Engineering,Tech Lead,4.77,104468,36.1,0.9,Full Remote,9.37,7,2.61,81.6,5,7.0,8.61,5.66,5.66,3.95,20.0,3.2,0.3596,0
EMP01154,24,Female,Operations,Manager,7.05,87190,42.5,11.3,Full Remote,7.12,17,3.1,69.9,8,13.2,8.89,5.49,7.26,4.08,3.5,6.2,0.3881,0
EMP01155,48,Male,Operations,Manager,3.37,56611,70.0,5.2,On-site,8.56,10,2.97,79.7,3,7.9,8.78,6.03,8.61,5.42,37.8,4.5,0.4479,0
EMP01156,43,Male,Engineering,Junior Dev,1.03,99935,42.9,19.0,Hybrid,8.44,12,2.33,76.2,2,17.4,4.76,4.16,7.53,7.08,8.4,7.1,0.3589,0
EMP01157,29,Male,Sales,Director,6.12,69787,44.0,9.2,On-site,7.72,11,4.25,88.7,3,3.8,7.29,5.12,6.9,6.43,8.9,12.3,0.282,0
EMP01158,53,Female,Engineering,Junior Dev,4.13,66729,49.9,37.3,On-site,8.18,6,3.97,68.1,1,8.9,6.15,4.94,6.84,4.33,1.3,12.4,0.5154,0
EMP01159,42,Female,Engineering,Junior Dev,1.66,97325,52.8,13.1,Full Remote,5.46,13,3.18,45.3,1,21.8,7.25,5.04,6.95,5.12,11.1,6.7,0.4483,0
EMP01160,32,Male,Customer Support,Senior Analyst,3.72,72779,46.4,5.0,On-site,8.66,9,3.76,57.2,3,9.2,8.48,2.52,3.13,5.86,17.5,1.0,0.4076,0
EMP01161,22,Male,Finance,Senior Analyst,6.07,84723,54.3,3.4,Full Remote,8.57,12,3.17,75.9,5,4.8,5.77,6.81,4.51,6.34,33.9,4.6,0.5098,0
EMP01162,53,Female,Marketing,Senior,11.15,91548,35.4,15.0,On-site,8.39,6,3.32,76.9,4,13.2,2.92,2.46,5.13,8.16,32.8,0.3,0.4254,0
EMP01163,23,Male,Operations,Senior Analyst,9.13,55426,38.9,14.3,Hybrid,5.53,3,3.9,72.5,4,19.1,6.15,3.16,7.43,3.7,45.9,0.7,0.5141,0
EMP01164,22,Female,Operations,Manager,1.18,84621,54.3,15.2,On-site,8.04,8,3.49,55.7,3,14.0,5.19,4.69,3.65,4.93,9.7,4.4,0.4508,0
EMP01165,43,Female,Operations,Analyst,1.64,108736,45.1,24.1,On-site,6.34,8,3.51,48.7,4,13.3,8.15,5.93,7.24,3.98,82.7,4.1,0.5543,0
EMP01166,54,Female,Engineering,Junior Dev,0.35,51088,35.0,5.2,Full Remote,8.12,8,1.97,77.6,5,6.7,6.48,6.77,4.9,4.98,0.0,1.1,0.531,0
EMP01167,46,Male,Engineering,Manager,0.85,86247,35.0,15.6,Full Remote,9.08,9,4.16,63.2,5,14.6,6.71,7.03,3.39,6.63,5.7,3.0,0.467,0
EMP01168,39,Male,Finance,Analyst,6.42,54263,38.5,12.3,Hybrid,7.11,10,4.54,33.4,8,8.9,5.33,2.5,4.68,6.29,13.6,2.3,0.4197,0
EMP01169,39,Female,Sales,Senior,1.34,100534,45.0,16.1,On-site,9.54,8,4.32,72.3,5,8.0,7.68,6.77,8.3,4.32,10.6,3.2,0.3011,0
EMP01170,41,Female,Customer Support,Senior Analyst,2.91,100297,48.7,10.8,On-site,7.75,11,3.07,95.6,5,3.7,3.12,4.74,7.2,3.49,0.2,6.3,0.5311,0
EMP01171,41,Male,Finance,Senior Analyst,3.29,66141,42.4,3.8,On-site,7.28,8,4.28,81.7,5,9.6,2.48,4.01,5.29,5.81,19.6,3.5,0.3589,0
EMP01172,37,Male,Customer Support,Senior Analyst,4.57,130240,48.1,15.5,Hybrid,7.42,6,3.85,52.8,2,5.0,8.35,5.57,4.72,5.92,11.5,12.7,0.4443,0
EMP01173,35,Female,Engineering,Junior Dev,0.61,102665,41.5,8.4,Full Remote,8.1,10,2.81,78.0,4,8.3,6.67,3.92,2.2,4.69,43.8,2.8,0.4414,0
EMP01174,34,Female,Operations,Manager,1.09,92673,54.8,11.3,Full Remote,8.52,6,3.26,71.4,5,10.7,4.01,4.45,6.16,2.06,0.4,11.0,0.6129,0
EMP01175,28,Female,Sales,Associate,1.78,91265,65.4,5.8,Full Remote,4.91,5,3.42,65.2,4,17.8,4.55,7.92,3.68,4.83,14.4,1.4,0.7713,1
EMP01176,32,Other,Customer Support,Analyst,1.36,99598,41.9,15.0,Hybrid,8.14,12,1.64,89.6,6,3.3,8.78,1.97,4.41,5.3,8.6,3.4,0.4109,0
EMP01177,22,Male,Engineering,Junior Dev,12.21,50108,48.8,3.0,On-site,5.76,8,3.66,74.7,4,11.9,7.2,6.74,4.29,4.89,1.9,6.3,0.6296,0
EMP01178,34,Male,Marketing,Senior,5.4,79865,48.2,1.8,Full Remote,7.36,9,2.6,87.6,2,14.1,7.44,4.44,7.4,6.78,15.7,15.6,0.2795,0
EMP01179,27,Female,Operations,Senior Analyst,1.96,84579,46.1,4.6,On-site,7.23,12,2.66,55.4,1,8.1,7.66,2.6,6.55,5.78,10.2,11.0,0.4293,0
EMP01180,26,Female,Sales,Director,6.34,64996,50.2,26.9,Hybrid,7.01,11,3.62,40.1,4,8.4,4.9,3.57,7.78,5.2,14.4,10.0,0.4578,0
EMP01181,36,Male,Marketing,Manager,1.28,86619,48.8,12.0,Full Remote,8.48,9,3.22,72.7,8,19.1,6.97,4.44,6.89,7.78,50.4,6.0,0.3409,0
EMP01182,46,Male,Customer Support,Senior Analyst,4.62,105792,41.2,5.9,Hybrid,8.93,6,2.7,80.8,5,6.5,7.72,5.63,7.21,6.02,9.3,7.1,0.2862,0
EMP01183,42,Female,Sales,Director,0.76,64455,55.5,23.0,Hybrid,5.22,8,3.62,75.8,1,20.4,5.43,4.42,7.05,4.44,17.0,8.4,0.3833,0
EMP01184,22,Male,HR,Senior Analyst,4.44,73639,46.6,12.4,On-site,7.23,7,2.81,77.2,7,14.4,6.22,4.16,5.23,4.69,4.4,1.8,0.5651,0
EMP01185,27,Male,Engineering,Senior Dev,1.83,54485,41.9,8.5,Hybrid,8.08,6,2.81,71.3,5,20.6,3.69,4.95,5.83,7.1,36.2,14.8,0.3705,0
EMP01186,42,Female,Operations,Senior Analyst,0.34,40000,64.5,11.4,Full Remote,8.31,6,4.44,68.3,4,15.4,7.05,4.23,6.93,5.48,50.3,12.4,0.338,0
EMP01187,27,Female,HR,Analyst,0.96,94473,44.1,10.9,On-site,8.26,4,3.63,62.7,5,1.9,4.81,5.05,6.57,5.12,3.1,8.6,0.3021,0
EMP01188,33,Female,Sales,Manager,1.54,74356,47.0,10.0,On-site,9.05,8,3.76,76.1,4,15.0,5.11,7.47,5.38,3.03,13.2,3.0,0.4519,0
EMP01189,39,Male,Engineering,Junior Dev,4.15,76189,46.4,8.3,Hybrid,6.04,10,4.75,45.6,1,6.7,6.98,5.37,5.21,5.06,17.3,5.9,0.5473,0
EMP01190,27,Female,HR,Senior Analyst,0.23,50330,44.0,9.9,Full Remote,5.07,11,3.31,76.6,2,12.3,4.67,5.98,4.55,3.65,15.5,3.4,0.5501,0
EMP01191,35,Female,Engineering,Tech Lead,3.23,70362,48.6,3.8,Full Remote,9.56,7,2.99,72.0,1,16.4,4.87,3.99,3.25,5.4,12.6,20.0,0.4806,0
EMP01192,24,Female,Engineering,Manager,3.78,102414,38.2,13.2,Full Remote,8.16,7,3.01,43.3,4,12.8,5.4,4.14,7.94,4.68,9.6,1.3,0.3521,0
EMP01193,30,Female,HR,Manager,3.18,75020,49.8,3.9,Full Remote,6.89,8,4.98,95.7,3,11.7,6.19,6.0,6.42,6.26,2.8,2.4,0.5443,0
EMP01194,37,Male,Engineering,Senior Dev,4.29,75729,35.0,17.2,On-site,7.97,18,3.42,73.1,2,13.7,3.62,4.37,7.36,5.65,10.8,7.2,0.4884,0
EMP01195,22,Male,Engineering,Senior Dev,0.59,80188,35.0,8.8,Full Remote,5.67,12,2.76,75.3,2,23.2,6.95,4.39,7.34,6.03,1.7,5.8,0.3282,0
EMP01196,38,Male,Finance,Analyst,2.65,44090,59.6,14.2,Hybrid,6.89,6,3.61,57.6,7,17.6,5.17,4.85,7.23,5.54,3.5,8.6,0.6201,0
EMP01197,34,Male,Engineering,Senior Dev,8.5,90623,35.0,14.9,Hybrid,7.07,7,3.0,90.2,2,0.9,7.18,1.57,6.87,6.97,24.8,13.7,0.2414,0
EMP01198,39,Female,Sales,Director,2.83,43620,35.0,2.6,On-site,8.45,9,3.17,79.5,3,18.8,7.51,5.94,4.65,3.92,35.3,0.8,0.2637,0
EMP01199,36,Female,Engineering,Manager,2.84,51509,35.1,7.8,Full Remote,7.23,11,4.8,71.4,1,11.9,9.35,4.33,1.97,5.67,5.0,12.9,0.43,0
EMP01200,45,Female,HR,Manager,4.0,48769,58.9,13.5,Hybrid,4.69,9,3.6,43.5,3,12.9,3.63,6.05,5.21,5.83,11.1,13.7,0.6062,0
EMP01201,36,Female,Finance,Analyst,1.22,70619,35.0,11.6,Full Remote,4.75,4,2.48,69.3,4,13.2,8.24,7.89,7.49,5.35,28.6,1.6,0.3448,0
EMP01202,31,Male,Finance,Manager,3.62,66188,37.4,2.0,Full Remote,7.07,10,3.15,72.8,7,17.1,7.3,3.86,7.15,8.53,2.2,8.2,0.3615,0
EMP01203,35,Male,Sales,Director,7.44,74969,35.0,12.1,Full Remote,5.39,9,2.02,68.1,6,4.0,5.56,3.95,6.0,3.99,10.9,9.3,0.4531,0
EMP01204,39,Male,Engineering,Senior Dev,0.1,52368,42.8,5.8,Hybrid,9.04,8,2.89,60.4,4,10.6,6.57,4.24,6.36,6.05,20.0,4.0,0.2477,0
EMP01205,35,Male,Engineering,Senior Dev,6.12,100137,41.5,7.3,Full Remote,7.2,3,4.3,69.4,1,14.9,8.34,5.09,6.87,4.01,6.5,6.5,0.2658,0
EMP01206,35,Male,Sales,Manager,0.74,95850,41.2,13.0,Hybrid,5.96,11,2.92,64.3,5,15.8,7.68,3.04,5.95,2.98,19.2,4.4,0.4397,0
EMP01207,29,Female,Customer Support,Senior Analyst,1.83,70654,59.8,12.6,Full Remote,8.69,7,5.0,77.5,3,22.1,3.33,4.79,6.5,4.24,42.2,2.3,0.6058,0
EMP01208,29,Other,Engineering,Manager,5.74,63040,35.4,11.5,On-site,8.87,6,1.41,87.3,2,13.2,5.17,6.05,6.91,6.32,0.6,8.3,0.3977,0
EMP01209,23,Male,Sales,Senior,5.21,60516,44.2,17.1,Hybrid,8.91,8,3.15,41.2,3,11.9,8.49,2.62,4.72,8.8,25.7,7.7,0.3576,0
EMP01210,48,Male,Engineering,Tech Lead,6.67,67246,47.7,5.7,On-site,8.06,11,3.59,51.2,3,6.0,8.59,2.99,5.38,4.18,26.6,10.0,0.2101,0
EMP01211,25,Female,HR,Senior Analyst,8.46,40000,37.2,9.3,Full Remote,9.66,10,3.55,44.5,3,8.6,8.19,7.0,7.19,6.11,15.0,4.5,0.3039,0
EMP01212,29,Male,Finance,Senior Analyst,1.78,51009,48.9,25.9,On-site,6.37,7,3.95,69.0,4,7.8,6.69,4.9,4.86,5.7,0.2,4.4,0.4936,0
EMP01213,29,Female,HR,Manager,3.2,96503,41.8,17.6,Hybrid,9.62,9,3.28,65.7,6,12.6,5.88,5.38,6.6,5.84,23.2,5.5,0.2874,0
EMP01214,42,Female,Operations,Senior Analyst,1.49,82545,48.0,6.7,Full Remote,8.65,4,4.5,46.5,5,8.2,3.92,2.24,5.42,7.1,0.1,4.0,0.2749,0
EMP01215,32,Female,Marketing,Senior,1.3,115856,44.1,2.3,On-site,5.54,5,2.52,89.8,4,7.8,8.6,5.66,5.41,5.36,15.2,9.9,0.4523,0
EMP01216,44,Male,Engineering,Junior Dev,1.69,67520,35.0,4.4,On-site,8.58,10,3.31,68.8,1,10.7,9.42,8.2,5.36,2.83,54.1,2.7,0.3678,0
EMP01217,29,Female,Sales,Senior,4.08,65962,55.4,16.8,On-site,9.0,9,2.61,93.1,6,9.6,3.08,4.5,6.82,6.2,7.1,5.3,0.4236,0
EMP01218,37,Male,Finance,Senior Analyst,2.09,64802,61.6,27.3,On-site,7.29,10,3.1,83.2,3,0.0,7.64,4.49,5.68,4.5,4.0,15.8,0.6025,0
EMP01219,28,Female,HR,Manager,5.05,67020,43.6,2.8,Full Remote,7.96,9,3.29,77.6,3,10.0,6.5,8.99,6.2,7.83,28.9,7.8,0.6543,0
EMP01220,52,Male,Marketing,Associate,4.1,58501,37.8,0.7,Full Remote,8.0,8,3.99,71.5,3,10.8,5.76,5.1,3.4,5.53,0.9,2.2,0.3399,0
EMP01221,25,Male,Finance,Analyst,0.1,81774,57.0,11.1,Hybrid,6.33,6,2.69,61.7,6,9.2,4.82,5.31,3.4,8.92,3.2,5.6,0.6376,0
EMP01222,37,Female,HR,Analyst,2.98,75727,60.1,23.2,Full Remote,7.79,5,3.28,62.0,3,8.5,6.88,5.4,6.67,4.7,20.8,0.5,0.4913,0
EMP01223,40,Female,Operations,Senior Analyst,1.72,62252,43.6,10.9,On-site,9.76,9,3.52,84.8,4,20.9,7.03,2.42,7.03,6.97,50.6,6.9,0.4533,0
EMP01224,38,Female,HR,Manager,1.83,106278,43.3,5.5,Hybrid,8.48,4,3.62,38.5,3,8.4,5.95,3.95,7.46,8.41,20.0,14.5,0.3312,0
EMP01225,33,Female,Operations,Senior Analyst,5.12,122414,44.4,6.3,On-site,9.09,5,2.61,79.4,7,9.9,7.65,2.63,7.17,2.85,20.3,2.4,0.1998,0
EMP01226,33,Female,Engineering,Senior Dev,2.38,104164,35.0,7.5,Hybrid,7.86,7,3.69,60.7,5,18.3,4.74,2.59,7.12,5.57,17.5,0.5,0.4395,0
EMP01227,35,Male,Finance,Senior Analyst,6.5,88953,42.7,17.6,Hybrid,5.27,7,4.43,85.5,2,9.0,6.34,6.98,8.06,2.29,44.0,6.3,0.6803,0
EMP01228,33,Female,Customer Support,Analyst,3.74,94044,58.7,8.6,Full Remote,6.74,8,4.42,85.9,4,10.5,9.26,5.12,4.4,5.42,10.0,4.9,0.5547,0
EMP01229,42,Female,Sales,Manager,2.41,121410,43.7,11.7,Full Remote,7.36,10,3.28,72.4,4,0.0,5.35,4.08,7.08,4.64,22.4,6.4,0.4583,0
EMP01230,52,Female,Operations,Senior Analyst,4.21,94007,36.7,6.3,On-site,5.25,5,3.92,72.5,2,8.9,6.9,2.09,4.91,6.25,4.7,4.0,0.4288,0
EMP01231,30,Female,Finance,Senior Analyst,0.12,60370,49.0,6.6,On-site,7.99,13,3.37,41.6,5,14.1,6.5,7.36,7.66,6.07,17.1,2.6,0.403,0
EMP01232,24,Male,Engineering,Tech Lead,0.1,84806,39.7,10.8,Hybrid,9.6,7,4.35,89.6,6,20.1,5.89,3.79,4.19,6.2,46.9,8.1,0.3205,0
EMP01233,34,Female,HR,Senior Analyst,0.26,90656,44.5,2.9,On-site,7.81,7,4.04,84.0,4,8.6,5.74,8.53,6.46,5.63,7.8,4.0,0.4501,0
EMP01234,55,Male,Engineering,Tech Lead,1.73,50132,35.0,7.6,Hybrid,9.88,10,2.57,77.1,0,7.7,6.09,3.97,5.69,3.17,10.3,4.1,0.3915,0
EMP01235,28,Male,Customer Support,Manager,0.81,67876,36.7,1.8,On-site,8.74,10,3.38,73.2,1,11.9,5.54,3.0,6.64,4.37,41.5,7.2,0.247,0
EMP01236,48,Female,Operations,Manager,12.45,102509,50.9,2.0,Full Remote,7.98,8,2.97,62.1,7,11.4,4.43,3.63,6.43,5.09,12.4,18.3,0.2948,0
EMP01237,48,Male,Engineering,Senior Dev,2.34,40000,45.9,7.8,Hybrid,7.71,9,3.42,59.9,6,11.4,6.49,4.4,8.56,3.22,15.1,4.4,0.47,0
EMP01238,30,Female,Engineering,Junior Dev,3.26,43739,38.8,12.8,Hybrid,5.46,3,2.58,71.5,8,15.1,6.55,4.41,7.71,5.88,7.5,9.5,0.4699,0
EMP01239,39,Male,HR,Senior Analyst,0.98,70589,46.0,15.3,Hybrid,5.96,5,3.41,48.4,7,19.3,6.98,5.8,7.61,3.89,0.0,10.6,0.4841,0
EMP01240,48,Male,Sales,Manager,1.16,83841,40.1,14.8,Full Remote,7.75,9,3.38,69.0,5,14.1,8.03,5.59,6.66,6.22,7.0,8.1,0.4378,0
EMP01241,31,Female,Engineering,Junior Dev,1.23,41059,38.7,4.6,Hybrid,7.55,15,3.4,72.3,3,15.3,7.88,3.06,8.89,3.61,5.9,1.6,0.4278,0
EMP01242,33,Female,Marketing,Associate,3.6,71830,54.3,1.6,Hybrid,8.58,8,3.7,85.8,5,16.8,8.08,3.8,4.27,5.01,17.4,1.9,0.4818,0
EMP01243,30,Female,Sales,Associate,1.93,103844,51.3,22.1,Full Remote,9.3,7,2.27,86.8,3,19.3,8.05,2.58,7.83,6.39,24.9,6.2,0.2697,0
EMP01244,26,Female,Engineering,Tech Lead,2.19,76716,44.8,12.2,Hybrid,8.36,9,4.12,55.5,5,14.4,6.73,3.24,3.16,7.64,43.5,2.5,0.234,0
EMP01245,29,Female,Operations,Senior Analyst,2.69,98477,46.2,6.1,Hybrid,8.8,6,4.17,73.0,8,8.3,7.28,6.27,5.46,5.07,29.9,3.4,0.4567,0
EMP01246,25,Male,Customer Support,Analyst,4.39,60197,44.9,9.5,On-site,8.63,8,4.62,80.9,2,17.0,8.88,4.15,5.61,4.24,23.3,7.3,0.366,0
EMP01247,35,Male,Operations,Analyst,0.28,54752,48.9,2.4,Hybrid,8.64,12,3.42,65.7,4,22.1,5.96,4.61,7.82,6.46,35.1,1.8,0.1745,0
EMP01248,28,Male,Operations,Senior Analyst,4.5,96221,38.6,6.5,Full Remote,6.0,4,3.71,49.3,6,9.3,5.84,4.16,3.96,5.58,23.2,4.9,0.3941,0
EMP01249,36,Female,Engineering,Senior Dev,2.49,84231,51.9,12.0,Hybrid,4.76,8,4.34,83.5,3,13.8,8.42,2.44,3.9,3.05,21.2,0.8,0.4228,0
EMP01250,22,Female,Sales,Associate,3.32,45360,47.8,2.7,Full Remote,7.59,13,2.94,85.0,6,14.8,6.79,3.28,6.31,2.52,2.9,2.6,0.3295,0
EMP01251,37,Male,Engineering,Senior Dev,1.19,54978,42.9,4.3,Hybrid,9.16,7,3.89,50.8,6,13.8,5.98,3.3,6.11,8.56,9.2,6.9,0.4039,0
EMP01252,41,Female,Operations,Senior Analyst,1.58,114114,41.1,5.4,Full Remote,4.8,9,2.91,74.8,5,14.8,4.29,3.87,8.56,6.82,17.5,3.1,0.212,0
EMP01253,22,Female,Customer Support,Analyst,0.79,51886,51.7,6.5,Hybrid,8.61,7,3.91,76.9,2,7.5,8.76,7.23,6.93,7.71,20.3,0.5,0.4468,0
EMP01254,37,Male,Finance,Senior Analyst,11.63,98358,43.8,4.4,Full Remote,6.85,2,3.81,80.3,2,16.6,6.14,4.08,6.0,4.57,33.6,3.4,0.4517,0
EMP01255,44,Male,Operations,Analyst,2.06,63045,39.4,11.4,Full Remote,9.19,10,2.78,87.2,4,18.6,4.28,6.2,3.3,3.14,43.2,1.2,0.7146,1
EMP01256,25,Female,HR,Senior Analyst,16.62,74920,41.9,18.3,On-site,8.31,8,3.91,77.0,5,8.4,6.08,2.9,4.98,5.23,7.4,8.5,0.6114,0
EMP01257,48,Female,Sales,Associate,2.02,82364,51.2,5.8,On-site,6.99,8,3.15,78.3,7,7.1,6.02,6.52,6.13,5.89,36.3,6.5,0.4879,0
EMP01258,38,Female,Sales,Associate,0.74,40000,35.0,6.5,Hybrid,9.35,7,3.37,76.1,4,11.6,5.33,5.73,3.0,4.08,31.4,2.7,0.4646,0
EMP01259,29,Male,Engineering,Tech Lead,2.12,40000,42.2,8.7,Full Remote,9.25,18,4.15,33.2,5,13.6,6.2,4.33,5.62,4.53,0.4,10.0,0.4731,0
EMP01260,34,Other,Engineering,Tech Lead,0.12,77158,53.6,1.8,On-site,8.97,9,4.36,50.6,5,11.9,8.17,4.01,5.92,5.01,11.3,3.5,0.3433,0
EMP01261,39,Male,Finance,Analyst,7.05,56892,43.7,5.0,On-site,9.37,11,3.83,59.2,8,12.3,6.06,5.47,4.09,6.03,18.6,4.0,0.3525,0
EMP01262,35,Male,Sales,Associate,5.12,99914,47.2,16.6,On-site,6.26,5,3.51,62.9,2,10.6,7.6,2.39,6.69,6.06,24.4,1.9,0.5656,0
EMP01263,39,Other,Marketing,Manager,3.88,40000,53.7,3.1,Hybrid,8.78,8,4.06,80.9,3,13.9,8.71,3.36,6.25,4.96,72.1,0.6,0.26,0
EMP01264,27,Male,Marketing,Manager,2.82,89131,52.1,13.6,Full Remote,5.07,12,3.24,61.9,3,2.8,7.47,3.54,6.49,4.24,46.2,12.6,0.4764,0
EMP01265,36,Female,Sales,Associate,2.6,40594,41.5,16.5,Full Remote,5.34,15,4.22,58.0,2,8.0,4.78,5.74,6.27,2.55,18.5,5.3,0.7393,1
EMP01266,23,Male,Marketing,Senior,17.17,66197,44.0,0.6,On-site,3.74,4,3.01,49.4,4,10.6,7.06,2.14,6.43,3.89,0.4,5.1,0.3372,0
EMP01267,34,Female,Marketing,Associate,0.98,48390,52.2,5.5,On-site,9.26,9,3.33,23.4,7,14.7,6.89,4.44,5.49,5.65,7.9,21.7,0.4138,0
EMP01268,27,Female,Sales,Senior,4.54,122560,52.5,15.4,Hybrid,8.59,7,2.76,54.0,7,17.4,5.31,7.38,5.55,2.55,17.7,4.7,0.6749,0
EMP01269,29,Male,Operations,Analyst,2.61,41512,44.3,12.7,Full Remote,7.4,6,3.43,82.8,5,18.5,7.13,4.03,6.23,4.55,0.3,1.2,0.5257,0
EMP01270,44,Female,Marketing,Senior,11.17,71948,44.6,22.4,Hybrid,3.43,6,4.71,78.4,7,7.1,5.32,3.77,5.03,5.87,120.0,5.6,0.649,0
EMP01271,43,Male,HR,Analyst,5.28,40000,47.1,12.2,On-site,4.72,8,4.72,70.4,2,4.2,7.47,6.26,4.82,3.44,3.4,11.5,0.4655,0
EMP01272,39,Female,Operations,Senior Analyst,19.56,114989,55.9,10.2,Hybrid,7.46,11,4.8,87.5,5,5.2,6.13,7.19,4.67,3.92,0.8,2.4,0.6537,0
EMP01273,26,Male,Operations,Analyst,2.66,85032,53.5,11.3,Hybrid,6.78,7,2.99,56.5,3,5.8,6.03,3.42,6.63,4.95,17.6,9.0,0.3373,0
EMP01274,32,Male,Operations,Analyst,0.69,78424,50.5,2.8,Full Remote,9.15,4,5.0,83.7,3,5.0,8.5,4.16,7.21,6.0,5.4,5.0,0.2772,0
EMP01275,44,Male,Sales,Associate,2.1,111857,36.4,18.7,Full Remote,7.9,8,4.45,44.9,3,7.3,7.48,5.96,2.95,7.4,16.5,2.9,0.4167,0
EMP01276,36,Male,Engineering,Senior Dev,3.73,78685,42.8,11.2,Hybrid,5.02,10,4.32,79.4,4,10.5,6.66,3.86,5.87,2.42,22.3,6.3,0.4795,0
EMP01277,53,Female,Sales,Manager,4.47,80489,43.2,8.5,On-site,8.07,5,3.7,89.0,4,21.1,4.93,2.33,5.66,4.57,3.8,3.7,0.4637,0
EMP01278,38,Male,Sales,Senior,0.1,78293,56.3,24.6,Full Remote,7.74,9,2.25,90.0,7,4.2,4.8,6.17,6.15,6.7,8.2,4.2,0.5039,0
EMP01279,36,Male,Customer Support,Senior Analyst,2.11,89090,43.1,13.8,Full Remote,8.44,14,3.0,84.9,3,12.2,4.5,6.76,3.38,6.15,19.7,9.6,0.7327,1
EMP01280,32,Male,HR,Analyst,0.8,62688,55.0,4.9,Hybrid,7.96,12,3.17,80.1,9,7.9,6.1,5.16,8.31,8.26,120.0,4.6,0.4466,0
EMP01281,36,Male,Engineering,Senior Dev,6.24,69642,40.4,12.1,Hybrid,7.74,7,3.38,86.8,2,5.8,7.16,2.46,8.07,3.03,2.1,3.9,0.385,0
EMP01282,33,Female,Engineering,Senior Dev,0.5,95258,41.1,10.4,Hybrid,5.59,7,3.16,85.4,9,20.2,5.96,4.98,5.14,4.72,38.2,5.6,0.4434,0
EMP01283,40,Other,Engineering,Manager,3.29,81934,48.9,42.0,Hybrid,8.42,12,3.48,55.3,7,9.3,5.52,1.72,6.28,7.08,61.6,5.4,0.3793,0
EMP01284,42,Male,HR,Analyst,0.93,72143,57.5,3.9,On-site,6.44,6,3.88,87.3,8,11.3,7.31,3.63,3.3,6.97,52.1,9.0,0.4688,0
EMP01285,28,Female,Finance,Analyst,1.32,40000,43.3,5.9,On-site,8.25,5,3.56,83.6,2,15.8,8.39,4.4,6.16,5.89,19.6,12.3,0.3765,0
EMP01286,24,Female,Operations,Senior Analyst,8.47,112451,35.0,13.4,Full Remote,7.59,11,3.34,69.5,2,9.8,7.23,6.4,3.01,3.06,23.8,8.8,0.4136,0
EMP01287,22,Male,Customer Support,Manager,0.83,58463,35.0,7.2,Hybrid,9.55,11,3.29,66.3,4,4.2,6.46,4.98,8.01,6.97,6.3,7.7,0.1757,0
EMP01288,39,Female,Engineering,Manager,0.3,99680,47.4,4.8,Full Remote,7.28,6,4.63,63.9,6,18.6,5.92,5.69,5.82,6.03,11.8,6.2,0.575,0
EMP01289,26,Female,Sales,Senior,0.22,79393,35.0,19.9,On-site,6.87,9,3.19,76.1,4,8.2,7.55,5.45,5.07,6.22,2.2,8.9,0.5829,0
EMP01290,22,Female,Engineering,Senior Dev,2.11,42663,38.1,6.5,On-site,8.58,7,4.12,72.9,4,14.1,6.77,5.92,7.19,7.36,5.2,0.8,0.3035,0
EMP01291,38,Female,Sales,Senior,3.08,106306,45.1,7.0,Full Remote,9.54,7,3.52,93.2,5,9.9,7.84,2.05,7.85,3.26,28.7,9.0,0.2646,0
EMP01292,54,Male,Customer Support,Senior Analyst,1.19,81363,35.0,15.2,Full Remote,8.64,9,2.01,76.5,2,11.7,5.19,3.91,5.53,6.38,27.0,8.9,0.2209,0
EMP01293,34,Female,HR,Senior Analyst,3.52,108383,42.0,11.5,Full Remote,8.33,6,5.0,80.3,9,13.9,7.18,5.08,7.4,2.48,1.4,3.8,0.4011,0
EMP01294,41,Female,Finance,Manager,0.19,70439,35.7,18.8,Hybrid,6.58,10,4.49,58.8,1,14.1,7.51,6.38,7.36,4.41,20.4,6.2,0.3097,0
EMP01295,35,Female,Marketing,Manager,5.84,92601,35.0,5.6,Full Remote,9.03,7,5.0,67.3,3,13.6,6.94,7.63,8.1,5.92,27.9,1.5,0.3307,0
EMP01296,34,Female,Engineering,Senior Dev,5.09,40000,38.6,3.2,Hybrid,4.85,9,4.21,82.9,3,9.2,6.4,6.39,7.18,4.07,47.2,5.4,0.6001,0
EMP01297,42,Male,Engineering,Senior Dev,12.7,62494,36.4,2.5,Hybrid,7.01,7,3.54,86.3,3,6.0,7.79,4.49,8.49,6.09,17.1,4.5,0.3667,0
EMP01298,32,Other,Marketing,Senior,8.27,43175,48.8,6.9,Hybrid,9.03,9,3.96,65.6,2,4.9,4.91,1.69,4.28,5.46,6.7,1.9,0.2784,0
EMP01299,37,Female,Finance,Senior Analyst,1.32,65630,54.6,7.2,On-site,5.13,11,3.12,70.6,2,12.5,6.91,6.65,5.68,3.32,115.3,8.2,0.555,0
EMP01300,37,Male,Engineering,Senior Dev,1.53,86795,42.1,7.6,Hybrid,8.74,10,2.82,54.3,2,12.9,6.41,6.18,6.45,4.61,46.4,5.8,0.5161,0
EMP01301,29,Male,Finance,Analyst,4.11,59885,40.2,6.2,On-site,8.02,9,5.0,84.6,4,10.4,6.78,2.67,7.96,7.03,14.3,7.1,0.1541,0
EMP01302,42,Female,Operations,Analyst,0.43,96596,41.7,9.5,Full Remote,7.5,14,3.27,70.3,4,11.5,7.07,3.98,7.03,3.52,55.8,3.1,0.2632,0
EMP01303,33,Male,Sales,Senior,1.13,53584,36.1,0.5,Full Remote,8.68,10,3.61,64.0,2,9.9,5.39,1.43,8.17,4.22,8.5,12.7,0.1016,0
EMP01304,28,Male,Finance,Manager,0.38,97130,35.0,15.4,Hybrid,6.55,8,3.88,78.3,6,21.1,8.13,3.72,5.9,5.21,13.9,6.2,0.5197,0
EMP01305,39,Male,Sales,Associate,1.82,107743,35.0,8.9,Hybrid,9.28,7,3.31,55.4,4,6.5,6.24,7.01,6.03,4.32,8.8,4.1,0.3757,0
EMP01306,27,Male,Finance,Senior Analyst,2.41,100338,35.0,6.5,Full Remote,9.45,3,4.27,68.8,5,5.9,4.58,2.29,8.36,5.69,2.9,3.9,0.267,0
EMP01307,35,Male,Operations,Analyst,0.71,66395,58.1,2.9,Hybrid,4.44,3,3.42,73.7,4,12.8,8.77,3.84,7.09,4.07,33.3,4.3,0.4762,0
EMP01308,34,Male,Customer Support,Analyst,0.1,40000,39.5,5.6,Full Remote,8.31,3,5.0,89.7,3,11.2,5.9,6.09,7.24,5.98,13.6,8.2,0.5622,0
EMP01309,43,Male,Sales,Director,3.81,89554,35.0,8.3,On-site,7.12,6,1.98,54.4,1,7.5,8.33,1.55,4.71,5.23,9.4,3.2,0.3097,0
EMP01310,38,Female,Sales,Manager,0.1,71869,40.3,6.5,Hybrid,7.15,12,2.97,55.4,4,7.5,6.13,1.7,6.41,4.62,14.4,2.5,0.3761,0
EMP01311,34,Female,Engineering,Junior Dev,10.88,50540,35.0,13.3,Hybrid,7.84,2,4.36,71.5,4,11.3,7.06,7.22,6.7,7.75,3.7,0.3,0.4138,0
EMP01312,41,Male,Engineering,Tech Lead,0.75,61093,45.5,6.1,On-site,7.68,9,2.24,75.1,5,10.4,5.41,5.94,6.05,3.99,20.0,3.4,0.3791,0
EMP01313,46,Male,Finance,Analyst,3.27,110860,44.6,19.5,On-site,3.46,8,3.66,67.9,1,4.6,7.44,4.17,8.26,5.18,0.9,4.2,0.4408,0
EMP01314,39,Female,Customer Support,Manager,1.71,46566,45.4,11.2,Hybrid,8.68,6,3.23,73.9,3,13.0,7.35,2.58,2.42,5.73,16.8,4.4,0.2752,0
EMP01315,35,Male,Sales,Associate,0.18,86707,44.7,5.7,Hybrid,5.38,8,3.41,60.8,5,12.9,8.91,6.55,6.63,5.76,94.0,7.0,0.5656,0
EMP01316,24,Male,Engineering,Junior Dev,1.92,80448,42.0,33.5,Hybrid,8.98,3,4.47,55.8,8,20.2,7.41,4.55,7.34,6.58,7.9,12.4,0.4406,0
EMP01317,26,Male,Sales,Senior,2.18,66065,35.0,27.8,Full Remote,5.96,8,3.62,67.9,4,13.5,8.52,5.93,4.61,5.54,13.5,2.5,0.4433,0
EMP01318,32,Female,Marketing,Manager,5.79,91113,44.4,7.4,Full Remote,9.67,9,2.9,32.2,4,15.0,9.09,6.05,4.16,5.89,15.5,9.3,0.2795,0
EMP01319,30,Female,Sales,Associate,3.95,115806,53.2,6.2,Full Remote,8.05,9,4.32,55.6,4,14.8,2.06,3.29,5.12,7.16,33.8,1.4,0.5662,0
EMP01320,33,Female,Engineering,Tech Lead,0.25,67600,59.5,8.1,On-site,6.63,2,3.69,62.3,3,17.3,7.58,4.32,5.29,6.71,12.2,1.2,0.5408,0
EMP01321,35,Female,Finance,Analyst,0.7,68920,43.1,26.3,Full Remote,8.92,9,2.4,82.2,5,6.6,6.88,6.44,3.76,6.14,8.2,8.6,0.6079,0
EMP01322,39,Female,Engineering,Manager,1.12,90551,44.0,6.8,Full Remote,9.18,8,2.96,75.5,5,11.7,6.59,4.33,5.65,6.64,1.4,4.5,0.2185,0
EMP01323,34,Male,Marketing,Associate,0.37,97956,49.0,9.1,Full Remote,8.55,13,3.43,60.3,6,10.8,7.96,5.13,7.72,5.74,23.0,1.5,0.2742,0
EMP01324,38,Female,Operations,Manager,1.83,71807,56.9,1.0,Hybrid,8.35,8,4.11,72.7,6,14.6,6.82,3.71,3.36,3.91,23.5,1.5,0.5082,0
EMP01325,35,Male,Sales,Senior,12.46,67365,41.1,9.4,Hybrid,6.85,3,3.4,61.5,7,9.5,5.3,5.52,6.47,6.8,45.1,5.1,0.4868,0
EMP01326,22,Female,HR,Analyst,2.17,40000,50.5,10.3,Hybrid,8.3,9,4.26,64.1,4,20.8,6.7,6.56,7.07,3.26,59.3,16.0,0.5992,0
EMP01327,27,Female,Finance,Manager,4.06,55549,38.4,8.6,Full Remote,7.22,10,3.56,69.3,2,14.2,8.6,4.59,5.0,5.93,14.1,6.7,0.2421,0
EMP01328,33,Female,Finance,Manager,3.45,46517,47.6,10.8,On-site,9.26,11,2.96,52.6,6,15.8,9.62,6.31,7.49,3.91,1.1,15.3,0.2904,0
EMP01329,25,Male,Sales,Senior,5.69,92115,52.8,11.5,Hybrid,7.45,10,3.55,87.8,8,8.2,7.61,7.37,8.58,4.58,5.2,15.3,0.3887,0
EMP01330,39,Male,Sales,Associate,0.73,68902,35.0,6.5,Hybrid,8.7,12,4.08,45.3,2,11.2,6.85,2.65,8.43,5.96,34.0,3.3,0.1424,0
EMP01331,47,Female,Operations,Senior Analyst,4.21,67924,40.8,9.1,On-site,6.19,6,3.35,87.7,7,9.7,7.39,6.5,8.13,5.02,28.6,2.4,0.6074,0
EMP01332,44,Female,Operations,Senior Analyst,6.39,74773,52.6,8.9,On-site,7.6,6,2.62,74.7,9,10.6,4.8,5.41,8.73,2.81,1.3,3.5,0.5506,0
EMP01333,33,Female,Sales,Senior,0.56,53245,49.9,8.4,Hybrid,7.75,7,3.66,65.8,2,16.9,8.26,5.52,8.07,4.56,40.1,5.5,0.2611,0
EMP01334,46,Male,Engineering,Senior Dev,1.28,113831,53.3,3.3,On-site,9.22,6,2.77,72.3,6,13.2,7.04,4.46,8.02,7.2,9.5,4.0,0.1786,0
EMP01335,36,Female,Engineering,Junior Dev,10.53,107454,51.8,5.1,Hybrid,5.77,7,4.7,58.6,2,5.4,3.75,3.51,7.62,3.05,43.2,12.8,0.4332,0
EMP01336,32,Female,Engineering,Tech Lead,4.55,115452,42.3,10.9,Full Remote,6.79,6,4.41,55.8,3,2.7,7.7,5.48,5.6,3.69,34.3,3.8,0.4054,0
EMP01337,30,Female,HR,Senior Analyst,1.0,92085,62.6,13.3,Full Remote,6.74,7,3.31,71.5,4,19.3,7.42,5.47,6.83,7.76,29.6,6.2,0.5817,0
EMP01338,32,Female,Engineering,Junior Dev,2.49,74263,46.1,29.6,Hybrid,9.04,10,3.87,37.5,2,4.7,6.35,4.7,6.84,6.9,32.0,2.7,0.4824,0
EMP01339,31,Female,Sales,Senior,1.55,115368,35.0,20.8,Hybrid,7.05,7,3.43,46.2,6,9.0,5.23,3.88,5.13,6.9,5.0,1.0,0.4828,0
EMP01340,36,Female,Operations,Senior Analyst,2.02,57975,42.7,15.2,Hybrid,8.73,12,4.7,63.5,4,18.7,7.39,7.01,7.37,8.14,74.5,3.5,0.3178,0
EMP01341,36,Female,Sales,Senior,1.32,53219,41.2,24.6,On-site,7.67,11,2.21,74.1,8,9.2,3.74,4.02,5.29,3.64,3.5,7.1,0.5853,0
EMP01342,35,Other,Operations,Analyst,0.98,59962,51.4,13.6,Hybrid,3.82,9,3.66,54.1,2,9.7,8.31,8.08,5.51,3.46,31.4,6.1,0.7129,1
EMP01343,38,Male,Finance,Senior Analyst,3.37,88071,41.4,4.6,Full Remote,8.13,10,2.74,64.1,4,10.8,2.7,3.48,4.12,4.36,9.8,1.2,0.5285,0
EMP01344,44,Male,Engineering,Junior Dev,4.52,55947,53.8,14.9,Full Remote,7.03,11,3.84,55.0,6,11.1,6.48,5.77,4.84,5.36,29.0,14.5,0.8261,1
EMP01345,42,Female,Finance,Senior Analyst,6.21,71115,49.5,2.0,On-site,9.12,6,1.99,64.9,9,9.1,6.14,4.52,6.78,3.77,22.7,2.9,0.4627,0
EMP01346,23,Female,Finance,Senior Analyst,0.51,40000,37.0,11.0,On-site,6.8,6,3.76,75.0,5,9.3,8.52,4.15,5.8,3.51,2.7,6.9,0.2802,0
EMP01347,22,Female,Sales,Manager,5.19,87027,43.9,11.1,Hybrid,6.07,4,5.0,83.6,6,17.7,7.26,4.63,7.25,8.46,35.7,6.2,0.4801,0
EMP01348,42,Female,Engineering,Junior Dev,0.88,40000,38.8,6.0,On-site,7.86,3,3.06,79.1,6,13.5,5.55,6.37,6.05,6.26,34.4,10.3,0.4309,0
EMP01349,24,Male,Marketing,Senior,1.67,51695,46.5,5.3,On-site,5.35,18,2.29,58.2,4,7.3,7.42,2.32,2.19,7.55,4.8,1.6,0.4401,0
EMP01350,33,Female,Customer Support,Manager,6.95,105429,38.7,7.1,On-site,4.04,4,4.03,84.5,2,21.8,5.92,5.05,6.0,4.59,0.2,7.8,0.6168,0
EMP01351,25,Female,HR,Analyst,1.82,104507,45.6,16.3,Hybrid,7.57,5,3.25,59.3,4,19.3,6.22,5.84,5.0,2.98,16.3,4.4,0.6963,0
EMP01352,22,Male,Engineering,Tech Lead,0.66,84357,42.8,2.1,Hybrid,4.69,2,4.25,61.8,7,15.0,4.0,6.01,4.5,5.62,34.8,2.7,0.6876,0
EMP01353,39,Male,Finance,Senior Analyst,0.52,81891,43.8,7.6,Full Remote,5.33,6,4.38,68.8,6,12.0,9.27,4.24,8.46,7.02,38.5,10.0,0.3084,0
EMP01354,41,Female,Sales,Manager,1.92,61726,61.4,3.5,On-site,7.4,10,4.33,59.8,4,10.0,6.81,6.84,5.37,3.81,25.0,4.3,0.5291,0
EMP01355,30,Male,HR,Analyst,4.31,55677,42.1,16.0,On-site,6.81,11,3.48,76.7,5,16.6,7.69,8.05,4.42,6.12,15.9,2.9,0.7282,1
EMP01356,22,Female,Finance,Analyst,17.64,65943,35.0,18.0,On-site,5.28,6,4.96,71.7,4,24.1,9.81,5.12,5.71,7.24,2.4,6.4,0.2023,0
EMP01357,30,Male,Marketing,Director,4.65,40000,53.1,14.2,Hybrid,6.43,7,4.14,75.4,3,23.3,7.98,6.49,7.51,4.77,40.7,13.4,0.5332,0
EMP01358,38,Female,Operations,Analyst,6.29,81311,53.1,16.7,Hybrid,8.26,9,2.92,75.0,3,8.0,4.3,4.4,5.91,6.07,10.0,1.1,0.3315,0
EMP01359,23,Female,Finance,Analyst,4.13,76220,35.0,8.1,Hybrid,7.78,13,2.98,79.6,3,18.5,7.92,4.26,4.64,5.97,13.8,2.8,0.4196,0
EMP01360,36,Female,HR,Senior Analyst,6.77,51664,39.4,9.3,Full Remote,9.44,7,4.54,73.8,5,8.2,5.73,6.48,8.6,3.73,41.7,5.8,0.4744,0
EMP01361,34,Male,Engineering,Junior Dev,0.24,114217,48.5,11.1,Hybrid,7.83,10,4.04,63.7,4,19.1,2.71,3.06,6.36,3.58,20.8,5.7,0.6434,0
EMP01362,39,Female,Operations,Senior Analyst,7.97,90172,49.2,11.4,Full Remote,7.74,10,2.92,66.1,3,10.7,6.66,5.2,6.69,7.77,66.1,9.2,0.4456,0
EMP01363,35,Male,Customer Support,Senior Analyst,1.51,92296,45.0,13.7,On-site,5.3,11,3.21,56.0,6,14.2,5.82,3.29,5.55,3.73,40.3,7.5,0.4677,0
EMP01364,27,Male,Engineering,Tech Lead,7.64,62816,45.1,3.7,Hybrid,8.36,8,3.45,59.1,2,7.7,6.3,6.97,7.71,6.61,0.1,1.8,0.5216,0
EMP01365,44,Other,Marketing,Manager,0.24,74966,37.5,8.1,On-site,8.01,6,4.16,73.0,8,4.0,8.02,3.73,7.93,6.64,0.7,5.7,0.2187,0
EMP01366,33,Female,Sales,Associate,3.77,90684,35.0,7.3,Hybrid,5.75,10,3.32,72.8,4,13.7,8.43,5.85,3.99,5.71,24.0,1.3,0.5016,0
EMP01367,34,Female,Operations,Analyst,3.99,78819,61.4,30.1,Full Remote,8.24,7,4.55,67.7,6,11.4,8.35,3.52,7.98,3.22,28.6,8.5,0.7771,1
EMP01368,27,Male,Finance,Senior Analyst,17.34,115047,37.3,9.4,Full Remote,7.14,6,3.79,82.3,5,4.0,6.42,6.91,6.34,6.8,27.3,10.8,0.4083,0
EMP01369,31,Male,Engineering,Senior Dev,4.39,69905,46.4,3.4,On-site,8.67,4,4.59,65.6,3,14.9,6.62,6.99,6.18,4.25,17.1,6.8,0.5442,0
EMP01370,27,Male,Operations,Manager,1.45,62385,43.7,2.1,On-site,8.35,6,2.58,62.6,2,8.1,9.62,7.56,8.95,3.78,61.0,1.1,0.2919,0
EMP01371,33,Female,Engineering,Tech Lead,2.44,90856,52.2,16.8,Full Remote,6.05,6,4.7,59.9,0,1.4,2.95,5.36,7.31,1.86,35.6,3.4,0.517,0
EMP01372,48,Female,Operations,Analyst,1.37,43383,45.9,33.4,Full Remote,6.09,4,4.44,41.9,3,7.9,5.31,4.05,5.56,4.68,25.6,8.8,0.6246,0
EMP01373,24,Female,Marketing,Manager,0.65,98107,46.2,0.5,Hybrid,9.47,9,3.56,77.3,4,20.8,7.97,6.9,2.94,4.27,22.3,14.8,0.4515,0
EMP01374,22,Female,Sales,Associate,0.86,42482,35.0,8.2,Full Remote,7.19,3,3.08,84.0,8,15.7,8.17,4.27,8.75,3.02,44.4,5.6,0.2684,0
EMP01375,46,Male,Engineering,Junior Dev,0.75,90964,38.3,8.8,Full Remote,8.33,6,4.54,59.7,2,14.5,6.39,4.65,8.73,6.39,60.5,10.0,0.2419,0
EMP01376,33,Male,Engineering,Tech Lead,2.39,58793,51.0,9.2,Hybrid,7.4,2,3.13,77.7,1,15.9,3.84,7.88,7.59,7.0,71.8,5.2,0.668,0
EMP01377,29,Male,Finance,Manager,7.1,86914,50.2,8.4,Hybrid,5.76,5,3.5,91.9,1,8.3,5.31,3.84,6.35,7.69,12.5,6.1,0.4311,0
EMP01378,43,Male,Marketing,Senior,7.32,97683,37.4,20.6,Hybrid,7.8,10,3.9,59.6,2,3.6,7.95,6.26,1.7,5.55,3.8,2.0,0.606,0
EMP01379,30,Male,Engineering,Junior Dev,0.17,78835,35.0,4.6,On-site,5.77,13,2.59,79.4,2,9.6,6.68,5.89,4.39,7.56,11.7,3.4,0.5091,0
EMP01380,49,Female,Engineering,Senior Dev,0.25,45009,46.0,12.3,Hybrid,6.58,12,3.35,92.9,4,14.0,8.94,5.72,4.88,4.05,25.4,6.5,0.6372,0
EMP01381,40,Male,Engineering,Senior Dev,0.84,52580,35.0,3.1,On-site,8.14,13,2.76,75.7,1,12.5,5.57,5.32,8.61,5.27,49.6,2.5,0.2643,0
EMP01382,31,Female,Finance,Analyst,0.88,56783,35.8,1.0,Full Remote,7.96,6,2.26,40.1,3,10.5,8.75,3.61,6.03,7.96,95.3,5.6,0.3114,0
EMP01383,52,Male,Finance,Analyst,0.3,40000,59.1,24.8,Full Remote,9.11,11,5.0,66.1,3,13.4,9.54,1.53,5.6,4.29,15.4,12.4,0.2544,0
EMP01384,30,Other,Engineering,Senior Dev,1.48,103186,56.6,8.5,Full Remote,8.1,10,2.98,58.1,7,15.7,6.84,3.97,7.5,3.7,39.4,9.8,0.4783,0
EMP01385,40,Female,Marketing,Director,2.66,77752,48.9,15.1,Full Remote,7.78,8,4.0,77.7,2,9.1,6.32,6.97,5.84,6.07,11.7,12.9,0.5543,0
EMP01386,37,Female,Engineering,Senior Dev,2.59,46612,47.5,10.8,On-site,8.07,8,5.0,80.9,2,14.6,6.65,5.14,3.21,5.2,15.9,1.8,0.4535,0
EMP01387,45,Male,Customer Support,Analyst,2.35,111391,35.0,8.4,On-site,6.08,9,2.99,86.3,6,19.1,5.58,3.54,6.43,5.22,8.8,8.0,0.3586,0
EMP01388,47,Female,Customer Support,Manager,1.24,57466,39.1,10.3,On-site,8.27,9,2.49,70.8,6,18.9,8.92,2.33,5.88,5.87,117.4,5.7,0.3949,0
EMP01389,35,Female,Finance,Senior Analyst,3.68,81264,42.6,8.1,Hybrid,9.06,6,4.91,68.8,5,7.7,5.13,5.79,5.15,5.97,53.1,3.3,0.5039,0
EMP01390,28,Male,Customer Support,Manager,5.25,54368,39.2,16.7,On-site,7.38,12,2.75,78.2,1,17.6,8.27,5.61,8.05,5.75,26.8,6.6,0.253,0
EMP01391,38,Male,Operations,Analyst,1.28,40000,42.2,8.6,Hybrid,8.77,2,3.17,74.5,2,9.2,8.52,3.97,4.54,3.68,7.6,11.4,0.5321,0
EMP01392,29,Male,Operations,Analyst,0.27,40888,55.4,14.5,Full Remote,5.37,7,3.04,80.8,2,13.8,7.62,7.56,6.15,5.52,11.0,2.4,0.6946,0
EMP01393,51,Female,Marketing,Senior,1.05,63787,40.7,25.1,Hybrid,6.7,10,3.62,58.7,3,18.4,5.95,6.89,6.03,4.21,35.0,6.9,0.7331,1
EMP01394,36,Female,Sales,Senior,0.44,97457,42.3,13.8,Hybrid,7.08,7,2.04,92.6,4,0.2,8.09,4.05,6.77,4.98,33.2,0.5,0.4036,0
EMP01395,32,Female,Engineering,Senior Dev,1.89,83663,50.9,10.1,Full Remote,8.04,10,4.0,73.0,3,5.0,6.97,8.21,8.19,5.5,91.9,4.0,0.654,0
EMP01396,36,Male,Sales,Senior,0.51,78505,35.0,2.9,Full Remote,5.28,6,3.87,79.7,3,9.0,7.09,5.84,5.76,6.34,56.0,4.3,0.5917,0
EMP01397,24,Male,HR,Analyst,1.86,40000,38.3,3.3,Full Remote,6.26,10,4.19,40.2,3,8.6,5.24,8.55,5.75,6.28,15.3,5.3,0.6099,0
EMP01398,27,Female,Engineering,Senior Dev,0.75,106752,39.1,13.1,Hybrid,7.68,5,4.18,69.0,2,6.1,5.63,6.68,5.95,5.49,53.4,0.9,0.6028,0
EMP01399,44,Male,Sales,Senior,4.03,80591,45.4,8.5,Full Remote,6.71,7,3.86,86.2,4,11.7,7.67,4.5,6.64,5.11,24.7,13.9,0.4935,0
EMP01400,29,Female,Marketing,Senior,0.1,72014,42.2,2.9,Hybrid,8.75,9,3.26,65.8,4,9.2,8.9,5.27,4.74,8.59,51.3,1.4,0.3057,0
EMP01401,26,Female,Engineering,Senior Dev,2.43,103310,42.5,23.1,Hybrid,5.55,7,3.55,70.5,5,13.1,4.46,4.45,5.91,5.11,34.0,14.6,0.4682,0
EMP01402,39,Male,HR,Senior Analyst,0.56,106187,39.7,19.8,Hybrid,8.22,3,2.98,68.5,4,9.1,7.34,2.82,5.77,6.54,16.8,9.2,0.2996,0
EMP01403,44,Female,Customer Support,Analyst,0.1,103864,36.4,12.9,On-site,7.03,5,3.65,80.4,3,21.7,7.59,6.17,4.19,4.95,10.7,12.0,0.6911,0
EMP01404,40,Male,Finance,Analyst,6.1,68822,49.9,1.3,Hybrid,9.42,7,2.87,74.1,3,10.4,6.89,3.2,4.84,4.4,2.5,7.1,0.4724,0
EMP01405,42,Female,Finance,Analyst,3.34,49913,42.3,1.3,Hybrid,7.97,7,3.61,81.7,4,14.3,4.9,3.21,7.38,6.11,2.1,9.4,0.2938,0
EMP01406,28,Male,HR,Analyst,0.31,99723,50.0,7.4,On-site,5.24,9,3.15,83.6,6,19.7,8.18,2.1,3.19,4.27,22.5,6.3,0.5249,0
EMP01407,23,Female,Marketing,Senior,3.27,40873,36.1,10.3,Hybrid,9.67,9,2.85,69.1,4,6.4,8.41,5.96,6.84,3.61,36.4,3.7,0.3867,0
EMP01408,47,Male,Engineering,Tech Lead,2.84,123681,39.7,3.8,On-site,8.88,4,4.34,79.5,3,10.8,8.19,3.41,5.53,5.04,29.9,3.1,0.3126,0
EMP01409,32,Male,Operations,Analyst,1.92,75699,43.2,2.6,Hybrid,7.98,9,4.13,70.5,3,5.9,6.87,5.64,8.05,4.89,17.5,4.1,0.4281,0
EMP01410,32,Female,Engineering,Junior Dev,1.63,48477,44.0,12.5,Full Remote,7.43,10,3.55,78.0,5,4.9,6.55,6.27,8.46,3.72,95.4,3.2,0.4894,0
EMP01411,45,Male,Engineering,Manager,6.54,44203,51.0,16.1,Hybrid,8.73,6,2.11,51.2,3,3.7,7.22,3.08,4.77,5.19,27.8,6.4,0.3867,0
EMP01412,39,Female,Operations,Analyst,0.84,43059,41.6,14.8,Full Remote,7.26,5,2.8,64.3,4,6.0,5.55,4.86,7.96,5.03,37.7,6.9,0.5369,0
EMP01413,38,Male,Engineering,Junior Dev,1.52,78509,51.0,8.3,Full Remote,6.31,11,3.44,86.2,5,19.2,6.94,4.51,6.47,7.79,12.1,2.3,0.436,0
EMP01414,52,Female,Sales,Senior,1.2,74840,48.0,3.5,Full Remote,5.46,8,3.88,80.4,3,6.7,5.31,4.89,5.58,5.15,47.4,1.1,0.3721,0
EMP01415,29,Male,Engineering,Tech Lead,4.42,44101,44.1,10.8,Full Remote,8.58,10,3.89,80.9,4,13.8,6.85,6.96,6.97,6.52,23.0,13.9,0.3483,0
EMP01416,42,Female,Engineering,Junior Dev,7.45,66088,37.4,2.9,Hybrid,6.93,8,3.69,91.5,5,16.9,9.29,6.04,5.24,6.64,23.0,3.4,0.3861,0
EMP01417,35,Male,Engineering,Senior Dev,5.69,40801,51.1,6.3,On-site,6.11,10,3.52,86.3,4,10.4,7.58,3.22,3.99,4.31,2.3,10.4,0.5044,0
EMP01418,37,Male,Engineering,Senior Dev,4.79,89732,37.6,8.5,On-site,8.78,7,3.33,69.3,6,19.5,4.35,6.23,6.95,4.72,18.6,0.8,0.45,0
EMP01419,47,Male,Finance,Analyst,12.98,73635,44.8,4.0,Full Remote,5.02,8,3.0,79.3,1,10.8,7.9,2.64,7.24,6.07,20.0,1.2,0.4897,0
EMP01420,39,Female,Operations,Analyst,3.58,65539,44.6,16.1,Hybrid,8.01,5,4.82,76.7,6,13.6,7.47,3.07,8.02,4.84,2.2,0.7,0.4007,0
EMP01421,39,Male,Sales,Manager,4.17,42797,43.3,2.2,Full Remote,4.99,5,4.33,44.5,4,13.0,7.34,5.24,6.21,4.58,6.9,3.2,0.4536,0
EMP01422,43,Female,Operations,Senior Analyst,12.19,67496,41.9,8.8,Hybrid,5.86,7,3.97,84.9,2,3.2,5.37,2.93,2.53,8.08,7.7,1.9,0.3515,0
EMP01423,32,Female,Engineering,Junior Dev,0.1,64631,38.4,17.2,On-site,6.36,9,2.59,70.0,4,16.5,6.71,2.44,7.73,7.76,24.0,7.4,0.1988,0
EMP01424,28,Male,Sales,Associate,3.02,82943,35.0,9.3,Full Remote,8.08,7,2.55,62.8,5,15.8,5.09,2.78,5.48,7.99,14.5,6.8,0.3476,0
EMP01425,26,Female,Engineering,Senior Dev,4.03,79175,56.2,17.4,On-site,8.7,10,3.47,78.9,5,5.3,7.95,4.49,5.18,6.94,0.6,1.8,0.3734,0
EMP01426,22,Male,HR,Manager,7.5,94801,41.1,5.5,On-site,8.53,6,3.09,73.1,3,8.8,7.3,5.86,9.16,7.27,120.0,0.4,0.3441,0
EMP01427,51,Male,Sales,Associate,6.46,62885,44.0,3.6,On-site,7.67,6,2.59,90.9,6,18.5,6.75,4.43,7.4,4.9,5.5,7.7,0.366,0
EMP01428,26,Female,HR,Senior Analyst,5.53,40000,43.9,15.1,Hybrid,6.9,10,3.58,71.1,6,9.7,6.22,3.43,9.05,6.62,2.4,2.7,0.3681,0
EMP01429,33,Female,Operations,Analyst,8.74,99777,53.8,2.5,On-site,8.72,2,1.99,60.1,1,20.4,6.82,4.82,7.73,2.78,38.5,3.7,0.3095,0
EMP01430,32,Female,Marketing,Associate,2.31,51599,60.5,9.8,On-site,8.79,13,3.43,60.2,5,20.1,4.37,6.33,4.3,5.54,68.4,12.8,0.4802,0
EMP01431,37,Male,HR,Analyst,0.1,47327,46.3,1.0,On-site,7.72,12,3.91,90.5,2,8.1,7.36,4.19,7.31,6.8,89.0,1.9,0.4267,0
EMP01432,41,Male,Customer Support,Senior Analyst,0.1,73922,43.7,12.9,Hybrid,8.29,9,3.88,45.9,5,11.8,6.23,5.73,6.24,9.26,36.9,4.2,0.3587,0
EMP01433,41,Male,Sales,Senior,2.36,82556,36.0,5.0,Hybrid,6.27,10,2.06,87.8,2,4.7,5.85,4.36,2.89,3.67,58.6,4.5,0.4657,0
EMP01434,30,Female,Sales,Manager,1.71,61729,35.0,2.4,Full Remote,6.14,11,2.02,89.1,6,8.4,8.11,5.68,8.96,2.73,36.0,1.0,0.4989,0
EMP01435,33,Female,Finance,Senior Analyst,1.8,61532,35.0,7.0,On-site,7.32,10,3.33,83.3,4,3.1,6.16,2.02,7.64,5.1,6.3,2.0,0.3275,0
EMP01436,37,Female,HR,Manager,1.53,65224,38.6,3.9,On-site,7.8,8,3.0,89.0,3,4.5,8.16,6.3,5.51,5.31,23.9,16.6,0.4505,0
EMP01437,33,Male,Engineering,Junior Dev,7.49,110413,35.0,1.6,Hybrid,7.24,12,2.53,56.1,4,11.1,5.5,4.76,8.63,6.16,17.6,4.8,0.5118,0
EMP01438,47,Male,Sales,Associate,1.33,74933,53.6,4.5,On-site,7.07,5,1.78,63.0,3,13.2,6.19,7.13,6.04,6.98,1.7,8.4,0.4323,0
EMP01439,38,Male,Marketing,Director,5.82,50800,48.4,4.6,On-site,9.46,8,2.79,49.7,3,12.0,5.7,4.27,7.29,2.45,4.2,1.7,0.3287,0
EMP01440,40,Male,Sales,Manager,6.99,51055,43.0,1.5,Full Remote,9.0,4,3.42,92.6,2,5.9,7.55,5.31,6.75,3.4,25.5,2.4,0.3767,0
EMP01441,40,Male,Engineering,Tech Lead,2.08,68727,53.9,6.7,Hybrid,9.16,11,3.31,83.2,2,19.3,6.74,3.8,5.4,5.98,13.3,12.1,0.3323,0
EMP01442,44,Female,Customer Support,Analyst,1.78,80946,36.4,11.6,Hybrid,8.47,10,2.54,82.1,4,13.6,8.48,4.56,6.08,7.94,70.6,7.0,0.3593,0
EMP01443,36,Female,Operations,Analyst,4.29,87099,38.4,16.1,On-site,5.46,5,2.7,84.7,2,9.1,8.21,5.26,4.94,4.98,4.5,3.6,0.629,0
EMP01444,24,Female,Marketing,Manager,3.69,78103,35.0,24.8,Hybrid,7.71,9,3.23,70.7,4,9.4,5.44,6.82,6.28,3.94,2.2,12.7,0.4892,0
EMP01445,38,Male,Finance,Analyst,1.19,53953,51.2,12.0,Hybrid,7.47,10,2.84,84.5,4,13.5,5.74,3.76,7.42,4.28,37.9,5.0,0.3077,0
EMP01446,29,Male,Operations,Senior Analyst,0.32,64401,38.5,5.5,Hybrid,6.15,9,3.76,58.6,2,23.3,7.07,6.93,4.51,6.55,29.6,0.7,0.5141,0
EMP01447,30,Female,Engineering,Senior Dev,0.92,93347,45.1,13.8,Full Remote,8.0,9,3.95,56.6,5,17.2,2.64,5.45,5.85,7.79,4.5,3.7,0.5245,0
EMP01448,39,Male,Sales,Associate,0.42,46347,53.0,23.9,Full Remote,8.26,10,3.86,60.7,5,11.6,5.66,3.41,3.55,5.24,1.8,8.1,0.5052,0
EMP01449,44,Female,Marketing,Associate,1.05,63356,56.0,12.0,Full Remote,8.2,5,2.62,49.2,5,12.4,7.91,5.22,6.98,5.57,29.7,4.4,0.3705,0
EMP01450,35,Female,Operations,Analyst,0.91,89936,44.8,15.5,Full Remote,7.82,8,3.77,71.2,2,18.8,7.24,4.66,7.99,7.48,21.6,3.0,0.4705,0
EMP01451,37,Male,Engineering,Junior Dev,3.05,96882,48.1,6.1,Hybrid,8.76,8,3.79,83.2,6,17.4,8.75,6.37,5.65,5.91,43.7,15.7,0.4605,0
EMP01452,48,Female,Customer Support,Senior Analyst,9.27,70177,37.8,13.6,Hybrid,5.29,3,4.69,64.0,6,13.9,7.46,5.18,5.54,4.69,47.6,13.6,0.4664,0
EMP01453,36,Male,Marketing,Associate,3.47,64719,58.5,2.1,Full Remote,7.36,8,5.0,82.3,2,6.1,7.98,3.13,6.29,6.04,32.8,4.4,0.2591,0
EMP01454,55,Female,Sales,Associate,7.84,41947,43.7,0.7,Hybrid,7.42,12,4.49,74.6,3,12.5,5.01,4.71,7.59,3.58,8.6,2.2,0.2847,0
EMP01455,39,Female,Sales,Manager,4.6,88140,45.6,18.9,Hybrid,6.73,10,3.13,89.7,6,17.1,4.08,5.71,7.68,5.36,11.1,2.9,0.5068,0
EMP01456,22,Male,Engineering,Senior Dev,3.9,107969,41.7,19.5,Full Remote,5.47,3,2.88,81.1,4,14.9,9.65,6.43,4.82,4.32,2.7,16.5,0.6868,0
EMP01457,41,Male,Operations,Analyst,1.6,139128,54.6,8.6,Hybrid,6.4,8,3.34,22.0,5,11.9,4.08,4.61,5.47,5.19,18.2,2.0,0.5734,0
EMP01458,38,Female,Customer Support,Senior Analyst,1.18,84661,46.6,4.0,On-site,5.86,6,3.04,83.4,2,11.2,8.0,3.38,4.38,4.34,77.8,10.1,0.3561,0
EMP01459,45,Female,Sales,Director,5.62,73728,51.1,4.7,Full Remote,6.68,8,5.0,75.7,4,16.2,4.87,4.32,7.41,6.57,59.2,7.0,0.4668,0
EMP01460,40,Male,Customer Support,Analyst,7.07,52004,47.8,10.3,Full Remote,8.43,3,4.26,68.8,4,11.4,4.91,6.9,6.47,4.76,30.0,2.4,0.5471,0
EMP01461,33,Female,Operations,Analyst,1.8,40000,43.2,3.8,On-site,9.69,11,4.0,93.9,6,5.7,5.72,8.05,4.19,5.24,19.3,18.6,0.4601,0
EMP01462,25,Male,Marketing,Senior,0.1,79423,52.4,6.0,Hybrid,5.57,9,4.14,74.8,5,6.1,8.32,2.68,7.45,6.93,120.0,7.2,0.3135,0
EMP01463,33,Male,Finance,Analyst,4.72,133758,47.8,0.9,Hybrid,7.39,9,4.6,72.8,3,5.9,7.9,4.87,4.26,3.56,37.5,4.5,0.5332,0
EMP01464,28,Male,Sales,Manager,1.01,106770,37.3,3.6,Hybrid,6.88,7,3.99,68.2,4,9.4,4.39,4.49,8.15,6.89,23.1,1.1,0.3017,0
EMP01465,30,Male,Marketing,Director,0.1,102914,37.1,10.6,On-site,8.53,6,3.35,70.3,1,21.5,4.43,6.28,5.88,5.98,32.2,2.1,0.546,0
EMP01466,39,Male,Engineering,Manager,4.9,81140,46.2,5.2,On-site,5.97,13,4.09,72.9,2,11.8,4.4,2.64,7.09,4.37,113.4,17.5,0.2765,0
EMP01467,48,Other,Finance,Analyst,2.19,83988,52.3,1.3,Full Remote,6.96,11,4.09,55.0,9,16.0,5.64,5.02,6.38,8.16,56.2,1.0,0.4282,0
EMP01468,38,Male,Engineering,Junior Dev,3.47,40000,58.1,43.2,Hybrid,6.27,7,2.61,86.3,1,9.7,4.66,2.34,8.29,3.79,1.3,4.1,0.4994,0
EMP01469,25,Male,Operations,Manager,7.38,94062,35.0,20.8,Hybrid,6.66,7,5.0,85.2,5,6.0,4.81,3.3,5.7,4.6,2.8,6.2,0.5776,0
EMP01470,38,Male,Operations,Senior Analyst,2.34,60516,45.2,18.8,Full Remote,8.16,5,3.01,70.6,6,17.3,4.48,4.44,7.19,3.71,13.4,4.1,0.614,0
EMP01471,44,Female,Engineering,Junior Dev,2.1,57456,48.9,1.4,On-site,9.49,7,4.73,92.7,3,3.8,4.43,2.96,7.38,4.95,120.0,2.4,0.1921,0
EMP01472,30,Female,Sales,Manager,1.03,66918,47.4,10.4,Hybrid,8.82,7,3.37,74.3,3,9.1,6.32,7.73,7.56,5.62,5.6,2.6,0.4951,0
EMP01473,33,Male,Marketing,Associate,1.09,66074,53.1,11.7,Hybrid,8.54,9,4.43,75.5,3,5.9,7.4,4.49,8.32,4.11,8.4,1.1,0.4532,0
EMP01474,35,Male,HR,Analyst,4.78,57059,50.2,11.5,On-site,7.37,6,3.54,71.5,1,5.8,6.33,4.17,8.61,6.35,0.1,4.8,0.0792,0
EMP01475,28,Male,Sales,Manager,1.79,75346,37.1,1.2,Full Remote,7.95,9,2.35,71.0,5,18.4,8.9,5.92,7.87,6.82,38.0,5.0,0.3356,0
EMP01476,40,Male,HR,Analyst,0.54,61043,36.9,6.3,Full Remote,7.78,12,4.36,85.5,1,9.4,8.18,3.33,6.66,5.96,30.6,1.1,0.2697,0
EMP01477,34,Male,Sales,Associate,0.3,77508,47.5,12.3,Hybrid,8.83,7,4.68,52.7,9,14.2,6.63,6.37,5.26,4.78,49.9,7.4,0.5094,0
EMP01478,38,Male,Engineering,Junior Dev,1.92,40000,52.9,10.6,Hybrid,6.5,11,3.49,76.2,5,14.7,8.43,6.06,4.63,5.21,41.8,3.6,0.5516,0
EMP01479,27,Male,Engineering,Senior Dev,1.88,69648,46.1,10.3,On-site,8.7,7,4.19,48.8,2,13.4,4.5,4.58,9.32,7.05,25.8,7.3,0.3379,0
EMP01480,31,Female,Engineering,Junior Dev,3.18,47592,35.0,5.4,Full Remote,8.1,7,2.95,63.4,5,9.9,6.11,5.35,5.85,4.75,10.2,5.1,0.4456,0
EMP01481,40,Male,Operations,Senior Analyst,1.91,58963,36.6,0.2,Hybrid,5.45,7,3.55,83.5,3,1.9,6.3,5.42,7.83,6.98,13.6,1.8,0.3636,0
EMP01482,32,Female,Customer Support,Senior Analyst,0.46,78584,50.5,7.9,Full Remote,9.51,8,4.39,88.3,2,4.8,4.81,4.92,5.17,5.04,1.7,3.9,0.474,0
EMP01483,48,Female,Sales,Manager,2.13,40000,42.2,18.8,Hybrid,8.12,7,3.81,76.7,6,9.4,7.62,4.2,8.34,4.48,24.6,13.7,0.3428,0
EMP01484,31,Female,Marketing,Associate,7.12,54439,45.9,7.3,Full Remote,8.7,6,3.91,73.2,8,13.5,6.93,6.21,8.18,6.55,6.7,1.2,0.4942,0
EMP01485,36,Male,Engineering,Tech Lead,0.52,89224,53.5,19.9,Hybrid,8.54,6,4.32,61.2,3,4.0,4.8,3.56,7.23,4.19,110.8,4.1,0.5428,0
EMP01486,42,Male,Marketing,Associate,3.51,40000,35.4,20.5,On-site,7.88,4,4.85,69.2,5,0.0,7.77,4.92,7.57,6.74,20.0,5.8,0.3535,0
EMP01487,23,Male,Engineering,Senior Dev,2.7,119446,41.7,19.8,On-site,8.0,10,4.41,61.0,7,17.3,5.98,4.57,7.16,5.35,7.2,7.7,0.461,0
EMP01488,22,Female,HR,Analyst,4.14,105110,40.8,11.6,Hybrid,6.58,4,3.77,84.4,7,12.5,7.83,2.4,5.22,5.51,7.1,7.8,0.4139,0
EMP01489,22,Male,Customer Support,Analyst,0.49,62636,47.8,24.0,Hybrid,8.3,10,3.49,62.0,2,12.3,5.41,8.61,6.28,6.81,17.0,5.5,0.5883,0
EMP01490,45,Female,Engineering,Tech Lead,8.52,55319,51.2,11.0,Hybrid,8.36,11,3.65,79.8,4,13.2,7.36,2.18,5.29,7.05,23.7,7.4,0.3369,0
EMP01491,30,Female,Operations,Analyst,2.91,80048,35.0,4.7,Hybrid,9.47,7,2.47,64.5,7,11.5,6.05,6.73,6.58,4.33,14.4,4.6,0.5402,0
EMP01492,55,Male,Engineering,Junior Dev,5.63,40000,45.0,5.3,On-site,5.56,9,3.71,59.4,6,17.5,7.15,2.58,7.59,6.19,29.5,6.0,0.3156,0
EMP01493,30,Female,Sales,Senior,0.85,40000,52.0,14.1,On-site,7.26,6,2.58,71.6,3,8.7,6.46,3.77,5.37,7.36,17.5,1.9,0.3977,0
EMP01494,36,Male,Engineering,Senior Dev,4.03,63516,35.0,3.6,On-site,7.31,10,3.2,75.3,9,10.0,4.58,4.14,9.71,4.79,1.9,3.2,0.2936,0
EMP01495,47,Male,Sales,Associate,4.56,71648,44.5,5.6,On-site,8.32,10,4.1,71.4,3,17.7,7.92,4.88,6.7,3.32,6.1,13.8,0.4308,0
EMP01496,51,Male,Engineering,Junior Dev,1.52,77360,35.3,3.1,Full Remote,7.44,8,3.19,93.3,0,3.9,7.81,3.91,7.65,4.55,2.5,8.3,0.2697,0
EMP01497,51,Male,Sales,Associate,1.45,59631,39.9,3.6,Hybrid,3.36,7,4.63,81.5,2,14.5,9.52,7.02,4.63,8.19,21.9,8.6,0.391,0
EMP01498,44,Female,Sales,Senior,3.22,106848,35.0,9.2,On-site,6.78,8,3.47,59.3,4,20.4,6.72,5.95,6.66,6.07,13.9,1.3,0.2868,0
EMP01499,43,Male,Sales,Senior,0.29,40000,56.1,29.3,On-site,7.71,5,4.46,82.6,4,11.1,5.94,4.43,7.11,7.03,101.5,3.8,0.5492,0
EMP01500,39,Male,Finance,Analyst,3.99,46543,42.2,18.4,On-site,9.37,10,3.28,60.8,2,5.6,6.05,5.23,4.8,4.8,9.5,4.3,0.5062,0
EMP01501,41,Female,Customer Support,Analyst,0.13,87165,38.5,9.5,Hybrid,6.76,4,3.41,76.9,7,5.5,6.63,4.23,5.92,5.78,0.7,8.3,0.5104,0
EMP01502,30,Female,Sales,Senior,0.63,45958,47.6,9.3,Hybrid,7.88,9,4.42,50.2,5,14.9,5.14,3.51,3.96,6.33,78.3,3.4,0.434,0
EMP01503,28,Male,Engineering,Tech Lead,3.27,44991,36.7,2.2,Full Remote,7.94,10,3.36,82.7,4,8.4,4.38,6.52,6.52,7.61,23.0,0.5,0.3815,0
EMP01504,34,Female,Sales,Manager,0.31,78083,35.9,8.2,Hybrid,7.91,9,3.8,82.3,8,17.8,8.36,5.04,2.36,5.33,16.3,2.8,0.3893,0
EMP01505,33,Female,Operations,Manager,10.71,48661,57.1,5.1,Hybrid,8.86,9,3.16,57.2,5,9.0,5.18,4.8,5.8,4.01,38.0,4.1,0.5209,0
EMP01506,31,Male,HR,Analyst,6.08,71672,59.5,7.5,On-site,7.74,15,1.66,73.8,4,10.8,5.86,3.43,7.1,7.47,6.0,4.8,0.5552,0
EMP01507,40,Male,Marketing,Director,2.95,57503,40.3,5.4,On-site,5.0,4,3.02,66.4,2,6.3,6.38,6.4,7.26,5.12,7.4,10.1,0.6637,0
EMP01508,42,Male,Engineering,Senior Dev,5.13,53458,53.5,9.4,On-site,7.03,6,4.67,74.1,2,15.4,3.81,4.08,7.89,4.52,58.0,14.7,0.5593,0
EMP01509,35,Female,Sales,Director,6.56,40000,47.8,3.5,Full Remote,5.74,5,3.77,82.4,2,12.2,5.3,3.34,5.51,8.44,11.1,11.5,0.514,0
EMP01510,46,Female,Sales,Associate,0.9,78489,35.0,9.3,Hybrid,8.21,7,4.21,73.4,2,17.1,7.79,1.81,3.84,3.14,120.0,2.5,0.2443,0
EMP01511,25,Female,Customer Support,Senior Analyst,5.68,43820,37.6,18.3,Hybrid,4.04,6,4.24,78.6,3,4.2,7.97,4.27,6.65,4.5,7.6,5.2,0.5195,0
EMP01512,33,Female,Operations,Analyst,0.65,70793,57.4,14.2,Full Remote,7.31,7,4.12,63.3,2,7.1,5.67,5.41,8.58,7.09,35.1,15.7,0.4792,0
EMP01513,29,Male,Engineering,Senior Dev,1.6,62197,35.0,42.7,Full Remote,6.65,7,4.78,48.1,6,11.5,5.91,4.44,5.98,5.45,0.5,3.2,0.4269,0
EMP01514,22,Male,Marketing,Manager,2.45,69837,63.2,26.4,On-site,5.89,12,3.25,88.6,4,11.1,8.32,2.75,6.22,5.82,2.0,4.4,0.5785,0
EMP01515,34,Male,Engineering,Tech Lead,3.75,71258,40.4,9.4,Full Remote,8.46,4,4.69,82.5,2,16.9,6.84,4.96,4.26,4.53,9.2,1.8,0.3606,0
EMP01516,34,Female,Sales,Director,0.1,79840,57.6,23.3,Full Remote,6.35,7,4.04,80.8,1,9.7,6.93,6.13,6.7,6.02,17.0,4.3,0.5498,0
EMP01517,47,Female,Operations,Senior Analyst,1.03,56806,42.6,35.9,Hybrid,7.42,11,3.86,87.2,4,13.0,8.81,6.08,7.77,5.53,10.7,3.8,0.4005,0
EMP01518,40,Male,Marketing,Senior,2.81,106067,51.4,14.4,On-site,6.53,12,1.86,86.9,3,10.7,6.16,8.46,6.28,5.0,41.0,3.6,0.5695,0
EMP01519,26,Female,Sales,Associate,1.33,40000,56.2,16.4,On-site,6.56,7,3.82,64.1,5,13.7,7.08,4.6,6.87,3.5,23.2,4.3,0.5385,0
EMP01520,49,Male,Engineering,Manager,4.48,69335,56.1,4.3,On-site,4.88,8,4.23,58.2,6,8.8,7.89,5.84,5.46,4.36,96.3,7.7,0.7381,1
EMP01521,44,Male,Operations,Senior Analyst,3.16,95905,40.3,19.2,On-site,7.59,10,3.69,59.5,6,11.4,7.34,4.67,8.44,2.13,30.9,5.1,0.3786,0
EMP01522,39,Male,HR,Senior Analyst,0.8,86919,38.1,2.3,Hybrid,8.45,5,4.5,64.5,2,19.6,8.45,4.74,5.35,7.42,7.0,7.5,0.2084,0
EMP01523,33,Male,Marketing,Senior,0.47,50629,44.4,10.0,On-site,8.06,7,4.54,67.3,5,16.3,6.25,5.93,8.68,7.48,23.8,11.0,0.3482,0
EMP01524,27,Male,Engineering,Senior Dev,2.98,54793,35.0,1.7,Hybrid,7.03,10,3.28,81.3,2,17.3,7.91,7.13,5.91,7.09,21.1,9.6,0.3857,0
EMP01525,32,Male,Sales,Director,1.8,49830,46.9,5.3,Hybrid,6.4,6,3.59,57.0,3,6.4,7.43,4.3,4.02,5.75,33.9,3.7,0.3639,0
EMP01526,43,Male,Customer Support,Analyst,0.56,89980,38.4,7.9,Hybrid,9.04,5,3.29,45.0,5,16.4,8.45,5.64,6.09,7.6,17.0,6.1,0.3157,0
EMP01527,50,Male,Marketing,Associate,1.19,56501,53.7,5.3,On-site,4.49,12,3.16,74.1,2,20.0,7.18,4.49,5.54,3.17,12.9,9.7,0.3691,0
EMP01528,47,Female,Sales,Associate,1.08,81378,40.4,11.6,On-site,7.94,11,3.58,88.6,4,7.0,8.55,3.86,2.48,3.4,46.0,5.5,0.605,0
EMP01529,31,Male,Marketing,Manager,0.34,81607,35.0,12.3,Hybrid,8.75,7,3.69,78.6,5,10.9,5.97,3.62,6.61,3.84,18.2,4.8,0.3763,0
EMP01530,26,Other,Operations,Analyst,2.37,134209,56.2,4.4,Hybrid,9.74,4,1.83,79.3,3,9.0,7.82,6.43,5.33,5.69,13.3,9.4,0.367,0
EMP01531,36,Male,Sales,Associate,4.33,82831,46.5,9.8,On-site,6.75,12,3.47,81.4,3,12.7,7.25,6.81,7.81,3.27,46.1,9.7,0.6589,0
EMP01532,22,Male,Engineering,Junior Dev,2.57,54721,45.2,5.4,Full Remote,8.59,7,3.82,63.6,7,13.3,6.06,3.52,7.11,6.81,5.8,7.8,0.3654,0
EMP01533,37,Male,HR,Senior Analyst,5.25,40000,53.8,8.4,On-site,5.2,3,3.6,79.0,4,10.8,7.54,6.32,9.14,2.83,51.8,3.9,0.4725,0
EMP01534,33,Male,Finance,Analyst,0.41,68103,52.0,5.8,Hybrid,7.81,9,3.44,72.7,3,11.8,7.49,6.26,8.3,7.74,45.5,2.5,0.5666,0
EMP01535,31,Female,Finance,Analyst,1.72,72022,38.9,6.0,Hybrid,7.93,9,2.69,72.8,2,11.5,6.25,3.8,7.78,6.48,5.0,6.3,0.5058,0
EMP01536,22,Male,Operations,Manager,2.82,40000,41.4,8.2,Hybrid,7.42,11,2.45,68.8,0,23.0,6.96,3.72,8.0,5.77,7.0,6.0,0.3341,0
EMP01537,39,Female,Sales,Director,3.38,57153,36.1,15.4,Hybrid,8.29,7,3.07,85.8,6,9.7,8.61,3.04,7.42,6.63,13.7,1.2,0.2453,0
EMP01538,30,Female,Engineering,Junior Dev,3.57,82433,35.0,6.3,On-site,7.03,13,2.05,83.5,5,26.4,7.75,5.44,4.62,5.07,18.6,7.8,0.4634,0
EMP01539,25,Female,Customer Support,Senior Analyst,3.92,61691,49.6,33.0,On-site,9.48,10,3.47,80.2,6,14.4,6.63,7.66,7.95,6.25,63.9,7.8,0.4474,0
EMP01540,22,Female,Sales,Senior,3.16,99215,48.1,6.5,Hybrid,7.65,10,2.83,76.5,4,12.6,5.5,5.79,5.73,6.22,2.8,1.7,0.4975,0
EMP01541,34,Female,HR,Analyst,0.3,40000,51.1,5.8,On-site,3.72,7,3.66,74.9,4,20.5,4.09,5.14,5.79,7.99,12.1,15.5,0.5649,0
EMP01542,49,Male,Finance,Analyst,3.57,91922,55.3,10.5,Hybrid,5.79,11,3.05,71.9,3,15.7,4.48,2.97,6.9,5.98,14.3,14.7,0.2978,0
EMP01543,48,Female,Marketing,Senior,3.87,97847,51.2,12.1,Full Remote,6.66,5,1.94,53.2,2,14.8,7.17,6.28,8.25,5.63,3.2,1.6,0.4195,0
EMP01544,31,Male,Engineering,Senior Dev,15.1,98912,51.9,11.1,Hybrid,5.62,12,2.71,84.0,3,6.9,7.19,6.29,3.95,4.94,18.0,5.3,0.6698,0
EMP01545,30,Male,Operations,Analyst,3.55,40000,35.0,13.5,Hybrid,9.67,5,3.65,37.9,3,9.6,5.15,3.6,6.95,4.68,10.8,4.3,0.2942,0
EMP01546,38,Male,Operations,Manager,3.48,82863,42.5,11.9,Full Remote,5.92,10,4.12,75.3,2,7.5,4.96,4.2,6.69,7.07,5.7,6.6,0.5481,0
EMP01547,27,Female,Marketing,Senior,2.17,58281,52.7,19.7,Hybrid,6.33,9,3.28,96.3,4,4.3,6.01,6.13,6.77,7.03,62.0,1.6,0.6283,0
EMP01548,37,Female,Marketing,Senior,6.07,40000,35.7,13.9,On-site,6.77,4,3.7,78.6,4,12.5,8.48,6.97,6.42,5.07,24.1,1.1,0.4586,0
EMP01549,41,Male,Engineering,Junior Dev,17.27,64653,45.7,38.9,Hybrid,9.06,5,3.35,75.4,5,18.0,5.79,1.9,6.87,4.71,30.3,2.6,0.4603,0
EMP01550,44,Female,Engineering,Senior Dev,4.53,52375,49.2,8.8,Full Remote,9.83,12,3.33,75.3,4,11.2,6.51,4.6,5.73,4.34,22.6,6.4,0.5137,0
EMP01551,34,Male,Sales,Associate,2.84,98018,48.5,2.0,Full Remote,6.78,4,2.85,73.7,7,10.9,4.28,5.79,7.91,2.46,2.1,8.5,0.5736,0
EMP01552,33,Male,Sales,Senior,0.25,87826,48.0,10.3,Full Remote,8.11,11,3.47,77.9,2,9.4,7.62,5.8,6.19,5.91,46.6,4.8,0.3737,0
EMP01553,27,Male,Customer Support,Senior Analyst,3.89,46188,49.8,10.4,Hybrid,5.51,10,3.01,69.7,4,3.7,7.74,3.25,4.1,7.86,31.2,1.6,0.5491,0
EMP01554,28,Male,Operations,Senior Analyst,3.7,56894,46.4,8.2,Full Remote,6.49,9,4.6,82.5,1,11.8,3.97,5.11,4.79,5.86,3.8,14.2,0.4189,0
EMP01555,33,Male,Finance,Analyst,4.48,65482,35.0,2.9,Full Remote,7.63,8,2.96,69.6,1,10.8,7.93,1.9,7.0,5.65,102.1,1.0,0.1583,0
EMP01556,37,Female,Marketing,Senior,0.4,73189,49.1,13.6,Hybrid,7.62,6,3.64,81.3,4,19.3,7.07,5.0,7.46,2.88,7.8,7.6,0.5557,0
EMP01557,42,Female,Engineering,Manager,3.18,100159,47.3,1.7,Hybrid,7.23,9,2.65,50.3,6,4.2,6.24,7.45,6.1,6.58,28.8,3.1,0.5956,0
EMP01558,28,Male,Customer Support,Senior Analyst,1.05,92269,35.0,1.2,Full Remote,9.46,12,3.34,43.0,6,2.4,3.78,3.31,7.68,7.02,1.0,3.2,0.2108,0
EMP01559,46,Female,Sales,Associate,4.28,76284,56.0,10.6,Full Remote,6.32,11,2.69,65.3,3,8.1,7.23,7.78,6.44,6.86,7.1,16.2,0.726,1
EMP01560,32,Female,Engineering,Senior Dev,0.82,68483,49.3,14.3,Full Remote,8.07,5,3.04,73.1,6,12.6,5.33,3.41,7.66,3.17,3.7,15.3,0.3766,0
EMP01561,34,Female,Marketing,Associate,3.46,40000,35.0,8.6,Full Remote,6.75,6,4.28,69.6,5,21.7,7.47,4.1,5.48,5.86,98.4,6.5,0.3786,0
EMP01562,29,Female,Operations,Manager,1.05,107299,38.5,5.7,Full Remote,6.95,14,3.46,72.7,1,10.6,4.3,6.24,7.1,4.28,72.9,6.7,0.516,0
EMP01563,22,Male,Operations,Senior Analyst,0.1,63822,40.5,5.2,Hybrid,7.21,5,4.16,58.6,5,6.4,6.78,5.07,3.53,5.35,85.3,3.7,0.5251,0
EMP01564,42,Female,Engineering,Senior Dev,3.01,113871,40.5,7.9,Hybrid,6.35,5,3.33,42.7,2,12.4,3.34,5.78,7.06,2.76,5.4,5.1,0.6463,0
EMP01565,40,Female,Operations,Analyst,0.36,79902,47.3,3.1,Full Remote,4.93,5,4.09,69.1,10,15.4,5.65,3.64,6.98,4.73,0.5,6.2,0.5723,0
EMP01566,32,Male,Sales,Senior,3.23,125632,37.2,7.9,On-site,7.71,3,4.15,67.6,3,6.6,7.5,3.89,7.19,3.73,23.2,2.8,0.4492,0
EMP01567,35,Male,Engineering,Manager,7.8,90158,54.0,1.6,Hybrid,9.84,7,4.07,71.4,5,8.1,5.7,4.15,5.31,3.26,17.1,2.1,0.5116,0
EMP01568,39,Female,Operations,Analyst,10.45,40000,53.4,8.3,Full Remote,7.97,8,4.26,60.2,3,16.8,6.97,8.54,7.58,3.16,55.0,3.7,0.5465,0
EMP01569,22,Male,Operations,Senior Analyst,0.81,59639,50.0,11.8,Full Remote,8.58,12,3.89,45.5,3,8.7,4.78,7.33,5.42,5.19,9.5,4.0,0.5992,0
EMP01570,30,Other,HR,Manager,4.97,70771,45.4,7.9,On-site,7.55,10,3.16,50.5,2,5.6,7.87,2.92,6.56,7.09,20.1,15.8,0.2654,0
EMP01571,41,Male,HR,Analyst,1.31,53155,52.5,17.7,On-site,7.92,9,2.37,79.5,4,13.7,7.56,5.19,4.22,5.85,26.1,2.4,0.533,0
EMP01572,24,Female,Operations,Analyst,6.92,65573,42.8,6.7,Full Remote,8.65,7,2.89,79.3,1,10.3,5.82,2.95,6.7,2.83,16.3,4.6,0.4004,0
EMP01573,37,Male,Operations,Senior Analyst,4.65,40826,39.2,3.8,Full Remote,8.83,7,3.81,83.2,3,10.4,6.88,5.17,8.19,3.26,33.2,6.5,0.4281,0
EMP01574,24,Female,Operations,Senior Analyst,0.23,75143,54.5,8.2,Hybrid,8.05,9,4.39,66.0,5,15.1,6.48,3.21,7.31,3.6,9.4,7.0,0.353,0
EMP01575,38,Female,Marketing,Associate,1.57,80935,47.5,7.2,Hybrid,4.18,4,3.89,87.9,8,15.2,6.71,5.93,5.37,4.2,30.8,2.6,0.7155,1
EMP01576,34,Male,Customer Support,Analyst,1.23,49897,39.5,7.2,Hybrid,7.1,17,3.25,90.0,1,7.5,7.91,4.83,7.41,2.83,34.1,1.6,0.5003,0
EMP01577,22,Female,Customer Support,Senior Analyst,4.61,123506,41.7,3.7,Hybrid,3.77,8,3.16,65.8,3,5.9,7.64,3.82,9.39,3.71,13.5,2.8,0.426,0
EMP01578,44,Male,Engineering,Manager,1.58,76587,39.1,5.4,Full Remote,9.24,8,3.53,42.5,4,14.0,8.41,5.83,7.48,5.48,17.4,3.2,0.4213,0
EMP01579,29,Male,Operations,Analyst,3.46,54581,61.2,16.7,Full Remote,7.02,7,3.99,77.0,5,13.6,7.89,6.69,5.12,4.08,5.6,2.6,0.727,1
EMP01580,28,Male,Marketing,Associate,2.77,40000,45.0,10.9,Hybrid,6.82,9,3.53,82.1,3,8.0,5.53,5.02,6.21,4.39,19.0,3.8,0.4469,0
EMP01581,36,Female,Sales,Senior,11.14,76498,46.3,4.2,On-site,8.75,5,3.1,77.6,4,7.7,7.34,2.22,4.06,6.86,5.4,5.7,0.36,0
EMP01582,44,Male,HR,Manager,8.33,68487,50.8,4.4,Full Remote,6.85,7,2.82,70.3,4,17.9,6.07,2.63,7.05,4.1,8.3,12.1,0.5,0
EMP01583,26,Male,Engineering,Junior Dev,1.67,94576,35.3,3.1,Hybrid,5.28,10,2.93,57.4,4,9.4,6.2,3.79,7.48,5.56,28.5,4.5,0.4331,0
EMP01584,35,Male,Marketing,Manager,3.86,71415,53.8,9.3,Hybrid,8.68,5,2.94,69.5,5,9.5,7.35,7.48,6.05,6.62,1.3,4.8,0.3761,0
EMP01585,38,Female,Operations,Analyst,5.31,45157,40.1,17.9,Full Remote,6.94,8,3.45,56.6,7,18.2,7.96,3.36,8.61,7.23,19.5,18.6,0.3084,0
EMP01586,40,Female,Engineering,Manager,6.87,116767,59.6,9.8,On-site,7.93,12,2.85,55.4,3,7.6,7.9,6.24,7.23,5.26,27.9,6.1,0.5683,0
EMP01587,36,Male,Sales,Senior,0.21,85890,42.5,2.4,Hybrid,4.95,10,3.05,79.0,1,7.1,8.73,4.07,7.59,5.28,2.8,6.9,0.3092,0
EMP01588,32,Male,Customer Support,Senior Analyst,1.08,68647,53.3,13.4,Hybrid,8.04,5,4.05,76.7,5,15.0,6.47,5.03,6.19,6.24,7.8,22.1,0.5001,0
EMP01589,28,Female,Sales,Senior,1.16,79115,35.0,11.6,Hybrid,8.12,12,3.97,78.6,2,20.7,6.6,6.59,6.96,6.42,80.3,4.1,0.3947,0
EMP01590,35,Male,Sales,Manager,1.71,86851,35.6,7.2,Full Remote,7.15,15,4.86,94.7,2,20.2,5.12,5.24,8.6,7.41,58.6,8.7,0.3122,0
EMP01591,26,Female,Sales,Associate,0.56,40000,42.7,16.2,Hybrid,7.7,13,3.77,74.5,3,11.9,9.33,3.13,7.62,2.76,5.1,10.5,0.2273,0
EMP01592,22,Female,Marketing,Associate,2.06,78942,35.0,13.3,Hybrid,3.27,6,2.37,52.2,4,17.9,7.7,4.47,2.32,6.27,0.6,9.3,0.541,0
EMP01593,38,Female,HR,Analyst,3.26,63746,49.8,4.9,Full Remote,9.79,6,2.27,54.8,7,7.3,7.64,6.46,7.02,4.86,20.7,7.1,0.3492,0
EMP01594,42,Male,Operations,Manager,2.06,87682,47.5,3.6,Hybrid,8.14,12,3.6,57.5,1,7.5,6.11,3.32,4.33,8.21,34.2,7.3,0.444,0
EMP01595,22,Female,Marketing,Manager,3.29,56495,37.1,12.9,Full Remote,8.26,7,3.46,65.3,6,12.8,5.72,3.32,5.46,5.83,15.6,7.8,0.5241,0
EMP01596,26,Female,Operations,Senior Analyst,0.21,59882,44.9,7.3,Full Remote,7.42,9,3.3,77.4,2,13.2,6.36,4.03,6.2,6.26,21.3,4.1,0.3368,0
EMP01597,39,Female,Marketing,Senior,6.26,116571,51.5,5.0,On-site,7.46,10,2.56,69.6,6,13.8,3.25,4.29,4.83,3.28,9.4,2.1,0.4071,0
EMP01598,51,Male,Sales,Associate,8.39,105772,35.0,19.4,Full Remote,4.55,8,2.73,73.1,3,11.1,4.6,5.74,8.82,5.53,40.4,9.0,0.4384,0
EMP01599,35,Male,Finance,Manager,2.89,40000,35.0,20.2,Hybrid,3.87,8,4.36,77.2,11,13.5,8.71,5.08,3.32,6.13,60.8,5.8,0.5763,0
EMP01600,29,Male,Finance,Senior Analyst,6.4,103919,42.3,11.8,On-site,7.15,10,4.32,88.2,2,9.7,7.16,4.27,5.17,4.93,11.1,4.7,0.4036,0
EMP01601,33,Female,Marketing,Senior,0.42,73158,45.2,3.8,Full Remote,7.94,8,3.71,65.3,2,8.8,6.13,5.53,5.66,4.72,2.1,9.3,0.4756,0
EMP01602,45,Female,Engineering,Senior Dev,4.79,57295,44.5,3.9,Hybrid,5.91,6,4.0,76.5,5,12.8,8.85,5.43,8.35,5.82,25.2,11.8,0.3514,0
EMP01603,29,Male,Engineering,Manager,0.38,49820,52.1,10.3,Hybrid,6.27,5,2.58,76.2,4,12.1,4.83,7.35,7.98,4.59,39.5,17.4,0.7172,1
EMP01604,28,Male,Sales,Manager,1.57,51272,48.8,15.2,Hybrid,8.14,6,3.75,76.5,7,10.1,8.56,7.04,5.22,4.47,65.1,4.7,0.5566,0
EMP01605,31,Male,Sales,Senior,1.17,58001,50.6,24.0,Hybrid,6.56,8,2.98,65.7,3,15.2,5.38,7.9,6.07,8.44,1.6,5.8,0.7294,1
EMP01606,27,Female,Finance,Analyst,2.64,46821,35.0,12.0,Hybrid,9.4,10,4.5,70.1,1,19.6,6.44,4.36,7.32,2.11,24.7,10.7,0.2238,0
EMP01607,35,Female,Engineering,Senior Dev,1.08,41135,46.2,8.4,Full Remote,6.35,5,3.89,86.2,2,16.0,7.18,4.29,7.91,6.13,17.5,13.7,0.326,0
EMP01608,47,Male,Operations,Senior Analyst,3.04,48990,42.5,14.0,Full Remote,5.96,5,2.26,76.6,9,13.9,3.11,4.54,6.24,5.13,27.8,6.7,0.5271,0
EMP01609,37,Male,Sales,Senior,1.37,83084,56.7,6.0,Hybrid,7.23,7,2.52,73.2,2,7.3,4.59,3.67,5.15,4.92,70.9,6.3,0.5005,0
EMP01610,32,Male,Sales,Associate,5.92,76252,46.4,13.6,Full Remote,8.4,8,3.43,63.1,6,10.9,7.56,4.27,7.85,6.39,42.5,7.3,0.4108,0
EMP01611,32,Female,Marketing,Senior,3.01,88896,39.6,1.7,On-site,8.33,9,2.77,70.1,4,16.7,6.63,4.19,6.0,5.69,25.8,5.2,0.2416,0
EMP01612,22,Female,Engineering,Senior Dev,0.73,73340,51.8,10.3,Hybrid,7.07,2,4.39,60.0,2,10.7,8.22,4.92,3.43,5.33,48.0,3.1,0.4454,0
EMP01613,42,Female,Operations,Analyst,1.23,42333,49.5,0.6,Full Remote,8.08,6,2.02,84.3,3,11.8,7.68,4.16,7.17,6.7,55.0,4.1,0.229,0
EMP01614,34,Male,Engineering,Junior Dev,5.64,87361,38.4,2.8,Full Remote,7.41,7,3.44,75.4,4,14.0,6.8,7.17,5.2,5.32,8.0,1.7,0.5517,0
EMP01615,33,Female,Sales,Manager,1.47,49882,42.2,16.2,Full Remote,5.46,13,2.23,76.5,6,18.1,4.37,8.28,6.08,5.31,2.5,2.2,0.5136,0
EMP01616,60,Male,Operations,Senior Analyst,2.3,91165,42.3,7.1,Hybrid,9.07,5,3.2,83.9,0,9.2,5.61,6.33,5.17,2.94,10.7,1.1,0.3631,0
EMP01617,37,Female,HR,Analyst,3.14,45851,54.8,16.4,On-site,9.28,7,2.51,36.9,4,16.8,6.28,3.48,5.02,5.52,0.3,4.0,0.3255,0
EMP01618,28,Male,Sales,Senior,1.28,57813,46.6,6.9,Full Remote,6.13,13,3.44,70.0,3,14.7,6.81,5.07,4.14,4.45,11.6,4.8,0.4993,0
EMP01619,31,Female,Sales,Manager,1.04,65965,50.8,11.4,Full Remote,7.28,11,2.77,86.1,4,9.1,7.55,2.42,5.98,2.48,8.3,8.3,0.3712,0
EMP01620,44,Female,Finance,Senior Analyst,1.93,91860,41.1,3.9,Hybrid,7.61,8,2.95,67.1,5,0.3,7.39,5.39,2.55,2.09,22.3,5.2,0.4232,0
EMP01621,35,Female,Customer Support,Analyst,0.73,79399,47.7,27.5,Full Remote,8.64,7,4.35,62.9,4,4.5,5.99,4.36,7.24,4.24,19.5,7.0,0.5882,0
EMP01622,23,Female,Operations,Manager,1.0,75500,55.4,15.6,Hybrid,7.35,13,3.14,63.3,2,12.9,6.94,5.29,8.85,5.5,10.7,11.1,0.3526,0
EMP01623,42,Male,Sales,Associate,0.19,122141,42.1,1.1,Hybrid,5.7,14,1.31,89.5,2,14.5,3.55,4.41,5.64,6.11,3.2,1.7,0.4879,0
EMP01624,29,Male,Customer Support,Manager,1.09,40000,45.9,9.5,Full Remote,6.68,10,3.37,58.8,4,21.4,5.61,4.09,5.12,5.91,78.5,5.4,0.5419,0
EMP01625,49,Female,Engineering,Junior Dev,1.16,49040,35.0,2.7,Hybrid,8.02,6,4.63,68.4,5,14.6,6.28,3.54,6.8,2.93,82.8,8.7,0.4074,0
EMP01626,43,Male,Engineering,Junior Dev,9.8,47970,38.9,2.2,Hybrid,7.77,11,3.79,71.2,4,10.0,7.93,3.37,7.55,6.57,4.3,3.7,0.1474,0
EMP01627,31,Male,Operations,Analyst,2.67,40000,42.3,7.9,Full Remote,9.59,13,4.24,73.7,4,1.1,7.48,6.98,6.7,5.25,10.6,2.0,0.3003,0
EMP01628,45,Male,Engineering,Senior Dev,4.64,57012,36.5,6.0,Full Remote,6.36,5,3.01,86.3,3,15.2,8.57,6.29,3.89,6.84,14.6,11.5,0.5805,0
EMP01629,35,Female,Engineering,Senior Dev,0.14,92194,55.6,11.6,Hybrid,8.2,9,4.01,63.9,1,8.5,6.65,5.06,1.88,6.11,19.4,2.5,0.3349,0
EMP01630,41,Male,Engineering,Tech Lead,0.34,60208,38.3,3.0,Hybrid,9.0,5,3.13,71.3,0,14.7,7.43,4.33,7.98,5.53,10.3,2.6,0.302,0
EMP01631,38,Male,Sales,Manager,5.05,66674,51.3,4.8,Full Remote,7.79,13,3.76,46.6,2,5.2,8.19,5.77,5.27,4.37,49.6,2.4,0.4372,0
EMP01632,28,Male,Finance,Analyst,2.93,40000,46.5,2.1,Full Remote,8.43,7,4.44,71.9,6,15.4,4.48,4.8,7.49,5.75,13.1,28.0,0.4738,0
EMP01633,29,Male,HR,Analyst,0.64,55086,45.2,2.6,Full Remote,7.82,13,2.64,55.8,3,20.8,6.75,7.5,4.94,6.15,3.6,7.6,0.4522,0
EMP01634,43,Female,Engineering,Junior Dev,1.56,63457,56.9,4.6,Full Remote,5.81,14,2.06,62.8,5,15.5,4.56,8.11,3.96,6.48,13.5,2.3,0.673,0
EMP01635,32,Other,Marketing,Associate,2.32,91060,35.0,4.2,Hybrid,4.18,11,3.16,76.7,5,10.7,7.7,7.61,7.69,3.39,63.8,2.0,0.4444,0
EMP01636,31,Female,Customer Support,Senior Analyst,5.57,40000,43.4,4.6,Full Remote,7.01,7,3.76,71.9,1,11.6,7.1,6.95,7.48,6.51,6.6,4.9,0.3399,0
EMP01637,27,Male,Operations,Analyst,0.19,63624,36.4,3.5,Hybrid,6.66,8,4.82,68.2,1,19.4,6.78,2.57,8.14,4.62,28.3,5.5,0.358,0
EMP01638,38,Female,Sales,Manager,2.72,102170,35.0,13.1,Full Remote,5.7,6,3.57,86.5,6,14.5,6.46,5.78,7.08,5.02,49.6,7.8,0.7105,1
EMP01639,51,Female,Customer Support,Senior Analyst,3.79,63872,35.4,11.5,Hybrid,9.12,5,4.0,77.2,3,15.4,7.68,8.15,3.4,4.24,7.7,1.5,0.3256,0
EMP01640,26,Male,Finance,Analyst,11.44,40000,45.1,4.7,Hybrid,8.02,9,2.95,51.8,3,6.9,7.78,7.4,3.87,8.2,7.8,1.3,0.6748,0
EMP01641,35,Female,Engineering,Senior Dev,4.94,106979,39.2,7.4,Hybrid,8.09,7,2.97,67.8,4,4.4,5.51,4.17,5.44,5.73,6.2,1.9,0.4128,0
EMP01642,46,Female,Engineering,Junior Dev,0.97,93372,52.2,17.5,Full Remote,7.99,14,3.78,83.0,4,14.5,6.51,3.52,3.97,4.98,45.7,3.0,0.6548,0
EMP01643,34,Female,Engineering,Senior Dev,3.71,96734,43.3,17.1,Full Remote,7.08,3,4.77,88.6,3,5.6,3.35,7.23,3.18,6.95,43.9,5.0,0.6558,0
EMP01644,38,Female,Finance,Senior Analyst,4.32,40000,42.4,4.5,Full Remote,8.32,11,3.52,65.2,5,4.9,5.07,3.64,7.74,7.03,5.8,4.3,0.4059,0
EMP01645,26,Male,Engineering,Senior Dev,3.93,112811,42.4,2.1,Hybrid,7.96,5,3.71,76.8,5,4.3,8.21,6.51,5.67,5.02,13.2,5.5,0.4741,0
EMP01646,38,Male,Marketing,Associate,5.15,55668,44.2,16.5,Full Remote,9.55,4,2.95,80.6,5,21.2,7.41,5.07,7.63,4.13,0.8,3.9,0.5765,0
EMP01647,33,Female,Engineering,Tech Lead,7.02,62264,41.7,2.2,Full Remote,9.52,13,3.05,67.0,2,8.3,7.17,4.35,6.43,3.1,8.4,4.1,0.2651,0
EMP01648,42,Male,Customer Support,Analyst,0.31,57430,38.2,3.3,On-site,7.29,8,4.4,82.8,6,8.8,6.3,6.46,9.32,8.14,5.5,17.0,0.2874,0
EMP01649,44,Male,Sales,Manager,0.33,98673,52.9,4.3,Full Remote,6.78,6,2.34,74.9,5,15.8,7.81,4.79,4.51,6.89,15.4,4.3,0.3682,0
EMP01650,55,Female,Customer Support,Senior Analyst,4.77,70505,40.0,7.9,On-site,8.07,6,2.89,66.5,5,9.9,5.91,4.76,6.54,3.9,28.9,7.1,0.5813,0
EMP01651,39,Female,Customer Support,Senior Analyst,0.87,87043,41.9,18.3,On-site,8.58,14,3.31,96.2,3,5.2,7.76,6.06,7.64,5.11,43.5,8.2,0.3523,0
EMP01652,37,Male,Engineering,Tech Lead,0.18,76897,48.4,2.2,On-site,4.77,9,3.59,63.1,4,23.6,7.04,2.77,3.96,6.23,37.2,7.7,0.3065,0
EMP01653,36,Female,Marketing,Manager,1.54,72623,47.5,6.2,On-site,7.08,10,3.43,61.3,4,16.6,5.79,5.04,7.09,3.94,20.9,2.8,0.5899,0
EMP01654,32,Female,Engineering,Junior Dev,5.14,51330,37.9,16.5,Full Remote,6.76,7,4.13,70.7,7,15.2,7.06,5.41,6.66,3.82,50.1,4.1,0.4336,0
EMP01655,37,Female,Customer Support,Analyst,0.41,120303,51.0,21.0,Full Remote,5.45,10,5.0,86.1,1,8.3,7.0,6.33,8.27,4.67,54.6,3.3,0.5875,0
EMP01656,32,Male,Marketing,Manager,3.34,40000,49.3,13.5,Full Remote,8.35,7,2.65,86.1,3,14.3,5.72,4.99,7.74,7.79,19.7,4.5,0.3705,0
EMP01657,36,Male,Engineering,Junior Dev,0.1,85306,46.4,13.6,Full Remote,9.51,14,3.72,72.0,3,7.5,5.61,6.84,6.3,4.39,19.8,2.6,0.5284,0
EMP01658,45,Male,Engineering,Senior Dev,0.35,84416,41.5,5.3,Full Remote,8.5,8,2.96,89.5,4,9.3,3.18,5.29,8.5,6.68,14.6,6.4,0.3518,0
EMP01659,26,Male,Sales,Manager,1.3,103858,41.7,3.9,On-site,7.62,5,4.24,93.0,0,13.3,8.43,6.47,5.91,3.82,43.9,4.9,0.4628,0
EMP01660,44,Male,Customer Support,Senior Analyst,0.26,109702,43.4,16.2,Full Remote,7.51,13,4.97,84.5,3,8.0,5.1,6.63,8.65,3.95,12.0,9.5,0.4959,0
EMP01661,45,Male,Finance,Senior Analyst,5.61,71565,35.1,9.1,Full Remote,9.34,6,3.46,81.8,1,18.6,7.72,5.98,7.08,5.19,25.1,9.7,0.2286,0
EMP01662,34,Male,Operations,Senior Analyst,5.99,88259,44.7,5.0,Hybrid,8.01,9,4.3,79.2,2,15.1,4.62,8.21,6.3,4.46,5.8,12.1,0.4778,0
EMP01663,22,Female,Sales,Senior,4.23,119121,52.1,1.1,Full Remote,6.96,14,2.73,71.3,4,14.3,6.83,5.73,5.42,5.44,23.6,13.1,0.6007,0
EMP01664,30,Male,Engineering,Tech Lead,0.83,73370,52.0,4.0,Hybrid,9.18,7,4.51,63.3,3,5.4,5.43,6.52,6.3,5.83,46.8,7.4,0.4455,0
EMP01665,45,Female,Customer Support,Senior Analyst,2.22,48339,42.0,14.9,Full Remote,8.91,4,4.88,81.8,4,15.3,6.89,3.35,4.37,5.86,20.6,1.7,0.2642,0
EMP01666,34,Female,Engineering,Senior Dev,0.61,65388,53.5,2.5,On-site,5.49,7,3.4,86.8,4,9.5,7.74,6.69,6.35,8.18,5.8,9.5,0.413,0
EMP01667,27,Male,Customer Support,Senior Analyst,0.99,42383,60.2,9.1,Hybrid,8.04,8,4.04,83.8,7,14.1,8.68,6.01,5.57,8.48,22.8,1.6,0.5482,0
EMP01668,30,Female,Sales,Manager,2.18,84295,42.5,5.8,Hybrid,7.06,6,2.5,75.0,4,9.6,7.0,4.01,6.06,5.29,25.2,11.2,0.4253,0
EMP01669,41,Female,Engineering,Tech Lead,3.98,101611,50.5,11.2,Full Remote,6.35,9,3.0,60.0,3,7.4,7.78,4.55,3.63,6.95,2.4,3.7,0.4157,0
EMP01670,39,Male,Finance,Analyst,0.3,71973,35.0,5.8,On-site,7.99,8,3.94,78.8,8,17.0,8.48,1.91,3.96,5.75,7.1,3.5,0.3712,0
EMP01671,33,Female,Customer Support,Analyst,1.06,40000,35.0,27.6,Full Remote,8.01,8,5.0,81.0,5,7.7,3.76,6.17,5.96,7.49,34.7,2.1,0.6389,0
EMP01672,32,Male,Customer Support,Manager,7.84,100541,45.7,10.8,Hybrid,7.02,5,2.04,86.0,2,10.1,6.19,4.41,5.27,3.88,2.7,2.8,0.3957,0
EMP01673,31,Female,Engineering,Senior Dev,1.68,40000,36.9,3.9,On-site,3.93,4,3.66,60.4,4,1.8,4.57,3.25,8.78,5.59,24.4,5.7,0.2147,0
EMP01674,27,Male,Engineering,Junior Dev,8.38,40000,61.3,14.3,Hybrid,8.6,13,4.51,85.8,5,19.0,6.37,3.54,4.56,4.33,99.3,1.7,0.5092,0
EMP01675,47,Female,Marketing,Senior,14.27,70541,49.8,9.8,Hybrid,7.25,8,4.96,73.7,7,11.9,5.49,6.62,9.21,3.31,14.3,5.1,0.4355,0
EMP01676,32,Male,HR,Manager,2.24,81294,52.7,4.1,Full Remote,7.95,12,3.34,85.2,4,16.8,7.38,4.52,4.05,5.59,12.5,5.1,0.4145,0
EMP01677,44,Female,Finance,Manager,1.02,85556,44.8,11.3,Hybrid,6.69,10,4.54,58.5,3,11.6,5.59,4.07,6.0,5.34,15.6,7.2,0.4918,0
EMP01678,47,Male,Engineering,Tech Lead,4.69,73346,37.0,4.8,On-site,7.61,13,4.09,85.7,6,2.7,6.18,7.86,6.83,4.08,25.8,9.5,0.4944,0
EMP01679,42,Female,Customer Support,Analyst,0.52,119001,40.8,10.5,Full Remote,7.96,6,4.92,37.1,5,18.0,6.44,5.62,6.03,7.38,23.8,12.7,0.3913,0
EMP01680,31,Female,HR,Manager,0.87,76629,47.0,5.8,On-site,7.79,8,3.34,72.8,4,12.7,7.45,4.78,7.1,7.01,9.5,6.2,0.4132,0
EMP01681,38,Male,Operations,Senior Analyst,4.61,100866,39.9,12.7,Hybrid,5.36,11,3.58,66.7,3,7.9,6.32,7.23,8.48,6.26,18.4,6.1,0.6613,0
EMP01682,34,Female,Marketing,Manager,1.71,94673,50.4,13.3,Hybrid,7.5,12,3.0,82.4,8,22.3,7.83,2.17,7.9,8.38,20.1,4.5,0.1992,0
EMP01683,27,Male,Sales,Associate,0.68,42678,50.7,31.1,Hybrid,9.17,10,3.26,51.7,2,9.0,8.78,4.69,6.33,7.02,9.1,3.6,0.3256,0
EMP01684,37,Female,Customer Support,Analyst,3.16,70756,45.0,0.6,Full Remote,7.85,9,3.26,78.2,3,7.8,5.58,2.43,5.16,7.62,18.7,11.9,0.2751,0
EMP01685,25,Female,HR,Senior Analyst,3.96,128083,35.0,22.5,Full Remote,8.42,9,2.85,74.3,3,0.1,6.62,2.31,7.18,5.85,8.0,1.3,0.3267,0
EMP01686,44,Female,Operations,Analyst,0.4,62391,58.7,10.6,Full Remote,3.89,10,4.94,76.4,3,13.3,7.5,5.16,4.78,5.76,47.1,8.7,0.6397,0
EMP01687,31,Female,Customer Support,Senior Analyst,0.97,58134,43.3,6.4,Hybrid,2.68,5,3.55,75.0,1,12.5,5.35,5.02,6.47,4.85,6.7,12.9,0.7172,1
EMP01688,36,Male,Finance,Manager,0.75,79264,66.7,18.5,On-site,8.88,11,3.12,62.8,5,11.4,8.07,3.11,8.22,7.19,13.9,6.6,0.4983,0
EMP01689,37,Male,Marketing,Senior,1.43,63287,50.2,14.7,Hybrid,9.35,6,3.18,48.0,6,22.0,6.47,3.2,8.02,2.37,27.5,2.9,0.4528,0
EMP01690,32,Male,Engineering,Tech Lead,4.32,55157,43.3,21.7,Hybrid,7.98,8,2.26,90.5,5,9.2,6.49,7.36,5.9,4.05,6.8,2.9,0.5036,0
EMP01691,39,Female,Engineering,Senior Dev,3.75,62917,48.6,15.7,Full Remote,7.89,7,3.99,85.0,6,16.6,8.95,5.83,4.45,6.52,2.1,6.6,0.4898,0
EMP01692,31,Male,Engineering,Tech Lead,3.26,110800,35.0,14.9,Hybrid,8.8,5,2.81,70.0,8,5.4,6.85,8.8,9.48,7.84,36.4,3.2,0.3336,0
EMP01693,41,Female,Engineering,Tech Lead,0.1,71584,53.2,11.6,Hybrid,8.15,7,3.01,72.0,4,16.3,5.9,3.56,7.36,7.4,40.0,3.9,0.3447,0
EMP01694,24,Female,Sales,Manager,0.46,41798,65.5,6.8,Hybrid,9.22,9,4.41,46.4,2,4.3,8.24,4.31,6.42,4.51,39.0,6.5,0.4505,0
EMP01695,36,Male,Sales,Senior,0.76,40000,35.0,10.2,On-site,8.28,6,3.07,79.0,0,12.1,8.67,6.12,7.85,2.72,13.6,9.2,0.1901,0
EMP01696,50,Female,Sales,Senior,0.95,130170,42.7,9.0,On-site,8.14,7,3.87,74.4,1,13.1,4.63,5.38,9.35,6.81,2.0,3.0,0.0364,0
EMP01697,26,Male,Sales,Manager,0.47,69416,44.2,8.1,Hybrid,7.73,5,3.06,66.2,4,6.0,6.95,6.67,6.24,6.06,6.3,7.0,0.5332,0
EMP01698,29,Male,Engineering,Junior Dev,1.58,85864,52.0,4.8,On-site,8.02,8,3.09,66.4,5,11.0,5.89,4.05,4.37,4.24,120.0,4.9,0.6539,0
EMP01699,39,Female,Engineering,Tech Lead,0.23,55715,61.8,4.4,Hybrid,6.71,14,3.0,70.3,5,8.1,7.1,2.54,6.7,8.11,2.6,3.3,0.2883,0
EMP01700,36,Male,Finance,Manager,4.16,83024,48.1,14.8,On-site,9.1,5,3.35,86.4,2,13.3,6.71,2.99,4.59,2.84,15.6,6.7,0.3121,0
EMP01701,37,Male,Marketing,Senior,4.65,111483,62.1,12.0,Hybrid,6.74,11,2.39,80.5,3,14.4,9.08,7.76,8.15,7.57,15.3,11.3,0.4122,0
EMP01702,38,Female,Sales,Manager,2.56,58693,46.4,8.9,Full Remote,7.91,5,4.11,61.9,5,14.1,6.49,2.85,8.43,4.14,44.9,3.6,0.2485,0
EMP01703,40,Male,HR,Senior Analyst,0.28,86464,48.6,15.3,On-site,6.44,5,5.0,56.8,5,8.2,6.42,9.26,4.17,3.53,2.0,2.3,0.7522,1
EMP01704,43,Other,Operations,Senior Analyst,6.62,40000,47.6,26.9,Full Remote,7.27,9,3.98,60.6,2,15.1,8.3,4.31,7.56,6.18,14.0,2.3,0.5619,0
EMP01705,38,Other,Sales,Senior,10.11,125571,54.8,16.7,Full Remote,6.5,9,2.76,58.8,4,8.7,6.66,8.6,5.46,5.48,1.3,9.2,0.6468,0
EMP01706,33,Male,HR,Manager,0.68,81713,41.6,28.3,Full Remote,8.96,6,4.04,75.4,3,10.0,5.74,7.56,4.07,6.3,49.3,1.5,0.4954,0
EMP01707,40,Male,Customer Support,Analyst,3.66,64680,51.5,16.9,Full Remote,5.75,5,2.26,51.9,1,23.3,6.8,9.21,6.43,7.54,8.8,14.5,0.6369,0
EMP01708,50,Female,Operations,Analyst,5.53,67553,35.2,6.1,Full Remote,8.39,6,2.89,57.3,6,10.8,8.97,5.83,3.82,2.93,29.5,11.4,0.2337,0
EMP01709,33,Male,Sales,Manager,2.33,62249,42.7,9.2,Hybrid,7.88,13,3.15,76.8,6,4.0,6.73,4.68,8.27,7.74,29.3,8.3,0.2638,0
EMP01710,27,Male,HR,Senior Analyst,1.17,63527,39.9,6.6,On-site,9.46,5,4.34,49.8,2,20.2,7.38,4.8,7.6,4.91,1.5,2.9,0.2026,0
EMP01711,43,Female,Engineering,Tech Lead,1.95,40000,45.7,3.5,Full Remote,6.61,7,4.06,93.3,1,11.5,5.6,5.12,7.4,2.8,12.8,4.7,0.2588,0
EMP01712,34,Male,Marketing,Associate,2.15,72550,42.5,14.0,On-site,6.37,10,2.36,83.5,7,4.8,7.82,3.68,8.07,7.64,7.3,13.6,0.2532,0
EMP01713,22,Female,Customer Support,Analyst,1.54,71503,54.1,6.1,Full Remote,8.97,8,4.15,75.9,2,0.0,5.83,1.93,6.59,9.45,27.2,12.1,0.1407,0
EMP01714,41,Male,Marketing,Director,7.97,87216,38.0,2.9,Full Remote,8.7,11,3.06,72.4,3,7.0,7.87,5.19,7.5,6.31,19.9,4.2,0.2527,0
EMP01715,30,Male,Customer Support,Analyst,4.09,61921,35.0,10.5,Hybrid,8.6,10,3.99,92.2,1,14.4,6.13,5.63,4.64,6.7,15.0,11.8,0.4434,0
EMP01716,34,Male,Sales,Manager,0.83,55724,35.0,4.5,On-site,8.52,9,2.89,64.8,5,14.9,7.61,6.1,4.15,3.42,21.0,2.6,0.3885,0
EMP01717,37,Other,Customer Support,Manager,2.64,74805,53.0,8.2,Full Remote,7.02,9,3.42,54.6,2,6.4,6.91,4.4,8.73,4.58,0.8,1.4,0.3752,0
EMP01718,36,Female,HR,Senior Analyst,3.5,40000,37.2,12.3,Full Remote,9.72,5,2.84,42.3,3,17.9,8.39,6.06,8.17,3.8,54.6,1.1,0.0939,0
EMP01719,40,Female,Engineering,Junior Dev,0.45,78585,48.2,5.8,Full Remote,7.67,2,3.42,87.4,3,12.7,6.87,4.76,4.99,5.93,98.5,16.1,0.6087,0
EMP01720,31,Male,HR,Senior Analyst,1.33,40000,42.6,2.1,On-site,8.74,6,2.55,67.4,4,10.4,7.17,5.56,5.35,3.09,34.7,8.9,0.5945,0
EMP01721,39,Male,Sales,Manager,7.08,103020,51.6,9.8,Full Remote,7.63,9,2.82,75.8,7,7.5,6.97,5.1,5.98,5.58,51.2,13.9,0.4866,0
EMP01722,32,Male,Engineering,Senior Dev,2.51,92106,43.2,11.9,Hybrid,6.81,10,2.99,83.8,5,12.8,5.65,5.49,5.57,4.9,22.2,1.3,0.5517,0
EMP01723,40,Female,Operations,Analyst,0.73,51845,67.1,12.8,On-site,4.26,8,2.72,69.8,5,5.9,6.39,6.09,3.55,7.08,67.2,5.5,0.6157,0
EMP01724,39,Female,Sales,Senior,0.39,91528,60.2,11.4,Hybrid,9.59,10,3.2,82.7,4,12.9,7.93,5.53,4.02,6.09,17.5,1.4,0.4726,0
EMP01725,27,Female,Operations,Analyst,2.19,77787,42.5,0.3,On-site,7.17,8,3.57,47.2,4,9.5,5.42,5.37,4.66,3.9,14.5,3.5,0.3707,0
EMP01726,43,Male,Sales,Manager,2.38,49774,41.4,12.6,On-site,8.76,7,4.56,86.7,6,22.6,7.38,6.61,7.84,6.18,9.5,7.5,0.3454,0
EMP01727,30,Female,Engineering,Tech Lead,1.22,40000,70.0,17.1,Hybrid,6.19,11,2.6,82.6,4,7.5,7.65,7.53,7.16,7.64,12.2,1.1,0.5921,0
EMP01728,41,Male,Customer Support,Manager,2.99,82910,36.4,18.0,Hybrid,7.94,9,2.67,53.7,4,10.8,3.11,4.13,6.14,5.3,8.5,1.8,0.5306,0
EMP01729,37,Other,Sales,Senior,0.21,55142,44.6,2.1,Full Remote,7.57,12,3.53,60.5,3,11.7,7.93,5.25,5.78,6.34,0.9,1.3,0.2765,0
EMP01730,49,Male,HR,Senior Analyst,0.47,102374,45.2,9.5,On-site,7.68,5,2.19,40.2,3,19.5,3.5,5.59,7.62,3.0,4.9,1.7,0.5526,0
EMP01731,33,Female,HR,Analyst,2.37,75350,45.0,6.6,Full Remote,8.75,13,3.7,62.5,5,10.0,6.7,5.45,8.02,8.02,14.6,13.1,0.4183,0
EMP01732,32,Male,Marketing,Senior,0.19,57510,35.0,14.1,On-site,9.22,4,3.51,31.7,7,1.9,6.58,4.86,5.55,5.76,14.0,13.5,0.5116,0
EMP01733,34,Male,Customer Support,Senior Analyst,6.38,119945,49.0,21.7,Full Remote,6.82,8,3.94,82.1,4,15.2,8.17,4.18,8.29,6.59,27.3,15.5,0.397,0
EMP01734,32,Female,Finance,Manager,0.46,89411,37.2,13.2,Full Remote,8.26,4,5.0,83.1,7,0.9,4.09,5.3,3.33,3.48,0.9,7.8,0.7487,1
EMP01735,41,Male,Sales,Manager,3.36,40000,56.5,4.8,Full Remote,7.72,7,3.55,79.9,3,19.3,7.03,4.85,6.54,3.02,21.3,0.9,0.4342,0
EMP01736,22,Male,Operations,Manager,1.49,62840,35.0,9.3,Hybrid,5.51,8,3.07,68.7,4,15.3,6.42,4.85,4.9,4.93,31.9,3.2,0.4688,0
EMP01737,26,Female,Engineering,Tech Lead,1.53,40397,45.5,21.6,Full Remote,4.76,8,4.27,68.0,5,5.8,6.96,6.85,4.09,4.63,5.3,20.6,0.6729,0
EMP01738,26,Female,Marketing,Manager,4.34,55005,35.0,8.4,Full Remote,6.03,9,3.49,70.7,3,12.6,5.84,4.96,5.16,6.22,60.8,7.0,0.4563,0
EMP01739,42,Female,Customer Support,Analyst,2.08,71381,35.0,5.5,Full Remote,8.82,5,3.37,56.6,6,15.0,7.47,2.53,4.81,8.78,12.6,9.3,0.2021,0
EMP01740,48,Male,HR,Manager,3.88,83851,38.3,12.6,Full Remote,6.89,7,4.93,86.0,6,6.7,8.16,5.73,3.16,2.43,8.7,1.7,0.5761,0
EMP01741,34,Female,Operations,Senior Analyst,2.11,81534,39.4,31.6,Hybrid,8.58,9,4.1,81.5,5,19.5,8.67,3.33,5.92,4.09,14.4,1.0,0.4946,0
EMP01742,33,Female,Finance,Analyst,2.7,101946,56.7,13.8,Hybrid,5.44,10,2.74,68.0,4,19.9,4.9,7.93,2.26,4.1,37.3,2.6,0.7576,1
EMP01743,35,Male,Operations,Analyst,4.29,90914,44.7,5.9,Full Remote,6.16,10,2.76,66.4,5,8.4,9.06,4.79,4.04,4.29,16.6,13.8,0.3963,0
EMP01744,44,Female,Customer Support,Senior Analyst,2.8,89368,55.3,2.3,Hybrid,5.43,6,2.43,65.4,3,13.9,7.04,7.92,2.39,5.88,4.9,1.5,0.7724,1
EMP01745,27,Male,Sales,Associate,2.87,80037,42.0,4.9,On-site,7.99,14,2.62,75.3,1,14.9,7.85,3.68,3.93,5.45,33.1,5.8,0.3377,0
EMP01746,36,Male,Engineering,Senior Dev,4.67,107169,49.8,3.1,Hybrid,5.33,7,4.4,60.6,6,2.0,6.01,6.28,6.78,7.49,20.2,8.7,0.3511,0
EMP01747,42,Male,Marketing,Senior,8.93,67093,39.2,7.1,On-site,8.97,10,3.09,75.1,5,7.1,7.45,6.3,7.92,4.4,38.0,6.3,0.4151,0
EMP01748,39,Male,Finance,Manager,1.42,67742,38.7,6.9,Full Remote,8.44,10,2.07,57.1,6,12.6,5.51,2.23,8.11,3.41,32.8,11.1,0.2908,0
EMP01749,36,Female,Engineering,Tech Lead,2.58,40000,35.0,12.7,On-site,8.15,8,3.87,45.6,6,8.4,4.71,6.86,5.77,4.75,79.6,13.6,0.4507,0
EMP01750,43,Female,Engineering,Senior Dev,0.27,101404,47.7,7.2,Hybrid,4.76,9,3.64,77.4,6,15.7,5.08,3.97,8.44,3.41,30.8,8.7,0.5343,0
EMP01751,22,Female,Sales,Senior,1.33,73076,47.1,16.1,Hybrid,3.24,6,3.14,85.4,5,7.8,7.7,5.59,7.53,5.22,1.9,10.2,0.5665,0
EMP01752,40,Female,Customer Support,Analyst,1.59,148340,51.2,7.7,Hybrid,8.22,7,2.99,55.7,2,9.1,6.41,4.65,5.85,5.88,120.0,0.1,0.5492,0
EMP01753,29,Male,Finance,Analyst,5.41,64861,46.7,22.5,Full Remote,8.32,8,3.51,80.7,5,13.6,6.55,4.85,7.94,7.96,15.8,11.3,0.4195,0
EMP01754,22,Female,Sales,Associate,2.16,77214,61.2,4.2,Full Remote,8.53,8,3.56,66.8,5,15.3,8.26,3.81,4.57,4.78,15.6,4.2,0.4346,0
EMP01755,39,Female,Engineering,Manager,3.94,88662,46.4,1.1,Hybrid,8.53,7,3.82,72.9,4,3.0,7.73,3.81,6.22,5.41,39.9,12.5,0.4345,0
EMP01756,45,Male,Sales,Senior,0.1,47452,52.9,14.7,Full Remote,7.41,11,2.1,85.8,2,11.9,7.43,4.99,7.09,7.27,7.0,19.5,0.337,0
EMP01757,33,Female,Engineering,Junior Dev,1.87,83963,42.4,8.9,Hybrid,9.67,9,2.62,60.9,2,17.6,8.55,4.57,4.83,6.43,44.8,9.1,0.1791,0
EMP01758,42,Other,Engineering,Senior Dev,6.95,75866,37.7,15.6,Hybrid,9.34,8,3.14,80.9,6,16.0,4.68,3.84,6.99,5.24,25.5,2.8,0.1643,0
EMP01759,47,Female,Customer Support,Senior Analyst,0.76,67407,50.7,13.7,Hybrid,5.93,7,2.43,65.9,2,13.4,3.74,1.82,5.82,4.35,2.1,2.1,0.3774,0
EMP01760,45,Female,Customer Support,Senior Analyst,0.1,104315,44.3,2.7,Full Remote,7.55,15,3.88,47.4,5,13.7,8.05,4.39,5.28,5.94,100.3,10.3,0.3468,0
EMP01761,48,Male,Engineering,Junior Dev,1.7,52406,51.7,12.7,Full Remote,8.73,12,4.04,68.2,3,9.0,3.93,8.83,8.78,8.29,47.2,6.4,0.6063,0
EMP01762,40,Male,Engineering,Manager,3.66,81872,47.8,10.9,Full Remote,7.96,4,3.01,81.0,3,11.9,7.02,2.81,6.81,3.52,32.5,1.7,0.5045,0
EMP01763,35,Male,Sales,Associate,1.82,111366,38.7,16.4,Full Remote,5.42,8,4.03,70.8,3,12.8,4.91,6.38,4.12,3.96,31.1,4.7,0.645,0
EMP01764,22,Female,Marketing,Associate,1.85,57334,53.6,14.8,Full Remote,6.97,7,3.68,62.6,4,19.3,7.79,5.9,6.31,2.95,34.4,2.6,0.6378,0
EMP01765,33,Female,Engineering,Junior Dev,3.32,67577,38.0,24.3,Full Remote,9.4,10,3.69,74.7,5,15.0,5.38,5.52,5.24,6.71,2.2,5.4,0.5371,0
EMP01766,28,Other,Sales,Senior,0.88,133632,50.0,13.0,Full Remote,8.73,7,1.2,56.6,5,14.4,7.93,7.52,7.86,2.68,11.3,1.2,0.456,0
EMP01767,52,Male,Engineering,Junior Dev,4.18,86859,55.3,11.9,Full Remote,6.09,4,3.34,70.1,1,7.9,6.47,4.48,5.51,7.67,120.0,5.8,0.2928,0
EMP01768,33,Male,Operations,Analyst,0.5,62345,41.9,18.0,On-site,8.63,9,3.02,71.8,5,12.3,4.7,6.88,6.09,6.33,27.5,7.7,0.5104,0
EMP01769,35,Female,Finance,Analyst,1.51,95065,54.2,5.6,On-site,8.64,8,3.39,52.3,4,8.9,7.47,6.3,4.99,8.17,19.6,6.0,0.5601,0
EMP01770,39,Female,HR,Senior Analyst,3.2,60797,48.2,16.9,Full Remote,8.43,5,3.16,47.5,4,10.2,6.87,5.2,4.26,3.74,6.1,1.9,0.3767,0
EMP01771,35,Male,Sales,Associate,5.29,40000,51.8,6.5,Full Remote,8.27,11,2.54,76.9,4,14.9,5.16,3.87,4.09,4.27,27.5,1.5,0.4186,0
EMP01772,48,Female,Customer Support,Analyst,4.7,109309,38.3,4.5,Hybrid,6.56,4,3.23,69.8,5,14.9,5.89,6.1,5.61,1.54,51.0,1.4,0.5193,0
EMP01773,30,Female,Customer Support,Analyst,3.84,47423,46.7,2.6,Full Remote,4.37,7,3.17,82.1,2,10.2,4.11,7.15,6.13,5.4,33.9,4.0,0.5903,0
EMP01774,36,Female,Engineering,Junior Dev,1.33,136292,35.0,3.8,Hybrid,6.56,7,4.22,72.7,4,10.9,6.36,4.25,6.67,7.15,42.5,11.8,0.4053,0
EMP01775,29,Female,Engineering,Senior Dev,0.39,62766,58.7,5.5,Hybrid,6.52,6,3.39,61.7,6,10.0,3.68,5.83,7.95,5.59,0.7,2.8,0.5913,0
EMP01776,24,Male,Marketing,Associate,0.73,128331,35.0,8.5,Full Remote,8.91,5,3.04,76.8,6,11.5,7.25,2.4,2.47,4.46,7.4,9.3,0.2529,0
EMP01777,30,Other,Engineering,Junior Dev,6.0,40783,42.2,7.4,On-site,6.36,15,2.5,56.9,2,12.4,7.32,5.86,4.78,5.1,70.7,3.7,0.6247,0
EMP01778,34,Female,Sales,Senior,5.84,100637,37.5,24.8,On-site,8.77,9,5.0,68.9,7,10.5,8.76,6.43,8.57,6.57,44.2,8.6,0.3996,0
EMP01779,31,Male,HR,Analyst,9.08,87493,50.4,21.9,On-site,6.51,8,4.3,74.7,1,12.3,7.51,5.34,8.43,6.92,0.7,7.1,0.3834,0
EMP01780,29,Male,Marketing,Associate,0.24,95943,60.4,4.7,Full Remote,6.25,12,3.63,72.0,2,18.7,8.12,6.58,7.44,5.73,4.7,3.5,0.3175,0
EMP01781,23,Female,Sales,Senior,2.31,99200,50.2,45.0,On-site,8.39,13,2.36,68.0,2,9.2,5.25,3.36,6.12,4.24,10.3,2.2,0.7459,1
EMP01782,34,Male,Marketing,Director,3.14,62556,68.7,4.9,Hybrid,5.5,7,2.29,80.2,4,14.9,4.65,4.01,5.88,3.26,42.4,9.6,0.45,0
EMP01783,22,Male,Customer Support,Senior Analyst,3.72,42278,35.0,6.0,Hybrid,6.57,8,4.84,55.8,4,16.5,5.51,4.59,5.96,5.82,1.4,3.3,0.3476,0
EMP01784,41,Female,Engineering,Tech Lead,3.1,73727,35.0,2.2,On-site,7.24,2,4.79,86.5,3,15.3,5.49,6.23,5.77,4.39,26.6,3.1,0.2885,0
EMP01785,35,Male,Finance,Manager,4.41,80575,37.9,6.3,On-site,6.49,7,3.72,83.8,5,7.8,5.19,6.16,7.99,7.66,6.7,18.5,0.3916,0
EMP01786,23,Female,Engineering,Manager,1.34,63203,46.0,14.1,Hybrid,7.07,8,2.85,90.2,4,15.9,7.9,5.72,8.33,5.48,37.4,8.0,0.3963,0
EMP01787,32,Male,Engineering,Tech Lead,0.59,81938,36.8,7.3,Full Remote,7.12,6,3.06,70.1,2,14.2,8.03,5.72,5.08,5.39,11.7,6.4,0.432,0
EMP01788,28,Female,Marketing,Senior,0.69,83240,39.0,3.9,Hybrid,5.48,6,2.8,49.0,4,18.0,7.39,5.05,6.44,4.25,4.6,1.4,0.4957,0
EMP01789,37,Male,Engineering,Senior Dev,0.1,52249,50.0,0.9,Hybrid,8.5,11,5.0,90.5,1,15.6,4.12,2.56,6.58,3.83,10.3,2.4,0.5294,0
EMP01790,45,Male,Engineering,Junior Dev,1.29,84874,35.1,15.0,On-site,5.13,7,3.34,66.9,5,11.5,6.69,7.01,6.63,5.4,91.7,9.2,0.6819,0
EMP01791,22,Male,Engineering,Senior Dev,0.29,68319,35.9,2.4,Hybrid,8.12,14,4.15,66.0,3,17.2,9.37,3.53,4.89,3.83,31.8,4.6,0.1218,0
EMP01792,35,Female,Marketing,Director,1.16,57500,41.8,2.8,Hybrid,9.09,7,4.26,72.3,3,5.7,4.86,3.13,8.2,2.7,89.5,5.0,0.2594,0
EMP01793,33,Female,Finance,Senior Analyst,2.97,94684,42.6,3.4,Hybrid,7.88,5,2.47,64.7,3,9.4,7.33,2.57,4.52,5.71,2.3,3.8,0.4934,0
EMP01794,40,Male,Engineering,Tech Lead,6.75,55575,53.1,5.6,Full Remote,8.26,11,3.56,72.0,3,13.6,5.94,4.25,7.29,3.88,5.1,2.5,0.5338,0
EMP01795,36,Female,Finance,Senior Analyst,5.49,63583,37.8,13.5,On-site,5.26,4,3.28,53.2,3,3.5,7.75,6.28,3.64,5.64,9.2,3.4,0.5829,0
EMP01796,28,Female,Engineering,Senior Dev,0.87,76801,39.2,6.2,Full Remote,5.18,13,4.53,54.1,5,13.5,7.67,5.07,8.68,5.66,20.2,10.7,0.5142,0
EMP01797,32,Other,HR,Analyst,0.43,109357,49.7,9.7,Hybrid,4.56,7,3.98,62.6,3,10.2,8.3,5.57,6.81,4.27,45.6,3.0,0.7098,1
EMP01798,28,Male,Sales,Senior,0.64,79819,51.4,1.0,On-site,8.51,8,3.46,59.6,4,9.7,4.9,3.77,8.27,2.68,55.8,0.8,0.3318,0
EMP01799,43,Female,Finance,Analyst,10.62,88207,56.4,7.3,Hybrid,9.68,9,3.62,72.2,2,6.6,6.51,1.82,6.94,2.83,14.7,9.7,0.2343,0
EMP01800,35,Male,Customer Support,Senior Analyst,2.39,67558,48.8,2.2,On-site,5.17,4,2.95,81.9,6,12.7,6.17,3.77,8.31,5.45,1.6,7.0,0.3314,0
EMP01801,50,Male,Customer Support,Manager,0.6,73037,46.0,7.2,On-site,7.55,7,2.74,43.0,1,11.3,6.48,5.98,3.36,7.32,3.3,2.9,0.5212,0
EMP01802,34,Other,Engineering,Tech Lead,5.51,73778,49.6,4.9,Full Remote,7.3,6,2.89,64.4,7,9.3,6.94,4.84,7.72,4.81,14.1,2.6,0.4371,0
EMP01803,29,Female,Operations,Analyst,1.51,82332,42.9,7.9,Hybrid,8.97,4,3.9,67.6,6,17.6,8.55,1.93,4.25,4.51,12.8,3.6,0.2642,0
EMP01804,22,Male,Engineering,Tech Lead,6.88,67600,42.8,11.0,Hybrid,8.61,11,4.23,84.6,4,16.7,4.96,4.61,5.23,1.96,2.6,1.8,0.4403,0
EMP01805,22,Male,Customer Support,Analyst,0.91,108499,35.0,10.2,Hybrid,6.31,5,4.01,64.0,6,11.1,6.75,3.48,4.69,6.95,30.6,2.4,0.2961,0
EMP01806,22,Female,Sales,Associate,1.5,65670,52.1,3.6,Hybrid,9.22,7,2.25,91.3,0,15.6,7.6,8.1,6.03,3.85,30.4,6.1,0.3011,0
EMP01807,37,Female,Sales,Manager,2.11,40000,46.7,14.1,Hybrid,7.7,4,3.76,90.3,7,5.8,4.99,4.31,7.41,3.87,21.0,7.4,0.4861,0
EMP01808,39,Male,Engineering,Senior Dev,6.69,143569,51.2,9.3,Full Remote,9.78,10,3.99,76.0,6,9.6,8.2,3.66,4.2,5.17,1.0,4.8,0.2706,0
EMP01809,22,Female,Engineering,Junior Dev,6.09,66815,35.0,16.6,Hybrid,8.36,5,4.86,85.8,6,0.0,6.12,2.76,3.84,5.64,6.9,4.0,0.4861,0
EMP01810,42,Male,Finance,Analyst,2.56,107829,44.6,40.2,Full Remote,7.98,11,2.43,80.0,3,13.0,5.85,3.94,5.47,5.03,85.1,7.4,0.6984,0
EMP01811,31,Male,Customer Support,Senior Analyst,0.75,110119,38.2,21.6,Full Remote,7.09,9,4.36,91.2,2,7.9,6.07,5.08,4.85,7.12,19.7,4.8,0.7019,1
EMP01812,36,Female,HR,Analyst,1.55,98630,57.0,7.5,Hybrid,3.84,12,4.78,41.3,5,11.3,6.25,3.09,7.65,2.64,7.0,10.8,0.6787,0
EMP01813,47,Male,Finance,Senior Analyst,11.14,70049,49.9,1.9,Hybrid,8.38,8,2.62,65.7,0,17.8,6.85,7.34,4.82,4.82,10.6,14.5,0.5725,0
EMP01814,42,Male,Operations,Senior Analyst,2.81,82167,46.9,8.8,Full Remote,6.86,5,4.02,93.4,5,8.0,5.31,4.49,7.24,5.03,0.8,13.6,0.5124,0
EMP01815,32,Female,Sales,Manager,4.56,43137,41.5,2.7,On-site,7.11,8,2.14,83.7,2,17.9,8.29,5.56,6.89,3.86,17.4,0.5,0.3328,0
EMP01816,27,Female,Engineering,Tech Lead,1.79,124753,48.2,5.3,Hybrid,8.87,4,3.48,51.6,2,7.5,8.22,6.34,8.74,5.55,28.9,12.4,0.3028,0
EMP01817,22,Male,Engineering,Senior Dev,2.28,53704,37.6,43.7,On-site,5.24,4,2.67,68.9,3,13.1,7.07,6.33,7.6,7.22,3.2,15.4,0.5739,0
EMP01818,29,Female,Sales,Associate,1.68,68652,44.2,10.0,Hybrid,7.01,3,4.05,50.6,5,11.6,7.05,5.82,5.53,8.01,20.1,1.9,0.5183,0
EMP01819,33,Female,Engineering,Senior Dev,3.64,77474,40.4,14.5,Full Remote,8.92,2,3.46,78.1,4,16.2,6.6,3.37,2.05,4.37,8.7,7.4,0.4546,0
EMP01820,27,Male,Engineering,Senior Dev,5.72,72314,63.1,16.5,On-site,8.48,14,3.22,71.6,3,11.8,7.36,5.26,1.9,6.18,16.9,4.2,0.6417,0
EMP01821,33,Female,Engineering,Tech Lead,2.12,58578,56.8,9.8,Hybrid,5.35,7,3.99,83.4,4,6.8,7.44,5.9,5.26,5.26,63.5,0.7,0.6859,0
EMP01822,35,Male,Engineering,Junior Dev,1.97,109858,53.5,8.9,Hybrid,7.46,8,2.82,82.5,2,20.3,5.22,5.22,6.16,6.61,21.7,6.0,0.4966,0
EMP01823,33,Male,Customer Support,Analyst,1.25,98756,35.0,10.0,Hybrid,5.54,12,3.52,77.1,2,21.5,8.74,7.07,7.24,4.5,57.4,12.9,0.4432,0
EMP01824,29,Female,Engineering,Tech Lead,0.58,83051,51.9,7.7,Full Remote,6.05,3,4.06,69.6,5,5.9,5.49,3.94,8.11,6.74,19.2,8.0,0.5229,0
EMP01825,36,Other,Marketing,Senior,8.4,65011,46.5,5.6,Full Remote,8.74,10,3.23,80.3,5,15.7,5.17,3.87,4.19,5.84,14.5,9.3,0.4453,0
EMP01826,38,Male,HR,Senior Analyst,1.14,101606,54.8,6.4,Full Remote,6.31,12,3.6,62.9,4,11.3,8.13,7.79,4.0,6.91,5.7,5.2,0.5676,0
EMP01827,26,Male,Marketing,Manager,4.84,63388,47.6,7.0,Hybrid,8.19,9,3.3,77.0,5,8.4,5.51,4.5,6.77,5.44,8.3,1.6,0.3917,0
EMP01828,46,Female,Engineering,Tech Lead,3.77,114259,44.9,10.7,On-site,6.55,12,4.64,75.6,5,5.5,7.52,3.24,4.21,6.1,36.7,6.9,0.5743,0
EMP01829,34,Male,Sales,Senior,4.7,77780,46.9,2.0,On-site,8.64,11,4.63,73.8,3,16.5,6.02,2.67,6.67,6.84,34.2,10.7,0.3302,0
EMP01830,35,Male,Engineering,Senior Dev,8.28,105744,35.0,7.1,Full Remote,5.16,6,3.43,92.9,2,16.1,5.97,6.29,5.7,6.34,27.0,4.2,0.6302,0
EMP01831,40,Male,Sales,Director,2.93,72154,38.9,3.4,On-site,8.28,4,3.41,58.9,3,15.4,8.41,6.87,6.74,5.93,1.0,6.6,0.3624,0
EMP01832,36,Female,Engineering,Senior Dev,6.85,76788,48.0,25.6,Hybrid,7.45,7,2.69,74.9,5,15.5,4.03,3.68,6.47,4.79,68.2,0.9,0.7153,1
EMP01833,42,Male,Marketing,Associate,0.55,105635,54.1,3.6,Full Remote,6.12,7,5.0,72.5,4,4.8,7.13,6.24,6.05,7.5,12.3,2.2,0.2658,0
EMP01834,37,Male,Finance,Analyst,2.96,129848,40.6,11.6,On-site,9.51,9,4.13,62.4,3,11.8,8.06,5.51,4.3,6.48,3.4,3.9,0.5056,0
EMP01835,30,Female,Marketing,Senior,4.44,114009,44.7,0.0,Full Remote,7.68,12,4.22,67.3,6,9.3,8.55,3.98,3.6,5.18,49.1,9.7,0.4571,0
EMP01836,37,Female,Sales,Director,0.95,96928,35.0,17.1,Full Remote,8.93,7,4.64,68.3,5,16.1,5.94,1.72,4.24,4.79,65.9,5.8,0.4116,0
EMP01837,25,Female,Sales,Associate,4.05,89732,56.7,7.8,Full Remote,7.66,5,3.46,69.1,7,8.1,5.67,5.04,5.7,5.08,11.7,4.7,0.5568,0
EMP01838,35,Male,Operations,Analyst,4.52,62326,53.9,13.4,Hybrid,5.62,10,3.29,69.6,2,22.2,5.93,5.69,7.17,5.18,5.3,13.4,0.6734,0
EMP01839,34,Female,Engineering,Tech Lead,5.34,82380,50.2,2.5,Full Remote,8.39,8,4.69,81.8,2,13.6,5.75,6.58,5.86,7.77,3.8,2.7,0.4113,0
EMP01840,33,Male,Finance,Manager,1.13,52173,48.3,20.1,On-site,7.31,5,3.07,78.4,3,18.9,6.26,6.9,2.23,4.25,48.7,3.6,0.4998,0
EMP01841,33,Male,Operations,Analyst,3.43,84394,57.4,8.5,Hybrid,7.07,8,3.35,54.6,2,5.4,6.85,3.28,6.62,4.58,6.3,14.3,0.4503,0
EMP01842,22,Female,Sales,Senior,1.09,86001,38.6,11.4,Hybrid,8.22,3,3.75,74.6,6,9.6,7.41,1.53,1.87,6.7,2.9,9.6,0.417,0
EMP01843,30,Male,Sales,Senior,4.03,40000,37.7,10.6,Full Remote,9.0,7,2.63,75.3,3,1.5,4.57,2.87,4.02,4.21,13.2,5.8,0.3839,0
EMP01844,35,Male,Marketing,Associate,1.87,75968,53.5,16.9,On-site,6.77,5,4.14,68.9,3,8.7,6.54,7.0,7.11,7.75,87.0,2.6,0.3964,0
EMP01845,36,Male,Engineering,Tech Lead,2.73,85371,53.0,5.0,Hybrid,9.31,13,3.94,59.5,1,17.4,3.79,6.22,7.94,6.83,6.5,9.2,0.3801,0
EMP01846,26,Male,Engineering,Junior Dev,1.61,72907,35.5,6.2,Hybrid,5.73,11,3.07,61.7,2,13.6,3.24,6.86,6.26,4.25,64.5,7.0,0.4986,0
EMP01847,45,Male,Engineering,Junior Dev,0.53,83951,40.7,32.9,On-site,9.52,2,4.43,83.4,6,19.8,6.56,3.41,4.77,7.71,49.7,3.3,0.4758,0
EMP01848,28,Other,Engineering,Junior Dev,0.59,41456,58.5,1.4,Full Remote,9.36,6,2.56,48.8,4,17.9,7.51,2.37,9.62,3.26,37.2,6.2,0.1963,0
EMP01849,42,Male,Marketing,Associate,0.24,55603,48.3,18.5,Hybrid,8.49,8,3.2,93.2,5,19.1,8.05,7.66,6.0,5.18,61.9,11.6,0.5953,0
EMP01850,38,Male,Operations,Analyst,2.89,100873,51.3,23.1,Hybrid,8.2,5,4.7,72.8,2,8.9,4.61,7.17,4.07,6.11,9.1,8.9,0.7097,1
EMP01851,29,Male,Engineering,Junior Dev,5.66,75014,35.7,14.8,Hybrid,6.67,8,3.39,55.1,4,4.3,6.13,2.84,5.45,7.37,37.7,4.0,0.4558,0
EMP01852,49,Female,Customer Support,Senior Analyst,0.1,83496,50.3,4.9,Full Remote,8.62,2,2.31,74.3,2,7.8,4.98,5.93,4.89,3.25,8.5,1.4,0.4113,0
EMP01853,25,Female,Customer Support,Analyst,0.21,61336,35.0,3.9,Full Remote,5.01,4,3.69,82.2,5,3.4,4.35,8.14,8.06,6.85,37.3,10.5,0.5109,0
EMP01854,42,Male,Customer Support,Manager,1.83,75487,35.0,23.2,Full Remote,8.28,9,3.27,84.1,4,7.2,7.06,3.5,9.21,6.4,1.7,12.2,0.2608,0
EMP01855,43,Female,Operations,Analyst,4.02,40000,50.8,24.6,On-site,7.73,10,3.92,73.2,0,2.5,8.22,2.33,4.52,3.79,41.9,1.2,0.4806,0
EMP01856,29,Male,Sales,Senior,0.51,96150,56.5,8.1,Full Remote,5.68,11,4.38,54.6,8,9.8,9.23,6.49,6.65,4.21,69.1,5.0,0.5759,0
EMP01857,46,Male,Engineering,Junior Dev,0.95,120198,43.0,27.5,Full Remote,7.53,10,3.45,34.7,3,15.9,6.94,2.34,3.78,7.41,5.4,1.1,0.4216,0
EMP01858,32,Male,Marketing,Associate,0.79,48374,40.6,23.4,On-site,8.56,5,1.6,43.1,2,24.2,6.32,5.03,8.67,4.11,5.4,3.1,0.4598,0
EMP01859,37,Male,Marketing,Senior,1.53,51491,58.7,2.5,Hybrid,8.05,13,3.95,81.3,1,12.5,5.92,2.8,4.71,5.78,32.8,1.6,0.4298,0
EMP01860,37,Male,Operations,Senior Analyst,0.76,86021,43.4,21.6,Hybrid,9.15,12,2.69,77.0,5,16.8,7.49,4.89,6.67,5.34,0.7,4.8,0.4659,0
EMP01861,33,Female,Customer Support,Senior Analyst,1.3,111846,44.5,12.3,Hybrid,8.38,5,3.91,82.2,2,21.6,5.16,5.07,7.67,1.88,2.7,3.7,0.5061,0
EMP01862,41,Male,Marketing,Manager,3.91,74947,58.6,20.2,Hybrid,4.43,11,4.19,72.8,4,16.9,8.89,4.25,4.35,6.76,11.5,6.2,0.4447,0
EMP01863,41,Female,Sales,Senior,2.83,44267,42.2,0.1,Hybrid,8.39,6,4.35,76.8,7,14.0,5.02,3.18,5.9,7.0,0.8,3.9,0.3517,0
EMP01864,22,Male,Engineering,Senior Dev,0.25,69784,39.8,15.7,Full Remote,9.1,8,4.18,56.3,4,7.9,6.79,2.85,4.84,4.62,23.0,2.2,0.4003,0
EMP01865,45,Male,Engineering,Tech Lead,3.05,49251,51.5,4.7,On-site,8.89,6,3.25,51.9,6,10.8,6.34,7.29,5.63,3.46,46.9,8.8,0.5428,0
EMP01866,22,Male,Marketing,Senior,1.94,58278,39.3,3.0,Full Remote,7.21,11,3.41,76.0,6,18.0,7.56,4.44,6.51,7.25,0.6,7.4,0.4336,0
EMP01867,43,Female,Marketing,Director,8.18,67398,43.8,42.5,Full Remote,7.79,9,3.84,73.8,2,13.5,7.16,3.3,4.51,6.62,8.7,3.4,0.4254,0
EMP01868,44,Male,Operations,Manager,1.02,51766,35.0,13.6,Full Remote,7.76,10,4.15,79.0,6,9.3,5.14,4.46,4.11,5.53,22.0,14.1,0.4446,0
EMP01869,26,Female,Marketing,Associate,3.89,55552,46.5,3.3,On-site,4.92,12,2.71,82.7,1,5.1,6.43,4.26,5.89,6.61,9.2,6.2,0.5392,0
EMP01870,31,Male,Customer Support,Analyst,3.94,76863,45.5,9.4,Hybrid,7.87,9,4.24,62.9,3,11.7,8.27,5.61,8.6,7.83,5.4,7.4,0.3825,0
EMP01871,26,Male,HR,Senior Analyst,0.75,80375,52.7,5.6,On-site,7.63,7,2.05,69.3,2,8.0,5.41,6.08,4.79,4.54,18.5,7.4,0.7015,1
EMP01872,33,Male,Operations,Senior Analyst,7.01,40000,51.9,31.4,Hybrid,8.41,9,1.83,65.1,7,17.6,6.79,4.81,6.41,4.13,0.8,11.4,0.5931,0
EMP01873,32,Male,Engineering,Senior Dev,2.03,84909,49.4,4.4,Full Remote,8.96,6,2.18,54.2,3,5.6,5.21,5.03,4.31,5.73,41.3,2.4,0.4376,0
EMP01874,41,Male,Operations,Senior Analyst,3.41,65451,48.2,15.0,Full Remote,7.55,14,3.92,85.2,2,19.8,7.36,3.7,7.95,5.67,3.0,1.5,0.3701,0
EMP01875,45,Male,Finance,Analyst,0.47,93006,44.4,5.8,Hybrid,9.16,13,4.0,49.1,6,7.8,3.65,3.07,4.74,6.39,6.1,6.0,0.353,0
EMP01876,46,Female,Engineering,Junior Dev,0.89,94512,49.9,17.0,Full Remote,8.21,7,3.66,50.4,2,14.7,6.55,7.8,8.87,6.69,1.4,32.5,0.5103,0
EMP01877,30,Male,Engineering,Junior Dev,2.65,61386,36.1,11.4,Full Remote,8.13,5,3.05,86.9,6,8.8,6.16,7.4,5.38,6.54,14.9,0.5,0.4942,0
EMP01878,33,Female,Customer Support,Senior Analyst,1.15,90353,35.0,12.5,On-site,9.28,6,3.88,76.6,5,10.0,5.2,4.21,8.05,6.42,27.2,4.4,0.2911,0
EMP01879,22,Male,Engineering,Senior Dev,2.08,54076,54.3,2.5,Hybrid,8.95,4,2.96,60.4,2,0.0,9.05,5.87,6.51,4.96,27.9,3.0,0.3595,0
EMP01880,28,Female,Marketing,Associate,1.41,108094,50.4,7.5,Full Remote,6.39,6,3.24,70.5,4,15.4,3.71,5.58,5.82,7.18,120.0,5.1,0.3485,0
EMP01881,42,Female,Sales,Senior,3.07,55021,44.0,14.3,On-site,8.3,11,2.83,72.8,5,8.1,7.87,1.63,7.26,4.59,31.7,5.3,0.2991,0
EMP01882,47,Male,Finance,Analyst,2.0,83818,53.6,4.3,Hybrid,8.99,9,4.02,62.1,5,14.9,6.74,3.46,4.03,5.77,9.6,8.2,0.5769,0
EMP01883,25,Male,Operations,Analyst,0.1,70309,39.1,11.8,Full Remote,9.69,11,3.04,77.6,2,10.5,5.55,4.21,6.32,5.54,28.1,12.5,0.3482,0
EMP01884,30,Female,Sales,Manager,3.15,49577,39.4,5.1,Hybrid,7.75,11,3.81,91.3,5,10.5,6.28,3.1,9.45,4.75,10.4,1.7,0.3595,0
EMP01885,34,Female,Sales,Senior,1.65,97522,38.2,19.6,Full Remote,7.18,2,3.57,55.0,5,0.0,8.76,5.52,7.57,4.21,21.1,6.4,0.5195,0
EMP01886,37,Male,Customer Support,Senior Analyst,1.25,59646,49.5,4.5,Full Remote,8.48,9,4.78,89.0,3,23.5,6.71,2.19,5.79,7.34,78.2,1.8,0.3938,0
EMP01887,28,Male,Operations,Manager,0.3,40000,35.0,5.1,Full Remote,5.07,5,3.56,37.9,6,7.8,4.15,5.41,5.42,7.26,15.7,7.6,0.4373,0
EMP01888,38,Female,Operations,Manager,0.75,40000,38.9,6.7,On-site,8.4,4,4.5,62.1,4,19.4,7.42,4.38,4.99,6.33,20.4,4.0,0.4244,0
EMP01889,31,Male,Sales,Associate,0.76,53123,47.3,15.8,Hybrid,8.6,4,4.15,78.0,2,21.4,6.44,7.39,8.2,5.81,88.7,15.0,0.4822,0
EMP01890,34,Female,Engineering,Senior Dev,8.22,109397,35.4,6.3,On-site,6.11,6,2.6,46.6,3,9.3,6.83,3.71,6.6,3.13,4.0,1.9,0.4078,0
EMP01891,39,Male,Sales,Manager,1.7,106443,39.7,9.9,Full Remote,7.39,10,3.05,73.2,6,8.0,6.77,3.42,6.92,7.28,92.8,11.1,0.2696,0
EMP01892,35,Male,Finance,Senior Analyst,0.13,57035,35.0,7.1,Full Remote,5.13,4,3.28,61.5,3,12.3,5.08,1.98,4.51,4.82,40.2,5.1,0.4454,0
EMP01893,31,Female,Engineering,Tech Lead,0.45,65638,49.8,5.1,On-site,8.29,11,3.94,48.2,1,12.0,7.38,2.78,4.21,7.04,14.6,5.8,0.3865,0
EMP01894,34,Female,Sales,Associate,0.25,63377,39.5,20.0,Hybrid,5.47,10,4.12,79.2,1,4.3,6.55,2.94,5.37,7.95,15.8,11.5,0.3173,0
EMP01895,34,Male,Engineering,Junior Dev,2.67,41664,36.2,8.5,On-site,6.46,9,4.02,54.8,5,6.3,8.46,5.37,3.73,5.39,2.2,4.5,0.3933,0
EMP01896,32,Male,Sales,Senior,0.62,51279,35.0,8.2,Full Remote,6.63,6,2.86,64.4,6,17.5,6.6,6.21,3.92,6.18,9.5,6.8,0.463,0
EMP01897,32,Female,Operations,Senior Analyst,2.07,99528,41.7,4.1,On-site,6.77,11,3.49,67.6,2,9.9,7.51,8.35,5.95,4.61,41.6,1.9,0.3601,0
EMP01898,47,Female,Engineering,Senior Dev,1.39,87597,35.0,3.8,Hybrid,7.58,6,3.17,80.4,2,15.5,6.0,3.91,6.74,3.93,10.4,4.0,0.309,0
EMP01899,39,Male,Finance,Analyst,4.89,81827,60.5,6.8,Full Remote,8.4,10,3.8,73.5,1,13.3,3.53,2.4,6.88,4.85,3.1,1.6,0.4961,0
EMP01900,32,Female,Customer Support,Senior Analyst,1.16,41621,35.0,14.6,Hybrid,7.24,8,2.2,38.5,2,13.6,5.5,6.78,4.48,4.27,27.7,8.0,0.5528,0
EMP01901,40,Female,Engineering,Junior Dev,1.84,77517,41.4,18.7,On-site,4.67,6,3.48,78.6,2,9.5,3.76,4.99,6.7,4.49,22.4,10.4,0.6423,0
EMP01902,32,Female,Finance,Analyst,3.83,40000,45.9,11.5,Full Remote,8.65,11,2.09,61.8,4,17.9,6.52,4.0,5.68,7.12,41.6,6.0,0.3794,0
EMP01903,44,Female,Customer Support,Analyst,1.7,96070,38.8,7.3,On-site,8.28,11,2.63,66.9,4,10.8,6.06,6.32,6.05,4.62,8.0,1.1,0.3498,0
EMP01904,37,Male,Customer Support,Analyst,4.73,81464,46.7,16.0,Hybrid,8.63,13,4.81,81.2,6,9.5,6.9,2.35,6.28,6.67,32.9,1.0,0.359,0
EMP01905,34,Female,Engineering,Senior Dev,3.25,41369,38.6,12.0,Full Remote,8.79,4,4.86,79.5,3,10.2,8.95,4.33,6.77,6.47,0.7,3.8,0.3102,0
EMP01906,38,Female,Engineering,Senior Dev,1.59,115410,57.2,10.4,Full Remote,8.07,7,2.98,70.6,3,7.5,7.07,3.06,6.39,4.05,12.1,11.4,0.2964,0
EMP01907,22,Male,Engineering,Junior Dev,2.1,40000,36.0,9.1,Hybrid,4.21,2,3.89,50.5,6,16.3,6.26,2.19,5.42,4.81,28.3,0.9,0.503,0
EMP01908,25,Male,Finance,Analyst,10.25,88257,35.0,19.2,Full Remote,8.25,2,3.89,88.4,3,4.1,4.18,4.73,7.16,6.42,18.6,9.4,0.3838,0
EMP01909,25,Male,Finance,Analyst,3.25,88879,35.0,9.3,Hybrid,9.07,7,4.59,62.1,10,11.7,8.42,2.02,5.31,5.83,27.6,8.6,0.2819,0
EMP01910,36,Female,Finance,Senior Analyst,7.06,44008,48.1,5.1,On-site,6.66,8,3.7,75.9,2,14.5,9.26,7.19,3.88,8.76,8.5,5.8,0.5668,0
EMP01911,48,Male,Sales,Associate,0.59,74053,44.1,3.4,Hybrid,8.14,14,2.66,80.4,3,22.3,7.03,4.63,8.84,5.97,6.2,3.0,0.0901,0
EMP01912,52,Female,Engineering,Senior Dev,1.98,40000,51.0,14.4,Hybrid,9.48,10,2.84,66.8,5,21.1,5.01,4.45,4.19,8.31,51.3,1.6,0.6073,0
EMP01913,40,Female,HR,Analyst,7.18,40000,49.0,11.3,Full Remote,8.46,9,3.82,68.3,8,13.9,9.0,4.54,2.51,3.04,5.7,8.8,0.4543,0
EMP01914,39,Female,Marketing,Associate,1.17,48303,39.9,12.0,On-site,7.98,7,2.04,55.1,2,11.4,6.77,6.45,8.93,5.15,24.1,2.2,0.2988,0
EMP01915,22,Female,Finance,Analyst,10.29,59584,41.1,29.6,Full Remote,7.97,11,2.13,89.7,3,7.4,8.58,4.4,5.76,6.66,4.8,4.4,0.508,0
EMP01916,30,Other,Sales,Associate,0.31,91106,41.9,2.9,Full Remote,6.21,10,4.18,77.5,7,5.7,6.41,2.56,5.2,5.13,26.0,2.2,0.4256,0
EMP01917,28,Male,Sales,Senior,6.99,76685,60.1,4.4,Hybrid,7.55,8,5.0,79.4,4,7.7,6.72,7.5,5.39,5.58,4.8,1.5,0.5316,0
EMP01918,30,Female,Sales,Senior,1.77,77338,50.5,1.6,On-site,8.94,6,3.0,22.8,5,15.3,7.73,3.95,6.52,7.44,1.0,5.5,0.4107,0
EMP01919,33,Male,Engineering,Tech Lead,0.23,49639,60.1,10.6,On-site,7.49,7,3.37,85.2,4,9.3,4.25,4.7,2.51,4.22,65.6,0.4,0.5802,0
EMP01920,31,Female,Sales,Associate,6.35,61749,51.7,13.1,On-site,7.48,12,3.44,60.2,4,18.5,5.02,2.58,6.63,7.34,0.2,11.1,0.3735,0
EMP01921,22,Male,Engineering,Junior Dev,0.87,51751,44.5,6.3,On-site,7.1,11,3.7,81.6,2,12.1,8.08,3.17,7.84,6.08,11.0,6.4,0.1912,0
EMP01922,40,Other,Sales,Associate,0.1,44375,36.8,22.0,Hybrid,6.1,9,2.82,60.8,3,9.3,8.64,6.08,6.63,5.63,16.7,10.5,0.456,0
EMP01923,26,Female,Engineering,Tech Lead,0.44,60157,46.6,11.5,Full Remote,9.22,9,3.42,79.8,1,2.8,6.27,3.9,7.79,8.16,0.1,6.5,0.4075,0
EMP01924,36,Female,Engineering,Senior Dev,3.23,76862,44.5,1.6,Hybrid,8.34,11,4.14,30.8,1,6.5,5.36,3.3,8.24,6.45,13.3,10.0,0.3063,0
EMP01925,51,Male,Finance,Analyst,11.42,60684,44.3,38.7,Full Remote,9.11,4,3.04,34.8,7,4.2,7.81,5.34,4.05,5.55,1.4,5.7,0.637,0
EMP01926,27,Male,Sales,Associate,0.35,66912,43.3,18.0,Full Remote,8.39,10,3.51,70.9,5,7.2,8.52,3.46,8.26,5.98,34.0,7.6,0.3096,0
EMP01927,22,Female,Finance,Analyst,1.86,92372,35.0,8.7,Full Remote,8.04,3,4.33,91.6,5,14.0,4.42,3.07,7.38,5.76,42.3,7.2,0.285,0
EMP01928,32,Male,Finance,Manager,0.6,62481,55.1,6.5,Full Remote,6.97,8,3.47,87.1,11,11.8,8.11,2.79,6.43,5.5,3.3,4.7,0.3784,0
EMP01929,43,Female,HR,Senior Analyst,4.1,41650,44.6,4.7,Hybrid,6.55,10,2.27,91.0,6,9.0,7.05,3.41,9.09,4.32,3.8,3.4,0.2933,0
EMP01930,50,Male,Customer Support,Senior Analyst,0.38,89086,35.0,17.0,Hybrid,7.69,8,1.68,87.0,2,18.0,6.04,5.48,7.73,5.19,21.7,2.6,0.3259,0
EMP01931,25,Female,Engineering,Senior Dev,0.82,81646,48.9,31.4,Hybrid,7.48,9,2.59,61.1,6,10.2,7.9,6.11,5.66,6.91,84.9,3.7,0.6426,0
EMP01932,38,Male,Finance,Senior Analyst,0.66,83216,38.2,16.1,On-site,9.1,7,4.45,56.6,6,16.8,8.31,7.72,5.47,6.78,42.9,2.1,0.4237,0
EMP01933,31,Female,Customer Support,Analyst,2.41,90645,49.5,13.5,Hybrid,6.86,9,3.29,86.0,5,18.2,6.74,5.35,7.22,7.16,0.2,4.2,0.3846,0
EMP01934,34,Female,Operations,Senior Analyst,6.2,86416,52.1,32.7,On-site,6.6,8,3.78,63.3,4,7.3,8.32,8.67,5.1,4.73,15.2,3.4,0.6634,0
EMP01935,56,Male,Engineering,Junior Dev,2.15,75718,53.2,33.3,Hybrid,5.99,8,4.54,55.7,4,8.4,8.15,7.24,6.76,7.42,45.4,5.0,0.6908,0
EMP01936,22,Male,Sales,Senior,0.18,134786,43.7,11.5,Full Remote,7.72,8,2.5,71.0,3,22.2,5.69,6.96,5.18,5.58,34.6,2.3,0.4942,0
EMP01937,37,Male,Engineering,Senior Dev,2.49,42875,41.7,5.1,Full Remote,8.42,10,5.0,73.5,4,17.0,8.04,3.15,6.67,4.17,23.5,13.9,0.2807,0
EMP01938,38,Female,HR,Senior Analyst,4.79,60339,40.0,24.2,Hybrid,7.42,3,3.42,65.3,2,10.0,5.76,5.75,3.78,8.53,71.6,2.9,0.4195,0
EMP01939,43,Female,Finance,Senior Analyst,0.43,99183,39.2,5.4,On-site,8.91,5,3.93,56.6,9,17.0,5.5,4.16,4.4,5.18,33.8,10.2,0.3625,0
EMP01940,35,Female,Sales,Senior,0.23,78564,44.9,12.3,Full Remote,4.74,7,2.94,43.3,4,5.8,7.6,4.68,6.84,6.47,12.2,4.9,0.4395,0
EMP01941,37,Female,Marketing,Associate,0.62,93948,43.3,5.6,On-site,9.14,11,2.73,78.5,6,5.9,7.99,1.76,8.07,4.26,33.4,9.7,0.1321,0
EMP01942,31,Male,Finance,Analyst,4.11,79243,38.4,6.0,Hybrid,8.77,3,3.52,83.6,2,6.4,6.17,7.57,5.23,6.55,10.3,10.0,0.5104,0
EMP01943,37,Male,Sales,Associate,2.69,109351,35.8,18.9,Full Remote,8.74,10,3.01,81.5,3,14.2,4.31,3.26,6.14,6.35,11.9,10.9,0.5294,0
EMP01944,32,Male,Operations,Senior Analyst,2.33,49812,44.1,17.6,Hybrid,4.28,8,3.57,64.4,6,18.1,7.03,4.33,3.32,8.35,0.1,7.9,0.5443,0
EMP01945,39,Male,Operations,Manager,0.86,108561,41.5,11.3,Hybrid,7.85,5,1.8,41.0,6,10.5,7.13,4.52,7.83,4.72,15.0,1.6,0.4292,0
EMP01946,32,Other,Engineering,Junior Dev,1.21,104274,35.9,14.9,Full Remote,8.15,5,2.4,86.5,2,19.1,4.4,5.94,5.54,7.18,13.2,2.8,0.4985,0
EMP01947,38,Female,HR,Analyst,10.13,44742,51.6,5.4,Hybrid,5.53,11,3.09,48.9,5,10.9,8.76,8.03,6.41,4.92,42.9,0.4,0.6575,0
EMP01948,34,Male,Engineering,Senior Dev,0.83,90766,59.2,10.2,On-site,5.07,12,2.59,75.7,4,7.2,6.96,7.92,5.53,7.94,11.6,12.8,0.8138,1
EMP01949,44,Female,Marketing,Manager,6.96,73924,52.7,11.4,Hybrid,4.57,13,5.0,82.9,3,15.2,5.86,4.86,3.61,5.03,32.3,5.9,0.4679,0
EMP01950,34,Female,Customer Support,Senior Analyst,2.61,59835,39.2,17.0,Full Remote,7.75,10,3.65,66.9,3,0.4,8.47,5.92,4.67,4.72,6.4,4.6,0.4722,0
EMP01951,22,Male,Operations,Analyst,0.39,40000,44.6,5.3,On-site,6.18,8,3.71,61.0,5,18.9,6.85,2.56,8.25,7.18,103.1,1.0,0.3999,0
EMP01952,45,Male,Sales,Director,1.89,49729,57.3,7.2,Full Remote,4.71,12,2.63,89.1,3,9.8,3.81,2.5,5.51,3.85,18.6,9.3,0.4706,0
EMP01953,27,Male,Sales,Manager,8.9,92702,35.6,4.1,Full Remote,9.03,12,2.94,68.1,3,14.8,7.78,6.27,4.12,3.57,9.2,5.7,0.3582,0
EMP01954,29,Female,Engineering,Junior Dev,1.63,95346,51.3,3.4,Hybrid,8.16,9,3.1,68.7,3,16.5,5.69,4.12,6.34,8.55,1.6,7.0,0.342,0
EMP01955,30,Other,Marketing,Director,5.97,69732,35.0,2.5,On-site,7.85,11,4.42,80.7,3,3.7,7.62,3.36,8.83,4.93,2.9,5.2,0.2402,0
EMP01956,45,Female,Engineering,Senior Dev,0.89,95424,58.5,14.6,Hybrid,7.2,5,2.37,83.3,3,18.4,6.5,5.24,5.38,2.72,43.6,10.5,0.7224,1
EMP01957,22,Male,Marketing,Senior,2.54,98631,41.6,11.8,Hybrid,9.75,7,3.23,66.3,6,11.2,5.39,5.74,8.67,7.11,39.3,19.7,0.3243,0
EMP01958,60,Male,Engineering,Senior Dev,5.57,78865,62.8,6.9,On-site,7.47,5,3.85,83.2,4,16.4,5.15,4.13,6.18,6.09,11.1,2.5,0.5344,0
EMP01959,43,Female,Sales,Manager,7.6,56941,58.8,6.8,On-site,9.16,8,1.65,92.6,2,18.3,4.34,5.54,8.43,3.79,4.4,10.0,0.575,0
EMP01960,36,Female,Engineering,Senior Dev,2.0,86026,44.1,4.0,Full Remote,5.33,5,2.17,72.7,6,9.7,8.1,3.98,7.55,6.65,26.9,2.3,0.4123,0
EMP01961,34,Female,Customer Support,Analyst,3.06,87174,39.2,11.3,On-site,7.03,10,2.38,74.3,5,15.8,6.44,6.62,8.52,7.61,2.8,6.7,0.5023,0
EMP01962,37,Female,Finance,Manager,0.1,91848,46.6,10.5,Hybrid,8.7,7,3.35,76.6,5,21.1,7.93,5.27,6.94,5.15,40.2,5.5,0.3834,0
EMP01963,39,Male,Sales,Associate,0.88,96635,43.6,6.4,Full Remote,6.51,12,3.14,90.1,3,7.8,6.79,5.86,3.34,5.11,46.9,7.3,0.5328,0
EMP01964,40,Female,Engineering,Tech Lead,0.98,40945,41.8,10.7,Full Remote,6.71,5,4.24,45.4,1,17.7,7.69,4.65,7.65,6.49,3.1,5.5,0.5635,0
EMP01965,39,Female,Marketing,Senior,0.29,62251,35.0,14.7,Hybrid,7.61,9,1.72,74.6,4,17.5,8.04,5.12,6.15,7.39,18.2,3.0,0.4314,0
EMP01966,35,Male,Engineering,Junior Dev,0.98,40000,40.9,11.8,Full Remote,7.66,11,3.17,54.1,2,17.2,5.64,4.5,5.04,6.73,35.8,0.3,0.3968,0
EMP01967,33,Female,Marketing,Associate,1.16,93674,36.1,0.7,Full Remote,8.39,13,4.44,75.6,1,7.4,5.26,6.03,7.78,3.36,1.9,5.9,0.4354,0
EMP01968,33,Male,Operations,Manager,10.4,69692,49.4,8.7,Hybrid,8.41,8,2.24,64.6,6,13.8,6.27,5.34,5.56,5.68,16.8,6.8,0.3799,0
EMP01969,33,Male,HR,Analyst,3.31,85770,52.9,11.1,On-site,9.46,9,3.41,75.5,7,30.0,4.35,5.56,6.87,4.98,2.2,5.5,0.4886,0
EMP01970,44,Male,HR,Senior Analyst,1.67,40000,50.9,13.4,Full Remote,9.25,15,4.1,76.6,5,17.2,4.18,4.5,1.88,4.9,27.9,2.1,0.4437,0
EMP01971,39,Male,Marketing,Senior,13.28,110024,47.7,9.9,Hybrid,7.78,15,4.63,84.3,6,7.0,7.41,5.09,7.87,4.18,0.7,2.7,0.4112,0
EMP01972,22,Male,Customer Support,Senior Analyst,0.5,45141,38.2,3.9,Hybrid,5.75,10,2.5,90.0,5,14.3,7.21,5.4,4.2,6.75,31.6,10.2,0.4853,0
EMP01973,40,Male,Customer Support,Senior Analyst,1.94,94364,46.6,2.5,Hybrid,4.73,13,3.8,83.0,7,2.1,5.98,3.14,6.01,5.31,8.7,9.2,0.5655,0
EMP01974,36,Female,Marketing,Associate,3.12,77948,51.3,4.0,On-site,3.87,8,3.53,73.0,4,15.9,6.06,6.44,5.07,6.51,11.0,3.5,0.601,0
EMP01975,34,Male,Sales,Senior,0.17,70263,40.3,12.4,Hybrid,5.72,6,2.67,53.3,3,19.6,7.12,5.07,7.23,7.04,2.1,4.1,0.2829,0
EMP01976,31,Male,Marketing,Manager,3.79,68245,46.0,1.6,Hybrid,7.5,6,2.51,59.6,6,14.0,6.35,5.28,6.96,6.33,24.6,4.7,0.2824,0
EMP01977,43,Male,Engineering,Senior Dev,0.32,59048,43.8,4.3,On-site,7.13,8,2.49,62.8,6,3.8,6.27,3.27,4.24,8.55,29.2,9.2,0.3492,0
EMP01978,42,Female,HR,Analyst,0.45,107379,58.3,4.3,Full Remote,6.52,7,5.0,78.1,2,9.9,5.96,2.19,8.51,5.82,26.3,12.7,0.2157,0
EMP01979,28,Male,Marketing,Director,0.52,75315,51.8,22.1,Full Remote,7.54,11,4.44,81.2,3,11.4,6.32,6.02,7.32,6.98,29.3,6.2,0.2792,0
EMP01980,38,Male,Engineering,Tech Lead,7.93,43269,49.9,6.9,Hybrid,7.32,9,3.55,58.3,3,14.9,5.7,4.87,8.17,3.77,6.5,2.4,0.3284,0
EMP01981,27,Female,Engineering,Junior Dev,3.45,65400,35.0,9.0,Hybrid,8.36,6,2.82,59.3,3,7.5,9.16,2.71,7.32,3.85,25.0,3.7,0.1421,0
EMP01982,23,Female,Marketing,Director,3.2,78208,46.4,2.5,Full Remote,9.06,5,3.95,83.9,2,4.0,5.82,5.8,7.93,8.3,27.0,9.8,0.2543,0
EMP01983,29,Female,Operations,Senior Analyst,2.43,97445,43.8,11.0,Full Remote,8.2,3,2.53,28.5,3,11.9,6.9,4.85,4.55,3.39,12.3,9.1,0.4893,0
EMP01984,41,Female,Marketing,Associate,1.04,59884,43.7,16.1,Hybrid,8.86,4,3.76,85.9,4,11.6,6.22,3.25,8.1,3.79,28.3,6.4,0.2679,0
EMP01985,42,Male,Finance,Analyst,2.91,61555,35.0,6.0,On-site,9.22,12,4.17,68.5,3,8.9,6.74,5.42,5.54,5.85,7.4,14.5,0.3344,0
EMP01986,39,Female,Sales,Senior,1.58,75585,36.3,9.2,Full Remote,9.0,6,3.37,55.4,3,6.8,7.4,5.2,6.08,5.51,17.4,9.1,0.4437,0
EMP01987,40,Male,HR,Senior Analyst,0.47,96835,44.5,9.7,Hybrid,6.76,6,3.02,85.3,5,4.5,5.01,3.26,6.87,6.08,21.9,6.5,0.3788,0
EMP01988,39,Male,Sales,Associate,3.51,40781,53.9,3.8,Full Remote,5.92,7,3.09,84.5,5,9.1,6.58,5.89,4.92,6.87,48.2,7.4,0.5795,0
EMP01989,29,Male,Finance,Analyst,0.42,87633,40.3,5.9,Hybrid,8.03,7,4.28,83.7,5,16.9,3.11,2.93,6.45,4.59,11.6,4.2,0.2644,0
EMP01990,38,Female,Engineering,Senior Dev,0.63,63398,41.8,5.6,Hybrid,9.26,12,3.46,66.0,5,24.0,6.38,4.38,5.84,6.28,0.3,2.2,0.3669,0
EMP01991,41,Male,Marketing,Senior,5.11,66889,59.2,3.1,On-site,9.01,5,4.82,60.4,3,18.8,3.07,3.41,5.08,7.28,3.4,5.4,0.4908,0
EMP01992,41,Female,Sales,Associate,3.24,125039,42.6,11.9,Full Remote,9.29,4,2.04,71.2,6,15.3,5.64,3.92,5.99,4.3,26.9,9.0,0.4634,0
EMP01993,44,Female,Sales,Associate,2.99,70088,44.0,5.2,Hybrid,8.35,8,2.49,60.9,4,8.5,5.62,2.39,8.18,4.11,3.9,12.6,0.1974,0
EMP01994,40,Male,Customer Support,Senior Analyst,1.62,93867,44.1,27.4,Full Remote,6.77,7,3.57,83.3,7,13.5,3.76,2.92,3.04,3.09,11.6,4.3,0.6303,0
EMP01995,37,Female,Engineering,Tech Lead,1.51,92972,35.0,7.6,Hybrid,7.42,2,3.86,88.4,2,16.9,7.34,4.29,6.52,7.21,18.7,10.5,0.3756,0
EMP01996,43,Female,Sales,Senior,3.52,45499,49.6,7.2,On-site,8.67,11,3.45,56.1,4,13.3,7.04,3.37,7.1,5.35,5.4,2.3,0.2813,0
EMP01997,34,Female,Marketing,Senior,4.04,40000,39.8,11.3,On-site,9.18,5,4.62,67.3,5,17.2,8.25,7.14,8.79,4.07,5.0,7.5,0.2369,0
EMP01998,27,Male,Operations,Analyst,2.14,95524,44.8,9.4,Hybrid,8.83,9,2.74,76.7,4,15.3,8.04,3.57,5.84,4.86,30.0,4.9,0.4807,0
EMP01999,33,Female,Sales,Senior,10.45,47911,48.6,7.9,On-site,8.16,9,3.51,77.8,3,25.7,7.24,6.9,4.46,7.69,41.4,1.5,0.5314,0
EMP02000,29,Male,Finance,Manager,9.35,40000,60.5,10.1,Full Remote,9.92,10,4.37,73.1,3,18.0,8.77,5.56,6.22,6.83,36.3,4.0,0.2868,0
EMP02001,29,Female,Operations,Senior Analyst,1.6,100654,35.0,16.4,Full Remote,7.77,9,4.93,71.0,7,1.5,6.48,7.7,5.52,5.27,41.4,6.5,0.651,0
EMP02002,33,Female,Sales,Associate,5.15,49514,51.9,21.0,On-site,8.88,8,3.34,46.8,3,5.6,7.86,5.58,4.73,4.87,2.1,6.6,0.5782,0
EMP02003,28,Male,Sales,Senior,2.35,55687,51.9,5.4,Full Remote,7.32,10,5.0,45.4,1,11.5,4.76,3.01,7.22,3.67,27.0,12.3,0.5172,0
EMP02004,32,Female,Sales,Senior,2.15,124359,39.9,14.8,Full Remote,7.33,15,3.57,91.1,4,20.5,3.81,6.26,4.12,5.43,0.0,1.5,0.5001,0
EMP02005,22,Female,Operations,Senior Analyst,0.17,40000,49.8,3.7,Hybrid,6.72,13,4.86,95.9,5,8.5,6.86,3.91,6.57,6.42,12.4,3.9,0.2904,0
EMP02006,36,Female,Engineering,Senior Dev,2.56,43592,58.1,22.1,Hybrid,6.31,7,3.22,76.8,2,10.2,8.62,6.01,7.29,3.64,10.1,5.0,0.638,0
EMP02007,35,Male,Sales,Manager,6.93,63507,38.9,1.6,Full Remote,9.26,7,3.38,72.4,3,7.9,6.79,5.27,4.19,5.55,26.9,7.9,0.3434,0
EMP02008,28,Male,Finance,Senior Analyst,4.54,68993,46.9,3.9,On-site,7.36,5,4.44,68.2,5,11.2,7.75,1.99,6.86,4.33,26.3,2.6,0.3283,0
EMP02009,40,Other,Marketing,Senior,4.63,52656,48.2,12.9,Hybrid,7.96,10,4.15,79.0,6,18.5,7.52,7.66,5.8,5.11,22.8,0.7,0.5509,0
EMP02010,42,Female,Sales,Manager,0.52,46033,49.3,3.8,Hybrid,8.26,6,3.49,79.6,4,0.5,6.95,4.21,6.85,3.83,61.4,3.8,0.4798,0
EMP02011,22,Female,Marketing,Manager,1.33,112749,51.2,13.3,Full Remote,8.53,8,2.67,78.6,6,10.5,5.38,4.41,5.37,4.75,1.7,1.8,0.5956,0
EMP02012,28,Male,Engineering,Tech Lead,0.8,81574,46.3,6.3,Hybrid,8.86,7,5.0,86.0,6,5.8,5.66,5.92,6.42,4.75,9.5,9.6,0.4049,0
EMP02013,28,Male,Sales,Director,1.14,89629,49.1,11.8,On-site,6.99,6,3.28,87.7,7,16.8,6.09,6.67,6.0,5.18,27.2,3.2,0.5576,0
EMP02014,27,Female,Marketing,Associate,2.6,71569,37.7,0.3,On-site,9.4,6,3.56,87.4,5,13.8,5.83,4.5,5.49,5.55,9.1,3.6,0.3449,0
EMP02015,41,Female,Customer Support,Analyst,1.36,82236,46.3,10.2,On-site,3.98,9,1.96,72.2,5,8.8,7.07,2.83,6.63,6.04,2.4,9.9,0.4416,0
EMP02016,33,Male,Sales,Manager,2.47,98322,41.2,1.3,Hybrid,8.12,5,3.05,89.1,2,20.1,7.58,2.02,7.73,5.46,11.8,6.8,0.1392,0
EMP02017,32,Female,Operations,Senior Analyst,1.73,50092,35.2,13.2,On-site,4.88,10,4.21,60.1,4,11.9,7.23,4.15,4.95,3.56,17.7,3.6,0.4602,0
EMP02018,22,Female,HR,Manager,1.01,81620,40.9,1.1,Full Remote,4.53,11,3.38,48.4,4,16.0,7.36,5.58,8.61,7.43,4.8,1.4,0.325,0
EMP02019,40,Male,Engineering,Junior Dev,0.3,92401,47.2,6.1,Full Remote,6.54,4,5.0,88.1,3,19.0,4.85,3.38,5.98,5.81,4.0,3.1,0.3793,0
EMP02020,25,Male,Finance,Senior Analyst,6.67,113619,48.5,10.1,On-site,5.82,8,3.73,62.4,5,11.0,7.07,6.57,5.46,5.29,20.8,3.2,0.5696,0
EMP02021,35,Male,Engineering,Junior Dev,0.1,123697,35.0,7.5,Full Remote,8.89,9,3.03,62.5,4,10.1,7.92,4.76,4.02,6.5,13.2,5.4,0.2483,0
EMP02022,37,Female,Customer Support,Senior Analyst,0.1,76746,37.5,21.2,Full Remote,7.09,3,4.87,75.6,3,10.1,6.42,6.42,3.91,5.91,6.6,10.9,0.5681,0
EMP02023,45,Male,Operations,Analyst,5.26,103465,50.8,6.9,On-site,5.42,8,5.0,70.4,8,11.7,7.37,1.75,8.01,7.0,26.9,6.7,0.3027,0
EMP02024,24,Male,Sales,Associate,17.24,40000,49.1,4.8,On-site,6.02,6,4.58,49.0,5,11.8,5.38,5.49,4.42,3.57,29.6,7.0,0.5988,0
EMP02025,22,Female,Sales,Associate,3.9,113807,52.1,11.2,Full Remote,7.5,8,3.61,39.0,6,21.5,7.12,8.43,6.88,4.14,33.5,4.8,0.5076,0
EMP02026,36,Male,Sales,Senior,0.1,56852,55.9,7.0,On-site,5.26,6,3.35,74.2,2,17.0,8.38,4.44,6.78,4.42,2.9,1.9,0.4638,0
EMP02027,49,Male,Sales,Senior,0.77,68972,49.3,14.1,On-site,9.21,6,2.19,58.8,2,7.3,5.39,3.02,7.78,6.9,44.4,11.2,0.3078,0
EMP02028,44,Male,Sales,Associate,10.71,86027,41.7,4.3,On-site,9.5,10,3.78,85.2,2,21.6,5.02,3.15,4.06,1.78,53.8,8.0,0.5805,0
EMP02029,36,Female,Sales,Associate,4.96,71163,45.9,6.3,Hybrid,6.42,11,3.82,81.9,5,15.7,7.32,4.03,4.18,5.67,33.7,2.2,0.2072,0
EMP02030,31,Female,HR,Analyst,2.51,79911,58.3,21.0,Hybrid,5.08,12,2.59,34.3,2,7.9,3.78,5.32,7.74,4.35,5.2,0.6,0.6326,0
EMP02031,41,Male,Engineering,Manager,0.81,114692,67.1,22.9,On-site,6.48,4,3.56,61.6,2,12.4,8.51,2.31,4.83,6.94,43.7,2.6,0.4917,0
EMP02032,27,Female,Operations,Analyst,0.1,65394,48.7,18.2,Hybrid,8.73,6,4.4,61.5,4,12.4,5.91,2.63,5.97,6.51,11.3,2.6,0.3598,0
EMP02033,38,Female,Operations,Analyst,0.1,47826,49.3,13.2,Hybrid,8.7,3,3.27,67.0,7,13.7,6.64,5.37,6.81,8.11,4.7,10.8,0.3368,0
EMP02034,39,Male,Marketing,Manager,2.84,120336,50.8,2.5,Hybrid,9.71,14,3.76,70.2,3,8.6,4.22,6.45,7.58,7.37,16.2,13.0,0.4434,0
EMP02035,43,Male,Operations,Senior Analyst,0.1,88169,45.2,3.2,Hybrid,6.45,8,1.89,55.6,4,15.0,5.47,7.2,4.01,3.51,12.6,5.7,0.7659,1
EMP02036,57,Male,Engineering,Tech Lead,15.17,123055,54.3,10.6,On-site,8.8,7,4.96,86.3,4,20.0,6.58,4.26,7.92,7.01,11.0,14.4,0.3865,0
EMP02037,38,Male,Engineering,Senior Dev,0.61,96590,53.1,5.7,Full Remote,9.22,9,2.96,54.5,5,16.9,6.07,5.17,6.5,4.89,8.2,7.6,0.3957,0
EMP02038,30,Female,HR,Manager,3.72,41910,47.8,3.2,Full Remote,8.41,8,3.26,84.7,6,2.3,8.28,2.1,8.0,2.66,25.0,1.3,0.2037,0
EMP02039,34,Female,Marketing,Associate,0.51,91134,42.5,10.4,On-site,5.63,7,3.71,76.5,2,8.8,8.04,2.46,5.81,5.59,1.1,5.6,0.4035,0
EMP02040,22,Male,Marketing,Director,2.33,50401,35.0,18.5,Full Remote,7.62,2,3.34,59.0,3,12.8,8.42,4.88,8.06,7.75,6.2,8.2,0.2792,0
EMP02041,29,Male,Operations,Manager,0.25,75185,50.9,20.0,Hybrid,5.15,2,4.27,85.6,3,12.3,9.4,4.64,6.63,5.22,37.5,11.4,0.6024,0
EMP02042,31,Male,Customer Support,Senior Analyst,4.37,73107,46.7,9.3,Full Remote,4.31,7,3.2,69.7,7,19.3,7.86,2.93,4.09,6.45,13.9,2.1,0.6348,0
EMP02043,30,Female,HR,Senior Analyst,2.64,40000,39.1,2.3,Hybrid,7.94,4,3.04,66.7,4,19.3,7.51,5.38,4.68,5.5,7.7,5.4,0.5087,0
EMP02044,36,Male,Operations,Senior Analyst,0.27,54679,36.0,2.8,On-site,7.37,7,4.25,83.4,7,6.8,7.21,8.07,5.59,5.78,31.8,8.8,0.3952,0
EMP02045,28,Female,Engineering,Junior Dev,5.66,130129,50.3,1.3,Hybrid,9.2,5,1.31,73.6,5,8.9,6.3,5.14,7.08,5.7,25.0,1.2,0.3933,0
EMP02046,43,Male,Engineering,Junior Dev,2.38,80959,35.0,11.4,Full Remote,7.01,9,2.48,58.0,3,16.2,9.54,6.11,7.01,7.11,8.3,2.0,0.3855,0
EMP02047,35,Female,Finance,Manager,7.64,70610,47.4,10.0,On-site,8.01,11,3.69,61.1,6,20.7,5.94,3.56,4.35,5.63,65.4,2.9,0.503,0
EMP02048,34,Female,Sales,Senior,7.45,120322,51.7,12.6,Full Remote,7.25,5,4.17,78.0,2,16.0,7.9,5.79,4.82,5.93,1.8,17.4,0.4296,0
EMP02049,32,Male,Sales,Senior,7.6,65094,49.4,8.1,Hybrid,7.58,11,4.18,77.8,5,14.2,6.02,3.01,6.4,5.72,16.0,2.0,0.4034,0
EMP02050,36,Female,Sales,Manager,0.24,72714,41.9,3.2,Hybrid,6.57,8,1.32,77.6,5,11.3,6.57,3.21,6.83,6.38,21.8,5.7,0.4167,0
EMP02051,41,Other,HR,Senior Analyst,0.39,99770,35.0,0.7,On-site,6.55,4,3.11,72.8,1,19.3,9.11,4.59,5.83,3.03,28.9,12.2,0.3013,0
EMP02052,28,Male,Engineering,Junior Dev,13.2,64981,49.7,29.1,Full Remote,8.66,12,4.19,54.2,5,4.7,8.33,3.95,5.3,3.13,9.0,13.0,0.5922,0
EMP02053,29,Female,HR,Senior Analyst,2.01,56336,54.6,17.6,Hybrid,8.42,9,2.68,87.4,4,4.0,6.33,3.57,7.86,4.02,96.4,7.0,0.292,0
EMP02054,32,Male,Engineering,Tech Lead,0.82,40000,40.4,5.5,Hybrid,6.92,10,3.31,69.0,5,21.1,5.45,6.01,6.07,5.92,26.0,4.1,0.5053,0
EMP02055,24,Female,Engineering,Junior Dev,4.4,51587,49.1,10.2,Full Remote,5.54,8,3.86,46.2,5,11.5,3.17,8.47,2.87,6.95,8.7,6.0,0.6582,0
EMP02056,28,Male,Sales,Director,0.92,51349,57.7,11.8,On-site,8.14,10,3.55,49.7,3,9.4,8.81,6.66,7.2,4.75,34.6,2.4,0.429,0
EMP02057,31,Female,Engineering,Junior Dev,3.9,78964,47.7,4.6,Hybrid,6.57,7,3.89,92.1,2,18.6,4.34,4.67,5.95,2.66,1.2,15.0,0.5377,0
EMP02058,41,Female,Operations,Senior Analyst,5.45,59738,41.8,13.0,On-site,9.06,7,3.36,71.7,2,13.8,8.12,6.41,7.23,5.41,36.7,7.8,0.4654,0
EMP02059,37,Female,Engineering,Junior Dev,4.6,128950,53.3,17.2,Full Remote,3.99,9,3.96,92.2,3,11.6,6.71,5.24,7.16,5.31,60.7,7.8,0.4688,0
EMP02060,36,Female,Engineering,Senior Dev,0.96,48559,39.1,14.0,On-site,8.67,11,3.97,76.5,4,10.1,7.45,2.77,5.49,3.55,5.2,4.3,0.3423,0
EMP02061,41,Female,Marketing,Senior,1.54,110016,35.0,16.9,On-site,5.44,7,4.18,63.8,4,14.6,8.55,4.39,6.12,5.06,49.3,3.4,0.2966,0
EMP02062,33,Male,Marketing,Senior,1.6,80493,51.5,7.0,Hybrid,8.42,10,4.14,70.6,2,15.5,5.97,4.17,6.66,4.12,6.4,5.0,0.3113,0
EMP02063,38,Female,Engineering,Tech Lead,2.03,95169,41.8,1.8,Hybrid,7.94,5,4.29,78.1,4,11.6,7.95,6.64,5.13,7.82,77.1,3.0,0.4861,0
EMP02064,34,Female,Engineering,Junior Dev,0.55,93650,42.5,7.1,On-site,7.15,6,3.11,65.2,5,13.9,7.86,3.71,4.8,5.37,8.4,9.7,0.1933,0
EMP02065,37,Female,Customer Support,Senior Analyst,1.81,40000,40.0,6.0,On-site,7.76,6,3.16,57.0,2,11.0,7.73,7.26,2.88,7.78,61.5,6.1,0.4931,0
EMP02066,30,Female,Finance,Senior Analyst,2.14,74711,41.2,10.4,Hybrid,7.88,13,3.66,74.2,7,4.6,5.7,5.24,5.5,4.68,56.2,7.0,0.5311,0
EMP02067,22,Female,Sales,Director,2.28,68444,56.2,13.7,Hybrid,4.9,7,5.0,62.1,3,4.4,6.66,5.99,5.32,8.15,4.0,5.4,0.7156,1
EMP02068,33,Female,Marketing,Senior,5.14,46675,58.3,2.9,On-site,3.91,7,3.68,76.0,2,14.9,6.71,7.18,6.26,3.96,3.1,17.4,0.606,0
EMP02069,46,Male,Sales,Associate,2.19,86490,59.4,5.1,Full Remote,9.63,5,4.84,73.6,7,10.8,5.44,2.87,6.83,6.35,74.4,5.1,0.3885,0
EMP02070,42,Male,Sales,Associate,0.79,117913,53.7,7.6,Hybrid,5.0,5,4.68,69.0,5,15.5,7.23,5.65,6.87,7.04,31.6,5.2,0.4282,0
EMP02071,42,Male,HR,Manager,3.26,40000,48.7,2.5,On-site,9.68,9,4.69,80.0,4,5.7,9.61,3.21,4.92,3.51,68.1,18.6,0.2732,0
EMP02072,44,Male,Operations,Manager,4.79,61638,35.0,5.2,On-site,8.57,2,4.63,80.5,3,18.1,5.92,5.2,5.23,5.73,48.6,3.1,0.2583,0
EMP02073,35,Female,Engineering,Senior Dev,1.15,43855,43.5,0.8,On-site,6.87,7,2.74,45.7,4,11.0,6.1,8.66,8.24,5.78,26.7,2.8,0.4862,0
EMP02074,36,Male,Operations,Senior Analyst,3.11,76794,62.3,9.3,Full Remote,8.81,8,2.64,63.5,6,13.0,6.51,2.08,6.11,5.56,16.4,1.3,0.3473,0
EMP02075,30,Male,Engineering,Senior Dev,0.48,66859,41.5,8.4,On-site,8.23,6,2.81,62.1,2,18.1,7.19,5.54,6.0,5.19,21.1,7.6,0.5345,0
EMP02076,32,Other,Engineering,Manager,1.26,59858,57.1,17.8,Hybrid,5.01,7,4.39,38.3,4,10.0,8.09,5.43,6.97,8.08,11.6,2.8,0.4968,0
EMP02077,39,Male,Engineering,Manager,7.2,92237,45.4,4.5,Full Remote,5.53,5,3.28,51.1,7,15.4,9.43,2.9,3.8,7.55,3.2,6.8,0.4359,0
EMP02078,44,Male,Engineering,Manager,7.27,115904,35.0,11.3,Hybrid,7.64,5,3.02,69.1,3,14.4,8.16,7.13,3.24,4.95,13.9,8.2,0.4261,0
EMP02079,33,Male,Customer Support,Manager,2.57,141532,50.1,3.8,On-site,5.46,9,3.17,33.0,1,12.6,3.78,4.66,6.63,3.89,11.6,3.5,0.6049,0
EMP02080,31,Male,Marketing,Director,3.64,56509,55.1,5.2,Full Remote,6.91,6,3.88,87.2,5,16.7,4.1,3.31,5.52,5.9,55.7,2.3,0.3379,0
EMP02081,35,Female,Engineering,Junior Dev,5.77,40000,44.6,22.2,On-site,9.06,5,2.94,69.8,2,10.4,8.05,4.78,8.24,4.9,31.1,5.3,0.4247,0
EMP02082,39,Female,Customer Support,Manager,9.55,88979,54.9,3.0,On-site,7.26,9,3.1,70.3,4,16.7,7.04,6.93,4.63,7.1,28.5,1.1,0.6073,0
EMP02083,23,Female,Operations,Senior Analyst,2.02,115262,35.0,10.9,Full Remote,7.66,7,3.26,68.9,7,23.2,6.88,6.66,7.63,3.56,5.8,4.0,0.3283,0
EMP02084,22,Male,Operations,Manager,2.47,95342,35.0,3.6,On-site,8.46,6,4.23,82.4,5,17.0,3.15,7.15,5.3,2.73,14.2,5.5,0.4919,0
EMP02085,30,Female,Customer Support,Senior Analyst,1.61,115158,46.6,10.1,On-site,7.11,7,2.17,78.5,2,12.7,6.58,6.86,5.0,7.62,14.2,5.3,0.3736,0
EMP02086,25,Male,Engineering,Junior Dev,0.22,69362,48.8,10.9,Full Remote,7.22,11,3.51,68.4,7,7.6,7.59,4.57,5.46,5.95,31.7,15.4,0.5213,0
EMP02087,30,Male,Operations,Senior Analyst,1.65,59760,55.9,3.9,Full Remote,8.77,9,3.21,65.0,2,19.8,7.86,4.92,6.33,5.28,7.8,4.1,0.257,0
EMP02088,33,Male,Finance,Senior Analyst,4.69,77885,50.1,2.5,Hybrid,6.17,9,3.99,49.4,7,13.9,8.47,3.59,7.71,5.33,7.8,2.5,0.4394,0
EMP02089,31,Male,Operations,Analyst,4.9,66736,35.5,8.0,Full Remote,5.65,9,3.41,47.5,5,11.2,6.84,2.24,6.03,2.61,26.2,0.8,0.4411,0
EMP02090,46,Male,Operations,Analyst,6.69,91577,46.7,3.4,On-site,8.44,10,2.77,70.8,8,17.1,8.39,2.96,6.93,5.22,18.8,16.9,0.3184,0
EMP02091,37,Male,Sales,Senior,0.16,99244,49.8,37.6,Hybrid,9.42,8,5.0,78.3,3,14.7,6.76,4.12,9.2,6.16,10.3,17.2,0.3443,0
EMP02092,37,Other,Operations,Analyst,2.25,101202,35.0,11.3,On-site,5.54,3,4.74,83.9,5,13.0,6.1,4.98,7.04,7.47,22.6,2.7,0.3262,0
EMP02093,39,Male,Sales,Senior,0.34,87764,44.7,8.8,On-site,8.1,9,3.7,68.9,7,11.1,5.85,4.32,3.4,3.53,31.3,2.4,0.6617,0
EMP02094,25,Male,Sales,Associate,0.67,81145,42.3,15.0,Full Remote,8.5,17,3.97,75.3,7,14.4,6.01,6.16,6.62,5.74,49.8,5.9,0.3774,0
EMP02095,43,Male,Engineering,Manager,6.91,94860,39.8,14.0,Hybrid,7.86,16,2.9,62.4,6,14.3,7.96,4.31,4.9,3.32,6.5,4.2,0.4423,0
EMP02096,34,Female,Customer Support,Senior Analyst,2.06,40000,49.0,8.8,Hybrid,8.46,6,3.67,76.1,5,3.4,6.79,6.05,5.42,6.68,17.8,10.8,0.5445,0
EMP02097,40,Male,Sales,Associate,4.26,80264,35.8,7.4,Hybrid,6.0,5,5.0,54.1,8,11.4,5.64,2.79,9.12,6.68,27.9,13.2,0.2314,0
EMP02098,26,Female,Marketing,Manager,0.2,76311,48.3,27.8,Hybrid,9.64,3,4.49,64.0,10,18.0,8.54,5.24,6.34,6.96,18.9,12.8,0.3395,0
EMP02099,22,Other,Sales,Manager,1.62,80327,49.5,1.5,Full Remote,9.13,7,2.66,69.1,7,10.2,8.16,3.23,4.39,8.72,3.5,6.6,0.4068,0
EMP02100,41,Male,Customer Support,Analyst,3.36,72809,53.7,18.1,Full Remote,6.98,10,3.82,63.4,5,18.5,7.0,6.95,7.59,2.95,4.7,6.5,0.5988,0
EMP02101,38,Male,Sales,Senior,0.43,85796,36.0,15.2,Full Remote,9.18,10,3.57,71.7,3,12.5,8.76,5.06,8.31,4.79,2.7,4.7,0.3169,0
EMP02102,27,Male,Operations,Senior Analyst,1.18,60634,35.0,10.2,On-site,9.22,11,3.92,92.5,1,17.1,6.22,2.37,7.35,3.54,13.0,2.9,0.2686,0
EMP02103,28,Female,Operations,Senior Analyst,0.2,103238,47.2,24.7,Full Remote,4.48,5,4.93,78.5,4,13.6,3.73,2.39,5.05,2.99,15.5,6.8,0.5765,0
EMP02104,44,Male,Sales,Manager,3.16,86841,42.7,7.2,Full Remote,5.67,11,2.77,83.7,6,14.3,5.7,6.76,8.8,8.81,5.0,2.1,0.5375,0
EMP02105,25,Male,Sales,Senior,10.61,78767,68.2,10.1,Hybrid,9.26,5,3.34,64.0,5,8.4,6.31,4.77,5.36,4.59,3.6,2.6,0.5377,0
EMP02106,48,Male,Finance,Analyst,5.26,57562,48.7,3.5,Full Remote,6.78,16,2.6,65.3,0,7.3,4.61,5.33,4.24,6.96,8.9,8.0,0.4737,0
EMP02107,27,Female,Customer Support,Manager,11.02,95382,45.5,11.0,Full Remote,7.33,5,3.67,56.3,5,6.6,7.9,3.98,5.89,4.69,1.0,7.2,0.3047,0
EMP02108,40,Male,Operations,Analyst,5.6,80166,43.6,3.2,Hybrid,7.63,11,3.59,76.1,1,8.0,6.52,6.28,4.05,6.48,94.1,4.0,0.465,0
EMP02109,32,Male,Engineering,Tech Lead,5.8,56112,35.3,8.8,Hybrid,9.62,8,5.0,95.9,1,10.8,7.83,2.91,7.7,4.44,76.1,3.2,0.2534,0
EMP02110,39,Female,Operations,Analyst,2.58,73583,49.5,17.8,Full Remote,3.8,14,2.82,63.4,7,10.4,7.11,6.19,4.42,4.79,8.7,17.0,0.6302,0
EMP02111,30,Female,Sales,Associate,2.19,90727,44.4,13.2,Hybrid,6.79,10,4.22,63.7,3,11.6,6.12,2.71,7.1,5.51,38.2,5.0,0.1773,0
EMP02112,33,Female,HR,Analyst,1.56,88789,44.4,22.2,Hybrid,4.33,13,1.4,51.6,2,20.0,7.76,4.3,4.36,3.02,33.7,3.6,0.57,0
EMP02113,35,Male,Operations,Analyst,5.11,87175,45.8,13.0,Hybrid,7.42,7,5.0,69.8,3,15.1,6.25,5.74,7.69,6.23,17.4,9.3,0.59,0
EMP02114,26,Female,Engineering,Senior Dev,0.6,77313,46.8,9.5,Hybrid,8.66,10,3.52,73.2,5,7.4,2.21,4.43,6.45,3.83,11.0,2.4,0.483,0
EMP02115,40,Female,Operations,Analyst,0.17,100645,35.0,9.1,Full Remote,6.13,6,3.61,51.5,4,9.2,8.09,3.05,3.53,5.23,18.8,4.5,0.3912,0
EMP02116,30,Male,HR,Senior Analyst,8.86,105944,51.7,10.1,Hybrid,9.55,8,3.32,89.7,5,8.2,7.57,6.35,7.03,5.12,53.9,4.7,0.5962,0
EMP02117,33,Female,Operations,Senior Analyst,0.1,93433,38.2,5.3,On-site,9.91,8,3.88,79.1,1,12.0,8.46,1.97,8.84,3.43,39.8,5.2,0.1001,0
EMP02118,27,Male,Engineering,Junior Dev,11.29,60313,43.9,25.9,On-site,5.81,8,3.02,76.5,3,8.2,5.3,4.5,7.96,3.85,12.8,6.9,0.6301,0
EMP02119,22,Female,Sales,Manager,3.92,48548,55.3,31.2,On-site,8.51,5,3.62,80.9,8,2.4,7.15,2.34,8.92,4.37,36.2,4.8,0.4321,0
EMP02120,33,Male,Operations,Analyst,1.19,61401,59.2,6.4,Hybrid,9.18,4,4.58,38.8,3,17.1,8.11,4.8,7.93,7.69,38.2,5.5,0.3525,0
EMP02121,54,Female,Engineering,Junior Dev,3.59,123841,35.0,2.8,Hybrid,9.03,12,3.19,43.3,4,10.5,7.06,4.71,3.12,7.57,9.2,5.1,0.3667,0
EMP02122,41,Male,Engineering,Senior Dev,5.11,82042,45.2,3.9,Hybrid,7.38,10,3.26,91.8,2,3.9,7.61,8.11,7.57,5.47,56.0,6.5,0.3844,0
EMP02123,34,Female,Customer Support,Senior Analyst,0.84,128161,47.2,4.9,On-site,8.36,11,3.28,70.8,4,9.0,8.44,4.73,7.04,2.2,5.4,0.7,0.4601,0
EMP02124,32,Male,Sales,Senior,4.42,71995,35.0,9.7,On-site,8.85,5,4.27,67.9,3,2.5,5.69,4.41,5.47,4.19,39.9,2.3,0.4277,0
EMP02125,35,Other,Customer Support,Analyst,4.89,68529,51.4,4.1,Full Remote,4.17,11,3.38,64.8,5,6.4,7.52,3.37,6.97,3.87,22.7,7.1,0.3904,0
EMP02126,39,Female,Engineering,Tech Lead,0.86,73148,45.9,3.2,Full Remote,7.41,8,3.14,83.9,5,5.0,8.57,4.55,5.94,6.42,17.8,5.4,0.2059,0
EMP02127,25,Male,Sales,Senior,0.13,72695,46.6,5.2,Hybrid,3.49,5,3.64,81.5,5,11.1,6.36,4.38,4.95,4.71,29.3,8.3,0.5496,0
EMP02128,43,Female,Operations,Analyst,0.68,55658,37.7,3.9,Full Remote,9.79,9,4.35,64.7,8,23.4,7.17,3.51,4.61,8.32,42.1,17.1,0.2911,0
EMP02129,40,Other,Finance,Analyst,0.67,46278,48.3,5.0,On-site,8.72,10,2.46,68.1,4,1.5,9.12,5.63,4.9,8.39,21.4,6.6,0.3321,0
EMP02130,40,Male,HR,Manager,0.2,87533,51.7,16.1,Full Remote,7.03,7,4.1,80.4,3,3.6,6.2,4.23,5.26,6.2,10.2,0.8,0.4659,0
EMP02131,38,Male,Marketing,Senior,3.88,101372,46.0,1.1,Full Remote,5.54,12,3.78,70.5,6,6.6,6.44,4.92,6.69,3.83,0.1,1.7,0.4744,0
EMP02132,35,Female,Operations,Analyst,1.43,136124,40.9,9.1,On-site,8.87,4,3.82,82.6,6,17.1,4.2,4.9,4.84,3.63,6.9,4.1,0.5592,0
EMP02133,40,Male,Engineering,Senior Dev,6.47,64157,41.5,13.4,Full Remote,8.9,4,3.52,78.5,1,18.1,8.04,3.79,7.85,3.78,10.1,7.8,0.2617,0
EMP02134,39,Male,Sales,Associate,0.87,66183,46.8,1.1,Full Remote,9.12,6,3.53,79.1,3,14.7,7.79,3.09,5.31,2.3,11.7,3.2,0.2684,0
EMP02135,32,Male,Engineering,Senior Dev,1.81,55719,45.4,14.7,Hybrid,8.32,8,4.06,65.9,2,2.7,7.64,4.6,9.59,4.81,1.1,1.1,0.3957,0
EMP02136,30,Male,HR,Manager,3.06,103143,52.2,16.5,Hybrid,6.72,7,2.26,63.9,8,11.8,7.21,5.44,9.0,3.13,8.1,8.8,0.4231,0
EMP02137,35,Male,Sales,Senior,6.3,95374,41.2,19.3,Full Remote,6.0,6,2.85,45.4,1,6.4,8.47,6.08,8.02,5.2,17.9,4.3,0.2864,0
EMP02138,47,Male,Sales,Senior,2.23,53076,35.3,5.8,Hybrid,6.5,9,2.15,52.8,4,5.1,7.02,3.07,7.08,2.47,27.9,14.6,0.3801,0
EMP02139,25,Female,Marketing,Director,1.4,52445,47.9,2.9,Full Remote,9.06,3,4.95,93.6,3,12.0,8.31,2.75,4.41,6.81,49.1,6.7,0.4069,0
EMP02140,23,Female,Engineering,Senior Dev,6.05,98812,41.2,4.7,Hybrid,7.65,12,4.51,80.7,7,10.3,7.24,4.52,5.13,5.9,23.8,10.6,0.1197,0
EMP02141,36,Male,Engineering,Senior Dev,1.11,84579,51.3,4.0,Hybrid,5.91,5,1.76,68.9,4,10.5,6.72,8.44,5.82,5.62,82.6,1.7,0.5228,0
EMP02142,35,Female,Finance,Analyst,0.25,93959,45.1,14.6,On-site,8.06,14,3.79,73.0,3,14.0,5.73,6.37,5.69,2.95,40.3,2.5,0.5932,0
EMP02143,36,Female,Sales,Senior,1.77,52930,50.2,3.8,Hybrid,8.76,14,3.32,65.2,6,15.1,4.51,3.84,8.7,5.49,15.3,5.7,0.434,0
EMP02144,36,Female,Operations,Senior Analyst,4.61,40000,36.9,1.4,Hybrid,4.55,10,3.98,75.9,5,14.4,7.04,1.87,8.1,4.58,26.7,6.7,0.2415,0
EMP02145,33,Male,Finance,Analyst,0.1,53125,46.1,17.3,Hybrid,6.56,8,3.77,60.2,7,9.9,8.28,4.98,5.54,7.13,34.1,1.3,0.421,0
EMP02146,46,Male,Engineering,Manager,2.64,92194,39.4,4.0,Full Remote,8.14,9,3.39,90.6,4,6.5,5.58,5.54,6.92,4.63,51.8,2.1,0.4797,0
EMP02147,22,Female,HR,Manager,2.71,127776,35.2,14.8,Full Remote,8.52,9,3.45,53.6,2,5.5,6.7,9.27,8.9,3.34,7.8,0.7,0.5562,0
EMP02148,28,Female,Engineering,Tech Lead,7.92,64263,38.1,3.6,On-site,9.4,10,4.31,65.0,5,12.6,5.85,5.49,4.65,3.42,85.2,5.2,0.2275,0
EMP02149,34,Female,Operations,Senior Analyst,1.01,131896,40.6,0.8,Full Remote,7.98,6,3.02,57.7,7,10.9,6.98,5.88,8.06,4.14,10.7,10.0,0.3978,0
EMP02150,22,Female,Customer Support,Senior Analyst,0.98,95745,55.0,6.2,Hybrid,7.22,7,3.19,81.1,8,10.7,6.4,2.32,4.49,6.61,59.9,5.7,0.5034,0
EMP02151,33,Male,Marketing,Associate,1.74,40174,40.4,20.4,Full Remote,9.51,6,4.02,58.6,6,4.5,7.33,3.36,7.47,5.1,48.2,5.2,0.2814,0
EMP02152,48,Female,Finance,Analyst,1.32,80350,35.0,15.7,On-site,7.97,6,4.18,76.5,6,14.0,7.08,2.82,7.79,6.04,18.6,7.7,0.2686,0
EMP02153,35,Male,Engineering,Tech Lead,4.0,96599,46.1,6.1,On-site,8.3,8,3.73,64.4,4,9.4,5.79,4.05,6.11,7.89,3.1,4.3,0.4015,0
EMP02154,36,Male,Sales,Senior,3.08,40000,45.2,7.7,Hybrid,8.47,12,3.12,55.7,3,15.6,8.87,3.86,2.98,3.39,87.1,3.5,0.3052,0
EMP02155,24,Female,Operations,Manager,4.27,91111,41.1,4.1,Hybrid,5.74,9,2.16,49.4,7,11.9,7.11,4.61,5.21,5.07,34.4,8.6,0.5725,0
EMP02156,30,Male,Engineering,Junior Dev,5.15,104318,43.7,13.2,Hybrid,9.63,11,2.2,54.9,1,14.0,6.12,6.73,6.5,5.12,7.6,4.0,0.3989,0
EMP02157,31,Male,Sales,Senior,7.69,84971,52.8,30.2,On-site,8.38,9,3.34,69.5,3,1.7,8.89,6.52,2.69,6.79,37.0,4.1,0.5689,0
EMP02158,32,Female,Sales,Senior,1.69,73456,50.4,4.0,Full Remote,8.0,5,3.63,75.8,6,18.1,6.11,4.22,4.69,4.81,4.4,3.2,0.4732,0
EMP02159,45,Male,Finance,Senior Analyst,12.54,70676,49.7,15.4,Hybrid,6.46,12,3.22,85.7,1,13.5,2.95,6.3,6.32,5.28,50.2,4.8,0.7105,1
EMP02160,39,Other,Sales,Manager,0.73,69216,35.5,1.9,Hybrid,6.09,7,2.66,70.1,4,6.1,5.68,2.34,6.65,4.73,12.1,6.7,0.4594,0
EMP02161,26,Other,Customer Support,Manager,3.76,45600,68.1,0.6,Hybrid,5.79,7,2.54,70.6,3,13.1,8.26,5.85,5.8,8.45,70.0,2.3,0.5469,0
EMP02162,36,Female,Engineering,Junior Dev,2.29,57811,53.4,6.9,Full Remote,7.06,12,3.63,85.9,2,6.0,8.83,4.58,6.61,4.44,12.4,8.4,0.5013,0
EMP02163,38,Male,Sales,Associate,5.09,64585,49.1,5.6,Full Remote,6.72,4,4.59,80.7,4,13.9,4.14,3.94,6.34,3.56,3.7,2.6,0.4631,0
EMP02164,44,Male,Finance,Analyst,1.94,77837,35.7,17.0,On-site,4.66,12,2.9,78.1,4,10.6,8.13,2.73,6.09,7.12,13.4,4.4,0.2091,0
EMP02165,47,Male,Engineering,Senior Dev,4.6,61079,52.6,14.9,Full Remote,5.65,12,3.48,86.2,0,6.4,5.78,6.57,5.87,4.31,1.8,2.3,0.7024,1
EMP02166,26,Male,Finance,Analyst,7.99,53271,41.0,10.8,Hybrid,7.93,5,2.93,70.7,3,13.3,5.09,7.53,7.31,5.63,24.3,7.5,0.4588,0
EMP02167,28,Male,Engineering,Tech Lead,3.95,93994,43.4,15.2,Full Remote,6.67,11,3.98,50.6,2,4.8,5.29,7.68,5.72,5.2,6.8,1.5,0.6238,0
EMP02168,24,Other,Engineering,Senior Dev,4.49,84265,35.0,1.0,Full Remote,8.96,11,3.4,78.9,6,16.5,4.21,4.21,3.92,4.02,116.9,1.5,0.3702,0
EMP02169,33,Male,Engineering,Senior Dev,0.21,61519,35.1,3.9,Hybrid,8.65,6,4.29,74.3,4,17.1,4.64,3.69,7.16,5.13,54.9,4.6,0.1969,0
EMP02170,38,Female,Customer Support,Senior Analyst,0.69,87656,48.5,2.5,On-site,5.66,6,3.59,56.0,5,12.7,5.32,4.72,8.51,6.18,72.0,8.4,0.2707,0
EMP02171,42,Male,Marketing,Senior,10.98,63671,53.0,7.2,Hybrid,8.53,8,3.6,61.9,5,11.3,5.42,4.28,6.28,4.8,9.4,9.4,0.4891,0
EMP02172,34,Female,Operations,Senior Analyst,3.54,76576,50.5,19.2,On-site,8.09,11,2.82,66.5,4,9.0,6.88,4.12,6.38,4.1,9.1,1.5,0.433,0
EMP02173,32,Female,Sales,Associate,2.47,99376,50.2,1.0,Hybrid,7.21,6,2.83,55.5,5,10.0,4.82,8.71,7.03,4.61,36.6,1.6,0.4798,0
EMP02174,36,Male,HR,Analyst,1.37,59906,44.5,2.6,Hybrid,5.76,6,3.87,60.9,7,9.5,6.74,3.58,8.46,5.15,5.5,5.1,0.3884,0
EMP02175,28,Male,Marketing,Senior,0.14,45689,41.7,0.4,Hybrid,8.12,4,3.68,84.8,4,11.6,8.59,5.65,6.47,2.68,3.2,6.4,0.53,0
EMP02176,51,Female,Customer Support,Senior Analyst,1.38,71371,47.3,9.8,On-site,5.84,10,5.0,65.5,2,13.5,7.04,3.96,6.82,3.93,11.2,7.9,0.4569,0
EMP02177,22,Female,Finance,Manager,2.07,40913,51.6,4.5,Hybrid,5.71,13,2.62,57.6,4,6.1,7.06,5.26,7.93,3.5,75.6,0.3,0.5534,0
EMP02178,36,Female,Finance,Manager,0.71,68063,45.0,28.0,Hybrid,6.8,12,4.29,59.0,5,11.9,7.16,5.38,6.83,7.6,17.7,2.8,0.3172,0
EMP02179,51,Male,Engineering,Tech Lead,0.57,67984,54.7,6.5,Hybrid,9.43,11,3.6,94.8,3,10.8,5.94,4.58,5.37,7.03,34.0,4.9,0.4339,0
EMP02180,35,Male,Marketing,Senior,2.13,40000,43.3,12.2,Full Remote,8.1,10,2.72,87.0,7,8.4,5.3,6.11,6.1,3.38,60.6,4.2,0.4638,0
EMP02181,33,Female,Marketing,Manager,2.64,88265,37.2,15.8,Full Remote,7.27,5,1.36,51.6,1,16.3,7.83,4.64,7.4,7.12,7.5,10.2,0.2691,0
EMP02182,32,Female,Customer Support,Analyst,0.82,70432,44.9,6.8,Full Remote,7.89,7,2.99,70.2,8,16.5,6.92,2.31,7.4,7.62,20.6,3.4,0.1699,0
EMP02183,33,Male,Sales,Associate,2.66,104547,45.8,11.8,Hybrid,9.46,7,3.09,52.0,7,13.4,4.11,4.43,3.76,3.41,23.8,3.6,0.5731,0
EMP02184,45,Female,Sales,Associate,6.92,80388,44.3,4.2,Full Remote,6.45,8,3.09,83.4,3,14.3,7.14,3.2,4.2,6.88,5.8,14.1,0.3817,0
EMP02185,22,Male,Sales,Associate,1.92,93390,55.2,1.3,Hybrid,9.14,7,4.22,66.6,2,17.2,6.29,6.0,8.24,4.92,9.5,15.8,0.4881,0
EMP02186,47,Male,Engineering,Senior Dev,5.84,104750,51.4,6.6,On-site,7.75,9,3.13,50.1,5,5.6,9.54,5.93,7.2,6.13,5.2,3.5,0.4416,0
EMP02187,23,Male,Engineering,Senior Dev,7.86,71707,35.0,3.3,Hybrid,9.3,11,3.72,61.5,5,5.5,6.18,4.91,3.37,4.93,14.9,10.5,0.5497,0
EMP02188,32,Male,Operations,Manager,0.29,74979,57.3,24.8,Full Remote,8.68,8,2.38,83.7,4,10.2,6.14,5.31,6.91,6.08,25.4,8.0,0.4788,0
EMP02189,31,Female,Marketing,Associate,0.3,40000,35.0,6.2,On-site,9.71,4,3.81,86.5,2,13.9,5.25,7.02,4.98,5.44,52.6,0.7,0.3695,0
EMP02190,39,Male,Operations,Manager,1.94,105988,62.2,26.8,Full Remote,5.78,8,2.46,61.6,7,9.8,8.26,6.69,5.43,5.08,19.3,2.5,0.7232,1
EMP02191,22,Male,Operations,Analyst,2.66,71357,42.7,9.4,Hybrid,8.09,9,4.04,67.5,5,15.5,4.83,8.05,2.99,4.1,9.3,10.6,0.8412,1
EMP02192,38,Female,Sales,Associate,1.66,49856,43.5,28.4,Hybrid,5.91,7,4.27,75.2,5,15.1,7.2,2.49,3.35,5.02,10.4,5.7,0.2989,0
EMP02193,51,Female,Marketing,Senior,1.19,93493,44.5,8.5,Full Remote,7.16,9,2.3,55.6,3,16.6,3.9,4.13,5.72,4.06,89.8,8.4,0.405,0
EMP02194,24,Female,Engineering,Senior Dev,3.07,40000,48.1,13.9,Full Remote,8.06,4,5.0,83.4,3,8.6,7.0,6.06,3.94,4.4,81.5,2.8,0.5355,0
EMP02195,36,Female,Customer Support,Analyst,0.1,64268,45.0,12.7,Full Remote,6.31,5,3.14,65.2,2,11.2,7.61,2.41,4.71,4.44,33.7,5.0,0.4924,0
EMP02196,29,Male,Sales,Associate,10.33,97707,43.9,3.2,Full Remote,6.99,8,3.79,67.1,6,6.9,7.8,4.77,5.83,6.35,22.0,13.8,0.4102,0
EMP02197,38,Female,Sales,Senior,0.79,64056,55.5,5.4,Full Remote,7.12,9,4.11,95.9,9,10.3,4.1,4.7,6.33,5.34,24.6,6.6,0.6396,0
EMP02198,35,Female,Sales,Associate,7.47,57051,49.5,8.5,On-site,6.84,4,2.96,53.7,3,6.2,4.02,6.28,4.88,6.51,91.0,1.9,0.5719,0
EMP02199,29,Female,Marketing,Manager,0.35,64596,37.3,10.5,Hybrid,6.53,6,2.94,60.5,5,9.7,5.08,3.93,9.23,5.81,21.5,8.1,0.3153,0
EMP02200,38,Male,Sales,Senior,0.82,40000,50.9,34.0,On-site,9.3,11,3.16,81.9,2,14.1,5.26,5.75,7.32,7.15,37.6,2.1,0.633,0
EMP02201,49,Male,Sales,Associate,0.8,92886,49.2,21.3,Hybrid,6.94,12,3.87,70.5,4,16.6,6.42,7.06,5.22,5.58,36.6,2.6,0.6677,0
EMP02202,33,Female,Operations,Manager,16.68,71927,40.6,4.2,Hybrid,4.95,4,3.97,53.5,2,11.5,7.79,4.33,4.44,5.72,3.6,4.5,0.4817,0
EMP02203,40,Male,Operations,Analyst,0.1,68191,51.3,18.9,Full Remote,7.37,6,4.62,67.4,4,2.1,6.92,5.35,7.96,5.1,33.8,3.3,0.4257,0
EMP02204,24,Female,Sales,Manager,3.06,68283,43.7,8.4,Full Remote,8.83,15,4.49,73.6,2,12.6,8.32,6.18,5.24,5.11,2.9,7.0,0.5135,0
EMP02205,27,Female,Marketing,Manager,6.11,75351,43.2,14.7,Hybrid,7.96,2,4.48,72.7,4,13.5,6.0,5.07,7.79,6.18,13.2,3.4,0.2421,0
EMP02206,38,Female,Operations,Manager,3.35,91335,43.0,10.7,On-site,6.3,7,4.2,79.0,6,12.2,2.71,2.23,2.81,8.06,0.1,0.7,0.4228,0
EMP02207,46,Female,Engineering,Senior Dev,1.35,73698,35.0,0.4,Full Remote,6.54,10,4.14,70.5,3,14.4,7.34,2.84,7.69,4.62,43.4,6.2,0.1577,0
EMP02208,37,Female,Operations,Senior Analyst,9.53,40959,40.8,11.4,Hybrid,4.8,7,3.18,89.2,2,11.7,7.95,4.38,8.23,4.78,1.0,6.8,0.2322,0
EMP02209,32,Male,Engineering,Senior Dev,6.72,89387,50.7,3.7,Full Remote,9.22,2,3.06,83.6,6,10.5,6.38,4.31,5.35,5.36,24.3,24.8,0.2315,0
EMP02210,34,Female,Finance,Senior Analyst,1.71,87464,44.8,9.1,Hybrid,3.18,7,2.27,43.9,5,15.1,5.59,3.03,6.75,4.67,41.1,4.8,0.4903,0
EMP02211,24,Female,HR,Senior Analyst,2.56,80138,35.0,5.9,Hybrid,7.17,8,4.62,53.2,6,13.4,4.68,7.07,5.27,2.62,19.3,4.7,0.492,0
EMP02212,39,Male,Marketing,Senior,10.28,101881,52.7,4.3,Hybrid,7.06,7,3.54,45.9,4,13.3,7.02,3.38,7.42,8.39,6.0,11.8,0.2655,0
EMP02213,42,Male,Operations,Manager,12.15,75759,42.6,5.2,Full Remote,7.35,9,3.77,65.6,6,17.2,4.28,6.45,3.61,7.53,33.4,7.1,0.6147,0
EMP02214,31,Male,Engineering,Junior Dev,1.79,102784,35.2,14.7,Full Remote,8.4,6,1.25,83.9,7,15.1,8.94,2.99,8.53,3.44,2.3,4.4,0.1572,0
EMP02215,31,Female,Sales,Manager,5.64,110180,62.6,3.8,Hybrid,8.07,5,2.97,86.5,3,18.3,5.64,5.93,3.79,5.81,28.6,6.3,0.6207,0
EMP02216,37,Male,Marketing,Manager,1.08,89557,36.6,1.8,On-site,5.8,3,4.28,73.4,9,12.7,8.94,8.41,7.52,7.01,0.3,1.9,0.3987,0
EMP02217,31,Female,Operations,Senior Analyst,1.39,56301,52.0,17.7,Hybrid,7.25,4,3.76,72.2,2,22.1,6.71,3.23,6.55,3.87,22.5,27.1,0.2619,0
EMP02218,34,Male,Engineering,Senior Dev,0.54,71730,38.8,9.1,Hybrid,3.56,2,2.97,53.3,2,15.7,6.92,3.61,4.02,3.84,51.4,6.2,0.587,0
EMP02219,51,Male,Operations,Analyst,0.7,105971,46.1,8.8,Hybrid,9.19,10,3.41,74.8,4,9.7,8.29,3.08,5.85,3.58,2.6,2.4,0.34,0
EMP02220,33,Female,Sales,Director,3.21,40000,37.8,23.5,Full Remote,7.91,8,5.0,67.8,3,3.4,6.62,3.48,7.27,4.22,1.8,3.0,0.3396,0
EMP02221,32,Male,Engineering,Junior Dev,2.14,65201,35.1,4.5,On-site,4.71,9,3.31,39.0,5,12.6,4.07,5.2,7.35,7.46,30.4,9.1,0.4153,0
EMP02222,29,Female,Operations,Senior Analyst,0.79,66425,49.2,13.4,Full Remote,7.32,10,3.6,69.4,2,19.1,3.41,8.44,8.7,6.75,3.4,2.6,0.6573,0
EMP02223,40,Female,Engineering,Senior Dev,1.55,53369,48.2,7.2,Hybrid,7.81,8,3.49,73.1,2,14.0,7.86,2.19,5.63,7.18,6.0,3.1,0.4264,0
EMP02224,33,Female,Marketing,Director,1.4,96821,54.2,22.6,Hybrid,8.11,7,3.67,45.5,4,16.0,7.4,3.95,7.11,3.58,16.9,8.7,0.452,0
EMP02225,29,Male,Engineering,Tech Lead,13.11,84420,44.7,2.6,Hybrid,9.44,5,4.46,53.2,7,3.6,7.9,4.01,4.24,6.49,24.6,6.0,0.223,0
EMP02226,45,Female,Sales,Senior,5.76,57223,62.8,17.8,Full Remote,5.51,12,5.0,73.7,4,15.6,4.47,6.81,8.75,5.4,81.6,6.2,0.5567,0
EMP02227,46,Female,HR,Analyst,1.47,90137,47.1,10.4,On-site,7.03,5,4.68,85.6,4,20.4,6.69,3.79,6.54,6.44,8.7,6.9,0.4511,0
EMP02228,30,Female,Marketing,Senior,7.36,71039,49.5,4.5,Full Remote,9.66,16,3.69,48.8,4,12.6,6.84,5.6,8.91,4.33,36.1,10.5,0.2958,0
EMP02229,22,Female,Sales,Associate,1.26,52745,35.0,4.5,Hybrid,6.86,6,4.45,64.6,5,14.8,6.24,7.33,7.8,5.89,7.5,8.9,0.6069,0
EMP02230,43,Female,Sales,Manager,3.31,57177,40.1,18.5,On-site,6.58,10,2.3,57.1,2,20.4,9.25,8.33,5.66,7.91,39.3,2.2,0.4397,0
EMP02231,29,Female,Engineering,Tech Lead,10.2,85901,49.2,7.5,Hybrid,9.1,8,3.49,78.0,5,15.7,9.36,6.79,4.57,7.42,8.1,7.5,0.4905,0
EMP02232,41,Female,Marketing,Manager,1.48,98475,44.3,7.3,Full Remote,6.64,13,2.94,55.6,4,9.8,4.44,7.97,6.85,6.21,43.5,6.1,0.494,0
EMP02233,22,Male,Customer Support,Senior Analyst,3.42,62830,46.5,6.8,On-site,7.54,14,3.04,86.2,5,6.7,5.0,5.24,7.03,4.02,3.7,7.0,0.5981,0
EMP02234,42,Male,Operations,Senior Analyst,1.05,88611,38.5,14.5,Full Remote,8.02,8,4.27,66.6,9,5.8,5.7,3.03,3.14,7.98,15.1,5.8,0.4438,0
EMP02235,25,Male,Engineering,Junior Dev,0.93,114543,46.0,17.8,On-site,8.74,3,4.59,85.0,10,16.8,8.15,5.15,6.91,8.28,12.7,4.6,0.2728,0
EMP02236,40,Male,Engineering,Senior Dev,2.56,43528,45.9,19.1,Full Remote,9.25,8,2.44,50.4,5,23.6,7.07,6.42,4.76,7.38,60.6,0.2,0.4918,0
EMP02237,35,Male,Customer Support,Analyst,11.63,83891,35.6,4.0,Hybrid,6.73,9,3.36,46.4,6,18.3,6.59,6.44,5.18,7.68,50.9,8.4,0.4488,0
EMP02238,27,Male,Marketing,Manager,1.81,95766,50.1,7.8,Full Remote,7.55,12,2.98,51.5,6,10.6,7.69,4.85,9.13,6.11,11.2,2.6,0.3313,0
EMP02239,31,Female,Marketing,Associate,8.32,72621,35.0,2.6,Full Remote,6.54,6,4.03,70.4,5,22.4,7.45,3.61,6.54,5.67,1.7,3.0,0.4986,0
EMP02240,40,Male,Operations,Senior Analyst,7.37,105957,46.5,10.9,Full Remote,5.9,3,4.39,80.9,5,6.9,5.93,5.86,6.27,5.04,9.8,4.4,0.7489,1
EMP02241,35,Female,Sales,Senior,0.88,129970,59.1,5.6,Full Remote,7.29,6,5.0,77.4,3,14.6,8.85,2.08,5.93,5.36,7.4,16.5,0.3648,0
EMP02242,39,Male,Marketing,Senior,1.54,83583,50.4,7.8,On-site,7.45,5,4.46,68.5,2,8.9,6.38,5.34,3.1,5.59,17.7,4.8,0.5767,0
EMP02243,50,Male,Customer Support,Analyst,3.09,69160,50.4,15.8,On-site,7.26,4,4.42,62.2,4,0.5,6.97,4.01,5.29,6.27,54.4,5.0,0.4042,0
EMP02244,22,Male,Finance,Analyst,2.19,99424,37.8,18.8,Full Remote,8.98,5,2.7,85.9,3,18.2,6.48,4.76,8.79,4.72,5.7,13.2,0.1994,0
EMP02245,47,Male,Engineering,Senior Dev,0.3,96051,59.2,5.5,Full Remote,6.28,9,2.96,53.9,6,16.1,6.0,2.88,6.5,6.49,3.0,9.1,0.4369,0
EMP02246,35,Female,Engineering,Tech Lead,15.2,40000,56.0,13.7,Hybrid,8.18,3,3.54,32.7,1,6.0,8.72,6.5,5.99,7.62,5.0,2.6,0.4751,0
EMP02247,27,Female,Engineering,Junior Dev,4.19,74931,38.3,4.7,Hybrid,7.95,11,5.0,59.1,3,15.2,7.13,5.77,6.83,4.2,85.3,1.3,0.4215,0
EMP02248,24,Male,Operations,Manager,1.73,65135,41.2,22.9,On-site,9.1,8,3.56,76.5,5,11.1,6.77,3.13,4.3,7.3,40.7,6.1,0.5078,0
EMP02249,33,Male,Sales,Manager,2.89,84917,55.0,11.4,Hybrid,8.32,8,4.65,76.9,4,11.6,5.81,7.16,4.0,6.38,88.3,5.9,0.5429,0
EMP02250,42,Male,Engineering,Junior Dev,0.27,70158,59.4,19.4,Hybrid,9.15,7,3.16,67.2,6,10.9,7.86,2.38,7.95,6.31,4.9,7.9,0.3572,0
EMP02251,33,Female,Customer Support,Senior Analyst,2.05,72870,35.0,1.7,Hybrid,9.05,10,3.48,85.9,5,20.8,6.91,5.59,4.62,2.73,24.2,2.6,0.5417,0
EMP02252,47,Female,Engineering,Senior Dev,8.01,53419,37.0,2.3,Hybrid,6.9,5,3.48,76.1,3,15.1,5.62,3.75,5.47,7.92,11.7,4.7,0.36,0
EMP02253,23,Female,Engineering,Tech Lead,6.81,93363,43.8,9.1,Full Remote,8.06,10,3.11,77.2,7,13.5,3.74,5.81,4.85,2.88,7.4,1.9,0.5158,0
EMP02254,34,Female,Engineering,Junior Dev,1.23,116376,35.0,3.1,Hybrid,8.09,7,4.05,71.5,3,9.6,8.25,4.29,5.81,6.04,17.0,6.3,0.2713,0
EMP02255,24,Female,Engineering,Junior Dev,2.27,53808,45.2,3.7,Full Remote,8.11,5,2.46,65.5,6,13.5,8.03,5.49,7.32,4.37,71.4,4.4,0.3391,0
EMP02256,37,Male,Sales,Associate,3.59,40073,54.5,3.1,Hybrid,7.59,3,2.04,76.0,3,13.6,7.59,4.84,6.4,4.95,72.8,1.6,0.3881,0
EMP02257,42,Male,Customer Support,Analyst,1.25,75500,35.0,11.9,Hybrid,5.04,9,3.29,50.3,3,14.4,4.64,3.65,6.66,4.6,39.9,4.2,0.3538,0
EMP02258,31,Female,Operations,Senior Analyst,0.2,74283,46.0,4.1,On-site,9.63,11,3.94,70.8,5,24.8,6.31,2.72,8.19,5.87,9.8,6.8,0.2327,0
EMP02259,22,Female,Marketing,Manager,2.11,104273,40.3,14.5,Full Remote,8.27,9,2.89,56.5,2,13.6,7.12,3.63,6.78,7.21,13.0,2.3,0.3118,0
EMP02260,36,Female,Sales,Director,2.76,44270,58.1,12.5,Hybrid,6.25,9,5.0,83.5,4,9.4,7.08,3.22,4.32,7.11,9.6,4.8,0.57,0
EMP02261,38,Female,Marketing,Associate,0.1,61551,40.4,4.1,Full Remote,6.15,8,3.5,79.7,3,13.0,9.1,2.63,7.68,4.77,4.9,6.2,0.2485,0
EMP02262,38,Male,Engineering,Junior Dev,0.3,40000,57.2,5.0,Hybrid,4.72,10,3.56,48.7,8,10.7,4.26,6.43,4.63,5.84,46.3,3.8,0.706,1
EMP02263,44,Female,Engineering,Senior Dev,0.7,109374,40.2,1.6,On-site,6.32,11,2.7,76.2,2,12.5,4.67,6.2,7.41,6.65,20.3,4.0,0.3695,0
EMP02264,26,Female,Customer Support,Analyst,1.28,81263,51.2,5.9,On-site,8.64,6,4.0,93.7,4,5.2,7.37,5.33,5.75,7.16,11.6,3.6,0.3658,0
EMP02265,40,Male,Engineering,Senior Dev,2.34,63414,47.0,15.1,On-site,7.62,10,4.32,54.3,6,9.4,6.26,4.27,8.29,6.41,79.9,6.1,0.3757,0
EMP02266,44,Female,Engineering,Senior Dev,1.04,41943,43.9,9.1,On-site,7.58,9,3.66,74.1,1,5.6,7.95,6.32,3.93,4.84,2.0,6.3,0.5457,0
EMP02267,22,Female,Marketing,Associate,0.97,44238,38.7,14.2,On-site,8.04,8,3.75,80.8,4,8.4,7.76,6.74,5.85,6.31,32.3,5.0,0.286,0
EMP02268,37,Male,Marketing,Senior,6.11,85356,47.6,10.6,Full Remote,4.03,3,3.69,69.5,1,10.3,6.8,5.28,6.96,6.52,4.0,9.1,0.3633,0
EMP02269,30,Male,Engineering,Senior Dev,0.47,47314,41.5,14.3,Full Remote,3.91,10,2.78,43.5,5,2.8,6.61,3.91,6.56,4.54,0.2,2.1,0.6682,0
EMP02270,34,Male,Engineering,Senior Dev,2.05,77600,39.5,5.3,Hybrid,4.22,9,4.65,88.6,3,15.6,6.49,2.38,4.84,4.52,20.3,3.1,0.5262,0
EMP02271,37,Female,Sales,Manager,9.16,126073,56.8,6.8,On-site,8.08,7,3.25,78.3,1,4.6,7.98,5.74,5.76,5.05,0.6,9.1,0.3858,0
EMP02272,31,Male,Finance,Analyst,2.94,66310,49.4,6.1,Hybrid,5.51,9,4.88,85.5,8,8.8,4.48,6.47,5.35,3.21,60.5,2.8,0.7343,1
EMP02273,29,Female,Engineering,Manager,3.79,50963,50.1,6.2,Full Remote,9.35,9,2.53,80.4,2,8.6,4.84,6.53,7.72,7.65,34.1,2.6,0.36,0
EMP02274,35,Female,Sales,Senior,1.69,84550,41.9,6.3,On-site,6.5,6,4.23,77.0,2,5.9,4.63,6.76,7.07,4.4,0.0,1.8,0.7024,1
EMP02275,26,Male,Marketing,Director,0.1,44355,43.5,22.5,Hybrid,6.51,4,3.65,83.9,7,17.8,5.47,3.87,5.15,7.36,7.8,2.8,0.3476,0
EMP02276,26,Female,Operations,Analyst,3.12,117999,43.0,29.2,Hybrid,4.89,3,3.57,74.2,4,15.7,7.0,3.38,4.7,5.57,1.5,1.7,0.3727,0
EMP02277,40,Other,Sales,Senior,3.0,110090,47.7,14.8,On-site,8.04,10,3.03,94.9,1,14.6,7.5,5.83,3.68,7.39,45.5,2.5,0.4685,0
EMP02278,25,Male,Engineering,Senior Dev,0.35,70895,50.1,14.7,On-site,9.16,11,4.04,82.6,4,13.4,8.22,7.12,8.43,7.11,13.8,9.2,0.5579,0
EMP02279,40,Male,Marketing,Manager,1.86,52567,44.8,11.9,On-site,7.96,6,3.93,60.5,3,13.3,6.83,4.17,5.26,5.32,84.1,4.2,0.4986,0
EMP02280,38,Female,Finance,Senior Analyst,7.41,64355,38.7,8.9,On-site,6.78,8,4.93,55.3,6,12.1,6.41,3.07,5.12,7.65,23.7,6.7,0.4402,0
EMP02281,22,Female,Engineering,Senior Dev,0.69,67608,51.1,14.9,Hybrid,8.4,7,4.04,42.5,4,18.7,5.48,2.02,6.44,7.76,52.4,5.1,0.4445,0
EMP02282,29,Male,Sales,Director,1.85,84589,45.3,10.9,Hybrid,7.93,5,3.17,72.3,6,13.4,5.96,7.4,5.34,7.89,107.0,3.0,0.4732,0
EMP02283,44,Male,Engineering,Senior Dev,1.85,100990,35.0,15.8,Hybrid,7.34,4,3.16,61.3,2,15.6,6.06,4.65,5.28,5.54,15.2,7.3,0.4027,0
EMP02284,27,Male,Engineering,Junior Dev,4.99,49087,35.0,16.0,On-site,9.33,6,3.76,80.6,5,3.9,7.02,6.55,7.2,6.03,27.5,20.8,0.5679,0
EMP02285,31,Other,Marketing,Senior,5.22,100272,47.4,8.4,Hybrid,8.23,4,4.69,82.4,1,5.5,6.95,6.75,5.19,3.75,29.3,9.5,0.5731,0
EMP02286,38,Male,Sales,Senior,4.27,90442,38.4,18.4,Full Remote,5.34,6,3.81,83.0,2,14.9,7.95,5.09,5.21,6.39,5.0,7.5,0.5082,0
EMP02287,41,Female,Operations,Analyst,1.36,62305,48.4,8.0,Full Remote,8.56,6,4.32,71.0,4,14.2,8.65,5.13,7.31,3.58,1.6,4.2,0.3756,0
EMP02288,32,Female,HR,Senior Analyst,0.22,47832,38.8,13.5,Hybrid,8.28,9,3.74,77.0,2,14.9,5.85,6.33,3.96,7.97,2.4,13.1,0.3553,0
EMP02289,30,Male,Marketing,Director,1.29,77905,46.1,5.3,Full Remote,7.71,12,2.0,61.5,2,9.6,7.63,4.51,8.59,3.14,14.4,7.3,0.3258,0
EMP02290,46,Female,Sales,Manager,3.42,48510,42.0,6.5,On-site,7.49,6,3.86,31.2,4,18.3,5.87,2.8,6.0,5.17,14.3,8.7,0.3669,0
EMP02291,48,Male,Marketing,Associate,3.64,100592,59.0,7.3,Full Remote,8.26,9,3.35,58.5,5,17.5,9.25,7.84,7.45,7.63,21.3,4.7,0.4876,0
EMP02292,42,Female,Engineering,Junior Dev,10.06,46902,52.6,13.2,Full Remote,7.91,11,4.48,29.1,1,10.9,6.9,6.09,4.44,5.26,36.2,9.2,0.6869,0
EMP02293,35,Male,Operations,Manager,1.81,88692,55.8,17.7,Full Remote,5.91,8,4.82,77.2,2,6.7,6.7,2.12,6.48,4.37,5.1,4.3,0.4125,0
EMP02294,28,Female,Customer Support,Senior Analyst,3.0,72984,45.2,6.4,Hybrid,5.37,6,4.94,58.5,4,11.7,7.42,5.7,6.75,7.13,12.9,7.0,0.5608,0
EMP02295,28,Female,Engineering,Manager,2.32,60984,51.6,13.9,Full Remote,7.67,8,3.36,61.7,2,17.8,4.36,3.0,5.73,4.69,9.2,1.2,0.4662,0
EMP02296,39,Male,Engineering,Senior Dev,0.49,72429,45.7,4.5,Hybrid,5.53,8,3.12,70.2,6,11.5,8.64,2.86,3.75,7.79,38.6,10.0,0.5455,0
EMP02297,38,Male,Engineering,Tech Lead,1.86,101999,56.8,10.3,On-site,7.55,8,3.24,54.0,3,16.7,8.37,4.96,4.75,3.0,34.2,6.7,0.6937,0
EMP02298,46,Male,Finance,Senior Analyst,2.36,45193,44.4,17.4,On-site,6.57,8,3.41,77.9,3,13.7,6.43,4.9,5.57,2.96,24.8,1.1,0.484,0
EMP02299,40,Male,Finance,Analyst,9.03,64696,35.0,10.7,On-site,8.25,11,3.63,90.8,2,18.3,5.62,4.36,7.43,4.22,4.8,9.7,0.2885,0
EMP02300,22,Female,Operations,Senior Analyst,1.37,56206,35.0,2.8,Hybrid,6.13,10,2.76,85.6,5,3.4,6.65,6.12,6.11,7.16,107.1,7.2,0.3415,0
EMP02301,43,Female,Operations,Senior Analyst,11.75,74034,58.3,8.8,On-site,7.4,8,3.52,53.6,3,12.6,5.96,4.15,8.04,7.21,2.1,0.6,0.3524,0
EMP02302,27,Male,Sales,Senior,2.34,57882,48.8,11.7,On-site,7.92,6,1.87,70.0,7,19.7,8.1,2.97,4.34,3.48,49.5,4.9,0.5362,0
EMP02303,31,Female,HR,Manager,0.83,40000,49.4,21.0,On-site,6.94,9,5.0,72.0,6,4.8,8.34,5.42,5.56,6.72,13.8,1.8,0.6155,0
EMP02304,37,Female,Finance,Manager,0.64,48621,56.9,4.1,Full Remote,7.79,8,3.32,60.2,5,20.4,5.23,5.86,6.27,5.28,16.0,7.1,0.4757,0
EMP02305,50,Female,Marketing,Manager,0.46,115943,35.0,39.1,Full Remote,8.87,6,3.16,73.8,4,12.4,6.92,6.0,3.67,5.38,17.9,4.9,0.6307,0
EMP02306,59,Male,Marketing,Manager,1.81,81168,42.1,2.7,Full Remote,3.52,11,3.94,95.4,4,8.2,7.85,6.33,3.31,3.57,32.3,8.2,0.5541,0
EMP02307,39,Male,HR,Senior Analyst,0.1,80309,43.1,14.5,On-site,5.61,7,4.17,88.7,7,8.3,4.74,7.18,4.69,7.56,13.7,2.0,0.7751,1
EMP02308,33,Male,Marketing,Senior,1.77,67934,50.9,0.6,Hybrid,8.93,7,1.88,78.9,5,9.9,5.05,6.96,6.91,6.74,2.5,8.2,0.4403,0
EMP02309,39,Female,HR,Manager,13.37,73709,39.5,12.4,Hybrid,8.72,7,2.95,47.7,2,11.9,7.1,4.21,6.43,4.69,10.1,9.8,0.2774,0
EMP02310,42,Male,HR,Senior Analyst,3.33,64254,35.4,22.2,Hybrid,6.32,7,4.64,80.8,4,16.5,3.95,4.44,5.4,5.11,11.4,4.0,0.5152,0
EMP02311,32,Male,Finance,Analyst,4.28,88173,35.3,10.1,On-site,7.31,7,4.2,55.7,3,14.7,6.15,7.07,7.38,5.33,86.8,10.1,0.2501,0
EMP02312,49,Male,HR,Senior Analyst,0.38,77520,54.2,7.5,On-site,8.93,11,2.56,85.0,2,6.5,6.4,5.26,9.16,6.73,42.8,7.5,0.3414,0
EMP02313,36,Female,Marketing,Associate,1.92,45718,39.1,3.6,Hybrid,5.29,13,4.45,72.3,4,10.5,7.07,8.5,4.83,5.57,13.9,2.9,0.7282,1
EMP02314,38,Male,Finance,Senior Analyst,1.01,81343,40.6,12.5,On-site,8.94,5,4.11,77.9,5,10.9,5.87,4.91,6.38,4.33,38.8,6.9,0.4595,0
EMP02315,40,Male,Sales,Associate,6.74,40000,50.1,9.7,Full Remote,9.6,8,2.85,88.0,3,15.5,6.11,3.35,6.45,4.68,7.6,3.9,0.2468,0
EMP02316,38,Male,Engineering,Junior Dev,0.6,85346,39.4,9.5,Hybrid,4.42,7,3.5,52.8,1,13.0,7.05,8.08,4.22,4.54,36.7,4.2,0.668,0
EMP02317,41,Male,Engineering,Manager,1.84,40000,35.0,10.4,On-site,6.32,9,2.14,59.1,7,17.3,8.33,6.79,6.77,8.71,15.2,1.9,0.2635,0
EMP02318,30,Female,Marketing,Manager,2.66,72598,35.0,6.8,On-site,6.13,7,4.15,76.9,4,17.4,6.96,7.01,4.77,6.91,36.9,2.9,0.4237,0
EMP02319,30,Male,HR,Senior Analyst,2.16,45134,44.5,5.5,Hybrid,7.22,8,4.73,95.5,6,15.7,6.57,5.37,4.62,3.39,5.6,3.8,0.5392,0
EMP02320,26,Male,Customer Support,Senior Analyst,5.32,75070,49.0,17.7,Full Remote,7.03,6,3.23,87.3,5,0.0,8.25,5.44,5.0,3.91,18.9,5.3,0.538,0
EMP02321,38,Female,Sales,Manager,0.79,89456,43.4,11.5,Full Remote,8.36,8,3.5,82.5,4,7.5,6.23,1.49,4.96,5.01,12.7,5.0,0.2799,0
EMP02322,41,Male,Sales,Manager,1.42,112570,48.4,7.4,Full Remote,7.57,7,3.84,70.6,0,7.5,2.99,4.08,8.22,6.0,24.0,6.3,0.4543,0
EMP02323,38,Male,Engineering,Senior Dev,4.71,40000,35.0,22.2,Hybrid,7.35,12,3.32,29.4,5,15.0,9.33,5.29,5.05,5.54,8.6,7.9,0.4539,0
EMP02324,48,Female,Engineering,Manager,2.25,99386,35.0,10.4,Hybrid,8.66,12,1.85,78.4,4,15.6,7.15,6.05,6.45,4.2,15.9,9.7,0.2827,0
EMP02325,34,Male,Operations,Analyst,1.54,78278,63.0,5.3,On-site,8.21,8,4.36,59.7,2,18.5,8.11,6.25,5.81,3.27,34.7,2.8,0.3961,0
EMP02326,40,Male,Engineering,Manager,0.1,63733,54.9,10.5,Hybrid,4.31,9,4.46,58.5,8,17.5,5.42,4.85,7.96,6.81,16.0,4.7,0.4074,0
EMP02327,26,Male,HR,Analyst,4.2,93996,51.2,6.2,Full Remote,9.05,8,4.05,54.1,4,13.0,6.29,5.02,6.97,4.25,10.4,8.3,0.5562,0
EMP02328,31,Female,Finance,Senior Analyst,10.75,69101,39.7,14.8,Full Remote,6.04,5,4.62,79.5,4,9.6,6.71,6.66,4.8,3.28,1.6,1.8,0.4731,0
EMP02329,40,Female,Marketing,Associate,2.91,92938,43.1,3.4,On-site,7.67,4,3.39,79.2,2,17.1,7.04,6.41,7.84,4.57,23.9,2.9,0.5031,0
EMP02330,41,Female,Operations,Senior Analyst,5.83,50193,45.0,10.6,Hybrid,5.31,7,3.85,54.9,8,5.9,6.62,7.98,7.67,5.3,18.1,2.1,0.4849,0
EMP02331,32,Female,Sales,Senior,2.18,59175,55.5,6.1,Hybrid,6.12,10,2.94,49.0,4,7.3,8.36,6.56,8.63,4.13,41.4,1.2,0.3233,0
EMP02332,34,Male,Sales,Director,0.79,98590,48.2,9.7,Hybrid,6.34,9,2.8,63.1,1,3.3,3.77,5.73,5.27,4.86,11.7,1.2,0.5044,0
EMP02333,22,Male,Operations,Manager,0.1,112135,49.2,5.8,Full Remote,9.65,11,2.46,72.3,8,14.4,5.61,6.52,4.42,6.75,14.2,8.5,0.5259,0
EMP02334,32,Female,Operations,Manager,3.18,74124,43.7,0.7,Full Remote,7.5,10,3.78,84.2,6,4.0,6.97,5.04,7.37,4.98,34.7,2.9,0.5799,0
EMP02335,42,Female,Engineering,Senior Dev,2.04,40000,51.3,18.8,Hybrid,7.69,12,3.57,89.6,4,6.3,6.17,3.43,7.12,5.07,4.0,4.8,0.4731,0
EMP02336,39,Male,Engineering,Manager,4.57,70023,47.4,13.2,Hybrid,6.74,7,4.38,44.2,0,13.2,7.68,7.7,6.91,6.59,54.3,6.2,0.5307,0
EMP02337,39,Female,Engineering,Senior Dev,3.56,75810,45.4,11.2,Hybrid,7.65,10,2.11,76.7,2,11.1,8.63,3.73,6.4,7.06,12.9,9.7,0.4229,0
EMP02338,35,Male,Sales,Manager,13.26,69180,39.1,3.6,Hybrid,7.16,9,3.71,64.8,5,9.3,4.96,4.03,5.64,7.74,18.1,6.3,0.3868,0
EMP02339,35,Male,Customer Support,Analyst,2.14,83408,44.1,8.9,On-site,5.27,4,4.88,74.7,2,0.0,6.22,2.36,9.27,4.64,80.1,5.6,0.3173,0
EMP02340,29,Male,Marketing,Senior,1.67,63077,36.4,6.7,On-site,7.87,7,3.59,68.9,5,18.5,3.21,8.29,2.77,5.31,1.6,8.6,0.7074,1
EMP02341,40,Male,Sales,Director,1.01,95971,44.7,2.8,Hybrid,6.86,5,4.22,48.7,6,17.4,8.03,5.85,6.48,7.87,66.6,2.3,0.4657,0
EMP02342,38,Female,Operations,Manager,1.94,45832,45.7,35.0,Hybrid,8.73,5,5.0,65.6,4,12.3,6.8,6.53,6.94,7.17,32.4,2.3,0.5041,0
EMP02343,38,Female,Marketing,Senior,6.19,105921,35.0,14.8,Hybrid,6.9,7,4.59,64.6,3,15.7,3.61,4.56,7.22,7.38,0.6,5.4,0.3635,0
EMP02344,30,Male,Sales,Manager,0.13,113751,43.2,5.7,Full Remote,8.73,10,2.36,60.1,4,20.9,5.67,6.01,7.57,6.52,60.8,0.6,0.3414,0
EMP02345,22,Male,Customer Support,Analyst,11.44,52173,35.6,5.6,On-site,7.0,6,3.25,61.8,6,10.0,5.57,6.08,6.39,7.19,23.5,6.0,0.4397,0
EMP02346,43,Female,Operations,Senior Analyst,15.02,52160,49.0,8.7,Hybrid,5.6,8,3.79,72.3,4,3.0,5.96,7.57,5.92,4.53,53.4,12.9,0.4817,0
EMP02347,31,Male,Operations,Senior Analyst,2.73,85267,50.1,5.4,On-site,6.71,9,3.45,71.3,2,16.4,6.4,5.68,7.98,5.93,38.8,4.2,0.4317,0
EMP02348,28,Female,Marketing,Associate,1.21,45319,41.6,5.3,On-site,9.58,8,4.55,67.2,6,4.6,7.76,1.64,2.83,2.57,14.9,5.0,0.5094,0
EMP02349,40,Male,Operations,Analyst,0.76,62684,49.4,7.1,Hybrid,8.78,9,3.48,83.9,4,12.5,6.04,5.65,7.53,4.15,52.7,3.9,0.4064,0
EMP02350,31,Female,Engineering,Junior Dev,0.97,102563,49.7,7.2,Full Remote,9.73,10,3.44,65.0,5,11.8,5.35,4.3,7.17,4.26,29.7,7.3,0.3343,0
EMP02351,43,Male,HR,Senior Analyst,0.15,93440,43.2,13.1,Hybrid,8.62,7,4.37,80.0,3,22.6,4.84,5.02,6.3,5.34,26.4,6.9,0.441,0
EMP02352,39,Male,Customer Support,Analyst,1.93,124504,57.3,13.5,Hybrid,8.86,6,2.37,59.9,2,17.3,5.13,2.88,6.78,5.24,18.3,1.3,0.482,0
EMP02353,40,Male,Sales,Senior,0.18,79269,39.2,8.6,On-site,9.37,12,3.89,63.2,7,19.0,9.05,7.6,7.38,7.71,12.6,4.5,0.3572,0
EMP02354,24,Male,Operations,Analyst,3.8,59729,56.8,6.6,Full Remote,8.7,8,2.99,84.1,3,19.5,8.3,8.02,3.97,7.35,6.9,10.3,0.6587,0
EMP02355,44,Male,Marketing,Senior,1.4,76281,43.2,17.5,Hybrid,6.8,5,4.12,77.6,7,11.9,4.04,3.37,5.57,4.63,2.4,5.5,0.5577,0
EMP02356,37,Female,Engineering,Tech Lead,0.67,71235,38.3,6.2,On-site,6.78,14,3.21,85.1,3,8.9,7.58,4.27,5.91,4.34,6.0,0.9,0.4952,0
EMP02357,32,Male,Operations,Senior Analyst,2.36,71586,42.2,13.6,On-site,6.25,6,3.91,62.1,1,19.1,4.92,2.88,4.76,4.57,11.8,4.4,0.4603,0
EMP02358,36,Male,Engineering,Senior Dev,10.92,74404,36.2,9.3,Full Remote,8.49,9,3.06,89.3,3,19.5,6.88,6.21,6.51,4.9,26.9,26.3,0.4624,0
EMP02359,22,Female,HR,Senior Analyst,3.56,51705,51.3,43.0,On-site,8.6,12,1.92,78.3,4,14.2,4.81,2.99,7.37,3.65,44.8,1.1,0.75,1
EMP02360,38,Female,Engineering,Senior Dev,2.03,82055,35.0,16.4,Full Remote,8.98,10,3.79,61.0,6,11.8,8.69,6.67,4.31,8.18,10.7,5.4,0.4361,0
EMP02361,26,Other,Customer Support,Manager,4.5,40000,56.1,22.4,On-site,6.18,7,2.46,82.8,9,18.3,7.06,3.44,8.02,6.76,10.8,6.6,0.4158,0
EMP02362,24,Female,Sales,Associate,4.01,57079,37.5,0.8,Full Remote,9.81,3,4.7,72.8,5,9.3,7.25,5.65,6.04,7.15,14.0,5.1,0.2269,0
EMP02363,22,Male,Engineering,Junior Dev,6.67,72028,51.7,14.5,On-site,9.45,4,3.95,92.0,5,15.2,9.16,4.98,6.45,7.58,7.3,15.8,0.338,0
EMP02364,43,Female,Engineering,Tech Lead,0.69,40000,45.2,9.4,Hybrid,7.56,10,4.08,87.9,3,10.7,3.01,3.79,7.86,5.59,8.7,14.9,0.3998,0
EMP02365,29,Female,Customer Support,Analyst,5.87,94224,47.2,23.5,Hybrid,6.42,8,3.27,59.5,6,13.8,5.16,4.33,8.38,7.21,54.0,7.1,0.5509,0
EMP02366,47,Female,Finance,Manager,1.07,40000,40.3,8.4,Full Remote,8.6,6,3.48,56.9,5,15.1,4.46,7.48,6.07,7.74,37.6,5.0,0.5108,0
EMP02367,30,Male,Finance,Analyst,8.49,91739,47.8,8.1,Full Remote,8.05,7,1.61,67.1,4,0.0,7.07,5.9,7.97,5.32,4.0,13.0,0.4507,0
EMP02368,22,Male,Marketing,Manager,0.99,42679,46.1,3.7,Hybrid,8.31,6,3.81,78.1,2,17.3,7.49,5.39,6.33,4.79,19.1,4.2,0.3365,0
EMP02369,26,Male,Marketing,Associate,7.85,64877,35.0,6.4,On-site,5.55,9,2.59,79.5,4,6.9,8.67,6.08,7.43,2.96,64.5,4.1,0.3403,0
EMP02370,44,Female,Engineering,Senior Dev,9.96,87978,37.3,1.1,On-site,6.62,8,3.75,90.7,1,17.2,6.8,1.23,7.46,4.78,17.9,20.5,0.2522,0
EMP02371,33,Female,Marketing,Associate,0.47,129953,40.7,4.4,On-site,9.11,8,2.62,59.4,7,14.1,4.65,4.48,8.5,2.98,38.7,9.7,0.2864,0
EMP02372,30,Female,Engineering,Tech Lead,11.01,77911,39.0,13.1,On-site,8.13,4,3.99,69.5,2,11.9,8.39,7.0,6.23,6.58,39.9,5.1,0.4846,0
EMP02373,36,Male,Customer Support,Manager,0.27,40000,55.0,6.5,On-site,7.24,10,3.65,81.0,7,12.9,7.41,6.63,5.56,5.55,23.7,2.3,0.5583,0
EMP02374,39,Female,Operations,Senior Analyst,0.74,98842,45.1,10.2,On-site,5.71,6,2.45,92.6,2,10.8,5.15,7.73,2.27,7.37,14.4,10.3,0.5863,0
EMP02375,43,Female,Sales,Manager,1.76,69202,38.8,8.5,Full Remote,4.83,9,4.58,53.9,5,19.1,7.56,4.27,6.85,4.98,26.9,9.1,0.3598,0
EMP02376,46,Male,Engineering,Senior Dev,15.15,76747,41.1,9.0,On-site,9.11,8,3.34,74.0,1,9.6,6.99,5.39,5.5,6.02,27.3,8.5,0.5009,0
EMP02377,32,Female,Operations,Manager,2.01,88946,41.0,15.8,Full Remote,4.63,6,2.79,52.8,4,8.5,7.26,7.32,4.73,5.82,22.7,5.7,0.509,0
EMP02378,24,Male,Engineering,Tech Lead,2.4,40000,42.7,11.2,On-site,8.12,4,4.33,71.2,4,16.5,7.81,5.46,6.38,7.51,39.9,5.2,0.3574,0
EMP02379,31,Female,Engineering,Junior Dev,3.56,75163,36.4,3.5,Hybrid,6.86,8,3.06,70.5,2,1.4,6.22,2.08,6.35,4.61,6.3,5.7,0.3229,0
EMP02380,37,Female,Engineering,Tech Lead,10.35,64757,38.5,15.6,Full Remote,7.02,8,3.36,68.0,4,11.7,7.46,4.56,5.85,3.06,36.9,3.2,0.5777,0
EMP02381,27,Female,Marketing,Senior,4.59,105545,51.1,3.1,Full Remote,6.83,10,4.72,68.7,3,12.9,5.95,6.84,5.99,4.29,5.7,5.3,0.592,0
EMP02382,27,Female,Operations,Analyst,0.76,93177,46.5,3.0,Hybrid,6.01,8,3.82,86.3,7,9.0,8.88,5.12,6.48,6.06,1.8,8.5,0.4538,0
EMP02383,37,Female,Sales,Associate,1.08,40000,43.8,3.1,Full Remote,9.49,7,3.99,86.2,5,5.1,5.29,5.28,4.17,5.16,13.3,11.3,0.3153,0
EMP02384,34,Female,Engineering,Manager,0.31,106565,45.0,5.4,On-site,9.06,11,3.41,77.5,4,7.7,5.95,7.65,4.24,5.84,5.8,9.6,0.5223,0
EMP02385,35,Male,Marketing,Director,3.1,86238,44.6,10.6,Full Remote,7.38,8,2.97,44.2,4,14.9,4.74,5.22,9.31,5.97,0.0,3.9,0.3966,0
EMP02386,28,Female,Finance,Senior Analyst,0.6,40000,43.3,4.9,Full Remote,7.11,11,3.24,88.5,2,4.5,6.24,3.97,7.5,5.45,3.1,3.1,0.5421,0
EMP02387,33,Male,Engineering,Manager,0.89,76393,49.1,23.7,Full Remote,3.42,11,1.61,80.8,5,5.0,6.94,3.65,3.74,6.67,13.8,1.5,0.7419,1
EMP02388,27,Male,Engineering,Tech Lead,6.57,100870,48.5,5.1,Full Remote,8.58,5,4.04,73.6,3,7.2,4.6,6.43,5.01,7.89,53.5,11.8,0.4979,0
EMP02389,42,Female,Customer Support,Analyst,1.19,44648,35.0,7.9,Hybrid,5.16,8,3.97,44.2,2,13.7,6.94,4.74,8.08,4.11,1.2,5.8,0.3422,0
EMP02390,43,Female,Customer Support,Analyst,2.51,109439,43.9,6.8,Hybrid,8.47,6,2.31,91.3,1,6.2,7.17,2.54,6.48,5.43,11.6,2.4,0.232,0
EMP02391,22,Male,Customer Support,Analyst,1.52,40000,35.0,2.6,Full Remote,9.67,3,3.8,72.7,2,13.2,6.73,5.89,5.53,4.31,7.8,3.0,0.2822,0
EMP02392,27,Male,Operations,Analyst,0.23,55219,50.1,8.0,Full Remote,9.33,6,1.11,66.5,4,16.7,3.61,5.07,7.03,8.86,64.2,8.4,0.4394,0
EMP02393,23,Male,Engineering,Junior Dev,1.35,51428,51.1,9.1,Full Remote,7.82,8,5.0,50.0,2,13.8,5.72,2.41,4.27,2.92,45.6,11.7,0.3885,0
EMP02394,29,Male,Engineering,Senior Dev,1.57,109423,40.1,7.4,On-site,8.74,5,3.04,67.8,1,8.5,6.97,2.01,3.42,6.76,0.2,8.2,0.2243,0
EMP02395,34,Male,Sales,Manager,6.78,62724,44.1,8.8,Hybrid,9.8,8,3.09,46.9,4,20.9,5.63,6.06,7.86,7.69,10.7,0.9,0.3862,0
EMP02396,23,Female,Sales,Manager,1.18,45929,35.0,14.7,Full Remote,6.38,9,4.1,73.8,5,23.4,4.89,2.25,8.61,5.75,3.6,3.9,0.327,0
EMP02397,27,Male,Customer Support,Senior Analyst,1.43,86130,52.8,14.0,Full Remote,4.48,11,3.87,85.9,4,9.0,8.61,3.7,5.03,6.12,9.1,8.6,0.5147,0
EMP02398,26,Male,Operations,Manager,4.58,91529,50.7,30.8,Hybrid,7.51,7,2.28,80.1,2,1.1,5.66,3.68,2.84,4.88,69.5,1.2,0.5607,0
EMP02399,36,Male,Finance,Senior Analyst,4.27,91688,54.2,10.5,Full Remote,5.41,11,3.54,61.4,4,13.8,4.37,4.04,6.4,6.87,20.3,6.1,0.5491,0
EMP02400,35,Other,Engineering,Tech Lead,4.8,68216,56.9,37.3,Hybrid,8.69,3,3.84,75.5,4,16.8,6.57,6.57,6.42,3.3,3.5,2.0,0.7272,1
EMP02401,29,Male,Customer Support,Senior Analyst,9.22,81363,35.2,4.5,On-site,5.22,6,2.83,78.7,9,0.0,4.88,3.27,6.38,5.73,17.2,7.1,0.4479,0
EMP02402,36,Male,Operations,Analyst,4.76,58744,52.1,7.2,Full Remote,8.9,10,4.13,88.8,1,14.3,3.71,5.67,4.75,7.94,2.4,4.1,0.6388,0
EMP02403,30,Male,Engineering,Manager,1.57,116870,56.8,4.5,Full Remote,8.16,6,2.48,78.7,1,6.0,3.92,7.01,7.64,5.76,0.1,5.6,0.412,0
EMP02404,32,Female,Operations,Analyst,5.17,103605,35.0,7.7,Full Remote,6.2,10,3.98,81.4,5,16.9,8.96,4.29,7.36,6.62,31.7,7.3,0.4024,0
EMP02405,48,Female,Sales,Senior,2.13,102073,43.6,10.4,Hybrid,8.55,9,2.3,75.6,4,4.9,7.88,4.96,8.65,7.06,0.5,1.3,0.3456,0
EMP02406,45,Male,Engineering,Senior Dev,0.98,94852,42.1,6.6,Full Remote,8.8,5,3.16,25.3,2,14.2,5.92,5.08,2.92,4.56,22.3,2.2,0.4332,0
EMP02407,24,Male,Finance,Senior Analyst,1.08,87993,51.8,12.4,Hybrid,8.47,2,2.2,40.8,4,13.5,6.34,2.68,7.5,4.48,1.6,11.8,0.3974,0
EMP02408,41,Male,Finance,Manager,0.76,43890,35.0,6.9,On-site,6.74,5,4.14,76.8,3,11.2,6.18,7.27,6.32,7.7,51.3,3.7,0.4447,0
EMP02409,41,Female,Engineering,Junior Dev,0.47,90832,59.5,2.7,Full Remote,8.59,6,4.5,48.2,7,0.0,7.0,7.59,7.07,8.28,10.8,1.7,0.4582,0
EMP02410,25,Female,Sales,Manager,0.61,77856,44.1,16.3,Hybrid,9.79,10,4.86,70.6,6,8.8,6.45,8.03,4.98,4.88,7.6,1.2,0.5052,0
EMP02411,41,Male,Customer Support,Analyst,0.2,106584,52.3,2.8,On-site,9.26,6,3.17,77.4,6,7.8,5.77,4.2,4.4,6.5,40.0,4.7,0.5737,0
EMP02412,47,Male,Finance,Analyst,6.58,95185,44.5,4.1,Full Remote,6.13,11,2.88,80.0,4,4.5,6.94,4.63,4.46,4.14,6.0,1.1,0.4685,0
EMP02413,26,Male,Finance,Analyst,8.02,88759,48.9,12.6,Full Remote,8.16,7,4.31,79.9,3,9.4,7.37,3.43,8.39,7.34,36.6,4.0,0.2494,0
EMP02414,27,Male,Engineering,Tech Lead,2.65,40000,35.0,36.5,Hybrid,7.45,4,3.55,60.0,6,12.7,5.21,6.72,5.81,7.79,4.3,17.1,0.5312,0
EMP02415,43,Female,Engineering,Junior Dev,5.51,72774,41.9,2.8,Full Remote,5.82,6,2.99,33.6,4,15.9,7.94,4.51,7.71,3.94,42.2,6.0,0.4042,0
EMP02416,37,Male,Sales,Senior,0.61,61052,51.8,8.9,On-site,6.46,8,2.98,66.5,2,19.4,8.33,2.42,5.42,4.23,13.0,2.9,0.4988,0
EMP02417,39,Male,Engineering,Junior Dev,6.96,81309,47.3,11.0,Full Remote,8.21,10,3.52,78.8,2,17.1,7.48,2.82,2.92,6.06,21.1,11.1,0.371,0
EMP02418,37,Male,Engineering,Junior Dev,2.12,64611,35.0,4.4,Hybrid,6.68,6,4.48,62.5,2,17.8,6.2,4.24,8.71,6.85,18.1,3.2,0.2014,0
EMP02419,38,Female,Engineering,Tech Lead,0.21,68101,45.5,22.2,Hybrid,9.27,5,2.66,39.3,5,12.6,7.55,5.04,3.65,6.89,6.0,2.5,0.5369,0
EMP02420,24,Female,HR,Analyst,0.46,86475,38.5,5.0,Full Remote,5.1,7,4.55,84.4,4,17.0,8.67,4.69,6.18,6.33,7.5,2.1,0.3985,0
EMP02421,43,Male,Sales,Associate,1.11,64196,37.8,10.1,Full Remote,6.51,16,3.36,90.0,2,0.8,5.72,4.53,5.81,5.88,27.5,9.1,0.4408,0
EMP02422,44,Male,Operations,Analyst,0.13,78039,35.0,6.4,Full Remote,8.0,8,4.47,72.2,1,19.4,5.29,4.63,4.96,5.81,38.5,5.2,0.399,0
EMP02423,33,Male,Engineering,Senior Dev,1.11,40000,49.9,1.8,On-site,9.42,10,3.33,65.7,3,19.8,6.2,4.71,6.49,5.32,12.1,2.7,0.4111,0
EMP02424,34,Female,Marketing,Senior,0.19,54189,53.9,4.4,Hybrid,8.44,12,4.17,63.9,1,13.7,3.64,3.43,6.62,3.6,1.0,11.5,0.4796,0
EMP02425,22,Male,Engineering,Junior Dev,0.81,91401,62.0,10.9,Full Remote,7.26,6,2.84,73.3,2,8.6,5.66,2.6,8.07,5.4,62.1,3.6,0.3937,0
EMP02426,39,Female,Marketing,Associate,0.93,44245,35.0,10.7,Hybrid,6.17,9,3.84,62.2,6,17.4,8.24,2.43,4.06,8.18,2.0,2.5,0.2645,0
EMP02427,39,Female,Engineering,Senior Dev,15.54,106143,51.1,10.7,Hybrid,4.46,8,4.02,86.8,6,21.8,4.99,4.32,3.66,5.63,23.3,11.8,0.457,0
EMP02428,34,Female,Customer Support,Analyst,0.81,99359,51.7,18.9,On-site,7.3,6,2.01,82.8,2,26.2,6.08,4.94,4.6,4.36,42.9,4.9,0.5882,0
EMP02429,43,Male,Operations,Manager,0.82,68294,40.4,3.7,Hybrid,6.79,8,4.81,90.0,4,12.6,7.7,5.99,6.27,6.37,5.1,2.3,0.471,0
EMP02430,32,Female,Marketing,Manager,3.48,149968,37.7,24.6,On-site,6.56,3,2.34,80.0,4,11.4,7.12,5.22,6.36,6.77,27.1,2.1,0.4402,0
EMP02431,39,Female,Engineering,Senior Dev,5.88,106077,36.3,4.0,Hybrid,7.95,4,4.37,88.5,9,7.3,7.68,5.47,8.11,7.72,2.4,7.7,0.4292,0
EMP02432,26,Male,HR,Analyst,1.47,51268,40.8,13.1,On-site,4.79,10,3.1,81.2,6,15.1,6.92,4.4,3.45,5.85,21.8,1.6,0.6353,0
EMP02433,34,Male,Operations,Senior Analyst,6.25,93654,46.6,20.2,Full Remote,8.44,5,4.11,75.6,2,12.1,5.32,3.31,7.79,5.36,10.5,0.7,0.3732,0
EMP02434,33,Male,Engineering,Tech Lead,1.25,76646,55.9,5.5,Full Remote,3.64,6,3.84,40.9,2,15.3,6.4,4.17,8.94,4.43,8.4,2.0,0.7068,1
EMP02435,36,Male,Marketing,Senior,0.66,55582,53.8,6.6,On-site,9.16,5,3.22,89.2,9,9.9,6.98,3.32,5.38,7.48,24.5,1.0,0.3097,0
EMP02436,32,Male,Operations,Senior Analyst,1.2,48252,35.0,19.6,On-site,6.4,10,2.79,34.0,4,14.0,5.45,5.0,2.48,5.92,11.0,8.7,0.5413,0
EMP02437,33,Female,Operations,Senior Analyst,2.82,99872,38.7,17.8,Full Remote,5.3,6,3.3,66.9,5,15.9,9.12,3.15,4.48,5.37,2.1,2.3,0.5709,0
EMP02438,41,Male,Operations,Senior Analyst,1.37,60051,55.4,1.3,Hybrid,4.9,5,3.12,83.1,5,12.4,5.57,4.09,7.23,5.45,35.4,3.7,0.4491,0
EMP02439,31,Female,Operations,Analyst,3.35,72453,39.2,6.3,Hybrid,7.44,5,3.79,74.1,2,12.5,6.15,5.16,5.07,5.39,24.7,3.7,0.3765,0
EMP02440,22,Male,Customer Support,Senior Analyst,0.81,51974,44.5,6.4,Full Remote,8.2,6,3.57,77.7,6,18.9,7.37,5.95,6.12,8.27,2.4,4.8,0.2447,0
EMP02441,48,Other,Sales,Associate,3.62,56296,35.0,9.9,Full Remote,8.28,7,2.86,69.1,6,11.1,5.77,1.52,7.59,4.29,32.5,4.0,0.2423,0
EMP02442,46,Male,Marketing,Manager,1.28,71826,54.2,4.3,Full Remote,7.42,7,2.52,56.9,3,17.0,7.62,5.72,5.8,5.07,5.5,9.3,0.2999,0
EMP02443,24,Female,Operations,Manager,1.83,84704,35.0,0.3,Hybrid,5.27,9,3.17,83.7,2,14.9,7.67,5.36,3.45,6.93,5.6,7.7,0.5435,0
EMP02444,40,Male,Finance,Manager,2.45,40000,35.0,9.1,Full Remote,7.55,3,3.44,91.8,6,20.1,7.13,4.38,4.81,7.16,9.8,6.1,0.1877,0
EMP02445,30,Male,Customer Support,Senior Analyst,3.48,75422,53.4,6.5,Full Remote,8.34,8,2.9,61.2,4,16.7,6.65,6.02,5.59,4.29,11.8,6.7,0.4228,0
EMP02446,37,Female,Engineering,Junior Dev,0.82,56346,60.4,17.1,On-site,8.11,6,3.8,72.3,4,16.6,5.61,5.03,6.15,7.11,17.4,3.5,0.5483,0
EMP02447,37,Male,Sales,Associate,5.42,110059,42.7,11.8,Full Remote,7.03,12,3.32,70.7,6,18.9,7.27,4.09,7.76,5.31,0.4,3.0,0.3508,0
EMP02448,33,Female,Sales,Manager,3.84,148568,44.6,15.3,Hybrid,8.79,7,4.29,84.9,4,7.0,8.29,5.79,5.45,4.13,0.3,9.2,0.4442,0
EMP02449,28,Female,Sales,Manager,0.8,66018,52.3,11.9,On-site,9.03,10,3.8,29.6,3,15.7,6.67,3.19,6.55,7.9,4.8,1.8,0.2876,0
EMP02450,29,Male,Engineering,Senior Dev,11.06,40000,47.3,11.1,Full Remote,7.0,4,3.98,84.0,5,20.0,8.34,1.71,4.52,4.21,40.9,1.4,0.1919,0
EMP02451,27,Female,Finance,Analyst,3.28,77921,42.0,11.7,Full Remote,6.32,9,3.04,80.2,0,5.4,5.49,6.53,7.64,2.62,14.1,4.3,0.5105,0
EMP02452,28,Female,Engineering,Manager,1.81,69864,41.1,39.8,Hybrid,8.91,8,4.53,83.3,0,14.7,4.17,5.6,7.55,5.31,4.9,6.0,0.5502,0
EMP02453,34,Male,Finance,Manager,0.51,124283,35.0,4.5,Hybrid,5.74,14,3.71,65.9,2,20.7,7.58,2.16,5.21,5.21,1.8,2.1,0.3686,0
EMP02454,29,Female,Finance,Analyst,2.29,116664,46.9,3.2,Hybrid,4.95,12,4.55,82.4,6,7.9,5.01,4.83,6.11,5.34,3.9,8.0,0.5693,0
EMP02455,40,Female,Sales,Senior,0.54,96634,44.3,6.0,Hybrid,6.69,5,4.2,68.7,5,17.4,6.77,4.23,5.46,5.69,6.2,16.5,0.5337,0
EMP02456,46,Male,Sales,Manager,1.68,60332,41.5,13.7,On-site,7.08,7,3.34,53.0,1,12.8,6.69,6.06,7.87,4.1,57.6,8.6,0.5162,0
EMP02457,30,Male,HR,Senior Analyst,1.58,91944,37.0,6.9,Full Remote,6.6,9,3.02,82.8,4,8.6,4.32,3.14,6.37,5.08,0.0,6.9,0.5238,0
EMP02458,36,Female,Operations,Manager,3.82,81625,37.8,2.8,On-site,8.01,5,3.58,80.2,6,16.7,7.12,4.14,7.48,7.16,9.9,19.1,0.225,0
EMP02459,38,Male,Operations,Analyst,0.64,81033,49.9,6.0,Full Remote,7.31,9,3.27,57.2,7,14.4,7.66,4.45,7.27,2.54,3.7,8.1,0.4867,0
EMP02460,38,Male,Operations,Senior Analyst,5.18,40000,52.1,11.8,Hybrid,5.1,9,2.94,96.6,5,17.4,6.33,3.24,4.64,5.36,74.8,4.3,0.4642,0
EMP02461,35,Male,Customer Support,Senior Analyst,1.18,101544,42.4,10.4,Full Remote,8.95,9,2.65,34.3,5,11.2,6.53,4.97,7.55,3.14,49.1,3.1,0.3338,0
EMP02462,40,Female,HR,Manager,1.76,77695,41.5,12.1,Hybrid,9.03,11,5.0,90.0,1,10.9,8.2,5.84,6.74,2.73,48.5,4.8,0.2821,0
EMP02463,38,Male,Customer Support,Manager,4.44,72478,38.2,3.2,On-site,8.2,11,2.42,83.6,1,0.0,7.07,2.3,4.11,3.99,5.9,15.6,0.5048,0
EMP02464,25,Male,Operations,Manager,2.95,59996,52.5,4.6,Full Remote,8.73,3,1.96,82.2,4,12.9,6.32,4.08,8.26,7.84,14.5,6.2,0.2301,0
EMP02465,41,Female,Operations,Senior Analyst,1.1,55159,45.2,13.1,Full Remote,8.11,11,3.81,57.3,2,17.4,5.73,4.95,5.35,4.83,12.9,7.1,0.4996,0
EMP02466,42,Male,Engineering,Tech Lead,1.46,82931,47.9,28.4,Hybrid,6.87,9,2.92,71.1,2,6.9,6.4,7.38,3.85,6.49,19.0,4.0,0.5631,0
EMP02467,28,Female,Customer Support,Analyst,1.09,40000,47.9,5.8,Full Remote,7.8,10,3.26,73.3,1,8.1,8.47,3.63,8.67,5.01,97.0,7.3,0.3671,0
EMP02468,35,Other,Marketing,Senior,2.71,94737,42.5,6.5,On-site,7.53,7,2.4,79.2,5,14.6,6.64,3.78,7.12,5.64,1.6,0.8,0.3714,0
EMP02469,40,Female,Operations,Analyst,1.21,48647,35.7,2.4,On-site,8.74,13,3.83,84.3,7,15.6,8.35,7.51,8.28,5.0,3.0,8.3,0.2192,0
EMP02470,33,Female,Engineering,Tech Lead,3.88,40000,37.0,9.7,On-site,7.93,10,3.73,55.7,6,16.2,5.72,5.34,5.27,6.82,48.8,4.9,0.4831,0
EMP02471,43,Male,Sales,Director,2.6,120547,54.0,9.8,Hybrid,3.73,6,4.26,92.0,3,12.0,6.06,5.6,6.5,3.78,64.5,9.6,0.5478,0
EMP02472,53,Female,Sales,Associate,0.47,53547,39.2,3.1,Hybrid,3.15,4,3.94,83.9,6,9.0,5.07,3.26,6.4,5.85,24.9,1.5,0.3821,0
EMP02473,28,Male,Sales,Associate,1.11,56946,41.7,12.3,Full Remote,7.13,7,3.27,75.6,1,7.6,4.42,5.45,7.76,4.51,25.3,0.3,0.5704,0
EMP02474,23,Male,Engineering,Tech Lead,0.75,103363,35.9,11.8,Hybrid,8.46,7,2.21,88.6,1,7.9,8.79,2.87,7.18,2.77,25.7,14.0,0.2181,0
EMP02475,37,Male,Operations,Senior Analyst,1.48,121360,35.3,2.5,Hybrid,7.63,11,2.86,76.5,4,7.6,6.49,3.28,8.64,7.71,12.2,4.9,0.2115,0
EMP02476,40,Male,Engineering,Manager,2.18,40000,38.8,22.7,On-site,7.57,14,2.82,75.0,10,7.3,6.6,7.86,3.58,3.32,44.2,10.2,0.7044,1
EMP02477,33,Female,Sales,Associate,2.12,51095,58.5,5.6,On-site,8.41,9,2.62,74.5,1,11.8,5.62,6.33,5.61,4.38,54.8,3.2,0.5958,0
EMP02478,46,Male,Engineering,Junior Dev,4.21,52933,50.3,6.6,On-site,6.02,2,4.54,76.7,7,8.5,4.78,3.54,5.09,3.56,26.3,10.2,0.6237,0
EMP02479,24,Female,HR,Senior Analyst,0.63,98370,40.8,11.8,Hybrid,5.87,7,4.61,86.5,8,15.2,5.65,3.49,3.09,8.69,53.4,2.5,0.4159,0
EMP02480,40,Female,Sales,Associate,8.78,115978,53.7,4.7,Hybrid,9.21,5,3.09,59.2,4,5.8,4.91,4.97,5.66,7.0,30.6,2.9,0.4214,0
EMP02481,30,Female,Sales,Associate,1.26,47993,43.8,11.0,On-site,7.87,2,4.15,75.9,3,14.8,3.49,4.39,7.65,6.94,51.3,11.2,0.2515,0
EMP02482,48,Male,Marketing,Associate,1.07,110368,55.8,19.1,Hybrid,7.07,7,3.71,49.1,4,10.5,3.58,6.43,8.0,1.75,13.6,11.4,0.6655,0
EMP02483,50,Female,Finance,Analyst,3.47,57274,62.7,11.1,Hybrid,9.12,6,3.03,86.4,8,14.1,5.64,3.24,6.41,4.8,65.4,6.6,0.5831,0
EMP02484,28,Male,Engineering,Junior Dev,4.91,83403,53.2,9.4,Full Remote,8.14,4,3.58,87.2,4,13.1,7.02,3.15,6.37,5.89,81.3,3.5,0.3857,0
EMP02485,30,Male,Engineering,Manager,1.43,43213,45.8,10.9,On-site,8.4,6,1.93,74.7,4,14.7,4.07,3.34,4.15,5.99,1.3,3.5,0.5346,0
EMP02486,41,Other,Engineering,Junior Dev,4.12,71951,50.6,1.6,Hybrid,6.8,14,2.24,82.8,6,9.7,4.41,5.29,7.23,7.85,8.0,3.7,0.5155,0
EMP02487,31,Male,Customer Support,Analyst,6.46,72222,45.1,9.1,Hybrid,8.59,3,3.84,77.2,6,11.2,6.35,3.8,5.82,7.74,20.1,2.0,0.4477,0
EMP02488,34,Male,Sales,Manager,4.37,67121,35.0,22.0,On-site,5.32,9,4.25,70.9,6,16.6,8.73,3.35,4.15,1.95,13.2,3.5,0.5083,0
EMP02489,35,Female,HR,Senior Analyst,0.1,84624,39.8,4.1,Hybrid,8.47,6,4.22,83.6,3,10.2,5.93,4.75,4.32,5.84,21.4,4.9,0.42,0
EMP02490,22,Male,Engineering,Senior Dev,5.27,49824,37.4,15.6,Hybrid,9.04,13,2.66,60.3,1,5.0,6.19,4.15,6.73,7.97,2.3,1.7,0.2324,0
EMP02491,34,Female,Marketing,Manager,4.47,52906,39.6,25.6,Hybrid,9.48,5,4.21,85.9,6,13.1,5.54,3.03,7.45,5.8,50.5,14.9,0.432,0
EMP02492,29,Male,Engineering,Tech Lead,3.32,85946,59.3,1.9,Hybrid,8.05,8,4.03,89.1,8,10.7,6.8,4.53,6.14,6.24,40.5,15.9,0.4786,0
EMP02493,31,Male,Engineering,Tech Lead,4.28,108550,54.0,0.7,Full Remote,8.2,9,3.87,74.1,5,9.6,6.09,3.8,3.65,6.28,51.2,1.3,0.4435,0
EMP02494,46,Male,Marketing,Senior,11.65,74429,48.5,14.5,Hybrid,8.68,13,3.39,85.2,1,14.2,4.88,4.95,7.15,7.4,20.5,3.6,0.337,0
EMP02495,24,Male,Sales,Manager,1.69,87591,51.5,12.1,Hybrid,7.39,7,3.08,82.5,3,14.4,6.92,4.69,5.21,3.73,49.7,10.6,0.6676,0
EMP02496,41,Male,Engineering,Senior Dev,0.21,93952,35.0,1.5,Hybrid,5.24,13,4.09,75.2,6,18.0,5.9,7.34,4.31,1.44,39.0,11.4,0.5944,0
EMP02497,32,Female,Finance,Analyst,1.85,95762,50.8,6.2,On-site,7.44,7,4.14,75.7,0,16.2,7.01,5.53,7.02,4.72,9.7,4.1,0.4913,0
EMP02498,32,Female,Customer Support,Manager,0.14,51161,52.5,8.5,Full Remote,9.14,8,3.33,82.2,1,15.8,6.53,5.79,7.48,7.88,58.1,1.5,0.2209,0
EMP02499,41,Female,Sales,Senior,1.05,55574,35.0,9.7,On-site,8.94,7,3.84,73.9,4,10.3,7.59,6.27,5.29,4.14,5.8,2.3,0.4589,0
EMP02500,37,Male,HR,Manager,2.65,57748,51.1,1.8,Hybrid,6.37,8,3.87,67.0,6,6.9,5.31,3.88,6.16,6.18,8.6,3.5,0.4311,0
EMP02501,39,Female,Customer Support,Analyst,1.11,123215,35.0,13.8,Hybrid,9.05,9,3.42,80.9,11,9.0,6.7,7.56,7.65,8.09,9.0,13.5,0.4087,0
EMP02502,42,Female,Operations,Analyst,3.47,87704,35.0,14.3,Full Remote,5.67,8,2.95,67.3,2,5.1,5.96,3.97,7.58,7.15,31.2,7.3,0.2831,0
EMP02503,32,Female,Marketing,Director,5.18,86582,55.6,6.1,Full Remote,6.7,3,3.56,78.1,2,11.9,7.4,4.32,8.33,6.56,27.9,11.7,0.4121,0
EMP02504,30,Male,Finance,Analyst,1.64,84155,36.9,11.2,On-site,4.84,6,4.19,64.7,2,3.2,7.0,6.43,3.2,7.9,26.6,3.6,0.5623,0
EMP02505,26,Female,Engineering,Manager,6.91,41980,39.3,3.8,Full Remote,8.31,7,2.81,70.6,1,18.3,8.95,3.91,3.48,3.66,4.4,4.9,0.4119,0
EMP02506,28,Female,Marketing,Director,0.25,123454,52.9,11.6,On-site,4.04,8,4.43,36.5,3,14.3,5.68,4.79,6.31,4.26,18.8,3.4,0.5731,0
EMP02507,58,Male,Sales,Manager,5.5,86979,42.6,12.1,Full Remote,5.77,13,2.91,80.5,5,14.3,8.86,7.86,6.84,6.33,2.5,4.4,0.3253,0
EMP02508,44,Female,Engineering,Senior Dev,5.29,93079,43.6,3.2,On-site,7.05,9,4.95,66.3,5,22.9,7.25,4.23,5.25,5.78,8.5,7.1,0.3213,0
EMP02509,24,Male,Sales,Senior,1.17,40000,43.4,8.8,Hybrid,9.15,6,4.14,67.4,7,10.2,7.66,5.7,5.75,2.04,70.4,12.1,0.4462,0
EMP02510,24,Female,Engineering,Tech Lead,1.06,94491,47.8,0.9,Hybrid,8.62,10,3.15,71.5,5,5.2,6.31,3.81,3.93,5.82,7.7,4.9,0.4817,0
EMP02511,38,Female,Finance,Senior Analyst,1.09,66094,43.2,0.7,Full Remote,3.37,8,2.42,60.9,3,16.0,6.67,7.98,6.77,4.85,2.9,6.7,0.643,0
EMP02512,39,Female,Marketing,Senior,5.0,41930,45.9,16.1,Hybrid,8.25,10,3.06,83.5,3,10.8,6.42,2.44,8.43,7.06,1.7,1.6,0.4487,0
EMP02513,39,Male,Marketing,Director,5.35,51155,41.0,2.9,Full Remote,8.43,7,3.26,80.6,9,5.5,7.05,1.77,6.71,5.78,120.0,7.8,0.3973,0
EMP02514,32,Male,Engineering,Senior Dev,1.2,43377,47.8,1.6,Hybrid,7.54,10,3.24,73.9,6,19.6,8.75,6.89,8.88,2.97,65.0,10.2,0.3924,0
EMP02515,33,Female,Engineering,Manager,2.69,42955,47.5,6.0,Hybrid,6.81,7,2.96,81.4,3,17.3,8.05,3.77,4.19,4.22,41.8,2.4,0.4049,0
EMP02516,37,Male,HR,Analyst,0.45,76513,60.2,5.9,Hybrid,6.31,11,3.53,67.6,2,18.9,4.32,2.81,4.89,3.27,1.3,8.6,0.3933,0
EMP02517,35,Male,Customer Support,Analyst,1.9,65330,41.9,31.3,On-site,7.44,11,3.43,59.6,3,9.5,8.44,2.17,7.17,2.57,27.6,4.6,0.4138,0
EMP02518,22,Female,Engineering,Senior Dev,20.0,83351,43.5,11.7,Hybrid,4.03,11,2.87,60.6,3,9.7,9.34,4.86,8.01,7.44,29.4,2.0,0.4467,0
EMP02519,33,Female,Sales,Senior,0.52,116899,46.9,8.7,Full Remote,8.82,9,4.35,94.9,7,17.4,5.42,6.94,5.48,4.4,36.5,7.9,0.5021,0
EMP02520,28,Male,Operations,Senior Analyst,8.84,71762,52.7,1.9,Full Remote,8.58,12,4.4,82.5,2,9.2,8.86,7.06,5.85,3.22,14.3,7.3,0.4845,0
EMP02521,36,Male,Engineering,Junior Dev,5.22,40000,36.3,7.5,On-site,7.89,9,3.51,67.9,5,10.5,5.67,3.33,6.07,6.48,67.8,4.0,0.2555,0
EMP02522,58,Male,Operations,Manager,10.75,68951,45.8,16.0,Full Remote,4.27,6,4.26,66.1,5,14.6,5.29,5.76,8.71,4.1,45.1,8.6,0.6161,0
EMP02523,37,Female,Marketing,Associate,0.59,104834,35.0,5.8,Hybrid,9.34,7,4.01,65.9,5,20.3,6.18,7.6,7.33,9.61,20.8,11.2,0.2008,0
EMP02524,32,Female,Sales,Senior,0.72,72851,42.8,4.2,Full Remote,6.12,7,3.02,73.2,9,0.1,4.37,4.85,3.36,5.37,3.9,11.7,0.5849,0
EMP02525,42,Female,Sales,Associate,0.1,113233,53.6,12.6,Full Remote,6.77,8,3.85,58.3,3,10.2,5.82,3.31,6.06,5.94,26.5,7.0,0.367,0
EMP02526,38,Female,Sales,Senior,3.87,86323,39.2,3.9,Hybrid,8.23,11,2.8,54.7,4,7.1,4.33,2.9,5.12,4.02,12.4,9.4,0.2173,0
EMP02527,38,Female,Sales,Associate,3.1,40000,46.4,1.4,Hybrid,8.23,5,2.75,81.2,2,16.7,8.42,3.57,8.84,4.93,36.3,8.3,0.1808,0
EMP02528,39,Female,Operations,Analyst,0.59,77739,40.8,24.7,Hybrid,9.31,2,3.99,58.3,3,5.5,6.72,6.34,8.75,4.84,13.4,4.3,0.5156,0
EMP02529,51,Male,Finance,Senior Analyst,4.7,82425,38.1,2.3,Hybrid,5.68,11,3.91,74.9,3,14.3,6.98,5.58,7.81,6.77,16.7,9.3,0.3575,0
EMP02530,25,Female,Finance,Analyst,1.07,102008,52.8,6.1,Full Remote,6.35,8,3.86,80.6,3,1.7,5.2,3.39,6.3,6.6,54.2,2.9,0.5622,0
EMP02531,38,Male,Operations,Analyst,0.44,120490,36.6,10.6,Full Remote,6.82,3,3.61,87.6,7,16.0,5.43,3.6,8.49,3.82,120.0,2.7,0.5081,0
EMP02532,27,Female,Sales,Manager,1.65,97693,47.3,17.4,Hybrid,8.09,5,2.13,68.5,6,16.4,5.31,4.65,4.39,6.54,11.0,12.5,0.5286,0
EMP02533,39,Female,HR,Analyst,0.29,86011,47.5,9.3,Hybrid,5.66,10,2.3,76.0,3,12.4,7.3,7.04,5.42,4.09,28.8,9.7,0.4089,0
EMP02534,27,Male,Marketing,Senior,0.92,91904,38.2,8.9,Full Remote,6.97,9,3.8,71.9,3,3.3,6.45,3.96,7.82,4.25,37.3,5.2,0.4488,0
EMP02535,31,Female,Operations,Analyst,1.39,70799,46.2,15.9,Hybrid,7.81,13,4.09,48.0,3,12.8,7.4,8.01,7.2,3.58,12.1,11.9,0.5025,0
EMP02536,32,Male,Sales,Associate,5.73,40000,37.5,24.2,Hybrid,7.92,9,2.93,72.6,5,12.8,8.57,8.24,4.04,4.44,7.2,1.5,0.6091,0
EMP02537,42,Female,HR,Senior Analyst,4.72,76037,49.2,16.8,Full Remote,8.42,8,4.86,58.6,5,12.5,8.03,2.95,6.69,4.94,9.4,11.6,0.4775,0
EMP02538,42,Male,Operations,Analyst,1.75,84132,35.0,5.4,Hybrid,5.83,6,2.99,53.2,1,15.2,5.82,5.16,7.12,4.23,12.5,3.9,0.6143,0
EMP02539,25,Female,Sales,Manager,3.87,44908,42.3,15.1,Hybrid,7.97,7,4.45,74.0,5,3.8,6.8,3.89,9.33,6.39,44.2,1.2,0.2114,0
EMP02540,35,Male,Engineering,Manager,2.52,108165,43.0,5.8,Full Remote,6.04,5,2.17,85.4,2,16.7,6.01,3.13,7.2,6.34,15.5,2.1,0.2812,0
EMP02541,29,Male,Marketing,Associate,1.25,100135,53.9,19.8,Hybrid,7.2,12,2.83,79.0,11,17.7,5.42,2.35,7.73,6.81,20.3,7.1,0.419,0
EMP02542,24,Male,Sales,Director,3.88,40705,46.1,11.4,Hybrid,6.91,8,3.78,91.9,5,1.0,6.21,3.16,6.43,5.04,3.5,2.4,0.4324,0
EMP02543,33,Male,Finance,Analyst,3.45,109145,52.6,0.8,On-site,6.59,9,3.25,86.9,4,3.5,4.97,4.73,7.91,7.09,4.0,0.9,0.4246,0
EMP02544,32,Male,Customer Support,Analyst,2.9,67292,49.4,6.8,Hybrid,7.94,9,4.16,77.4,3,11.9,6.85,4.37,4.05,5.46,6.2,14.8,0.5577,0
EMP02545,54,Female,Marketing,Associate,2.89,55537,49.4,1.6,Full Remote,9.17,7,3.71,69.7,5,5.3,6.13,3.2,5.47,4.2,7.7,2.7,0.2846,0
EMP02546,38,Male,Marketing,Senior,3.45,101981,42.3,21.5,Full Remote,8.91,6,4.65,67.7,4,14.4,8.8,6.9,8.03,4.04,63.4,2.2,0.3951,0
EMP02547,23,Male,Finance,Senior Analyst,1.46,73723,53.2,8.1,On-site,6.13,10,3.1,86.1,1,15.0,4.6,2.28,6.56,5.79,20.6,3.1,0.5818,0
EMP02548,30,Male,Engineering,Senior Dev,6.1,122479,42.2,8.6,On-site,9.8,7,2.63,80.1,5,15.4,5.5,5.89,5.8,5.08,22.1,3.3,0.5264,0
EMP02549,43,Female,Sales,Manager,0.53,53677,35.0,15.0,Full Remote,7.1,12,3.32,85.9,1,2.7,5.4,3.18,6.95,5.77,81.1,7.7,0.3801,0
EMP02550,51,Female,Customer Support,Senior Analyst,6.46,40000,43.3,8.3,Full Remote,7.39,6,3.17,74.7,4,8.8,6.36,5.82,6.07,6.64,8.1,9.1,0.3407,0
EMP02551,22,Female,Finance,Analyst,1.26,67989,48.6,14.5,Hybrid,9.66,4,2.96,70.0,6,11.7,5.53,6.08,6.43,6.1,20.7,1.8,0.5371,0
EMP02552,22,Female,Engineering,Tech Lead,0.4,94730,35.0,19.1,Hybrid,6.69,9,2.81,64.3,2,5.3,6.45,5.12,5.17,4.66,44.7,3.1,0.2633,0
EMP02553,49,Male,Engineering,Manager,2.75,51821,37.9,16.7,Full Remote,7.21,5,2.35,36.4,5,8.4,5.8,6.87,4.22,7.99,15.1,6.1,0.4375,0
EMP02554,38,Male,Finance,Analyst,1.41,41747,35.2,7.7,Hybrid,6.24,8,4.53,44.2,7,13.0,4.44,3.75,6.64,2.43,23.4,4.1,0.4806,0
EMP02555,28,Male,Operations,Analyst,5.07,80723,51.3,7.9,Full Remote,6.79,8,2.31,59.7,6,11.2,5.12,5.2,6.87,5.82,18.5,1.4,0.5119,0
EMP02556,39,Female,Operations,Senior Analyst,1.69,40000,58.4,12.4,Full Remote,9.04,2,3.43,71.1,3,15.2,5.87,5.0,5.83,5.97,0.8,1.3,0.4099,0
EMP02557,22,Other,Sales,Senior,3.31,82667,43.3,6.5,Full Remote,6.12,6,3.6,71.8,0,2.7,6.94,6.39,4.76,6.29,6.6,5.9,0.4722,0
EMP02558,35,Female,Customer Support,Senior Analyst,1.11,66484,49.3,21.7,Hybrid,4.57,9,3.79,83.4,4,12.7,5.1,4.02,1.93,5.33,58.3,18.6,0.5692,0
EMP02559,37,Male,Marketing,Associate,0.71,87361,49.0,8.7,On-site,7.99,9,3.46,75.4,5,11.0,7.95,5.62,6.26,5.67,1.2,3.9,0.3674,0
EMP02560,42,Male,Finance,Senior Analyst,1.47,40404,57.4,12.7,Hybrid,8.66,8,2.35,47.4,6,11.5,4.27,5.55,5.18,4.88,13.8,1.8,0.5472,0
EMP02561,26,Male,HR,Senior Analyst,2.8,107454,39.8,11.5,Full Remote,6.31,4,2.87,95.5,1,10.6,5.06,4.56,5.27,6.45,120.0,2.8,0.4742,0
EMP02562,35,Female,Engineering,Senior Dev,3.21,70424,43.2,12.7,On-site,5.8,7,3.46,82.6,5,8.7,5.2,4.45,5.94,7.7,13.6,2.5,0.3863,0
EMP02563,27,Male,Customer Support,Analyst,2.59,94088,42.3,3.7,Full Remote,8.5,8,3.49,75.5,4,10.4,6.27,4.92,5.57,5.78,0.6,6.3,0.3109,0
EMP02564,37,Female,Engineering,Senior Dev,13.28,98996,45.6,12.1,On-site,9.26,7,2.54,43.0,2,10.0,6.7,3.75,8.72,5.84,14.0,3.4,0.1943,0
EMP02565,27,Male,Sales,Senior,3.52,46063,65.0,11.8,On-site,7.39,7,4.0,70.1,3,7.3,6.31,3.04,4.94,4.45,99.2,1.7,0.4392,0
EMP02566,31,Female,Operations,Senior Analyst,8.04,97056,45.2,9.0,Full Remote,7.47,7,2.78,45.5,5,12.3,5.92,3.16,4.41,4.02,6.3,3.5,0.3977,0
EMP02567,27,Female,HR,Manager,0.38,40000,38.2,16.8,Full Remote,6.09,6,4.84,42.7,2,13.7,6.12,5.58,6.7,7.02,3.1,4.8,0.3726,0
EMP02568,40,Female,Operations,Senior Analyst,0.19,40746,35.8,15.7,On-site,7.63,6,1.96,47.1,5,3.5,5.02,3.4,3.64,3.75,31.7,12.6,0.2965,0
EMP02569,41,Female,Marketing,Associate,1.12,124099,55.0,9.2,Hybrid,8.83,7,3.93,83.7,8,12.7,5.74,3.36,5.65,5.46,2.8,6.5,0.3786,0
EMP02570,33,Female,Sales,Senior,0.44,102796,38.1,1.8,Full Remote,6.52,10,3.61,52.8,4,7.7,8.35,5.51,4.34,5.63,8.6,3.1,0.4098,0
EMP02571,35,Female,Customer Support,Manager,2.24,126841,50.3,6.7,On-site,5.57,9,3.36,81.5,3,8.4,7.62,5.4,5.24,5.77,2.3,5.1,0.4315,0
EMP02572,23,Female,Engineering,Tech Lead,2.2,65744,39.6,14.7,Full Remote,3.88,4,3.99,51.9,6,17.4,4.9,5.26,4.57,4.94,2.8,9.0,0.6414,0
EMP02573,32,Female,Operations,Senior Analyst,2.57,77560,35.0,10.1,Full Remote,6.92,10,2.92,54.7,2,0.1,8.14,2.93,7.69,5.11,23.9,3.5,0.2677,0
EMP02574,34,Other,Engineering,Junior Dev,4.1,88183,49.8,8.0,Hybrid,7.94,10,3.24,77.4,5,10.7,8.98,3.12,6.34,5.96,45.8,0.6,0.4102,0
EMP02575,55,Female,Operations,Senior Analyst,10.66,74695,40.0,10.5,Hybrid,6.14,5,2.63,62.9,6,18.0,7.7,8.38,7.58,5.83,46.1,2.6,0.6423,0
EMP02576,26,Female,Engineering,Senior Dev,6.32,56346,48.4,8.9,Hybrid,8.45,6,4.57,94.0,5,8.7,5.25,3.66,7.96,5.76,27.4,0.9,0.3107,0
EMP02577,46,Female,HR,Manager,0.38,52597,49.0,13.1,Full Remote,5.21,6,3.07,69.4,5,16.2,8.01,5.65,7.59,5.23,36.7,1.8,0.3582,0
EMP02578,42,Male,Operations,Senior Analyst,1.24,80346,49.4,1.6,Hybrid,9.09,5,3.04,75.2,4,13.0,6.43,3.13,5.46,4.74,4.8,3.1,0.3338,0
EMP02579,37,Male,Marketing,Senior,0.89,48328,42.9,7.3,Hybrid,6.33,8,4.55,66.3,3,2.5,5.58,2.79,3.56,5.19,5.9,6.9,0.5494,0
EMP02580,49,Female,Finance,Senior Analyst,0.58,47628,50.5,14.4,On-site,8.94,7,2.13,69.7,6,14.7,7.88,6.02,7.09,6.4,5.8,13.9,0.5477,0
EMP02581,37,Female,Operations,Analyst,2.36,84839,37.6,10.6,Hybrid,9.34,4,4.82,64.0,5,9.7,6.82,6.14,6.66,2.54,50.0,3.1,0.3588,0
EMP02582,38,Female,Finance,Manager,2.42,72621,35.0,8.8,Hybrid,6.54,4,3.42,81.2,3,11.3,7.23,1.92,6.09,6.82,10.5,9.9,0.1116,0
EMP02583,34,Male,Customer Support,Senior Analyst,0.77,98430,50.7,8.6,Full Remote,8.35,11,4.31,67.3,5,10.9,9.36,3.48,4.32,4.92,5.0,10.1,0.3674,0
EMP02584,44,Female,Sales,Director,3.73,64377,46.3,1.3,On-site,6.17,7,3.91,63.3,3,12.7,7.11,4.63,5.67,8.11,1.4,3.2,0.4892,0
EMP02585,43,Female,Engineering,Senior Dev,3.96,60468,40.1,3.6,Full Remote,9.62,9,1.94,59.2,3,20.9,4.81,4.92,7.44,3.6,93.6,3.8,0.3805,0
EMP02586,29,Male,Engineering,Junior Dev,0.1,85588,35.0,19.6,Hybrid,6.56,4,4.04,54.3,4,11.8,5.37,5.56,7.41,4.94,13.6,8.3,0.4617,0
EMP02587,24,Female,Engineering,Senior Dev,1.51,54699,35.0,13.0,On-site,8.86,8,2.64,60.6,3,9.7,6.56,6.21,4.52,8.35,0.8,6.3,0.3687,0
EMP02588,33,Female,Engineering,Junior Dev,6.63,58546,45.4,20.1,On-site,8.77,12,3.3,77.7,4,10.8,6.31,4.88,4.15,3.82,5.2,11.5,0.6011,0
EMP02589,28,Male,Marketing,Associate,2.2,59538,58.2,12.3,Hybrid,7.45,10,4.86,79.0,6,6.0,7.74,6.25,5.32,4.28,9.8,6.1,0.4539,0
EMP02590,34,Female,Engineering,Senior Dev,1.28,69757,43.9,3.5,Hybrid,6.64,6,3.05,75.9,5,5.9,8.34,6.57,6.49,8.51,5.2,11.0,0.3196,0
EMP02591,44,Female,Engineering,Tech Lead,0.88,119310,42.1,0.2,On-site,7.6,10,4.4,62.2,7,14.6,5.12,5.72,3.9,6.1,21.8,14.1,0.5143,0
EMP02592,31,Male,Engineering,Senior Dev,0.84,40580,44.8,14.8,On-site,8.2,6,2.73,48.0,5,5.0,7.27,4.76,3.28,6.7,5.6,2.5,0.3457,0
EMP02593,34,Male,Operations,Analyst,0.32,107387,62.4,3.3,Hybrid,7.66,7,4.68,65.2,5,9.5,7.47,5.69,8.1,4.11,7.6,6.6,0.5793,0
EMP02594,35,Other,HR,Senior Analyst,5.1,93444,51.0,5.4,Hybrid,8.22,2,3.41,94.4,4,7.0,6.08,5.71,6.68,6.43,19.5,1.0,0.3949,0
EMP02595,41,Male,Sales,Senior,0.27,114174,37.5,8.4,Full Remote,8.37,9,3.85,63.3,1,10.4,6.96,6.08,8.82,3.33,89.6,4.1,0.3964,0
EMP02596,22,Male,Operations,Manager,1.04,153417,45.2,9.5,Hybrid,6.88,4,3.42,60.6,5,4.7,8.05,3.57,9.53,1.67,34.0,1.1,0.3175,0
EMP02597,30,Male,Engineering,Senior Dev,0.14,110786,47.7,11.1,Full Remote,5.33,7,3.52,79.5,3,13.0,2.39,3.37,8.79,8.9,11.4,2.4,0.5042,0
EMP02598,36,Female,Customer Support,Senior Analyst,4.56,98141,36.5,19.2,Hybrid,9.22,2,2.42,90.7,4,14.6,7.74,4.25,5.76,4.43,5.6,5.7,0.3808,0
EMP02599,44,Female,HR,Analyst,0.12,42187,51.1,15.1,Hybrid,8.65,4,3.09,60.9,2,16.1,5.67,3.66,6.35,3.65,13.7,6.7,0.5893,0
EMP02600,31,Female,Engineering,Tech Lead,1.11,45344,38.5,3.7,Full Remote,9.03,3,2.92,63.0,2,12.3,6.18,5.03,4.84,3.7,9.2,3.8,0.4277,0
EMP02601,22,Male,Finance,Senior Analyst,2.56,84004,35.0,2.1,Full Remote,5.7,12,2.45,76.3,1,12.6,6.34,5.89,3.38,5.91,63.2,9.2,0.6235,0
EMP02602,39,Female,Operations,Manager,1.58,40000,45.6,12.4,Hybrid,8.01,12,3.56,54.4,2,9.5,6.99,2.66,8.1,3.86,7.1,1.8,0.1391,0
EMP02603,29,Male,Sales,Associate,0.99,90385,44.3,21.6,Full Remote,9.04,13,4.62,73.1,1,11.7,6.21,5.49,7.52,3.38,23.5,5.9,0.7841,1
EMP02604,25,Male,Operations,Analyst,0.97,40000,45.0,4.2,Hybrid,7.18,7,2.79,70.4,3,12.5,8.04,4.29,5.64,4.12,14.1,3.2,0.25,0
EMP02605,30,Male,Engineering,Senior Dev,4.8,103805,38.9,2.8,On-site,8.57,16,4.84,75.0,7,17.5,5.51,4.51,6.78,7.11,1.5,2.9,0.3931,0
EMP02606,33,Male,Sales,Associate,10.95,66957,40.0,1.7,Hybrid,8.57,8,3.39,78.2,1,12.1,5.08,5.65,6.45,4.66,39.6,5.2,0.475,0
EMP02607,30,Female,Engineering,Senior Dev,1.28,78164,54.0,4.7,Full Remote,7.73,8,3.14,69.4,7,0.0,7.16,6.35,4.56,3.42,6.1,12.6,0.6478,0
EMP02608,22,Female,Engineering,Manager,0.12,56290,48.5,17.6,Full Remote,6.21,9,3.28,78.8,1,10.5,3.56,7.03,2.17,7.25,3.7,6.1,0.5951,0
EMP02609,42,Male,Engineering,Senior Dev,0.11,40000,37.3,3.3,Hybrid,9.25,7,5.0,51.1,8,15.2,5.55,3.68,8.21,4.29,0.9,4.2,0.2293,0
EMP02610,45,Female,Customer Support,Manager,4.27,105867,35.0,1.2,Hybrid,6.08,6,3.8,66.7,11,6.8,8.94,2.13,6.46,7.65,13.3,1.0,0.2263,0
EMP02611,40,Female,Engineering,Junior Dev,2.41,108392,37.7,20.7,Hybrid,9.34,8,3.8,81.7,2,9.4,6.75,4.21,3.31,1.89,54.3,1.9,0.547,0
EMP02612,25,Female,Sales,Manager,4.59,66212,46.3,19.0,Full Remote,6.41,13,3.99,50.5,5,7.4,4.27,7.24,5.94,6.18,45.8,1.1,0.7265,1
EMP02613,33,Male,Marketing,Senior,3.59,91548,39.9,17.1,Full Remote,9.22,5,2.45,86.6,3,9.7,6.83,7.26,6.43,6.23,12.9,1.4,0.4193,0
EMP02614,34,Female,Operations,Senior Analyst,7.14,65227,39.3,3.0,Full Remote,6.04,8,4.38,72.9,5,13.9,6.71,5.69,2.55,5.59,12.4,1.9,0.5782,0
EMP02615,39,Male,Customer Support,Manager,6.51,82212,40.3,30.7,Hybrid,5.97,7,2.84,82.9,1,11.8,8.03,5.28,6.85,4.03,46.0,5.0,0.5172,0
EMP02616,40,Female,Operations,Analyst,4.66,93978,44.4,6.9,On-site,6.79,6,2.74,39.5,5,14.4,6.52,6.16,4.42,5.72,25.8,5.7,0.4672,0
EMP02617,29,Male,Customer Support,Manager,1.93,88877,51.3,15.9,On-site,5.77,6,3.13,54.6,3,15.3,6.82,5.33,7.38,4.25,48.9,7.5,0.6404,0
EMP02618,35,Female,Operations,Senior Analyst,1.11,108524,45.0,7.7,Hybrid,9.08,6,3.31,62.9,7,20.0,6.43,1.38,9.29,5.62,24.2,4.0,0.1603,0
EMP02619,38,Male,Customer Support,Analyst,2.12,87972,45.5,2.9,On-site,7.22,7,3.5,56.6,8,15.5,6.66,3.49,5.6,6.3,30.2,3.5,0.4227,0
EMP02620,46,Male,Finance,Manager,2.09,75702,43.2,11.6,On-site,5.87,15,3.25,52.2,1,16.0,6.42,5.59,4.45,4.39,9.8,8.6,0.6402,0
EMP02621,40,Female,Engineering,Senior Dev,2.83,55964,41.0,3.6,Hybrid,7.86,4,3.06,56.0,3,6.6,5.56,4.7,5.63,3.69,23.6,12.5,0.5524,0
EMP02622,41,Female,Sales,Manager,0.62,63037,52.2,6.8,Hybrid,7.51,4,2.97,60.7,6,10.0,8.55,4.76,7.58,6.7,22.3,15.9,0.2467,0
EMP02623,35,Female,HR,Analyst,3.2,95251,50.9,29.7,On-site,5.34,9,3.53,86.1,4,11.4,5.79,7.97,7.83,3.19,23.4,3.3,0.7893,1
EMP02624,46,Female,Sales,Manager,1.83,40000,61.4,7.5,Full Remote,7.5,8,2.09,27.1,6,13.9,4.51,7.64,6.73,7.39,2.6,4.7,0.5412,0
EMP02625,38,Male,Sales,Senior,2.9,102645,49.9,1.9,Full Remote,7.92,4,3.52,87.9,2,19.1,5.56,3.83,6.76,7.35,68.4,1.6,0.3177,0
EMP02626,28,Female,HR,Analyst,0.82,67971,41.0,9.0,On-site,8.38,7,4.52,75.8,7,15.9,8.45,5.15,8.92,5.22,42.8,2.2,0.2128,0
EMP02627,46,Male,Customer Support,Senior Analyst,1.71,54534,37.8,13.5,Hybrid,8.69,9,3.75,60.9,2,9.2,7.92,6.64,6.12,5.94,10.0,7.1,0.5808,0
EMP02628,40,Male,Engineering,Junior Dev,0.71,47531,52.6,1.3,On-site,6.44,8,4.09,54.8,8,14.9,3.31,2.35,4.89,5.07,32.8,1.6,0.4349,0
EMP02629,31,Female,Operations,Analyst,6.25,91859,38.5,3.1,On-site,5.57,11,4.6,55.9,1,14.9,7.76,7.39,7.84,4.55,11.1,2.3,0.3832,0
EMP02630,31,Female,Finance,Analyst,2.01,74633,51.5,8.0,Hybrid,9.35,12,4.0,85.2,4,13.5,8.44,7.1,9.12,5.93,52.5,14.0,0.2977,0
EMP02631,37,Female,Customer Support,Analyst,0.76,114719,38.9,5.9,Hybrid,7.05,9,3.04,92.4,4,8.3,7.28,5.83,6.96,7.35,36.3,7.6,0.2925,0
EMP02632,38,Female,Customer Support,Analyst,0.13,43423,47.8,4.1,Hybrid,6.73,13,3.1,49.2,1,6.2,6.15,5.39,8.39,4.55,8.5,7.4,0.4409,0
EMP02633,36,Female,Operations,Senior Analyst,3.38,60545,36.5,25.0,Full Remote,9.04,8,3.59,30.1,10,11.6,8.17,3.52,8.35,8.31,14.9,4.0,0.3169,0
EMP02634,37,Male,Marketing,Senior,0.72,72694,51.2,12.8,Full Remote,3.49,8,2.51,63.0,2,12.4,5.84,5.6,6.87,7.42,14.0,8.8,0.5717,0
EMP02635,48,Male,Engineering,Senior Dev,13.69,56203,35.1,3.1,Hybrid,7.28,11,5.0,62.5,2,12.5,5.59,4.98,8.58,5.16,81.3,11.2,0.3219,0
EMP02636,43,Female,Marketing,Associate,2.29,75152,47.2,4.1,Full Remote,9.42,8,3.5,53.3,5,18.4,7.35,4.08,3.91,3.63,65.1,7.0,0.4383,0
EMP02637,36,Male,Operations,Senior Analyst,1.02,82987,43.4,2.6,Full Remote,8.62,4,4.7,72.8,4,9.6,7.1,5.1,6.93,5.37,51.7,19.7,0.3339,0
EMP02638,42,Male,Operations,Senior Analyst,3.22,87112,45.8,2.2,Full Remote,3.22,8,3.37,57.8,3,17.4,7.77,5.56,8.22,6.78,43.1,2.0,0.4508,0
EMP02639,26,Male,Operations,Analyst,0.97,112654,41.8,12.9,Hybrid,6.31,9,3.56,75.9,4,13.0,7.8,4.26,4.54,4.23,31.6,8.9,0.4868,0
EMP02640,38,Female,Engineering,Tech Lead,5.15,42413,41.6,3.1,On-site,7.66,10,3.46,74.2,9,7.5,8.42,5.45,3.83,5.28,1.8,1.8,0.2694,0
EMP02641,49,Male,HR,Senior Analyst,1.11,83444,46.2,11.9,Hybrid,7.05,7,4.52,63.7,3,7.4,6.62,5.86,7.14,4.19,67.0,11.0,0.4372,0
EMP02642,33,Female,Sales,Manager,13.33,58826,37.0,5.2,Hybrid,8.25,9,5.0,67.3,2,5.3,8.83,5.11,6.89,7.51,4.9,2.0,0.1939,0
EMP02643,28,Female,Engineering,Junior Dev,2.79,85750,36.9,6.8,On-site,6.14,10,2.33,81.3,6,10.2,6.11,6.91,8.07,8.35,23.0,11.0,0.597,0
EMP02644,29,Male,Engineering,Junior Dev,5.58,85783,42.1,23.2,Full Remote,7.73,6,3.31,84.6,4,5.8,6.38,4.24,6.95,5.73,13.1,7.5,0.4013,0
EMP02645,26,Female,Engineering,Tech Lead,0.23,50327,41.8,24.0,Full Remote,6.83,10,3.84,62.7,5,14.9,6.14,3.37,4.09,2.47,12.3,12.8,0.4848,0
EMP02646,28,Female,Operations,Manager,1.28,52471,37.0,20.4,Full Remote,6.88,5,2.1,77.0,2,8.3,7.62,6.07,8.48,5.87,8.5,2.3,0.3578,0
EMP02647,32,Female,Sales,Associate,4.01,87791,52.4,3.1,Hybrid,8.67,7,3.0,61.3,4,9.9,7.1,1.83,4.25,7.56,9.5,3.7,0.2293,0
EMP02648,23,Female,Sales,Senior,3.19,75585,42.3,3.0,Full Remote,8.8,5,3.84,72.4,2,10.7,3.93,6.1,5.75,5.92,26.6,2.2,0.4906,0
EMP02649,35,Male,Customer Support,Senior Analyst,0.65,69509,43.2,14.1,Full Remote,7.0,13,3.11,76.7,4,14.5,9.21,4.63,9.04,6.4,1.1,2.7,0.4765,0
EMP02650,42,Female,Sales,Senior,1.32,91449,35.0,13.9,Full Remote,8.48,9,3.52,87.8,3,10.8,7.81,7.2,5.51,6.54,23.5,2.3,0.4198,0
EMP02651,27,Male,Engineering,Tech Lead,0.92,93292,61.6,10.2,Hybrid,7.65,6,3.9,88.4,2,5.3,6.27,4.87,6.28,5.89,19.3,7.8,0.5681,0
EMP02652,47,Female,Sales,Associate,2.85,61759,64.4,6.3,Hybrid,7.2,8,3.08,56.8,7,10.4,8.15,4.49,6.39,5.69,55.6,15.6,0.403,0
EMP02653,39,Female,Engineering,Senior Dev,1.27,53698,38.8,9.5,Hybrid,5.68,7,2.73,70.6,3,10.2,7.44,7.72,6.51,6.71,16.5,15.0,0.3993,0
EMP02654,43,Female,Engineering,Junior Dev,1.11,43452,54.8,11.5,Hybrid,8.84,15,2.71,70.2,6,3.6,5.86,4.3,6.8,5.83,11.0,5.1,0.566,0
EMP02655,29,Male,Engineering,Senior Dev,0.7,75836,44.3,8.5,Full Remote,9.17,9,1.71,66.6,3,14.2,3.13,4.17,8.31,5.62,8.0,6.7,0.2961,0
EMP02656,41,Male,HR,Analyst,1.58,40000,57.8,8.0,On-site,7.62,7,3.93,77.2,3,10.9,8.34,5.09,4.04,6.61,40.7,3.4,0.4436,0
EMP02657,26,Male,Engineering,Tech Lead,0.65,77485,47.7,1.1,Hybrid,9.24,3,3.37,63.0,4,19.8,7.58,5.06,8.46,5.52,6.2,3.1,0.2713,0
EMP02658,42,Male,Sales,Senior,9.86,105420,45.8,7.4,Full Remote,8.6,6,4.47,67.6,6,8.3,4.82,4.08,8.36,6.92,3.6,10.1,0.3177,0
EMP02659,36,Male,Operations,Manager,0.5,66163,35.0,12.8,Full Remote,8.73,6,4.02,85.4,3,0.0,8.93,7.63,4.85,6.55,50.8,3.5,0.519,0
EMP02660,39,Female,Sales,Associate,7.34,61594,38.0,14.9,On-site,5.36,19,3.56,90.4,5,11.9,6.86,3.37,1.72,3.73,3.7,4.2,0.5528,0
EMP02661,25,Male,Customer Support,Analyst,1.68,124946,45.2,10.5,Hybrid,7.91,6,3.79,81.1,2,7.7,8.68,4.76,2.84,5.49,13.7,11.8,0.4846,0
EMP02662,27,Other,Marketing,Associate,1.42,112742,46.6,2.8,Hybrid,8.58,5,2.11,49.0,4,8.7,7.85,3.67,5.84,7.01,24.4,1.9,0.3897,0
EMP02663,39,Male,Sales,Senior,0.79,55885,35.3,19.9,Full Remote,6.39,6,3.79,94.3,4,12.6,6.18,5.13,8.37,5.46,13.8,8.5,0.4654,0
EMP02664,27,Female,Operations,Manager,3.03,78475,39.2,13.0,Hybrid,8.9,5,3.33,58.3,6,1.1,6.29,4.92,4.57,6.5,39.3,7.1,0.5525,0
EMP02665,38,Female,Engineering,Senior Dev,3.47,83216,49.4,20.2,Hybrid,8.04,5,2.93,73.0,6,16.7,5.5,4.07,6.37,5.66,5.9,8.1,0.4617,0
EMP02666,24,Female,Engineering,Junior Dev,1.89,80091,35.0,32.5,On-site,7.3,8,3.16,71.0,6,6.8,7.38,5.12,4.9,3.4,22.3,3.3,0.4513,0
EMP02667,41,Female,Finance,Analyst,0.17,120366,46.1,1.1,Hybrid,5.1,12,4.03,53.1,2,12.3,7.27,5.66,5.83,5.31,7.3,11.6,0.4877,0
EMP02668,25,Male,Marketing,Associate,7.52,77180,54.9,21.6,Full Remote,9.41,4,3.04,76.5,4,9.6,7.33,8.05,8.38,5.95,80.1,4.3,0.5666,0
EMP02669,39,Female,Operations,Senior Analyst,11.79,80930,48.1,3.0,Full Remote,5.75,9,3.31,97.1,8,15.5,5.04,4.88,9.13,5.35,22.6,2.8,0.5734,0
EMP02670,40,Male,Customer Support,Analyst,1.69,92216,47.7,17.5,Full Remote,5.92,7,3.96,89.2,4,13.5,5.83,3.22,6.24,4.14,25.4,1.1,0.238,0
EMP02671,29,Male,Sales,Manager,2.85,104747,35.0,19.4,Hybrid,8.37,10,3.3,57.8,5,3.8,5.52,4.38,6.85,5.72,41.7,12.8,0.4158,0
EMP02672,39,Female,HR,Senior Analyst,1.8,98422,38.4,2.3,Full Remote,5.94,6,3.64,93.1,5,7.9,6.85,4.48,5.6,6.31,32.2,2.2,0.3859,0
EMP02673,37,Female,Marketing,Associate,1.17,88452,61.4,11.1,Hybrid,4.4,10,3.42,55.3,2,15.7,3.08,4.68,5.95,7.05,8.9,4.2,0.5794,0
EMP02674,30,Female,Customer Support,Analyst,0.24,40000,40.2,13.5,Hybrid,6.45,4,4.38,55.3,1,13.8,7.34,8.95,5.69,8.05,24.8,4.5,0.5244,0
EMP02675,26,Male,Operations,Senior Analyst,1.83,62796,55.1,5.5,Full Remote,6.8,4,3.64,85.0,3,13.4,8.17,2.36,6.41,3.52,117.4,3.0,0.2821,0
EMP02676,22,Male,Customer Support,Senior Analyst,5.12,95485,40.1,2.3,Hybrid,3.78,8,2.19,79.9,5,17.9,7.64,4.1,7.32,6.72,0.5,6.3,0.4078,0
EMP02677,37,Male,Sales,Senior,0.1,81259,42.8,7.4,Hybrid,9.2,6,4.14,68.2,4,8.8,8.51,2.49,7.35,8.33,38.7,5.5,0.1293,0
EMP02678,22,Male,Operations,Analyst,2.62,95653,49.1,5.3,Hybrid,8.01,10,2.98,51.4,5,13.9,4.34,7.45,4.99,7.48,23.3,3.9,0.3448,0
EMP02679,35,Male,Sales,Associate,6.38,122179,45.8,10.8,On-site,7.63,9,3.09,57.9,5,12.0,6.21,5.8,3.61,3.72,11.4,5.4,0.5483,0
EMP02680,32,Male,Engineering,Junior Dev,0.74,45575,48.1,4.5,Hybrid,7.79,10,3.33,54.6,4,9.8,2.68,3.77,5.39,6.83,46.1,13.5,0.4241,0
EMP02681,40,Male,Customer Support,Analyst,0.61,103447,38.5,11.9,Hybrid,8.44,7,5.0,88.3,1,13.1,4.47,7.58,6.71,5.78,14.3,6.5,0.4517,0
EMP02682,32,Female,Engineering,Junior Dev,4.44,66740,35.9,20.4,On-site,6.73,5,3.92,83.6,2,11.5,2.82,6.43,2.82,5.43,57.0,6.9,0.6317,0
EMP02683,32,Male,Customer Support,Analyst,0.88,98383,37.9,5.1,Hybrid,8.52,6,5.0,54.8,8,2.8,5.97,4.51,5.13,3.0,8.1,1.1,0.3342,0
EMP02684,40,Female,Engineering,Junior Dev,0.64,73969,40.7,16.3,On-site,6.96,7,3.55,77.9,6,20.1,9.24,6.71,5.92,7.65,14.0,4.1,0.5659,0
EMP02685,37,Male,Operations,Analyst,1.42,128175,43.2,24.2,Hybrid,4.89,8,4.09,66.4,8,10.0,8.94,3.01,8.66,3.93,20.3,5.0,0.3078,0
EMP02686,37,Female,Sales,Manager,1.5,78252,53.3,15.5,Hybrid,8.49,10,4.93,62.2,0,16.3,6.93,8.19,6.55,3.98,12.9,2.9,0.4567,0
EMP02687,38,Female,Sales,Senior,6.22,58987,45.7,9.9,Full Remote,7.78,7,4.16,63.7,1,3.3,5.37,3.97,8.6,3.61,8.6,2.2,0.3448,0
EMP02688,22,Male,Engineering,Manager,2.89,85496,48.9,4.2,Hybrid,6.89,9,3.83,52.9,5,10.1,4.67,4.85,4.31,7.58,107.6,7.3,0.4779,0
EMP02689,41,Female,HR,Analyst,1.56,83098,46.1,4.7,Full Remote,8.27,6,2.4,88.9,6,11.1,5.99,3.61,9.05,3.53,33.1,4.8,0.0846,0
EMP02690,39,Male,Sales,Senior,2.29,103452,36.1,10.1,On-site,7.32,8,2.69,85.9,4,12.1,6.08,3.8,7.65,5.41,4.2,5.0,0.3576,0
EMP02691,26,Female,Finance,Analyst,9.24,86201,45.1,4.6,Hybrid,8.16,15,3.74,74.0,6,15.1,7.04,5.62,7.2,5.0,43.1,2.7,0.6045,0
EMP02692,33,Male,Engineering,Senior Dev,0.36,136876,46.0,32.8,Hybrid,7.83,6,4.31,59.0,3,9.2,6.25,4.19,4.45,5.73,31.5,1.5,0.5313,0
EMP02693,34,Other,Engineering,Junior Dev,0.7,72214,51.1,3.8,Hybrid,6.41,8,3.39,64.0,6,13.6,8.31,8.16,6.63,6.14,102.2,9.1,0.44,0
EMP02694,33,Male,Engineering,Junior Dev,9.85,72509,36.5,9.8,Hybrid,8.05,6,4.04,64.6,3,16.1,6.12,5.26,6.57,6.78,0.6,9.8,0.6397,0
EMP02695,37,Male,Sales,Director,9.46,59902,35.0,6.8,Hybrid,6.41,7,2.82,58.7,7,13.0,7.34,5.78,7.09,3.16,16.3,6.0,0.4231,0
EMP02696,46,Female,Operations,Senior Analyst,0.59,77141,46.4,1.5,Hybrid,7.08,6,2.99,66.4,4,13.6,6.84,4.83,5.98,8.48,28.0,8.3,0.2891,0
EMP02697,43,Male,Operations,Manager,0.47,80776,47.8,3.6,Full Remote,7.13,9,3.88,39.1,6,13.2,5.45,4.75,5.45,4.66,6.4,8.5,0.5874,0
EMP02698,24,Female,Engineering,Senior Dev,1.64,82030,43.6,6.4,Full Remote,7.77,10,3.55,62.1,3,12.6,8.0,6.6,5.52,5.22,1.2,3.2,0.3393,0
EMP02699,39,Male,HR,Analyst,0.15,76679,45.2,4.7,On-site,8.45,12,3.2,50.1,9,12.2,4.75,3.44,4.71,5.7,0.3,8.6,0.4759,0
EMP02700,45,Female,Operations,Analyst,3.19,59754,52.0,9.4,On-site,6.55,9,3.07,45.2,7,1.2,8.04,4.63,8.95,7.78,7.9,4.9,0.2911,0
EMP02701,38,Male,Sales,Manager,0.24,52958,41.3,18.6,Full Remote,8.1,4,2.3,64.3,5,17.6,7.78,8.32,8.65,3.55,28.6,3.8,0.5775,0
EMP02702,43,Female,Sales,Senior,0.18,65620,42.8,12.9,Full Remote,4.44,9,3.48,69.2,4,7.8,8.3,3.57,7.78,2.85,78.0,4.5,0.2755,0
EMP02703,51,Female,Marketing,Director,1.99,103538,45.6,7.7,Full Remote,7.77,6,2.33,30.4,2,16.8,7.43,4.9,7.18,6.28,37.4,8.7,0.2787,0
EMP02704,43,Male,Engineering,Junior Dev,9.5,108919,35.2,21.0,On-site,7.4,6,3.25,83.6,6,11.2,2.07,6.83,6.53,6.03,18.2,2.8,0.6596,0
EMP02705,36,Male,Engineering,Tech Lead,1.67,73075,43.8,9.6,Full Remote,8.46,4,3.37,62.7,1,15.6,4.76,6.83,7.5,6.53,4.6,7.0,0.5623,0
EMP02706,43,Male,Engineering,Senior Dev,1.32,51460,44.5,9.0,Full Remote,4.86,7,4.64,31.3,4,17.3,6.0,4.96,5.49,3.57,28.2,4.9,0.6011,0
EMP02707,36,Other,HR,Analyst,18.58,72970,58.1,26.8,Full Remote,8.18,8,2.66,81.0,9,7.5,6.12,3.92,3.46,3.29,12.9,4.8,0.7319,1
EMP02708,35,Male,Engineering,Senior Dev,2.28,127291,42.6,12.9,Hybrid,6.0,9,3.88,55.2,5,11.2,7.42,7.66,5.38,5.37,12.8,3.3,0.4574,0
EMP02709,32,Male,Engineering,Senior Dev,1.41,99974,46.6,2.9,On-site,8.9,12,3.64,47.4,5,11.6,6.87,6.64,4.99,5.18,13.6,2.5,0.4951,0
EMP02710,47,Male,Sales,Associate,1.46,88768,52.3,3.8,Hybrid,7.82,3,2.66,43.3,3,7.8,4.32,5.48,7.72,4.5,96.0,5.2,0.5506,0
EMP02711,28,Male,Engineering,Junior Dev,0.65,99067,38.3,24.0,Full Remote,9.65,5,3.55,64.8,6,11.3,7.24,5.78,8.37,4.01,60.9,6.7,0.4638,0
EMP02712,47,Female,Engineering,Senior Dev,2.15,113514,56.0,11.4,Hybrid,8.71,8,2.44,71.1,4,11.4,7.54,5.56,5.87,4.49,98.8,6.5,0.4835,0
EMP02713,38,Female,Customer Support,Analyst,1.73,46178,59.1,18.8,Full Remote,6.54,13,3.55,83.4,2,12.5,8.06,3.3,6.1,5.75,70.8,2.4,0.3863,0
EMP02714,23,Female,Engineering,Senior Dev,0.95,65199,44.8,8.9,Full Remote,8.97,9,3.33,63.7,3,17.5,5.38,3.48,3.13,6.82,10.3,5.8,0.587,0
EMP02715,37,Female,Finance,Analyst,0.52,61781,40.7,5.6,On-site,3.65,2,4.21,68.5,2,17.1,4.58,3.1,3.11,2.48,10.5,3.6,0.5473,0
EMP02716,22,Female,Sales,Associate,1.12,89677,58.0,10.2,On-site,6.66,7,2.93,57.0,2,18.4,6.0,2.98,6.24,6.74,3.2,3.4,0.3679,0
EMP02717,40,Male,Finance,Manager,2.13,79002,51.4,0.4,On-site,9.47,5,1.72,52.7,4,6.0,7.28,3.86,3.38,5.69,23.4,1.7,0.3063,0
EMP02718,42,Male,HR,Manager,0.18,93907,45.7,6.7,Hybrid,6.89,7,3.04,79.3,2,6.6,6.75,4.36,7.8,6.38,2.8,1.3,0.3709,0
EMP02719,30,Female,Engineering,Senior Dev,0.5,62327,56.4,21.3,Full Remote,8.44,7,4.0,68.9,4,8.6,5.95,5.11,7.8,5.75,23.1,2.9,0.4474,0
EMP02720,35,Female,Operations,Manager,8.85,109298,55.6,6.2,On-site,7.5,4,3.62,80.3,3,16.4,7.57,5.27,5.16,3.44,6.3,2.3,0.5872,0
EMP02721,50,Female,Marketing,Senior,2.35,73266,42.3,0.1,Full Remote,7.71,6,3.04,76.9,4,9.2,8.61,3.08,9.62,7.2,37.6,6.1,0.067,0
EMP02722,30,Male,Operations,Analyst,0.2,92363,47.0,11.8,Full Remote,6.75,7,4.47,67.8,6,11.4,7.69,4.87,4.69,3.25,1.2,5.8,0.7078,1
EMP02723,26,Male,Sales,Associate,3.54,104885,49.6,6.7,Full Remote,5.18,6,3.28,59.4,3,13.7,4.79,4.12,4.15,7.13,5.1,4.2,0.7119,1
EMP02724,46,Male,Customer Support,Manager,0.19,102878,45.2,3.8,On-site,7.13,9,4.13,71.7,6,2.1,7.64,7.22,5.79,8.09,25.7,12.0,0.5587,0
EMP02725,50,Female,Operations,Senior Analyst,4.03,84020,35.0,14.4,Hybrid,8.88,7,3.52,55.1,4,10.6,3.74,5.49,5.32,4.98,33.1,3.9,0.3912,0
EMP02726,35,Female,Customer Support,Manager,4.16,95483,37.5,6.7,Full Remote,8.51,6,4.04,47.6,1,10.9,7.31,5.78,6.23,6.41,16.9,4.1,0.3718,0
EMP02727,43,Female,Marketing,Manager,3.16,118541,35.0,37.8,Full Remote,6.96,9,4.12,62.3,4,11.2,5.76,4.52,3.88,5.24,7.1,2.0,0.6513,0
EMP02728,45,Male,Marketing,Senior,3.95,87840,48.9,7.9,On-site,8.55,7,4.57,57.2,6,16.8,6.4,2.75,8.02,3.79,60.2,3.9,0.4087,0
EMP02729,29,Female,Operations,Analyst,0.28,56758,35.5,7.6,On-site,7.64,9,2.88,90.6,4,2.8,4.83,3.02,5.71,2.97,40.7,6.3,0.2364,0
EMP02730,31,Male,Operations,Analyst,3.89,89576,46.5,7.1,Hybrid,7.31,7,3.96,60.5,3,6.9,6.95,7.22,6.21,5.1,12.8,4.5,0.4633,0
EMP02731,44,Male,Customer Support,Analyst,0.44,74067,59.7,11.5,Full Remote,9.29,9,2.52,73.5,6,12.5,5.55,2.15,4.45,7.58,50.1,1.8,0.2982,0
EMP02732,48,Female,Sales,Associate,1.24,40000,56.4,14.4,Hybrid,7.82,7,3.95,57.7,3,14.9,7.52,3.28,5.49,6.97,6.5,0.8,0.5016,0
EMP02733,39,Male,Operations,Analyst,8.58,86549,35.0,10.7,Hybrid,8.12,5,2.15,76.4,3,18.5,7.25,5.98,4.29,6.48,2.4,5.1,0.4609,0
EMP02734,27,Male,Engineering,Junior Dev,2.1,77916,35.0,8.0,On-site,5.83,6,5.0,77.6,5,17.3,6.19,5.74,4.68,6.76,25.1,5.0,0.5291,0
EMP02735,50,Female,Marketing,Associate,10.27,103910,38.8,15.0,Full Remote,8.93,9,3.77,74.8,10,10.0,4.44,3.95,5.52,3.34,21.4,3.4,0.2807,0
EMP02736,30,Female,Engineering,Senior Dev,0.28,56247,35.6,11.3,Hybrid,8.51,9,3.68,83.8,5,4.7,7.46,5.26,3.73,5.32,3.3,3.7,0.3628,0
EMP02737,32,Male,Sales,Associate,1.95,40000,35.0,7.2,Full Remote,8.1,8,2.18,73.2,4,12.2,6.96,2.78,5.92,5.7,3.3,2.3,0.3151,0
EMP02738,37,Female,Customer Support,Senior Analyst,0.19,79217,44.9,10.4,Hybrid,5.53,8,4.31,74.4,2,11.7,9.38,4.57,8.03,4.95,5.9,8.3,0.4329,0
EMP02739,47,Male,Engineering,Senior Dev,2.98,84504,50.6,14.1,Full Remote,5.83,5,4.5,52.1,3,16.1,4.41,3.39,6.42,4.37,14.3,4.1,0.5188,0
EMP02740,41,Female,HR,Senior Analyst,0.25,77345,52.6,6.2,On-site,9.34,15,3.32,72.6,5,17.0,6.83,3.99,5.67,4.01,47.8,7.6,0.3882,0
EMP02741,38,Female,HR,Manager,0.58,75517,41.2,6.0,Full Remote,7.29,12,3.15,57.2,6,10.1,7.32,3.85,6.52,5.98,32.5,9.8,0.385,0
EMP02742,38,Female,Engineering,Junior Dev,0.9,48281,42.8,5.9,Hybrid,7.45,13,3.2,69.7,5,7.4,5.62,5.7,2.9,6.23,24.2,3.1,0.5138,0
EMP02743,35,Female,Sales,Associate,4.14,71527,47.8,0.8,Hybrid,4.4,9,4.88,78.8,5,16.9,3.07,7.33,7.43,3.14,96.1,0.2,0.7007,1
EMP02744,39,Male,Marketing,Manager,0.54,66289,44.1,7.8,On-site,6.76,9,3.42,62.9,4,8.4,7.75,4.29,6.49,6.0,14.1,5.7,0.5802,0
EMP02745,22,Male,Engineering,Senior Dev,5.62,101817,51.5,5.3,On-site,8.77,11,3.63,40.8,2,7.5,6.66,6.29,6.52,5.25,8.1,0.7,0.5644,0
EMP02746,32,Male,Operations,Senior Analyst,0.42,84483,48.4,10.5,Full Remote,8.61,15,4.26,75.0,2,6.1,8.72,7.04,7.19,7.38,14.9,12.3,0.3965,0
EMP02747,36,Male,Customer Support,Analyst,0.11,68050,42.0,18.2,Full Remote,7.31,9,1.55,69.4,5,6.1,5.27,6.21,3.03,5.49,59.0,8.9,0.6248,0
EMP02748,25,Female,Engineering,Tech Lead,1.51,118097,35.0,25.5,Hybrid,7.12,10,3.43,70.9,3,24.5,8.32,6.49,7.55,6.65,24.9,6.7,0.3763,0
EMP02749,38,Male,Engineering,Manager,11.65,68277,57.0,9.7,Hybrid,8.21,6,3.27,56.6,3,12.4,4.41,6.19,7.22,6.25,37.6,9.7,0.516,0
EMP02750,33,Male,Marketing,Senior,0.35,88944,39.5,7.4,Full Remote,5.83,6,3.62,88.5,5,9.9,8.7,5.05,4.48,5.97,39.1,2.6,0.5245,0
EMP02751,49,Male,Finance,Analyst,0.32,70826,47.9,11.0,On-site,8.34,16,4.15,79.9,5,4.0,5.08,6.49,6.93,7.5,0.3,4.6,0.488,0
EMP02752,47,Other,Sales,Manager,4.17,115778,35.0,5.1,Full Remote,8.36,8,4.28,73.1,5,9.4,6.98,5.55,4.85,5.77,30.2,7.6,0.4935,0
EMP02753,31,Male,Engineering,Tech Lead,1.12,77171,44.9,6.9,On-site,7.46,8,3.31,58.8,4,21.6,5.05,7.12,5.92,5.2,5.2,2.5,0.4474,0
EMP02754,33,Female,Marketing,Manager,3.79,77910,45.8,12.7,Full Remote,8.75,8,3.38,79.0,1,8.7,4.73,1.92,3.98,6.36,6.2,1.9,0.3807,0
EMP02755,34,Male,Customer Support,Analyst,0.67,71503,46.2,5.4,Full Remote,7.74,9,3.52,91.3,6,12.5,8.04,5.74,5.25,4.85,4.6,4.5,0.562,0
EMP02756,31,Male,Sales,Manager,1.85,79912,69.1,15.2,Full Remote,9.88,2,4.11,75.2,4,10.0,8.53,2.82,8.78,5.12,17.9,9.7,0.4178,0
EMP02757,36,Female,Sales,Associate,0.92,104988,40.0,11.2,Hybrid,7.94,8,4.42,67.5,0,18.4,6.0,3.18,6.32,6.83,19.0,3.7,0.3361,0
EMP02758,28,Female,Customer Support,Analyst,1.8,96146,51.6,7.4,Full Remote,6.61,9,2.38,58.9,4,10.9,8.45,6.93,5.29,6.3,4.0,7.2,0.4673,0
EMP02759,25,Female,Finance,Senior Analyst,4.4,75701,49.2,6.0,Hybrid,5.44,6,3.8,65.8,3,17.8,4.39,3.64,6.0,6.77,15.8,2.6,0.4782,0
EMP02760,39,Female,Finance,Analyst,4.31,117533,39.6,6.8,Hybrid,8.63,10,3.34,87.7,3,7.1,7.07,6.46,4.7,4.78,6.4,5.2,0.3587,0
EMP02761,40,Male,Marketing,Senior,2.18,96824,51.4,1.0,Full Remote,8.58,7,5.0,83.5,1,13.2,6.51,4.62,7.54,3.91,38.6,6.2,0.2757,0
EMP02762,28,Male,Customer Support,Senior Analyst,7.91,64045,43.7,7.7,On-site,7.34,8,2.62,62.7,2,1.9,6.37,6.48,7.37,1.46,69.8,3.6,0.5858,0
EMP02763,42,Female,Finance,Analyst,0.92,40491,52.0,2.5,On-site,8.49,7,2.57,88.6,1,12.4,5.57,3.74,4.99,6.73,74.6,6.6,0.4449,0
EMP02764,29,Male,Operations,Senior Analyst,0.82,64624,60.7,11.5,Hybrid,7.46,9,3.03,49.7,5,13.7,8.64,6.12,5.32,5.54,4.8,1.1,0.4888,0
EMP02765,37,Female,Finance,Manager,2.85,85333,46.2,15.9,On-site,7.31,5,3.97,46.9,2,11.0,7.78,6.54,8.96,3.22,4.3,1.7,0.5403,0
EMP02766,41,Female,Finance,Analyst,2.91,89930,42.8,5.2,Full Remote,3.67,6,3.98,78.0,2,17.7,8.29,5.29,6.51,4.18,8.1,5.8,0.5166,0
EMP02767,34,Male,Sales,Senior,0.14,108978,53.4,4.2,Full Remote,8.24,10,3.06,85.5,1,10.0,7.37,2.99,7.48,4.33,64.0,9.2,0.3695,0
EMP02768,38,Female,Sales,Associate,2.81,47636,56.2,5.1,Full Remote,3.98,5,4.31,91.0,2,14.6,8.16,5.53,8.07,4.24,12.1,4.5,0.5779,0
EMP02769,30,Male,Operations,Senior Analyst,1.41,64021,37.9,14.8,On-site,8.71,6,3.15,52.7,8,15.2,7.43,5.73,5.95,6.18,1.4,20.5,0.4306,0
EMP02770,33,Male,Sales,Associate,4.13,45558,41.4,3.6,Hybrid,7.09,6,4.18,83.3,9,6.7,5.1,3.77,5.37,4.85,23.2,7.6,0.3931,0
EMP02771,33,Male,Marketing,Senior,4.95,41530,50.4,6.6,Full Remote,9.64,11,2.39,92.1,3,19.0,8.6,4.92,4.27,3.78,1.0,7.5,0.5294,0
EMP02772,29,Female,Engineering,Junior Dev,2.41,59304,43.9,3.3,Hybrid,6.86,4,2.73,73.7,11,14.3,5.33,6.33,5.94,5.75,12.1,9.6,0.4467,0
EMP02773,33,Male,Operations,Manager,0.1,84165,37.4,4.7,Full Remote,7.27,8,3.17,91.4,1,11.9,5.85,3.83,7.82,4.3,8.7,2.1,0.227,0
EMP02774,22,Female,Engineering,Senior Dev,3.03,94284,49.3,18.6,Full Remote,8.28,5,3.45,62.4,6,15.1,7.87,5.51,8.82,6.09,46.3,5.2,0.3119,0
EMP02775,31,Female,Operations,Senior Analyst,4.15,51291,50.4,4.1,Hybrid,5.65,10,2.83,57.0,3,6.2,4.95,1.87,5.42,3.63,29.1,7.0,0.465,0
EMP02776,32,Female,HR,Analyst,0.86,54768,42.3,3.2,Full Remote,6.85,9,2.82,65.2,3,8.6,6.03,4.44,5.22,5.48,8.1,8.8,0.3483,0
EMP02777,32,Female,Engineering,Senior Dev,1.87,40000,45.5,0.9,Full Remote,6.97,10,3.86,59.2,1,14.5,8.57,5.5,5.4,8.6,1.3,2.2,0.4345,0
EMP02778,33,Male,Marketing,Senior,10.12,80358,40.4,4.6,Full Remote,6.92,10,4.15,75.1,3,6.3,3.85,5.7,4.71,6.52,9.0,15.9,0.457,0
EMP02779,34,Male,Sales,Senior,1.06,56696,36.2,1.5,Hybrid,5.23,8,2.88,76.9,3,11.9,9.04,4.64,7.69,7.16,2.9,1.9,0.2472,0
EMP02780,38,Male,Sales,Senior,0.76,116575,41.0,8.5,Hybrid,9.04,8,2.43,57.6,3,24.5,6.87,5.4,4.62,2.58,1.6,1.8,0.5451,0
EMP02781,41,Female,Sales,Associate,0.71,85245,45.6,28.3,Hybrid,7.56,5,3.58,87.3,2,16.9,7.97,1.72,9.62,2.81,5.8,1.9,0.5092,0
EMP02782,29,Other,Engineering,Junior Dev,2.45,70713,35.0,12.2,Hybrid,9.59,7,3.87,70.6,1,12.0,6.21,5.27,8.26,5.32,7.8,1.1,0.3341,0
EMP02783,25,Female,Customer Support,Senior Analyst,8.97,58972,41.6,1.7,Full Remote,7.71,8,2.66,85.3,6,5.7,7.84,7.01,7.75,6.12,7.4,1.8,0.4377,0
EMP02784,26,Female,Engineering,Tech Lead,2.81,40000,45.7,7.7,Full Remote,7.8,11,4.84,94.3,0,15.6,6.64,7.74,8.27,6.99,51.6,3.3,0.3596,0
EMP02785,31,Female,Finance,Analyst,1.08,40803,54.6,10.4,On-site,3.41,8,2.8,40.7,5,12.6,4.36,4.13,4.33,2.67,17.6,8.5,0.6425,0
EMP02786,32,Male,Sales,Associate,3.05,59446,42.5,4.2,Full Remote,7.64,10,3.29,58.6,3,15.7,6.05,5.65,5.52,9.11,7.8,4.4,0.4507,0
EMP02787,28,Female,HR,Analyst,2.94,57527,35.0,9.5,Hybrid,5.3,6,3.3,70.5,5,12.6,6.2,2.4,5.55,6.83,21.0,8.8,0.517,0
EMP02788,24,Female,Sales,Director,2.73,50020,43.3,8.1,On-site,6.09,9,2.85,74.2,2,13.7,3.61,6.43,7.38,4.56,6.8,1.7,0.5528,0
EMP02789,31,Male,Finance,Manager,0.52,84427,40.5,8.7,Hybrid,7.78,6,4.95,83.0,4,11.7,7.44,5.01,4.46,5.53,19.0,8.5,0.4771,0
EMP02790,36,Other,Finance,Senior Analyst,3.02,87856,49.4,8.4,Full Remote,8.47,6,2.75,59.3,2,20.2,7.47,2.75,5.9,3.37,23.6,3.5,0.1232,0
EMP02791,39,Male,Finance,Manager,1.69,63534,42.3,19.4,On-site,8.92,11,4.89,39.6,4,12.9,5.81,6.01,8.65,6.09,16.6,4.9,0.4924,0
EMP02792,30,Female,Engineering,Senior Dev,0.1,123378,35.0,11.4,Full Remote,6.7,10,3.26,59.8,7,13.4,5.84,5.75,6.41,6.01,22.5,10.4,0.5189,0
EMP02793,31,Female,Finance,Manager,2.33,40000,70.0,10.1,Hybrid,6.81,3,3.26,64.7,4,10.6,7.96,6.07,9.1,7.46,19.9,18.3,0.3498,0
EMP02794,27,Female,Sales,Associate,13.6,76454,46.1,8.3,Full Remote,6.78,4,2.98,65.3,5,5.0,8.84,3.93,6.47,5.0,25.2,5.2,0.2656,0
EMP02795,34,Male,Engineering,Junior Dev,1.29,69535,45.7,19.4,Hybrid,6.35,10,4.05,87.5,7,20.0,6.97,6.8,7.47,2.29,14.4,5.3,0.6549,0
EMP02796,28,Female,Sales,Senior,10.11,61232,35.0,7.5,Hybrid,5.88,16,5.0,54.7,3,10.1,6.88,5.91,4.58,5.55,46.7,8.5,0.4958,0
EMP02797,39,Female,Sales,Senior,0.3,57558,35.0,3.1,Hybrid,7.31,9,3.05,81.3,5,14.9,7.51,7.19,6.59,6.31,11.4,5.4,0.3483,0
EMP02798,22,Male,Marketing,Senior,3.96,74826,44.3,12.9,On-site,8.58,8,3.26,82.1,3,18.0,6.94,6.61,2.46,7.25,4.9,2.6,0.5503,0
EMP02799,32,Female,Finance,Analyst,0.36,69361,47.7,36.1,On-site,5.93,7,4.67,57.4,5,11.3,5.47,6.58,8.24,3.89,3.8,8.2,0.774,1
EMP02800,37,Female,Sales,Senior,0.96,65203,50.6,6.7,Full Remote,6.77,9,2.61,57.4,6,19.6,5.9,3.41,7.7,6.41,7.6,2.8,0.5245,0
EMP02801,36,Female,Sales,Associate,2.54,42532,46.9,9.5,On-site,7.02,8,2.87,81.0,8,8.9,8.65,7.76,8.65,5.93,5.7,2.9,0.4427,0
EMP02802,56,Male,Engineering,Junior Dev,2.7,40000,35.5,10.7,Full Remote,6.63,5,4.6,52.4,3,2.2,6.02,8.13,7.71,6.65,7.1,1.9,0.4805,0
EMP02803,37,Female,Finance,Manager,4.48,67787,35.0,4.5,Full Remote,7.82,9,3.84,68.9,5,8.2,7.26,5.12,7.97,5.99,36.2,10.3,0.3704,0
EMP02804,26,Female,Marketing,Manager,2.87,64947,44.2,22.8,On-site,8.35,11,2.81,75.1,4,13.7,6.4,2.46,4.96,8.24,4.6,2.1,0.2256,0
EMP02805,34,Male,Sales,Director,2.7,70074,40.7,10.7,Hybrid,7.8,5,4.0,77.0,11,12.4,6.4,5.54,4.38,5.12,27.9,4.7,0.6103,0
EMP02806,22,Male,Finance,Senior Analyst,7.3,72284,35.0,9.3,Full Remote,9.44,10,2.27,83.4,4,14.5,7.04,3.5,6.92,5.87,22.3,2.9,0.4689,0
EMP02807,34,Other,Marketing,Senior,1.81,61937,51.6,1.5,Hybrid,9.18,6,4.37,92.2,9,9.6,6.95,4.8,6.89,3.69,40.2,0.8,0.3329,0
EMP02808,28,Female,Marketing,Senior,0.77,69689,35.0,11.0,Full Remote,7.45,9,1.93,68.6,4,0.1,7.74,6.44,7.88,5.68,3.1,6.8,0.3692,0
EMP02809,42,Female,Marketing,Associate,0.53,53661,49.9,5.9,Hybrid,7.41,6,2.68,75.4,3,13.1,5.55,4.58,6.79,5.99,8.0,17.0,0.5654,0
EMP02810,30,Male,HR,Analyst,1.53,113098,35.0,0.5,Hybrid,3.86,11,3.8,70.8,2,13.8,5.25,6.05,4.38,4.48,38.1,8.0,0.6684,0
EMP02811,34,Male,Finance,Analyst,3.74,55006,46.1,1.1,On-site,4.5,9,2.49,76.2,0,13.7,8.4,7.51,4.78,5.07,7.7,1.4,0.6942,0
EMP02812,29,Male,Sales,Manager,0.13,65725,52.5,4.1,Full Remote,9.62,3,3.51,81.1,3,10.4,4.93,5.72,7.2,5.46,10.3,5.6,0.3933,0
EMP02813,48,Male,Engineering,Junior Dev,0.41,56905,42.3,4.7,Full Remote,8.42,9,3.95,70.4,4,12.8,7.04,7.49,5.35,4.09,12.5,1.6,0.3295,0
EMP02814,32,Female,Engineering,Manager,0.34,56485,58.5,9.3,Full Remote,8.92,8,2.91,91.5,5,12.3,8.05,3.82,4.99,7.55,9.6,4.5,0.5531,0
EMP02815,49,Female,HR,Senior Analyst,2.64,75616,60.3,4.9,Full Remote,7.69,9,3.4,78.4,4,12.3,8.0,3.0,5.98,3.44,5.9,11.1,0.3557,0
EMP02816,41,Female,Operations,Senior Analyst,0.83,72444,46.9,4.7,On-site,4.32,8,4.17,54.7,2,15.5,9.43,4.1,7.5,6.63,1.3,2.2,0.2666,0
EMP02817,38,Male,Sales,Associate,0.55,63513,49.3,10.2,On-site,7.94,6,3.86,81.8,1,4.3,4.64,7.26,7.38,5.17,15.0,20.0,0.7034,1
EMP02818,37,Female,Engineering,Junior Dev,2.7,67913,53.5,27.4,Hybrid,6.65,4,4.71,56.0,5,10.7,7.84,6.8,6.59,3.16,36.3,7.6,0.736,1
EMP02819,38,Male,Operations,Manager,4.3,57004,49.4,6.7,Hybrid,7.82,6,2.83,71.4,2,14.5,8.27,6.27,3.47,6.02,0.3,1.8,0.4599,0
EMP02820,22,Male,Operations,Analyst,1.21,85043,48.5,1.8,On-site,7.88,4,2.7,71.8,4,8.2,7.99,7.15,6.26,5.45,22.4,2.1,0.6301,0
EMP02821,32,Female,Operations,Analyst,2.59,126379,40.8,3.5,Full Remote,8.12,5,4.55,72.0,2,11.2,5.91,3.41,3.63,3.66,15.5,5.6,0.3696,0
EMP02822,41,Female,HR,Analyst,0.31,53128,35.0,2.0,Full Remote,7.82,7,3.8,75.8,4,5.2,8.11,4.5,7.21,9.2,38.4,5.7,0.2747,0
EMP02823,34,Female,Operations,Analyst,8.21,84849,35.0,9.0,Full Remote,7.89,11,3.3,93.3,3,3.6,6.11,7.88,5.58,4.26,0.7,4.8,0.6311,0
EMP02824,23,Male,Engineering,Junior Dev,1.23,76123,64.1,9.1,On-site,7.77,12,3.03,46.7,3,2.5,6.17,5.32,6.23,3.41,17.6,7.4,0.5514,0
EMP02825,34,Female,Engineering,Senior Dev,17.98,91715,47.6,10.3,Hybrid,8.46,8,4.15,64.0,6,12.6,7.41,5.39,3.99,5.14,19.8,9.1,0.4191,0
EMP02826,48,Female,Engineering,Senior Dev,11.53,92419,43.0,3.3,Hybrid,7.96,8,3.19,63.2,1,8.9,7.57,5.53,3.8,4.18,24.4,8.6,0.4392,0
EMP02827,44,Female,Finance,Senior Analyst,4.53,80135,55.1,5.4,Full Remote,9.83,7,4.12,40.0,5,12.8,6.79,1.81,5.69,7.45,20.3,5.0,0.1797,0
EMP02828,34,Male,Engineering,Junior Dev,0.1,74004,39.0,11.3,Hybrid,8.75,3,4.51,62.4,2,18.9,7.21,3.52,6.77,3.49,60.9,8.8,0.3274,0
EMP02829,42,Other,Marketing,Manager,2.35,64138,49.7,15.0,On-site,6.32,7,3.58,86.6,5,10.5,5.36,4.15,8.22,5.62,11.3,7.6,0.4552,0
EMP02830,32,Female,Marketing,Manager,0.27,55875,45.6,18.4,Full Remote,7.52,8,2.41,69.0,8,14.0,5.32,3.58,6.15,6.29,22.8,8.4,0.5525,0
EMP02831,22,Female,Sales,Associate,6.77,72578,48.7,4.8,Hybrid,6.18,4,3.95,86.6,3,5.3,7.37,2.77,9.72,3.78,9.6,4.6,0.2838,0
EMP02832,27,Male,Operations,Analyst,4.68,42885,42.3,2.8,Full Remote,8.7,10,4.39,62.2,2,6.4,8.16,3.73,3.44,5.29,37.0,1.2,0.4187,0
EMP02833,47,Male,Engineering,Junior Dev,10.76,60153,37.3,15.2,On-site,8.3,17,4.46,78.3,4,0.1,5.79,5.23,6.88,5.65,4.2,3.2,0.5372,0
EMP02834,32,Male,Sales,Manager,2.81,102671,38.4,7.5,Hybrid,7.52,9,3.63,51.3,4,4.7,7.39,5.63,5.85,8.49,48.8,8.1,0.3745,0
EMP02835,33,Male,Operations,Senior Analyst,2.22,77462,38.7,2.9,Full Remote,7.75,11,2.13,74.4,4,7.8,6.13,2.37,5.67,7.42,3.4,5.5,0.2647,0
EMP02836,32,Female,Engineering,Manager,2.2,97316,45.0,12.2,Hybrid,2.94,8,3.14,60.2,8,10.0,5.73,5.83,7.57,6.2,3.7,16.4,0.6489,0
EMP02837,50,Male,Finance,Analyst,1.47,111741,35.0,2.7,Full Remote,7.84,9,3.1,80.0,3,8.7,4.88,6.83,6.28,5.24,44.7,2.7,0.4014,0
EMP02838,48,Male,Operations,Senior Analyst,1.9,70574,35.0,4.2,On-site,6.2,9,4.18,76.5,3,10.4,6.33,4.85,3.08,5.0,14.4,6.6,0.42,0
EMP02839,52,Male,Customer Support,Analyst,3.03,80183,46.1,9.9,On-site,6.61,6,3.83,83.7,2,13.7,3.99,6.65,4.92,5.41,33.4,3.6,0.5889,0
EMP02840,33,Male,Operations,Analyst,8.11,67453,44.0,5.8,Hybrid,7.83,7,4.22,39.8,2,8.0,4.52,3.3,6.95,7.19,40.9,2.0,0.3917,0
EMP02841,37,Male,Sales,Senior,2.72,54684,46.5,2.0,Full Remote,7.68,10,2.96,61.6,3,11.0,7.2,5.77,7.89,5.91,56.2,9.3,0.317,0
EMP02842,22,Female,HR,Analyst,5.84,51175,44.6,6.9,Hybrid,9.14,7,3.67,60.6,2,12.9,6.14,5.22,6.37,5.66,12.0,7.1,0.3184,0
EMP02843,46,Female,Engineering,Tech Lead,5.96,96078,65.2,6.4,Hybrid,9.11,8,1.66,65.2,2,8.7,6.66,4.28,6.93,5.15,27.0,2.6,0.3249,0
EMP02844,25,Male,Sales,Senior,2.19,80215,46.0,9.6,Full Remote,6.69,10,3.17,72.2,6,9.9,6.38,4.97,7.75,4.72,38.8,1.1,0.4823,0
EMP02845,36,Male,Engineering,Tech Lead,1.28,121165,42.0,12.5,Full Remote,7.23,6,2.31,44.9,0,14.0,5.82,5.39,7.36,5.38,19.7,6.8,0.4153,0
EMP02846,26,Male,Sales,Associate,3.06,99301,45.8,13.2,On-site,8.83,3,4.89,81.8,4,20.4,5.08,4.83,3.77,4.43,1.6,4.0,0.553,0
EMP02847,30,Male,Operations,Manager,1.77,56719,53.2,14.4,On-site,7.67,10,3.87,73.6,3,15.0,5.02,4.76,6.14,7.96,1.9,3.8,0.3775,0
EMP02848,28,Female,Sales,Director,0.25,96008,44.6,14.1,On-site,5.68,10,3.84,75.2,3,5.9,6.6,7.69,5.96,1.98,47.8,5.4,0.4842,0
EMP02849,30,Female,Marketing,Director,1.42,67373,50.5,9.6,Hybrid,9.11,10,2.52,41.3,6,8.1,6.37,4.12,5.19,6.06,24.0,7.6,0.3909,0
EMP02850,30,Female,Sales,Manager,15.38,105421,48.2,11.4,On-site,5.34,14,3.4,70.6,2,6.3,8.21,5.38,5.91,6.51,10.9,6.6,0.4564,0
EMP02851,30,Female,Marketing,Manager,0.15,62841,42.7,7.0,Hybrid,7.92,17,4.03,91.8,2,14.1,8.52,6.38,6.41,5.73,19.6,4.6,0.4684,0
EMP02852,41,Male,Customer Support,Senior Analyst,3.58,48689,45.9,12.1,Hybrid,8.69,9,2.8,83.8,5,16.0,5.18,1.51,6.49,6.88,2.8,9.8,0.2817,0
EMP02853,26,Female,Sales,Associate,5.52,55106,57.8,3.7,On-site,8.7,11,3.13,73.3,4,3.2,7.23,2.16,3.19,7.02,45.6,8.7,0.316,0
EMP02854,36,Female,HR,Senior Analyst,3.14,56383,46.9,9.5,On-site,7.4,9,4.39,80.8,5,11.6,5.9,3.52,5.22,7.97,93.2,4.5,0.4834,0
EMP02855,44,Female,Sales,Manager,2.53,53993,37.1,7.2,On-site,7.72,8,2.64,85.4,2,9.2,7.36,5.38,7.78,6.43,9.6,5.9,0.3645,0
EMP02856,30,Male,Engineering,Manager,3.69,60684,42.4,18.8,On-site,6.93,9,3.15,57.9,4,9.1,8.45,6.42,6.58,5.83,18.0,3.3,0.6954,0
EMP02857,29,Female,Marketing,Senior,1.68,96417,35.0,1.9,Hybrid,8.36,5,2.85,83.3,7,10.6,8.71,6.43,5.83,3.83,64.6,2.7,0.4447,0
EMP02858,33,Female,Operations,Analyst,0.29,119901,46.1,15.2,Hybrid,9.0,10,3.77,56.7,5,10.4,6.55,5.91,8.16,2.51,2.6,2.2,0.3882,0
EMP02859,44,Female,Engineering,Senior Dev,9.84,41745,55.5,3.5,On-site,6.83,11,4.12,81.8,3,8.1,8.6,5.35,5.1,3.55,9.3,3.9,0.553,0
EMP02860,36,Male,Engineering,Manager,1.7,106587,35.0,3.1,Hybrid,8.21,6,4.78,56.3,5,13.8,7.66,5.67,6.17,6.4,101.1,6.9,0.4817,0
EMP02861,30,Female,Engineering,Junior Dev,3.28,63057,46.2,32.2,Full Remote,8.08,6,3.82,72.1,6,8.1,6.55,4.93,8.93,6.18,39.0,6.0,0.5909,0
EMP02862,38,Female,Operations,Analyst,2.27,83697,52.9,11.0,On-site,8.83,10,4.5,44.1,5,10.3,7.22,5.35,7.58,3.96,30.0,6.4,0.4678,0
EMP02863,26,Female,Finance,Senior Analyst,0.17,40000,53.7,20.4,On-site,6.75,9,3.79,85.4,3,9.7,5.65,4.52,8.39,4.59,5.0,13.4,0.5873,0
EMP02864,40,Female,Marketing,Associate,9.16,88100,55.2,31.8,Full Remote,6.27,7,2.41,16.3,1,18.3,7.29,4.97,8.52,3.88,24.4,1.8,0.5381,0
EMP02865,38,Female,Marketing,Associate,4.72,40000,35.0,11.1,On-site,9.71,10,3.53,61.7,1,10.1,5.85,5.3,7.15,4.91,9.1,3.8,0.4606,0
EMP02866,32,Male,Operations,Analyst,0.48,82848,49.0,5.6,Full Remote,2.51,8,3.54,44.3,3,21.9,7.88,5.62,4.36,4.77,10.9,7.2,0.5685,0
EMP02867,28,Female,Operations,Manager,11.99,81431,35.0,3.3,On-site,5.13,6,4.35,58.7,2,14.9,6.76,3.35,4.23,6.36,3.8,5.4,0.4854,0
EMP02868,27,Male,Operations,Analyst,4.01,79775,37.0,4.5,Hybrid,6.06,9,3.42,85.9,6,4.1,6.95,7.33,8.05,4.81,4.4,1.4,0.4328,0
EMP02869,39,Female,Operations,Analyst,1.92,56627,51.6,5.5,Hybrid,9.23,9,3.2,88.2,2,6.6,6.7,5.17,9.64,4.32,24.5,3.3,0.5082,0
EMP02870,44,Male,HR,Senior Analyst,2.84,88738,46.3,8.3,On-site,9.28,9,2.82,74.3,3,8.1,7.17,5.33,6.14,2.95,111.8,0.4,0.3169,0
EMP02871,29,Female,Marketing,Director,0.34,84777,50.8,2.3,On-site,7.49,10,3.29,67.0,5,19.2,7.14,3.27,5.66,1.82,22.5,11.9,0.2261,0
EMP02872,38,Female,Operations,Manager,2.47,69751,37.6,6.4,On-site,8.34,6,3.43,76.6,4,17.6,7.68,6.01,6.06,8.94,4.5,8.0,0.3095,0
EMP02873,22,Female,Customer Support,Analyst,0.23,91796,56.8,2.4,On-site,9.04,5,3.98,56.3,5,21.1,5.66,6.19,7.14,7.07,33.1,1.7,0.3789,0
EMP02874,30,Female,Engineering,Manager,2.36,72609,50.5,6.5,Full Remote,6.37,10,2.85,73.6,5,12.1,8.18,7.3,4.6,7.32,14.7,9.1,0.6058,0
EMP02875,34,Female,Engineering,Junior Dev,2.41,88219,52.1,9.7,Full Remote,9.13,9,5.0,60.8,6,10.1,7.76,6.7,4.41,3.9,2.6,7.3,0.4664,0
EMP02876,27,Female,Customer Support,Senior Analyst,6.22,71853,36.4,5.2,On-site,7.3,9,2.78,73.3,5,7.2,4.41,7.69,8.71,5.62,21.1,2.9,0.4589,0
EMP02877,27,Male,Sales,Senior,3.87,80417,54.4,12.4,On-site,8.38,6,2.48,45.8,5,16.8,2.96,4.3,6.05,4.34,13.6,5.5,0.5821,0
EMP02878,29,Male,Operations,Analyst,0.86,89368,42.5,4.4,Full Remote,3.08,9,3.91,87.0,4,6.5,7.57,3.88,6.89,6.26,52.5,12.0,0.4133,0
EMP02879,37,Male,Sales,Senior,6.58,65052,40.1,6.0,Full Remote,6.88,9,2.48,64.8,3,13.5,7.62,4.2,5.4,5.21,23.0,5.7,0.3936,0
EMP02880,33,Male,Engineering,Junior Dev,2.55,44154,50.0,14.0,Full Remote,9.27,3,3.52,80.7,5,10.1,6.83,5.75,5.3,4.39,77.1,8.5,0.611,0
EMP02881,22,Female,Engineering,Tech Lead,2.8,81901,49.7,2.5,Hybrid,6.51,7,2.95,73.3,4,16.2,8.51,4.02,8.99,5.75,12.2,3.0,0.5455,0
EMP02882,22,Female,Engineering,Senior Dev,0.56,104734,38.2,21.2,On-site,8.52,6,4.02,85.1,8,11.0,8.22,3.52,6.24,5.53,6.1,14.1,0.4146,0
EMP02883,30,Female,Engineering,Senior Dev,5.85,82478,61.5,20.0,Full Remote,7.58,5,3.62,84.1,4,15.5,5.74,1.48,7.74,5.96,27.3,0.1,0.406,0
EMP02884,38,Male,Marketing,Associate,8.02,82953,59.5,23.6,Full Remote,5.77,11,4.41,67.7,3,11.7,7.3,4.17,6.22,5.46,104.2,6.4,0.6485,0
EMP02885,22,Male,Finance,Analyst,4.47,73945,49.8,9.2,On-site,8.37,8,3.84,52.8,2,11.1,6.8,3.21,6.58,5.49,0.5,3.7,0.4132,0
EMP02886,31,Female,Customer Support,Manager,8.48,93477,48.4,7.6,Full Remote,8.75,9,3.54,47.0,3,14.9,8.2,4.78,6.76,3.07,5.6,7.7,0.48,0
EMP02887,30,Female,Sales,Manager,1.08,70351,47.6,12.7,On-site,7.3,12,3.66,57.8,3,18.6,7.87,3.46,3.86,6.65,41.1,1.9,0.3882,0
EMP02888,46,Male,Marketing,Director,5.92,63652,35.0,7.5,Hybrid,8.56,11,2.72,95.2,8,15.2,3.35,3.73,6.56,7.81,15.6,3.0,0.276,0
EMP02889,31,Female,Marketing,Associate,2.01,102632,45.9,3.8,Hybrid,8.85,9,2.94,68.0,4,17.3,6.56,6.53,6.64,5.43,7.3,4.7,0.3449,0
EMP02890,38,Female,Marketing,Associate,0.54,61736,45.8,9.4,Full Remote,5.85,9,3.68,59.8,4,5.0,7.14,1.46,4.93,4.03,31.4,14.8,0.5833,0
EMP02891,36,Male,Marketing,Senior,3.32,97236,40.4,6.1,Full Remote,8.5,13,3.98,62.5,5,15.5,5.96,5.94,7.25,6.06,13.7,4.4,0.4457,0
EMP02892,22,Female,Engineering,Senior Dev,3.46,102648,42.5,14.1,Hybrid,4.85,15,3.24,88.8,6,15.0,4.08,4.38,5.58,3.97,6.6,6.8,0.6205,0
EMP02893,41,Male,Engineering,Junior Dev,1.01,89170,35.0,5.8,On-site,5.96,11,3.33,73.1,3,12.8,5.42,6.77,6.08,3.02,0.3,1.7,0.5069,0
EMP02894,36,Female,Engineering,Tech Lead,0.1,43769,36.2,3.2,Hybrid,8.85,5,3.18,86.1,2,8.7,8.7,3.46,3.44,3.21,11.3,9.2,0.3379,0
EMP02895,39,Male,Engineering,Senior Dev,0.67,75678,52.4,9.4,Full Remote,9.04,11,3.8,67.2,3,14.3,5.33,4.61,7.15,5.4,33.2,7.4,0.5544,0
EMP02896,65,Male,Finance,Analyst,1.53,69950,58.8,21.8,On-site,8.37,10,3.5,72.0,5,18.7,4.11,5.32,6.41,4.75,25.4,7.4,0.6607,0
EMP02897,22,Female,Engineering,Senior Dev,0.55,62600,37.5,32.8,Full Remote,7.94,6,4.0,93.3,5,11.3,4.12,5.02,4.74,2.8,51.5,1.0,0.6613,0
EMP02898,48,Male,Operations,Senior Analyst,0.65,78568,46.5,10.1,On-site,7.64,6,3.01,77.7,5,10.5,6.18,5.65,5.92,6.86,24.2,3.9,0.3892,0
EMP02899,32,Female,Customer Support,Senior Analyst,1.49,94230,53.8,4.0,Full Remote,8.15,5,3.46,58.1,6,9.0,3.81,3.97,4.31,6.19,0.4,6.1,0.552,0
EMP02900,37,Male,Customer Support,Senior Analyst,9.79,63536,40.8,6.2,Hybrid,5.53,8,4.71,58.6,3,24.4,5.61,6.4,4.0,7.94,46.5,5.9,0.407,0
EMP02901,34,Male,Customer Support,Senior Analyst,4.33,70715,50.4,11.7,Full Remote,5.6,8,5.0,75.1,4,12.6,5.54,7.94,5.2,6.41,54.4,8.8,0.7302,1
EMP02902,31,Male,Sales,Associate,1.16,68973,44.7,7.0,Hybrid,3.71,8,3.31,64.0,7,7.2,5.37,8.44,6.3,6.38,97.1,0.6,0.6789,0
EMP02903,30,Female,Marketing,Director,9.09,104096,54.5,4.2,Hybrid,5.48,7,4.55,67.9,5,9.8,6.3,8.81,3.87,5.59,49.6,7.1,0.6191,0
EMP02904,37,Female,Engineering,Manager,3.11,68572,35.0,2.6,Hybrid,2.94,10,4.51,62.5,2,8.4,3.66,3.06,4.73,4.92,7.9,3.6,0.2926,0
EMP02905,22,Male,Operations,Senior Analyst,1.82,44139,36.2,9.8,Full Remote,8.61,5,4.16,66.4,5,9.8,4.59,2.04,6.31,7.92,29.7,4.6,0.0967,0
EMP02906,41,Female,Operations,Analyst,1.9,40000,47.2,7.0,On-site,7.31,7,2.08,72.4,6,15.5,6.21,6.86,7.69,7.51,5.7,6.3,0.3763,0
EMP02907,31,Female,Operations,Senior Analyst,1.59,84068,45.8,7.9,On-site,8.35,6,2.36,58.3,2,22.4,8.78,4.43,5.44,4.28,24.2,7.3,0.4259,0
EMP02908,25,Female,Sales,Senior,0.8,55982,44.5,7.9,Hybrid,8.19,9,3.09,70.2,2,11.7,7.1,5.72,5.55,5.34,0.5,2.2,0.3401,0
EMP02909,31,Female,Operations,Manager,1.47,91718,49.6,12.5,Hybrid,8.46,13,3.1,69.8,1,5.8,6.66,5.01,7.3,5.02,24.1,4.4,0.3204,0
EMP02910,45,Female,Engineering,Manager,2.25,41719,37.6,11.5,Hybrid,7.51,6,2.77,83.1,4,3.8,8.0,3.95,4.83,4.46,15.8,8.0,0.4944,0
EMP02911,30,Female,Engineering,Tech Lead,2.25,61527,35.0,14.6,Full Remote,8.83,6,3.94,79.9,4,14.6,8.34,5.1,6.02,4.42,20.1,0.8,0.4736,0
EMP02912,37,Male,Operations,Analyst,4.3,41735,41.0,1.7,On-site,5.73,9,3.99,88.3,7,13.8,7.24,6.74,6.06,5.44,33.6,2.0,0.5824,0
EMP02913,29,Male,Sales,Director,1.33,85865,41.9,8.0,Full Remote,7.23,7,4.93,52.4,3,10.3,8.1,3.87,5.7,4.72,1.9,12.4,0.3391,0
EMP02914,41,Male,Customer Support,Senior Analyst,3.78,91221,42.7,8.3,Hybrid,8.13,10,3.01,75.6,6,8.3,5.6,6.01,5.43,6.34,8.1,3.5,0.4174,0
EMP02915,40,Male,Engineering,Tech Lead,2.59,83465,55.2,3.4,Hybrid,8.83,10,2.98,67.4,4,3.5,6.67,2.94,7.94,6.52,24.0,1.9,0.4282,0
EMP02916,49,Female,Operations,Analyst,9.8,47851,51.2,12.0,Hybrid,7.75,6,3.65,86.4,7,11.9,8.72,4.88,5.4,7.19,10.6,6.1,0.3679,0
EMP02917,33,Male,Marketing,Associate,1.46,56355,49.3,7.8,On-site,6.53,5,2.47,53.7,5,12.5,9.27,4.8,7.43,8.08,25.3,11.2,0.3217,0
EMP02918,40,Male,Operations,Senior Analyst,6.94,80857,46.8,12.1,Full Remote,6.8,4,5.0,63.6,6,4.4,6.56,5.99,6.49,4.25,1.3,2.3,0.5035,0
EMP02919,35,Female,Operations,Analyst,5.16,40000,41.5,7.8,Hybrid,7.6,7,3.21,78.1,7,6.5,5.61,6.33,6.5,8.86,21.1,8.7,0.4586,0
EMP02920,45,Male,Customer Support,Analyst,3.05,68971,38.2,14.3,Hybrid,8.01,11,3.44,84.9,3,15.2,4.78,4.22,5.04,4.8,0.7,4.3,0.407,0
EMP02921,29,Male,Sales,Manager,3.19,112922,35.4,1.8,Full Remote,5.8,8,3.61,87.4,5,5.8,3.96,4.97,4.97,4.58,17.6,6.9,0.5261,0
EMP02922,40,Male,Customer Support,Analyst,0.27,70501,39.4,15.1,Hybrid,8.27,6,3.38,80.8,5,8.0,6.56,6.93,6.05,8.32,14.4,7.5,0.5,0
EMP02923,33,Female,Engineering,Junior Dev,9.0,40000,44.7,10.3,On-site,8.45,9,3.28,26.4,4,15.2,5.78,4.06,7.72,6.19,103.1,3.1,0.5929,0
EMP02924,34,Male,Engineering,Junior Dev,0.34,59814,35.8,9.5,Full Remote,7.35,11,5.0,48.8,4,20.3,8.33,2.98,9.01,8.34,58.6,6.5,0.277,0
EMP02925,35,Male,Sales,Senior,2.49,59232,46.4,5.8,Hybrid,7.72,11,3.57,44.5,7,14.5,8.61,8.08,5.42,6.78,23.5,4.1,0.5301,0
EMP02926,37,Female,Operations,Manager,1.2,128507,43.4,1.3,Hybrid,5.71,8,3.89,25.7,4,15.2,5.39,3.13,3.42,4.69,17.9,2.3,0.3199,0
EMP02927,34,Female,Marketing,Associate,1.69,116641,41.8,9.8,Hybrid,7.2,7,3.1,74.2,1,12.6,7.76,4.52,6.36,6.88,7.8,5.6,0.4253,0
EMP02928,36,Female,Operations,Analyst,2.83,93273,54.3,29.4,On-site,7.64,7,3.99,39.6,3,6.9,5.77,7.34,4.1,6.31,13.7,7.9,0.6576,0
EMP02929,47,Female,Finance,Manager,7.19,66423,35.0,4.9,Full Remote,4.69,4,3.53,54.9,4,12.9,6.16,4.84,3.09,5.34,17.3,5.2,0.5824,0
EMP02930,42,Male,Engineering,Tech Lead,1.84,105015,41.9,13.1,Hybrid,7.6,10,3.7,84.7,5,13.0,8.46,5.14,7.35,5.04,22.6,2.4,0.3409,0
EMP02931,41,Male,Customer Support,Analyst,13.2,46663,35.0,9.6,Hybrid,8.04,8,3.88,67.1,2,19.4,6.16,2.81,7.38,6.66,10.3,6.5,0.0468,0
EMP02932,31,Male,Engineering,Tech Lead,2.7,101914,46.9,5.6,Full Remote,9.67,5,4.21,51.7,3,9.7,8.81,6.83,8.81,3.49,43.9,11.6,0.296,0
EMP02933,27,Male,Operations,Senior Analyst,0.53,98199,51.1,3.0,On-site,8.67,9,4.06,80.7,9,13.9,8.25,2.66,4.5,6.44,48.7,6.4,0.3295,0
EMP02934,42,Male,Sales,Manager,0.63,71216,35.0,8.0,Full Remote,5.65,9,3.48,80.8,7,15.8,5.19,4.03,8.94,4.49,26.8,3.1,0.5853,0
EMP02935,42,Male,Marketing,Senior,3.78,103479,35.2,2.4,Full Remote,9.26,9,3.5,61.5,7,10.6,7.4,3.84,6.13,5.86,46.1,5.5,0.1873,0
EMP02936,46,Female,Sales,Director,0.16,63819,35.0,8.5,Hybrid,7.43,6,2.61,83.2,10,7.2,3.83,5.59,5.3,6.97,26.4,2.4,0.5173,0
EMP02937,30,Female,Engineering,Junior Dev,1.96,43372,45.5,13.3,Full Remote,5.65,7,3.36,63.0,5,13.2,5.84,7.39,9.08,7.16,12.4,5.5,0.3929,0
EMP02938,33,Male,Sales,Associate,0.48,99449,42.3,5.5,Hybrid,5.68,8,3.59,89.0,2,12.2,4.67,5.88,2.61,5.88,31.2,4.9,0.5694,0
EMP02939,22,Female,Engineering,Senior Dev,1.7,72868,42.8,16.1,On-site,5.93,12,4.23,84.9,3,9.3,5.45,3.38,4.95,5.8,28.2,9.0,0.4542,0
EMP02940,31,Male,Engineering,Senior Dev,4.16,90044,42.1,11.3,Full Remote,6.25,9,1.61,86.0,1,9.3,6.17,5.16,4.42,7.53,21.2,10.7,0.4011,0
EMP02941,42,Male,Engineering,Manager,1.84,120522,37.2,8.6,Full Remote,8.63,4,3.75,81.0,1,21.6,5.2,6.14,7.08,8.38,8.9,4.4,0.2238,0
EMP02942,31,Female,Marketing,Senior,0.54,56943,54.1,6.4,Full Remote,7.31,6,2.88,63.3,5,7.8,7.59,6.05,6.57,2.99,1.8,1.5,0.6075,0
EMP02943,40,Male,Operations,Analyst,0.87,71415,47.2,4.6,Full Remote,6.44,4,4.12,85.7,3,11.9,7.47,4.5,5.94,3.48,5.4,1.1,0.4833,0
EMP02944,33,Male,Marketing,Senior,1.37,114240,35.5,6.5,Full Remote,8.84,12,4.56,80.0,4,18.3,4.95,5.79,6.0,7.08,14.9,5.8,0.4786,0
EMP02945,37,Male,Operations,Analyst,0.22,91718,39.4,1.4,On-site,7.53,9,3.46,78.9,5,6.2,4.92,7.5,8.33,4.42,29.7,3.3,0.3998,0
EMP02946,25,Female,HR,Manager,2.63,57505,38.0,2.0,On-site,7.93,15,4.65,48.7,8,5.0,2.18,5.49,5.42,4.87,6.7,5.0,0.408,0
EMP02947,35,Female,Finance,Senior Analyst,2.81,51124,56.2,9.3,Full Remote,8.44,4,4.19,50.5,2,9.7,5.4,5.69,6.21,6.94,72.4,8.1,0.6078,0
EMP02948,22,Male,Finance,Senior Analyst,0.19,61797,50.7,7.4,On-site,7.61,12,3.61,77.8,5,6.3,4.82,3.09,7.77,3.94,19.1,7.0,0.6451,0
EMP02949,33,Female,Sales,Manager,1.54,56539,44.0,14.0,Full Remote,8.28,4,2.22,64.5,3,11.8,7.14,3.23,6.83,4.23,31.6,6.0,0.5383,0
EMP02950,22,Female,Finance,Senior Analyst,1.6,80933,58.7,2.1,Hybrid,8.37,7,3.81,51.5,3,20.3,7.32,4.88,4.33,7.09,7.4,7.4,0.3205,0
EMP02951,44,Female,Engineering,Senior Dev,1.22,76960,56.6,3.8,Full Remote,6.64,9,2.84,57.1,3,3.3,6.4,4.11,7.92,7.25,12.7,13.0,0.3221,0
EMP02952,41,Female,Operations,Analyst,2.45,81980,43.2,11.3,Full Remote,9.44,10,1.21,87.7,3,13.3,7.03,3.55,7.16,4.91,8.0,2.5,0.3644,0
EMP02953,38,Male,Operations,Manager,1.27,53979,41.7,20.0,On-site,9.32,9,2.62,66.9,1,10.9,6.28,3.83,5.5,5.69,1.6,3.3,0.4527,0
EMP02954,47,Male,Engineering,Tech Lead,1.62,73229,42.1,19.8,Hybrid,8.43,12,4.58,75.3,7,9.3,6.14,4.88,5.08,6.95,1.3,5.0,0.4193,0
EMP02955,27,Female,Operations,Senior Analyst,4.79,40000,37.4,7.8,Hybrid,5.58,8,3.6,45.0,3,11.2,8.82,3.34,5.44,6.21,6.7,6.6,0.2328,0
EMP02956,48,Female,Engineering,Manager,0.53,78625,58.9,22.4,Hybrid,6.77,2,4.48,94.9,2,12.8,6.83,3.65,7.04,2.97,19.2,8.8,0.4047,0
EMP02957,42,Female,Engineering,Tech Lead,2.9,104386,36.9,0.6,Full Remote,6.75,5,4.76,88.9,6,10.8,7.51,6.15,8.1,6.27,6.2,10.6,0.4274,0
EMP02958,33,Female,Engineering,Tech Lead,2.11,40000,51.9,4.9,Hybrid,5.73,4,3.72,64.3,1,15.9,6.9,1.62,5.14,4.18,10.0,2.1,0.5699,0
EMP02959,44,Female,Operations,Manager,1.09,87085,50.5,6.3,On-site,8.41,10,3.04,62.4,5,8.4,8.05,3.76,7.95,4.0,8.7,9.2,0.3028,0
EMP02960,26,Female,Operations,Analyst,3.9,59724,42.6,33.4,Full Remote,7.35,7,2.66,78.5,5,15.1,6.19,6.7,7.57,7.02,66.2,7.5,0.488,0
EMP02961,28,Female,Operations,Senior Analyst,2.4,95062,59.5,11.6,Hybrid,7.71,8,3.45,64.4,3,9.1,7.28,3.42,7.38,3.16,1.6,0.9,0.5395,0
EMP02962,30,Female,Engineering,Senior Dev,1.95,78966,35.0,17.8,Hybrid,8.27,10,2.79,70.6,2,10.5,5.71,4.05,6.55,6.93,1.9,1.0,0.3297,0
EMP02963,30,Female,Marketing,Associate,3.3,85117,44.4,16.8,Hybrid,7.81,3,2.59,66.7,7,21.1,7.01,5.53,8.16,4.16,44.8,9.9,0.4231,0
EMP02964,26,Male,Finance,Manager,4.86,76620,41.1,18.2,Hybrid,7.87,4,2.98,59.8,6,10.7,6.93,4.45,5.64,5.47,17.1,4.5,0.2874,0
EMP02965,44,Male,Engineering,Tech Lead,10.8,108208,52.7,1.1,Hybrid,8.93,5,3.29,76.7,4,9.7,9.67,3.96,4.53,7.96,4.6,2.2,0.1571,0
EMP02966,32,Female,HR,Senior Analyst,2.98,83685,47.8,27.1,On-site,7.67,8,3.31,56.3,6,12.2,5.81,7.0,4.47,4.86,6.2,6.7,0.5749,0
EMP02967,37,Female,Engineering,Manager,6.22,57364,35.0,16.7,Hybrid,9.2,6,3.43,94.7,6,18.4,6.86,2.36,4.42,6.75,68.7,3.1,0.5263,0
EMP02968,30,Female,Engineering,Junior Dev,0.1,77467,54.9,0.6,Hybrid,8.67,11,3.84,60.4,2,22.2,8.66,7.87,8.01,6.21,71.6,0.8,0.539,0
EMP02969,22,Female,Marketing,Manager,2.27,65777,48.9,2.9,Hybrid,8.09,5,3.36,72.1,6,14.1,4.5,7.87,5.47,7.85,45.3,5.2,0.4374,0
EMP02970,37,Male,Finance,Senior Analyst,0.72,79059,36.7,7.7,Hybrid,7.84,15,4.1,86.8,4,17.3,7.21,6.35,4.11,6.37,6.4,1.7,0.5831,0
EMP02971,22,Male,Engineering,Senior Dev,0.3,64505,42.2,26.8,Hybrid,8.53,7,4.07,53.8,3,19.6,6.57,5.24,7.41,5.66,79.3,3.3,0.5862,0
EMP02972,34,Female,Engineering,Junior Dev,2.28,58079,35.0,12.0,Hybrid,6.72,10,4.3,70.2,2,9.2,3.44,3.92,9.04,3.22,6.3,11.0,0.46,0
EMP02973,24,Male,Engineering,Tech Lead,4.12,79981,43.6,4.2,Hybrid,5.73,5,3.41,73.3,4,16.5,5.94,2.95,6.63,5.93,18.0,2.6,0.3341,0
EMP02974,50,Male,Engineering,Senior Dev,1.59,76394,46.2,4.5,Hybrid,5.98,8,2.51,85.7,3,17.7,8.3,5.2,4.19,7.55,35.7,5.5,0.3522,0
EMP02975,42,Male,Engineering,Tech Lead,3.33,101598,42.3,15.4,Full Remote,8.28,6,3.31,50.2,2,13.5,7.39,3.57,5.65,4.62,0.3,8.0,0.0998,0
EMP02976,35,Male,Sales,Senior,2.02,64626,41.4,7.4,Hybrid,6.51,5,2.73,62.6,5,13.6,6.03,2.29,2.79,3.91,26.9,1.5,0.3629,0
EMP02977,45,Female,Finance,Analyst,1.72,40000,35.0,14.1,On-site,7.73,9,4.14,74.6,3,16.1,8.86,6.67,7.93,8.05,11.1,4.0,0.3352,0
EMP02978,28,Male,Sales,Associate,1.03,65903,47.7,5.0,On-site,8.44,7,2.32,80.3,3,13.3,5.68,5.65,3.17,7.1,1.7,2.3,0.604,0
EMP02979,39,Female,Operations,Analyst,1.45,40000,35.0,18.3,On-site,5.76,6,3.77,74.3,4,6.9,6.34,2.35,7.02,5.35,25.8,8.5,0.4976,0
EMP02980,36,Male,Finance,Manager,1.29,85391,45.2,5.0,Hybrid,5.83,11,3.66,54.3,4,8.9,5.79,7.62,3.3,5.29,3.9,1.9,0.7128,1
EMP02981,37,Female,Engineering,Junior Dev,3.12,40000,35.0,2.4,Full Remote,5.04,10,4.09,69.4,1,11.4,8.45,3.61,6.29,5.28,12.2,7.8,0.236,0
EMP02982,45,Male,Engineering,Manager,0.37,50290,45.4,20.3,Hybrid,5.01,5,3.72,87.5,6,18.7,5.95,6.33,3.76,5.43,23.4,9.9,0.673,0
EMP02983,40,Female,Operations,Manager,0.29,65941,45.0,6.4,Full Remote,4.69,6,3.46,60.6,6,12.6,5.09,3.29,5.3,6.53,54.4,1.9,0.6853,0
EMP02984,37,Female,Engineering,Manager,3.24,113598,48.2,1.7,On-site,9.12,6,2.63,81.1,5,3.9,7.38,3.8,6.75,7.56,3.3,6.2,0.3675,0
EMP02985,22,Male,Engineering,Senior Dev,2.37,48177,51.9,4.3,Full Remote,4.6,6,4.86,65.3,4,12.2,7.84,5.45,9.02,4.3,50.7,5.0,0.4519,0
EMP02986,27,Female,Engineering,Manager,1.69,75310,53.4,8.4,On-site,6.76,5,3.46,85.7,4,3.7,4.94,3.23,5.8,5.2,55.3,5.5,0.41,0
EMP02987,34,Female,HR,Analyst,0.5,89499,35.0,14.9,On-site,7.27,6,3.22,95.9,4,9.1,7.96,2.17,7.57,5.81,9.7,3.9,0.348,0
EMP02988,35,Male,HR,Analyst,1.59,112101,44.5,2.1,On-site,8.32,8,3.59,88.0,11,4.3,5.75,5.24,4.06,5.07,34.3,6.0,0.5357,0
EMP02989,25,Male,Customer Support,Analyst,4.68,94444,61.1,1.7,On-site,9.45,5,4.4,57.3,3,12.2,7.09,6.52,9.29,7.92,22.7,12.6,0.3057,0
EMP02990,54,Female,Operations,Manager,6.61,102347,46.0,7.9,Hybrid,5.68,4,3.3,73.6,3,17.0,7.14,3.71,6.1,8.57,10.8,4.1,0.2879,0
EMP02991,47,Female,Sales,Associate,3.64,96607,38.3,10.3,Hybrid,6.35,9,4.42,67.6,4,8.0,3.79,7.36,7.47,6.75,18.2,7.8,0.7087,1
EMP02992,39,Male,Sales,Senior,0.19,44771,44.4,13.9,Full Remote,3.7,6,3.66,81.9,6,8.7,7.65,5.47,6.61,3.29,29.8,1.1,0.4108,0
EMP02993,35,Male,Sales,Associate,3.33,83992,41.9,14.9,Full Remote,5.87,11,4.09,45.3,4,17.2,7.65,2.89,3.33,7.84,1.3,6.9,0.6177,0
EMP02994,33,Female,Engineering,Junior Dev,0.83,96216,35.6,5.5,Full Remote,8.66,7,3.71,51.5,2,11.2,5.75,3.97,6.14,5.83,12.4,13.4,0.2268,0
EMP02995,27,Female,Engineering,Junior Dev,1.14,51087,52.0,24.2,Full Remote,6.38,7,4.04,69.4,4,9.1,7.22,6.75,5.53,6.31,3.7,5.0,0.4831,0
EMP02996,35,Female,Engineering,Tech Lead,0.65,60506,49.7,12.0,On-site,7.22,10,4.2,58.1,5,15.1,7.09,7.85,4.07,4.44,3.5,5.8,0.6581,0
EMP02997,37,Male,Engineering,Senior Dev,4.49,54920,35.0,10.8,Full Remote,5.96,5,3.85,39.2,3,13.3,8.71,4.0,3.48,4.31,0.8,2.9,0.3478,0
EMP02998,25,Female,Engineering,Manager,3.14,94315,44.3,4.3,Hybrid,8.16,11,4.78,64.6,0,8.3,7.08,5.31,4.04,5.12,22.4,7.4,0.1939,0
EMP02999,37,Male,Sales,Senior,2.84,73267,40.5,11.7,Full Remote,9.5,3,3.41,70.6,3,14.7,6.56,3.45,8.13,5.73,5.6,4.5,0.1474,0
EMP03000,33,Male,Customer Support,Manager,3.31,66978,35.0,10.7,On-site,6.97,7,4.45,76.9,1,2.0,5.78,7.25,7.61,5.98,69.7,3.9,0.3906,0
EMP03001,22,Female,HR,Senior Analyst,0.81,42958,35.0,7.5,Hybrid,9.05,12,3.0,59.4,4,11.8,6.79,7.22,5.79,5.43,48.2,3.8,0.3075,0
EMP03002,28,Other,Customer Support,Senior Analyst,1.76,73315,35.0,8.9,Hybrid,8.6,8,3.82,52.7,2,9.8,8.06,5.76,7.29,7.45,5.5,8.9,0.355,0
EMP03003,31,Male,Sales,Senior,3.01,60810,44.5,6.9,Hybrid,8.17,12,2.84,62.1,5,8.0,4.28,2.89,4.72,5.02,21.2,1.5,0.5563,0
EMP03004,50,Male,Marketing,Senior,3.04,81083,41.3,7.2,On-site,8.86,9,2.85,63.9,3,5.3,6.74,4.12,8.18,7.87,40.2,6.6,0.2856,0
EMP03005,39,Female,Sales,Manager,4.71,46425,37.3,8.6,Full Remote,9.08,9,4.55,73.7,10,13.5,5.37,8.18,8.15,4.88,28.0,2.3,0.4282,0
EMP03006,24,Female,Engineering,Senior Dev,1.02,79447,41.9,1.2,On-site,7.23,8,5.0,91.7,3,18.1,6.34,6.46,6.77,7.94,23.2,3.8,0.4331,0
EMP03007,38,Female,Engineering,Tech Lead,4.41,64026,51.0,3.3,Hybrid,8.08,6,3.37,90.4,3,10.0,7.26,5.85,6.98,6.68,5.2,4.7,0.3094,0
EMP03008,22,Female,Customer Support,Senior Analyst,1.74,43767,47.9,4.6,Full Remote,6.38,5,2.69,81.7,5,6.8,4.61,2.54,5.42,4.78,3.5,6.7,0.2608,0
EMP03009,43,Male,Customer Support,Analyst,3.33,41817,53.0,12.7,Full Remote,6.39,8,3.49,56.2,5,9.5,6.84,2.57,4.94,3.86,36.5,9.5,0.6211,0
EMP03010,31,Other,Engineering,Senior Dev,1.82,45574,43.2,7.6,On-site,6.38,9,2.88,76.3,7,18.0,7.64,6.73,5.63,7.61,19.9,6.3,0.413,0
EMP03011,34,Female,Engineering,Junior Dev,8.9,69840,57.8,3.9,Full Remote,8.02,8,4.54,65.1,6,8.0,4.5,4.56,5.51,5.68,47.3,3.3,0.5806,0
EMP03012,45,Female,Sales,Senior,0.59,78024,47.8,6.3,On-site,6.35,11,3.98,66.5,5,16.1,7.16,4.02,7.92,2.52,12.3,7.0,0.3081,0
EMP03013,24,Female,Engineering,Senior Dev,3.37,81745,41.1,7.4,Full Remote,9.69,9,3.97,82.9,4,4.5,8.96,5.52,6.76,5.49,13.7,1.9,0.1716,0
EMP03014,23,Female,Sales,Director,2.58,82688,45.7,7.0,Hybrid,8.25,13,3.41,93.0,6,9.7,7.09,4.29,7.48,6.29,13.0,4.2,0.3835,0
EMP03015,30,Male,Engineering,Junior Dev,0.57,56036,35.0,9.9,Hybrid,5.86,7,2.93,57.0,5,14.2,8.23,3.83,3.67,7.55,19.5,10.9,0.4883,0
EMP03016,43,Male,Marketing,Associate,0.2,101460,42.6,31.4,Hybrid,8.2,12,4.34,66.3,3,10.6,6.98,4.57,6.45,7.45,1.2,8.2,0.4593,0
EMP03017,22,Female,Sales,Associate,4.82,63944,48.4,5.7,Full Remote,8.07,13,3.41,59.7,3,17.9,8.36,8.02,4.98,6.91,18.8,2.5,0.5073,0
EMP03018,22,Male,Sales,Senior,0.51,86253,49.9,7.5,On-site,7.4,10,2.67,67.1,2,15.0,7.08,6.22,2.04,5.7,52.4,2.9,0.6139,0
EMP03019,31,Male,Engineering,Tech Lead,0.62,70896,41.7,10.9,On-site,7.43,13,4.74,46.6,3,13.7,7.88,5.93,4.8,5.29,46.5,8.2,0.4938,0
EMP03020,39,Female,Sales,Manager,11.51,84390,66.9,18.0,Hybrid,7.68,4,5.0,82.2,3,11.0,6.91,3.83,9.26,5.09,54.1,7.3,0.4462,0
EMP03021,44,Female,Customer Support,Senior Analyst,3.79,69641,43.6,25.8,Hybrid,6.71,8,3.63,70.6,9,15.0,4.32,4.57,5.76,2.86,35.2,3.0,0.5178,0
EMP03022,31,Male,Sales,Manager,0.86,84840,35.0,2.6,Hybrid,8.23,8,3.79,84.2,6,12.1,5.44,4.57,3.08,5.24,36.8,1.7,0.5867,0
EMP03023,31,Female,Operations,Analyst,2.68,74815,54.7,5.3,On-site,5.07,4,4.95,65.4,2,13.4,7.33,3.89,8.53,6.67,56.0,11.1,0.6045,0
EMP03024,44,Female,Operations,Analyst,2.29,95346,49.9,6.3,On-site,7.24,9,3.26,84.3,5,9.7,5.82,7.1,8.19,5.27,60.0,4.8,0.4709,0
EMP03025,22,Female,Customer Support,Analyst,5.58,54532,46.9,3.0,Full Remote,6.14,7,4.4,58.4,3,19.1,3.79,4.1,7.33,4.16,30.2,5.9,0.494,0
EMP03026,31,Female,Operations,Manager,3.92,40000,41.3,15.9,Full Remote,8.19,2,3.04,62.2,3,18.0,7.32,2.83,6.83,3.65,62.6,11.8,0.2916,0
EMP03027,36,Male,Finance,Senior Analyst,5.35,50666,48.1,10.1,On-site,7.13,6,3.88,67.7,2,6.1,5.23,4.77,6.21,7.68,4.0,2.7,0.358,0
EMP03028,38,Male,Operations,Senior Analyst,0.71,101722,58.0,24.3,Full Remote,7.02,5,2.73,67.2,5,5.4,7.7,3.28,6.98,3.31,4.7,12.7,0.3762,0
EMP03029,30,Male,Engineering,Senior Dev,3.07,71136,46.6,20.1,On-site,8.38,3,3.3,89.1,3,9.0,9.21,4.71,6.3,7.98,22.0,8.7,0.3066,0
EMP03030,35,Female,Marketing,Senior,0.12,77301,35.0,6.4,Hybrid,8.6,10,2.17,67.0,2,15.4,8.11,5.14,5.33,7.69,18.3,6.2,0.1917,0
EMP03031,22,Female,Customer Support,Manager,0.21,48659,35.0,6.7,Full Remote,6.33,6,3.89,76.0,1,1.6,4.56,5.53,5.83,4.22,3.6,4.4,0.5548,0
EMP03032,29,Female,Operations,Analyst,3.75,76638,48.1,7.3,Full Remote,9.23,11,3.82,87.5,5,12.1,6.92,4.26,5.24,7.95,35.3,7.0,0.1761,0
EMP03033,38,Female,Customer Support,Senior Analyst,0.1,49429,37.1,11.9,Hybrid,5.73,10,2.68,50.9,8,9.1,4.58,3.52,8.09,5.91,1.8,5.6,0.3436,0
EMP03034,27,Female,Operations,Analyst,2.6,53105,44.2,4.4,On-site,6.05,6,5.0,91.8,4,3.9,6.34,4.19,2.85,7.38,9.2,3.1,0.2829,0
EMP03035,35,Female,Operations,Analyst,5.51,64937,38.5,3.9,Full Remote,8.97,7,3.56,67.8,7,10.4,7.57,3.55,8.79,6.56,29.2,1.4,0.324,0
EMP03036,38,Male,Finance,Senior Analyst,1.43,86127,38.0,6.8,Full Remote,6.71,11,3.39,90.6,3,12.6,5.76,4.7,5.42,7.03,4.0,9.2,0.5069,0
EMP03037,32,Male,Operations,Analyst,0.14,88796,38.9,17.4,On-site,8.03,9,2.72,77.1,6,9.2,6.77,4.15,5.5,4.2,24.0,12.6,0.4696,0
EMP03038,36,Female,Marketing,Manager,3.75,89476,39.6,7.6,Full Remote,4.63,9,4.12,91.6,2,18.2,5.96,8.24,6.44,3.64,1.0,8.9,0.6951,0
EMP03039,27,Male,Customer Support,Senior Analyst,7.96,40000,51.2,19.6,Hybrid,9.07,8,2.78,32.2,4,11.7,6.43,8.09,6.87,8.33,67.6,3.8,0.4513,0
EMP03040,33,Male,Operations,Senior Analyst,3.79,74833,49.6,14.8,Hybrid,8.03,10,4.11,80.6,2,12.2,2.46,6.26,8.02,6.55,47.5,1.1,0.5483,0
EMP03041,39,Female,Operations,Senior Analyst,2.59,70080,35.3,19.2,Full Remote,7.25,8,2.8,58.5,4,16.2,4.43,5.97,8.61,5.79,7.1,3.5,0.4135,0
EMP03042,36,Male,Finance,Senior Analyst,0.78,40000,36.4,9.2,Full Remote,6.84,8,3.85,73.7,5,7.5,3.28,5.78,6.66,2.95,1.8,2.7,0.5262,0
EMP03043,30,Female,Sales,Associate,0.1,75399,48.0,3.8,Hybrid,7.44,6,3.34,66.1,4,9.1,6.28,6.33,8.44,3.7,15.1,5.0,0.3834,0
EMP03044,36,Male,Engineering,Tech Lead,3.56,68739,53.4,2.2,Full Remote,7.68,8,4.13,68.5,3,11.5,8.1,6.47,4.22,6.33,29.8,5.0,0.4596,0
EMP03045,40,Male,Customer Support,Senior Analyst,0.79,87788,53.3,7.0,Hybrid,8.14,6,2.46,93.1,2,8.7,6.73,4.88,6.85,4.73,23.5,13.9,0.3518,0
EMP03046,22,Male,HR,Analyst,5.86,77031,37.0,5.4,Hybrid,7.69,9,3.87,87.5,6,4.6,4.56,4.75,9.21,4.42,14.3,0.8,0.2838,0
EMP03047,44,Female,Sales,Director,1.88,61266,52.9,2.5,Hybrid,9.22,5,2.72,81.8,2,11.9,6.29,4.76,5.39,7.65,10.8,5.5,0.3832,0
EMP03048,32,Male,Engineering,Senior Dev,2.27,98144,35.0,23.8,Hybrid,6.93,8,2.98,66.9,5,12.7,6.53,3.84,4.56,4.81,5.2,1.2,0.4027,0
EMP03049,38,Female,Operations,Manager,4.21,40000,43.4,10.6,Hybrid,3.77,8,3.96,55.8,1,10.8,6.92,5.66,7.62,8.33,0.0,8.4,0.5396,0
EMP03050,44,Female,Operations,Manager,4.53,73393,48.9,5.2,Full Remote,8.4,10,3.54,45.6,4,17.1,7.25,4.66,7.49,2.13,38.2,7.7,0.3577,0
EMP03051,24,Female,Operations,Analyst,3.09,40000,35.0,9.4,Full Remote,9.01,4,3.8,90.0,5,12.6,4.53,4.75,7.42,6.5,5.8,7.4,0.3705,0
EMP03052,29,Male,HR,Senior Analyst,8.36,52195,61.7,11.0,Hybrid,8.92,9,4.1,89.6,6,15.8,5.52,6.32,6.42,6.38,36.9,8.8,0.4838,0
EMP03053,32,Male,Sales,Senior,12.1,88120,55.6,4.9,On-site,8.96,8,3.63,46.6,4,13.3,9.03,7.68,7.28,3.51,8.6,2.8,0.5647,0
EMP03054,28,Female,Sales,Senior,8.81,43145,50.2,10.1,Full Remote,7.8,7,3.39,51.9,9,16.3,6.29,7.31,6.64,5.79,90.8,3.2,0.6577,0
EMP03055,48,Female,Engineering,Tech Lead,5.21,40000,37.3,6.6,Hybrid,9.6,9,2.7,83.4,5,21.2,4.47,5.66,4.48,5.94,12.1,5.1,0.3813,0
EMP03056,28,Other,Operations,Senior Analyst,3.67,134548,44.5,1.5,Hybrid,9.13,7,5.0,67.9,4,12.8,9.56,6.48,4.75,4.55,46.4,5.7,0.4675,0
EMP03057,30,Male,Engineering,Junior Dev,3.27,41017,51.3,16.3,Hybrid,6.85,7,3.94,77.5,3,16.4,8.55,6.27,5.75,5.17,8.6,1.2,0.6966,0
EMP03058,36,Female,HR,Senior Analyst,0.33,116263,36.0,1.3,On-site,9.86,13,3.5,65.2,4,13.8,3.27,3.19,4.24,6.62,25.3,5.9,0.1933,0
EMP03059,25,Male,Marketing,Director,0.95,70694,43.6,8.3,Full Remote,7.59,11,3.24,84.8,0,17.0,6.06,4.15,7.11,6.79,26.7,5.4,0.4294,0
EMP03060,31,Male,Marketing,Senior,0.1,61879,52.3,17.7,Full Remote,9.19,4,3.67,87.6,7,15.2,8.31,4.39,7.88,4.11,20.7,9.5,0.2692,0
EMP03061,37,Male,Customer Support,Senior Analyst,0.44,89169,35.0,0.7,Full Remote,4.88,4,3.5,92.3,3,8.8,8.74,4.23,5.19,7.43,11.6,1.8,0.2802,0
EMP03062,32,Male,Engineering,Tech Lead,1.74,108414,47.7,3.5,Full Remote,5.69,9,3.92,62.7,10,12.8,7.86,5.37,9.2,8.09,37.1,8.6,0.4375,0
EMP03063,34,Female,Operations,Analyst,0.48,46348,35.0,6.1,Hybrid,7.38,9,3.04,56.0,1,10.0,9.01,2.97,6.19,6.57,0.4,0.8,0.1797,0
EMP03064,30,Male,Engineering,Senior Dev,6.96,62243,37.4,18.2,On-site,5.17,8,4.84,80.3,3,13.4,5.2,5.94,9.11,5.99,2.8,2.9,0.5243,0
EMP03065,22,Female,Engineering,Tech Lead,4.92,96171,41.0,13.8,Hybrid,7.12,7,4.05,61.9,9,16.7,9.13,2.4,4.82,8.02,37.4,3.5,0.3191,0
EMP03066,37,Male,Sales,Senior,0.22,82199,49.1,3.8,Full Remote,6.28,5,2.05,66.5,4,11.6,7.5,6.88,3.86,1.96,12.9,18.5,0.6566,0
EMP03067,49,Female,Engineering,Senior Dev,0.86,102547,39.4,39.6,Full Remote,5.51,6,3.73,82.5,4,13.4,5.92,3.1,6.11,6.44,11.7,0.7,0.6233,0
EMP03068,35,Male,Operations,Senior Analyst,5.13,87877,46.0,12.4,On-site,7.29,7,4.14,59.7,1,22.1,5.48,4.92,4.83,4.44,13.4,9.2,0.5702,0
EMP03069,36,Male,Marketing,Manager,4.87,120205,39.5,4.2,Hybrid,8.57,7,2.44,66.3,3,12.7,8.56,6.55,6.19,3.33,8.6,6.5,0.5418,0
EMP03070,40,Male,Engineering,Junior Dev,8.73,79464,40.8,1.6,On-site,8.72,3,4.38,80.7,4,9.9,8.84,3.26,6.42,4.96,27.8,1.7,0.3354,0
EMP03071,24,Male,Engineering,Junior Dev,18.03,80545,55.0,28.3,Hybrid,9.17,13,4.0,84.9,3,5.3,8.31,2.76,7.18,4.34,9.3,4.5,0.3873,0
EMP03072,48,Female,HR,Analyst,11.22,83043,35.8,5.0,On-site,7.83,3,2.45,46.6,7,17.3,5.88,3.48,5.55,6.3,3.9,11.2,0.186,0
EMP03073,36,Male,Operations,Senior Analyst,1.58,71437,51.1,12.7,On-site,8.22,6,3.36,78.0,5,13.2,6.09,2.72,4.63,5.6,6.5,19.6,0.3454,0
EMP03074,48,Female,Sales,Associate,0.86,96202,45.0,11.2,Hybrid,6.66,5,2.59,92.3,3,18.3,9.12,5.57,7.87,2.64,110.4,2.1,0.4051,0
EMP03075,29,Male,Marketing,Senior,4.26,80926,40.4,12.5,On-site,9.68,11,4.17,45.5,6,13.7,6.32,3.52,5.43,6.39,40.0,11.2,0.3398,0
EMP03076,49,Female,Operations,Analyst,1.07,94704,35.3,1.7,Hybrid,9.06,7,2.69,60.3,2,18.9,7.9,7.0,7.74,3.76,4.9,7.1,0.3549,0
EMP03077,41,Female,HR,Senior Analyst,4.93,98612,35.8,12.3,Full Remote,7.11,8,2.75,54.6,5,14.4,5.62,4.53,7.12,8.61,35.4,4.8,0.4583,0
EMP03078,39,Male,Engineering,Senior Dev,2.29,85711,39.1,2.7,Full Remote,7.1,10,3.57,37.9,4,9.2,8.93,3.49,6.8,5.62,18.0,9.2,0.4523,0
EMP03079,36,Male,HR,Senior Analyst,4.74,87542,43.8,3.3,Hybrid,9.82,10,5.0,74.4,3,13.2,5.25,5.22,4.88,8.6,7.8,10.4,0.2842,0
EMP03080,33,Male,HR,Analyst,0.97,49741,49.8,13.5,Full Remote,6.73,11,4.48,60.1,4,14.3,7.77,3.67,4.42,4.9,10.8,0.8,0.5118,0
EMP03081,44,Female,Finance,Analyst,2.13,61241,42.6,6.5,Full Remote,4.89,7,2.71,63.9,3,17.4,5.33,5.07,4.6,7.77,23.9,3.7,0.4281,0
EMP03082,36,Male,HR,Manager,2.49,96084,43.1,10.6,Hybrid,7.24,10,2.52,62.3,4,12.3,7.9,4.45,3.6,4.39,43.6,1.4,0.4552,0
EMP03083,22,Female,Customer Support,Analyst,8.6,110590,44.3,5.5,On-site,8.39,8,3.03,78.5,3,4.2,9.16,5.8,3.69,4.45,1.9,4.3,0.4933,0
EMP03084,26,Female,Engineering,Senior Dev,0.93,40000,48.8,3.1,Hybrid,7.23,10,2.38,70.8,5,10.1,8.09,3.4,4.78,8.01,2.2,0.9,0.3338,0
EMP03085,33,Female,Customer Support,Manager,8.28,60803,50.2,0.3,Hybrid,4.56,6,4.13,62.8,6,14.1,7.56,6.74,7.02,7.53,81.9,3.9,0.4532,0
EMP03086,37,Female,Marketing,Senior,4.9,75590,35.0,12.4,Full Remote,6.58,9,4.03,49.3,4,13.6,8.01,6.1,5.55,4.22,25.8,3.6,0.5557,0
EMP03087,34,Female,Finance,Manager,3.94,53018,42.7,3.3,Full Remote,5.3,7,4.23,85.7,2,12.5,5.92,5.72,6.93,3.36,3.0,2.7,0.5444,0
EMP03088,44,Male,Engineering,Junior Dev,4.64,54437,54.8,6.3,Hybrid,8.48,7,3.54,61.1,5,13.4,6.74,3.57,6.38,8.06,51.5,6.0,0.16,0
EMP03089,22,Female,Sales,Senior,2.79,86872,35.0,22.2,On-site,8.01,10,3.6,54.6,3,12.2,5.27,7.1,5.96,3.11,23.8,3.3,0.6067,0
EMP03090,36,Female,Operations,Senior Analyst,0.84,114534,45.6,5.5,Hybrid,5.73,7,2.65,68.6,4,10.5,7.96,4.08,4.08,6.18,2.7,4.8,0.3072,0
EMP03091,22,Male,Finance,Analyst,0.63,40000,43.6,26.9,Hybrid,8.56,7,3.72,31.5,2,16.9,6.56,6.45,7.43,3.83,46.5,1.8,0.5364,0
EMP03092,41,Female,Engineering,Senior Dev,6.04,70738,40.5,9.4,Hybrid,8.72,7,4.51,58.9,5,13.8,8.62,7.68,6.84,6.62,18.3,6.1,0.3576,0
EMP03093,34,Male,Marketing,Senior,3.87,86582,57.7,6.3,Full Remote,8.2,11,3.16,64.4,3,9.6,7.34,5.03,6.21,5.58,11.5,7.4,0.4692,0
EMP03094,38,Female,Engineering,Senior Dev,0.72,94505,45.3,7.7,Hybrid,9.17,12,3.83,65.3,5,15.5,6.4,6.66,7.66,3.22,12.7,1.4,0.434,0
EMP03095,28,Female,Customer Support,Manager,2.86,82978,57.1,3.7,Hybrid,9.41,5,3.55,76.7,2,14.9,6.94,2.78,5.01,6.59,30.7,8.6,0.2906,0
EMP03096,45,Male,Operations,Analyst,1.78,119035,45.0,18.9,Hybrid,7.27,9,3.07,75.9,4,13.5,7.46,5.78,3.66,6.32,0.9,10.8,0.6469,0
EMP03097,43,Female,Engineering,Senior Dev,0.52,75722,48.7,7.0,Full Remote,6.75,12,3.91,51.3,6,3.8,5.9,6.82,6.06,3.57,4.7,8.9,0.5139,0
EMP03098,39,Male,Operations,Analyst,2.28,107799,40.4,9.1,Full Remote,6.76,13,4.95,76.0,3,9.9,2.61,4.02,5.8,6.78,11.5,5.8,0.5336,0
EMP03099,33,Male,Customer Support,Senior Analyst,0.99,58840,40.5,1.9,Hybrid,9.08,8,4.6,77.4,3,9.4,5.26,3.46,5.53,3.44,103.4,20.8,0.3524,0
EMP03100,39,Male,Sales,Manager,0.3,76449,48.3,19.0,Full Remote,6.78,5,2.83,82.3,4,4.6,9.43,3.56,5.88,3.83,3.4,8.8,0.3704,0
EMP03101,29,Female,Finance,Analyst,1.89,44682,48.4,12.1,On-site,9.46,8,3.6,58.8,6,3.3,7.19,6.47,4.77,2.54,1.0,4.5,0.47,0
EMP03102,41,Male,Sales,Associate,2.68,97521,49.8,3.0,Full Remote,6.13,7,4.09,67.7,6,10.1,5.3,2.84,6.01,4.83,5.9,8.3,0.5507,0
EMP03103,48,Male,Finance,Senior Analyst,0.14,71988,48.0,13.7,Full Remote,6.06,8,3.57,85.2,6,14.0,6.87,6.86,7.44,6.96,2.2,1.3,0.5794,0
EMP03104,43,Female,Sales,Manager,1.54,83945,35.0,5.9,Full Remote,9.01,4,2.47,15.3,5,11.7,5.55,6.65,7.84,7.4,36.3,3.0,0.3415,0
EMP03105,29,Male,Sales,Senior,0.89,67165,38.5,12.2,On-site,8.28,2,2.89,64.7,5,16.4,7.57,4.89,4.12,5.66,26.9,5.2,0.5836,0
EMP03106,37,Male,Sales,Senior,0.1,89660,51.8,7.7,On-site,7.11,9,4.0,40.3,5,19.1,4.71,2.49,3.6,4.41,39.1,14.5,0.5495,0
EMP03107,24,Male,Engineering,Junior Dev,0.4,84935,35.0,16.6,On-site,4.39,4,5.0,67.7,2,6.0,8.49,3.27,5.08,8.21,45.3,11.3,0.4794,0
EMP03108,39,Male,Operations,Analyst,0.45,50133,47.3,10.3,Hybrid,7.72,5,2.98,74.9,6,17.8,8.89,4.33,5.87,4.7,18.2,9.9,0.3739,0
EMP03109,38,Male,Sales,Associate,0.61,51580,44.1,16.1,On-site,6.38,7,2.74,61.5,5,10.3,9.3,6.54,7.3,4.04,20.1,7.3,0.3794,0
EMP03110,22,Male,Sales,Senior,4.88,74305,51.8,3.0,On-site,4.09,8,4.4,60.7,5,9.6,7.12,5.29,5.51,3.68,4.6,2.7,0.5985,0
EMP03111,25,Other,Operations,Manager,1.74,91489,48.3,19.6,Hybrid,7.63,10,3.69,68.4,2,15.5,6.93,5.82,7.15,7.35,20.3,2.9,0.4987,0
EMP03112,32,Female,Marketing,Senior,0.48,121572,39.7,10.1,On-site,6.18,7,3.19,60.3,2,18.4,3.11,6.79,5.8,3.87,32.0,4.8,0.3942,0
EMP03113,32,Male,Marketing,Associate,0.32,82574,39.3,20.6,On-site,8.5,7,3.35,67.5,4,5.4,5.4,5.61,6.45,4.6,120.0,6.1,0.3159,0
EMP03114,25,Male,Customer Support,Analyst,1.06,100188,40.8,4.1,On-site,8.8,8,3.39,86.0,6,14.3,8.52,5.55,8.91,8.06,2.3,3.8,0.4516,0
EMP03115,38,Male,Operations,Analyst,4.8,40000,49.6,9.0,On-site,8.11,8,4.1,38.5,3,14.7,6.96,7.98,7.95,6.68,7.0,4.2,0.516,0
EMP03116,37,Female,Engineering,Senior Dev,1.36,125323,35.0,0.6,On-site,7.91,6,3.68,79.5,3,13.7,7.84,6.64,8.1,4.44,8.1,2.0,0.371,0
EMP03117,33,Male,Marketing,Senior,0.52,90142,46.3,2.7,On-site,6.96,6,2.28,75.6,0,11.9,6.83,6.19,1.65,4.1,8.4,6.2,0.6089,0
EMP03118,28,Male,Customer Support,Analyst,1.55,73759,37.9,1.1,Hybrid,7.67,7,3.4,55.1,4,14.1,4.76,3.44,6.2,6.81,3.3,2.3,0.3906,0
EMP03119,43,Female,Sales,Senior,2.43,70882,46.5,12.1,On-site,6.75,7,4.97,64.0,6,8.0,8.44,3.84,5.65,5.56,21.5,3.3,0.4767,0
EMP03120,48,Male,Sales,Associate,0.1,47320,47.8,11.4,Full Remote,7.36,11,4.39,81.7,6,10.9,6.31,3.53,7.99,7.55,4.9,1.6,0.2387,0
EMP03121,31,Male,Engineering,Junior Dev,2.96,54467,35.0,4.6,Hybrid,6.99,3,4.5,78.6,4,11.9,6.79,5.78,6.03,5.67,6.1,2.6,0.58,0
EMP03122,30,Female,Engineering,Junior Dev,1.51,122760,43.2,6.5,On-site,5.82,9,2.83,81.3,2,14.8,4.26,3.59,4.2,5.16,0.3,1.4,0.4882,0
EMP03123,38,Female,Finance,Analyst,0.1,50274,46.2,6.7,Hybrid,6.26,7,3.79,75.0,3,11.8,8.25,1.66,4.95,5.54,1.2,4.1,0.2912,0
EMP03124,32,Male,Operations,Analyst,3.36,49793,45.7,6.0,On-site,6.57,9,4.26,65.8,4,9.9,6.2,4.33,8.49,5.25,21.7,8.7,0.5469,0
EMP03125,33,Female,Customer Support,Analyst,3.74,57444,44.0,5.8,Hybrid,2.04,5,3.56,64.9,5,13.1,7.27,3.22,6.04,7.93,12.2,9.6,0.3214,0
EMP03126,40,Male,Operations,Senior Analyst,2.97,45045,35.2,14.6,Hybrid,4.52,8,4.45,53.5,1,22.4,4.52,4.13,5.71,8.11,30.6,6.0,0.4142,0
EMP03127,22,Female,Engineering,Tech Lead,1.26,75382,36.5,4.3,Full Remote,8.51,11,2.81,38.7,2,11.0,5.68,4.86,4.42,5.67,28.5,4.4,0.4078,0
EMP03128,45,Female,Engineering,Senior Dev,2.26,102222,35.0,11.6,Full Remote,4.06,10,3.67,85.5,2,3.9,7.39,6.67,5.43,4.66,19.4,1.8,0.6788,0
EMP03129,35,Female,Customer Support,Manager,1.47,59737,49.4,15.2,Hybrid,3.44,7,3.03,72.1,3,9.7,5.19,7.0,7.55,3.71,43.9,4.9,0.585,0
EMP03130,31,Female,Sales,Associate,3.62,40666,44.1,2.9,Hybrid,5.86,13,4.68,88.2,4,8.6,8.45,5.38,7.68,5.69,20.2,13.6,0.3711,0
EMP03131,34,Female,Sales,Manager,2.63,82296,44.6,6.6,Full Remote,7.52,7,3.46,74.8,3,13.6,4.96,5.98,6.34,6.37,0.9,6.5,0.4832,0
EMP03132,34,Female,Customer Support,Analyst,0.26,73605,35.0,15.4,Full Remote,7.27,7,3.33,59.0,6,7.3,5.57,6.47,5.66,8.51,2.4,10.5,0.378,0
EMP03133,22,Female,HR,Analyst,3.09,100068,44.7,8.7,Full Remote,8.84,4,2.59,84.0,6,14.5,5.73,6.31,5.04,6.78,19.8,3.1,0.5289,0
EMP03134,46,Male,Engineering,Senior Dev,3.49,63637,50.1,9.2,Hybrid,9.21,11,4.16,66.4,5,7.4,4.47,4.1,7.04,5.82,7.3,2.6,0.3954,0
EMP03135,35,Male,Operations,Analyst,1.39,68496,35.0,5.8,Hybrid,7.76,7,3.85,73.2,5,11.8,6.18,6.32,6.33,7.14,6.8,7.7,0.3653,0
EMP03136,38,Female,Customer Support,Manager,6.26,71261,40.7,25.6,Full Remote,8.52,8,3.49,86.1,4,14.5,5.75,3.43,4.58,6.91,1.2,3.1,0.4837,0
EMP03137,42,Female,Engineering,Junior Dev,5.55,77225,35.0,18.5,On-site,7.42,7,3.98,46.1,3,15.4,4.17,4.14,4.79,6.58,59.9,8.3,0.505,0
EMP03138,26,Male,Operations,Analyst,0.58,65185,41.6,14.0,Full Remote,9.25,10,4.36,82.5,3,7.4,5.2,5.77,6.27,5.27,24.2,7.2,0.5677,0
EMP03139,38,Female,Sales,Associate,7.04,61133,37.8,4.2,Hybrid,9.35,6,3.66,87.9,4,9.1,8.45,6.73,5.54,6.64,19.9,1.4,0.3235,0
EMP03140,32,Female,Marketing,Associate,1.74,40000,48.0,2.0,Full Remote,7.24,9,3.86,51.5,1,8.5,6.7,7.44,8.78,2.75,11.4,4.1,0.572,0
EMP03141,41,Other,Customer Support,Analyst,3.86,60865,46.4,1.9,On-site,5.12,8,3.93,84.8,5,15.5,6.08,5.15,7.33,7.57,18.4,2.2,0.4283,0
EMP03142,22,Female,Customer Support,Analyst,5.05,92880,55.3,8.5,Full Remote,6.25,7,2.09,48.2,3,6.5,5.02,4.11,5.26,4.78,10.0,4.3,0.6013,0
EMP03143,34,Male,Sales,Associate,2.11,96256,44.6,2.8,Hybrid,7.96,9,3.88,52.6,4,8.9,6.29,2.36,8.03,6.51,4.4,3.2,0.0549,0
EMP03144,30,Male,Engineering,Tech Lead,1.53,63222,47.7,3.0,Hybrid,8.05,9,2.19,51.2,2,10.7,5.15,2.7,5.73,4.04,3.6,7.7,0.3367,0
EMP03145,38,Male,Engineering,Senior Dev,7.41,107487,40.5,4.1,Full Remote,8.05,7,3.51,81.4,3,2.9,5.18,6.42,5.36,4.65,26.8,8.4,0.6506,0
EMP03146,38,Male,Marketing,Associate,0.79,74282,36.2,6.1,Full Remote,7.85,13,3.95,81.9,8,14.8,6.31,4.44,6.83,6.04,38.9,7.4,0.3827,0
EMP03147,29,Female,Engineering,Senior Dev,0.89,41553,51.7,5.3,Hybrid,5.21,7,2.04,67.8,1,15.5,6.08,5.18,8.42,6.83,20.1,3.4,0.4368,0
EMP03148,29,Female,Sales,Director,1.35,40000,54.9,13.4,On-site,7.04,8,3.54,54.2,4,12.0,6.74,4.37,9.3,7.38,50.4,5.7,0.3444,0
EMP03149,34,Female,Engineering,Junior Dev,5.89,105456,50.6,7.4,Full Remote,4.34,7,3.22,80.6,3,5.8,6.78,4.67,9.41,6.18,1.0,9.4,0.3092,0
EMP03150,27,Female,Sales,Associate,8.38,65674,46.0,6.1,Hybrid,8.46,4,3.3,57.4,6,13.5,5.9,7.73,4.69,7.75,33.4,3.6,0.6471,0
EMP03151,41,Male,Engineering,Manager,0.75,44648,37.2,5.4,Hybrid,9.16,3,4.12,70.4,8,23.6,8.47,7.42,8.12,3.76,10.5,7.3,0.3752,0
EMP03152,32,Male,Operations,Analyst,5.98,40000,54.1,11.8,Full Remote,4.65,8,5.0,82.0,2,13.9,7.68,2.17,6.34,5.08,2.2,5.4,0.4916,0
EMP03153,22,Male,Engineering,Senior Dev,0.9,65107,49.6,15.3,Full Remote,6.47,7,4.09,78.3,3,4.8,6.65,5.59,6.39,8.02,2.4,4.9,0.4949,0
EMP03154,32,Male,Sales,Associate,10.58,85118,61.2,7.7,On-site,7.24,11,3.52,63.3,4,12.3,7.94,5.36,4.66,7.14,35.5,3.5,0.6506,0
EMP03155,26,Female,Operations,Manager,2.73,57557,35.8,7.9,Full Remote,7.5,10,2.42,56.5,4,14.0,4.35,5.36,6.16,5.9,37.5,3.6,0.4781,0
EMP03156,22,Male,Finance,Manager,0.1,48668,51.9,8.1,Full Remote,9.74,9,4.59,86.9,8,14.6,3.77,6.89,5.57,3.24,4.1,4.5,0.4572,0
EMP03157,25,Male,Engineering,Tech Lead,0.1,61265,49.4,14.4,Hybrid,7.87,6,3.37,77.0,3,2.8,5.98,4.57,7.37,4.07,27.5,0.7,0.5809,0
EMP03158,35,Male,Engineering,Senior Dev,0.48,106079,42.3,5.9,Full Remote,7.42,7,2.15,79.9,4,14.5,7.03,5.36,5.72,4.29,26.7,10.3,0.3463,0
EMP03159,45,Female,Finance,Analyst,0.62,40175,55.9,1.2,Hybrid,8.82,7,2.58,50.6,2,14.1,6.79,3.64,7.48,6.98,15.6,3.1,0.3371,0
EMP03160,37,Male,Sales,Associate,4.38,58957,48.2,21.6,Full Remote,7.23,8,2.48,73.5,2,19.0,5.93,4.53,5.67,5.42,29.1,11.8,0.6066,0
EMP03161,30,Female,Operations,Manager,0.76,105268,37.5,11.7,On-site,6.53,8,2.61,52.5,8,7.5,7.24,4.32,7.82,4.87,20.7,4.0,0.3092,0
EMP03162,38,Male,Sales,Director,10.44,87354,44.1,21.6,Hybrid,7.69,7,4.31,74.4,5,10.7,6.1,7.46,5.46,4.77,3.0,6.1,0.5709,0
EMP03163,31,Female,Sales,Senior,3.03,79478,37.4,11.0,On-site,5.89,10,3.66,74.3,5,14.7,4.75,3.24,3.06,6.74,7.8,1.4,0.5715,0
EMP03164,29,Male,Marketing,Senior,3.54,58788,41.3,5.7,Hybrid,5.95,5,3.93,87.5,3,5.3,6.51,3.08,9.08,4.35,54.9,5.0,0.4232,0
EMP03165,25,Female,Finance,Analyst,0.74,75762,50.6,33.4,Full Remote,7.09,7,1.26,52.4,2,11.7,6.25,5.39,3.65,5.86,10.9,2.3,0.4863,0
EMP03166,22,Female,Customer Support,Analyst,6.7,61554,52.9,7.1,On-site,5.03,5,4.11,72.4,5,8.9,8.71,1.57,4.95,3.77,10.7,0.5,0.4374,0
EMP03167,31,Female,Engineering,Senior Dev,3.31,53515,46.8,2.8,Full Remote,8.9,7,4.0,42.5,2,8.8,8.17,4.13,6.53,4.87,3.1,5.3,0.3065,0
EMP03168,36,Female,Marketing,Senior,5.99,47998,39.0,25.9,Hybrid,6.17,4,2.07,73.9,4,2.0,4.65,3.22,5.21,3.17,69.9,3.8,0.5815,0
EMP03169,34,Male,Engineering,Senior Dev,9.4,94602,48.1,0.8,Full Remote,8.97,14,2.5,80.9,9,9.7,6.41,5.04,7.29,4.84,7.9,3.0,0.4568,0
EMP03170,31,Male,Marketing,Associate,0.4,73489,50.8,20.1,On-site,9.6,7,4.41,64.9,1,18.7,7.69,5.49,8.07,3.35,17.0,10.6,0.4072,0
EMP03171,27,Male,Operations,Manager,0.3,82862,35.0,7.2,Full Remote,7.55,8,3.02,86.8,3,19.3,5.98,3.98,5.11,3.31,4.1,5.5,0.2361,0
EMP03172,39,Female,Sales,Manager,4.88,78791,45.9,12.3,On-site,7.1,5,4.31,75.4,1,15.4,4.25,4.76,6.15,4.24,15.8,9.2,0.5191,0
EMP03173,24,Male,Customer Support,Manager,6.03,86022,43.5,25.0,Hybrid,8.19,9,3.51,58.3,4,17.3,7.17,2.8,8.04,5.82,16.7,4.5,0.2924,0
EMP03174,41,Male,HR,Senior Analyst,2.63,68632,52.6,25.0,Full Remote,7.84,7,3.09,67.0,4,15.2,7.7,6.36,8.44,5.78,34.3,2.9,0.3796,0
EMP03175,26,Female,Customer Support,Senior Analyst,1.37,62958,48.1,10.8,Full Remote,8.94,8,3.39,74.1,5,8.2,4.45,3.38,4.23,8.88,33.6,3.1,0.4487,0
EMP03176,28,Female,Operations,Analyst,3.17,54617,48.9,7.5,On-site,8.27,4,1.91,77.8,4,13.2,8.15,4.22,7.83,6.9,35.3,5.0,0.3767,0
EMP03177,23,Male,Engineering,Manager,1.09,40000,41.1,2.5,Hybrid,5.08,4,3.8,51.5,8,11.6,9.04,3.62,5.09,5.12,8.8,6.8,0.4729,0
EMP03178,30,Female,Engineering,Senior Dev,0.82,46949,45.0,32.6,Hybrid,8.86,4,2.54,71.7,2,2.1,4.05,4.95,7.37,3.38,33.9,2.9,0.5975,0
EMP03179,42,Female,Sales,Senior,2.01,65864,52.5,2.0,Hybrid,8.81,6,2.04,65.9,4,8.6,4.18,3.44,8.78,6.11,18.1,4.4,0.3569,0
EMP03180,39,Male,Engineering,Senior Dev,0.73,40000,44.5,5.4,Full Remote,6.99,4,2.31,79.1,5,17.1,7.95,6.55,6.36,4.06,1.8,1.6,0.4105,0
EMP03181,42,Male,Marketing,Manager,1.98,40442,46.4,18.5,Hybrid,7.64,6,2.77,58.0,6,13.3,6.61,3.57,7.35,4.66,17.8,3.2,0.3853,0
EMP03182,39,Female,Marketing,Associate,9.41,101053,35.0,8.5,Hybrid,8.33,4,3.97,65.0,3,13.7,8.68,5.4,7.18,5.0,16.9,8.4,0.2823,0
EMP03183,26,Female,Customer Support,Analyst,5.49,80604,44.5,9.8,Hybrid,8.08,9,2.86,65.6,4,8.7,7.64,5.61,6.49,4.11,14.6,7.3,0.4655,0
EMP03184,32,Male,Sales,Senior,8.52,63704,35.0,4.1,Hybrid,4.73,9,4.1,75.8,8,17.3,4.8,6.22,4.84,5.49,10.9,1.3,0.5934,0
EMP03185,28,Male,Operations,Manager,4.92,131789,40.9,6.4,On-site,6.34,5,4.21,53.9,7,15.7,5.67,6.99,7.3,5.83,20.7,7.5,0.6649,0
EMP03186,45,Female,Customer Support,Senior Analyst,1.31,40000,45.5,7.4,Full Remote,8.96,15,4.27,51.9,2,4.1,4.45,3.93,6.36,4.39,3.3,4.7,0.4235,0
EMP03187,25,Female,Operations,Analyst,5.01,99390,51.1,1.9,Full Remote,8.25,10,4.97,78.7,4,12.7,7.7,3.8,3.28,4.91,32.8,11.7,0.4336,0
EMP03188,42,Female,Engineering,Senior Dev,7.69,72213,37.0,15.6,On-site,9.14,5,3.88,82.0,2,12.5,6.31,4.69,9.04,5.09,4.3,9.3,0.3698,0
EMP03189,42,Male,Marketing,Manager,8.81,94626,48.0,11.0,Hybrid,8.11,10,3.97,83.9,2,9.0,6.72,5.43,7.51,5.03,49.7,4.1,0.4482,0
EMP03190,49,Male,Sales,Manager,3.45,77723,56.7,13.0,Full Remote,7.02,9,2.99,70.0,6,17.3,5.85,4.24,5.11,5.55,5.5,2.0,0.5246,0
EMP03191,31,Female,Sales,Senior,0.71,40000,39.9,4.7,On-site,7.93,11,1.65,81.3,2,7.1,5.58,3.7,4.95,5.67,19.9,8.1,0.5056,0
EMP03192,40,Male,Sales,Associate,0.12,77386,35.0,5.6,Hybrid,7.28,8,3.76,60.3,3,15.0,7.05,4.68,6.35,4.48,3.5,8.9,0.4279,0
EMP03193,53,Other,Operations,Manager,0.48,83388,47.3,20.2,Full Remote,5.1,5,2.41,74.3,6,4.2,5.87,4.9,5.13,4.91,17.7,11.9,0.692,0
EMP03194,30,Female,Marketing,Senior,10.1,40000,35.5,2.1,Hybrid,8.56,7,2.38,81.3,7,5.9,7.76,3.38,5.76,7.23,5.0,3.1,0.1239,0
EMP03195,22,Male,Marketing,Manager,1.86,123601,38.4,11.6,Full Remote,8.95,10,2.57,83.4,6,9.5,8.37,1.84,7.03,5.97,33.0,2.2,0.1286,0
EMP03196,22,Female,Customer Support,Analyst,5.79,82780,52.4,9.9,Full Remote,9.37,8,4.02,71.2,0,18.1,7.47,5.11,5.18,6.0,12.9,8.3,0.4406,0
EMP03197,40,Male,Engineering,Senior Dev,1.88,91799,60.0,37.9,Full Remote,6.85,7,4.27,71.7,5,5.9,7.29,6.34,5.39,6.43,59.2,1.5,0.7125,1
EMP03198,22,Female,Marketing,Manager,3.24,45861,37.0,8.4,Hybrid,7.3,10,3.63,82.1,6,12.0,5.99,2.72,5.86,5.29,10.4,14.1,0.3411,0
EMP03199,32,Male,Operations,Analyst,0.1,92265,39.1,0.3,Full Remote,7.7,9,2.61,69.9,3,10.5,8.94,3.42,3.68,3.66,47.2,3.4,0.4464,0
EMP03200,38,Male,Engineering,Senior Dev,0.86,102237,41.5,1.8,On-site,7.93,6,3.27,71.8,3,13.7,6.65,5.62,4.36,3.83,0.9,6.8,0.47,0
EMP03201,36,Female,HR,Senior Analyst,1.72,81339,40.6,10.2,Hybrid,6.38,7,4.63,78.9,5,5.9,8.3,4.75,4.83,6.64,17.0,2.8,0.4854,0
EMP03202,38,Female,Engineering,Tech Lead,2.99,74765,60.5,10.4,Full Remote,5.7,4,3.29,65.2,3,12.5,5.11,4.41,5.96,3.58,1.1,11.0,0.5429,0
EMP03203,36,Male,Operations,Analyst,0.56,52660,40.8,4.2,Hybrid,9.21,5,3.1,38.3,4,18.8,6.09,2.07,6.44,7.88,16.8,2.7,0.2377,0
EMP03204,45,Female,Sales,Associate,4.34,69594,41.9,0.9,On-site,8.82,9,4.58,85.3,3,20.3,6.74,2.9,4.7,5.57,0.2,4.8,0.4386,0
EMP03205,27,Male,Sales,Director,1.36,62199,57.9,23.8,Hybrid,7.96,11,5.0,67.7,2,4.0,6.78,5.59,7.82,5.61,11.2,0.6,0.6282,0
EMP03206,29,Male,HR,Senior Analyst,5.1,89299,49.6,15.4,Full Remote,8.74,6,3.24,92.9,8,15.9,8.21,3.55,6.53,4.86,13.1,8.9,0.2945,0
EMP03207,28,Male,Engineering,Junior Dev,0.31,53753,52.9,13.1,Full Remote,7.4,11,2.2,77.9,6,14.7,6.21,5.82,6.98,6.18,27.4,8.8,0.6033,0
EMP03208,41,Male,Sales,Associate,3.42,89116,37.8,1.9,On-site,7.82,3,3.56,76.4,7,13.7,3.01,2.72,6.29,6.82,47.0,1.1,0.4816,0
EMP03209,42,Male,Sales,Director,1.04,54025,40.8,1.8,Full Remote,5.16,10,3.23,62.2,4,12.8,6.06,6.07,3.45,6.96,7.1,3.6,0.6355,0
EMP03210,38,Male,Sales,Associate,4.76,68441,36.7,13.1,Full Remote,8.44,9,4.68,61.1,2,22.7,7.44,7.33,7.74,3.45,48.9,1.2,0.4162,0
EMP03211,44,Male,Marketing,Senior,1.54,90401,51.4,14.5,Hybrid,7.84,8,2.47,78.7,4,8.7,8.36,2.59,6.44,5.21,9.3,2.6,0.3596,0
EMP03212,25,Male,HR,Analyst,3.28,57405,54.8,25.5,Full Remote,9.0,5,2.77,49.0,2,1.3,7.02,4.2,7.56,5.88,35.2,1.9,0.5694,0
EMP03213,48,Male,Marketing,Manager,8.17,91263,40.2,17.1,On-site,6.3,8,3.2,52.8,4,15.0,8.14,9.17,7.42,7.94,20.6,2.3,0.5927,0
EMP03214,47,Female,Finance,Senior Analyst,0.1,88824,42.1,6.9,On-site,8.44,3,4.05,75.9,6,7.3,6.73,4.23,7.44,6.53,1.0,4.0,0.169,0
EMP03215,40,Male,Sales,Senior,0.1,68226,42.4,12.7,Hybrid,7.1,5,2.65,87.4,4,2.4,8.95,2.24,6.65,3.08,41.0,4.5,0.3565,0
EMP03216,49,Female,Engineering,Junior Dev,4.41,104044,35.0,14.6,On-site,8.09,10,4.36,96.4,2,12.4,6.21,5.76,3.83,6.11,8.4,6.9,0.6176,0
EMP03217,22,Female,Operations,Manager,3.12,76944,39.6,8.5,Hybrid,8.22,7,3.11,57.9,5,10.2,6.62,4.59,6.17,5.96,7.1,10.2,0.311,0
EMP03218,30,Female,Operations,Analyst,1.04,102556,51.2,7.2,On-site,7.77,11,2.29,81.9,7,7.6,4.47,1.97,6.47,6.15,9.4,9.3,0.3781,0
EMP03219,29,Female,Sales,Director,2.05,119836,38.0,7.6,Hybrid,6.09,5,2.82,68.6,5,7.5,5.41,3.57,5.47,3.76,8.7,1.7,0.5218,0
EMP03220,40,Female,Sales,Senior,0.13,68967,45.7,16.6,Full Remote,8.6,8,2.41,66.5,0,14.3,6.59,7.83,7.16,5.72,83.6,4.5,0.4768,0
EMP03221,26,Male,Marketing,Senior,0.64,91123,35.0,4.3,On-site,5.67,5,2.47,81.9,4,17.6,4.88,5.49,7.97,5.65,18.1,10.0,0.3982,0
EMP03222,41,Female,Marketing,Associate,1.66,59060,43.8,5.8,On-site,5.73,9,5.0,77.0,4,1.5,9.27,6.95,5.57,4.07,10.6,3.0,0.5872,0
EMP03223,45,Female,Finance,Senior Analyst,5.39,49179,40.5,4.6,On-site,8.6,7,3.61,63.8,6,16.4,8.01,3.86,7.65,5.13,0.5,0.9,0.3223,0
EMP03224,40,Female,Engineering,Senior Dev,1.96,70113,35.2,1.9,Hybrid,5.89,9,4.35,57.1,4,18.7,9.08,5.86,5.17,5.75,12.3,4.1,0.3689,0
EMP03225,37,Female,Finance,Analyst,2.65,40934,51.3,14.9,Hybrid,8.87,12,3.17,80.4,3,11.3,6.36,6.4,2.49,5.24,8.3,8.6,0.7261,1
EMP03226,27,Male,Engineering,Junior Dev,6.21,51559,51.8,5.3,Full Remote,8.8,9,3.99,90.9,2,4.6,4.04,4.89,7.99,2.93,18.7,3.4,0.518,0
EMP03227,28,Female,Marketing,Associate,1.11,89785,37.2,13.2,Full Remote,5.56,9,2.86,85.1,1,7.5,6.22,5.3,3.78,6.59,33.2,1.8,0.379,0
EMP03228,44,Female,Operations,Analyst,3.62,62158,43.3,10.6,Full Remote,9.48,4,4.87,62.4,4,4.5,7.07,7.29,4.28,4.09,13.9,3.2,0.5733,0
EMP03229,41,Male,Marketing,Associate,5.93,92762,45.4,4.3,Full Remote,5.29,9,3.3,68.0,1,6.4,5.81,8.13,7.08,6.15,19.9,4.4,0.4256,0
EMP03230,34,Male,Engineering,Tech Lead,0.68,82485,35.0,10.9,Hybrid,7.65,13,2.82,79.0,1,12.4,2.68,4.68,4.87,4.39,51.8,6.5,0.5602,0
EMP03231,31,Female,Customer Support,Analyst,1.32,121278,35.0,6.4,Hybrid,7.51,8,2.48,79.4,2,10.5,4.1,3.58,6.35,7.26,9.2,3.3,0.2226,0
EMP03232,22,Female,Operations,Senior Analyst,11.71,88108,55.3,8.9,Full Remote,6.9,8,2.58,87.0,2,14.9,9.01,2.53,7.0,3.95,5.7,4.0,0.3389,0
EMP03233,26,Female,Operations,Analyst,12.26,102855,36.5,3.5,Hybrid,8.51,8,2.48,82.2,4,11.8,6.99,5.54,6.76,3.44,6.9,6.5,0.3398,0
EMP03234,50,Female,Sales,Senior,0.76,85047,55.1,9.4,Full Remote,7.25,7,4.88,65.8,6,9.3,4.74,4.27,6.16,6.47,2.9,2.9,0.3271,0
EMP03235,24,Male,Engineering,Senior Dev,0.21,82784,35.0,16.6,Hybrid,5.03,7,3.33,54.6,4,11.2,5.46,4.77,7.12,5.41,44.2,7.0,0.5202,0
EMP03236,36,Male,Customer Support,Manager,0.95,104118,50.3,2.5,On-site,4.01,7,3.27,63.7,2,6.1,8.14,4.2,5.12,5.57,7.3,0.6,0.579,0
EMP03237,43,Male,Marketing,Manager,1.52,91719,42.5,8.0,Hybrid,8.46,9,5.0,75.4,4,10.8,5.43,6.66,1.61,2.08,1.5,5.6,0.4919,0
EMP03238,24,Male,Operations,Senior Analyst,1.74,80251,43.6,15.5,Full Remote,6.11,5,4.72,67.8,4,13.7,7.64,4.4,6.65,8.55,15.5,1.1,0.4248,0
EMP03239,36,Male,Sales,Manager,2.89,80141,59.8,3.7,Hybrid,6.84,7,2.5,87.7,4,10.8,4.28,2.91,7.97,6.28,0.7,10.3,0.3979,0
EMP03240,42,Male,Sales,Associate,6.89,88455,35.0,11.9,On-site,7.52,6,4.58,53.5,2,16.5,5.42,5.8,8.01,6.96,23.1,8.8,0.3087,0
EMP03241,35,Female,Customer Support,Senior Analyst,1.2,58215,49.8,9.2,Hybrid,5.16,7,3.21,90.8,2,12.2,7.3,5.13,5.76,6.29,4.2,6.1,0.528,0
EMP03242,57,Female,Marketing,Associate,5.69,57155,49.4,10.1,On-site,7.0,9,3.4,59.4,1,19.1,6.59,3.71,5.41,5.58,33.0,4.1,0.4168,0
EMP03243,22,Male,Engineering,Senior Dev,0.29,110635,70.0,6.8,Full Remote,7.31,5,3.03,83.7,5,7.7,5.88,3.91,7.82,7.78,1.6,9.8,0.4806,0
EMP03244,43,Male,Engineering,Junior Dev,0.13,121610,36.4,5.1,Full Remote,7.26,9,3.38,65.5,2,10.2,5.3,6.54,4.77,3.78,2.1,0.9,0.4524,0
EMP03245,33,Male,Marketing,Manager,2.1,51777,40.0,8.5,Full Remote,6.95,5,3.02,73.6,1,3.3,7.11,2.97,7.33,7.86,3.0,0.9,0.3168,0
EMP03246,41,Female,Engineering,Senior Dev,0.18,58275,51.5,10.4,On-site,8.59,9,3.23,84.2,4,16.6,6.51,6.52,6.12,6.15,13.4,2.9,0.471,0
EMP03247,38,Male,Marketing,Manager,1.5,103563,43.4,6.0,Hybrid,6.8,8,3.16,77.6,4,7.7,5.82,4.67,5.04,1.5,7.2,7.8,0.4314,0
EMP03248,29,Male,Sales,Senior,6.81,88337,41.3,12.8,Full Remote,8.3,8,3.88,65.1,8,19.5,8.84,5.33,6.71,5.13,18.8,7.1,0.3671,0
EMP03249,36,Female,Operations,Analyst,0.83,91910,52.7,6.8,Full Remote,7.76,6,3.9,64.1,8,2.7,7.61,4.29,9.33,5.52,44.5,5.0,0.267,0
EMP03250,22,Female,Sales,Manager,3.67,97415,42.9,3.2,Hybrid,6.5,7,3.61,83.1,5,8.6,6.05,3.87,4.47,6.85,10.6,5.0,0.3761,0
EMP03251,39,Male,Customer Support,Manager,1.08,68981,37.9,7.3,On-site,5.19,8,4.69,45.8,2,19.3,6.48,5.35,3.81,6.39,14.3,6.0,0.446,0
EMP03252,37,Male,Engineering,Manager,0.14,83249,50.8,9.1,Hybrid,9.32,3,4.35,76.5,6,16.4,7.96,6.25,3.58,8.1,4.4,0.8,0.4675,0
EMP03253,40,Male,HR,Senior Analyst,2.44,81304,48.0,16.4,Full Remote,8.26,8,4.55,89.5,7,0.0,5.73,5.32,5.26,4.25,37.1,5.3,0.5904,0
EMP03254,43,Female,Engineering,Tech Lead,5.4,53537,42.5,8.1,Hybrid,9.16,12,2.91,69.3,4,14.0,6.83,4.98,8.36,4.36,38.3,7.2,0.4636,0
EMP03255,37,Female,Finance,Senior Analyst,1.58,82877,42.1,7.4,Full Remote,9.13,10,2.57,52.5,5,7.5,5.35,5.41,5.59,7.98,33.3,3.3,0.35,0
EMP03256,36,Male,Customer Support,Analyst,2.88,105942,37.7,25.0,Hybrid,6.83,7,3.72,58.0,4,16.0,8.18,4.61,5.31,5.7,2.2,7.5,0.539,0
EMP03257,27,Female,Operations,Analyst,6.91,66646,50.8,10.0,Hybrid,8.24,5,3.83,73.1,4,9.7,3.02,4.54,5.92,6.7,25.5,4.7,0.4584,0
EMP03258,29,Male,Marketing,Associate,4.68,78814,42.1,9.0,Hybrid,4.9,9,2.7,79.7,6,15.6,4.3,2.81,6.41,5.12,66.9,19.4,0.5517,0
EMP03259,44,Male,Marketing,Associate,0.65,80167,38.8,7.9,On-site,5.67,10,3.77,63.5,5,5.3,7.08,2.65,7.49,3.72,73.3,2.3,0.4245,0
EMP03260,46,Male,Operations,Senior Analyst,3.97,67883,35.0,11.0,Full Remote,3.62,10,2.12,92.8,4,11.0,4.67,7.08,5.7,7.31,6.6,1.2,0.579,0
EMP03261,33,Female,Customer Support,Manager,2.09,91922,48.1,6.9,On-site,8.47,8,3.23,83.8,4,13.6,3.75,5.2,8.82,6.13,18.6,3.4,0.2758,0
EMP03262,35,Male,Customer Support,Analyst,4.11,57998,40.9,1.1,On-site,6.4,14,2.46,85.4,5,7.4,6.4,2.73,7.65,5.82,1.0,9.3,0.4056,0
EMP03263,27,Male,Sales,Manager,2.05,108316,35.0,7.3,Hybrid,8.23,8,3.83,51.4,5,10.4,8.01,3.96,6.43,5.49,4.8,7.1,0.3254,0
EMP03264,44,Male,Customer Support,Senior Analyst,0.41,90655,35.4,7.2,Full Remote,7.73,9,4.13,82.8,5,19.8,8.33,5.11,5.91,4.4,7.0,5.7,0.4501,0
EMP03265,40,Male,Engineering,Junior Dev,2.53,51580,43.1,4.9,On-site,4.28,8,1.83,80.9,4,14.1,7.61,5.04,7.61,6.09,3.8,0.6,0.2964,0
EMP03266,50,Female,Sales,Associate,2.03,117450,43.4,13.0,Hybrid,8.95,6,1.02,86.0,2,2.8,5.69,2.81,6.05,3.93,31.3,6.2,0.4313,0
EMP03267,27,Male,Engineering,Senior Dev,2.19,79202,43.1,3.0,Full Remote,8.51,7,4.77,78.5,1,10.8,5.88,3.59,4.25,4.97,120.0,5.0,0.3403,0
EMP03268,31,Male,Sales,Manager,6.33,56926,41.9,12.7,Hybrid,4.91,11,2.56,80.2,4,16.4,3.98,6.13,5.73,6.72,44.1,8.4,0.6139,0
EMP03269,36,Female,Operations,Manager,6.76,102613,35.0,6.1,Hybrid,9.39,9,3.06,48.8,6,9.5,5.22,5.78,9.28,4.44,2.8,3.6,0.4145,0
EMP03270,40,Female,Operations,Analyst,1.81,87366,38.0,22.8,Full Remote,5.03,5,2.66,50.4,7,14.8,5.47,5.87,8.1,7.3,4.7,3.0,0.6229,0
EMP03271,33,Female,Operations,Manager,1.82,40000,54.5,0.7,Hybrid,9.43,7,4.43,59.9,7,17.0,5.86,4.48,6.28,5.2,7.5,3.6,0.3308,0
EMP03272,28,Female,HR,Analyst,2.17,61858,53.3,7.3,Hybrid,7.35,8,4.25,78.2,2,5.0,6.39,2.67,4.48,1.64,8.0,1.8,0.5057,0
EMP03273,42,Male,Marketing,Senior,2.2,81977,49.6,41.2,On-site,8.89,13,3.23,67.6,4,14.2,4.51,2.38,5.16,5.2,5.0,1.6,0.6548,0
EMP03274,40,Female,Finance,Senior Analyst,9.01,40000,48.9,29.7,Hybrid,9.04,8,4.04,67.5,4,13.4,5.17,6.04,7.07,3.9,80.1,6.1,0.5215,0
EMP03275,27,Female,Sales,Associate,3.14,77126,52.2,15.3,Hybrid,8.27,12,3.72,50.8,1,17.5,6.63,5.87,6.73,3.57,20.9,8.1,0.5546,0
EMP03276,45,Male,Operations,Analyst,0.97,78949,36.0,12.1,Hybrid,7.21,8,3.74,73.1,2,10.4,6.9,1.98,4.73,4.55,5.4,2.1,0.2303,0
EMP03277,44,Female,Finance,Analyst,2.27,45412,45.3,18.1,Full Remote,5.68,6,4.0,78.1,5,13.9,5.06,4.07,7.65,6.78,37.9,4.7,0.4648,0
EMP03278,36,Male,Finance,Analyst,2.96,81766,36.0,5.9,On-site,8.03,9,3.49,76.9,5,19.4,6.41,3.05,5.21,4.66,23.0,11.1,0.4589,0
EMP03279,35,Other,Marketing,Manager,3.06,75186,36.2,22.5,Hybrid,8.03,5,3.09,72.6,1,17.2,6.98,3.59,6.11,7.77,36.9,1.9,0.344,0
EMP03280,39,Female,Operations,Analyst,2.64,45217,47.9,2.4,On-site,5.61,12,4.21,57.6,3,9.7,6.84,6.78,5.36,7.2,10.1,9.1,0.3912,0
EMP03281,28,Female,Sales,Senior,0.59,97989,52.6,4.7,On-site,8.26,10,3.63,88.7,5,12.1,4.18,2.32,8.01,4.52,20.1,2.2,0.3257,0
EMP03282,35,Female,Sales,Associate,0.1,95946,43.4,6.2,Hybrid,7.62,9,3.49,67.8,10,21.0,4.85,6.15,5.17,5.61,50.0,3.1,0.3815,0
EMP03283,22,Female,Operations,Senior Analyst,1.24,67756,58.2,5.2,Full Remote,6.98,8,3.59,88.9,0,0.6,4.76,7.27,7.33,3.97,4.7,6.0,0.7033,1
EMP03284,42,Male,Marketing,Manager,1.67,70035,46.7,6.3,On-site,6.66,10,3.0,70.3,9,4.1,7.78,4.91,7.7,7.65,41.8,8.4,0.4633,0
EMP03285,22,Male,Operations,Senior Analyst,0.19,93156,38.8,38.1,Hybrid,7.04,8,2.44,74.8,3,17.6,8.48,5.04,6.59,5.7,70.4,6.3,0.468,0
EMP03286,47,Male,Sales,Senior,5.06,69983,36.3,5.1,On-site,8.5,14,2.99,80.6,4,13.4,8.11,5.89,6.26,5.49,8.4,3.8,0.433,0
EMP03287,32,Male,Sales,Associate,1.27,40000,53.1,7.0,Hybrid,7.82,15,3.68,84.8,8,17.5,3.53,4.24,3.58,2.82,17.0,1.2,0.6605,0
EMP03288,33,Female,Operations,Manager,7.35,87173,46.0,3.8,Full Remote,7.44,5,3.43,57.3,7,12.7,5.54,7.61,8.15,7.36,7.8,4.9,0.4243,0
EMP03289,29,Male,Marketing,Associate,0.5,54668,50.4,22.9,On-site,7.89,11,2.63,84.6,1,15.2,4.22,5.33,7.23,6.4,73.4,11.8,0.5505,0
EMP03290,32,Male,Marketing,Associate,0.18,65253,35.0,28.9,On-site,8.14,8,2.37,72.8,5,17.6,6.58,5.21,8.35,4.78,51.2,2.6,0.602,0
EMP03291,46,Female,Sales,Associate,1.98,111446,47.0,21.1,On-site,8.99,7,2.53,79.6,4,14.1,4.89,7.16,2.86,7.65,11.5,10.0,0.622,0
EMP03292,22,Female,Sales,Senior,0.63,71650,40.9,7.8,Full Remote,6.8,4,3.36,76.7,8,11.7,8.58,5.01,5.45,3.8,13.2,14.4,0.4447,0
EMP03293,45,Male,Finance,Senior Analyst,8.31,75043,35.0,24.4,On-site,9.04,9,4.78,56.2,3,18.8,6.47,3.99,7.93,5.22,83.9,5.6,0.4449,0
EMP03294,37,Male,Engineering,Senior Dev,0.1,87741,44.5,7.5,Hybrid,7.66,7,2.54,52.8,6,13.9,4.72,4.82,7.97,5.04,22.6,10.4,0.388,0
EMP03295,25,Male,Operations,Analyst,1.6,87633,53.7,9.9,Hybrid,6.09,14,4.07,55.6,6,13.0,6.12,5.59,7.3,5.39,12.4,5.1,0.5414,0
EMP03296,26,Female,Operations,Analyst,7.84,52020,63.1,8.6,On-site,4.55,5,2.38,87.2,5,21.7,8.01,4.66,7.12,3.97,4.7,4.1,0.4667,0
EMP03297,48,Male,Engineering,Manager,1.46,73492,46.9,20.2,Hybrid,8.75,14,4.11,54.2,4,6.5,5.33,6.71,5.59,4.9,10.0,0.5,0.642,0
EMP03298,27,Female,Finance,Senior Analyst,0.29,75903,39.3,14.9,Full Remote,8.13,8,2.95,68.6,5,4.5,5.01,6.11,7.45,4.45,6.1,5.6,0.3824,0
EMP03299,25,Male,HR,Analyst,1.08,81800,38.8,9.7,Hybrid,6.41,6,3.43,76.1,1,21.9,6.94,7.14,7.46,5.63,5.9,5.6,0.4976,0
EMP03300,44,Male,Engineering,Senior Dev,2.07,82230,52.7,3.2,Hybrid,8.45,12,4.06,66.1,6,3.1,4.67,6.65,5.53,6.81,9.4,9.0,0.5119,0
EMP03301,37,Female,Sales,Associate,0.61,139686,37.0,4.2,On-site,8.03,9,3.57,78.2,4,21.4,8.62,4.13,6.59,3.74,15.2,2.3,0.2306,0
EMP03302,27,Male,Sales,Associate,1.89,45603,50.0,6.7,Full Remote,4.96,5,3.69,79.8,2,12.5,7.41,3.89,7.62,4.32,67.7,5.5,0.3665,0
EMP03303,36,Male,Finance,Analyst,5.43,99502,47.3,13.8,On-site,8.59,14,3.58,67.0,4,5.4,5.87,7.5,7.15,3.5,36.0,3.4,0.4992,0
EMP03304,26,Male,HR,Analyst,6.18,104584,46.5,5.2,On-site,9.13,9,4.98,76.6,3,14.1,6.88,3.84,6.66,5.14,14.1,20.6,0.3799,0
EMP03305,43,Female,Marketing,Associate,0.15,87319,35.0,16.8,Full Remote,7.36,13,2.48,66.2,3,7.0,4.72,4.87,3.89,6.99,31.0,10.0,0.5769,0
EMP03306,43,Female,Operations,Manager,0.53,58742,42.1,5.7,Full Remote,9.36,11,3.39,68.2,0,8.9,9.25,3.81,7.17,5.98,7.4,7.2,0.1982,0
EMP03307,39,Male,Operations,Senior Analyst,0.97,116616,35.0,9.8,Hybrid,7.73,11,3.51,61.9,5,14.3,5.96,3.53,4.72,4.33,8.6,5.1,0.2311,0
EMP03308,37,Male,HR,Senior Analyst,2.71,40000,40.3,9.8,On-site,7.66,4,2.79,44.4,3,7.7,7.06,6.93,6.91,5.75,0.2,8.6,0.5299,0
EMP03309,49,Male,Operations,Senior Analyst,1.34,57918,52.3,13.2,Hybrid,7.4,5,4.14,80.9,4,7.6,5.95,2.39,5.94,5.14,23.5,3.9,0.4828,0
EMP03310,34,Female,Sales,Director,5.57,104292,54.8,11.7,On-site,8.26,12,3.15,77.8,4,16.2,9.16,6.08,4.71,4.98,11.3,4.8,0.4227,0
EMP03311,25,Female,Operations,Analyst,3.78,65747,46.7,13.2,Hybrid,8.69,9,4.15,79.6,5,8.8,4.04,6.82,6.43,3.93,3.4,4.9,0.7303,1
EMP03312,38,Female,HR,Manager,0.32,114911,40.4,1.8,Hybrid,8.48,9,3.57,70.3,2,7.0,5.48,4.16,7.55,5.04,29.4,3.4,0.4375,0
EMP03313,51,Female,Operations,Senior Analyst,2.94,40000,57.7,4.6,Full Remote,9.22,9,3.21,85.2,4,2.0,8.3,6.15,4.98,2.84,37.4,2.4,0.405,0
EMP03314,26,Male,Marketing,Associate,0.36,47197,40.3,8.7,Full Remote,8.36,7,4.88,82.7,3,7.4,7.96,7.6,6.74,6.68,31.4,4.3,0.281,0
EMP03315,32,Male,Engineering,Junior Dev,0.88,61709,35.9,2.4,Hybrid,9.39,7,2.03,54.6,5,7.6,7.13,2.5,5.52,4.67,27.3,12.5,0.1874,0
EMP03316,38,Male,Marketing,Senior,0.59,85434,50.6,12.9,On-site,7.41,5,4.0,83.6,3,7.0,6.52,3.98,6.63,4.56,5.4,6.3,0.4766,0
EMP03317,34,Male,Sales,Senior,0.57,69449,48.7,3.0,Hybrid,4.95,9,4.62,76.6,5,19.6,6.67,4.43,5.37,3.91,19.1,1.3,0.4768,0
EMP03318,27,Male,Finance,Analyst,2.87,62740,40.7,13.6,Hybrid,4.76,8,2.31,87.9,4,18.9,6.41,2.15,8.58,6.32,63.8,22.6,0.3295,0
EMP03319,43,Female,Marketing,Senior,2.49,110509,45.8,9.7,Hybrid,8.54,10,3.48,63.2,6,12.8,5.45,3.3,5.16,7.02,1.6,0.7,0.3962,0
EMP03320,53,Female,Operations,Senior Analyst,0.58,112836,48.5,5.6,Full Remote,6.53,5,3.88,81.4,1,9.2,6.55,3.2,9.24,6.59,34.2,13.4,0.2875,0
EMP03321,36,Female,Finance,Analyst,13.87,64640,46.6,25.4,Hybrid,6.02,9,2.81,47.0,9,8.5,5.94,5.7,6.44,5.01,55.5,3.1,0.4981,0
EMP03322,27,Male,Finance,Manager,1.64,40000,48.7,1.0,Hybrid,8.49,6,3.95,75.2,6,12.4,6.14,4.23,3.77,8.48,20.8,10.3,0.4277,0
EMP03323,22,Female,Engineering,Tech Lead,0.31,40000,41.0,4.5,Hybrid,8.1,12,4.64,58.7,6,12.2,6.85,4.45,4.0,5.68,2.5,10.2,0.4834,0
EMP03324,37,Female,Customer Support,Senior Analyst,0.39,80982,49.2,13.6,Hybrid,4.88,4,4.09,70.2,9,6.5,5.53,5.03,8.35,2.75,10.9,5.3,0.3779,0
EMP03325,43,Female,Operations,Manager,2.63,91398,45.1,4.9,On-site,9.38,21,5.0,77.5,5,17.1,3.96,3.9,3.11,6.96,11.7,3.3,0.5855,0
EMP03326,38,Male,Operations,Analyst,11.6,76574,41.2,3.0,Full Remote,8.9,10,2.65,90.1,4,8.9,7.88,2.35,3.26,6.82,58.1,8.8,0.1786,0
EMP03327,34,Male,Sales,Associate,2.55,73227,43.0,14.0,Hybrid,7.47,8,3.32,92.1,3,12.7,7.0,4.86,8.32,5.87,69.5,12.0,0.6056,0
EMP03328,30,Male,Marketing,Senior,8.93,54886,44.2,16.0,Hybrid,8.73,4,2.28,56.2,3,7.4,6.84,5.98,6.88,5.63,10.9,3.4,0.4947,0
EMP03329,26,Male,Engineering,Senior Dev,1.76,91374,35.0,11.1,On-site,7.54,12,3.12,68.1,0,5.3,4.37,6.37,9.15,6.15,13.1,4.1,0.3229,0
EMP03330,41,Female,Marketing,Senior,1.72,116954,39.9,4.9,Hybrid,7.44,8,3.91,64.3,4,2.2,6.7,2.31,7.39,4.64,51.9,4.1,0.3856,0
EMP03331,42,Male,Engineering,Senior Dev,2.08,40000,45.5,4.6,Full Remote,6.54,10,3.71,81.0,2,13.0,6.36,3.31,2.44,6.17,44.6,3.6,0.4789,0
EMP03332,22,Male,Marketing,Associate,3.59,73062,35.0,4.2,On-site,6.87,14,3.06,68.0,8,11.4,7.88,6.02,8.61,4.83,2.7,4.9,0.3774,0
EMP03333,47,Female,HR,Analyst,1.37,50741,40.0,18.5,Hybrid,3.93,11,3.4,89.4,10,6.9,4.1,5.18,7.16,2.28,2.6,2.2,0.5607,0
EMP03334,39,Female,Sales,Manager,5.98,40000,64.1,12.2,Full Remote,9.46,6,1.92,57.1,8,11.7,8.33,2.41,7.84,5.61,3.5,3.7,0.2638,0
EMP03335,46,Male,Marketing,Manager,0.1,46750,36.0,12.3,Hybrid,7.68,8,3.53,58.3,3,11.0,5.83,3.46,5.89,5.0,23.0,0.8,0.3298,0
EMP03336,24,Female,Operations,Senior Analyst,1.74,84491,41.9,23.3,Hybrid,5.29,9,4.74,73.8,6,15.7,5.27,5.57,3.18,7.61,1.3,12.0,0.6248,0
EMP03337,24,Male,Engineering,Senior Dev,2.15,85124,38.3,5.9,Hybrid,7.12,3,2.26,93.4,6,5.1,4.19,4.84,5.4,2.76,10.7,2.3,0.5953,0
EMP03338,33,Male,Operations,Senior Analyst,2.8,111507,44.1,11.7,Hybrid,8.47,7,3.48,89.3,6,14.6,7.4,5.18,6.46,1.89,11.0,5.2,0.4163,0
EMP03339,39,Male,Engineering,Junior Dev,0.97,75219,38.5,2.5,Full Remote,8.27,6,4.59,64.4,3,7.7,6.12,2.37,7.07,7.42,11.2,21.0,0.0113,0
EMP03340,49,Female,Engineering,Senior Dev,1.67,40000,43.1,19.9,Hybrid,6.07,8,2.68,65.4,4,11.8,5.83,4.09,4.41,7.48,14.7,2.1,0.5157,0
EMP03341,40,Female,Engineering,Senior Dev,1.99,69045,39.3,11.8,Full Remote,6.54,10,3.34,67.8,4,0.0,6.6,5.16,5.26,6.78,3.9,10.9,0.4733,0
EMP03342,33,Male,Operations,Senior Analyst,3.48,40340,53.4,8.0,Hybrid,6.93,11,4.43,80.4,3,7.1,6.59,5.86,6.29,5.16,48.8,8.4,0.25,0
EMP03343,26,Female,Sales,Associate,4.46,44830,45.7,7.8,Hybrid,8.4,7,5.0,75.2,3,10.2,3.5,5.74,5.35,6.86,47.4,1.5,0.5841,0
EMP03344,44,Male,Operations,Manager,4.02,89513,37.0,9.0,Hybrid,9.24,15,3.71,49.1,3,11.3,7.11,3.48,6.45,5.66,51.2,2.2,0.3222,0
EMP03345,27,Female,Marketing,Manager,1.25,79854,51.7,3.8,Hybrid,9.56,13,3.78,59.5,5,11.3,3.93,5.17,3.14,2.73,96.3,2.0,0.5747,0
EMP03346,48,Male,Engineering,Junior Dev,20.0,89689,37.3,5.3,Hybrid,7.93,10,2.56,71.3,6,5.1,5.9,2.33,7.1,7.74,8.2,8.1,0.1734,0
EMP03347,32,Male,Finance,Senior Analyst,5.66,66062,35.0,9.6,Full Remote,9.54,5,3.79,79.3,4,16.5,7.2,3.61,8.34,5.84,1.6,4.0,0.1429,0
EMP03348,47,Female,Engineering,Manager,0.9,94763,45.0,10.4,Full Remote,7.68,8,3.25,87.9,5,5.6,7.99,5.16,7.38,4.52,0.1,8.1,0.265,0
EMP03349,40,Female,Operations,Analyst,0.65,64664,60.3,8.2,Full Remote,8.0,4,3.77,57.6,2,14.7,8.44,5.86,3.87,4.29,17.7,0.8,0.4246,0
EMP03350,33,Male,Engineering,Senior Dev,1.13,102917,35.0,6.6,Full Remote,9.66,12,3.89,65.4,6,7.5,7.05,6.25,5.57,6.19,31.8,1.5,0.507,0
EMP03351,30,Male,Sales,Senior,1.81,83615,35.0,7.5,Hybrid,9.3,7,3.32,79.7,5,16.1,7.57,3.46,5.88,6.3,28.1,6.8,0.2621,0
EMP03352,32,Male,Operations,Analyst,5.71,69825,51.0,20.7,On-site,7.02,8,4.54,87.9,2,13.1,6.48,5.43,7.21,4.21,13.8,13.8,0.4455,0
EMP03353,38,Male,Customer Support,Manager,4.52,80302,39.9,9.0,Hybrid,6.46,7,3.94,88.3,7,16.8,6.11,4.95,4.16,4.16,39.5,11.3,0.4298,0
EMP03354,35,Female,Sales,Senior,5.72,74553,49.9,22.7,Hybrid,5.35,8,2.92,88.8,2,13.9,8.69,4.52,9.15,6.13,26.0,10.4,0.4521,0
EMP03355,30,Other,Operations,Analyst,0.95,114902,38.3,14.7,Full Remote,8.66,12,2.51,70.7,3,11.2,4.87,7.02,6.71,7.49,0.8,5.6,0.44,0
EMP03356,33,Male,Engineering,Junior Dev,2.7,81135,46.1,10.7,Hybrid,7.11,3,4.66,95.2,3,12.6,9.09,2.57,7.87,6.14,7.7,4.1,0.3066,0
EMP03357,35,Male,Operations,Analyst,1.0,74959,59.0,20.8,Hybrid,6.65,11,4.39,55.8,2,9.0,5.51,3.61,8.5,5.84,52.8,6.2,0.3201,0
EMP03358,22,Female,Finance,Analyst,0.35,69037,35.4,3.7,Full Remote,8.68,7,3.72,48.6,2,15.3,5.3,5.34,9.14,3.24,42.0,5.2,0.3785,0
EMP03359,38,Male,Engineering,Tech Lead,3.46,96079,53.2,8.4,On-site,8.48,7,2.46,96.6,7,15.8,8.81,6.65,5.27,8.07,9.4,11.2,0.5239,0
EMP03360,27,Female,Sales,Associate,0.46,92697,50.4,12.4,Full Remote,6.08,6,3.26,86.0,2,6.2,7.56,6.56,7.04,5.02,13.0,1.7,0.5297,0
EMP03361,25,Male,Engineering,Senior Dev,3.31,68153,35.0,13.2,Hybrid,8.66,4,3.92,69.0,3,6.5,6.65,4.22,6.87,6.07,27.6,4.2,0.2786,0
EMP03362,22,Female,Sales,Senior,3.13,46108,49.5,10.5,Hybrid,5.45,7,2.76,68.6,2,18.0,8.57,5.81,3.71,6.07,9.7,1.3,0.3269,0
EMP03363,22,Female,Engineering,Junior Dev,4.99,52450,45.6,18.9,On-site,9.57,8,5.0,82.7,4,19.3,6.84,4.68,3.85,6.49,49.3,4.9,0.4415,0
EMP03364,24,Female,HR,Senior Analyst,0.45,70395,45.7,28.7,On-site,6.53,8,2.54,72.6,3,5.9,4.47,5.39,5.0,7.63,57.4,2.3,0.5065,0
EMP03365,29,Female,Customer Support,Senior Analyst,4.59,108723,47.7,3.3,On-site,8.64,5,2.56,72.0,4,7.5,6.14,3.14,6.55,6.56,16.0,4.6,0.3557,0
EMP03366,50,Male,Engineering,Senior Dev,20.0,68745,42.2,5.0,Hybrid,6.63,7,3.68,69.2,2,6.6,8.94,6.15,4.33,5.77,34.7,6.6,0.3949,0
EMP03367,30,Female,Marketing,Associate,5.71,60146,45.6,14.8,Hybrid,5.05,3,4.51,69.7,2,7.0,7.65,6.14,5.82,5.92,87.0,9.0,0.4988,0
EMP03368,36,Female,HR,Senior Analyst,4.18,40000,46.9,5.5,Full Remote,5.81,4,1.47,65.0,5,16.9,8.35,3.79,4.31,9.03,23.0,5.2,0.461,0
EMP03369,38,Male,Customer Support,Manager,3.26,112838,51.0,6.2,Hybrid,4.07,3,2.82,23.1,4,18.4,8.01,5.58,5.24,6.19,26.4,11.7,0.5506,0
EMP03370,36,Male,Marketing,Senior,1.64,89225,35.0,1.8,On-site,7.55,8,1.31,68.1,4,13.6,3.11,6.72,8.24,3.61,14.9,5.5,0.5385,0
EMP03371,34,Male,Marketing,Senior,3.93,94900,55.3,2.5,Hybrid,8.55,6,4.55,59.9,1,19.8,3.45,2.36,5.32,7.05,17.8,3.8,0.4967,0
EMP03372,25,Male,Marketing,Senior,3.86,99042,35.8,10.3,Full Remote,5.41,11,2.83,69.3,5,16.2,4.75,3.7,6.63,4.3,14.7,6.1,0.5623,0
EMP03373,46,Male,Sales,Associate,2.99,70881,51.1,7.6,Full Remote,6.78,9,4.83,93.2,6,9.9,7.35,3.87,5.18,4.15,38.5,6.7,0.4128,0
EMP03374,49,Female,Engineering,Senior Dev,4.77,77114,45.6,3.1,Hybrid,5.79,7,2.13,66.1,4,27.0,8.8,6.39,7.93,3.27,53.7,2.9,0.368,0
EMP03375,22,Male,Sales,Associate,1.79,112215,35.0,2.8,Full Remote,6.46,6,2.65,52.1,6,11.8,7.45,3.25,5.89,5.24,32.4,9.6,0.2509,0
EMP03376,26,Female,Engineering,Junior Dev,0.39,79489,49.2,18.6,Hybrid,7.28,4,3.2,53.2,0,11.9,4.72,2.75,4.71,4.6,0.2,9.9,0.5818,0
EMP03377,32,Male,Marketing,Senior,2.46,89688,37.4,7.3,Full Remote,7.78,7,3.86,74.1,2,20.3,7.46,3.33,8.32,4.23,20.1,3.5,0.3341,0
EMP03378,27,Male,Sales,Associate,0.92,96763,53.6,8.2,Full Remote,3.93,9,3.54,67.5,5,10.9,7.5,5.41,3.85,3.12,24.3,3.8,0.7213,1
EMP03379,39,Female,Marketing,Senior,1.46,91073,39.3,2.2,Full Remote,8.07,12,2.98,60.8,8,10.8,5.61,7.45,5.82,5.78,21.0,6.2,0.5021,0
EMP03380,29,Female,Engineering,Junior Dev,0.1,71795,35.0,3.3,On-site,5.68,7,1.54,63.9,3,14.5,6.03,2.16,5.79,4.85,3.7,4.9,0.5098,0
EMP03381,52,Male,Customer Support,Analyst,1.45,74152,57.3,20.8,Hybrid,6.23,7,3.28,79.1,3,14.8,8.3,3.22,6.15,7.42,10.6,2.4,0.535,0
EMP03382,44,Male,Operations,Manager,4.96,94441,46.5,21.3,Hybrid,7.38,5,3.34,72.6,2,12.2,9.32,4.03,2.49,3.79,37.9,4.5,0.5305,0
EMP03383,36,Male,Engineering,Manager,2.35,94400,51.9,11.8,Hybrid,7.67,4,3.11,67.7,2,10.3,5.91,7.19,5.13,3.4,40.8,12.8,0.4652,0
EMP03384,43,Female,Sales,Associate,0.1,104205,38.2,5.9,Hybrid,4.74,10,4.57,54.7,5,7.4,6.03,3.39,5.26,6.51,2.5,3.5,0.3617,0
EMP03385,43,Female,HR,Senior Analyst,1.9,88777,35.0,19.0,On-site,8.23,14,3.29,88.1,7,10.9,5.97,5.56,4.21,3.23,15.9,4.2,0.5769,0
EMP03386,30,Male,Engineering,Junior Dev,1.03,89915,58.4,15.3,On-site,4.48,5,4.66,80.3,4,15.6,3.99,5.0,6.33,5.98,4.6,10.5,0.5596,0
EMP03387,28,Female,Sales,Senior,1.95,63844,44.9,7.2,Full Remote,6.28,8,3.9,88.0,4,12.0,5.55,3.3,6.27,5.97,32.5,3.0,0.5354,0
EMP03388,35,Female,Sales,Senior,1.56,60471,48.9,3.7,Full Remote,7.95,8,3.94,93.5,2,23.8,6.99,3.1,4.28,4.24,5.7,5.6,0.3739,0
EMP03389,41,Male,Customer Support,Analyst,8.06,94515,50.3,11.5,Hybrid,7.31,7,4.18,58.6,5,9.2,4.66,4.49,3.4,7.09,39.8,5.5,0.6451,0
EMP03390,36,Other,Operations,Senior Analyst,0.13,60645,42.3,10.8,Full Remote,3.7,11,3.79,55.2,4,4.3,7.84,6.24,5.35,8.24,84.9,8.1,0.4289,0
EMP03391,22,Female,HR,Analyst,3.45,74482,46.8,9.3,On-site,7.15,10,3.19,79.6,2,10.1,5.22,4.83,6.06,6.05,88.8,6.1,0.4182,0
EMP03392,28,Male,Marketing,Associate,5.71,109475,57.8,10.1,Hybrid,4.03,8,3.89,84.4,7,10.5,6.55,2.23,8.81,3.88,17.5,3.9,0.3877,0
EMP03393,34,Male,Customer Support,Senior Analyst,9.6,105514,44.7,6.8,Hybrid,7.82,3,4.19,58.8,2,17.5,7.15,4.86,4.92,4.91,7.3,7.0,0.4115,0
EMP03394,34,Male,Customer Support,Senior Analyst,0.59,82544,52.5,3.9,Hybrid,8.6,12,3.91,80.5,5,11.9,4.27,5.89,5.78,7.85,7.5,7.1,0.4219,0
EMP03395,50,Male,Customer Support,Senior Analyst,2.27,67596,35.0,12.4,Hybrid,7.96,10,2.31,95.8,6,14.0,6.34,4.34,5.98,6.6,18.3,1.8,0.4086,0
EMP03396,23,Female,Engineering,Senior Dev,0.13,71915,54.0,13.7,Full Remote,5.93,14,4.15,72.0,1,16.9,7.97,2.65,8.9,5.24,70.1,1.2,0.3358,0
EMP03397,39,Male,Engineering,Senior Dev,2.07,96691,35.0,5.7,On-site,8.75,11,4.09,79.0,0,21.7,5.4,7.42,6.88,5.95,5.1,3.5,0.3801,0
EMP03398,46,Female,Finance,Analyst,0.4,74087,53.1,10.6,Full Remote,8.59,7,4.18,67.0,7,4.8,7.93,7.77,4.28,5.35,2.1,5.3,0.4276,0
EMP03399,53,Female,Marketing,Senior,5.46,61042,48.1,14.6,On-site,8.11,9,3.25,84.4,5,16.2,8.4,3.69,7.03,3.49,41.1,7.8,0.2223,0
EMP03400,31,Female,Engineering,Senior Dev,0.36,105394,44.2,15.1,Full Remote,9.33,9,2.91,64.3,2,11.3,7.68,3.5,6.04,2.57,5.3,0.7,0.3066,0
EMP03401,38,Female,Engineering,Senior Dev,2.16,79540,44.2,8.9,Hybrid,6.39,8,3.47,81.0,7,11.8,4.84,5.66,4.75,8.1,84.5,4.7,0.4853,0
EMP03402,39,Male,Operations,Senior Analyst,2.21,60568,43.0,6.8,Full Remote,8.01,4,4.25,64.9,4,10.1,8.76,5.19,6.9,5.48,46.9,9.7,0.252,0
EMP03403,36,Male,Operations,Senior Analyst,10.69,86973,38.4,19.2,Hybrid,8.0,11,2.34,78.7,2,4.9,7.41,2.01,6.84,6.76,2.1,15.3,0.364,0
EMP03404,34,Female,Sales,Senior,3.19,99280,43.4,9.6,Hybrid,6.84,7,3.53,48.1,6,8.0,6.34,4.1,7.22,6.21,34.1,4.6,0.2775,0
EMP03405,38,Male,Operations,Analyst,1.02,49808,62.7,9.1,Full Remote,8.58,4,1.91,79.7,2,8.8,5.78,3.08,8.12,4.81,40.5,4.7,0.3292,0
EMP03406,22,Male,HR,Analyst,0.83,69988,55.4,4.5,Hybrid,6.69,13,2.37,61.6,1,17.7,8.3,3.77,8.13,5.97,17.3,6.3,0.3912,0
EMP03407,40,Female,Operations,Senior Analyst,0.41,68832,38.0,12.6,Full Remote,8.11,6,4.37,80.1,3,22.0,8.28,6.54,6.28,6.77,15.8,2.7,0.4697,0
EMP03408,36,Female,Sales,Senior,4.24,86307,47.1,15.8,Hybrid,6.58,9,3.71,59.6,5,12.2,7.75,6.01,3.54,6.44,4.5,5.6,0.4513,0
EMP03409,33,Male,Engineering,Tech Lead,3.52,90800,45.8,4.2,Hybrid,7.92,12,2.6,72.1,1,16.9,5.17,4.56,8.03,6.45,4.4,4.4,0.3954,0
EMP03410,51,Female,Sales,Senior,2.82,61213,43.9,21.7,On-site,8.68,8,4.01,69.3,3,3.9,7.58,4.02,5.29,5.31,27.4,3.6,0.4458,0
EMP03411,29,Female,Marketing,Manager,0.13,40000,37.0,16.7,Full Remote,8.89,6,3.01,88.3,4,13.7,4.93,6.2,4.59,5.0,54.4,6.7,0.5536,0
EMP03412,31,Male,Marketing,Manager,4.32,100794,48.6,8.1,Full Remote,7.36,7,3.83,80.3,2,8.0,6.84,4.55,7.31,7.47,14.8,5.6,0.3119,0
EMP03413,50,Male,Engineering,Manager,3.08,47001,51.8,8.0,Hybrid,4.87,4,3.85,84.4,7,11.9,5.68,3.73,6.58,5.55,20.9,3.8,0.4635,0
EMP03414,28,Female,Customer Support,Senior Analyst,9.96,81779,38.3,7.1,On-site,9.23,3,4.04,65.2,4,17.3,7.74,2.21,7.34,5.64,8.1,6.3,0.2626,0
EMP03415,30,Male,Engineering,Manager,2.65,71700,60.6,8.1,On-site,8.04,4,4.22,47.9,1,14.3,7.59,5.08,7.56,5.04,51.0,7.0,0.476,0
EMP03416,33,Male,Engineering,Junior Dev,1.09,79061,57.2,3.2,Hybrid,8.16,6,3.34,70.2,3,10.0,9.32,4.11,5.73,3.98,29.6,34.2,0.4014,0
EMP03417,41,Female,Marketing,Associate,1.44,116280,49.4,3.1,On-site,5.74,9,3.32,63.6,3,15.0,4.44,5.4,7.15,7.26,29.7,3.6,0.6031,0
EMP03418,36,Female,Marketing,Senior,0.58,150957,35.1,17.4,On-site,8.02,5,4.57,65.5,4,21.1,6.67,4.93,5.61,3.84,22.7,3.8,0.2326,0
EMP03419,24,Male,Sales,Director,3.85,40000,48.2,31.9,Full Remote,7.88,5,2.8,82.9,2,14.3,7.63,3.81,4.49,5.03,5.0,8.5,0.6589,0
EMP03420,30,Male,Operations,Analyst,3.69,99597,47.3,18.7,Full Remote,8.82,10,3.91,70.6,5,9.1,8.8,3.17,6.07,5.88,35.3,2.4,0.2144,0
EMP03421,30,Male,Marketing,Associate,0.67,71093,49.1,9.4,Full Remote,5.59,12,2.97,76.3,2,5.4,7.12,3.98,5.9,2.89,12.3,3.1,0.4635,0
EMP03422,34,Other,HR,Senior Analyst,0.52,101196,57.7,19.7,Full Remote,5.01,9,3.54,62.4,6,16.4,5.88,3.95,7.17,7.29,15.8,3.1,0.3919,0
EMP03423,38,Male,Finance,Senior Analyst,0.24,98931,43.6,5.0,Hybrid,8.13,5,4.92,73.7,6,8.4,8.08,4.81,4.88,6.94,6.2,5.3,0.2804,0
EMP03424,38,Female,Engineering,Senior Dev,7.29,110243,61.4,6.5,Hybrid,9.61,7,2.51,88.9,4,12.3,7.47,6.64,6.28,4.48,33.0,21.5,0.4769,0
EMP03425,22,Female,HR,Senior Analyst,0.8,82124,48.3,7.8,Hybrid,4.59,9,2.35,89.9,6,17.7,6.7,2.71,7.55,7.28,76.0,15.8,0.2812,0
EMP03426,43,Male,Operations,Manager,1.27,52760,42.7,22.5,Full Remote,5.76,12,4.63,88.6,3,9.9,6.58,3.78,5.93,3.58,20.1,5.4,0.4749,0
EMP03427,37,Other,Engineering,Tech Lead,0.99,98191,64.2,7.6,On-site,9.61,8,3.69,57.2,5,17.8,8.4,7.61,6.18,5.36,91.2,3.8,0.3978,0
EMP03428,46,Female,Sales,Associate,1.6,77949,51.6,6.2,Hybrid,9.14,8,2.94,61.4,3,9.5,5.78,2.97,5.72,5.89,22.8,3.7,0.3264,0
EMP03429,38,Female,Customer Support,Analyst,3.76,69153,41.4,9.5,Hybrid,5.01,5,3.4,72.6,2,7.5,6.23,4.91,6.2,3.3,36.8,2.7,0.5008,0
EMP03430,43,Male,Sales,Senior,6.13,63094,45.7,5.2,On-site,6.67,4,3.34,73.4,2,9.9,8.83,6.3,7.24,5.8,7.6,6.3,0.3058,0
EMP03431,38,Female,Marketing,Senior,0.6,100158,50.1,22.7,Full Remote,7.24,9,3.27,65.3,8,14.1,4.32,5.3,6.99,3.74,1.6,3.6,0.6767,0
EMP03432,45,Female,Customer Support,Analyst,3.48,115084,43.8,3.9,Hybrid,7.85,7,4.58,53.6,5,7.4,8.18,2.39,7.96,5.69,27.9,4.1,0.2192,0
EMP03433,39,Other,Engineering,Tech Lead,1.3,45116,46.1,0.8,Hybrid,7.0,9,2.77,95.7,4,11.9,6.57,4.11,8.02,5.09,2.2,8.5,0.319,0
EMP03434,34,Male,Engineering,Senior Dev,11.82,90548,38.5,30.4,On-site,7.64,8,3.32,59.2,5,22.4,6.71,6.39,6.67,3.06,21.8,0.8,0.5138,0
EMP03435,53,Female,Operations,Manager,1.07,65690,35.0,9.8,Full Remote,9.4,8,2.64,67.7,3,17.6,7.22,3.87,4.58,5.37,18.8,5.5,0.2507,0
EMP03436,42,Male,Operations,Manager,0.1,40000,45.9,6.5,Hybrid,8.83,9,3.33,55.7,5,8.6,8.67,2.55,6.55,3.02,5.1,4.1,0.3312,0
EMP03437,39,Male,Marketing,Associate,2.17,78692,46.1,2.7,On-site,6.7,3,2.98,62.0,3,21.3,4.65,4.84,3.45,6.21,59.0,8.6,0.3653,0
EMP03438,24,Male,Marketing,Director,0.49,54171,49.2,1.1,Hybrid,7.53,9,3.75,65.1,3,16.0,4.97,5.13,6.07,2.65,6.2,5.2,0.4979,0
EMP03439,24,Female,Operations,Senior Analyst,0.14,40000,40.4,14.7,Full Remote,6.68,8,3.38,81.8,9,16.8,8.69,3.03,6.47,6.87,26.0,4.9,0.2826,0
EMP03440,37,Male,Finance,Senior Analyst,3.59,55456,35.0,4.0,Hybrid,6.92,8,3.97,68.8,7,14.3,6.59,2.84,6.47,4.93,69.9,18.2,0.358,0
EMP03441,36,Female,Sales,Senior,3.95,49305,37.3,18.1,Full Remote,8.63,9,4.57,96.4,2,11.3,4.47,4.51,6.49,4.03,17.7,3.5,0.5016,0
EMP03442,30,Other,Engineering,Senior Dev,1.85,58832,53.4,12.8,Hybrid,6.82,9,2.56,66.0,3,19.9,3.03,7.66,7.35,4.87,14.8,7.7,0.5788,0
EMP03443,36,Male,Marketing,Associate,3.39,41852,39.7,3.3,On-site,8.98,8,3.62,68.7,1,15.5,6.01,5.86,5.43,6.88,43.7,8.6,0.3512,0
EMP03444,47,Female,Operations,Senior Analyst,2.32,65121,41.5,3.2,Hybrid,7.2,5,2.23,59.0,6,16.9,6.23,6.03,5.2,6.03,11.2,6.7,0.442,0
EMP03445,40,Male,Operations,Analyst,2.98,57168,42.5,1.7,Full Remote,7.16,12,3.54,87.4,4,10.1,5.6,5.12,4.15,5.75,24.4,3.1,0.5921,0
EMP03446,25,Male,Customer Support,Senior Analyst,2.72,84390,40.0,23.7,Full Remote,8.04,7,3.94,83.6,2,11.9,9.23,4.38,6.71,5.54,13.7,9.2,0.4772,0
EMP03447,34,Female,Operations,Analyst,3.29,89838,39.5,5.9,Hybrid,8.92,10,3.24,61.0,6,8.8,5.3,4.83,7.27,8.13,4.0,18.3,0.25,0
EMP03448,28,Female,HR,Analyst,0.67,81503,38.0,13.6,Hybrid,7.74,10,3.81,80.1,6,13.7,4.33,7.54,5.83,6.16,9.0,9.9,0.5885,0
EMP03449,31,Female,Sales,Senior,0.94,69113,56.2,4.8,Hybrid,6.6,11,3.75,81.9,3,13.8,6.9,2.81,5.54,4.65,52.6,7.2,0.4284,0
EMP03450,31,Female,Operations,Senior Analyst,1.74,68439,50.4,9.9,On-site,4.77,5,3.97,75.6,4,13.9,4.75,5.45,4.57,7.36,10.5,7.4,0.524,0
EMP03451,31,Male,Finance,Analyst,1.77,54073,55.0,19.7,Hybrid,7.12,7,2.54,68.9,4,12.1,8.11,7.33,5.94,6.42,15.2,3.4,0.5105,0
EMP03452,24,Male,Marketing,Associate,4.47,54675,56.6,5.7,On-site,7.86,11,4.37,83.4,4,12.0,7.44,3.31,4.78,3.19,18.0,0.6,0.486,0
EMP03453,33,Female,Engineering,Tech Lead,1.37,92590,35.0,3.3,On-site,8.35,11,3.24,63.2,1,17.1,4.82,6.91,6.88,5.59,16.7,5.2,0.5125,0
EMP03454,30,Male,Customer Support,Senior Analyst,0.53,40000,47.7,1.0,Full Remote,8.35,3,2.18,74.8,4,15.8,8.77,6.18,4.94,3.95,26.9,0.9,0.5166,0
EMP03455,22,Male,Marketing,Associate,0.87,72981,40.3,1.1,Full Remote,7.6,6,2.77,74.9,9,19.8,5.47,3.85,6.72,7.94,14.1,2.1,0.3776,0
EMP03456,51,Female,Sales,Senior,0.73,66911,53.9,10.6,Full Remote,9.01,7,2.49,70.1,4,13.1,5.57,4.94,7.23,5.95,83.4,1.9,0.4153,0
EMP03457,43,Male,HR,Senior Analyst,3.95,89978,39.1,6.4,Full Remote,7.93,8,3.07,78.7,3,5.1,6.33,7.18,4.17,7.43,17.2,4.0,0.3826,0
EMP03458,31,Male,Finance,Analyst,1.91,40000,36.6,4.6,Full Remote,8.1,13,2.81,64.6,5,18.4,7.11,4.07,4.66,3.86,57.0,1.8,0.2951,0
EMP03459,35,Female,Engineering,Senior Dev,3.7,75312,35.0,19.4,Hybrid,6.96,9,2.28,68.5,3,8.6,5.08,3.86,7.16,3.64,27.8,1.4,0.5026,0
EMP03460,25,Female,Operations,Manager,1.61,83574,42.6,8.2,Full Remote,6.69,4,2.16,79.3,3,13.2,7.21,4.15,6.7,7.16,1.3,2.7,0.3796,0
EMP03461,48,Female,Sales,Manager,6.61,40000,52.3,1.6,Full Remote,9.01,8,3.48,86.1,3,17.7,7.83,6.49,5.55,6.18,27.6,19.1,0.2864,0
EMP03462,50,Female,Engineering,Junior Dev,12.32,48141,47.0,9.2,Full Remote,8.23,5,4.64,92.5,2,21.2,6.08,2.91,7.58,6.58,0.3,4.7,0.3253,0
EMP03463,36,Male,Sales,Manager,3.32,72705,35.4,9.4,Full Remote,9.19,5,3.61,81.8,7,9.8,5.53,3.84,2.69,4.52,26.9,5.8,0.5514,0
EMP03464,43,Female,Finance,Analyst,5.98,87853,62.2,11.5,Hybrid,6.86,3,3.02,76.3,3,12.7,6.95,2.29,6.92,7.59,44.7,6.1,0.4789,0
EMP03465,36,Female,Customer Support,Manager,2.13,79562,50.2,3.4,Full Remote,7.92,13,2.65,56.8,4,1.9,5.88,5.94,6.32,7.43,2.8,8.9,0.4302,0
EMP03466,24,Male,Operations,Analyst,8.18,89011,51.2,7.1,On-site,6.95,10,2.48,57.8,2,13.6,7.84,2.26,4.39,4.57,33.5,17.0,0.3268,0
EMP03467,31,Male,Customer Support,Senior Analyst,5.34,48015,55.3,4.7,Full Remote,8.63,12,3.29,65.1,4,9.1,8.61,4.19,5.78,6.43,28.2,4.1,0.5188,0
EMP03468,36,Female,Engineering,Senior Dev,14.4,40000,35.0,5.3,On-site,5.63,4,3.34,65.8,9,14.3,4.41,5.47,6.55,8.11,12.1,10.0,0.4305,0
EMP03469,31,Female,Engineering,Junior Dev,2.93,77112,37.7,11.1,Full Remote,9.36,8,3.94,59.9,2,6.6,6.11,3.46,7.72,5.79,5.4,4.1,0.274,0
EMP03470,33,Female,Marketing,Manager,4.53,44266,51.6,8.9,Hybrid,5.27,8,3.21,82.6,3,14.0,5.06,4.96,6.23,5.93,28.1,4.0,0.4146,0
EMP03471,34,Female,Sales,Senior,2.35,53366,38.5,2.7,Full Remote,8.89,8,4.61,72.1,3,15.0,4.19,4.53,7.08,5.94,1.1,4.5,0.3278,0
EMP03472,34,Female,Operations,Analyst,0.9,98306,42.8,18.9,On-site,7.36,13,2.46,61.0,4,19.6,6.35,5.31,5.99,5.9,21.6,15.0,0.5937,0
EMP03473,35,Other,Finance,Senior Analyst,1.31,79727,44.4,29.4,Full Remote,9.5,11,2.6,83.6,1,2.3,6.63,3.36,8.39,6.18,17.7,12.8,0.4028,0
EMP03474,26,Female,Customer Support,Senior Analyst,6.73,60796,35.0,13.3,On-site,7.32,9,3.83,65.3,2,18.3,4.83,4.66,4.03,7.2,49.6,4.1,0.4599,0
EMP03475,29,Male,Sales,Associate,0.17,57549,42.1,13.6,Full Remote,3.36,11,3.11,64.9,7,4.4,6.32,3.86,3.61,5.21,1.0,4.7,0.6968,0
EMP03476,24,Female,Marketing,Director,2.69,90523,52.3,5.6,Full Remote,8.98,10,3.05,40.8,1,6.1,6.93,4.82,4.82,4.94,45.9,1.8,0.3097,0
EMP03477,42,Male,Marketing,Manager,1.4,80299,50.8,6.8,Hybrid,7.17,6,2.87,74.5,4,5.2,7.35,2.28,5.53,4.49,10.0,4.9,0.2183,0
EMP03478,22,Female,Engineering,Junior Dev,1.47,44636,53.9,6.6,On-site,9.2,4,2.39,79.3,8,19.9,8.26,4.68,5.35,5.3,34.9,1.8,0.6346,0
EMP03479,44,Female,HR,Senior Analyst,6.48,40000,53.1,3.5,On-site,8.95,4,1.82,65.2,8,9.5,5.24,6.53,4.9,7.12,14.4,9.4,0.3752,0
EMP03480,46,Female,Sales,Associate,5.77,122045,48.2,3.8,Hybrid,7.3,3,2.96,75.0,5,13.8,8.06,2.5,4.51,6.2,3.1,0.1,0.297,0
EMP03481,32,Female,Sales,Manager,2.74,44438,47.6,2.9,On-site,8.79,5,2.59,91.0,3,7.9,6.98,6.72,8.54,4.54,7.4,12.0,0.3714,0
EMP03482,22,Male,Sales,Director,0.96,88192,47.0,3.3,Hybrid,8.46,10,3.74,86.7,3,15.8,7.33,6.86,8.72,7.53,32.3,11.7,0.1883,0
EMP03483,32,Male,Engineering,Senior Dev,1.94,112767,40.0,4.8,Hybrid,9.86,7,3.46,53.8,1,17.3,3.97,7.31,6.21,6.19,41.1,2.7,0.4528,0
EMP03484,34,Male,Marketing,Manager,1.57,78689,36.8,9.5,Hybrid,7.22,6,2.98,46.8,5,18.1,6.25,3.44,8.27,5.8,25.8,3.5,0.3292,0
EMP03485,26,Female,Sales,Senior,1.31,59989,39.5,6.9,Full Remote,5.33,4,3.09,67.9,5,14.4,7.83,3.18,4.73,3.66,9.6,3.2,0.4059,0
EMP03486,30,Female,Engineering,Senior Dev,0.33,40000,42.4,17.1,Hybrid,6.84,6,4.37,67.0,6,13.6,6.76,4.72,7.15,5.02,10.9,6.4,0.5389,0
EMP03487,47,Female,Sales,Director,2.35,40000,39.8,11.4,On-site,9.02,8,2.84,61.0,4,9.4,5.56,3.39,8.94,5.66,36.4,0.6,0.3586,0
EMP03488,40,Male,Sales,Senior,1.08,84417,48.3,18.1,Hybrid,8.8,7,4.25,91.2,1,18.5,7.21,8.45,5.04,7.22,45.0,8.9,0.4538,0
EMP03489,27,Female,Sales,Senior,3.24,111274,46.6,3.1,On-site,7.51,7,4.58,74.1,5,13.7,7.07,4.16,8.07,5.02,5.6,7.9,0.4056,0
EMP03490,22,Female,Engineering,Senior Dev,1.15,65113,47.5,6.8,On-site,8.94,4,3.73,98.4,6,19.7,8.07,8.04,8.31,3.19,24.9,6.7,0.4387,0
EMP03491,32,Male,Marketing,Associate,1.69,61106,47.8,8.5,On-site,8.22,7,3.19,64.2,3,6.1,6.73,5.07,7.23,9.04,0.8,7.2,0.3177,0
EMP03492,33,Female,Finance,Analyst,0.16,92437,54.6,8.2,Full Remote,6.9,8,3.34,79.5,3,5.5,8.05,3.97,4.25,2.79,24.0,0.1,0.4164,0
EMP03493,38,Female,HR,Manager,14.69,57851,44.9,20.2,Full Remote,9.16,12,4.12,68.5,4,14.2,4.88,6.83,7.32,2.97,35.1,1.0,0.5537,0
EMP03494,30,Female,Operations,Senior Analyst,2.13,81862,53.1,2.3,Full Remote,6.06,12,3.23,71.5,3,15.2,6.38,6.13,7.95,6.63,29.2,6.7,0.5458,0
EMP03495,39,Male,Marketing,Manager,0.1,76045,49.1,7.6,On-site,4.87,2,5.0,86.9,6,8.8,3.62,2.01,6.67,5.88,109.0,2.0,0.4936,0
EMP03496,50,Female,Marketing,Associate,2.34,64763,54.0,11.9,Full Remote,7.14,5,2.87,79.9,5,17.4,8.1,6.67,6.45,2.74,23.8,6.6,0.5454,0
EMP03497,41,Male,Operations,Senior Analyst,6.13,74611,57.9,18.9,Hybrid,7.2,6,4.06,88.7,4,6.6,5.76,7.26,7.04,3.58,24.6,5.3,0.7921,1
EMP03498,34,Other,Sales,Director,4.44,119078,49.6,1.3,Full Remote,9.58,7,4.25,66.8,6,11.8,5.0,2.2,5.53,6.13,43.7,4.2,0.3914,0
EMP03499,33,Male,Finance,Analyst,3.62,90113,45.8,1.3,Full Remote,8.83,9,2.19,21.6,5,16.2,5.33,5.87,9.38,4.34,39.0,10.7,0.3938,0
EMP03500,32,Male,Sales,Associate,0.45,102312,45.8,16.7,Full Remote,9.18,5,3.67,93.0,4,18.5,7.95,4.34,9.43,6.03,39.5,12.7,0.3141,0
EMP03501,44,Female,Sales,Senior,3.22,52032,41.2,16.7,Full Remote,5.86,6,3.26,79.6,3,11.6,8.29,3.85,5.45,5.64,4.3,6.6,0.4322,0
EMP03502,29,Male,Operations,Analyst,4.36,102398,41.0,10.7,Hybrid,6.38,12,3.24,88.6,8,4.4,8.79,5.1,8.05,8.1,70.6,8.9,0.4594,0
EMP03503,35,Female,Engineering,Junior Dev,2.55,90975,52.2,6.3,On-site,6.05,9,4.3,96.2,4,12.9,5.0,6.25,6.81,8.41,16.1,4.4,0.6554,0
EMP03504,35,Female,Sales,Manager,6.7,40000,37.3,6.5,Hybrid,6.43,5,3.33,78.2,2,14.3,9.44,5.02,6.42,3.78,16.4,3.8,0.4005,0
EMP03505,30,Female,Engineering,Manager,0.97,88494,57.9,13.8,Hybrid,5.36,9,4.65,83.1,1,15.4,7.8,2.7,3.48,5.93,22.4,11.0,0.6698,0
EMP03506,24,Other,Sales,Senior,0.83,62168,43.8,21.2,Hybrid,7.79,4,2.49,87.1,3,14.7,5.82,2.8,5.31,6.08,24.3,0.3,0.3596,0
EMP03507,37,Male,Engineering,Tech Lead,6.11,40000,67.9,7.4,On-site,6.1,5,2.57,85.7,3,13.1,5.97,5.9,6.83,5.21,13.7,12.9,0.4581,0
EMP03508,34,Female,HR,Manager,2.95,78244,39.5,2.6,On-site,9.21,11,3.25,90.2,5,20.2,8.42,4.94,7.53,5.76,25.8,11.3,0.2745,0
EMP03509,39,Male,Operations,Senior Analyst,0.1,88476,47.0,12.9,On-site,5.62,9,3.0,74.0,3,19.8,6.43,5.41,3.17,5.89,54.8,2.9,0.5436,0
EMP03510,30,Male,Operations,Analyst,1.31,78790,42.2,11.9,Full Remote,6.48,15,2.84,57.1,2,5.1,5.42,4.83,8.21,6.57,18.6,6.1,0.4286,0
EMP03511,44,Female,Sales,Associate,5.85,72271,38.7,17.2,On-site,9.75,11,1.66,62.6,6,12.5,6.5,4.28,5.72,5.08,7.4,5.9,0.2247,0
EMP03512,27,Male,Customer Support,Analyst,0.1,66735,53.5,9.7,Full Remote,8.19,5,4.33,63.0,8,5.0,8.61,4.65,6.37,4.75,31.6,8.6,0.5471,0
EMP03513,48,Female,HR,Analyst,0.1,136664,36.2,4.0,Hybrid,8.61,4,3.79,70.0,4,0.9,5.13,3.3,5.73,4.85,1.8,14.9,0.3715,0
EMP03514,22,Female,Sales,Associate,0.99,45435,39.6,2.5,Full Remote,7.01,8,3.91,67.2,3,8.5,6.84,3.16,4.81,7.78,45.8,7.9,0.1571,0
EMP03515,38,Female,Operations,Analyst,7.36,96823,49.7,10.7,Hybrid,8.23,6,2.88,57.8,4,11.5,4.96,4.94,7.32,7.13,8.9,9.4,0.4645,0
EMP03516,38,Other,Finance,Analyst,6.95,75385,51.0,11.6,Hybrid,7.11,9,3.94,52.9,5,7.2,6.89,2.57,5.52,6.6,0.1,27.1,0.2955,0
EMP03517,28,Male,Finance,Analyst,2.19,53638,35.0,13.3,Full Remote,8.67,7,5.0,78.8,1,2.8,6.36,4.44,7.89,4.54,3.2,9.3,0.2884,0
EMP03518,38,Female,Engineering,Senior Dev,2.42,73790,49.7,6.0,On-site,4.38,6,3.96,75.9,6,7.3,7.14,5.95,5.48,6.39,11.0,3.7,0.4916,0
EMP03519,45,Female,Marketing,Associate,1.21,40176,46.0,4.7,Hybrid,6.71,5,3.5,70.3,6,19.4,7.3,6.79,8.33,7.19,70.4,13.1,0.4646,0
EMP03520,22,Female,Operations,Senior Analyst,0.84,60112,37.7,17.8,Full Remote,8.37,5,3.58,35.5,7,15.0,5.78,8.86,5.36,5.12,2.6,11.0,0.4889,0
EMP03521,39,Male,Marketing,Associate,5.07,73826,38.7,2.9,Hybrid,7.53,10,4.49,58.7,2,12.0,7.11,7.13,6.82,2.48,7.6,12.2,0.4966,0
EMP03522,22,Female,Finance,Manager,0.34,40000,35.0,9.7,Hybrid,5.87,11,2.58,59.8,3,11.9,8.15,4.94,7.21,4.2,6.6,5.8,0.4778,0
EMP03523,27,Male,HR,Manager,2.0,87659,58.7,3.8,Full Remote,7.87,9,3.41,66.5,1,12.2,6.02,4.09,9.01,4.31,6.3,2.5,0.2515,0
EMP03524,48,Male,Operations,Senior Analyst,3.02,50905,53.1,14.6,Full Remote,7.27,9,3.53,64.1,8,12.0,4.77,6.79,6.93,7.52,2.4,3.1,0.3916,0
EMP03525,30,Female,Sales,Manager,0.33,40000,35.0,12.5,On-site,7.16,6,3.8,90.2,6,15.2,5.35,6.85,4.84,6.97,13.9,4.7,0.4138,0
EMP03526,25,Female,HR,Manager,2.2,47989,51.4,5.5,On-site,7.98,4,2.92,91.1,4,24.7,6.44,4.61,7.85,3.64,17.2,2.7,0.3633,0
EMP03527,33,Female,Engineering,Junior Dev,2.58,129398,40.4,3.1,Full Remote,9.51,10,1.91,54.2,10,1.0,5.85,4.7,7.48,5.82,9.9,4.1,0.3858,0
EMP03528,51,Female,Finance,Manager,4.07,40000,52.3,4.4,Hybrid,8.11,7,3.55,78.9,5,4.9,8.76,3.31,4.85,7.94,23.6,4.6,0.317,0
EMP03529,22,Female,Finance,Senior Analyst,0.8,85903,41.0,25.1,Hybrid,9.38,9,5.0,82.6,4,14.2,6.3,5.34,2.98,6.11,15.4,5.9,0.276,0
EMP03530,26,Male,Engineering,Tech Lead,1.04,56209,42.1,9.4,Hybrid,8.89,10,3.84,92.5,6,11.1,4.95,6.73,7.88,4.52,6.7,6.6,0.3332,0
EMP03531,46,Male,Finance,Analyst,2.53,66246,42.7,23.4,Hybrid,8.92,9,2.57,43.6,2,12.8,7.2,2.41,5.68,4.58,9.8,7.6,0.3609,0
EMP03532,49,Male,Sales,Senior,12.25,90098,39.7,7.1,Full Remote,5.8,6,3.1,50.7,4,1.7,7.4,6.35,6.55,7.33,106.2,4.0,0.5505,0
EMP03533,34,Female,Engineering,Senior Dev,0.74,88870,56.2,10.5,Full Remote,8.21,12,3.29,57.5,6,5.6,6.9,4.55,3.44,6.19,0.0,4.4,0.343,0
EMP03534,25,Male,Sales,Senior,12.79,57982,52.2,3.7,Full Remote,3.95,10,4.76,85.8,6,12.6,7.24,4.73,4.51,6.93,5.0,5.4,0.528,0
EMP03535,51,Male,Engineering,Tech Lead,3.76,41054,45.9,11.4,Hybrid,7.29,9,3.39,60.1,4,9.1,8.97,5.42,7.86,4.41,8.5,19.4,0.3352,0
EMP03536,47,Female,Sales,Associate,5.25,90553,53.2,10.7,On-site,9.03,13,4.38,78.5,5,9.4,6.73,3.71,6.52,3.98,19.4,3.8,0.451,0
EMP03537,40,Male,Sales,Senior,0.28,88809,35.0,14.9,On-site,8.31,8,3.66,69.6,3,6.6,6.75,7.83,4.96,8.35,3.5,3.4,0.5041,0
EMP03538,28,Male,Finance,Analyst,1.07,67875,35.2,11.3,On-site,7.13,5,3.57,66.3,4,10.9,6.83,3.78,7.01,5.38,6.5,19.1,0.2672,0
EMP03539,34,Female,Operations,Analyst,0.18,86048,48.8,16.1,On-site,3.48,7,2.7,63.7,4,5.7,4.49,3.91,8.38,5.34,29.6,7.4,0.5674,0
EMP03540,33,Male,HR,Analyst,1.39,63854,50.9,14.2,Full Remote,8.71,9,4.14,59.7,7,5.8,7.22,3.91,8.77,6.44,9.0,1.3,0.2332,0
EMP03541,37,Male,Engineering,Junior Dev,11.94,54324,47.2,11.8,Hybrid,8.7,10,3.07,81.9,8,14.7,8.41,3.3,7.88,8.9,6.2,1.1,0.2964,0
EMP03542,46,Male,Customer Support,Analyst,0.33,75099,35.0,12.7,Full Remote,8.7,11,4.4,75.1,3,12.5,6.31,7.22,7.41,4.73,5.6,4.3,0.5536,0
EMP03543,42,Female,Finance,Senior Analyst,2.48,87975,36.5,10.8,On-site,8.17,9,3.52,55.9,2,15.5,6.22,3.55,3.95,7.6,10.2,2.3,0.4425,0
EMP03544,26,Female,Engineering,Junior Dev,0.1,82731,48.3,5.3,On-site,8.54,7,3.43,71.2,5,9.7,6.29,7.32,4.28,6.36,120.0,9.4,0.5488,0
EMP03545,46,Male,Operations,Manager,3.74,87729,64.4,12.2,Hybrid,8.18,14,2.91,78.0,4,15.5,4.88,6.63,6.96,5.96,16.6,5.8,0.5382,0
EMP03546,37,Female,Engineering,Tech Lead,0.66,55985,54.7,2.7,Hybrid,8.96,10,3.13,64.2,5,23.5,8.17,5.92,6.12,5.69,97.9,5.3,0.3942,0
EMP03547,40,Male,HR,Senior Analyst,0.42,114547,57.6,8.2,Full Remote,5.84,11,3.13,79.7,4,7.9,6.68,3.7,4.94,6.7,102.9,1.9,0.601,0
EMP03548,46,Female,Marketing,Associate,1.23,66440,47.7,2.9,Full Remote,7.33,5,3.54,88.3,5,7.6,8.09,3.76,5.92,4.96,10.3,2.4,0.2591,0
EMP03549,26,Male,Sales,Senior,4.42,72027,47.7,5.9,On-site,7.22,4,4.77,69.5,5,14.9,7.02,3.3,6.36,2.89,64.6,2.9,0.4097,0
EMP03550,34,Female,Operations,Senior Analyst,0.34,42033,36.7,17.9,On-site,7.06,7,2.35,68.2,2,12.4,6.87,6.18,4.55,4.82,27.0,2.0,0.5025,0
EMP03551,30,Female,Sales,Director,0.78,70153,52.6,1.6,Full Remote,9.4,7,3.61,51.0,5,12.9,6.65,5.27,6.09,7.65,8.0,4.4,0.4314,0
EMP03552,22,Female,Engineering,Tech Lead,0.1,88305,44.4,11.5,Full Remote,8.45,6,4.92,79.8,1,23.9,5.7,2.61,7.2,2.51,0.3,3.2,0.2258,0
EMP03553,37,Male,Customer Support,Senior Analyst,10.37,94062,50.5,13.7,Full Remote,7.16,8,2.56,80.7,4,14.6,6.92,5.92,4.4,4.72,104.2,4.3,0.5504,0
EMP03554,55,Male,Customer Support,Manager,2.69,114048,45.2,4.9,On-site,5.48,3,3.17,76.6,5,11.0,3.54,5.42,6.1,4.4,20.4,5.7,0.5821,0
EMP03555,22,Female,Finance,Analyst,3.82,88005,47.2,4.6,On-site,9.12,7,4.19,84.9,3,8.9,8.28,7.72,7.21,6.51,6.9,2.5,0.4952,0
EMP03556,34,Male,Marketing,Associate,3.16,81922,44.3,13.9,Hybrid,9.15,7,2.53,77.6,3,7.8,7.39,6.27,7.39,2.94,27.0,7.9,0.468,0
EMP03557,40,Female,Engineering,Senior Dev,0.47,63842,46.8,10.1,Hybrid,8.53,10,4.71,64.9,5,8.3,8.85,4.35,7.11,5.5,2.3,5.2,0.3875,0
EMP03558,35,Female,Operations,Analyst,2.71,58456,53.0,10.8,Hybrid,7.32,5,4.51,82.2,1,12.1,8.58,2.5,7.51,5.99,1.1,5.1,0.3192,0
EMP03559,34,Female,Engineering,Junior Dev,0.42,99256,35.0,14.2,Full Remote,6.07,5,3.72,55.6,2,7.6,8.97,4.76,6.33,8.61,120.0,6.5,0.2657,0
EMP03560,24,Male,Engineering,Tech Lead,1.54,98776,35.0,4.3,On-site,8.11,2,1.13,93.2,5,17.6,7.09,3.3,4.99,5.97,9.2,3.3,0.3333,0
EMP03561,36,Female,Marketing,Associate,2.52,48074,48.4,9.3,Hybrid,7.67,8,3.11,88.8,7,7.3,6.54,3.31,7.12,7.92,0.3,5.2,0.3255,0
EMP03562,28,Female,Engineering,Senior Dev,2.46,93077,56.5,3.8,Full Remote,9.61,9,4.29,85.1,2,10.9,7.25,6.54,6.48,4.85,22.2,12.8,0.4622,0
EMP03563,22,Female,Engineering,Manager,0.38,91259,58.5,11.5,Hybrid,8.99,8,3.21,65.5,1,18.9,8.47,6.84,7.54,3.67,14.2,5.2,0.4611,0
EMP03564,44,Male,Sales,Associate,0.11,47154,35.2,38.7,Hybrid,9.51,5,3.51,53.9,1,8.7,4.97,3.31,8.34,4.51,8.1,11.7,0.3567,0
EMP03565,42,Male,Engineering,Junior Dev,4.8,88511,41.8,5.8,Hybrid,4.59,8,5.0,72.9,3,13.8,5.46,4.57,6.29,6.16,5.1,2.7,0.4473,0
EMP03566,35,Male,Engineering,Junior Dev,3.88,48761,35.0,22.7,Hybrid,7.34,3,3.76,87.6,1,12.1,7.52,5.43,4.94,4.81,0.7,4.0,0.609,0
EMP03567,36,Male,Engineering,Junior Dev,0.26,40000,40.6,7.2,On-site,7.54,6,3.69,82.2,2,4.9,7.96,5.18,4.39,6.42,3.0,12.1,0.2711,0
EMP03568,43,Female,Engineering,Junior Dev,0.41,70997,54.0,9.0,On-site,6.84,6,3.2,66.3,3,13.4,5.92,3.58,4.6,1.87,11.8,2.8,0.6511,0
EMP03569,36,Female,Finance,Analyst,6.69,81445,44.9,12.5,Hybrid,5.65,15,4.76,68.3,3,11.6,7.76,3.82,2.43,4.39,72.1,4.8,0.5563,0
EMP03570,42,Male,Operations,Analyst,4.4,72123,42.0,8.0,Hybrid,8.73,7,4.32,63.2,3,17.5,4.67,4.35,8.39,4.61,0.9,7.2,0.24,0
EMP03571,32,Female,Marketing,Associate,16.69,146677,49.4,7.3,Full Remote,7.52,9,3.12,54.1,5,16.2,5.97,4.74,8.78,3.43,3.7,1.8,0.5059,0
EMP03572,45,Male,Marketing,Manager,0.88,84471,38.6,0.9,Hybrid,7.63,11,2.92,61.6,3,18.4,7.43,4.61,8.73,4.38,43.2,8.9,0.4464,0
EMP03573,37,Male,Engineering,Tech Lead,2.01,78678,57.7,9.2,Full Remote,6.85,5,2.85,67.4,4,11.9,6.95,5.97,7.72,5.13,57.7,3.1,0.4418,0
EMP03574,36,Male,Engineering,Tech Lead,0.81,85739,45.1,4.5,On-site,7.06,11,3.13,75.6,2,9.7,8.99,4.99,2.28,7.28,5.1,3.4,0.4748,0
EMP03575,24,Male,Sales,Senior,2.92,63967,41.8,21.5,On-site,9.37,11,2.88,75.7,2,6.2,8.09,5.04,8.51,4.53,3.5,11.7,0.3918,0
EMP03576,37,Female,Marketing,Associate,0.37,98236,49.7,17.1,Full Remote,9.47,4,3.6,79.3,5,12.0,9.43,4.43,3.44,5.22,0.8,1.8,0.492,0
EMP03577,28,Male,Finance,Senior Analyst,0.41,84025,52.5,12.1,On-site,5.68,5,4.18,25.1,2,23.1,7.87,3.05,5.42,6.08,6.3,6.1,0.4387,0
EMP03578,29,Female,HR,Analyst,0.22,82879,57.8,8.6,Hybrid,6.34,6,2.87,77.7,7,6.3,6.54,3.87,2.04,5.53,44.8,15.4,0.5238,0
EMP03579,28,Male,Sales,Associate,3.55,59396,43.3,10.5,On-site,4.73,4,2.94,75.5,2,14.9,6.22,4.31,6.24,5.41,16.0,2.3,0.3585,0
EMP03580,26,Female,Engineering,Tech Lead,2.04,40000,53.7,17.7,Hybrid,5.83,11,3.02,76.1,4,20.4,8.1,8.32,5.23,7.53,4.7,1.8,0.7595,1
EMP03581,51,Male,Operations,Analyst,2.88,62465,45.8,7.7,Hybrid,8.8,13,3.76,78.9,2,15.3,7.55,7.72,7.48,6.94,0.7,17.7,0.3783,0
EMP03582,45,Male,Sales,Associate,6.34,82065,40.1,8.9,Hybrid,6.43,7,2.69,88.1,2,18.9,6.34,5.9,5.17,6.45,45.3,11.4,0.5356,0
EMP03583,50,Male,Finance,Manager,4.05,63882,38.8,5.7,Full Remote,7.13,8,2.31,50.9,7,18.5,5.73,7.19,7.53,5.08,37.5,6.8,0.2968,0
EMP03584,25,Male,Marketing,Director,1.86,82293,36.2,18.8,Full Remote,7.79,11,3.3,92.8,1,10.9,4.49,5.53,6.16,6.95,1.7,3.8,0.4616,0
EMP03585,35,Male,Finance,Analyst,12.47,69190,39.1,13.7,Full Remote,4.71,7,3.56,59.3,3,12.7,7.43,3.96,2.76,5.05,36.0,6.4,0.5539,0
EMP03586,24,Female,Customer Support,Analyst,1.83,85764,53.9,5.7,Full Remote,6.01,10,3.39,86.0,3,18.3,8.79,4.15,6.43,4.96,32.1,4.0,0.4304,0
EMP03587,29,Female,Customer Support,Senior Analyst,0.36,50579,50.7,2.2,Full Remote,7.4,12,3.41,91.2,5,12.1,6.59,2.44,8.87,4.6,103.3,4.6,0.2858,0
EMP03588,27,Female,Marketing,Manager,14.74,79822,35.1,11.7,Hybrid,9.16,7,4.17,61.0,6,9.5,8.69,5.2,7.12,7.11,2.2,14.7,0.1877,0
EMP03589,44,Female,Marketing,Associate,0.1,58976,35.0,21.6,Hybrid,5.91,9,4.44,91.8,2,15.1,7.23,4.72,4.9,4.58,7.0,5.6,0.5324,0
EMP03590,31,Male,Sales,Senior,2.39,40000,36.1,5.2,On-site,6.98,6,3.45,66.6,6,15.0,6.74,6.67,6.99,2.77,22.6,5.8,0.546,0
EMP03591,43,Male,Customer Support,Manager,1.11,70871,38.8,18.5,Full Remote,6.63,8,3.6,74.6,4,11.0,6.09,5.03,7.01,4.29,7.6,8.5,0.4685,0
EMP03592,39,Other,Marketing,Associate,2.1,113407,42.6,4.4,On-site,9.9,13,4.97,69.3,6,14.2,6.62,7.26,5.61,3.61,1.9,6.5,0.5798,0
EMP03593,53,Female,Engineering,Manager,2.45,40000,54.4,4.7,Hybrid,7.03,5,3.3,92.0,2,5.2,6.57,4.3,6.0,2.44,22.5,1.4,0.6275,0
EMP03594,23,Female,Sales,Director,0.82,77984,40.6,8.9,Hybrid,6.41,6,3.16,58.0,6,5.3,4.99,4.27,5.89,8.42,24.9,14.5,0.4405,0
EMP03595,45,Female,Engineering,Junior Dev,2.44,94939,58.4,12.6,Hybrid,7.27,7,2.42,56.3,1,11.3,8.03,7.05,6.81,6.9,50.5,1.0,0.4496,0
EMP03596,44,Male,Marketing,Manager,4.23,132500,35.0,13.8,Hybrid,7.8,7,4.05,64.6,6,8.7,2.66,4.13,7.91,3.64,4.6,0.6,0.7077,1
EMP03597,27,Male,Marketing,Associate,0.93,62676,42.2,15.1,Full Remote,8.74,16,2.35,46.2,2,10.8,5.16,7.71,7.34,6.43,8.9,4.7,0.5285,0
EMP03598,43,Male,Sales,Manager,1.45,59199,51.3,9.7,On-site,5.87,8,2.99,70.1,6,20.3,7.64,4.35,5.52,4.8,19.0,2.5,0.3845,0
EMP03599,37,Male,Engineering,Tech Lead,0.94,45832,51.8,12.2,Hybrid,6.98,7,2.69,70.9,4,7.7,6.2,3.96,3.22,6.36,63.4,5.4,0.4239,0
EMP03600,33,Male,Customer Support,Analyst,5.15,103512,42.3,3.9,On-site,7.08,8,2.47,85.3,5,5.9,4.58,4.01,5.19,4.1,18.2,6.0,0.6151,0
EMP03601,28,Male,Operations,Senior Analyst,3.87,53314,53.0,3.8,On-site,6.01,10,4.71,55.6,6,8.9,7.11,5.56,5.03,5.14,25.4,3.8,0.6991,0
EMP03602,29,Female,Operations,Manager,6.15,65735,51.5,5.9,Hybrid,6.53,8,3.61,82.3,3,21.5,3.52,5.5,6.76,6.47,61.5,20.4,0.513,0
EMP03603,51,Female,Sales,Senior,0.56,40000,39.5,6.3,Hybrid,6.84,11,2.23,72.4,5,12.8,6.7,5.02,8.39,6.51,13.6,0.6,0.245,0
EMP03604,35,Female,Operations,Analyst,0.23,97099,47.5,11.0,On-site,6.19,8,3.75,68.2,1,11.5,8.22,7.23,5.85,6.85,27.9,10.2,0.4419,0
EMP03605,41,Female,Marketing,Associate,0.38,103956,50.6,2.1,On-site,8.54,15,4.31,89.5,2,13.7,4.83,2.69,6.11,4.95,1.2,9.9,0.4234,0
EMP03606,28,Male,Engineering,Senior Dev,0.53,96144,40.1,14.9,On-site,8.65,12,3.88,64.5,6,8.0,6.59,3.8,8.94,3.24,2.8,10.0,0.4083,0
EMP03607,28,Male,Engineering,Manager,2.28,40000,58.6,16.7,On-site,7.85,9,4.41,54.1,1,4.4,7.21,3.51,4.17,4.81,11.5,7.5,0.5509,0
EMP03608,43,Female,Sales,Manager,10.61,90178,38.3,20.6,Full Remote,9.59,9,3.95,89.5,4,11.3,5.86,3.04,4.53,6.43,39.3,4.2,0.3611,0
EMP03609,24,Male,Engineering,Senior Dev,1.33,40000,46.2,1.6,On-site,9.61,9,4.13,75.9,5,14.2,6.19,4.19,7.15,3.53,40.2,8.0,0.3223,0
EMP03610,31,Male,Customer Support,Senior Analyst,9.55,76451,35.0,6.2,Full Remote,4.05,2,3.42,84.6,5,16.2,8.3,4.53,3.08,5.58,1.4,5.2,0.4423,0
EMP03611,35,Male,Engineering,Junior Dev,0.12,80126,45.8,15.7,Hybrid,4.23,12,4.71,63.1,5,14.9,6.9,5.28,6.31,7.71,3.1,14.1,0.6336,0
EMP03612,35,Male,Sales,Associate,7.85,82754,36.5,8.3,Hybrid,9.35,8,4.15,92.0,4,6.8,7.19,3.92,2.99,5.44,10.7,0.2,0.353,0
EMP03613,33,Female,Marketing,Senior,0.6,88365,42.6,12.0,Full Remote,9.03,11,3.72,83.2,4,6.8,6.06,4.74,4.76,3.76,5.6,10.6,0.4458,0
EMP03614,38,Male,Sales,Senior,7.31,74799,35.0,11.8,Full Remote,9.15,6,2.82,70.5,5,10.1,8.08,5.45,6.88,5.0,3.8,16.4,0.2581,0
EMP03615,40,Female,HR,Senior Analyst,0.17,40000,51.4,11.9,On-site,6.19,8,4.34,51.2,1,8.4,8.5,8.7,6.45,8.04,1.4,5.4,0.6235,0
EMP03616,40,Female,Engineering,Manager,8.88,88378,47.9,13.0,On-site,6.22,9,4.45,96.6,6,11.6,5.28,2.28,6.6,5.06,17.8,0.9,0.4675,0
EMP03617,27,Male,Operations,Senior Analyst,0.67,77440,53.7,3.7,Hybrid,8.57,9,5.0,55.1,11,2.9,7.34,3.98,7.42,2.61,104.4,12.1,0.362,0
EMP03618,32,Male,Sales,Senior,1.08,52434,42.2,5.8,Hybrid,6.41,10,3.46,77.2,4,8.7,7.54,6.72,7.54,5.72,4.1,6.3,0.5572,0
EMP03619,44,Male,HR,Analyst,2.03,40000,54.1,2.9,On-site,8.21,10,3.82,72.6,3,17.4,4.08,6.55,4.27,4.32,9.1,8.6,0.5748,0
EMP03620,42,Male,Finance,Manager,1.44,113500,45.3,16.6,Hybrid,7.3,11,3.81,56.8,3,11.9,7.07,5.11,6.49,4.72,1.8,1.5,0.3451,0
EMP03621,24,Female,Operations,Senior Analyst,3.3,105782,45.9,2.6,Hybrid,8.01,15,1.94,82.5,5,12.6,8.41,4.11,5.98,5.67,26.6,2.8,0.3803,0
EMP03622,37,Female,Operations,Manager,11.04,92648,61.9,13.4,Hybrid,8.87,11,4.19,85.0,5,18.2,4.93,3.55,5.55,5.99,8.3,7.3,0.4518,0
EMP03623,22,Female,HR,Analyst,2.8,58092,41.1,4.3,On-site,6.65,2,3.88,67.8,3,11.6,7.29,4.19,5.78,2.69,53.2,2.2,0.5096,0
EMP03624,35,Male,Sales,Senior,3.83,40000,54.8,31.2,Hybrid,8.78,11,3.15,49.3,2,15.3,6.22,3.1,5.48,3.44,3.8,4.9,0.4919,0
EMP03625,50,Female,Marketing,Senior,0.28,94116,48.8,10.5,On-site,9.16,5,2.85,82.7,3,14.8,9.53,2.67,5.63,4.88,8.6,2.1,0.2595,0
EMP03626,27,Female,Operations,Analyst,2.97,84167,40.4,4.7,Full Remote,8.18,5,2.59,80.1,3,19.0,9.11,5.01,5.34,4.18,7.4,2.5,0.3691,0
EMP03627,28,Female,Operations,Senior Analyst,1.81,65633,35.0,6.7,Full Remote,7.13,6,4.01,69.9,5,5.0,7.03,6.83,4.91,4.69,2.7,2.2,0.3972,0
EMP03628,41,Female,Engineering,Manager,6.51,103120,36.7,1.4,Full Remote,8.63,7,2.96,82.5,1,17.3,4.39,2.64,4.88,4.67,37.8,9.0,0.1969,0
EMP03629,22,Female,Sales,Associate,1.47,96199,54.0,16.6,Hybrid,7.69,12,3.92,39.8,8,5.1,8.01,8.23,4.8,8.32,29.4,2.3,0.7569,1
EMP03630,29,Female,Operations,Analyst,3.41,79402,58.9,4.9,Hybrid,6.3,10,3.44,81.6,6,8.9,3.76,5.69,8.14,3.64,16.8,3.5,0.7648,1
EMP03631,39,Female,Sales,Manager,0.78,75876,45.7,13.5,Hybrid,9.48,12,3.73,91.5,5,10.3,6.39,6.85,7.31,4.31,16.0,18.1,0.4647,0
EMP03632,29,Male,Sales,Associate,0.9,76274,46.2,14.1,Hybrid,8.51,7,4.56,58.0,1,14.8,6.01,2.27,7.58,6.7,13.6,5.2,0.2904,0
EMP03633,33,Female,Sales,Senior,1.42,91998,51.2,4.6,Hybrid,5.09,7,3.92,87.2,5,15.3,6.1,6.05,4.77,5.42,69.8,1.6,0.6621,0
EMP03634,40,Male,HR,Senior Analyst,1.09,53563,45.6,13.5,On-site,5.38,6,3.85,65.2,5,19.8,5.04,3.61,8.65,7.9,35.2,4.8,0.5053,0
EMP03635,38,Male,Customer Support,Analyst,0.88,85649,53.8,2.7,On-site,7.75,9,3.07,83.5,3,16.6,9.03,3.12,7.23,4.4,70.5,1.1,0.1467,0
EMP03636,37,Other,Marketing,Manager,0.15,51985,47.3,9.5,Hybrid,7.11,9,3.91,76.9,2,10.8,5.6,4.83,5.42,6.13,2.4,11.2,0.5701,0
EMP03637,32,Female,Engineering,Senior Dev,5.44,108413,46.1,8.4,On-site,9.64,6,3.48,69.0,3,17.9,7.92,3.65,7.37,6.72,3.3,8.6,0.0468,0
EMP03638,37,Male,Engineering,Tech Lead,0.2,88303,39.4,9.2,Hybrid,9.78,8,2.46,84.1,4,7.7,5.68,2.45,5.38,7.29,17.7,13.4,0.0878,0
EMP03639,34,Male,Engineering,Tech Lead,6.55,57794,37.4,18.1,Full Remote,8.88,8,3.38,60.7,5,12.0,6.78,6.73,6.09,4.38,17.8,4.5,0.4141,0
EMP03640,38,Male,Marketing,Manager,0.4,77014,35.0,12.5,Full Remote,6.98,9,4.48,78.6,1,12.1,7.42,2.88,5.17,5.21,2.1,1.3,0.4763,0
EMP03641,31,Female,Marketing,Associate,0.2,53655,54.9,21.2,Full Remote,7.25,6,2.79,48.3,5,12.8,4.13,7.34,7.25,7.05,5.9,4.0,0.6777,0
EMP03642,33,Female,Engineering,Junior Dev,2.48,112602,43.8,10.3,Hybrid,6.08,11,3.78,59.3,11,17.2,7.02,3.93,4.2,6.08,26.6,11.2,0.5027,0
EMP03643,27,Female,Finance,Analyst,2.09,115571,41.8,6.4,On-site,8.19,6,3.42,58.4,4,24.0,5.94,2.68,4.23,4.2,22.4,1.6,0.3926,0
EMP03644,34,Female,Finance,Analyst,2.03,92405,35.0,12.3,On-site,8.65,11,3.52,79.6,3,18.8,7.02,4.35,6.81,6.04,20.6,5.9,0.2697,0
EMP03645,28,Male,Sales,Manager,2.56,113916,39.9,1.8,Full Remote,9.82,3,3.34,68.4,6,11.0,3.24,5.26,9.19,4.79,19.6,2.2,0.4045,0
EMP03646,26,Female,Sales,Senior,1.02,78794,38.8,9.4,Hybrid,7.97,7,3.72,64.2,5,10.6,6.06,3.61,8.56,7.81,43.0,0.8,0.372,0
EMP03647,37,Male,Customer Support,Manager,3.26,94087,38.6,4.2,Hybrid,9.17,9,2.69,55.2,5,9.2,3.38,4.55,5.16,6.81,31.6,0.8,0.4218,0
EMP03648,36,Female,Sales,Associate,2.09,105618,47.7,8.0,On-site,6.36,8,3.95,58.9,5,5.8,6.04,5.56,7.6,4.06,14.1,3.2,0.3997,0
EMP03649,41,Female,Operations,Analyst,1.22,74856,46.0,7.8,Full Remote,8.31,4,3.15,91.0,3,24.0,7.1,6.41,8.62,4.44,36.3,3.4,0.4449,0
EMP03650,31,Female,Marketing,Manager,5.25,76777,35.0,3.8,Hybrid,4.71,5,3.65,39.8,7,15.6,5.63,3.37,6.39,7.99,32.2,5.2,0.4355,0
EMP03651,38,Male,Operations,Analyst,3.9,98341,35.0,9.7,On-site,8.02,7,3.69,74.2,5,9.2,6.79,4.21,7.11,6.09,4.1,8.5,0.278,0
EMP03652,39,Male,Operations,Senior Analyst,1.5,91162,35.0,6.4,On-site,8.06,8,3.71,82.1,4,18.6,6.19,2.49,4.47,5.43,35.4,7.0,0.4359,0
EMP03653,38,Male,Finance,Analyst,5.64,56113,59.5,22.0,Full Remote,8.71,6,3.32,56.9,3,15.3,7.17,4.92,4.58,5.36,21.5,7.6,0.399,0
EMP03654,28,Female,Operations,Manager,7.59,40000,56.9,24.9,Full Remote,8.81,11,2.5,69.6,2,18.9,4.31,3.46,5.49,5.13,72.3,2.9,0.5159,0
EMP03655,36,Male,Customer Support,Senior Analyst,2.31,70611,38.2,10.5,Hybrid,6.5,7,3.06,69.6,5,12.4,7.41,3.03,6.6,7.66,3.1,5.4,0.3608,0
EMP03656,37,Male,HR,Senior Analyst,0.73,40000,35.0,4.6,On-site,7.37,3,3.22,64.5,4,13.5,8.79,2.44,6.13,5.15,17.4,10.7,0.1968,0
EMP03657,35,Male,Engineering,Junior Dev,7.42,50224,46.0,16.2,Full Remote,6.89,8,2.12,63.1,2,5.8,6.86,5.06,4.05,4.01,37.2,8.4,0.5756,0
EMP03658,22,Female,Sales,Senior,0.63,53142,45.4,2.2,On-site,6.06,8,3.07,84.5,6,9.9,6.5,6.16,4.12,5.09,28.1,2.8,0.5567,0
EMP03659,36,Male,Operations,Manager,0.15,60783,47.5,4.3,Full Remote,9.05,5,4.39,73.6,6,1.8,7.18,7.36,5.78,2.06,66.5,7.3,0.589,0
EMP03660,52,Female,Finance,Manager,1.19,95510,50.9,22.6,Hybrid,6.63,7,2.67,80.7,4,9.1,5.36,3.53,3.81,4.37,12.2,7.4,0.6425,0
EMP03661,32,Female,Engineering,Junior Dev,3.89,100941,48.6,9.3,Hybrid,7.78,8,4.11,78.7,2,13.6,6.26,3.96,2.81,6.51,25.6,7.5,0.4659,0
EMP03662,29,Female,Engineering,Senior Dev,7.7,87718,36.1,26.5,Full Remote,7.05,9,3.06,94.3,6,19.9,7.87,7.2,4.64,3.57,55.3,3.9,0.6804,0
EMP03663,37,Male,Finance,Analyst,3.04,90812,47.4,8.7,Hybrid,7.5,15,3.03,89.2,3,14.0,8.24,1.54,5.35,6.71,18.8,3.0,0.2247,0
EMP03664,37,Male,Sales,Associate,9.1,91403,51.8,13.5,Hybrid,7.55,8,3.35,48.5,3,3.0,7.9,3.79,8.47,4.69,12.1,2.2,0.3668,0
EMP03665,44,Male,Marketing,Manager,0.29,40000,39.2,13.7,On-site,6.03,5,3.75,74.6,1,16.5,6.62,5.65,5.66,6.82,10.6,4.4,0.3888,0
EMP03666,24,Male,Finance,Analyst,0.19,75254,47.4,19.0,Full Remote,7.44,5,3.15,77.2,5,6.9,6.74,6.59,4.59,5.58,48.1,4.1,0.5524,0
EMP03667,40,Male,Marketing,Associate,2.78,40000,40.6,1.6,Hybrid,8.97,10,3.08,38.8,2,8.7,7.78,6.22,8.12,5.91,44.6,3.0,0.1959,0
EMP03668,39,Female,Engineering,Senior Dev,10.15,87728,61.0,5.3,Hybrid,8.53,11,4.61,68.9,3,5.9,5.76,5.58,7.63,2.8,41.0,14.9,0.5104,0
EMP03669,33,Male,Engineering,Senior Dev,2.1,40000,35.0,22.2,Hybrid,9.67,6,3.6,83.4,7,13.9,5.6,4.98,7.18,6.64,1.4,4.4,0.2939,0
EMP03670,37,Female,Engineering,Tech Lead,0.16,70489,54.2,6.9,On-site,4.71,9,2.38,75.1,3,16.5,6.11,3.42,6.02,5.79,9.0,5.1,0.524,0
EMP03671,43,Male,Sales,Director,0.75,88694,35.0,9.2,Hybrid,9.0,4,1.81,93.6,5,17.2,4.8,6.7,8.11,6.36,27.3,2.1,0.2498,0
EMP03672,41,Female,Marketing,Associate,0.84,47056,59.3,17.1,Hybrid,4.52,9,4.66,79.3,3,18.0,8.13,5.87,3.49,6.89,15.3,2.7,0.5552,0
EMP03673,25,Female,Marketing,Manager,1.24,99042,35.9,7.6,Hybrid,6.28,7,4.24,94.7,2,9.9,4.73,3.34,5.09,4.61,34.1,3.1,0.5485,0
EMP03674,41,Female,Engineering,Junior Dev,0.13,87665,46.5,2.7,Hybrid,4.97,8,3.64,67.8,5,9.3,5.93,6.28,7.85,7.76,23.7,7.1,0.5129,0
EMP03675,34,Female,Engineering,Senior Dev,7.06,84520,35.0,11.5,Full Remote,5.64,6,3.62,65.9,2,20.0,8.1,3.94,8.61,3.14,15.5,12.3,0.4342,0
EMP03676,35,Female,Engineering,Junior Dev,2.17,92450,35.0,10.1,On-site,5.75,8,3.49,69.5,4,15.7,4.6,2.41,3.93,4.67,13.5,5.1,0.4498,0
EMP03677,35,Female,Customer Support,Analyst,3.33,66019,52.2,12.2,Full Remote,4.32,12,3.58,85.3,4,14.7,5.65,3.34,6.35,4.26,3.2,5.0,0.5324,0
EMP03678,33,Male,Marketing,Associate,0.21,78797,53.2,16.1,Hybrid,7.49,6,3.67,59.5,8,7.0,7.81,6.44,8.0,5.15,21.7,7.2,0.4251,0
EMP03679,44,Female,Operations,Analyst,0.17,75251,46.9,9.4,Hybrid,7.31,5,4.33,82.7,4,7.9,7.28,4.74,4.47,7.37,9.6,8.6,0.3835,0
EMP03680,34,Male,Operations,Manager,2.65,74686,50.9,3.4,Full Remote,7.34,9,4.26,74.7,2,15.8,6.03,2.55,4.21,4.51,120.0,11.5,0.2968,0
EMP03681,26,Male,Marketing,Manager,6.55,58199,53.4,1.4,Full Remote,8.15,6,3.66,73.3,3,14.6,5.48,6.18,6.59,2.35,86.1,9.1,0.5756,0
EMP03682,31,Male,Finance,Manager,2.26,43936,39.5,7.0,Full Remote,7.17,7,3.67,67.0,5,10.5,8.35,5.56,8.33,7.22,1.6,8.0,0.4947,0
EMP03683,36,Male,Engineering,Senior Dev,6.31,66578,35.0,10.0,Full Remote,8.99,15,4.17,61.2,3,9.9,5.52,5.13,4.53,4.53,14.4,2.0,0.3083,0
EMP03684,44,Male,Finance,Analyst,5.0,65201,44.9,3.3,On-site,9.59,11,3.97,68.0,8,12.5,4.9,5.95,4.74,6.98,14.6,4.2,0.4786,0
EMP03685,39,Male,Sales,Associate,0.24,56581,40.4,5.3,On-site,7.1,10,3.43,77.6,3,5.1,5.11,6.06,2.54,7.11,4.6,3.2,0.6025,0
EMP03686,28,Male,Operations,Analyst,0.68,96301,48.1,13.8,Full Remote,8.42,8,1.26,77.5,7,4.2,7.78,6.76,7.71,8.11,3.3,6.4,0.3429,0
EMP03687,54,Female,Engineering,Senior Dev,3.22,45694,49.4,23.0,Full Remote,6.56,6,4.05,87.9,3,18.5,6.76,6.61,7.02,4.46,9.9,3.9,0.5552,0
EMP03688,37,Male,Operations,Senior Analyst,1.76,70712,39.5,7.1,On-site,7.03,9,4.39,69.8,5,8.1,8.75,2.6,7.52,2.18,17.0,1.2,0.3627,0
EMP03689,45,Female,Engineering,Senior Dev,1.03,104158,50.6,6.2,Full Remote,5.74,10,3.29,66.3,5,11.3,6.27,6.42,5.73,3.66,27.1,12.0,0.5606,0
EMP03690,33,Male,Operations,Analyst,1.63,97728,50.2,2.2,On-site,8.67,2,2.61,59.6,3,10.4,7.7,5.68,6.18,4.04,24.3,3.1,0.4732,0
EMP03691,39,Female,Sales,Associate,1.77,105407,50.8,17.2,Full Remote,9.53,8,4.25,61.2,5,6.3,6.68,3.69,3.99,6.6,8.1,2.1,0.4779,0
EMP03692,41,Female,Finance,Analyst,7.24,60230,41.7,1.7,Hybrid,6.8,6,4.26,64.7,4,12.6,7.41,5.7,6.71,6.09,8.0,4.2,0.4993,0
EMP03693,44,Female,Marketing,Associate,0.33,94607,51.2,4.0,Hybrid,8.36,6,2.82,55.8,1,14.2,5.3,3.34,4.09,4.99,42.0,6.3,0.4352,0
EMP03694,43,Female,Sales,Associate,0.98,48425,49.2,21.5,Full Remote,9.94,9,3.88,72.7,4,13.4,9.47,5.85,8.44,5.16,30.9,5.6,0.4343,0
EMP03695,41,Male,HR,Senior Analyst,2.31,68103,50.1,4.0,Full Remote,4.12,9,3.14,83.3,7,20.5,7.2,8.32,5.34,6.77,23.3,1.0,0.4613,0
EMP03696,32,Other,Customer Support,Analyst,3.59,70456,58.4,13.9,Hybrid,7.82,8,3.78,58.0,1,5.7,4.13,5.07,4.92,6.0,35.4,4.2,0.4608,0
EMP03697,30,Female,Engineering,Tech Lead,2.99,60603,47.6,23.5,Full Remote,8.1,7,4.62,70.6,3,11.1,5.03,7.55,5.67,3.61,9.8,5.1,0.7392,1
EMP03698,37,Female,Customer Support,Analyst,8.52,65954,40.1,14.9,Hybrid,5.09,6,3.88,85.2,6,5.1,6.62,4.1,6.59,7.06,4.7,13.6,0.4607,0
EMP03699,42,Female,HR,Analyst,4.76,62665,36.1,9.6,Full Remote,7.13,7,3.0,67.4,5,10.0,6.4,4.83,4.11,6.9,61.4,3.1,0.5525,0
EMP03700,33,Male,Operations,Manager,2.44,50440,54.0,4.2,Hybrid,9.82,10,3.07,79.8,4,7.6,4.92,8.19,7.4,5.39,8.5,5.7,0.4229,0
EMP03701,43,Female,Sales,Senior,0.73,96410,47.9,9.3,Hybrid,6.37,13,5.0,85.9,2,19.4,3.64,4.53,3.83,6.6,6.1,7.0,0.556,0
EMP03702,46,Male,Marketing,Associate,1.8,70438,58.4,15.7,Hybrid,9.15,12,4.52,57.1,1,9.0,8.54,5.89,8.52,8.69,4.5,10.5,0.3987,0
EMP03703,27,Female,Operations,Manager,3.55,80035,35.0,9.0,Full Remote,7.46,8,3.15,67.3,5,7.9,5.98,5.73,4.19,5.41,3.1,1.6,0.6276,0
EMP03704,28,Male,Sales,Associate,5.46,79094,52.3,13.3,Hybrid,7.01,5,3.42,92.3,3,12.6,7.44,5.87,5.44,8.8,23.1,6.9,0.4894,0
EMP03705,33,Female,Marketing,Associate,9.64,76368,42.9,16.6,Hybrid,9.31,15,3.23,75.4,3,10.1,5.47,7.93,6.38,7.38,14.7,4.9,0.5946,0
EMP03706,37,Male,Engineering,Tech Lead,2.79,77320,42.2,7.5,On-site,7.04,9,3.65,75.7,2,14.0,7.02,4.02,8.3,5.61,2.1,3.2,0.4507,0
EMP03707,30,Male,Engineering,Tech Lead,2.25,67364,38.9,8.5,On-site,6.78,6,4.13,40.6,1,11.6,6.86,6.37,6.61,3.55,2.9,6.5,0.4142,0
EMP03708,45,Female,HR,Analyst,0.1,110459,52.2,20.2,Full Remote,9.33,7,3.91,73.9,6,12.4,4.77,7.32,4.73,4.84,36.4,3.6,0.5805,0
EMP03709,38,Female,Finance,Analyst,0.22,94018,49.9,4.8,Full Remote,9.01,8,4.06,52.8,4,15.2,4.57,7.03,5.93,5.23,6.2,1.4,0.5036,0
EMP03710,35,Female,HR,Manager,0.51,75459,35.9,5.8,Full Remote,7.65,6,2.94,58.8,3,8.0,3.1,4.31,8.04,3.95,62.5,20.6,0.3487,0
EMP03711,23,Male,Engineering,Senior Dev,0.17,63823,46.3,26.1,Full Remote,8.98,9,3.59,55.7,2,14.5,4.45,6.77,4.35,6.71,25.4,0.9,0.4774,0
EMP03712,24,Male,Sales,Associate,1.54,72029,50.6,6.5,Full Remote,8.56,7,4.18,59.3,4,14.9,2.27,5.78,3.57,6.46,15.2,3.7,0.7049,1
EMP03713,37,Female,Sales,Senior,1.23,85440,46.4,8.8,Full Remote,7.75,9,4.71,71.0,0,11.5,8.08,7.3,6.27,4.65,27.7,11.7,0.4544,0
EMP03714,22,Other,Marketing,Director,3.04,112498,53.9,4.1,Full Remote,8.6,7,1.79,71.8,4,16.4,7.08,6.83,4.52,4.04,28.5,9.1,0.4444,0
EMP03715,43,Female,Operations,Analyst,2.3,40673,42.7,3.0,Full Remote,9.49,8,3.87,77.1,5,14.8,6.32,4.03,4.23,3.99,26.8,13.1,0.3905,0
EMP03716,33,Male,Operations,Senior Analyst,2.72,91494,35.0,4.6,Full Remote,7.71,5,4.47,82.1,3,8.0,7.85,7.46,3.5,2.7,26.3,6.7,0.5281,0
EMP03717,60,Female,Engineering,Senior Dev,1.92,103168,46.5,2.1,Full Remote,5.78,7,1.89,84.0,5,0.0,7.57,3.32,8.78,5.69,12.4,4.3,0.2482,0
EMP03718,53,Male,Operations,Analyst,0.98,40000,46.4,4.1,Full Remote,6.61,12,4.59,79.4,2,12.8,4.98,4.97,7.03,8.1,55.0,7.7,0.4263,0
EMP03719,33,Female,Marketing,Manager,9.16,70471,47.5,12.0,Hybrid,6.77,14,5.0,71.8,3,14.7,8.4,1.9,4.94,4.91,120.0,7.5,0.5322,0
EMP03720,34,Male,Finance,Manager,0.27,48387,53.9,10.3,Full Remote,7.56,7,3.65,81.6,8,11.7,7.96,3.26,3.11,5.78,70.9,3.0,0.3861,0
EMP03721,42,Male,Engineering,Junior Dev,8.39,85763,35.0,22.6,Full Remote,9.39,7,3.93,69.9,3,15.0,9.2,2.4,6.08,5.23,24.9,19.0,0.2626,0
EMP03722,48,Female,Finance,Analyst,1.12,66041,43.1,5.1,Full Remote,4.8,7,2.72,60.1,4,13.5,7.98,5.38,7.43,4.32,7.1,22.2,0.4105,0
EMP03723,22,Female,Engineering,Manager,2.16,71746,37.6,25.6,Hybrid,9.1,14,5.0,58.4,4,7.3,6.1,5.04,8.81,7.97,42.6,8.1,0.3419,0
EMP03724,22,Male,Sales,Senior,0.35,64723,35.3,6.1,On-site,8.0,6,3.73,79.3,5,4.7,7.87,6.94,5.4,6.98,0.9,7.8,0.2636,0
EMP03725,30,Male,Engineering,Senior Dev,0.22,93004,44.4,12.1,Full Remote,6.45,10,1.45,83.6,7,7.6,7.51,2.88,7.95,4.93,32.5,2.5,0.4233,0
EMP03726,39,Male,Engineering,Senior Dev,1.68,80725,50.6,2.8,Hybrid,9.1,4,4.27,88.1,1,13.3,7.98,3.66,9.0,4.11,10.6,2.9,0.176,0
EMP03727,38,Female,Engineering,Tech Lead,4.06,80773,47.4,3.9,Hybrid,7.64,6,2.77,84.4,7,16.9,7.42,4.9,4.91,2.65,17.7,4.7,0.2999,0
EMP03728,43,Male,Engineering,Tech Lead,0.94,79015,39.5,16.8,Hybrid,6.31,8,3.1,71.8,6,9.4,4.24,4.69,5.95,6.05,104.8,3.1,0.4698,0
EMP03729,25,Male,Engineering,Manager,2.48,89312,43.8,9.4,On-site,8.24,10,3.73,65.1,1,5.7,4.85,7.99,5.12,7.82,27.0,4.1,0.529,0
EMP03730,22,Female,Finance,Analyst,0.98,68450,52.4,4.9,On-site,8.45,9,3.52,84.5,2,2.1,6.22,5.56,6.0,3.28,4.1,4.6,0.5941,0
EMP03731,41,Female,Engineering,Junior Dev,1.48,117519,50.5,19.5,Full Remote,8.12,13,3.77,70.9,7,19.1,5.65,3.11,5.99,6.84,6.0,2.9,0.4154,0
EMP03732,28,Female,HR,Senior Analyst,7.11,44130,40.6,10.8,Hybrid,6.4,8,3.86,66.4,5,8.8,6.7,6.1,3.88,5.26,11.2,1.2,0.5259,0
EMP03733,22,Female,Engineering,Senior Dev,5.81,40000,40.1,15.6,Hybrid,8.33,10,4.58,71.2,5,19.6,8.69,5.41,7.85,2.28,5.5,7.1,0.4716,0
EMP03734,36,Female,Customer Support,Senior Analyst,2.18,40000,35.0,7.3,On-site,9.13,6,2.42,70.6,3,21.2,4.72,7.06,2.88,6.92,14.6,2.0,0.262,0
EMP03735,41,Female,Customer Support,Analyst,0.82,40000,41.6,3.8,On-site,7.34,7,3.93,55.7,2,15.6,6.77,2.29,6.4,3.78,8.8,3.1,0.2865,0
EMP03736,34,Female,Engineering,Junior Dev,0.64,91829,35.0,4.0,Full Remote,3.77,6,3.63,74.5,4,8.1,5.71,2.89,8.13,6.95,0.3,7.0,0.3807,0
EMP03737,31,Female,HR,Senior Analyst,9.24,88784,61.5,7.1,Full Remote,6.14,15,3.32,82.5,3,6.9,4.23,6.06,4.97,3.06,14.8,5.5,0.6128,0
EMP03738,33,Male,Engineering,Senior Dev,0.68,105194,38.2,16.5,On-site,4.31,11,2.49,53.2,3,7.2,7.28,6.74,5.17,6.48,62.4,6.5,0.6986,0
EMP03739,32,Other,Customer Support,Senior Analyst,4.95,48584,53.9,6.1,Hybrid,7.2,5,3.82,64.8,4,15.3,6.75,3.48,5.91,5.03,24.2,5.9,0.512,0
EMP03740,24,Male,Marketing,Senior,1.38,93636,59.5,4.9,Hybrid,6.47,6,2.74,79.4,2,10.3,6.47,6.9,8.32,5.24,3.7,1.7,0.5036,0
EMP03741,29,Male,Engineering,Junior Dev,12.73,76420,46.7,16.8,Hybrid,6.78,7,2.15,83.7,4,21.2,7.97,5.76,8.29,5.95,31.6,2.1,0.2436,0
EMP03742,39,Male,Sales,Senior,1.38,79164,44.2,11.7,Full Remote,6.48,9,3.35,82.0,3,11.5,6.15,4.97,4.57,7.21,7.6,10.4,0.69,0
EMP03743,37,Male,Engineering,Tech Lead,1.3,90640,35.0,7.5,On-site,6.01,4,3.97,66.9,2,16.9,9.08,3.25,4.27,5.61,1.7,0.5,0.271,0
EMP03744,36,Other,Sales,Senior,3.04,56092,41.0,10.5,On-site,5.75,9,2.92,80.8,6,10.9,5.81,6.07,5.51,4.28,68.6,9.1,0.5191,0
EMP03745,27,Female,Finance,Senior Analyst,9.77,139681,57.8,11.6,Hybrid,6.58,11,2.02,93.7,4,20.1,6.92,3.89,7.28,4.28,46.5,8.4,0.3123,0
EMP03746,33,Female,Marketing,Senior,11.22,108297,47.8,15.8,Hybrid,8.75,7,3.48,79.0,5,7.7,7.8,4.04,4.2,8.14,8.4,4.9,0.4917,0
EMP03747,22,Female,Sales,Associate,3.68,61707,45.2,15.3,Hybrid,8.6,7,4.46,44.5,7,13.2,6.55,3.44,7.34,4.85,35.3,5.2,0.4494,0
EMP03748,36,Female,Engineering,Tech Lead,4.21,47731,55.5,17.1,Full Remote,7.13,3,2.92,72.2,6,12.3,5.41,3.3,9.48,6.65,40.3,6.7,0.5251,0
EMP03749,46,Male,Engineering,Junior Dev,2.49,72802,50.6,30.8,Full Remote,5.74,7,2.41,70.9,5,20.5,8.43,5.79,7.06,7.0,12.6,14.1,0.4943,0
EMP03750,23,Female,Engineering,Senior Dev,4.23,79556,43.8,23.7,Full Remote,7.53,9,2.22,77.4,2,9.1,5.26,6.73,4.72,7.07,19.2,1.8,0.6692,0
EMP03751,30,Female,Operations,Analyst,5.89,101640,46.7,24.2,On-site,7.75,9,2.93,78.9,4,15.6,4.91,6.96,4.58,5.7,77.4,11.8,0.7544,1
EMP03752,37,Male,Engineering,Junior Dev,2.0,45781,38.9,24.9,Full Remote,7.11,5,3.52,63.3,4,17.8,8.62,4.55,7.7,6.18,57.5,3.4,0.4147,0
EMP03753,45,Female,HR,Senior Analyst,2.9,82137,40.5,3.2,Full Remote,6.0,4,3.12,82.8,5,6.5,8.42,2.78,4.2,5.57,27.2,6.2,0.3332,0
EMP03754,31,Male,Sales,Senior,2.31,40000,43.3,8.2,Hybrid,8.3,11,3.7,86.8,4,14.0,7.44,4.1,6.9,6.44,37.8,10.2,0.2471,0
EMP03755,29,Male,Engineering,Tech Lead,2.48,85908,49.5,10.3,Full Remote,6.27,11,3.59,54.7,6,3.0,6.04,6.68,5.64,3.55,37.6,31.4,0.6297,0
EMP03756,22,Male,HR,Senior Analyst,6.62,72312,35.0,18.9,Full Remote,7.8,6,4.3,78.5,4,15.4,7.36,5.45,5.26,5.72,9.2,6.1,0.4425,0
EMP03757,35,Male,Marketing,Manager,1.32,123416,45.6,14.0,Hybrid,6.82,8,3.39,64.1,4,10.9,5.85,3.61,4.65,5.62,2.9,4.9,0.3978,0
EMP03758,51,Female,Sales,Senior,0.7,40000,41.9,10.3,Hybrid,6.73,5,4.0,60.7,5,17.7,6.91,2.74,9.22,5.05,23.6,2.0,0.2046,0
EMP03759,37,Female,HR,Senior Analyst,1.83,109265,37.8,1.7,Hybrid,8.97,11,3.53,62.8,8,16.4,8.53,4.86,6.16,5.07,19.4,5.3,0.3013,0
EMP03760,34,Male,Marketing,Senior,0.7,40000,41.9,8.6,Hybrid,8.37,5,3.64,61.0,2,6.6,8.18,4.22,5.01,7.65,13.3,3.6,0.1665,0
EMP03761,37,Female,Sales,Senior,2.07,41819,35.0,2.0,Hybrid,7.46,7,3.64,74.5,2,20.7,4.09,3.09,6.53,3.21,0.6,10.6,0.3284,0
EMP03762,34,Female,Marketing,Senior,7.01,40000,38.9,5.5,Hybrid,5.64,9,2.68,32.2,5,10.2,5.74,6.24,6.02,2.97,8.6,2.4,0.657,0
EMP03763,28,Male,Finance,Manager,2.88,81258,36.2,2.0,Hybrid,9.03,7,3.43,72.8,5,5.7,5.17,3.2,6.81,5.23,4.9,12.7,0.2452,0
EMP03764,41,Male,Engineering,Junior Dev,5.8,45657,42.8,12.6,Full Remote,3.26,9,2.99,72.7,1,7.0,6.59,5.42,4.58,4.55,13.1,12.2,0.7096,1
EMP03765,36,Other,Marketing,Director,0.55,41291,35.0,15.5,Hybrid,5.44,5,2.83,26.7,3,14.7,6.65,2.62,6.67,4.99,84.0,9.7,0.3906,0
EMP03766,35,Female,Engineering,Junior Dev,6.93,80069,46.5,0.8,Hybrid,9.63,7,3.82,66.2,2,22.0,6.69,5.51,6.86,4.54,6.5,2.7,0.4918,0
EMP03767,27,Other,Engineering,Senior Dev,2.76,86294,52.3,10.7,Full Remote,8.37,7,3.89,51.3,4,10.0,5.86,3.07,7.79,4.64,1.1,4.2,0.4271,0
EMP03768,45,Male,Marketing,Associate,0.1,75996,44.1,8.3,Full Remote,7.93,5,3.0,81.3,8,14.9,7.63,5.59,7.55,5.45,0.9,3.4,0.3529,0
EMP03769,40,Female,Operations,Senior Analyst,3.01,70944,49.0,23.9,Full Remote,5.43,10,4.06,68.3,4,16.0,6.82,7.5,6.42,7.23,9.4,8.8,0.704,1
EMP03770,30,Male,Operations,Analyst,9.07,120722,40.9,12.4,Hybrid,8.92,8,3.14,70.9,4,16.4,5.84,7.21,7.94,6.76,0.3,9.2,0.3822,0
EMP03771,43,Male,Engineering,Tech Lead,0.25,78645,35.0,16.2,Hybrid,9.15,6,4.22,91.5,4,7.6,7.8,6.29,6.36,6.61,8.7,4.3,0.3692,0
EMP03772,31,Female,Sales,Manager,2.62,95142,45.0,23.1,Full Remote,6.53,5,5.0,35.6,6,20.3,7.47,5.15,8.86,7.65,20.4,8.4,0.4062,0
EMP03773,28,Male,HR,Senior Analyst,7.41,78573,50.4,16.7,On-site,7.07,8,3.88,68.9,3,15.9,6.49,2.57,5.07,4.82,18.7,18.6,0.3794,0
EMP03774,28,Male,Engineering,Senior Dev,0.1,47553,35.0,3.6,Hybrid,8.26,7,3.41,70.6,7,11.0,7.55,4.44,7.4,5.03,13.0,2.8,0.3087,0
EMP03775,22,Male,Operations,Manager,2.99,88747,41.3,3.8,On-site,4.3,8,2.95,70.6,10,6.4,8.93,2.81,4.75,5.7,9.5,10.1,0.4825,0
EMP03776,38,Male,Finance,Manager,1.93,58605,43.0,7.5,Hybrid,6.8,7,3.66,76.8,2,4.0,7.71,6.37,6.45,3.91,83.7,2.5,0.5433,0
EMP03777,22,Female,Customer Support,Senior Analyst,1.28,72725,67.8,2.2,Full Remote,7.57,9,2.72,60.1,2,11.2,6.03,3.78,7.17,5.59,1.0,9.0,0.568,0
EMP03778,25,Female,Engineering,Tech Lead,2.96,82635,46.8,8.9,On-site,8.2,10,3.31,93.1,2,17.2,6.29,6.64,4.91,3.79,14.6,13.7,0.4411,0
EMP03779,22,Male,Engineering,Senior Dev,0.16,40000,35.0,6.5,On-site,5.9,13,2.78,57.1,0,5.4,7.68,7.68,4.71,5.46,33.1,10.1,0.7648,1
EMP03780,34,Male,Operations,Senior Analyst,4.2,40000,35.0,7.2,Hybrid,5.07,12,4.17,65.8,2,10.9,5.09,6.46,4.79,5.3,12.8,9.6,0.5706,0
EMP03781,33,Male,Finance,Analyst,0.1,97736,50.8,28.4,Full Remote,6.8,5,3.08,81.1,9,8.5,6.5,2.99,5.27,6.0,14.3,6.3,0.408,0
EMP03782,32,Female,Operations,Senior Analyst,1.1,58406,64.9,25.2,Full Remote,8.94,10,3.47,73.4,6,4.6,6.78,2.5,8.77,4.26,8.2,8.6,0.5076,0
EMP03783,26,Male,Engineering,Junior Dev,2.1,59591,42.8,14.5,On-site,9.56,5,2.12,51.7,2,12.4,5.54,6.12,5.41,5.46,7.7,9.1,0.4797,0
EMP03784,25,Female,HR,Analyst,1.42,79160,42.3,1.4,Full Remote,7.89,11,3.23,69.7,2,17.6,6.49,5.78,4.97,4.37,7.8,2.5,0.3122,0
EMP03785,38,Male,Marketing,Senior,1.1,65358,48.4,2.4,Hybrid,8.1,8,3.2,57.8,5,12.4,7.35,2.45,8.8,5.96,35.4,2.5,0.113,0
EMP03786,30,Male,Engineering,Manager,5.33,85439,38.6,18.3,Hybrid,7.93,8,2.77,59.6,9,7.0,6.62,2.41,4.19,4.93,36.9,2.4,0.3705,0
EMP03787,37,Female,Marketing,Director,8.19,73721,35.0,8.0,Full Remote,5.9,5,3.26,80.7,7,18.2,8.61,2.3,5.12,3.69,19.1,10.4,0.3338,0
EMP03788,27,Female,HR,Senior Analyst,6.21,79965,53.3,3.7,Hybrid,7.67,9,1.51,80.9,3,5.9,8.65,4.43,6.5,4.69,22.0,9.1,0.4129,0
EMP03789,36,Male,Engineering,Senior Dev,2.22,57453,40.1,11.0,Hybrid,4.5,7,2.58,49.8,3,14.4,6.11,3.51,8.26,6.39,7.8,4.5,0.3516,0
EMP03790,45,Female,Sales,Associate,6.47,79839,53.4,0.7,Hybrid,4.14,10,2.16,68.2,3,7.6,4.24,1.69,5.47,7.38,19.8,5.8,0.5112,0
EMP03791,39,Female,HR,Senior Analyst,7.61,102627,38.9,15.5,Hybrid,7.38,7,4.11,79.0,8,12.9,8.56,7.31,7.09,7.41,1.9,13.9,0.3773,0
EMP03792,31,Female,Marketing,Associate,1.58,60806,46.0,7.9,On-site,6.06,9,3.48,64.5,3,21.0,6.06,5.34,6.6,4.96,15.8,2.6,0.4695,0
EMP03793,37,Female,Operations,Analyst,1.0,97882,51.8,2.2,Hybrid,8.05,6,1.44,62.9,5,5.1,7.2,4.15,6.69,7.52,27.2,1.0,0.4719,0
EMP03794,33,Female,Sales,Senior,0.31,73710,53.6,4.0,Hybrid,5.95,7,4.29,60.7,4,7.1,8.06,6.95,6.53,3.37,15.1,4.1,0.6799,0
EMP03795,35,Other,Sales,Associate,1.96,93362,46.9,0.5,Hybrid,6.09,7,3.84,57.0,1,10.3,7.84,3.76,4.99,4.53,60.8,5.4,0.3509,0
EMP03796,32,Male,Customer Support,Analyst,8.77,78219,46.5,13.2,Full Remote,8.13,5,3.41,62.2,5,10.2,6.71,4.77,8.94,4.16,47.3,6.0,0.3714,0
EMP03797,33,Female,Customer Support,Manager,2.47,74164,50.0,6.2,On-site,8.83,18,3.77,79.7,4,8.5,6.84,3.32,7.38,4.6,35.9,4.6,0.3416,0
EMP03798,36,Male,Engineering,Senior Dev,3.3,83743,48.7,5.2,Hybrid,5.74,4,3.4,61.1,2,13.5,6.93,2.23,5.09,5.34,8.0,3.1,0.4119,0
EMP03799,27,Male,Operations,Analyst,0.36,105339,35.0,5.1,Full Remote,4.78,6,3.22,54.0,6,15.1,5.25,6.68,2.03,5.51,28.7,11.4,0.5477,0
EMP03800,26,Male,Engineering,Junior Dev,0.46,80902,35.0,7.1,Hybrid,7.98,7,3.57,90.7,1,15.1,6.6,3.77,4.39,7.84,27.3,0.8,0.2611,0
EMP03801,23,Male,Engineering,Junior Dev,1.87,86963,35.0,21.3,Hybrid,8.6,6,3.55,61.5,4,16.5,8.65,6.51,5.59,4.59,18.9,8.4,0.4625,0
EMP03802,22,Female,Sales,Associate,9.06,65787,51.1,10.6,Full Remote,9.75,7,2.85,68.1,2,11.5,4.89,4.19,5.93,6.47,37.4,4.7,0.2547,0
EMP03803,25,Female,Sales,Manager,1.34,114272,41.8,2.0,On-site,9.31,8,4.1,61.0,0,18.8,3.8,5.48,6.69,5.85,6.3,2.0,0.1879,0
EMP03804,36,Female,Operations,Analyst,6.3,91008,51.6,11.4,Full Remote,8.09,8,2.86,72.6,2,12.5,5.18,5.51,6.15,3.46,7.2,1.9,0.5433,0
EMP03805,27,Male,Finance,Manager,0.38,76942,48.2,18.2,Hybrid,9.44,7,3.26,73.4,2,3.6,5.54,3.18,8.47,8.32,74.8,6.5,0.3124,0
EMP03806,39,Male,Customer Support,Analyst,2.88,71933,37.0,9.1,Hybrid,9.49,9,4.18,63.6,1,10.0,6.31,4.15,7.56,4.7,5.3,6.2,0.3023,0
EMP03807,35,Female,Finance,Senior Analyst,2.75,99447,44.0,2.0,Full Remote,5.71,11,4.37,77.9,3,10.3,5.17,6.94,6.52,8.58,79.0,6.3,0.3651,0
EMP03808,22,Male,Sales,Senior,5.9,59844,41.4,11.6,On-site,7.58,9,4.26,40.8,0,5.3,7.22,2.89,5.58,4.87,5.4,4.0,0.3882,0
EMP03809,40,Female,Finance,Senior Analyst,0.1,40000,40.1,5.3,Hybrid,9.76,4,2.14,77.0,5,15.8,6.79,2.49,5.31,4.3,13.1,13.8,0.2217,0
EMP03810,41,Female,Customer Support,Senior Analyst,0.63,76809,52.3,32.0,On-site,7.99,7,3.35,74.2,4,11.5,7.32,5.46,3.19,8.5,2.6,14.1,0.5511,0
EMP03811,27,Female,Finance,Manager,0.74,104750,65.1,4.9,Hybrid,7.15,6,2.57,78.8,5,0.7,7.9,3.33,6.84,5.53,11.6,0.4,0.4603,0
EMP03812,38,Female,Operations,Analyst,8.99,114782,53.9,1.2,On-site,9.35,10,2.66,76.7,4,1.1,7.04,6.96,6.87,7.51,2.0,1.8,0.3366,0
EMP03813,28,Female,Customer Support,Senior Analyst,0.5,72317,44.8,2.1,Full Remote,4.45,9,2.99,53.6,3,2.8,7.74,4.66,6.76,6.61,61.5,7.8,0.3748,0
EMP03814,35,Male,Engineering,Tech Lead,0.11,76089,55.1,10.5,Hybrid,7.37,6,3.27,76.7,4,12.2,7.86,4.98,4.66,5.23,8.4,12.8,0.4363,0
EMP03815,24,Female,Finance,Analyst,2.29,87988,58.7,11.0,On-site,7.79,3,3.06,60.1,5,15.2,7.53,4.62,4.9,7.15,3.2,6.7,0.4854,0
EMP03816,22,Male,Operations,Analyst,2.26,68391,35.0,9.5,Full Remote,8.78,11,1.39,63.5,3,13.4,5.25,6.33,6.93,5.19,15.3,6.0,0.5403,0
EMP03817,31,Male,Customer Support,Analyst,5.57,87910,54.8,2.1,Full Remote,7.62,9,3.7,79.5,5,12.8,7.15,5.6,6.11,3.95,39.0,1.4,0.3478,0
EMP03818,34,Male,Engineering,Senior Dev,8.92,72864,51.2,4.0,On-site,7.44,2,3.43,38.3,3,6.6,4.6,5.2,5.42,2.54,28.5,2.6,0.6344,0
EMP03819,31,Female,Marketing,Associate,2.32,100284,54.5,20.5,On-site,7.24,9,4.49,75.9,8,3.8,7.9,6.34,6.55,5.7,1.0,0.6,0.7578,1
EMP03820,25,Male,Finance,Analyst,7.98,93074,51.5,31.6,On-site,6.43,10,3.43,73.5,4,21.4,7.1,5.64,5.8,4.21,9.6,5.3,0.6555,0
EMP03821,31,Male,Engineering,Senior Dev,3.87,95255,43.2,9.3,Hybrid,4.26,12,1.99,78.7,7,12.2,7.2,4.92,7.23,6.09,4.9,8.7,0.4288,0
EMP03822,37,Male,HR,Senior Analyst,0.92,69867,61.3,10.3,Hybrid,7.77,11,2.41,68.0,2,12.5,4.54,2.42,6.9,6.14,0.1,14.4,0.4794,0
EMP03823,34,Female,Sales,Associate,7.91,123148,47.7,27.0,Full Remote,6.57,9,2.14,96.0,4,16.1,3.23,6.14,5.67,4.12,15.9,2.4,0.5671,0
EMP03824,36,Female,Sales,Associate,3.3,87097,41.5,2.1,Hybrid,4.53,10,3.28,56.5,1,13.6,8.3,1.62,6.98,7.61,15.3,4.0,0.3351,0
EMP03825,29,Female,Sales,Senior,1.6,81182,49.0,13.8,Hybrid,8.26,9,4.77,55.9,0,12.8,5.31,4.44,6.3,5.7,16.8,14.5,0.4186,0
EMP03826,44,Female,Marketing,Director,3.42,55976,52.8,18.2,Full Remote,7.25,7,3.9,73.7,4,15.1,5.41,5.17,7.28,3.72,17.7,22.9,0.4479,0
EMP03827,25,Male,Sales,Senior,1.54,72573,45.8,3.4,Hybrid,7.16,9,3.61,28.6,4,15.8,8.35,6.33,4.66,6.97,2.2,5.7,0.4124,0
EMP03828,38,Male,Marketing,Manager,0.36,77859,48.1,2.0,Hybrid,7.02,11,2.62,80.4,2,15.0,4.49,3.53,7.04,3.97,65.0,3.8,0.3878,0
EMP03829,44,Female,Sales,Senior,3.81,55308,45.7,1.1,Hybrid,6.42,14,3.84,84.7,6,5.6,8.02,3.68,3.04,5.9,1.2,8.0,0.3797,0
EMP03830,38,Male,Engineering,Junior Dev,5.21,67692,39.7,1.4,Hybrid,5.31,6,3.27,51.4,5,14.6,7.08,2.99,2.86,2.59,12.8,2.3,0.5255,0
EMP03831,33,Male,Engineering,Senior Dev,3.91,70854,38.4,17.4,On-site,8.05,10,3.71,73.9,9,14.0,4.3,3.14,4.95,3.63,70.1,1.6,0.5084,0
EMP03832,30,Male,Engineering,Tech Lead,0.78,76398,35.0,7.4,Hybrid,8.35,7,3.91,68.7,3,14.7,4.02,4.52,7.03,6.18,4.9,1.8,0.3118,0
EMP03833,43,Female,HR,Senior Analyst,9.41,40000,57.1,2.0,Hybrid,8.34,5,3.13,57.3,5,8.2,7.52,5.61,8.88,4.4,5.3,10.3,0.4466,0
EMP03834,23,Male,Operations,Manager,0.1,71618,43.2,5.1,Hybrid,8.17,9,3.73,45.8,5,7.6,8.19,2.88,6.78,6.6,58.5,7.2,0.3233,0
EMP03835,27,Female,Engineering,Manager,1.21,65566,35.0,6.0,Full Remote,7.59,6,4.98,79.8,3,5.4,6.46,7.38,5.63,6.46,43.1,2.6,0.393,0
EMP03836,31,Male,Engineering,Junior Dev,0.9,74477,48.2,15.9,Hybrid,5.0,7,4.51,64.8,6,12.7,5.35,5.79,8.17,5.72,78.4,4.6,0.438,0
EMP03837,44,Female,Finance,Analyst,0.15,100881,48.0,3.2,Hybrid,8.99,11,4.23,81.6,2,9.7,8.34,8.64,7.33,3.89,6.5,4.5,0.5224,0
EMP03838,38,Male,Sales,Associate,1.56,126309,35.0,6.6,Hybrid,7.83,4,5.0,84.3,4,12.9,7.25,4.9,5.35,4.87,61.5,4.7,0.3892,0
EMP03839,27,Male,Customer Support,Analyst,2.93,91959,38.3,7.9,On-site,8.54,8,5.0,66.4,1,13.2,6.86,4.45,6.2,6.72,28.9,7.7,0.3438,0
EMP03840,32,Male,Finance,Analyst,6.43,44139,38.0,10.4,Hybrid,7.75,8,4.72,79.9,3,13.9,5.96,5.39,6.83,5.9,11.3,2.9,0.3095,0
EMP03841,30,Female,Sales,Manager,13.72,66364,39.1,6.3,Full Remote,6.5,8,2.67,79.0,4,12.6,8.31,3.4,6.34,8.93,103.4,14.0,0.3697,0
EMP03842,29,Male,Sales,Associate,4.95,89899,54.7,4.2,Hybrid,7.02,10,2.55,82.0,3,10.7,8.21,5.0,2.75,5.83,36.8,14.8,0.5982,0
EMP03843,42,Female,Marketing,Associate,1.9,87082,43.8,16.8,On-site,6.59,8,2.49,54.9,4,9.7,2.46,5.68,7.38,5.96,48.7,18.4,0.5891,0
EMP03844,24,Female,Engineering,Junior Dev,3.86,99683,41.6,6.8,Hybrid,9.22,6,4.18,67.4,3,13.8,7.27,3.31,7.11,4.03,36.9,7.7,0.2971,0
EMP03845,47,Female,Engineering,Manager,5.57,72566,54.0,12.1,On-site,8.49,6,4.1,84.0,6,11.2,7.81,2.05,6.85,4.84,2.9,7.6,0.3034,0
EMP03846,41,Male,Engineering,Senior Dev,1.88,65912,49.0,11.4,Hybrid,4.78,8,3.86,87.4,7,6.0,5.65,5.19,6.23,4.67,10.2,3.0,0.2739,0
EMP03847,43,Male,Operations,Manager,4.61,118810,35.0,3.0,Full Remote,5.13,7,2.65,78.9,4,22.7,7.75,4.38,5.5,6.11,3.2,6.6,0.5568,0
EMP03848,31,Male,Marketing,Director,1.98,76466,40.1,13.9,Full Remote,8.95,9,4.27,86.3,1,11.9,8.14,2.64,4.45,5.57,25.1,11.6,0.3503,0
EMP03849,33,Female,Engineering,Senior Dev,1.47,49583,47.6,5.1,Hybrid,6.25,15,3.26,74.4,4,5.7,6.38,7.73,4.85,7.7,44.1,3.6,0.4677,0
EMP03850,23,Female,Finance,Analyst,2.24,111878,37.5,2.3,Full Remote,6.34,5,3.33,55.6,5,5.6,2.67,5.57,7.45,7.76,25.7,3.1,0.4241,0
EMP03851,30,Female,Sales,Associate,3.38,40000,61.2,13.1,Hybrid,8.69,9,4.07,79.2,0,5.7,3.9,7.27,5.91,5.53,4.4,7.1,0.5067,0
EMP03852,38,Female,Marketing,Associate,3.89,40000,45.9,13.8,On-site,8.21,12,3.37,83.2,4,6.5,6.52,6.91,3.95,6.19,31.0,3.7,0.5784,0
EMP03853,45,Male,Engineering,Tech Lead,1.32,94234,39.0,56.2,Hybrid,3.88,11,3.43,69.6,5,16.6,4.39,6.65,8.47,7.15,65.4,6.2,0.6445,0
EMP03854,26,Male,Marketing,Associate,2.54,97767,36.0,5.7,Hybrid,5.64,13,2.36,79.1,3,17.7,6.19,8.37,6.49,4.68,14.8,4.8,0.577,0
EMP03855,32,Female,Customer Support,Analyst,7.22,85350,52.4,10.7,Hybrid,8.29,10,2.29,69.3,5,11.4,6.14,3.82,5.44,3.94,22.0,6.3,0.5496,0
EMP03856,33,Male,Engineering,Senior Dev,11.23,42438,39.8,4.9,Full Remote,8.78,7,4.32,70.2,7,14.6,5.94,5.05,4.0,6.2,21.9,2.5,0.5176,0
EMP03857,23,Male,Sales,Senior,0.77,73528,48.0,21.9,Hybrid,7.08,9,3.76,74.0,4,14.4,5.04,6.35,6.55,4.61,2.4,8.4,0.574,0
EMP03858,39,Female,Engineering,Senior Dev,0.64,68045,35.8,1.1,Hybrid,8.47,12,2.76,61.8,3,10.1,6.47,2.78,6.25,7.67,22.1,4.2,0.3723,0
EMP03859,29,Male,Engineering,Senior Dev,3.39,61567,45.6,9.0,Hybrid,6.86,2,3.78,76.1,1,19.2,7.48,3.25,4.57,5.3,20.8,5.0,0.4042,0
EMP03860,33,Female,Sales,Manager,1.61,110301,39.9,10.7,Full Remote,9.32,8,3.52,67.7,3,5.8,6.06,3.8,6.3,4.76,1.4,1.8,0.287,0
EMP03861,31,Female,Operations,Senior Analyst,0.1,48833,42.5,12.2,On-site,6.89,6,2.52,74.0,5,14.3,7.37,3.58,6.33,4.56,23.8,4.0,0.3337,0
EMP03862,28,Female,Customer Support,Analyst,1.28,82902,38.6,7.5,Hybrid,7.31,12,3.41,80.1,5,15.2,6.25,6.05,4.16,5.89,35.3,7.7,0.4207,0
EMP03863,34,Male,Engineering,Tech Lead,4.93,104851,53.2,2.8,Full Remote,7.56,6,3.72,70.5,5,8.4,6.45,6.36,5.94,4.89,35.1,3.1,0.3973,0
EMP03864,33,Male,Marketing,Director,4.79,84536,41.1,6.0,On-site,9.78,5,2.15,88.2,6,18.0,8.1,7.44,5.13,7.1,2.0,15.9,0.5699,0
EMP03865,32,Female,HR,Analyst,2.05,106027,43.9,10.6,On-site,7.96,5,4.21,76.2,3,6.9,6.5,5.47,5.99,2.88,1.8,1.0,0.5061,0
EMP03866,29,Male,Marketing,Senior,1.92,89092,44.2,1.2,Hybrid,8.52,6,3.67,47.3,2,12.9,6.27,5.87,7.04,2.75,5.3,3.4,0.507,0
EMP03867,37,Male,Sales,Senior,2.6,85733,57.9,8.1,Hybrid,6.92,6,4.86,84.3,4,11.2,4.37,3.28,9.22,4.19,33.9,3.9,0.4324,0
EMP03868,48,Male,Engineering,Junior Dev,0.74,84170,52.1,22.6,On-site,8.32,12,4.52,77.1,1,5.8,5.26,4.9,8.03,8.99,36.3,4.5,0.4109,0
EMP03869,36,Male,Marketing,Manager,2.24,90336,51.3,27.5,On-site,7.58,6,4.79,75.0,6,16.6,5.35,3.49,8.02,3.87,27.6,2.8,0.4229,0
EMP03870,42,Male,Sales,Associate,0.1,65361,35.0,10.6,Hybrid,7.01,11,2.94,74.3,4,13.0,3.79,3.6,6.4,5.06,7.3,9.5,0.3732,0
EMP03871,23,Female,Operations,Senior Analyst,1.94,42453,39.7,6.2,Hybrid,7.94,5,3.97,64.2,6,16.7,7.0,3.23,9.2,5.82,13.2,3.8,0.3367,0
EMP03872,36,Male,Operations,Senior Analyst,1.23,98851,54.5,9.8,Full Remote,6.9,9,3.56,86.6,4,4.1,8.67,3.99,3.61,7.5,29.6,2.8,0.4175,0
EMP03873,26,Male,Engineering,Senior Dev,3.37,104043,35.6,13.9,Full Remote,8.31,7,4.74,67.8,2,10.4,9.18,1.82,6.92,7.17,27.6,4.0,0.1218,0
EMP03874,23,Female,Engineering,Junior Dev,3.05,81299,45.7,4.9,Full Remote,8.79,5,4.6,74.3,4,10.1,7.69,4.13,5.25,6.83,0.6,1.1,0.389,0
EMP03875,29,Other,Customer Support,Analyst,1.44,61290,36.5,4.7,Full Remote,7.96,6,4.85,60.9,2,14.0,8.14,3.32,6.37,5.27,18.4,1.6,0.4834,0
EMP03876,44,Male,Marketing,Associate,0.1,40000,37.3,2.1,Hybrid,8.07,7,3.31,70.8,7,10.2,8.17,6.15,6.29,3.43,1.0,2.0,0.3479,0
EMP03877,42,Male,Operations,Analyst,0.87,77145,58.4,11.9,Full Remote,5.84,5,2.52,78.0,4,4.4,5.09,5.37,5.37,5.21,26.3,3.4,0.5887,0
EMP03878,36,Female,Engineering,Senior Dev,3.01,41276,50.8,11.6,On-site,8.99,7,2.78,54.2,5,10.3,7.27,3.85,3.96,6.24,28.6,4.8,0.3404,0
EMP03879,22,Female,Marketing,Manager,0.23,40000,52.9,27.8,Hybrid,7.52,7,3.83,59.4,5,16.0,6.72,6.58,4.92,6.93,1.2,6.3,0.6258,0
EMP03880,33,Female,Marketing,Senior,0.34,74481,51.3,13.5,Hybrid,7.11,8,2.52,65.4,4,14.1,5.86,3.79,5.26,4.52,27.3,5.9,0.5482,0
EMP03881,37,Female,Operations,Senior Analyst,3.12,55905,43.9,8.2,Full Remote,6.33,6,3.67,78.6,3,16.2,7.88,5.49,5.53,6.41,9.6,5.6,0.4895,0
EMP03882,36,Male,Engineering,Senior Dev,4.23,83632,39.5,11.1,Hybrid,9.3,5,3.34,70.0,0,4.3,5.73,8.47,5.55,3.37,15.1,27.2,0.4816,0
EMP03883,22,Female,Engineering,Tech Lead,1.16,71017,41.8,21.7,Full Remote,8.77,8,1.67,46.5,7,7.9,6.13,3.43,6.85,8.2,1.2,2.8,0.3263,0
EMP03884,27,Male,Sales,Director,2.02,59834,43.5,8.0,Hybrid,5.74,10,3.71,72.1,6,6.9,5.09,5.38,7.34,5.99,5.8,6.9,0.4944,0
EMP03885,34,Female,Operations,Analyst,8.74,40000,59.2,12.1,Hybrid,9.23,3,4.04,69.9,5,8.8,6.04,7.08,8.61,5.83,33.9,4.9,0.4945,0
EMP03886,39,Female,Customer Support,Manager,8.73,53677,35.0,12.4,Hybrid,5.02,3,4.46,76.9,1,19.4,8.94,5.85,5.77,6.02,31.3,2.8,0.4759,0
EMP03887,22,Other,Customer Support,Senior Analyst,1.1,54596,40.6,33.0,Hybrid,4.12,7,3.06,85.4,3,8.9,8.36,3.99,6.94,4.04,14.9,23.0,0.5533,0
EMP03888,33,Male,Customer Support,Manager,4.98,44367,37.7,1.2,Hybrid,3.76,8,2.66,68.8,5,7.0,4.11,8.05,4.37,6.02,17.4,3.9,0.7263,1
EMP03889,36,Male,Engineering,Senior Dev,2.7,66773,53.5,13.0,On-site,8.17,11,3.19,95.3,3,9.3,7.91,2.73,7.2,6.26,1.3,2.9,0.1789,0
EMP03890,41,Female,Engineering,Senior Dev,11.13,46318,59.8,12.8,Full Remote,9.5,4,2.54,38.7,8,6.4,7.22,6.86,3.34,6.02,57.2,12.3,0.4978,0
EMP03891,40,Female,Engineering,Junior Dev,1.95,70906,47.5,12.5,On-site,8.38,8,3.94,59.7,3,3.7,7.61,5.0,7.92,6.7,14.9,3.5,0.257,0
EMP03892,39,Female,Sales,Associate,4.47,81010,48.1,6.7,Hybrid,6.89,5,3.59,66.5,3,12.8,6.61,5.49,5.42,6.4,49.5,3.2,0.513,0
EMP03893,28,Male,Operations,Senior Analyst,4.38,54345,45.7,6.0,Hybrid,7.42,2,2.54,55.2,5,14.9,4.96,5.61,3.37,6.25,40.7,1.3,0.4929,0
EMP03894,22,Male,Operations,Manager,2.06,85635,48.5,9.6,Hybrid,7.55,8,3.16,67.8,2,10.1,6.36,3.06,3.48,5.25,110.7,16.6,0.5544,0
EMP03895,31,Female,Engineering,Tech Lead,4.76,40966,51.2,12.2,Hybrid,7.36,6,4.75,90.9,9,17.0,7.52,2.94,5.35,5.85,3.9,3.9,0.5837,0
EMP03896,43,Male,HR,Analyst,0.91,47195,48.4,1.7,On-site,9.56,6,3.45,87.1,5,5.0,8.55,5.63,7.81,4.02,16.3,0.8,0.3146,0
EMP03897,46,Female,Customer Support,Manager,0.39,72169,49.0,16.3,Full Remote,9.27,7,2.92,57.1,7,7.8,6.55,5.74,5.57,7.51,1.9,7.4,0.4427,0
EMP03898,40,Male,Marketing,Manager,1.66,92176,51.2,13.0,Hybrid,6.01,14,3.08,80.1,4,9.5,6.55,3.35,6.5,6.11,3.8,1.6,0.3864,0
EMP03899,38,Female,Engineering,Junior Dev,8.63,96684,35.0,13.4,Full Remote,6.15,8,3.64,58.8,5,17.4,8.09,5.69,3.62,5.68,27.2,10.1,0.6696,0
EMP03900,38,Female,Marketing,Associate,2.08,115309,45.0,17.1,Full Remote,7.64,8,4.96,75.8,4,11.1,5.27,1.21,7.02,8.07,8.6,12.0,0.3971,0
EMP03901,30,Female,Sales,Associate,3.03,65585,47.4,5.6,Hybrid,5.85,9,2.66,67.6,5,17.7,7.85,5.76,7.68,5.49,19.0,6.1,0.5297,0
EMP03902,33,Male,HR,Manager,2.94,71812,48.3,9.3,Full Remote,9.5,6,4.64,71.3,3,7.7,3.55,6.04,7.44,3.22,23.3,5.5,0.5582,0
EMP03903,48,Female,Sales,Manager,0.43,49183,43.6,9.1,On-site,7.61,7,3.25,86.7,2,1.6,8.17,4.83,5.91,7.11,19.8,5.5,0.4085,0
EMP03904,27,Male,Engineering,Junior Dev,1.48,43655,46.3,4.5,Hybrid,9.78,9,4.53,83.5,4,7.2,7.2,3.98,3.91,8.4,39.5,1.8,0.3453,0
EMP03905,47,Female,Customer Support,Analyst,3.68,80714,39.2,8.7,Hybrid,3.15,8,2.58,66.3,6,13.8,6.82,2.85,6.14,3.88,15.8,3.8,0.5356,0
EMP03906,32,Male,Marketing,Manager,10.73,55603,35.0,12.4,Full Remote,8.41,8,4.74,52.7,3,8.8,8.66,6.34,4.58,7.67,34.4,1.4,0.4893,0
EMP03907,45,Male,Marketing,Director,0.55,105809,52.9,15.1,Full Remote,8.52,6,4.92,90.9,5,9.5,7.38,3.94,9.03,6.5,7.0,5.8,0.3239,0
EMP03908,23,Male,Customer Support,Senior Analyst,1.59,40000,35.9,15.6,On-site,7.72,5,4.99,84.0,5,5.9,7.24,5.88,7.36,6.54,47.1,2.4,0.4438,0
EMP03909,39,Male,Engineering,Senior Dev,0.3,87158,43.7,19.7,Hybrid,9.58,9,3.5,57.4,4,10.7,7.77,6.96,8.16,7.03,112.2,4.2,0.4196,0
EMP03910,29,Other,Engineering,Junior Dev,0.83,49856,39.0,3.5,Full Remote,7.04,13,3.5,52.7,3,23.5,6.42,8.12,5.69,6.28,15.8,0.0,0.5601,0
EMP03911,23,Male,Operations,Senior Analyst,1.42,54488,57.7,4.9,Full Remote,7.19,7,2.91,63.9,4,3.4,5.85,5.47,8.14,4.06,22.9,4.5,0.5361,0
EMP03912,36,Female,Sales,Associate,2.33,88477,44.4,8.0,Full Remote,5.26,3,2.72,79.7,2,10.4,4.87,2.97,6.33,4.64,11.4,3.8,0.4255,0
EMP03913,43,Other,Operations,Manager,0.79,58102,42.5,15.9,Full Remote,7.19,9,4.22,79.8,4,11.7,5.8,6.28,4.69,5.31,1.5,2.1,0.5107,0
EMP03914,28,Male,Sales,Senior,0.77,62105,51.0,32.3,On-site,9.13,14,3.51,51.1,5,8.4,7.37,7.48,5.89,2.54,2.9,1.6,0.5757,0
EMP03915,23,Female,Engineering,Tech Lead,4.51,54696,62.3,2.4,Hybrid,6.08,10,3.88,59.8,3,2.1,5.21,6.43,5.53,4.05,33.9,8.4,0.6537,0
EMP03916,34,Male,Marketing,Senior,9.86,119625,48.2,5.2,Hybrid,7.57,5,3.84,74.4,8,15.8,4.27,3.84,6.86,6.18,28.3,9.6,0.2742,0
EMP03917,34,Male,Engineering,Tech Lead,1.17,59562,42.0,9.0,On-site,6.34,6,2.47,66.8,8,8.8,7.01,4.23,7.23,7.46,33.1,2.9,0.4349,0
EMP03918,39,Male,Operations,Analyst,3.49,76288,50.6,6.5,Full Remote,9.27,8,2.53,71.7,0,8.9,6.66,6.15,5.96,4.37,16.7,8.4,0.531,0
EMP03919,42,Female,HR,Analyst,0.9,69952,35.0,7.1,Hybrid,8.32,7,4.13,33.2,4,15.0,5.1,7.07,8.39,3.91,46.4,2.1,0.3504,0
EMP03920,34,Male,Customer Support,Senior Analyst,7.89,80535,45.4,25.9,Hybrid,6.67,7,3.85,58.5,2,8.1,5.83,3.5,4.18,4.96,32.4,13.0,0.4917,0
EMP03921,49,Female,Operations,Analyst,3.35,59631,61.0,3.7,Full Remote,8.12,7,3.4,74.9,4,11.1,8.15,3.72,6.17,6.02,50.7,4.2,0.3773,0
EMP03922,36,Female,Engineering,Manager,4.87,69979,46.3,18.9,Hybrid,8.57,8,3.82,78.3,4,13.4,5.37,4.49,6.26,3.42,32.7,35.9,0.53,0
EMP03923,32,Female,Operations,Senior Analyst,0.15,84848,45.9,6.4,Hybrid,8.71,10,4.66,78.8,3,18.9,5.61,6.91,4.47,7.93,20.6,9.2,0.6451,0
EMP03924,22,Male,HR,Senior Analyst,2.74,53424,45.2,1.1,Hybrid,9.46,7,4.24,88.3,5,12.1,6.37,4.87,8.58,5.0,16.1,1.7,0.2854,0
EMP03925,32,Female,Finance,Manager,2.25,102233,41.8,16.5,Hybrid,7.53,4,3.71,44.6,1,14.5,5.99,5.24,4.59,2.2,69.9,24.4,0.3948,0
EMP03926,32,Female,Operations,Manager,1.04,104637,47.5,27.7,Hybrid,8.88,9,3.86,85.0,8,0.7,5.46,5.65,8.48,3.95,10.9,9.3,0.4906,0
EMP03927,42,Female,HR,Senior Analyst,0.91,90162,51.2,3.6,Hybrid,7.33,7,4.68,58.8,3,17.8,4.46,6.36,7.16,2.39,4.2,3.1,0.4579,0
EMP03928,38,Female,Marketing,Director,2.6,76746,42.3,2.7,Full Remote,7.79,7,3.17,90.4,8,9.0,7.45,7.37,6.74,3.12,14.0,1.1,0.5783,0
EMP03929,25,Female,HR,Analyst,3.68,40000,35.0,3.0,Full Remote,8.47,11,3.68,94.4,3,17.9,7.28,6.05,3.26,6.99,17.2,9.8,0.3559,0
EMP03930,36,Male,Sales,Associate,0.1,85607,48.7,1.8,Hybrid,8.81,6,3.48,54.8,5,12.0,6.92,7.36,5.09,7.18,38.6,3.1,0.3804,0
EMP03931,40,Male,Engineering,Senior Dev,2.51,65216,62.1,16.3,Full Remote,7.45,10,2.99,81.4,6,11.5,8.43,4.33,7.3,6.26,39.4,2.8,0.2933,0
EMP03932,47,Male,HR,Analyst,0.56,68843,42.0,1.6,On-site,7.23,11,3.34,89.2,3,9.4,5.08,5.71,8.7,5.97,1.7,3.5,0.2831,0
EMP03933,42,Male,Engineering,Senior Dev,0.45,40000,35.0,9.4,On-site,6.28,6,2.69,68.3,2,11.2,7.97,4.86,7.13,6.94,11.1,5.3,0.3116,0
EMP03934,41,Male,Engineering,Senior Dev,2.93,87339,50.4,2.7,Full Remote,6.99,11,4.35,52.3,2,14.7,5.34,4.89,6.23,2.57,7.4,8.3,0.5935,0
EMP03935,35,Male,Engineering,Senior Dev,1.12,40000,59.0,8.0,On-site,7.43,7,3.15,77.7,3,11.1,8.53,7.42,7.22,6.71,62.3,3.4,0.4413,0
EMP03936,38,Male,HR,Manager,1.74,77960,49.2,5.3,Hybrid,8.32,11,3.67,86.2,2,11.5,7.89,5.44,6.16,7.85,66.3,3.7,0.4778,0
EMP03937,44,Other,Sales,Senior,1.34,97616,58.8,7.2,Full Remote,8.69,8,4.34,41.5,4,12.3,8.3,2.75,2.21,5.28,16.3,0.4,0.3593,0
EMP03938,24,Male,Operations,Manager,3.14,63266,51.3,6.7,Hybrid,8.11,8,4.6,78.1,6,6.9,5.89,3.39,4.91,5.93,34.7,4.2,0.3678,0
EMP03939,32,Female,Sales,Manager,1.91,105401,50.7,14.3,Hybrid,9.12,7,3.55,68.0,2,11.5,6.37,8.57,6.07,6.55,15.0,2.8,0.7154,1
EMP03940,28,Female,Marketing,Associate,9.93,56325,40.9,6.4,Full Remote,9.05,8,3.42,45.6,7,14.2,7.69,7.52,7.17,6.64,0.9,8.6,0.5031,0
EMP03941,38,Female,Sales,Associate,1.3,90010,47.3,4.3,Full Remote,8.58,6,4.06,63.4,3,5.8,4.64,7.38,3.35,6.77,18.6,5.7,0.5318,0
EMP03942,44,Female,Finance,Analyst,4.04,42380,44.8,12.1,Full Remote,8.31,5,3.83,80.7,4,7.5,4.47,2.98,6.96,6.11,17.0,5.9,0.3484,0
EMP03943,30,Male,Sales,Manager,0.89,100778,44.5,7.5,Full Remote,6.76,6,2.58,44.7,4,12.8,7.44,5.11,8.9,8.05,13.3,4.7,0.2116,0
EMP03944,22,Male,Customer Support,Analyst,2.13,96899,43.0,9.3,Full Remote,4.4,8,4.82,63.7,4,17.1,6.12,3.75,3.79,7.34,10.2,3.4,0.4436,0
EMP03945,31,Male,Customer Support,Analyst,2.41,86708,46.8,5.7,Hybrid,9.0,3,3.69,59.5,4,1.5,8.22,3.77,4.08,5.6,8.3,2.8,0.3652,0
EMP03946,42,Male,Operations,Manager,1.2,65167,35.0,6.5,Full Remote,8.04,7,4.15,89.3,3,20.0,8.8,6.37,5.83,4.22,24.4,2.0,0.3307,0
EMP03947,39,Female,Customer Support,Senior Analyst,1.91,40000,51.5,11.1,Full Remote,8.62,7,3.78,65.5,5,22.7,4.83,7.43,7.49,3.58,22.0,0.7,0.4237,0
EMP03948,38,Female,Sales,Associate,0.98,65233,38.0,27.3,Full Remote,7.61,9,3.91,67.7,3,18.0,5.97,6.9,4.62,7.08,19.1,1.0,0.4854,0
EMP03949,32,Male,Marketing,Associate,0.1,102757,43.0,15.3,On-site,7.16,7,3.37,37.8,3,8.4,5.11,5.49,6.83,4.9,0.5,4.1,0.4915,0
EMP03950,24,Male,Finance,Manager,0.73,78249,47.6,15.4,Hybrid,4.24,9,4.06,77.3,4,17.8,5.96,7.11,7.35,2.71,4.2,4.7,0.6049,0
EMP03951,39,Male,Finance,Manager,3.61,40000,37.6,1.3,Hybrid,6.73,12,4.04,65.7,3,11.8,6.52,4.77,4.16,5.48,26.7,3.9,0.4731,0
EMP03952,28,Male,Operations,Analyst,4.42,46881,35.0,3.2,Hybrid,9.12,4,4.18,67.0,3,10.9,8.33,2.96,7.56,6.61,16.7,2.7,0.2376,0
EMP03953,52,Female,Finance,Analyst,0.99,106328,41.9,1.1,On-site,6.79,7,2.41,67.9,4,10.3,7.93,5.04,5.34,3.32,53.0,3.8,0.3331,0
EMP03954,39,Male,Customer Support,Manager,1.57,87197,35.0,1.7,Hybrid,2.92,3,2.53,65.7,1,11.3,8.33,5.18,3.03,1.59,14.6,2.3,0.5409,0
EMP03955,30,Female,Sales,Manager,0.11,44149,50.7,3.4,Full Remote,9.45,8,3.6,69.8,3,10.6,6.11,3.99,6.49,4.7,71.8,8.5,0.1722,0
EMP03956,30,Male,Operations,Manager,0.81,40000,35.8,1.4,Full Remote,5.29,10,3.18,72.2,7,10.3,6.44,4.69,4.0,5.28,18.7,15.3,0.5018,0
EMP03957,34,Male,Finance,Senior Analyst,4.53,59373,56.9,15.3,Full Remote,7.18,5,4.49,94.2,4,17.9,6.42,4.94,5.04,2.15,11.9,27.6,0.4591,0
EMP03958,33,Female,Finance,Manager,2.79,40000,45.0,7.5,Hybrid,5.85,8,2.8,70.1,5,15.2,6.88,2.34,6.85,1.96,31.0,9.1,0.522,0
EMP03959,43,Female,Sales,Associate,0.69,71104,45.5,15.3,Full Remote,5.06,7,4.21,88.6,7,13.8,6.68,3.72,6.13,2.8,20.5,1.5,0.4976,0
EMP03960,36,Other,Operations,Analyst,0.89,136290,35.0,9.7,Full Remote,6.27,6,2.17,59.7,4,9.6,6.98,3.1,2.83,5.79,16.0,3.1,0.1799,0
EMP03961,29,Female,Customer Support,Senior Analyst,5.09,40000,46.2,12.9,Hybrid,5.04,16,2.29,50.6,2,13.6,7.55,5.99,6.51,4.1,8.5,12.5,0.4605,0
EMP03962,50,Male,Engineering,Senior Dev,0.7,70349,44.4,16.1,Hybrid,7.52,11,3.48,63.2,0,6.8,5.67,3.3,4.87,6.11,26.6,3.1,0.6202,0
EMP03963,35,Male,HR,Manager,1.22,107798,35.0,12.5,Hybrid,6.33,8,3.78,68.0,2,18.8,6.5,5.8,7.28,5.21,11.1,1.0,0.4687,0
EMP03964,41,Female,Sales,Associate,3.28,93727,45.7,1.7,Hybrid,5.86,2,4.02,50.9,6,16.7,6.91,4.75,8.55,8.76,15.8,11.0,0.2393,0
EMP03965,30,Female,Customer Support,Manager,2.47,71281,41.8,7.8,On-site,6.53,10,4.28,72.4,1,15.4,8.63,4.38,4.17,5.43,115.8,3.6,0.33,0
EMP03966,37,Female,Marketing,Associate,1.85,71341,43.3,2.3,On-site,7.21,6,3.76,35.5,1,3.6,7.12,5.48,5.96,7.95,8.8,16.9,0.4622,0
EMP03967,37,Male,Engineering,Senior Dev,6.9,46102,45.2,1.5,On-site,8.93,16,3.43,78.1,2,10.4,8.48,5.51,7.43,7.38,20.8,2.2,0.3183,0
EMP03968,22,Other,Sales,Associate,0.74,68308,41.2,18.3,On-site,7.56,5,2.86,56.8,5,10.5,5.29,7.18,6.35,5.9,8.1,5.2,0.3683,0
EMP03969,51,Male,Finance,Senior Analyst,4.06,81086,47.0,11.4,Full Remote,9.35,9,2.08,58.0,2,12.0,5.43,2.96,5.91,6.31,11.9,7.5,0.4163,0
EMP03970,45,Female,Engineering,Tech Lead,0.52,102627,44.3,7.1,On-site,6.53,12,4.05,73.0,3,13.9,8.62,1.98,7.58,4.55,5.4,10.9,0.3044,0
EMP03971,31,Female,HR,Analyst,2.87,59495,48.8,14.7,Full Remote,6.69,8,2.79,50.6,5,4.5,6.85,2.94,5.67,8.53,40.7,3.9,0.3326,0
EMP03972,26,Male,Customer Support,Analyst,6.14,70254,40.8,47.7,Hybrid,7.04,7,3.62,64.5,3,16.8,6.68,2.04,8.24,5.55,9.3,5.4,0.4373,0
EMP03973,37,Female,Operations,Senior Analyst,1.84,51269,36.5,2.8,Hybrid,6.89,5,4.19,61.3,3,16.0,6.78,5.54,6.83,5.02,13.9,17.5,0.4111,0
EMP03974,35,Male,Engineering,Tech Lead,3.87,80633,39.3,17.1,Full Remote,4.55,12,5.0,69.1,4,19.3,7.45,2.71,5.77,2.22,31.4,0.9,0.5141,0
EMP03975,37,Other,Customer Support,Analyst,5.15,94594,56.5,6.9,On-site,9.08,7,3.44,89.8,8,8.8,8.04,4.91,5.02,7.54,14.3,20.8,0.5954,0
EMP03976,36,Male,Finance,Analyst,0.44,90741,52.6,7.0,Full Remote,8.55,5,2.61,91.5,3,14.0,7.95,6.43,4.26,3.76,19.3,2.0,0.3952,0
EMP03977,39,Female,Engineering,Junior Dev,3.67,45745,54.7,5.4,On-site,7.8,11,3.62,89.8,2,18.1,7.57,6.4,3.24,4.33,4.9,10.1,0.5523,0
EMP03978,46,Male,Engineering,Manager,7.57,78671,55.3,6.1,Hybrid,6.28,7,2.04,52.2,5,9.0,7.66,2.91,4.12,4.84,17.8,3.1,0.6063,0
EMP03979,39,Female,Engineering,Senior Dev,2.58,58067,41.3,9.4,Full Remote,8.14,4,3.37,74.9,5,9.8,5.51,1.55,9.16,5.5,19.9,5.7,0.2159,0
EMP03980,26,Female,Operations,Analyst,0.62,100276,47.4,21.5,Hybrid,8.42,6,3.52,74.9,7,3.7,2.91,6.11,4.07,7.24,5.5,14.5,0.5176,0
EMP03981,45,Male,Engineering,Tech Lead,0.41,70967,45.6,15.4,Full Remote,8.24,8,3.62,94.8,4,7.5,6.44,2.87,6.55,5.63,5.5,7.3,0.3306,0
EMP03982,48,Male,Engineering,Senior Dev,0.9,40000,50.3,15.9,On-site,6.71,10,4.47,66.1,7,0.0,7.93,8.06,6.0,5.85,32.9,1.3,0.6593,0
EMP03983,60,Female,Operations,Analyst,0.33,69504,42.7,2.3,On-site,6.52,10,4.07,76.8,1,8.6,8.77,6.5,4.62,5.95,6.9,6.2,0.4454,0
EMP03984,26,Male,HR,Manager,2.16,86461,45.7,5.6,Hybrid,7.37,8,2.95,82.7,5,12.6,6.88,6.31,5.65,4.9,20.2,11.8,0.4165,0
EMP03985,36,Female,Operations,Senior Analyst,0.22,81100,45.6,8.6,On-site,9.1,8,4.58,92.7,4,5.4,7.61,6.79,3.14,6.54,11.9,3.1,0.6845,0
EMP03986,22,Male,Finance,Senior Analyst,0.76,62205,49.3,17.5,Full Remote,7.34,8,4.52,71.6,5,16.2,6.2,1.84,7.93,2.44,59.5,7.6,0.4581,0
EMP03987,39,Female,Engineering,Senior Dev,1.74,60368,50.2,18.1,Hybrid,8.5,4,2.82,76.3,3,10.3,8.44,6.12,8.43,6.25,2.5,2.6,0.4471,0
EMP03988,30,Male,Operations,Manager,1.93,50312,45.7,2.9,Full Remote,8.76,3,2.18,41.9,5,11.7,8.21,6.85,6.58,7.89,6.2,9.2,0.4015,0
EMP03989,50,Male,Engineering,Junior Dev,2.5,65131,46.0,3.6,Hybrid,6.64,6,1.73,57.7,2,17.4,5.21,5.44,5.0,4.38,10.3,4.9,0.4397,0
EMP03990,28,Male,Marketing,Associate,3.67,53608,46.8,3.9,Full Remote,6.6,9,3.99,71.7,4,13.7,7.9,8.14,4.91,5.83,19.0,0.4,0.42,0
EMP03991,22,Male,HR,Analyst,0.15,99252,58.2,10.7,Hybrid,7.04,6,4.32,76.7,4,10.1,6.11,6.14,4.78,4.99,4.1,10.0,0.5668,0
EMP03992,31,Male,Engineering,Tech Lead,0.25,52471,35.0,7.1,Hybrid,9.16,9,3.18,76.7,5,10.2,6.28,5.48,3.11,3.87,5.7,2.4,0.5453,0
EMP03993,22,Female,Customer Support,Senior Analyst,0.19,78057,37.2,13.5,Full Remote,7.6,5,3.48,33.3,5,6.9,3.6,5.46,6.48,3.9,40.5,4.0,0.5868,0
EMP03994,41,Female,Marketing,Senior,1.65,76357,50.4,16.2,Full Remote,6.92,5,3.94,83.2,5,13.5,7.3,2.08,6.71,2.86,26.0,4.7,0.5268,0
EMP03995,22,Female,Engineering,Junior Dev,0.13,98641,47.2,8.3,Full Remote,6.26,6,3.74,75.6,3,2.2,6.95,3.74,6.54,5.57,3.4,2.4,0.4536,0
EMP03996,35,Female,Customer Support,Senior Analyst,4.11,102234,47.1,0.2,On-site,9.6,6,3.8,58.6,2,8.5,8.24,3.67,5.66,7.37,6.4,2.4,0.2252,0
EMP03997,22,Male,HR,Senior Analyst,0.76,92399,50.3,5.4,Full Remote,9.33,9,5.0,62.2,5,7.0,7.66,3.71,3.93,6.51,20.4,2.5,0.3567,0
EMP03998,32,Female,Finance,Analyst,8.4,83823,46.7,20.0,Full Remote,5.86,8,3.37,49.2,3,8.9,7.17,6.61,5.21,6.34,14.4,2.0,0.5466,0
EMP03999,48,Male,Marketing,Manager,2.0,48783,40.5,17.2,On-site,6.49,10,3.65,69.5,3,9.1,6.28,8.48,4.75,5.46,5.8,1.5,0.5853,0
EMP04000,37,Female,Operations,Analyst,1.77,48278,50.0,6.0,Full Remote,7.35,10,3.05,80.8,4,9.9,8.67,2.11,6.74,6.52,88.3,9.6,0.2036,0
EMP04001,28,Male,Engineering,Tech Lead,4.55,53857,45.2,5.2,Hybrid,9.28,4,4.38,94.6,1,5.2,6.92,4.97,7.26,7.55,18.2,0.7,0.3968,0
EMP04002,34,Male,Sales,Associate,3.75,93798,41.4,5.1,Hybrid,7.71,10,4.72,53.4,5,15.5,8.63,4.01,6.59,7.22,16.7,9.9,0.3393,0
EMP04003,35,Male,Marketing,Senior,2.8,76833,50.5,15.0,Hybrid,8.35,11,3.69,70.6,3,5.1,6.45,5.85,4.98,7.31,9.6,4.5,0.5547,0
EMP04004,38,Female,Engineering,Manager,8.21,96716,50.2,12.7,Hybrid,9.81,6,3.81,78.4,3,15.9,5.34,5.44,9.01,4.96,24.5,3.1,0.4138,0
EMP04005,24,Male,Finance,Manager,1.65,100070,46.7,18.5,Full Remote,7.17,10,4.6,55.1,8,4.8,7.29,4.24,3.8,7.56,48.6,7.5,0.4341,0
EMP04006,39,Female,Sales,Associate,4.96,56851,58.7,14.5,Full Remote,5.74,8,3.19,75.2,6,0.7,8.0,3.32,5.79,4.34,60.9,7.3,0.4501,0
EMP04007,22,Male,Sales,Senior,1.43,75801,55.6,6.0,Hybrid,5.99,11,3.75,76.2,2,24.4,5.43,2.65,3.56,2.17,10.6,8.3,0.649,0
EMP04008,29,Female,Engineering,Junior Dev,5.47,74675,53.0,6.9,Full Remote,7.67,8,2.21,90.2,4,16.4,5.87,2.13,8.69,2.67,38.7,3.5,0.3281,0
EMP04009,31,Female,Finance,Manager,0.9,66805,65.5,27.2,On-site,8.28,8,3.61,69.4,3,9.4,6.65,7.7,2.36,6.72,53.9,2.5,0.829,1
EMP04010,40,Male,Operations,Senior Analyst,1.02,61628,43.8,8.3,Hybrid,6.45,9,3.34,43.7,7,21.0,7.78,4.47,3.64,4.94,37.7,0.5,0.4477,0
EMP04011,35,Female,Sales,Senior,3.4,104618,41.3,11.6,Hybrid,6.43,9,4.46,60.5,4,10.4,8.0,3.19,5.24,3.66,61.6,3.5,0.4705,0
EMP04012,23,Female,Marketing,Associate,0.72,76299,51.9,4.8,Full Remote,3.9,11,3.36,94.2,3,17.8,3.42,3.82,5.48,3.1,4.9,8.9,0.4718,0
EMP04013,27,Female,Engineering,Manager,0.78,75328,43.0,25.9,On-site,8.41,4,3.25,58.0,3,12.2,7.12,6.82,5.23,5.03,9.6,1.6,0.5119,0
EMP04014,36,Female,HR,Senior Analyst,1.09,54930,45.1,17.5,Hybrid,8.34,5,4.79,57.2,2,2.8,8.17,2.54,9.06,7.36,4.7,6.4,0.3439,0
EMP04015,34,Female,Engineering,Junior Dev,3.41,91880,37.1,8.1,Hybrid,7.78,5,3.34,71.7,2,12.7,4.19,2.01,7.41,6.34,0.2,1.0,0.3534,0
EMP04016,30,Female,Marketing,Senior,6.61,49872,49.9,4.7,Hybrid,8.69,9,4.01,76.5,2,6.7,8.05,5.72,7.13,5.21,31.3,8.5,0.4339,0
EMP04017,31,Male,HR,Analyst,3.37,86372,35.0,6.6,Hybrid,7.28,14,4.64,36.5,3,11.7,8.54,5.89,3.31,5.68,9.9,4.1,0.486,0
EMP04018,40,Female,Customer Support,Senior Analyst,5.28,87055,44.2,6.6,Hybrid,4.41,8,3.03,74.7,6,16.7,7.15,6.59,7.37,6.47,44.8,3.7,0.538,0
EMP04019,30,Male,Sales,Director,2.35,64687,44.9,3.3,Hybrid,7.02,11,4.19,82.1,3,8.1,5.57,5.1,3.5,6.78,15.5,2.4,0.3754,0
EMP04020,34,Male,Operations,Manager,0.21,82941,41.5,5.2,Hybrid,6.71,9,2.91,75.1,9,16.4,4.08,4.83,5.25,6.71,26.4,1.3,0.4724,0
EMP04021,52,Female,HR,Senior Analyst,0.32,79641,35.0,3.2,Full Remote,9.16,5,4.02,79.6,4,14.8,8.64,4.64,4.65,7.42,96.8,13.2,0.3271,0
EMP04022,23,Male,Customer Support,Manager,2.42,74015,35.0,10.7,Full Remote,7.5,10,4.19,55.2,5,11.2,9.2,5.22,4.09,4.73,2.6,0.5,0.3381,0
EMP04023,22,Male,Sales,Senior,1.19,75323,39.0,5.0,Full Remote,7.32,11,3.06,59.7,4,2.5,8.85,6.09,5.75,4.55,6.6,2.5,0.3625,0
EMP04024,41,Female,Sales,Associate,0.75,76544,49.3,34.9,Full Remote,5.7,2,1.69,50.1,2,4.7,7.1,3.68,4.98,6.61,5.5,3.5,0.4894,0
EMP04025,29,Female,Operations,Manager,1.88,78247,47.3,1.3,Full Remote,7.6,7,2.65,88.4,3,17.9,6.31,3.65,6.43,5.19,1.0,13.2,0.3349,0
EMP04026,32,Female,Engineering,Senior Dev,3.29,76506,44.9,5.2,On-site,6.58,9,3.62,88.2,3,6.4,8.58,5.28,5.33,4.61,41.0,5.8,0.3406,0
EMP04027,28,Female,Engineering,Senior Dev,1.46,47403,37.9,5.3,Hybrid,7.8,7,2.65,62.6,5,8.8,7.18,5.11,8.05,3.69,17.4,5.8,0.509,0
EMP04028,32,Female,Engineering,Manager,4.87,71194,47.7,2.8,On-site,8.57,10,3.17,90.7,0,16.1,6.69,4.92,6.76,8.87,0.3,15.6,0.519,0
EMP04029,47,Male,Operations,Analyst,4.02,81623,35.0,3.1,Full Remote,8.03,5,3.91,96.4,3,12.2,4.81,5.87,6.52,6.82,42.3,4.6,0.4882,0
EMP04030,41,Male,Engineering,Tech Lead,3.98,77432,35.0,21.6,Hybrid,9.21,7,3.27,66.5,4,10.8,8.57,3.2,4.95,6.26,20.0,2.7,0.2802,0
EMP04031,41,Female,Operations,Manager,12.64,98843,43.1,2.5,Hybrid,9.17,10,3.56,69.9,3,16.3,4.42,4.91,7.58,4.81,3.5,4.9,0.3248,0
EMP04032,23,Male,Marketing,Senior,1.05,90502,40.6,12.4,Hybrid,7.16,7,2.97,56.2,3,12.6,7.14,3.94,7.42,7.65,4.0,7.4,0.3504,0
EMP04033,25,Female,Engineering,Junior Dev,3.1,53239,53.1,11.0,Hybrid,6.59,8,5.0,57.0,3,14.6,4.59,4.98,6.44,4.12,6.6,2.7,0.6488,0
EMP04034,22,Female,Sales,Senior,5.8,70834,46.3,10.8,Hybrid,8.99,12,2.92,79.0,2,6.5,7.2,4.29,8.23,3.34,5.4,12.6,0.4188,0
EMP04035,28,Male,Engineering,Junior Dev,2.6,67216,58.2,6.9,Hybrid,3.83,5,3.46,85.0,5,17.7,3.0,5.44,7.27,8.27,27.8,13.7,0.6008,0
EMP04036,42,Female,HR,Analyst,4.67,74891,40.6,14.9,On-site,7.23,5,3.93,76.7,8,10.4,6.02,4.7,8.31,5.81,18.8,8.2,0.4127,0
EMP04037,39,Female,Finance,Senior Analyst,1.61,74925,48.9,12.4,Hybrid,6.65,10,2.66,91.1,2,13.8,4.48,2.95,4.2,4.72,51.4,13.5,0.5514,0
EMP04038,33,Male,Marketing,Senior,2.68,90288,43.0,2.5,On-site,8.86,6,3.51,80.0,5,8.2,5.27,2.46,7.21,5.66,40.5,6.0,0.1698,0
EMP04039,34,Other,Engineering,Senior Dev,0.17,79433,56.1,5.1,On-site,8.67,8,3.33,51.9,6,14.1,5.36,3.18,7.09,3.88,111.1,10.1,0.4869,0
EMP04040,29,Female,Finance,Senior Analyst,12.76,105763,43.4,14.3,Hybrid,7.28,7,4.12,84.4,4,12.9,6.95,7.3,9.16,8.04,20.9,9.5,0.4719,0
EMP04041,36,Male,Operations,Senior Analyst,4.83,81025,51.8,8.0,Full Remote,7.45,9,3.53,59.6,1,11.4,3.88,5.9,5.71,6.23,34.4,2.0,0.4764,0
EMP04042,41,Female,Finance,Manager,6.09,54235,36.4,7.5,Full Remote,6.44,8,3.03,96.4,3,16.7,3.97,7.29,7.2,4.67,103.4,6.2,0.5985,0
EMP04043,22,Female,Operations,Analyst,3.56,63317,41.7,17.0,Full Remote,7.21,8,3.74,61.9,5,14.9,4.34,4.38,6.92,7.08,2.1,5.0,0.4831,0
EMP04044,37,Female,Engineering,Tech Lead,0.62,90094,44.3,2.5,Full Remote,7.51,8,4.4,84.8,3,19.1,7.29,5.83,4.23,5.01,34.0,6.5,0.5726,0
EMP04045,42,Female,Operations,Senior Analyst,0.1,40000,55.1,12.6,Hybrid,8.63,6,3.26,77.9,7,9.5,7.51,3.7,5.99,4.61,93.6,29.8,0.2572,0
EMP04046,31,Female,Sales,Associate,6.0,41352,35.0,5.2,Full Remote,6.63,7,3.55,66.7,8,17.0,8.59,4.33,8.66,4.15,9.8,7.3,0.3213,0
EMP04047,40,Male,Engineering,Junior Dev,1.51,75267,42.3,7.0,Hybrid,5.07,9,3.44,56.8,3,16.4,5.99,7.24,3.81,5.73,15.9,6.1,0.6293,0
EMP04048,57,Female,Operations,Analyst,0.92,98773,42.1,9.6,Full Remote,6.16,11,3.82,75.3,1,5.8,6.49,4.81,8.6,5.97,7.1,2.7,0.4953,0
EMP04049,34,Female,Customer Support,Senior Analyst,2.47,107675,35.0,3.6,Hybrid,6.75,10,2.89,87.2,4,7.8,6.36,8.65,4.24,4.76,5.7,3.1,0.6105,0
EMP04050,38,Male,Finance,Analyst,1.64,69572,41.3,1.9,Full Remote,5.8,5,4.99,70.0,5,10.9,5.0,3.8,8.06,4.74,102.9,3.1,0.2648,0
EMP04051,29,Male,Engineering,Manager,3.16,101520,35.0,10.0,On-site,5.99,6,4.59,79.1,4,16.8,8.63,5.95,5.89,5.2,27.7,5.9,0.5467,0
EMP04052,36,Other,Sales,Senior,1.98,76806,35.0,2.9,On-site,7.62,11,3.23,68.4,1,15.0,4.87,4.59,5.0,4.09,15.2,3.9,0.4722,0
EMP04053,38,Female,Marketing,Director,3.58,40000,42.9,4.3,Hybrid,6.08,5,5.0,83.4,5,16.8,7.39,7.1,5.48,4.29,36.8,6.4,0.6167,0
EMP04054,36,Female,Operations,Analyst,5.76,74798,42.6,16.5,On-site,8.82,6,1.56,54.8,3,9.8,7.48,2.96,5.46,7.3,29.6,2.0,0.0222,0
EMP04055,26,Female,Engineering,Senior Dev,0.65,59527,43.0,14.9,Full Remote,7.81,10,4.19,41.3,3,9.9,6.09,2.4,7.16,5.04,3.3,11.2,0.283,0
EMP04056,36,Female,Operations,Analyst,1.2,97955,47.0,6.9,On-site,7.21,7,5.0,52.0,5,14.8,5.69,3.67,6.31,8.1,29.6,2.7,0.4791,0
EMP04057,46,Female,Sales,Associate,1.72,74358,38.0,10.9,Hybrid,7.21,2,3.3,82.7,5,10.5,7.95,4.26,3.35,4.59,14.1,2.5,0.4862,0
EMP04058,38,Female,Operations,Manager,9.82,43052,59.3,11.0,Full Remote,8.56,13,4.21,65.7,5,10.1,4.66,5.77,5.93,5.76,3.3,7.1,0.5544,0
EMP04059,42,Male,Customer Support,Analyst,1.36,40000,44.7,4.2,Full Remote,8.82,11,4.21,62.4,7,9.0,7.04,5.02,4.88,6.23,21.6,3.6,0.4249,0
EMP04060,33,Female,Sales,Senior,1.44,74475,55.3,9.1,Full Remote,6.38,13,3.32,72.4,9,15.3,5.29,5.0,8.53,8.34,14.1,5.1,0.4381,0
EMP04061,40,Female,Sales,Associate,3.18,40000,35.0,11.8,On-site,8.66,9,3.95,83.8,2,15.1,7.83,4.55,6.67,7.42,25.6,3.5,0.3878,0
EMP04062,37,Female,Operations,Analyst,1.63,62045,38.3,5.3,Hybrid,7.76,7,4.86,81.8,0,21.1,3.91,3.33,8.14,7.0,11.7,2.3,0.1722,0
EMP04063,27,Female,Marketing,Manager,9.06,80775,50.5,3.9,Full Remote,4.95,4,2.81,66.3,0,8.6,6.52,4.06,3.7,5.71,1.9,9.4,0.4791,0
EMP04064,37,Female,Finance,Senior Analyst,6.75,48574,43.2,2.6,Hybrid,4.75,6,3.92,63.4,2,13.7,8.53,3.75,3.7,3.88,11.4,4.5,0.4219,0
EMP04065,27,Male,HR,Senior Analyst,2.16,99849,36.4,4.9,Full Remote,9.44,13,4.28,75.2,3,15.2,5.46,6.96,4.72,4.08,120.0,14.0,0.2519,0
EMP04066,29,Male,Engineering,Senior Dev,3.11,104775,35.0,15.5,Full Remote,7.93,5,2.96,81.0,1,8.8,8.12,7.95,8.29,5.92,55.3,10.0,0.4924,0
EMP04067,36,Male,Operations,Manager,0.18,49582,50.9,9.7,On-site,8.38,12,3.6,54.9,3,13.5,4.53,6.15,4.5,2.74,23.0,7.2,0.5587,0
EMP04068,37,Male,Engineering,Tech Lead,3.57,67548,50.2,4.0,Hybrid,6.63,9,3.92,88.5,2,8.8,7.63,6.09,6.54,7.27,50.5,3.3,0.158,0
EMP04069,25,Other,Customer Support,Analyst,3.68,99867,46.9,17.3,Hybrid,7.62,9,2.96,49.6,8,17.8,7.96,7.38,8.14,4.12,12.6,5.3,0.6088,0
EMP04070,43,Male,Sales,Senior,1.34,74967,41.0,10.4,On-site,9.42,6,4.7,77.4,5,11.1,6.84,6.77,5.11,6.85,3.1,2.0,0.3605,0
EMP04071,39,Male,Finance,Manager,0.74,40138,36.1,42.7,Hybrid,9.97,11,3.75,86.1,2,16.5,6.89,5.91,4.59,6.74,1.3,5.5,0.6935,0
EMP04072,29,Female,Sales,Senior,7.4,71416,44.6,7.5,Full Remote,8.61,3,2.96,66.1,3,9.2,9.18,2.05,8.83,3.4,30.0,5.3,0.2939,0
EMP04073,22,Female,Sales,Manager,1.67,53676,35.0,13.2,Full Remote,5.78,2,2.62,66.3,6,7.1,8.67,3.06,6.18,6.98,1.0,3.0,0.4433,0
EMP04074,33,Male,Sales,Senior,3.18,102704,39.0,16.2,Hybrid,8.87,6,3.31,90.7,3,22.2,7.64,6.6,8.67,5.04,2.4,1.8,0.3952,0
EMP04075,31,Female,Finance,Analyst,0.1,90148,55.1,9.6,Hybrid,7.58,12,3.28,92.4,3,15.6,6.79,3.41,4.73,6.93,8.3,11.3,0.2834,0
EMP04076,35,Female,Marketing,Manager,1.6,67156,35.0,1.9,Full Remote,8.44,7,3.85,76.9,5,11.8,7.03,5.03,5.61,5.6,100.6,9.5,0.474,0
EMP04077,32,Male,Operations,Senior Analyst,5.1,78553,50.4,6.2,Hybrid,5.7,7,2.58,46.6,5,7.5,5.76,6.1,7.61,7.45,2.0,2.4,0.6254,0
EMP04078,22,Male,Sales,Senior,1.47,42296,57.0,9.3,On-site,7.91,8,3.02,78.4,8,13.4,7.2,5.04,6.07,7.56,15.1,7.4,0.4388,0
EMP04079,31,Female,Finance,Senior Analyst,2.77,56155,51.5,15.6,Hybrid,5.57,6,4.74,79.4,5,22.6,8.33,5.21,5.99,5.67,12.3,18.6,0.4687,0
EMP04080,32,Female,Operations,Analyst,0.71,113831,48.2,7.0,On-site,7.18,12,2.29,70.2,4,11.6,4.52,4.42,7.67,5.38,18.3,9.8,0.5038,0
EMP04081,40,Female,Engineering,Tech Lead,1.62,76337,41.3,2.2,Full Remote,6.88,10,3.04,80.0,5,8.7,7.98,3.09,4.17,5.28,28.1,10.5,0.4028,0
EMP04082,29,Male,Sales,Director,7.88,98252,39.8,7.9,Full Remote,6.08,6,2.55,65.5,4,8.0,5.44,4.86,6.43,6.64,53.0,7.4,0.4818,0
EMP04083,48,Male,Marketing,Manager,2.51,80800,35.0,5.1,Hybrid,4.48,8,3.7,82.2,1,4.9,7.36,7.27,5.63,6.37,0.6,12.8,0.5977,0
EMP04084,22,Female,Sales,Associate,6.97,107857,45.3,4.6,Full Remote,7.32,5,4.09,64.9,1,7.0,7.15,5.47,5.1,2.96,11.1,2.6,0.2966,0
EMP04085,45,Male,Sales,Senior,6.97,40000,41.8,19.4,Full Remote,6.08,8,5.0,89.6,2,7.0,7.51,7.52,5.12,3.49,31.7,9.5,0.8625,1
EMP04086,33,Male,Finance,Manager,8.66,70294,39.4,5.9,Full Remote,7.85,6,4.3,81.4,7,8.2,5.54,4.65,4.55,4.53,28.0,4.0,0.6344,0
EMP04087,41,Female,Engineering,Senior Dev,6.77,116119,44.8,15.7,On-site,9.31,6,2.55,75.1,3,16.1,5.53,7.4,3.9,6.35,4.1,1.5,0.5529,0
EMP04088,35,Male,Finance,Senior Analyst,0.1,98904,45.5,13.4,Full Remote,8.11,3,3.97,80.3,2,9.9,6.72,4.69,7.07,4.53,23.1,9.4,0.5329,0
EMP04089,44,Female,Customer Support,Manager,8.15,108134,39.9,1.3,Full Remote,7.02,9,3.43,63.6,3,11.6,5.71,5.56,8.67,4.2,5.1,5.9,0.4096,0
EMP04090,31,Female,Marketing,Senior,0.44,74830,57.9,3.9,Full Remote,4.28,9,3.14,53.1,0,2.5,7.27,4.48,4.4,5.22,44.8,10.7,0.5665,0
EMP04091,26,Male,HR,Senior Analyst,0.12,61572,50.8,9.4,On-site,7.94,6,3.52,77.8,3,7.3,9.0,8.67,6.81,6.87,18.2,6.7,0.4068,0
EMP04092,46,Female,Engineering,Junior Dev,0.17,49320,52.2,9.3,Hybrid,8.39,13,4.22,60.7,9,14.7,6.7,6.78,6.58,8.47,48.4,2.3,0.4162,0
EMP04093,34,Male,Operations,Analyst,1.29,47576,44.2,1.9,Full Remote,6.21,13,4.17,28.0,2,7.6,8.28,4.68,6.78,5.36,44.0,12.8,0.3383,0
EMP04094,36,Female,Sales,Associate,2.91,95176,49.1,15.1,On-site,7.5,6,2.42,70.8,1,8.6,8.52,5.74,5.77,4.01,72.4,6.1,0.4282,0
EMP04095,44,Male,HR,Manager,1.54,87830,37.8,8.4,On-site,9.15,12,3.54,52.0,6,6.3,8.9,4.43,6.47,7.88,18.3,1.2,0.33,0
EMP04096,26,Male,Customer Support,Analyst,0.1,73335,50.3,18.5,Hybrid,8.31,15,2.7,72.5,7,19.0,7.49,5.08,5.63,2.05,42.6,7.7,0.6074,0
EMP04097,39,Female,HR,Senior Analyst,1.94,87704,43.4,2.3,Full Remote,9.35,5,3.63,74.2,4,22.7,8.16,6.21,8.7,3.8,22.7,4.5,0.414,0
EMP04098,30,Male,Finance,Manager,1.75,78561,36.8,7.6,Hybrid,8.49,7,3.15,74.6,2,19.3,7.77,3.88,7.27,5.69,0.1,4.6,0.305,0
EMP04099,33,Female,Sales,Senior,4.24,99055,44.8,7.2,On-site,8.96,8,4.16,92.5,6,10.0,4.23,4.12,6.26,8.25,13.1,1.8,0.2622,0
EMP04100,35,Male,Engineering,Senior Dev,0.98,98817,42.7,10.2,Full Remote,7.72,6,3.28,54.6,5,15.9,6.25,2.67,7.79,3.54,34.8,10.0,0.3838,0
EMP04101,22,Male,Operations,Analyst,0.74,48353,63.6,0.5,Full Remote,8.61,5,2.94,55.1,4,10.3,6.76,7.97,8.8,6.66,3.6,11.6,0.4945,0
EMP04102,28,Female,Engineering,Tech Lead,0.89,81841,48.5,10.7,Full Remote,5.48,7,3.55,61.0,4,6.6,4.89,6.58,4.8,6.74,48.0,1.8,0.6171,0
EMP04103,45,Male,Finance,Analyst,1.09,40000,57.6,13.0,Hybrid,4.2,9,3.48,61.1,3,11.4,6.82,2.25,7.44,7.22,25.8,3.8,0.4512,0
EMP04104,42,Male,Engineering,Junior Dev,2.74,78325,54.1,17.1,Hybrid,8.86,5,3.37,81.3,2,7.8,6.56,6.08,8.35,4.43,2.7,5.6,0.4477,0
EMP04105,34,Female,Operations,Analyst,1.91,90107,45.3,8.3,Full Remote,8.13,5,3.14,69.4,3,8.3,7.77,4.19,6.71,4.57,0.5,3.3,0.3832,0
EMP04106,36,Female,Engineering,Junior Dev,1.23,42157,41.5,3.5,Full Remote,7.06,5,1.53,67.5,3,12.1,9.18,6.82,2.91,7.97,23.5,5.0,0.5793,0
EMP04107,32,Female,Marketing,Associate,1.41,64588,35.0,21.3,On-site,9.2,10,5.0,52.9,5,16.2,7.6,4.67,6.39,5.42,12.8,1.4,0.4595,0
EMP04108,45,Other,HR,Senior Analyst,1.39,75238,38.0,14.8,On-site,7.76,3,2.43,83.2,2,15.3,8.04,5.86,5.72,4.44,36.8,6.2,0.543,0
EMP04109,33,Male,Marketing,Associate,10.77,80847,50.3,5.2,On-site,8.29,6,3.69,80.3,5,13.7,7.14,4.05,6.94,4.54,20.1,1.1,0.3105,0
EMP04110,36,Female,Sales,Senior,0.8,68034,42.6,11.6,On-site,8.79,7,3.8,89.5,4,9.2,9.32,5.86,4.45,4.78,2.4,4.4,0.4288,0
EMP04111,44,Male,Marketing,Associate,5.11,45692,48.0,13.3,Hybrid,9.63,8,5.0,64.4,7,12.5,5.95,4.07,3.3,4.87,11.4,3.0,0.5351,0
EMP04112,28,Female,Sales,Associate,3.7,73649,35.0,11.7,Full Remote,9.33,14,5.0,77.9,1,6.1,5.13,4.17,5.1,4.03,3.4,1.5,0.3458,0
EMP04113,47,Male,Sales,Senior,0.1,40000,48.6,18.5,Hybrid,6.16,8,3.83,68.3,2,8.9,4.67,4.9,7.4,4.59,32.7,0.4,0.656,0
EMP04114,22,Other,Sales,Director,14.96,69183,53.8,7.0,Hybrid,8.58,9,2.68,52.5,5,11.1,8.4,5.09,6.34,3.83,17.7,3.0,0.4395,0
EMP04115,48,Female,Marketing,Manager,4.24,63965,35.0,3.0,Hybrid,7.07,4,2.71,60.6,3,8.4,8.34,3.99,7.38,6.39,2.8,6.8,0.2708,0
EMP04116,32,Female,Engineering,Manager,3.44,71643,48.0,11.6,Hybrid,3.74,10,3.0,65.2,6,13.6,9.47,4.14,7.19,6.05,107.2,3.2,0.3695,0
EMP04117,33,Female,Customer Support,Senior Analyst,1.56,61016,55.7,17.2,On-site,7.13,9,3.48,64.0,5,14.6,6.95,3.95,7.55,8.55,22.3,16.1,0.5987,0
EMP04118,22,Female,Marketing,Senior,2.43,40000,58.4,9.5,Full Remote,7.79,8,3.13,45.2,2,19.2,6.62,3.6,6.04,8.09,5.4,1.2,0.2307,0
EMP04119,31,Female,Engineering,Senior Dev,0.88,65841,41.0,2.7,Full Remote,4.38,7,2.72,57.9,3,13.5,6.89,3.16,3.61,3.28,4.0,5.4,0.3613,0
EMP04120,26,Male,Marketing,Senior,0.11,98270,51.2,8.4,Hybrid,9.8,7,3.57,34.6,4,14.7,7.21,7.21,7.52,5.41,35.3,1.1,0.2525,0
EMP04121,30,Male,Operations,Analyst,5.42,106536,56.4,8.9,On-site,8.86,9,2.83,63.9,3,10.9,4.17,2.34,4.89,4.93,25.1,5.5,0.3974,0
EMP04122,33,Male,Engineering,Senior Dev,6.8,135983,48.2,6.6,On-site,9.5,7,4.61,74.4,5,26.4,7.31,6.36,5.4,2.87,30.5,3.8,0.4691,0
EMP04123,42,Male,Finance,Analyst,0.53,117291,55.3,10.8,Hybrid,3.83,6,2.83,57.1,1,22.2,6.64,4.9,7.98,2.32,44.6,0.8,0.4629,0
EMP04124,36,Female,Marketing,Senior,4.64,45076,44.7,4.7,Full Remote,9.76,12,2.95,62.3,4,16.2,4.71,3.57,6.38,6.66,55.4,5.6,0.2645,0
EMP04125,37,Female,Engineering,Senior Dev,4.05,64789,48.2,11.9,Hybrid,9.29,15,3.59,73.5,6,2.3,7.18,5.15,6.01,4.18,0.4,13.3,0.5607,0
EMP04126,26,Female,Operations,Analyst,0.59,74430,40.0,1.5,On-site,7.54,4,2.45,66.7,2,21.7,5.76,3.79,5.72,6.97,6.6,3.5,0.2271,0
EMP04127,27,Other,Sales,Senior,1.64,72861,43.7,12.9,Hybrid,8.96,6,3.2,33.5,3,5.8,3.87,4.5,6.29,5.81,51.8,6.9,0.3295,0
EMP04128,49,Female,Sales,Associate,1.65,76738,48.5,13.0,Hybrid,4.64,5,2.3,57.1,4,17.7,6.93,3.46,7.95,7.83,59.7,6.8,0.3068,0
EMP04129,29,Male,Operations,Manager,4.28,135189,39.4,8.8,Full Remote,8.5,6,3.45,61.6,4,7.9,6.33,6.75,5.96,3.09,5.8,0.8,0.5109,0
EMP04130,48,Male,HR,Analyst,5.45,47948,43.2,7.2,Full Remote,6.85,8,2.84,56.1,6,14.0,7.54,3.59,3.74,3.1,8.8,0.8,0.4327,0
EMP04131,33,Male,Operations,Analyst,0.3,57161,51.1,3.6,Hybrid,4.91,11,3.1,52.9,3,8.1,7.96,4.56,7.25,5.94,4.2,5.3,0.4209,0
EMP04132,35,Male,HR,Manager,2.48,116095,61.4,11.3,On-site,7.22,10,3.61,88.6,6,11.0,7.9,3.77,2.9,4.23,51.5,5.7,0.4863,0
EMP04133,43,Female,Finance,Senior Analyst,4.3,59600,35.0,17.6,On-site,7.67,9,3.18,39.8,3,11.9,6.37,3.57,6.5,7.7,9.4,10.5,0.4766,0
EMP04134,45,Female,Operations,Analyst,4.63,84839,60.8,2.2,On-site,6.25,11,4.09,53.3,6,8.0,5.57,6.42,7.18,4.17,30.7,3.5,0.5152,0
EMP04135,34,Female,Engineering,Senior Dev,0.48,100866,42.9,3.3,Hybrid,7.32,4,2.71,64.9,3,11.8,8.01,9.19,4.55,3.15,64.1,8.1,0.4255,0
EMP04136,31,Female,Operations,Analyst,2.24,87162,52.7,1.3,Hybrid,9.63,9,3.12,74.2,3,10.2,6.95,3.91,6.09,6.41,13.8,2.9,0.3379,0
EMP04137,34,Female,HR,Analyst,5.85,79794,54.3,9.3,On-site,5.66,4,3.24,56.9,4,12.4,6.41,2.27,6.37,4.11,2.7,3.4,0.4747,0
EMP04138,37,Male,Engineering,Junior Dev,1.15,98465,57.5,5.6,Full Remote,7.3,11,4.15,40.4,2,1.7,6.21,3.9,7.63,4.94,26.1,14.5,0.3583,0
EMP04139,42,Female,Marketing,Senior,1.66,52673,39.2,1.4,On-site,8.17,9,4.34,65.7,4,11.8,6.75,3.74,5.66,3.94,28.6,1.7,0.3869,0
EMP04140,35,Male,Engineering,Tech Lead,4.89,62590,43.2,10.2,Hybrid,6.47,11,2.72,78.8,3,9.0,6.51,6.4,6.18,6.31,32.4,1.1,0.562,0
EMP04141,39,Male,Finance,Senior Analyst,0.28,88390,44.6,27.2,On-site,7.73,5,3.18,58.1,2,7.7,7.2,4.99,7.64,6.59,4.0,2.2,0.359,0
EMP04142,48,Male,Marketing,Senior,5.89,40000,42.1,3.6,On-site,9.55,7,1.95,84.5,2,14.3,5.03,7.58,3.5,6.45,25.8,1.2,0.4572,0
EMP04143,38,Female,Customer Support,Analyst,1.12,110414,55.6,12.6,Full Remote,8.15,7,3.5,69.4,4,10.0,5.22,4.15,5.8,5.53,26.5,3.7,0.4531,0
EMP04144,37,Male,Engineering,Senior Dev,0.1,82584,44.4,23.7,Full Remote,8.44,13,3.54,89.1,3,6.7,8.18,2.77,8.2,4.81,21.2,5.9,0.1681,0
EMP04145,22,Male,HR,Manager,0.8,78825,35.0,9.5,Hybrid,7.99,5,4.63,80.4,2,19.1,6.8,4.04,3.89,2.85,68.6,13.8,0.4792,0
EMP04146,22,Female,Engineering,Junior Dev,0.28,40000,39.9,4.6,Full Remote,6.49,8,3.36,46.6,3,14.5,8.49,4.42,5.41,5.5,62.6,5.1,0.3801,0
EMP04147,38,Female,HR,Manager,0.29,42834,35.0,5.6,Hybrid,9.66,9,3.4,64.7,7,11.7,6.06,2.46,6.26,5.63,5.1,8.2,0.2442,0
EMP04148,34,Male,Finance,Senior Analyst,3.54,65035,43.2,11.8,Hybrid,9.61,8,3.14,84.3,8,19.3,6.71,2.78,6.36,5.77,10.2,8.1,0.2736,0
EMP04149,30,Male,Finance,Manager,0.72,95185,50.4,5.7,Hybrid,6.39,7,3.92,43.6,11,8.8,5.69,6.59,4.91,6.6,22.8,9.2,0.6898,0
EMP04150,36,Female,Operations,Analyst,8.19,40000,39.8,7.2,Full Remote,6.39,10,3.71,67.8,4,13.5,5.66,2.0,7.42,6.24,0.6,3.8,0.3967,0
EMP04151,34,Male,Operations,Analyst,2.18,94709,41.8,5.6,On-site,7.28,5,3.84,56.0,7,17.5,7.98,2.78,7.69,4.99,10.4,6.4,0.3398,0
EMP04152,44,Female,Engineering,Tech Lead,1.85,65999,42.8,5.3,Hybrid,8.81,14,5.0,77.4,1,12.8,8.56,3.26,5.63,6.68,12.8,3.6,0.2464,0
EMP04153,35,Female,Sales,Manager,1.71,69414,46.1,3.9,On-site,8.02,9,2.31,70.0,5,24.6,6.98,5.22,5.89,6.61,14.2,4.7,0.3936,0
EMP04154,29,Male,Finance,Analyst,3.54,81339,49.1,7.0,Full Remote,8.46,3,1.31,69.9,6,13.5,3.54,6.35,4.52,2.68,13.5,8.2,0.6393,0
EMP04155,42,Male,Marketing,Director,1.81,81732,51.5,2.5,On-site,9.36,8,4.07,29.5,4,13.6,5.04,3.16,3.56,6.23,47.0,2.4,0.673,0
EMP04156,33,Male,Engineering,Junior Dev,0.41,57189,63.0,3.8,Full Remote,9.12,11,3.46,63.2,1,18.4,8.33,4.38,5.03,6.51,55.0,6.8,0.4474,0
EMP04157,39,Male,Marketing,Associate,6.37,90622,46.0,5.2,Hybrid,6.77,7,3.04,75.8,5,14.6,5.98,5.93,7.39,5.05,8.0,5.2,0.4283,0
EMP04158,31,Male,Sales,Senior,1.68,40000,50.9,5.6,Hybrid,7.38,10,4.31,89.1,2,13.1,4.18,4.67,6.77,5.8,11.9,0.3,0.5786,0
EMP04159,29,Female,Sales,Manager,0.23,63739,35.0,27.0,On-site,6.08,2,3.64,68.5,6,12.5,7.66,5.1,5.7,2.69,16.0,2.7,0.5496,0
EMP04160,35,Male,Operations,Manager,2.26,78842,42.0,9.8,Full Remote,6.1,9,3.17,74.3,7,10.6,6.23,6.88,4.36,5.28,0.5,6.2,0.5526,0
EMP04161,35,Female,Sales,Senior,3.13,66376,42.8,10.3,Full Remote,5.66,10,4.21,54.7,7,2.7,8.16,3.77,9.44,8.54,8.8,7.5,0.2618,0
EMP04162,38,Female,Engineering,Junior Dev,0.97,40000,36.9,17.4,On-site,8.95,7,4.1,83.2,2,14.7,7.82,7.0,5.91,6.58,0.1,7.2,0.4874,0
EMP04163,32,Male,Engineering,Senior Dev,4.83,93950,40.7,16.1,Full Remote,7.81,7,4.02,86.3,6,11.8,7.44,5.04,6.69,4.2,19.1,4.9,0.3669,0
EMP04164,22,Male,Operations,Analyst,3.32,43790,44.1,2.9,Full Remote,6.25,15,2.48,69.2,4,6.1,5.64,5.9,5.56,3.04,20.8,3.6,0.4155,0
EMP04165,31,Male,Customer Support,Analyst,3.15,73312,41.0,3.0,Hybrid,8.62,12,2.84,74.2,5,8.6,7.45,5.02,6.95,5.09,15.1,6.4,0.2891,0
EMP04166,41,Male,Finance,Senior Analyst,1.64,78825,65.8,2.4,Full Remote,8.0,11,3.74,91.6,6,7.8,4.22,4.17,6.99,2.11,46.2,2.0,0.5524,0
EMP04167,32,Female,Sales,Associate,9.8,75495,49.1,18.3,Full Remote,7.3,9,3.88,80.8,5,18.6,5.97,5.52,6.43,6.11,3.9,4.5,0.5606,0
EMP04168,33,Male,Customer Support,Senior Analyst,0.96,104225,61.0,13.1,Hybrid,7.76,10,4.62,61.8,4,16.6,8.47,6.65,7.0,4.33,82.0,3.7,0.4926,0
EMP04169,42,Female,Finance,Analyst,2.59,73668,56.9,14.3,Full Remote,6.73,9,3.04,81.3,4,19.7,4.63,7.19,5.63,9.16,2.6,2.7,0.7162,1
EMP04170,29,Male,Operations,Senior Analyst,1.11,85686,39.9,2.9,Hybrid,9.05,3,3.5,75.6,2,13.3,7.52,4.41,8.6,7.1,21.5,5.7,0.1837,0
EMP04171,22,Male,Operations,Senior Analyst,4.1,73602,45.3,5.3,Hybrid,4.8,11,4.44,45.0,2,16.4,8.52,6.87,8.06,4.94,18.1,3.8,0.432,0
EMP04172,33,Female,Sales,Associate,0.15,90323,41.5,12.6,On-site,4.21,11,3.39,96.7,2,14.6,8.75,5.94,7.1,5.84,0.7,4.1,0.4126,0
EMP04173,31,Female,Marketing,Associate,0.14,109837,43.7,5.7,On-site,7.52,3,3.63,82.9,3,5.8,8.38,2.33,7.01,8.16,12.7,1.3,0.251,0
EMP04174,27,Male,Engineering,Junior Dev,5.0,78438,37.2,4.5,Full Remote,6.81,8,3.46,90.4,3,10.7,6.14,3.81,8.17,6.44,23.1,3.8,0.4909,0
EMP04175,33,Male,Sales,Associate,1.71,94546,41.5,2.8,On-site,8.17,5,3.96,73.2,1,12.3,6.67,4.56,4.38,4.84,51.1,8.7,0.2822,0
EMP04176,38,Female,Operations,Senior Analyst,1.25,111383,47.9,16.9,On-site,8.14,10,3.9,63.8,2,18.1,6.24,2.91,5.48,6.24,23.4,5.4,0.4422,0
EMP04177,34,Male,Operations,Manager,2.81,108929,47.7,5.1,Hybrid,8.02,6,2.21,70.4,6,8.6,4.33,4.44,4.34,3.02,10.8,2.7,0.4712,0
EMP04178,37,Male,Finance,Senior Analyst,3.63,65367,47.0,6.4,On-site,8.03,7,4.02,63.1,3,8.2,6.16,4.54,7.25,6.16,7.0,7.7,0.3491,0
EMP04179,49,Female,Marketing,Senior,0.67,100910,44.5,9.7,Full Remote,6.29,11,4.84,96.3,3,9.6,6.58,4.53,5.35,5.68,0.9,4.8,0.3498,0
EMP04180,32,Female,Engineering,Senior Dev,0.62,81219,51.9,4.8,On-site,8.88,5,2.39,65.8,4,17.8,6.85,3.74,8.88,8.03,29.3,11.9,0.2181,0
EMP04181,37,Female,Engineering,Senior Dev,9.52,102930,42.9,6.6,Hybrid,8.52,7,3.77,76.2,6,11.9,7.47,4.91,7.01,5.82,44.7,3.2,0.4408,0
EMP04182,30,Female,Sales,Director,2.67,89215,56.1,2.8,Full Remote,8.18,13,3.96,79.4,7,15.2,4.76,4.18,6.26,6.31,70.4,1.5,0.4235,0
EMP04183,28,Female,Marketing,Director,1.48,81891,35.0,5.7,Hybrid,4.89,7,2.44,41.3,9,17.8,7.42,3.92,5.42,3.15,32.9,1.6,0.4262,0
EMP04184,30,Female,HR,Senior Analyst,4.85,85849,50.3,6.3,Hybrid,8.22,11,2.89,72.7,3,12.3,3.53,3.93,5.6,7.42,19.4,2.8,0.3212,0
EMP04185,31,Female,Engineering,Junior Dev,2.23,81380,48.9,12.4,Full Remote,8.89,10,2.95,60.4,5,11.7,8.2,4.37,6.65,3.16,2.0,4.7,0.4734,0
EMP04186,37,Female,Customer Support,Senior Analyst,0.83,82358,39.6,8.2,Full Remote,8.63,6,3.67,82.4,4,11.8,7.83,5.0,7.74,4.99,30.9,2.4,0.4052,0
EMP04187,53,Female,Sales,Associate,0.69,71029,42.2,11.0,Hybrid,7.48,9,2.41,73.8,3,9.7,4.39,5.89,5.66,3.72,48.9,5.2,0.5494,0
EMP04188,29,Male,Operations,Senior Analyst,1.52,68706,48.7,0.9,Hybrid,7.39,10,2.95,73.4,4,14.7,6.47,7.05,5.72,6.14,8.5,2.5,0.5499,0
EMP04189,31,Male,Marketing,Manager,5.9,119079,52.3,1.0,Hybrid,6.17,3,3.79,69.5,7,12.4,6.14,4.76,4.27,3.66,53.4,2.5,0.5769,0
EMP04190,34,Female,Engineering,Junior Dev,0.19,86938,35.0,8.0,Hybrid,6.0,13,4.19,82.7,6,15.3,3.24,6.96,7.63,8.61,10.2,14.1,0.4385,0
EMP04191,38,Female,Operations,Manager,0.74,60667,50.0,5.3,Full Remote,9.68,6,3.52,34.3,5,13.7,7.01,5.67,5.43,7.97,34.0,5.8,0.4823,0
EMP04192,37,Male,Finance,Manager,6.71,68064,41.3,8.0,Hybrid,9.87,4,2.66,36.0,7,11.0,4.86,2.41,5.77,6.07,34.8,2.5,0.1097,0
EMP04193,45,Female,Marketing,Director,0.39,101406,54.0,6.1,On-site,9.33,8,3.28,61.9,2,7.1,4.56,4.82,7.86,5.17,29.4,5.1,0.4481,0
EMP04194,22,Male,Marketing,Senior,2.98,56595,35.0,11.7,On-site,8.3,14,3.66,73.1,3,8.4,5.23,5.76,2.53,5.99,57.8,4.6,0.5019,0
EMP04195,22,Female,Engineering,Junior Dev,0.72,40000,64.6,10.3,Hybrid,7.25,4,4.72,73.9,5,12.9,6.88,4.18,8.28,2.96,97.8,3.3,0.3188,0
EMP04196,31,Female,Finance,Senior Analyst,2.79,40000,37.9,5.2,On-site,8.52,13,3.84,53.0,3,10.8,5.27,6.81,6.38,6.38,8.1,8.3,0.4534,0
EMP04197,43,Female,Customer Support,Analyst,1.45,40000,56.4,6.5,On-site,9.15,7,5.0,44.2,5,8.4,4.79,4.34,8.93,5.71,27.6,4.4,0.3113,0
EMP04198,22,Male,Engineering,Junior Dev,0.32,42529,44.4,11.1,Full Remote,7.02,9,4.16,42.9,5,12.5,7.77,4.12,7.18,4.11,15.7,9.2,0.2942,0
EMP04199,22,Female,Sales,Senior,2.62,45478,38.5,10.3,Hybrid,7.08,8,4.47,91.0,5,19.1,4.89,5.44,3.28,8.53,32.3,10.4,0.4612,0
EMP04200,39,Male,Customer Support,Senior Analyst,3.45,109630,47.1,11.3,Full Remote,6.58,9,2.98,58.6,4,18.2,6.02,3.31,2.87,5.16,83.5,6.0,0.5474,0
EMP04201,36,Male,Sales,Associate,3.42,73845,53.2,12.8,Hybrid,7.29,16,4.11,87.1,5,10.0,5.67,3.68,3.96,6.74,20.1,5.7,0.5444,0
EMP04202,26,Male,Finance,Analyst,3.04,65918,35.0,2.8,On-site,3.5,6,3.64,71.8,4,12.3,5.5,5.34,5.75,7.26,4.3,1.5,0.4347,0
EMP04203,27,Female,Marketing,Associate,2.08,40000,50.6,5.4,Full Remote,7.33,11,5.0,97.7,4,7.7,5.22,7.22,5.85,3.96,28.3,6.6,0.5939,0
EMP04204,27,Male,HR,Senior Analyst,2.2,71421,44.9,23.0,On-site,4.63,8,3.22,72.1,5,19.0,3.96,4.53,6.37,6.47,27.0,1.1,0.582,0
EMP04205,35,Male,Sales,Senior,3.03,40000,49.6,13.3,Hybrid,7.86,8,4.92,59.9,6,21.6,7.74,3.11,4.44,5.07,17.1,2.2,0.3221,0
EMP04206,29,Female,Sales,Associate,3.52,65764,45.1,10.5,Hybrid,5.12,6,4.87,60.1,2,14.9,5.02,4.57,7.39,3.32,17.1,2.9,0.4915,0
EMP04207,38,Female,Engineering,Manager,3.19,126612,40.4,9.2,Full Remote,5.24,12,3.04,70.8,3,11.3,5.36,6.68,5.69,5.09,17.5,3.1,0.3989,0
EMP04208,22,Female,Finance,Analyst,2.65,91595,36.1,10.3,Full Remote,3.4,6,3.75,66.8,1,9.1,7.27,3.48,5.38,4.22,8.8,14.0,0.4086,0
EMP04209,28,Female,Finance,Senior Analyst,0.51,69755,50.4,23.0,Hybrid,6.06,6,2.35,64.2,3,8.2,6.38,2.44,3.46,6.74,3.6,5.5,0.5277,0
EMP04210,25,Male,Finance,Senior Analyst,0.71,92453,50.3,2.9,On-site,7.24,5,4.95,74.7,9,11.7,7.01,5.3,7.87,5.46,6.4,10.1,0.3241,0
EMP04211,32,Female,HR,Senior Analyst,0.9,61961,50.3,14.7,On-site,7.56,6,1.78,73.0,5,8.4,8.56,7.69,4.76,5.1,10.3,4.1,0.6788,0
EMP04212,30,Female,Engineering,Junior Dev,7.56,54983,48.4,0.9,Hybrid,8.5,8,2.21,78.2,5,0.1,7.25,5.43,5.66,6.18,6.9,6.5,0.5278,0
EMP04213,41,Male,Engineering,Manager,4.27,117603,52.6,9.6,Full Remote,4.76,9,3.38,33.4,7,8.0,8.41,2.81,4.73,5.29,4.6,8.8,0.4887,0
EMP04214,22,Male,Operations,Manager,2.41,46443,56.2,13.0,Full Remote,5.78,2,2.75,66.7,5,17.3,7.67,7.6,6.58,4.02,50.4,2.9,0.5973,0
EMP04215,35,Male,Marketing,Senior,0.87,66146,35.0,2.6,On-site,7.82,3,2.7,67.9,3,14.6,5.79,5.86,3.8,6.04,38.8,1.4,0.4207,0
EMP04216,39,Male,Sales,Senior,0.35,82650,35.0,5.6,Full Remote,6.35,8,3.23,42.4,2,19.7,8.28,3.83,7.36,5.57,43.9,2.3,0.288,0
EMP04217,49,Female,Engineering,Junior Dev,6.87,51594,58.7,6.3,Hybrid,7.41,7,4.27,70.3,5,16.9,9.01,6.1,4.43,5.69,0.3,3.4,0.5949,0
EMP04218,31,Female,Engineering,Senior Dev,6.7,91265,35.0,23.8,Hybrid,7.79,10,4.3,69.6,3,3.8,8.28,5.24,7.19,6.95,84.1,1.5,0.5532,0
EMP04219,37,Female,Sales,Senior,0.35,67335,36.3,6.6,Hybrid,5.7,7,3.87,76.0,2,15.1,8.74,4.54,6.75,3.32,31.1,26.7,0.3564,0
EMP04220,22,Female,Operations,Senior Analyst,4.79,91597,42.7,5.4,Hybrid,6.9,9,3.9,77.8,6,11.6,8.16,3.78,7.11,8.66,106.0,10.3,0.2814,0
EMP04221,22,Male,Customer Support,Analyst,1.78,89649,35.0,15.0,On-site,8.33,7,3.53,60.2,5,16.8,7.34,5.69,3.73,5.13,12.6,9.2,0.5108,0
EMP04222,41,Female,Operations,Senior Analyst,1.17,68924,41.9,2.9,On-site,5.57,6,4.33,80.3,2,7.3,6.3,6.56,4.81,3.54,22.1,4.4,0.6494,0
EMP04223,34,Male,Customer Support,Analyst,4.03,117766,37.4,12.3,On-site,7.61,10,3.6,90.4,4,12.0,7.5,3.83,6.87,4.43,4.3,6.9,0.3333,0
EMP04224,44,Other,Customer Support,Analyst,2.86,58366,43.1,25.9,Hybrid,5.97,7,2.87,41.9,6,16.7,7.65,5.65,6.43,6.56,19.5,10.7,0.6614,0
EMP04225,24,Male,Marketing,Associate,4.54,108721,47.2,3.4,Full Remote,8.12,9,3.28,67.1,5,14.0,6.75,3.28,6.3,6.86,5.6,15.4,0.3855,0
EMP04226,39,Female,Engineering,Junior Dev,0.23,104373,42.3,2.8,On-site,8.26,8,3.69,84.1,4,10.8,5.03,4.76,8.82,4.63,16.6,8.1,0.2703,0
EMP04227,49,Male,Operations,Senior Analyst,1.15,119272,41.8,21.3,Full Remote,7.56,6,4.19,41.9,2,8.0,7.52,5.33,4.9,2.83,17.9,2.7,0.5221,0
EMP04228,38,Male,Engineering,Tech Lead,1.15,79351,47.1,17.6,Hybrid,7.73,5,3.76,55.9,5,16.3,3.84,4.46,6.87,6.24,14.5,1.3,0.4282,0
EMP04229,37,Male,Sales,Senior,1.2,55285,53.4,12.2,Full Remote,8.4,9,2.52,94.6,4,19.7,7.76,6.24,5.8,6.33,37.5,1.8,0.4514,0
EMP04230,35,Female,Engineering,Senior Dev,2.09,126919,57.8,3.5,Hybrid,6.14,5,4.18,45.3,3,17.5,5.44,4.03,7.76,5.58,12.6,3.9,0.5215,0
EMP04231,22,Female,Marketing,Senior,1.0,66632,43.3,7.7,Full Remote,7.94,10,3.21,62.5,6,12.2,7.67,5.33,5.58,6.71,68.2,2.5,0.4801,0
EMP04232,45,Male,Sales,Associate,1.76,54661,59.6,10.5,On-site,6.24,5,3.92,80.7,4,11.2,7.49,4.83,6.92,5.39,41.9,8.5,0.5716,0
EMP04233,30,Female,Engineering,Senior Dev,1.38,70255,52.0,5.4,On-site,6.72,6,2.24,29.0,2,4.7,7.45,6.43,6.03,3.73,46.3,3.8,0.4166,0
EMP04234,39,Female,Marketing,Associate,3.99,50457,35.1,34.1,Hybrid,9.5,10,3.96,78.7,2,9.9,7.63,6.45,7.82,7.69,34.4,7.0,0.4685,0
EMP04235,22,Female,Operations,Senior Analyst,2.78,88153,35.0,2.7,Full Remote,7.11,15,4.28,88.6,3,7.0,6.13,4.56,8.52,5.05,35.6,3.4,0.2798,0
EMP04236,25,Female,HR,Analyst,3.18,59858,40.4,14.2,Hybrid,6.62,11,3.09,82.1,2,2.2,8.41,8.26,8.03,5.9,0.7,13.9,0.3022,0
EMP04237,46,Male,Operations,Analyst,0.71,67812,56.6,12.2,Hybrid,8.58,11,3.82,83.8,3,5.5,4.92,2.99,3.53,8.18,3.3,2.7,0.4598,0
EMP04238,32,Male,Engineering,Senior Dev,1.18,99194,41.0,5.3,On-site,7.38,10,3.66,55.8,5,2.5,8.99,5.93,7.53,4.66,47.8,4.4,0.5694,0
EMP04239,46,Female,Engineering,Manager,0.1,90592,35.0,9.3,Full Remote,9.65,11,2.93,84.2,3,17.4,6.15,6.39,6.46,4.58,53.5,7.4,0.1953,0
EMP04240,34,Female,HR,Senior Analyst,0.34,75389,43.2,11.7,Full Remote,5.22,9,4.26,70.5,5,18.8,3.52,7.23,6.8,6.07,21.5,2.0,0.6791,0
EMP04241,22,Other,Marketing,Manager,0.92,79271,35.0,17.2,Hybrid,8.08,5,3.33,76.2,3,13.8,7.94,5.23,4.93,6.11,49.2,11.8,0.4391,0
EMP04242,42,Female,Finance,Senior Analyst,0.2,75306,36.6,8.4,On-site,7.67,7,3.19,62.8,2,13.0,3.0,4.23,3.3,5.38,50.4,1.9,0.5978,0
EMP04243,30,Male,Operations,Senior Analyst,2.77,64221,40.3,4.4,Hybrid,4.15,8,3.98,80.1,7,13.4,6.4,6.64,9.09,6.62,4.3,8.7,0.4702,0
EMP04244,40,Female,Operations,Senior Analyst,18.85,74936,46.2,1.9,Full Remote,9.53,8,3.66,38.9,2,14.5,6.53,2.41,8.36,5.14,2.5,12.5,0.2573,0
EMP04245,35,Male,Customer Support,Manager,0.32,87271,53.2,6.2,Full Remote,8.19,8,4.04,81.6,2,10.0,5.83,7.2,6.54,6.94,60.0,4.9,0.3677,0
EMP04246,22,Other,Sales,Associate,5.16,71845,50.6,4.4,Full Remote,9.74,11,3.62,89.0,4,9.1,7.3,6.75,8.55,6.06,15.3,2.6,0.4117,0
EMP04247,36,Male,Engineering,Senior Dev,0.38,85494,35.6,18.8,Full Remote,7.19,7,3.83,40.2,8,16.1,8.27,4.21,5.55,6.5,34.6,4.0,0.4021,0
EMP04248,52,Female,Marketing,Associate,3.33,54083,42.0,12.1,On-site,7.01,7,3.45,62.0,5,11.0,5.64,7.49,3.94,5.88,35.7,4.9,0.7312,1
EMP04249,38,Female,Engineering,Senior Dev,3.09,59902,45.6,3.4,Full Remote,8.97,7,2.97,70.4,3,6.9,8.08,6.0,4.79,5.34,10.7,4.9,0.2796,0
EMP04250,34,Male,Sales,Manager,6.99,56641,42.9,10.6,Hybrid,8.41,7,2.93,50.0,4,8.3,5.84,2.7,6.49,5.51,45.8,6.0,0.3437,0
EMP04251,43,Male,Engineering,Senior Dev,0.36,60871,42.8,7.3,Hybrid,7.21,7,2.97,82.0,5,22.0,6.79,4.29,4.9,6.36,1.5,7.3,0.4494,0
EMP04252,36,Female,Sales,Senior,1.14,107179,35.0,9.4,Full Remote,6.66,7,3.09,57.5,3,20.6,6.55,5.9,5.59,6.94,16.5,7.8,0.3944,0
EMP04253,36,Female,Engineering,Tech Lead,0.29,93150,35.8,9.5,On-site,4.62,10,5.0,85.1,6,21.1,5.15,5.72,4.74,6.54,94.3,2.8,0.5311,0
EMP04254,26,Male,Engineering,Senior Dev,1.57,48076,41.8,5.6,Hybrid,8.99,10,3.94,72.3,4,24.5,6.7,2.25,1.61,6.37,14.5,3.1,0.3517,0
EMP04255,36,Female,Finance,Senior Analyst,7.28,85937,35.0,7.1,Full Remote,8.75,11,2.93,56.0,5,9.7,4.65,3.74,4.12,7.21,11.2,6.6,0.4025,0
EMP04256,43,Female,HR,Manager,4.56,65235,50.1,13.2,On-site,7.57,14,4.31,59.9,3,18.8,7.87,3.87,6.83,6.58,7.9,6.3,0.3648,0
EMP04257,28,Male,Finance,Senior Analyst,3.85,57940,35.0,21.7,Hybrid,5.08,7,5.0,72.4,4,10.4,6.86,5.37,5.13,4.21,24.9,4.4,0.6382,0
EMP04258,46,Male,Finance,Senior Analyst,2.28,40000,50.5,3.6,Hybrid,4.14,13,3.09,76.2,8,9.2,5.76,5.52,7.92,3.51,0.9,10.1,0.562,0
EMP04259,34,Female,Engineering,Junior Dev,6.45,99297,49.8,2.6,On-site,6.4,7,3.13,63.9,3,18.3,5.36,7.11,4.61,5.93,4.6,3.2,0.4874,0
EMP04260,27,Female,Sales,Associate,1.79,40903,40.7,3.0,On-site,9.07,5,2.06,62.5,4,12.0,6.4,5.09,7.05,3.86,11.4,4.6,0.3282,0
EMP04261,42,Female,Engineering,Senior Dev,0.49,73700,53.0,6.6,Hybrid,7.61,6,3.28,75.3,4,4.7,8.19,5.13,6.98,6.39,35.2,3.2,0.4084,0
EMP04262,32,Female,Operations,Senior Analyst,5.45,51342,50.9,2.2,Full Remote,8.1,4,4.14,82.9,7,9.4,8.49,3.8,5.73,6.36,12.3,9.2,0.3782,0
EMP04263,41,Male,Finance,Manager,0.98,94396,42.5,12.7,Full Remote,9.12,10,3.23,68.9,7,0.7,8.68,6.38,7.12,4.56,7.9,0.9,0.2875,0
EMP04264,32,Male,Engineering,Manager,0.17,66641,41.6,10.8,On-site,7.43,10,2.67,46.1,3,12.8,5.41,2.84,5.56,5.38,9.7,3.1,0.4295,0
EMP04265,34,Male,Sales,Manager,0.4,71638,53.8,6.8,On-site,5.74,7,2.31,59.3,5,15.5,4.63,5.88,6.2,5.62,16.8,4.8,0.4276,0
EMP04266,38,Male,Customer Support,Analyst,2.82,72481,46.9,26.3,Full Remote,7.48,8,3.75,77.5,2,19.8,5.97,4.25,9.02,4.94,44.9,4.3,0.4038,0
EMP04267,37,Female,HR,Manager,2.8,82564,53.4,1.8,Full Remote,8.06,7,3.0,68.6,5,18.1,5.24,6.06,5.8,6.56,10.4,3.3,0.4603,0
EMP04268,22,Female,Operations,Senior Analyst,0.9,75325,35.0,3.4,On-site,7.7,5,5.0,63.3,6,22.1,7.54,3.09,3.66,5.61,99.4,2.0,0.2132,0
EMP04269,26,Male,Sales,Senior,3.9,73918,45.8,10.3,Hybrid,8.14,4,3.54,85.7,4,11.1,3.42,6.02,6.96,5.83,45.4,2.9,0.5297,0
EMP04270,42,Male,Engineering,Tech Lead,4.46,62039,35.0,9.9,Full Remote,8.53,8,2.88,74.7,5,2.8,8.82,8.63,6.5,6.73,55.9,5.7,0.4746,0
EMP04271,33,Female,Operations,Analyst,7.6,40000,44.8,31.0,Full Remote,7.5,8,4.21,66.7,3,20.7,4.82,8.13,4.21,7.52,8.4,21.0,0.6555,0
EMP04272,30,Female,Finance,Analyst,2.64,47036,50.7,3.9,Full Remote,5.06,13,5.0,60.0,2,6.1,6.2,4.69,6.62,5.41,19.0,7.9,0.4758,0
EMP04273,24,Female,Finance,Manager,4.53,92961,58.9,6.6,On-site,8.44,11,4.95,86.0,5,19.3,5.7,3.92,4.46,7.94,0.4,7.0,0.4508,0
EMP04274,26,Female,Marketing,Senior,4.2,67354,37.5,6.8,On-site,8.58,7,2.76,42.0,6,3.8,7.87,3.67,4.51,4.35,0.2,9.1,0.3753,0
EMP04275,22,Female,Marketing,Senior,0.89,58399,40.8,11.3,Full Remote,7.67,10,2.49,86.3,2,13.5,6.2,1.26,5.28,4.93,4.8,13.7,0.2606,0
EMP04276,34,Female,Finance,Senior Analyst,1.11,40000,44.2,6.8,On-site,8.47,8,2.46,74.1,4,7.0,7.88,3.8,5.13,7.82,40.4,4.9,0.234,0
EMP04277,30,Male,Sales,Director,1.95,40000,37.2,12.3,Full Remote,6.62,7,4.06,77.7,4,14.6,6.76,3.44,6.74,6.02,0.3,6.0,0.3774,0
EMP04278,27,Male,Sales,Senior,0.1,57419,52.8,11.2,On-site,6.58,9,3.27,64.1,1,9.7,7.81,6.48,4.23,6.29,21.3,11.2,0.4645,0
EMP04279,34,Male,Operations,Analyst,1.06,97201,44.4,9.3,Full Remote,6.71,10,2.95,64.0,2,13.8,8.14,5.37,3.87,7.28,27.0,3.4,0.4605,0
EMP04280,37,Female,Sales,Associate,1.93,61073,46.0,9.0,On-site,8.38,7,4.16,90.3,4,6.3,6.18,4.99,7.55,6.52,19.4,1.6,0.3027,0
EMP04281,51,Female,Marketing,Associate,0.34,85012,50.0,9.3,Hybrid,8.33,13,2.8,85.5,5,7.5,7.78,8.12,4.94,3.02,30.4,2.6,0.5956,0
EMP04282,22,Female,Finance,Manager,0.4,59923,44.4,12.6,Full Remote,8.2,7,4.31,81.9,5,3.1,8.3,5.14,8.37,5.26,9.8,6.4,0.3313,0
EMP04283,44,Male,Customer Support,Analyst,1.87,90971,38.5,3.8,On-site,6.15,4,2.7,57.7,1,19.7,5.64,6.71,6.82,6.95,6.8,22.3,0.1778,0
EMP04284,42,Male,Sales,Senior,3.94,66206,44.5,4.9,Full Remote,3.73,4,3.22,67.7,6,5.2,7.62,1.84,6.52,6.2,24.1,3.9,0.483,0
EMP04285,28,Male,Sales,Senior,5.38,44202,38.2,4.0,On-site,7.64,7,4.61,85.2,3,14.0,6.85,5.77,8.34,4.82,19.6,13.8,0.3489,0
EMP04286,36,Male,Operations,Manager,2.37,68276,45.9,2.2,Full Remote,6.7,8,3.6,79.4,2,10.0,6.41,2.84,4.75,5.37,3.6,4.6,0.3778,0
EMP04287,31,Female,Operations,Senior Analyst,1.93,120850,53.0,37.0,Full Remote,9.5,9,2.67,54.9,8,3.2,7.14,8.01,5.59,8.54,15.4,4.7,0.56,0
EMP04288,36,Female,Finance,Senior Analyst,1.45,119747,35.6,7.1,On-site,8.45,15,4.71,70.5,7,5.6,5.23,6.78,5.0,6.09,6.6,5.6,0.5795,0
EMP04289,47,Other,Marketing,Senior,0.64,87163,35.0,23.6,Hybrid,9.23,6,4.41,71.4,4,9.6,7.75,2.76,4.36,3.15,1.2,3.2,0.2611,0
EMP04290,39,Female,Sales,Associate,0.48,71573,45.4,12.5,Hybrid,7.44,9,4.65,67.9,5,12.1,7.69,5.25,7.24,6.43,22.1,3.0,0.4035,0
EMP04291,39,Female,HR,Manager,4.71,82597,38.9,6.9,Full Remote,8.79,10,2.13,47.2,3,10.6,7.97,1.97,2.74,3.42,86.8,0.7,0.3459,0
EMP04292,31,Female,Operations,Manager,1.88,82921,45.3,4.6,Hybrid,9.64,11,3.74,63.1,6,17.4,7.44,3.13,4.96,7.52,2.2,3.4,0.2964,0
EMP04293,23,Male,Operations,Manager,4.69,74002,47.6,6.2,Hybrid,5.82,4,2.94,52.8,6,11.7,5.01,5.68,7.09,4.17,2.2,1.1,0.3961,0
EMP04294,33,Female,Engineering,Manager,3.65,86023,35.0,7.1,Hybrid,9.27,6,3.02,70.4,4,13.4,4.66,1.16,4.62,3.95,36.2,6.9,0.4039,0
EMP04295,44,Female,Sales,Manager,0.65,80205,50.5,4.5,Hybrid,7.46,4,4.01,43.9,1,9.4,6.7,6.09,6.8,3.49,75.2,12.1,0.5569,0
EMP04296,22,Female,Marketing,Senior,2.14,67100,35.6,12.0,Hybrid,8.99,7,2.1,87.1,6,9.7,6.33,6.22,5.43,7.47,13.0,7.1,0.3066,0
EMP04297,26,Male,Customer Support,Manager,1.76,45118,44.8,4.2,On-site,6.82,8,3.63,77.7,3,10.3,8.3,6.37,2.38,4.11,15.8,1.9,0.5691,0
EMP04298,36,Male,Finance,Senior Analyst,1.65,63498,39.7,10.0,Hybrid,4.89,6,4.73,73.1,4,14.7,4.98,4.71,7.96,4.81,1.7,2.4,0.4648,0
EMP04299,27,Male,Sales,Associate,2.35,94987,40.6,7.9,Full Remote,6.4,4,3.62,78.6,6,11.2,6.6,2.64,8.49,5.01,12.1,3.9,0.2325,0
EMP04300,28,Female,Engineering,Senior Dev,12.07,74213,58.6,8.6,Full Remote,8.55,6,4.37,74.4,5,19.9,7.05,4.67,4.59,6.77,11.3,7.2,0.6023,0
EMP04301,31,Male,Marketing,Director,5.03,82507,47.6,30.3,Hybrid,9.02,5,3.6,49.8,3,5.5,5.42,2.13,7.75,5.85,3.4,12.2,0.309,0
EMP04302,24,Female,Engineering,Senior Dev,7.02,67924,52.2,13.2,Full Remote,9.26,8,2.82,72.2,3,16.4,7.7,5.85,5.45,3.82,6.1,4.0,0.4995,0
EMP04303,27,Female,Operations,Manager,0.1,48510,46.2,26.7,Hybrid,7.08,6,5.0,79.8,0,8.3,4.68,1.88,7.26,4.18,7.1,2.2,0.4579,0
EMP04304,40,Male,Operations,Analyst,0.45,69034,50.0,0.8,On-site,7.6,9,3.35,77.4,6,17.2,5.36,7.81,6.73,4.88,35.9,3.8,0.4614,0
EMP04305,24,Female,Marketing,Associate,0.27,49438,48.3,11.0,On-site,8.41,7,2.49,79.0,3,10.2,5.86,6.57,3.83,7.4,1.8,4.7,0.4942,0
EMP04306,22,Female,Sales,Senior,0.92,47842,47.0,8.6,Hybrid,7.14,10,2.39,78.9,2,9.4,6.67,3.91,4.91,7.78,1.0,5.1,0.4054,0
EMP04307,29,Male,Operations,Analyst,1.75,105140,53.9,2.2,Hybrid,7.45,12,3.35,57.1,4,13.6,4.5,4.42,7.45,7.73,23.7,11.2,0.3371,0
EMP04308,40,Female,Sales,Associate,3.08,64497,46.3,1.2,Hybrid,8.63,5,4.2,50.6,2,7.9,9.26,5.12,6.46,6.79,12.3,16.5,0.1593,0
EMP04309,33,Male,Engineering,Junior Dev,2.08,56462,63.3,2.0,Hybrid,8.39,6,3.49,58.3,2,7.3,7.19,4.08,6.73,5.31,8.8,3.6,0.4669,0
EMP04310,31,Male,Customer Support,Manager,7.0,115448,52.7,11.0,On-site,8.3,14,2.3,74.0,1,17.2,6.3,4.49,3.63,6.53,1.1,4.9,0.5368,0
EMP04311,35,Female,Operations,Analyst,8.43,95374,35.9,15.3,Hybrid,9.48,5,3.57,64.1,4,8.2,7.93,5.29,8.04,4.69,36.6,2.9,0.433,0
EMP04312,22,Female,Operations,Analyst,0.54,65712,43.6,4.3,Full Remote,4.18,6,4.37,57.2,5,15.1,6.44,3.4,5.15,2.94,12.1,8.4,0.544,0
EMP04313,38,Other,Engineering,Junior Dev,5.75,85690,48.2,3.7,Hybrid,7.62,7,3.4,86.0,2,2.1,7.44,2.77,8.23,4.5,26.3,10.1,0.4391,0
EMP04314,38,Female,Engineering,Senior Dev,1.97,69105,45.4,11.1,Hybrid,7.91,9,4.67,83.3,1,13.2,8.27,5.23,8.27,5.88,43.5,5.6,0.4493,0
EMP04315,31,Female,Engineering,Senior Dev,1.81,57683,50.5,21.7,Full Remote,6.16,5,2.83,73.5,6,13.6,9.08,3.68,8.03,7.22,2.4,2.7,0.4704,0
EMP04316,43,Female,Engineering,Senior Dev,4.61,86867,51.4,15.4,Full Remote,9.16,23,4.22,84.6,3,14.8,6.79,4.72,4.81,7.04,3.0,0.6,0.4171,0
EMP04317,25,Female,Operations,Analyst,0.29,66892,35.0,6.0,On-site,9.3,9,3.89,66.5,11,9.6,7.62,4.58,5.04,5.14,30.1,6.6,0.2907,0
EMP04318,44,Female,Engineering,Junior Dev,6.42,76887,55.2,7.6,Hybrid,9.3,11,3.92,81.5,3,12.6,5.14,5.67,6.67,3.75,43.2,4.7,0.4753,0
EMP04319,36,Male,Finance,Senior Analyst,3.33,100534,41.0,11.1,On-site,9.28,8,3.86,83.7,4,14.0,5.43,6.1,4.31,7.31,7.4,2.4,0.568,0
EMP04320,32,Female,Sales,Manager,6.24,97780,40.2,11.6,Full Remote,7.41,6,3.24,77.6,4,0.0,6.82,5.32,7.94,3.96,4.6,6.5,0.3604,0
EMP04321,34,Male,Sales,Associate,15.6,61247,40.2,12.1,Full Remote,9.09,9,3.74,50.4,8,11.0,8.39,4.14,5.91,3.91,3.9,3.0,0.4251,0
EMP04322,34,Female,Customer Support,Senior Analyst,2.19,87150,51.5,3.6,Full Remote,5.74,4,3.16,75.7,4,10.3,3.29,1.76,8.05,4.24,2.7,5.4,0.4865,0
EMP04323,44,Male,Engineering,Junior Dev,0.29,46803,42.9,9.2,Hybrid,6.67,8,3.72,78.9,8,16.4,7.35,3.64,4.05,5.4,14.4,1.2,0.1441,0
EMP04324,26,Female,Sales,Associate,0.55,86260,39.7,7.0,Hybrid,7.85,8,3.73,71.2,2,10.7,6.44,4.56,8.01,5.71,25.7,4.1,0.4587,0
EMP04325,28,Male,Sales,Manager,1.17,78712,41.6,11.8,On-site,6.93,7,3.31,72.3,4,10.4,4.79,5.81,9.01,5.15,8.2,2.5,0.5608,0
EMP04326,43,Male,Engineering,Senior Dev,0.33,84474,35.0,2.2,Hybrid,8.18,6,3.39,85.2,3,9.9,9.32,2.28,4.81,3.08,33.6,6.4,0.1971,0
EMP04327,30,Female,Marketing,Associate,5.07,67563,38.3,26.4,On-site,8.12,15,2.36,66.8,2,4.0,5.58,6.42,3.79,5.86,8.6,6.6,0.6031,0
EMP04328,42,Male,Sales,Associate,1.06,127101,35.1,3.1,Full Remote,7.28,7,3.54,48.9,5,10.4,8.05,4.37,4.76,5.32,23.8,3.1,0.4963,0
EMP04329,48,Female,Finance,Manager,11.17,52467,42.8,4.4,Full Remote,8.0,7,3.97,84.1,3,10.9,6.63,3.97,6.8,6.38,6.2,2.5,0.3866,0
EMP04330,31,Male,Operations,Manager,3.64,99288,50.3,3.6,Full Remote,6.99,5,3.69,54.3,1,10.5,7.12,7.87,7.45,3.37,14.0,6.3,0.6014,0
EMP04331,40,Male,Marketing,Manager,0.57,49207,49.4,31.5,Hybrid,3.42,8,3.61,50.5,5,10.5,6.49,8.45,5.71,2.83,2.7,6.8,1.0,1
EMP04332,25,Male,Engineering,Senior Dev,1.94,87608,55.1,16.5,Full Remote,3.28,12,2.35,94.1,3,11.1,6.94,2.51,8.89,4.58,37.2,1.0,0.5287,0
EMP04333,41,Female,HR,Senior Analyst,1.89,89394,53.3,33.1,Hybrid,7.2,11,3.81,70.4,1,14.5,7.2,6.07,8.19,5.43,1.2,9.0,0.4508,0
EMP04334,36,Male,Engineering,Senior Dev,2.03,76374,40.8,19.4,Full Remote,8.39,6,2.52,75.7,5,18.7,7.64,4.42,5.23,7.22,4.5,2.8,0.5005,0
EMP04335,38,Female,HR,Analyst,2.3,62616,45.2,21.7,Full Remote,5.32,7,2.9,87.8,3,11.2,5.63,4.25,7.25,4.45,17.7,3.0,0.4018,0
EMP04336,29,Male,Finance,Analyst,0.1,78528,44.7,22.7,Hybrid,8.39,8,2.58,69.2,1,6.0,8.44,5.83,6.08,6.85,6.0,3.9,0.4021,0
EMP04337,22,Male,Engineering,Senior Dev,3.48,81675,35.0,8.7,Hybrid,4.02,4,2.68,64.7,6,12.4,5.09,4.98,7.89,4.88,13.8,5.1,0.4761,0
EMP04338,39,Male,Operations,Analyst,2.0,119748,35.3,4.3,On-site,9.7,14,3.61,54.7,5,15.2,7.29,6.44,7.02,5.07,8.3,4.2,0.3635,0
EMP04339,22,Male,Customer Support,Manager,4.7,53191,43.7,19.2,On-site,4.62,14,2.42,73.4,4,17.1,7.25,4.29,7.13,6.48,5.5,12.8,0.4556,0
EMP04340,32,Female,Operations,Analyst,5.07,61102,43.6,2.1,Full Remote,8.44,12,2.51,87.3,5,14.0,5.06,4.63,5.89,5.84,7.7,8.4,0.4609,0
EMP04341,42,Female,Sales,Senior,0.79,82118,49.1,10.0,On-site,8.79,7,4.77,54.5,3,6.8,5.93,8.33,4.95,3.7,2.3,5.1,0.6258,0
EMP04342,36,Female,HR,Analyst,0.15,68598,48.7,7.5,Hybrid,9.4,12,4.99,84.7,6,13.8,8.08,3.16,7.16,4.62,0.7,8.1,0.319,0
EMP04343,50,Male,Customer Support,Analyst,3.64,72498,35.0,4.3,Hybrid,7.51,6,4.3,69.3,6,9.9,6.42,6.37,4.97,4.23,9.3,8.6,0.5672,0
EMP04344,43,Male,Sales,Associate,11.42,101758,49.1,6.7,Full Remote,4.74,14,3.26,88.5,4,14.4,7.63,2.2,6.19,7.23,1.5,7.2,0.3371,0
EMP04345,29,Male,Operations,Analyst,1.78,40000,46.4,7.3,Hybrid,9.1,5,4.41,85.4,7,11.9,4.99,4.15,7.76,7.48,8.5,5.1,0.2334,0
EMP04346,35,Female,Engineering,Senior Dev,0.9,60051,50.0,39.7,Full Remote,7.61,9,3.93,66.4,2,14.7,3.82,4.03,7.2,6.39,46.7,4.5,0.6303,0
EMP04347,34,Male,Engineering,Senior Dev,0.51,40000,53.5,4.1,Full Remote,5.27,7,1.94,77.7,2,8.7,8.15,7.18,4.13,6.98,1.1,4.6,0.5463,0
EMP04348,22,Female,Operations,Senior Analyst,1.02,45104,43.9,9.8,Full Remote,8.07,10,4.43,62.4,3,8.5,6.57,5.95,5.7,3.0,18.1,2.6,0.4302,0
EMP04349,27,Male,Operations,Analyst,1.19,135115,55.0,15.6,Hybrid,6.97,9,2.5,76.0,6,5.8,7.3,4.17,7.02,7.07,14.6,4.3,0.5524,0
EMP04350,30,Male,Operations,Senior Analyst,1.65,89954,37.9,3.3,Hybrid,6.1,6,3.09,95.2,6,3.2,3.14,4.82,6.78,6.59,21.3,2.3,0.4597,0
EMP04351,22,Male,Customer Support,Senior Analyst,3.2,98789,37.4,13.6,On-site,8.85,11,3.74,64.9,3,10.3,8.38,3.53,5.43,5.42,6.8,6.4,0.0769,0
EMP04352,35,Male,Engineering,Senior Dev,0.96,72986,48.4,22.8,Hybrid,7.18,10,3.74,78.5,2,8.2,6.72,4.41,8.19,4.36,20.9,3.1,0.4668,0
EMP04353,33,Female,Engineering,Tech Lead,0.16,93967,42.0,14.0,On-site,7.16,6,3.81,67.6,7,18.5,2.81,6.55,5.57,3.03,6.5,3.1,0.6736,0
EMP04354,22,Male,Customer Support,Senior Analyst,1.4,40000,47.1,9.2,On-site,6.84,8,4.46,71.5,7,18.7,5.25,6.38,6.39,5.74,9.4,5.4,0.7007,1
EMP04355,38,Female,Engineering,Senior Dev,5.81,100957,60.9,33.2,Full Remote,8.28,6,3.72,80.9,2,1.4,6.6,5.94,3.61,7.75,34.6,2.8,0.6517,0
EMP04356,40,Male,Finance,Manager,2.07,54503,48.1,17.3,Hybrid,7.77,7,3.63,69.3,1,20.4,7.59,5.26,8.83,6.52,60.3,4.5,0.4648,0
EMP04357,36,Female,Marketing,Manager,10.04,61717,46.7,15.6,Hybrid,6.41,8,4.73,48.1,5,18.8,7.22,3.92,7.12,7.6,11.6,2.3,0.3418,0
EMP04358,32,Male,Engineering,Manager,2.1,87628,38.0,10.9,Hybrid,6.86,14,3.44,69.8,2,15.6,6.82,2.1,6.14,5.14,36.5,6.8,0.3959,0
EMP04359,39,Female,Sales,Senior,0.97,82911,35.0,45.5,Hybrid,4.34,7,3.41,73.0,3,22.1,4.99,5.11,7.29,2.69,2.7,3.2,0.8626,1
EMP04360,40,Female,Marketing,Senior,0.64,77115,44.4,18.5,Hybrid,6.42,9,3.86,78.4,3,22.2,4.68,3.52,4.97,5.84,0.4,2.6,0.3711,0
EMP04361,37,Other,Operations,Analyst,3.56,40922,53.5,14.0,Full Remote,6.05,6,5.0,87.8,5,19.9,5.68,5.23,8.15,3.77,3.0,11.3,0.4545,0
EMP04362,28,Male,Finance,Senior Analyst,2.31,77495,42.4,54.9,Hybrid,6.02,4,2.95,68.2,8,12.2,8.45,5.72,9.31,5.17,51.1,3.1,0.7621,1
EMP04363,37,Female,HR,Manager,2.78,99014,48.2,18.0,Full Remote,6.73,10,2.13,53.4,2,12.0,4.56,6.9,5.62,5.8,34.6,6.7,0.6544,0
EMP04364,44,Male,Marketing,Senior,4.22,61687,56.4,5.7,Full Remote,7.65,9,3.49,51.5,3,16.8,4.75,4.86,8.8,5.01,1.6,1.1,0.4982,0
EMP04365,30,Male,Sales,Manager,3.88,107873,56.2,2.8,Hybrid,5.64,8,4.62,77.9,4,8.6,6.72,5.23,5.75,7.23,42.3,1.1,0.6752,0
EMP04366,51,Male,Engineering,Senior Dev,0.13,53182,48.4,7.4,Hybrid,8.81,12,3.97,61.2,4,11.0,5.35,3.3,5.4,2.86,9.5,6.2,0.5131,0
EMP04367,30,Male,Sales,Senior,4.87,75163,46.4,10.1,Full Remote,5.67,9,3.09,62.9,3,4.0,6.47,4.79,5.6,6.73,6.7,14.8,0.4958,0
EMP04368,35,Other,Engineering,Manager,2.28,113383,35.0,5.2,Hybrid,5.83,5,3.51,87.2,3,9.4,7.66,2.36,4.85,6.86,2.7,2.4,0.3367,0
EMP04369,29,Male,Engineering,Tech Lead,1.49,57965,40.0,16.1,Hybrid,7.25,13,2.71,87.1,6,13.1,8.06,5.07,4.79,6.43,2.8,15.5,0.4241,0
EMP04370,36,Female,Sales,Director,2.31,101349,42.8,14.1,Full Remote,5.26,8,2.07,79.7,4,11.2,5.69,2.21,4.9,5.42,23.4,5.4,0.5884,0
EMP04371,22,Female,Sales,Manager,2.84,124366,38.2,9.0,Hybrid,9.26,10,3.27,52.5,4,14.2,7.83,8.26,6.89,6.41,64.2,1.5,0.4519,0
EMP04372,30,Female,Engineering,Senior Dev,0.49,79276,47.0,6.0,Full Remote,8.87,3,2.7,76.2,3,23.9,7.91,7.86,7.11,5.76,43.4,5.2,0.4934,0
EMP04373,26,Female,HR,Senior Analyst,1.62,61824,60.3,23.6,On-site,8.03,8,3.25,49.5,5,13.4,5.97,7.26,8.27,6.69,17.8,5.4,0.5327,0
EMP04374,36,Male,Marketing,Director,1.23,55681,57.1,12.1,Full Remote,5.5,10,2.31,81.5,4,8.4,9.4,3.76,7.17,4.97,21.5,7.0,0.4233,0
EMP04375,42,Female,Engineering,Senior Dev,1.29,107615,47.0,12.9,Hybrid,8.9,9,4.88,78.1,5,7.3,5.97,5.14,3.87,4.33,16.8,6.2,0.5391,0
EMP04376,40,Male,Customer Support,Analyst,0.29,106917,51.2,14.9,On-site,3.03,13,4.26,88.2,4,18.5,4.6,4.47,5.3,6.7,40.5,3.6,0.7222,1
EMP04377,22,Female,Engineering,Senior Dev,0.52,111232,39.2,7.3,On-site,8.86,10,3.07,76.9,6,7.9,6.83,3.0,8.46,3.66,4.8,3.4,0.318,0
EMP04378,51,Female,Operations,Senior Analyst,0.53,74179,56.7,4.2,On-site,6.04,5,3.54,64.4,4,15.0,6.43,7.78,8.11,4.11,26.3,2.3,0.5654,0
EMP04379,37,Other,Engineering,Junior Dev,1.4,100945,35.0,2.3,Full Remote,8.83,3,4.35,72.9,5,15.8,8.76,4.92,8.9,5.6,16.6,12.3,0.1435,0
EMP04380,28,Male,Operations,Senior Analyst,6.75,73779,52.3,14.7,Full Remote,4.56,8,3.75,84.0,5,16.0,4.6,3.95,6.11,5.53,2.5,3.7,0.4476,0
EMP04381,36,Male,Engineering,Junior Dev,0.69,52923,49.0,11.7,Hybrid,9.76,9,3.22,45.6,4,7.2,5.1,2.96,7.96,3.31,2.8,12.4,0.3293,0
EMP04382,36,Male,Operations,Analyst,1.61,103104,39.0,2.9,Hybrid,5.11,11,3.88,77.6,1,14.3,6.64,6.25,2.39,3.8,39.5,6.5,0.5225,0
EMP04383,29,Male,Sales,Manager,1.12,115846,43.3,14.4,On-site,8.49,12,3.29,72.7,6,12.6,3.87,7.14,3.57,6.21,20.6,1.9,0.6084,0
EMP04384,36,Male,Finance,Senior Analyst,4.64,49484,35.9,16.5,Full Remote,8.03,3,3.39,49.4,6,6.4,3.84,4.81,5.63,2.26,2.3,0.7,0.451,0
EMP04385,30,Female,Sales,Manager,0.15,49014,36.3,15.6,Hybrid,6.89,11,4.9,43.3,5,7.0,5.87,4.28,6.42,5.41,27.2,0.2,0.539,0
EMP04386,31,Male,Engineering,Senior Dev,0.66,75999,35.0,24.7,Hybrid,8.56,6,3.84,57.5,2,15.2,4.23,2.27,5.28,4.56,60.1,2.7,0.4326,0
EMP04387,29,Female,Operations,Manager,0.71,98903,51.1,13.4,On-site,5.75,11,3.44,78.7,7,22.3,5.13,3.52,6.38,5.85,31.0,2.1,0.4782,0
EMP04388,23,Female,Engineering,Junior Dev,14.87,46654,54.6,12.9,Full Remote,9.08,15,2.7,56.0,4,14.2,5.89,5.37,4.38,3.29,1.9,4.9,0.4613,0
EMP04389,36,Female,Customer Support,Analyst,2.54,80675,35.0,0.8,On-site,8.69,7,3.93,72.2,1,9.8,8.58,3.88,6.9,6.06,0.1,2.2,0.058,0
EMP04390,39,Male,Engineering,Tech Lead,0.45,60239,59.7,5.7,Hybrid,8.36,8,4.33,82.4,5,1.6,7.3,4.6,8.64,6.87,30.9,6.6,0.4955,0
EMP04391,39,Male,Marketing,Manager,0.95,92520,44.9,4.0,On-site,8.31,4,4.42,66.3,1,16.5,6.89,5.68,5.32,5.84,34.6,0.9,0.3464,0
EMP04392,41,Male,Finance,Analyst,0.55,55052,47.3,12.7,Hybrid,6.95,12,5.0,57.7,7,15.5,7.27,3.75,6.17,7.44,5.6,1.9,0.5127,0
EMP04393,37,Male,Sales,Director,0.4,94295,35.0,10.9,On-site,6.89,8,2.72,71.2,2,15.7,8.31,6.15,7.15,4.46,19.0,6.1,0.5789,0
EMP04394,30,Female,Engineering,Senior Dev,4.79,71044,55.6,8.3,Full Remote,5.68,11,1.9,61.9,2,13.6,7.35,3.16,5.39,5.14,15.9,7.5,0.4137,0
EMP04395,41,Male,Operations,Manager,2.05,51571,46.6,7.2,On-site,8.51,9,4.3,78.3,5,15.6,8.76,4.88,5.54,3.01,47.3,4.7,0.4584,0
EMP04396,24,Female,Operations,Senior Analyst,2.99,76592,54.1,11.9,Hybrid,7.68,6,2.54,81.0,5,8.7,7.49,5.29,6.7,4.56,55.5,11.7,0.4592,0
EMP04397,27,Female,Customer Support,Senior Analyst,1.21,40000,54.8,2.3,Hybrid,7.99,7,2.57,79.6,0,22.2,9.71,5.52,3.24,6.79,22.7,8.2,0.3352,0
EMP04398,27,Female,Sales,Senior,2.42,61022,55.7,6.6,Full Remote,7.31,4,3.95,77.7,4,15.0,5.3,3.46,7.92,8.38,7.7,9.3,0.3835,0
EMP04399,43,Male,Marketing,Associate,0.89,83435,39.8,24.5,Hybrid,9.89,3,3.75,80.1,3,22.3,6.43,4.76,6.33,4.93,1.5,1.0,0.4569,0
EMP04400,42,Male,Sales,Senior,1.1,40000,43.3,14.0,Full Remote,4.21,9,2.99,82.7,7,12.7,7.48,3.23,7.13,4.17,45.5,2.6,0.5897,0
EMP04401,38,Female,Sales,Senior,3.17,40000,40.1,3.4,Full Remote,9.25,7,2.84,53.8,8,4.9,7.75,5.23,3.15,4.93,86.5,14.9,0.3911,0
EMP04402,43,Female,Operations,Analyst,0.49,40000,52.2,25.6,Full Remote,7.11,6,3.53,83.7,1,10.3,6.67,6.89,6.58,6.8,27.2,1.8,0.6415,0
EMP04403,27,Male,Sales,Associate,2.88,108178,47.7,3.9,Full Remote,5.15,9,3.12,80.4,2,13.2,6.39,5.88,5.02,6.77,5.8,18.5,0.5118,0
EMP04404,37,Male,Sales,Associate,5.74,73081,53.6,12.6,Hybrid,7.95,11,3.6,62.5,4,17.9,6.84,4.14,7.48,3.3,39.5,4.2,0.6584,0
EMP04405,33,Male,Sales,Manager,0.38,61688,53.9,10.9,Full Remote,8.77,4,2.7,92.8,5,13.8,8.08,4.87,8.85,4.8,18.1,7.7,0.4216,0
EMP04406,41,Female,Finance,Senior Analyst,6.83,98628,35.0,7.6,Full Remote,8.04,8,2.8,81.1,3,7.2,6.04,7.28,7.27,7.44,3.2,5.4,0.5407,0
EMP04407,34,Male,Customer Support,Senior Analyst,0.25,64888,55.8,18.5,Full Remote,8.35,9,2.26,83.3,5,5.0,7.39,7.66,2.82,3.18,14.2,18.7,0.7462,1
EMP04408,31,Female,Finance,Manager,1.29,81711,52.6,12.8,Hybrid,6.06,6,3.79,74.9,1,7.4,7.16,4.4,3.94,4.67,1.0,2.4,0.474,0
EMP04409,39,Male,Marketing,Senior,2.83,75643,42.0,4.2,Hybrid,8.74,7,2.98,81.6,6,17.7,5.94,5.43,4.08,3.95,0.2,12.3,0.414,0
EMP04410,42,Female,Operations,Manager,2.46,63225,47.8,3.3,Hybrid,6.17,8,4.08,59.0,3,9.6,9.65,3.56,5.23,5.22,9.7,0.8,0.3421,0
EMP04411,29,Female,HR,Analyst,0.3,82353,44.0,13.8,Hybrid,8.99,7,1.74,56.0,2,9.9,6.62,3.74,7.71,7.98,16.8,3.4,0.2046,0
EMP04412,34,Female,Engineering,Junior Dev,4.81,94331,49.9,3.1,Hybrid,8.55,9,2.39,57.6,6,5.7,8.09,2.79,4.36,5.32,4.4,1.6,0.3216,0
EMP04413,26,Male,Engineering,Senior Dev,10.85,70377,42.0,14.3,On-site,8.22,7,3.36,77.0,6,16.4,5.78,7.72,7.91,5.06,1.9,2.8,0.5021,0
EMP04414,22,Male,Engineering,Senior Dev,0.6,63486,48.8,12.2,Full Remote,5.63,12,2.96,85.9,3,18.1,8.03,5.34,6.67,4.35,12.2,3.3,0.556,0
EMP04415,36,Male,Marketing,Manager,6.77,66437,45.5,27.3,On-site,9.01,9,2.64,78.6,3,11.8,4.12,5.56,6.94,4.11,68.3,4.5,0.5059,0
EMP04416,39,Female,Operations,Senior Analyst,2.44,40000,41.5,2.9,Full Remote,7.35,10,3.28,57.4,3,18.9,7.06,7.12,8.45,6.62,35.5,0.9,0.2628,0
EMP04417,37,Female,Sales,Associate,8.24,82076,46.5,13.0,Hybrid,9.03,7,3.27,67.9,5,16.1,7.97,4.29,8.18,4.54,1.4,0.3,0.3012,0
EMP04418,22,Female,Sales,Manager,0.58,44772,66.7,16.2,Hybrid,7.35,14,4.2,74.8,1,13.9,5.9,1.71,6.21,5.84,95.8,9.3,0.5377,0
EMP04419,32,Male,Customer Support,Senior Analyst,4.71,90742,39.5,8.9,Full Remote,4.41,7,3.71,68.9,4,15.0,8.58,5.02,3.95,6.66,49.0,1.4,0.569,0
EMP04420,22,Female,Operations,Analyst,0.18,72739,43.0,3.1,Hybrid,7.44,11,4.4,87.3,2,6.0,8.33,2.96,4.33,2.52,0.5,4.3,0.3144,0
EMP04421,45,Male,Finance,Senior Analyst,6.44,77628,39.7,19.8,On-site,8.65,4,4.73,62.7,3,15.8,6.71,5.26,5.62,6.68,27.6,6.1,0.4563,0
EMP04422,26,Female,Sales,Director,3.36,92508,40.5,9.6,Hybrid,5.59,7,2.99,48.4,6,19.2,6.74,5.3,6.88,6.93,22.1,9.9,0.5951,0
EMP04423,45,Male,Engineering,Tech Lead,1.39,51836,51.5,7.5,Hybrid,7.6,5,4.38,53.5,2,12.0,6.36,4.59,4.7,3.55,31.6,4.1,0.3607,0
EMP04424,42,Female,Engineering,Senior Dev,0.63,84231,50.7,8.4,Full Remote,6.97,6,4.2,80.4,2,8.5,8.63,3.93,7.41,4.94,15.2,7.3,0.3523,0
EMP04425,27,Male,Engineering,Senior Dev,5.09,81690,45.0,16.8,On-site,5.43,10,3.47,73.4,4,9.6,4.36,5.88,7.05,4.68,0.3,4.6,0.6654,0
EMP04426,25,Male,Sales,Associate,2.77,70380,53.2,10.8,On-site,7.93,5,3.92,68.3,2,17.6,6.66,6.0,6.75,5.86,11.6,5.1,0.3802,0
EMP04427,37,Female,Marketing,Senior,1.34,51795,51.3,16.5,Hybrid,8.22,4,3.65,63.3,6,12.0,7.91,5.89,5.71,6.42,111.0,6.2,0.5274,0
EMP04428,28,Male,Engineering,Tech Lead,1.76,89880,43.7,3.1,On-site,9.24,5,3.45,82.3,5,9.8,6.25,6.5,7.41,7.56,22.0,5.2,0.4345,0
EMP04429,35,Female,Engineering,Senior Dev,5.26,92586,35.0,2.9,Full Remote,6.75,11,3.71,75.7,2,13.7,5.65,6.62,9.2,5.37,23.5,15.8,0.4202,0
EMP04430,31,Female,Engineering,Junior Dev,1.24,77840,51.6,1.3,Hybrid,5.16,10,3.76,60.8,5,12.8,7.49,5.7,6.9,5.64,22.7,11.7,0.3261,0
EMP04431,22,Female,HR,Manager,0.28,48242,46.4,27.0,Hybrid,7.37,6,4.32,73.9,6,11.5,7.22,4.06,6.24,6.55,7.1,13.8,0.4155,0
EMP04432,22,Male,HR,Manager,7.27,61813,45.2,6.2,Hybrid,8.59,11,2.67,80.6,5,15.2,5.8,4.99,4.73,5.17,10.8,2.1,0.6234,0
EMP04433,36,Female,Marketing,Senior,1.47,73491,41.3,3.7,Full Remote,7.22,5,4.11,81.2,6,5.0,7.56,4.42,4.7,6.48,34.4,3.4,0.2227,0
EMP04434,30,Female,Sales,Associate,1.28,92212,51.0,6.4,On-site,7.37,10,2.58,68.9,4,21.6,6.71,3.4,7.8,5.03,3.5,8.5,0.3315,0
EMP04435,30,Male,Sales,Associate,0.69,40000,47.8,8.2,On-site,7.82,10,3.43,74.9,3,9.6,7.58,7.05,4.62,7.2,29.3,7.5,0.523,0
EMP04436,40,Female,Engineering,Junior Dev,6.83,60904,43.1,4.1,On-site,8.84,6,3.71,79.2,7,9.0,8.19,2.7,5.23,4.16,18.9,2.7,0.2399,0
EMP04437,44,Male,Engineering,Senior Dev,0.74,64933,35.2,7.6,Full Remote,7.25,9,1.49,78.9,2,17.2,6.73,5.28,5.25,6.98,29.9,4.2,0.5099,0
EMP04438,32,Male,Operations,Analyst,3.04,72919,53.5,6.5,Full Remote,7.9,6,3.27,73.7,3,14.4,5.85,3.37,4.3,5.82,2.6,1.7,0.5852,0
EMP04439,32,Male,Customer Support,Manager,6.38,42466,49.8,8.0,Hybrid,7.06,6,3.86,75.5,4,16.0,6.42,3.43,4.86,7.22,22.1,11.6,0.573,0
EMP04440,39,Male,HR,Manager,0.11,69561,47.0,12.5,On-site,9.51,7,3.41,71.0,3,15.0,6.08,4.89,8.32,3.17,7.3,14.7,0.4108,0
EMP04441,24,Male,Customer Support,Analyst,5.29,67237,35.0,11.9,On-site,6.67,5,2.77,81.6,4,0.6,5.37,5.0,4.29,5.25,66.5,4.5,0.4897,0
EMP04442,36,Female,HR,Senior Analyst,1.59,49060,44.7,3.0,Full Remote,7.42,5,4.08,72.2,2,7.4,6.55,5.67,4.87,2.64,2.2,9.1,0.5788,0
EMP04443,39,Female,Engineering,Tech Lead,3.22,72050,43.1,5.5,Hybrid,7.73,13,2.87,72.4,7,12.4,5.21,7.77,7.15,6.18,8.0,2.7,0.4521,0
EMP04444,40,Male,Customer Support,Manager,1.4,61470,40.1,15.2,Hybrid,9.01,7,3.67,62.2,5,6.6,8.49,6.97,6.19,2.35,23.6,0.7,0.4779,0
EMP04445,22,Female,Engineering,Tech Lead,3.57,87389,51.0,13.3,Full Remote,8.5,7,3.41,95.1,3,12.0,8.73,2.47,6.2,4.26,14.0,0.8,0.2866,0
EMP04446,28,Female,Finance,Analyst,0.88,52866,50.7,11.9,Hybrid,8.17,8,3.43,81.1,2,13.0,5.45,5.89,5.74,5.12,21.4,11.0,0.6558,0
EMP04447,27,Female,Sales,Associate,0.1,77245,48.5,0.8,Full Remote,8.71,11,3.64,69.0,3,11.6,5.88,3.32,6.95,4.39,26.8,8.3,0.2594,0
EMP04448,35,Female,Sales,Manager,8.86,54790,53.3,10.8,Hybrid,5.86,8,3.0,49.1,3,8.9,8.86,7.11,3.48,3.28,24.3,2.4,0.5626,0
EMP04449,38,Female,HR,Senior Analyst,0.1,60006,36.8,41.8,On-site,4.32,10,4.23,68.6,8,7.7,8.1,4.18,9.12,6.13,65.5,4.3,0.4748,0
EMP04450,46,Male,Sales,Associate,5.21,82432,41.4,9.9,On-site,8.19,6,2.85,90.1,2,13.7,6.09,3.16,9.18,4.92,13.6,7.1,0.2646,0
EMP04451,31,Male,Sales,Senior,0.56,80867,45.6,17.0,Hybrid,8.24,12,4.17,72.9,7,5.2,6.97,4.53,6.97,8.49,9.3,4.8,0.189,0
EMP04452,31,Male,Sales,Manager,1.49,64574,40.0,10.6,Full Remote,6.81,12,3.2,65.8,4,13.9,6.6,5.7,7.36,6.58,9.7,3.1,0.482,0
EMP04453,44,Female,Sales,Associate,5.19,68264,50.8,6.2,Hybrid,7.89,7,1.91,72.0,5,14.5,6.55,5.68,5.36,4.86,5.5,9.4,0.4423,0
EMP04454,37,Male,Customer Support,Manager,0.69,40000,40.8,35.8,On-site,8.48,3,2.87,64.4,4,10.1,2.78,4.3,3.89,4.67,99.1,12.5,0.6293,0
EMP04455,45,Female,Operations,Analyst,6.02,110069,55.4,7.0,Hybrid,7.91,14,4.55,65.7,9,13.8,8.17,3.94,9.12,3.64,41.2,7.7,0.263,0
EMP04456,37,Male,Marketing,Manager,2.07,92186,37.6,18.0,Hybrid,8.72,10,4.43,70.7,5,9.5,8.28,2.27,7.47,6.36,23.4,3.7,0.4194,0
EMP04457,25,Female,Engineering,Senior Dev,1.37,91286,62.1,31.7,On-site,6.34,9,1.94,76.8,3,13.8,5.33,5.48,5.41,7.15,81.5,7.9,0.6206,0
EMP04458,24,Male,Operations,Analyst,3.26,40000,61.2,0.7,On-site,7.91,11,2.91,91.3,4,7.6,8.25,3.66,5.27,4.37,0.3,5.6,0.5174,0
EMP04459,22,Male,Engineering,Tech Lead,1.25,60112,44.2,13.1,On-site,9.47,8,1.95,45.5,3,10.3,5.64,3.41,6.48,6.23,46.9,3.7,0.3614,0
EMP04460,40,Male,Engineering,Tech Lead,1.28,66636,54.2,4.9,On-site,9.11,9,3.58,52.7,3,13.3,6.53,4.49,3.23,4.08,6.7,9.0,0.3373,0
EMP04461,44,Male,Sales,Director,3.97,40000,41.8,2.3,Hybrid,7.84,9,2.96,87.4,3,11.3,7.61,5.7,5.98,2.78,47.2,14.1,0.4546,0
EMP04462,49,Male,Operations,Analyst,1.11,97248,53.1,18.9,On-site,8.96,6,3.78,45.3,5,11.3,5.92,4.89,9.15,4.4,74.9,7.8,0.4151,0
EMP04463,41,Female,Engineering,Senior Dev,0.67,111347,43.6,14.6,Hybrid,8.63,6,4.04,47.6,4,18.3,5.15,4.49,8.74,7.67,9.3,9.3,0.3805,0
EMP04464,44,Male,Engineering,Senior Dev,4.95,126548,35.0,11.0,Full Remote,9.34,13,4.71,60.8,5,7.2,7.1,7.47,5.96,8.01,22.2,4.2,0.3305,0
EMP04465,30,Male,Marketing,Senior,4.91,48852,35.0,11.5,Hybrid,6.64,3,4.88,68.1,4,6.7,4.45,4.44,8.32,6.99,3.2,5.1,0.3487,0
EMP04466,25,Female,Sales,Manager,2.06,77933,42.9,12.8,Hybrid,7.17,13,5.0,81.5,2,14.0,6.4,3.56,7.88,5.75,120.0,1.4,0.3822,0
EMP04467,41,Male,Marketing,Associate,2.24,108070,47.2,15.3,Full Remote,9.21,8,4.24,58.5,9,5.2,3.65,5.77,4.62,6.26,16.9,13.0,0.709,1
EMP04468,38,Female,Marketing,Associate,3.57,68659,55.6,26.2,On-site,9.49,8,3.38,77.4,0,11.2,5.01,6.85,8.83,5.78,10.0,13.2,0.3657,0
EMP04469,35,Other,Sales,Senior,2.14,60825,45.3,14.5,Full Remote,6.56,10,2.04,68.1,3,12.3,7.17,2.99,6.87,7.71,0.3,0.9,0.5057,0
EMP04470,38,Male,Engineering,Junior Dev,1.62,40000,53.0,24.2,On-site,8.16,6,2.86,59.8,3,13.7,5.05,3.84,4.51,5.91,83.7,1.4,0.4487,0
EMP04471,37,Male,Engineering,Manager,15.83,103315,41.4,40.1,Full Remote,5.78,10,2.41,76.1,3,8.0,7.35,2.06,5.59,5.25,73.5,16.6,0.3609,0
EMP04472,45,Male,Operations,Senior Analyst,0.48,74518,42.3,11.1,Hybrid,6.13,7,3.87,71.4,6,10.2,6.21,3.73,7.41,5.95,41.6,8.2,0.357,0
EMP04473,45,Female,Operations,Senior Analyst,2.69,56766,53.4,11.8,Hybrid,7.29,9,5.0,67.1,5,14.6,8.29,5.08,6.04,6.02,63.1,6.5,0.3828,0
EMP04474,39,Female,Engineering,Tech Lead,6.51,82096,35.0,4.2,Hybrid,8.31,3,2.79,87.9,7,11.6,5.83,3.94,6.04,5.14,1.8,3.4,0.3237,0
EMP04475,41,Female,Engineering,Senior Dev,3.49,78825,45.1,1.4,Full Remote,9.36,5,2.31,82.2,6,12.6,7.02,5.19,5.44,6.6,2.3,2.5,0.2972,0
EMP04476,39,Female,Engineering,Senior Dev,6.38,79206,41.8,15.0,On-site,6.74,4,2.68,56.2,1,15.5,5.52,5.73,7.34,5.02,21.8,2.6,0.5348,0
EMP04477,31,Male,HR,Analyst,1.23,69572,55.9,26.7,Hybrid,5.87,9,4.91,65.9,2,15.6,3.23,4.87,5.52,5.15,16.7,4.2,0.5968,0
EMP04478,41,Female,Finance,Analyst,0.95,115558,40.8,6.0,On-site,3.73,8,4.51,89.4,4,9.3,9.03,5.05,3.88,4.19,15.2,4.2,0.4908,0
EMP04479,23,Female,Sales,Associate,5.72,71658,49.1,8.4,Full Remote,7.02,8,4.36,87.5,8,11.8,7.67,7.58,5.06,5.56,3.3,3.6,0.4343,0
EMP04480,43,Female,Finance,Senior Analyst,1.5,115483,52.4,7.6,Hybrid,9.3,3,2.42,90.2,4,3.9,4.88,5.16,5.25,2.82,0.2,4.9,0.5503,0
EMP04481,25,Female,Finance,Senior Analyst,3.71,89102,35.0,4.0,On-site,8.77,7,4.24,41.8,4,15.3,8.17,6.63,5.82,5.38,13.5,1.0,0.3783,0
EMP04482,37,Female,Customer Support,Analyst,0.48,83779,43.9,1.5,Full Remote,9.32,5,3.54,48.5,5,12.4,6.95,2.58,6.45,5.68,4.3,3.1,0.1435,0
EMP04483,28,Male,Engineering,Senior Dev,4.23,72168,41.5,1.0,Full Remote,8.71,8,4.19,71.0,3,22.6,6.34,4.33,5.65,7.02,7.0,1.8,0.3221,0
EMP04484,39,Male,Engineering,Junior Dev,2.39,99348,52.6,10.8,Hybrid,6.08,9,2.65,66.9,1,8.6,7.14,2.95,3.38,6.01,2.8,5.4,0.4359,0
EMP04485,34,Female,Engineering,Manager,0.94,77824,50.4,16.4,On-site,6.56,7,3.48,64.2,4,3.3,5.94,4.56,6.59,5.32,19.6,3.5,0.4698,0
EMP04486,22,Male,Operations,Analyst,2.05,51696,43.1,6.4,Hybrid,7.43,12,3.03,69.5,4,4.4,4.78,3.66,5.4,7.91,29.9,8.8,0.3767,0
EMP04487,38,Female,Operations,Manager,3.58,50862,36.6,13.3,Hybrid,8.62,4,4.05,55.3,3,11.5,3.69,3.82,5.28,6.71,7.9,6.5,0.3208,0
EMP04488,30,Male,HR,Senior Analyst,0.1,85562,53.3,11.2,Hybrid,6.01,6,5.0,82.1,3,14.8,5.84,7.0,3.42,4.79,47.9,2.1,0.707,1
EMP04489,42,Female,Engineering,Senior Dev,3.04,52315,44.5,13.7,On-site,6.75,2,2.46,54.8,5,12.0,7.52,5.15,7.04,4.48,13.0,1.5,0.5272,0
EMP04490,35,Female,Sales,Associate,2.34,73444,35.0,37.5,Full Remote,7.84,8,3.33,89.1,2,15.5,8.38,4.28,7.5,6.57,47.3,9.2,0.4052,0
EMP04491,38,Male,Sales,Director,0.75,101429,35.0,43.0,Full Remote,5.41,4,4.33,92.2,2,14.7,9.25,4.32,7.0,5.75,2.3,4.0,0.5513,0
EMP04492,27,Female,Marketing,Associate,4.19,82599,48.5,8.7,Full Remote,8.61,6,3.17,72.2,2,12.2,4.13,7.33,2.53,6.94,55.3,5.1,0.5746,0
EMP04493,30,Female,Sales,Senior,1.08,56946,35.0,13.1,Full Remote,8.67,4,2.84,89.2,7,10.9,5.02,3.44,8.91,5.17,1.5,7.7,0.2527,0
EMP04494,31,Female,Engineering,Manager,0.97,110249,59.9,12.8,Full Remote,6.26,15,3.58,89.6,7,17.5,6.78,5.14,6.76,4.58,7.2,24.1,0.5975,0
EMP04495,41,Male,Finance,Manager,1.91,88696,37.5,19.1,Full Remote,9.06,8,3.18,86.4,2,6.9,6.59,7.45,5.3,6.28,12.0,4.1,0.4164,0
EMP04496,48,Male,Sales,Senior,3.38,100444,45.0,29.4,Hybrid,8.76,8,4.9,82.3,2,19.2,6.97,7.18,7.09,6.53,0.5,7.2,0.4124,0
EMP04497,28,Male,Marketing,Director,7.93,40000,46.3,4.7,Full Remote,9.44,8,3.76,93.0,4,13.4,7.64,5.94,8.44,4.72,43.9,5.3,0.3579,0
EMP04498,43,Male,Engineering,Tech Lead,0.46,83271,39.2,3.4,Hybrid,8.58,11,3.9,48.5,3,5.8,7.54,2.69,6.74,4.81,11.4,5.8,0.4278,0
EMP04499,22,Female,Operations,Analyst,1.51,96053,35.0,12.6,On-site,8.85,6,2.81,69.8,6,11.8,8.81,3.53,6.55,4.97,8.5,3.2,0.2005,0
EMP04500,25,Other,Marketing,Senior,0.21,117507,46.5,30.4,Full Remote,4.65,17,3.61,40.9,1,16.6,5.92,4.9,8.21,7.16,58.6,0.8,0.5443,0
EMP04501,27,Female,Customer Support,Analyst,4.26,40000,39.0,10.5,Hybrid,7.76,8,3.45,49.7,3,14.3,6.77,4.21,7.16,4.63,24.8,3.2,0.2839,0
EMP04502,24,Female,Marketing,Associate,1.78,105152,45.9,17.2,Full Remote,7.54,7,4.05,83.1,4,11.4,8.34,6.48,5.35,4.06,7.4,10.5,0.5494,0
EMP04503,22,Female,Customer Support,Senior Analyst,3.68,116109,44.0,7.6,Hybrid,7.73,6,4.03,77.2,4,18.2,8.56,4.84,8.68,3.36,6.9,8.8,0.4505,0
EMP04504,38,Male,Operations,Senior Analyst,1.17,40000,47.1,4.3,Hybrid,8.43,10,3.05,75.9,1,16.3,5.09,4.45,7.21,6.46,23.9,6.8,0.4866,0
EMP04505,33,Female,HR,Analyst,5.58,86964,57.5,9.8,On-site,4.96,14,3.6,81.5,5,15.4,8.13,6.02,7.98,5.63,17.7,1.3,0.4872,0
EMP04506,38,Male,Customer Support,Manager,2.3,90440,40.6,7.2,Hybrid,4.62,11,4.28,96.5,2,10.1,8.12,8.68,4.26,6.95,25.6,5.5,0.6108,0
EMP04507,40,Female,Sales,Associate,8.63,66824,41.2,11.0,On-site,8.06,10,3.0,83.5,6,10.5,6.83,4.14,4.89,7.0,17.3,3.0,0.3748,0
EMP04508,37,Male,Sales,Director,0.25,62747,35.0,4.4,On-site,7.43,4,5.0,93.4,4,12.7,8.32,2.95,7.25,5.53,11.6,4.0,0.3438,0
EMP04509,40,Male,Engineering,Manager,2.17,91696,43.4,10.3,Full Remote,5.66,11,2.56,90.5,4,12.6,9.33,4.66,9.0,3.79,27.2,7.1,0.4154,0
EMP04510,34,Female,HR,Manager,4.36,59625,48.3,4.7,Full Remote,7.81,8,3.29,69.3,4,23.0,8.02,5.14,5.7,7.81,16.8,12.8,0.3712,0
EMP04511,25,Female,Finance,Manager,2.75,69568,41.1,3.0,Hybrid,6.11,3,2.78,77.9,4,5.0,8.52,5.0,5.42,5.08,38.2,2.1,0.426,0
EMP04512,43,Female,Operations,Analyst,0.1,95310,48.3,14.2,On-site,8.9,10,3.91,90.9,7,11.5,6.7,6.95,6.93,6.53,120.0,3.2,0.352,0
EMP04513,30,Female,Engineering,Senior Dev,10.76,118851,43.6,4.7,Hybrid,7.71,6,3.51,67.7,4,8.3,8.32,3.34,3.66,5.34,13.1,6.5,0.4197,0
EMP04514,27,Male,Sales,Associate,1.06,88449,35.0,10.6,Full Remote,6.33,13,2.42,56.6,4,15.6,8.31,5.47,8.17,6.9,30.3,10.6,0.1309,0
EMP04515,33,Female,Engineering,Junior Dev,0.86,78337,47.5,12.6,On-site,8.42,11,5.0,47.8,1,13.6,5.61,4.14,7.63,7.11,21.0,12.8,0.4152,0
EMP04516,27,Male,Finance,Senior Analyst,1.99,62090,43.4,14.3,Full Remote,8.79,10,3.03,81.6,8,14.3,4.52,4.69,7.04,6.93,65.7,4.3,0.4036,0
EMP04517,31,Female,Engineering,Junior Dev,2.34,49734,46.0,3.9,Hybrid,7.5,7,1.92,81.0,2,1.9,6.38,3.3,6.47,3.96,9.7,11.7,0.5613,0
EMP04518,37,Female,Customer Support,Manager,4.36,102739,40.5,2.1,Full Remote,5.55,4,3.69,63.7,6,13.9,9.07,3.39,6.06,7.16,41.7,10.7,0.4533,0
EMP04519,37,Male,Engineering,Manager,1.5,71163,39.8,4.0,Full Remote,7.83,5,3.6,76.3,2,7.5,7.47,6.36,6.58,5.41,16.3,1.8,0.3332,0
EMP04520,27,Female,Sales,Senior,1.74,103767,46.3,1.1,Hybrid,9.33,10,3.0,49.6,2,3.8,7.7,4.7,7.18,4.14,14.8,9.3,0.3506,0
EMP04521,31,Female,Operations,Senior Analyst,2.3,66761,43.2,21.8,Hybrid,9.3,6,2.83,72.9,3,17.7,4.88,5.13,7.86,5.48,18.6,2.9,0.5792,0
EMP04522,43,Male,Marketing,Senior,1.5,58767,58.8,14.8,Full Remote,7.46,4,3.48,52.6,4,20.1,5.24,6.59,4.74,4.49,21.1,4.7,0.6931,0
EMP04523,38,Female,Engineering,Tech Lead,7.38,85519,51.4,6.9,On-site,7.11,5,2.66,72.7,4,13.6,6.69,1.44,6.28,6.28,36.3,2.9,0.3943,0
EMP04524,51,Female,Marketing,Senior,5.72,73086,49.4,3.5,Full Remote,9.42,6,4.18,62.3,4,14.2,5.37,4.86,4.35,5.19,46.0,15.0,0.5412,0
EMP04525,44,Female,Engineering,Junior Dev,1.82,44861,43.6,25.6,Hybrid,9.15,9,4.12,55.1,6,6.8,6.61,6.15,7.32,6.95,41.1,0.8,0.4707,0
EMP04526,44,Male,Customer Support,Analyst,0.1,120434,35.0,6.7,Full Remote,4.96,9,3.56,73.7,5,8.8,6.35,4.96,4.69,6.4,6.6,8.7,0.4422,0
EMP04527,23,Male,HR,Analyst,6.94,59325,38.5,6.0,On-site,4.04,9,2.57,60.8,3,8.7,7.71,4.31,5.43,7.22,0.2,5.4,0.591,0
EMP04528,41,Female,Sales,Director,0.4,98189,39.8,0.8,On-site,8.08,6,2.6,51.0,3,12.4,5.84,6.24,6.59,6.58,15.8,2.4,0.3712,0
EMP04529,34,Male,Marketing,Associate,0.84,96046,42.8,23.5,Full Remote,7.2,9,3.79,64.7,7,5.2,5.98,5.28,7.38,4.2,45.4,7.2,0.3547,0
EMP04530,30,Other,Engineering,Junior Dev,0.5,43513,44.7,9.7,Full Remote,8.72,13,3.84,75.5,2,15.6,6.57,5.88,7.31,6.4,17.2,3.8,0.2545,0
EMP04531,36,Male,Operations,Manager,0.59,49940,50.2,8.0,On-site,6.86,4,3.52,75.7,5,14.8,4.65,6.0,4.01,4.02,22.1,6.3,0.697,0
EMP04532,42,Female,Customer Support,Manager,4.87,67462,47.2,2.4,Hybrid,6.43,5,3.92,63.0,5,12.1,7.39,3.94,5.55,8.06,15.3,6.6,0.4638,0
EMP04533,39,Female,Operations,Manager,2.6,53358,54.3,12.5,Hybrid,9.06,7,3.92,82.2,7,12.7,6.9,4.65,6.36,4.86,4.9,4.5,0.6809,0
EMP04534,27,Male,Sales,Senior,9.38,118161,42.5,9.1,Full Remote,8.33,9,3.52,86.1,8,18.7,8.12,4.15,6.87,5.55,8.4,1.4,0.2727,0
EMP04535,40,Male,Sales,Senior,0.79,69995,47.1,20.2,On-site,7.34,8,3.56,73.4,2,16.3,7.12,6.44,7.35,7.07,65.2,10.7,0.4158,0
EMP04536,29,Female,Engineering,Senior Dev,1.99,97243,47.8,5.0,On-site,7.04,11,2.2,66.8,6,17.7,7.92,3.13,6.85,5.2,32.1,1.7,0.2668,0
EMP04537,36,Female,Finance,Analyst,11.37,87840,47.0,10.8,Full Remote,6.23,8,3.53,90.3,2,16.6,5.99,5.38,4.97,3.4,97.0,5.6,0.4779,0
EMP04538,32,Male,Marketing,Senior,5.25,81600,55.3,21.7,Hybrid,8.05,6,3.37,74.3,5,12.9,6.33,2.77,7.79,3.7,9.8,8.4,0.5357,0
EMP04539,33,Female,Marketing,Associate,3.91,76008,51.4,5.6,On-site,7.36,10,2.85,75.8,4,16.1,6.89,4.76,6.02,3.85,13.5,0.5,0.5627,0
EMP04540,41,Male,Customer Support,Analyst,0.63,105928,35.0,3.9,Hybrid,5.76,11,3.97,83.5,5,17.0,5.22,2.4,6.88,5.81,41.1,3.6,0.3356,0
EMP04541,26,Male,Engineering,Manager,4.4,54372,44.1,2.4,Hybrid,5.69,6,3.45,86.4,4,14.2,7.04,5.86,8.82,2.81,7.3,8.2,0.5743,0
EMP04542,50,Female,Engineering,Senior Dev,1.28,118158,44.9,6.5,Hybrid,7.89,10,3.73,44.0,3,1.6,7.76,4.46,7.63,4.67,23.9,8.3,0.3242,0
EMP04543,22,Male,Engineering,Manager,2.27,42819,62.2,15.4,Full Remote,9.19,11,1.92,73.2,4,5.3,7.51,7.3,5.22,5.22,28.5,11.7,0.699,0
EMP04544,30,Female,Engineering,Junior Dev,2.82,94537,42.4,0.7,On-site,6.03,11,3.36,63.8,1,17.3,5.98,7.29,7.56,3.59,46.1,3.5,0.3528,0
EMP04545,37,Male,Engineering,Senior Dev,2.82,40000,37.1,10.7,Hybrid,4.65,6,4.01,54.6,0,2.0,7.02,2.81,9.34,5.2,2.4,4.6,0.354,0
EMP04546,39,Male,Marketing,Senior,3.89,67107,48.5,17.1,Hybrid,7.08,7,3.2,89.3,6,7.3,6.99,5.27,6.69,6.28,42.1,2.4,0.4462,0
EMP04547,34,Male,Sales,Manager,3.25,77332,49.0,3.6,Full Remote,8.82,13,3.36,75.0,2,5.4,7.9,3.51,7.84,6.51,25.1,3.8,0.2221,0
EMP04548,34,Female,Engineering,Senior Dev,0.21,62832,44.4,13.9,On-site,8.38,7,3.69,63.8,5,0.6,3.65,3.08,3.18,8.55,120.0,0.4,0.3701,0
EMP04549,38,Female,Operations,Manager,1.83,70458,43.2,11.1,On-site,8.2,8,3.49,84.1,5,13.8,6.59,3.02,4.23,6.17,1.3,5.5,0.4349,0
EMP04550,33,Female,Engineering,Junior Dev,3.27,40325,52.6,5.6,Hybrid,7.02,5,4.55,45.5,6,13.6,6.48,5.35,5.3,6.59,36.6,7.7,0.43,0
EMP04551,46,Male,Finance,Manager,1.05,50313,38.2,3.5,On-site,7.71,5,3.93,60.0,2,9.3,7.56,2.54,5.81,5.68,32.5,4.8,0.533,0
EMP04552,41,Male,Sales,Associate,1.13,87456,42.3,12.6,Full Remote,5.88,11,3.87,61.9,7,18.5,8.46,6.68,5.73,4.14,37.7,2.2,0.4405,0
EMP04553,41,Female,Marketing,Manager,0.4,75741,40.8,3.5,On-site,9.23,8,3.76,92.6,1,2.3,6.17,6.69,7.27,5.6,10.3,3.8,0.3795,0
EMP04554,27,Male,Customer Support,Analyst,1.63,57736,53.8,10.5,Hybrid,4.74,10,4.5,69.7,2,9.4,6.61,4.09,4.36,3.99,15.0,7.1,0.7607,1
EMP04555,34,Female,Engineering,Tech Lead,12.99,108106,47.3,6.9,Full Remote,7.92,11,3.85,90.6,3,8.7,8.72,4.76,9.39,4.85,7.8,7.3,0.3126,0
EMP04556,32,Male,Marketing,Senior,1.01,44501,36.5,6.7,Full Remote,7.64,6,2.63,66.9,9,20.8,4.39,3.65,6.21,5.56,27.7,2.3,0.4757,0
EMP04557,26,Female,Operations,Analyst,2.27,65960,37.3,6.9,Full Remote,5.92,5,4.33,69.6,5,12.3,4.6,6.45,7.35,5.65,32.7,6.8,0.4863,0
EMP04558,37,Male,HR,Manager,4.08,62358,60.0,3.9,On-site,8.5,5,2.88,85.2,6,13.9,7.97,3.87,3.1,2.94,9.7,4.6,0.5654,0
EMP04559,30,Female,Sales,Associate,0.1,90375,53.7,14.8,On-site,7.85,11,3.96,89.7,2,11.3,6.09,6.21,5.27,5.46,5.2,9.2,0.5411,0
EMP04560,40,Male,Sales,Associate,6.92,76204,51.7,9.4,Hybrid,8.65,5,2.57,53.4,2,8.5,8.37,4.36,3.44,6.57,15.6,4.9,0.5147,0
EMP04561,26,Male,Finance,Manager,1.47,72295,45.1,2.7,Full Remote,7.18,2,2.17,67.1,8,15.3,6.63,4.25,5.05,6.29,5.0,22.8,0.3033,0
EMP04562,48,Male,Operations,Analyst,6.1,40000,57.1,19.5,On-site,7.43,7,3.28,82.1,3,15.8,7.19,5.21,7.75,5.3,13.5,8.9,0.453,0
EMP04563,27,Male,Engineering,Junior Dev,0.12,96625,36.2,15.8,Full Remote,8.36,14,4.83,88.1,0,21.0,3.88,6.21,4.23,5.33,24.9,16.8,0.4581,0
EMP04564,36,Male,Engineering,Senior Dev,0.47,69554,51.0,17.8,Hybrid,6.29,5,2.7,72.2,3,4.0,5.74,7.2,6.51,5.96,24.7,8.1,0.6364,0
EMP04565,41,Female,Sales,Manager,1.17,77891,41.5,11.4,On-site,6.13,6,2.63,89.8,8,6.0,7.93,3.02,7.48,4.16,86.9,2.2,0.3876,0
EMP04566,30,Female,Engineering,Junior Dev,1.27,56285,43.0,8.9,Full Remote,5.84,8,2.93,95.0,5,8.6,6.15,4.07,7.69,7.23,35.8,10.3,0.4375,0
EMP04567,41,Female,Sales,Senior,5.65,52354,50.8,14.8,Hybrid,6.09,7,1.95,95.3,10,19.3,5.11,6.84,6.88,5.55,51.3,10.8,0.6758,0
EMP04568,25,Female,Engineering,Tech Lead,0.1,112482,43.9,10.3,Full Remote,8.88,7,4.56,86.1,2,8.2,5.9,4.65,6.34,6.88,6.2,3.1,0.2923,0
EMP04569,46,Female,Engineering,Tech Lead,3.07,40000,41.5,4.9,Full Remote,8.27,8,5.0,81.6,6,18.4,7.5,4.22,4.34,6.94,11.2,4.9,0.2534,0
EMP04570,35,Male,Engineering,Manager,0.42,48645,41.0,12.2,Hybrid,5.91,5,3.36,70.9,3,4.4,7.0,2.93,9.29,5.41,2.5,14.4,0.4243,0
EMP04571,30,Male,Customer Support,Senior Analyst,5.2,112012,35.0,5.7,Full Remote,5.05,7,2.89,72.9,2,13.7,5.27,3.34,5.6,6.08,11.8,3.2,0.3374,0
EMP04572,32,Male,Engineering,Senior Dev,4.52,91018,51.1,6.5,Hybrid,7.49,8,3.12,69.5,8,12.4,6.92,2.12,2.37,4.01,13.4,4.4,0.4383,0
EMP04573,41,Female,Engineering,Senior Dev,2.08,66863,36.9,27.1,Full Remote,7.97,8,2.69,53.5,2,6.0,3.76,1.77,3.72,5.79,65.2,5.0,0.3146,0
EMP04574,30,Male,Engineering,Junior Dev,0.72,106164,59.9,13.3,Hybrid,8.28,9,3.58,72.1,5,14.0,7.71,2.21,8.15,5.5,20.4,2.9,0.1761,0
EMP04575,29,Male,Customer Support,Senior Analyst,3.02,86171,42.7,9.1,Full Remote,5.54,7,4.21,45.0,7,9.9,8.95,3.23,6.58,5.35,9.9,9.8,0.4215,0
EMP04576,33,Female,Operations,Manager,0.51,80816,55.5,5.3,On-site,9.45,14,4.87,83.1,5,15.4,4.63,4.65,7.48,3.98,10.3,6.1,0.4217,0
EMP04577,25,Male,Operations,Senior Analyst,0.63,80639,35.0,2.4,Full Remote,7.97,7,2.88,82.4,6,15.5,4.16,4.15,5.96,9.74,0.8,9.2,0.3019,0
EMP04578,49,Female,Engineering,Junior Dev,2.96,86630,50.9,4.2,On-site,6.74,6,2.78,79.2,2,10.5,5.88,5.23,6.52,4.3,16.8,3.6,0.4268,0
EMP04579,30,Female,Operations,Senior Analyst,14.21,87642,52.9,9.0,Hybrid,4.82,7,3.98,49.0,7,12.3,6.44,6.28,4.7,7.34,31.7,3.6,0.6286,0
EMP04580,41,Male,Sales,Senior,6.65,129899,55.4,7.1,Hybrid,6.57,5,3.29,69.8,7,19.3,7.11,5.38,3.23,4.81,8.0,10.6,0.684,0
EMP04581,36,Male,Sales,Senior,2.7,70127,35.0,0.8,On-site,8.55,11,3.45,84.2,5,8.1,6.73,4.73,8.1,7.59,52.4,6.2,0.2566,0
EMP04582,27,Female,HR,Senior Analyst,2.32,70898,39.4,11.3,Full Remote,5.93,7,3.27,65.2,2,9.6,6.27,3.7,7.04,5.02,67.9,10.0,0.3955,0
EMP04583,34,Female,Operations,Senior Analyst,19.29,44077,49.6,10.6,Full Remote,7.98,14,3.72,65.8,3,14.1,3.18,6.41,6.84,7.54,18.8,6.7,0.458,0
EMP04584,41,Male,Operations,Analyst,2.38,73702,46.2,12.5,Full Remote,8.01,8,3.91,80.6,2,14.3,6.81,4.2,4.77,8.21,35.6,5.5,0.4131,0
EMP04585,33,Female,Operations,Manager,1.63,121572,47.3,23.3,Hybrid,8.57,12,3.49,85.8,5,2.8,7.55,4.78,4.39,6.0,27.3,3.3,0.5862,0
EMP04586,44,Female,Customer Support,Senior Analyst,7.21,99612,42.1,4.8,On-site,8.84,8,2.93,72.9,9,9.0,8.53,6.33,4.75,3.68,20.5,5.7,0.4507,0
EMP04587,43,Male,Engineering,Junior Dev,0.8,61408,57.4,18.5,Full Remote,3.52,14,4.33,87.3,5,9.4,6.33,2.7,5.39,7.53,38.0,2.4,0.673,0
EMP04588,42,Male,Sales,Associate,0.31,75751,65.9,6.4,On-site,5.81,5,3.38,77.6,3,18.3,7.98,7.0,8.17,5.28,15.5,1.5,0.6819,0
EMP04589,31,Female,Engineering,Manager,3.02,42589,45.8,1.8,Hybrid,8.88,8,4.64,43.9,3,12.6,7.29,4.86,7.11,6.14,8.1,0.8,0.1831,0
EMP04590,26,Male,Operations,Manager,0.3,50772,48.6,7.0,Full Remote,8.26,12,2.66,69.7,2,3.8,7.04,7.57,5.31,4.51,44.7,4.6,0.3993,0
EMP04591,30,Female,Engineering,Senior Dev,1.4,78736,45.4,5.0,On-site,7.39,8,3.1,62.7,3,17.6,4.44,3.88,9.04,5.85,18.1,3.4,0.3352,0
EMP04592,36,Male,Operations,Analyst,1.65,62638,55.3,6.2,On-site,9.64,14,2.38,56.1,5,16.3,4.47,5.36,4.95,7.42,1.6,11.4,0.5206,0
EMP04593,39,Female,Sales,Associate,2.38,48885,51.6,2.9,On-site,9.38,5,4.07,61.6,2,7.0,3.78,5.17,5.1,4.75,3.8,3.9,0.4974,0
EMP04594,22,Female,Sales,Associate,14.36,87246,36.5,6.5,Hybrid,9.79,8,3.83,76.7,1,15.3,6.64,6.34,6.37,4.7,14.0,5.6,0.387,0
EMP04595,34,Female,Engineering,Senior Dev,0.75,72943,40.1,11.6,Full Remote,9.14,7,3.94,77.3,0,11.0,5.91,5.42,6.42,2.89,28.4,1.2,0.4573,0
EMP04596,36,Male,Sales,Senior,1.41,40000,36.9,4.4,Hybrid,8.85,7,3.21,75.4,3,15.3,6.46,6.97,7.11,5.16,17.8,2.1,0.3863,0
EMP04597,32,Male,Operations,Senior Analyst,0.43,40000,66.6,10.7,Hybrid,7.59,12,4.12,53.0,5,21.0,6.27,5.0,4.15,4.0,3.2,2.0,0.5822,0
EMP04598,45,Female,Engineering,Tech Lead,2.81,60749,50.1,12.3,Hybrid,9.21,6,3.94,89.2,5,12.7,6.82,2.89,8.79,6.39,5.8,11.6,0.2411,0
EMP04599,38,Male,Sales,Associate,3.9,40000,40.2,12.0,Hybrid,8.72,6,3.07,82.1,5,3.8,7.64,4.47,6.14,5.8,36.0,7.8,0.3965,0
EMP04600,45,Male,Engineering,Junior Dev,1.97,40000,39.6,4.3,On-site,8.21,7,5.0,75.3,2,7.5,5.47,3.32,6.81,6.36,8.2,4.9,0.3565,0
EMP04601,33,Female,Sales,Senior,0.85,103224,51.4,6.8,Full Remote,5.77,10,3.53,67.3,2,10.1,8.83,6.49,7.15,6.96,46.3,3.6,0.5297,0
EMP04602,42,Male,Engineering,Junior Dev,2.91,72557,52.2,5.2,Hybrid,8.36,8,3.66,66.5,4,11.6,5.37,6.28,5.97,5.88,27.4,1.3,0.4472,0
EMP04603,48,Male,Sales,Associate,2.32,68363,51.4,7.3,On-site,8.42,7,4.21,90.0,0,8.0,8.81,4.27,4.26,8.0,2.9,4.3,0.3047,0
EMP04604,45,Male,Operations,Senior Analyst,0.56,70289,41.6,18.9,Full Remote,5.25,12,2.89,68.0,3,11.5,7.94,4.01,5.53,2.96,5.3,5.0,0.5847,0
EMP04605,26,Female,Sales,Manager,1.56,46554,47.4,23.3,Full Remote,7.02,7,3.49,62.3,4,5.5,3.84,4.08,4.4,5.0,34.5,6.8,0.6219,0
EMP04606,32,Female,Sales,Manager,1.71,85274,45.9,10.7,Full Remote,8.42,5,2.95,52.4,4,9.2,8.6,6.68,5.94,5.97,3.3,1.2,0.6163,0
EMP04607,32,Male,HR,Manager,12.16,71732,37.5,7.1,Full Remote,5.27,7,2.52,61.7,2,10.8,5.29,3.2,6.14,7.6,7.2,6.0,0.4653,0
EMP04608,38,Male,Engineering,Senior Dev,5.68,56064,37.6,3.5,Hybrid,3.33,9,3.93,79.6,5,15.3,7.2,7.24,7.01,5.8,1.3,5.2,0.452,0
EMP04609,40,Male,Sales,Manager,3.98,59809,48.3,3.9,Full Remote,8.68,10,1.41,75.3,6,2.6,7.0,5.5,5.82,5.54,38.9,2.2,0.5115,0
EMP04610,28,Female,Marketing,Associate,6.59,44313,46.6,8.9,Full Remote,7.62,2,2.27,68.9,2,6.2,8.14,5.19,7.62,4.79,23.9,2.3,0.2492,0
EMP04611,35,Male,Engineering,Manager,3.99,64843,49.4,0.5,Hybrid,7.12,12,4.1,56.0,6,10.5,7.09,5.1,6.13,5.47,41.6,15.8,0.4709,0
EMP04612,22,Female,Finance,Analyst,7.01,69009,51.3,22.8,Full Remote,9.38,4,2.29,54.1,5,7.6,7.45,3.82,7.65,4.62,12.5,16.1,0.2456,0
EMP04613,46,Male,Marketing,Associate,0.17,64192,57.0,16.6,Full Remote,7.25,7,3.02,87.9,7,12.7,7.1,4.3,6.42,7.92,5.9,2.9,0.411,0
EMP04614,30,Other,Operations,Analyst,1.83,76378,38.8,2.2,On-site,8.6,12,3.71,85.6,4,19.6,8.21,6.59,8.36,2.81,33.2,4.4,0.4643,0
EMP04615,35,Male,Customer Support,Manager,4.12,73037,50.0,9.9,Hybrid,7.72,8,3.9,83.4,2,5.7,6.04,3.03,7.39,3.07,32.4,6.6,0.2447,0
EMP04616,32,Female,Engineering,Manager,2.63,80769,51.0,7.4,Full Remote,7.66,8,3.91,77.2,3,5.0,7.16,3.22,4.62,3.2,14.4,4.4,0.546,0
EMP04617,44,Male,Sales,Manager,0.58,98577,42.5,20.2,On-site,6.9,4,4.04,76.6,7,11.6,7.35,8.28,6.5,4.38,6.8,5.1,0.5847,0
EMP04618,22,Male,Sales,Senior,1.25,89825,46.0,19.7,Full Remote,8.25,3,2.65,68.0,2,8.6,6.95,6.34,4.47,4.09,14.9,3.2,0.7943,1
EMP04619,34,Female,Engineering,Senior Dev,1.15,98864,42.7,1.1,Full Remote,6.8,9,3.91,85.8,2,11.5,7.9,3.36,6.75,7.82,4.2,2.2,0.2487,0
EMP04620,34,Female,Operations,Manager,0.91,53806,61.9,13.3,On-site,6.68,14,3.12,89.3,1,17.1,4.19,8.88,3.93,7.89,4.5,4.2,0.6353,0
EMP04621,31,Male,Operations,Senior Analyst,1.26,62284,45.8,10.3,Full Remote,8.83,12,1.36,67.7,3,15.4,5.78,6.56,8.01,6.79,24.3,4.6,0.5195,0
EMP04622,48,Female,Marketing,Director,2.17,91339,48.6,7.0,On-site,5.15,8,4.81,90.7,2,7.5,6.97,3.64,6.58,2.56,6.9,4.5,0.51,0
EMP04623,27,Female,Marketing,Associate,5.79,91786,42.9,6.7,On-site,5.06,8,3.14,69.7,6,9.9,4.91,5.08,5.53,3.9,39.9,10.6,0.5222,0
EMP04624,41,Female,Engineering,Senior Dev,4.06,58034,41.2,2.6,Full Remote,7.67,7,3.5,62.3,6,4.9,6.43,5.82,7.49,4.84,11.0,7.7,0.3546,0
EMP04625,37,Male,Marketing,Manager,5.41,90289,35.0,9.4,Full Remote,9.0,9,2.86,60.5,5,3.0,7.86,2.46,6.48,6.79,56.9,8.2,0.2834,0
EMP04626,45,Female,Operations,Analyst,6.45,51411,53.8,1.2,Full Remote,5.69,9,3.92,39.3,8,2.8,6.67,3.55,6.5,3.25,29.6,6.0,0.5054,0
EMP04627,29,Female,HR,Manager,1.61,87026,51.1,12.4,Full Remote,5.61,9,3.17,69.3,2,2.4,6.96,2.02,7.09,4.22,2.3,5.0,0.2641,0
EMP04628,29,Male,Sales,Senior,1.27,74342,42.6,4.4,On-site,7.55,12,2.89,60.2,2,8.7,6.55,4.08,6.59,4.8,23.4,6.7,0.4017,0
EMP04629,43,Female,Finance,Manager,0.18,40389,37.8,12.3,Hybrid,9.35,7,5.0,72.1,7,12.7,6.49,1.76,3.62,6.28,2.8,7.3,0.3757,0
EMP04630,38,Male,Sales,Associate,8.0,64148,46.4,19.2,Full Remote,4.94,6,1.24,50.9,4,13.4,6.45,5.39,5.75,6.22,5.7,5.1,0.5604,0
EMP04631,22,Male,Marketing,Manager,0.2,129556,41.0,3.2,Hybrid,7.3,9,3.08,69.6,3,11.3,6.83,4.61,4.3,3.97,43.0,10.6,0.3961,0
EMP04632,30,Female,Marketing,Senior,4.05,80069,43.2,1.5,Full Remote,8.95,8,3.65,88.2,1,14.4,6.6,3.5,7.88,6.19,8.9,3.4,0.2003,0
EMP04633,38,Female,Sales,Senior,1.42,132511,35.0,10.1,Full Remote,5.2,15,2.54,42.4,6,3.0,5.14,4.59,5.21,5.4,61.2,6.5,0.4997,0
EMP04634,41,Male,Finance,Senior Analyst,8.91,40000,46.7,14.2,Full Remote,8.41,9,2.89,91.6,2,14.3,7.61,6.87,6.12,5.73,26.9,6.2,0.47,0
EMP04635,29,Male,Operations,Manager,1.63,93768,46.9,3.2,On-site,5.97,9,3.69,78.0,3,14.1,3.45,2.54,5.2,8.47,19.7,3.1,0.3327,0
EMP04636,22,Female,Engineering,Senior Dev,5.09,40000,53.8,19.2,Full Remote,8.87,11,1.46,60.6,1,16.6,9.23,4.7,6.0,5.01,23.8,7.6,0.3423,0
EMP04637,39,Male,Customer Support,Analyst,1.0,74994,43.8,5.2,Hybrid,8.95,12,4.68,45.4,3,11.7,7.61,2.41,7.9,4.32,30.1,4.6,0.253,0
EMP04638,25,Female,Marketing,Director,1.07,90780,42.3,2.8,Full Remote,6.46,10,3.64,65.5,2,12.5,7.61,5.31,6.36,6.62,0.8,1.9,0.4821,0
EMP04639,22,Female,Finance,Analyst,2.72,95947,35.0,5.2,Hybrid,8.98,9,3.61,92.2,1,14.9,5.72,5.27,6.15,6.32,77.3,2.9,0.2405,0
EMP04640,22,Male,Operations,Analyst,18.62,55018,53.8,7.1,Full Remote,5.55,6,3.48,71.1,4,2.0,6.73,4.23,6.67,4.93,16.5,2.2,0.3434,0
EMP04641,41,Female,Marketing,Associate,2.19,100977,52.1,17.7,Full Remote,6.56,8,3.02,83.8,6,13.0,7.67,5.93,7.58,6.85,2.1,12.8,0.5426,0
EMP04642,36,Female,Operations,Manager,8.26,61657,45.2,19.1,Hybrid,6.49,6,3.25,49.3,5,8.3,8.05,6.34,4.76,8.53,23.6,7.2,0.5098,0
EMP04643,33,Male,Engineering,Junior Dev,4.63,70897,35.0,4.9,Hybrid,7.1,10,3.58,73.7,2,9.8,4.87,5.15,3.31,3.98,84.9,10.6,0.4534,0
EMP04644,46,Female,Engineering,Junior Dev,4.77,64166,35.3,3.1,Full Remote,8.48,7,3.05,60.9,3,9.6,6.33,3.59,3.83,7.35,5.3,2.0,0.422,0
EMP04645,40,Female,Finance,Manager,1.72,46590,40.6,3.5,On-site,8.04,5,3.19,67.3,5,12.6,5.68,5.73,7.39,7.2,30.7,20.8,0.3024,0
EMP04646,47,Female,Operations,Manager,1.47,114242,52.7,8.8,Hybrid,8.59,14,3.83,51.2,4,16.8,7.46,4.18,6.08,3.27,5.0,5.0,0.7142,1
EMP04647,23,Female,Operations,Analyst,0.64,76200,47.3,3.6,Hybrid,5.76,9,2.36,68.6,5,15.2,6.69,5.95,7.83,5.62,40.2,5.3,0.5676,0
EMP04648,34,Male,HR,Senior Analyst,9.97,102182,35.0,19.2,Hybrid,9.49,9,3.95,64.7,2,17.5,7.21,5.12,5.39,5.21,9.2,10.3,0.3069,0
EMP04649,22,Male,Marketing,Director,9.61,101117,48.2,6.3,On-site,9.5,9,5.0,67.0,3,10.3,5.96,4.9,6.52,5.31,7.7,2.8,0.3501,0
EMP04650,33,Male,Sales,Associate,4.12,50801,38.3,3.8,Hybrid,8.2,9,5.0,71.0,4,22.4,9.08,4.59,5.93,3.23,3.8,1.1,0.2803,0
EMP04651,33,Male,Customer Support,Manager,1.05,105403,40.8,12.5,Full Remote,6.41,6,3.74,51.4,4,19.6,8.58,5.4,8.97,5.0,35.6,5.5,0.2799,0
EMP04652,40,Male,Sales,Senior,0.84,87585,52.8,46.3,On-site,8.81,7,2.5,50.2,5,12.8,7.04,4.63,6.28,6.79,12.6,6.9,0.6199,0
EMP04653,35,Female,Finance,Senior Analyst,13.43,48977,51.1,7.1,On-site,5.87,10,4.61,72.7,1,9.5,8.41,5.48,4.8,4.61,45.4,6.7,0.4253,0
EMP04654,39,Female,Marketing,Senior,0.21,86221,53.7,11.8,On-site,7.0,9,3.35,48.3,2,9.6,8.27,2.42,7.1,6.87,20.2,3.5,0.3318,0
EMP04655,40,Female,HR,Senior Analyst,5.57,49425,44.8,15.0,Full Remote,7.95,6,4.64,61.0,3,3.7,6.05,5.46,5.37,4.39,13.2,7.2,0.4265,0
EMP04656,52,Female,Sales,Associate,1.32,115161,52.1,3.6,Hybrid,7.72,11,2.89,62.0,2,10.6,7.3,6.92,2.17,6.78,1.1,5.5,0.4775,0
EMP04657,32,Female,Customer Support,Senior Analyst,1.63,95344,40.3,4.8,Hybrid,6.13,7,3.03,39.3,5,10.7,5.55,4.5,8.62,5.75,7.8,7.1,0.2765,0
EMP04658,27,Female,HR,Analyst,5.35,73221,42.9,21.6,Hybrid,7.2,6,3.89,64.9,3,16.0,7.55,2.84,7.33,3.36,14.6,4.9,0.5163,0
EMP04659,36,Female,Customer Support,Senior Analyst,0.28,106620,42.4,11.7,On-site,7.43,6,2.95,85.6,4,3.0,7.97,4.03,5.69,5.77,14.1,3.8,0.3127,0
EMP04660,28,Male,Engineering,Junior Dev,1.31,40000,45.2,12.1,Hybrid,6.65,5,5.0,59.1,6,16.7,3.4,6.76,6.91,3.57,12.1,12.0,0.6219,0
EMP04661,46,Female,HR,Manager,9.11,56266,35.0,2.5,Hybrid,5.36,11,3.95,50.6,7,21.4,5.6,4.56,6.53,8.52,5.9,2.9,0.2991,0
EMP04662,32,Female,Finance,Analyst,3.6,68689,43.2,15.3,Full Remote,6.99,8,4.92,73.8,4,12.9,7.96,2.59,6.26,7.57,19.0,4.1,0.3894,0
EMP04663,30,Male,Finance,Senior Analyst,4.22,130892,56.6,9.7,Full Remote,8.35,6,2.59,82.5,3,7.8,6.55,2.05,4.68,5.26,34.3,5.0,0.3273,0
EMP04664,31,Female,Customer Support,Analyst,4.25,48237,36.3,6.4,Full Remote,6.04,5,2.8,29.8,5,19.3,8.95,3.26,5.3,3.64,8.2,2.8,0.3215,0
EMP04665,40,Female,Engineering,Tech Lead,0.19,40000,35.0,24.2,Full Remote,7.95,10,5.0,76.5,1,11.2,7.33,3.73,7.3,5.51,5.9,1.6,0.3519,0
EMP04666,33,Male,Engineering,Senior Dev,0.68,40000,35.0,5.2,Full Remote,5.89,4,2.21,78.8,4,5.2,9.4,2.56,5.45,7.14,30.2,7.4,0.1507,0
EMP04667,29,Female,Marketing,Manager,2.03,97655,66.3,23.3,Full Remote,9.1,11,4.59,82.6,3,11.1,5.55,5.99,6.21,4.6,1.7,1.2,0.6912,0
EMP04668,48,Male,Engineering,Junior Dev,1.38,60145,48.7,12.1,Hybrid,7.78,9,3.66,70.8,9,8.5,7.76,1.61,8.29,6.63,1.8,8.3,0.1974,0
EMP04669,28,Male,Customer Support,Analyst,1.59,71022,42.8,2.1,Hybrid,6.37,7,3.16,63.1,3,16.7,5.13,6.89,8.28,4.91,87.5,8.4,0.5768,0
EMP04670,35,Female,Engineering,Senior Dev,4.56,94070,45.5,17.2,On-site,8.85,9,4.3,62.0,1,10.0,5.31,6.03,6.88,8.02,23.6,3.9,0.3585,0
EMP04671,40,Female,Marketing,Director,0.1,71047,46.8,3.5,Hybrid,6.66,8,4.8,71.1,7,8.4,5.91,6.58,6.28,4.51,2.9,6.2,0.6253,0
EMP04672,22,Female,Engineering,Junior Dev,3.24,80103,39.9,4.7,Hybrid,6.5,10,3.56,57.1,2,5.8,6.21,2.13,6.52,6.29,17.3,5.6,0.3124,0
EMP04673,38,Female,Marketing,Associate,0.1,88380,40.9,11.9,Full Remote,8.28,5,3.73,72.3,6,8.5,7.53,4.3,5.06,7.0,0.5,5.8,0.4905,0
EMP04674,26,Male,Sales,Associate,0.2,64233,43.7,6.0,On-site,8.54,6,3.63,82.2,1,10.6,7.43,4.22,7.62,5.0,25.5,1.1,0.3417,0
EMP04675,41,Female,Engineering,Senior Dev,1.57,70842,39.2,10.4,Full Remote,8.29,9,3.44,56.8,1,15.1,7.93,6.6,5.16,5.8,49.1,11.7,0.499,0
EMP04676,27,Female,Sales,Senior,5.52,81048,41.8,10.7,On-site,6.68,8,2.17,74.6,2,4.4,8.52,5.77,2.78,5.63,4.4,10.1,0.3649,0
EMP04677,40,Other,Sales,Manager,0.47,96704,47.8,9.8,Hybrid,9.5,13,2.8,85.8,1,1.2,5.16,8.15,4.02,4.99,8.4,4.7,0.627,0
EMP04678,43,Male,Customer Support,Analyst,2.43,55190,37.0,2.2,Full Remote,9.21,5,4.5,64.7,3,15.0,7.94,2.6,7.39,5.09,2.5,8.4,0.034,0
EMP04679,41,Female,Engineering,Junior Dev,3.4,40000,65.9,17.8,Hybrid,7.27,6,3.08,83.8,3,8.4,7.45,7.39,5.07,5.75,21.2,3.9,0.4569,0
EMP04680,37,Female,Marketing,Associate,0.78,91989,51.0,5.5,Full Remote,8.56,6,2.67,74.5,6,19.2,5.11,3.18,4.13,5.25,1.5,6.0,0.4917,0
EMP04681,33,Female,Customer Support,Senior Analyst,2.15,98192,35.0,5.9,Full Remote,5.38,7,3.22,73.7,4,8.1,3.96,6.64,7.2,8.39,28.1,9.4,0.4927,0
EMP04682,30,Female,Operations,Senior Analyst,7.27,80000,35.0,16.8,Full Remote,8.82,7,3.3,79.9,2,12.9,7.75,4.63,3.54,6.6,4.3,1.5,0.5199,0
EMP04683,46,Male,Customer Support,Analyst,2.15,81707,39.5,8.3,Hybrid,4.19,4,2.36,89.5,10,9.1,8.05,2.31,7.96,6.12,13.0,7.3,0.4325,0
EMP04684,29,Female,Customer Support,Manager,0.51,60892,50.5,12.4,Full Remote,9.15,7,3.37,45.5,5,9.6,7.4,7.45,6.39,5.33,1.1,3.0,0.6714,0
EMP04685,26,Female,Marketing,Associate,2.97,87504,48.9,4.7,Hybrid,8.86,4,3.57,90.7,1,5.5,4.13,6.62,9.2,6.67,24.0,13.3,0.3605,0
EMP04686,40,Male,Finance,Senior Analyst,2.69,96329,44.1,5.7,On-site,9.23,8,2.93,63.5,3,18.9,5.11,4.04,7.87,7.18,0.3,6.1,0.2006,0
EMP04687,28,Female,Engineering,Senior Dev,0.1,76412,40.2,9.9,Hybrid,7.35,10,3.76,69.4,3,12.6,7.01,1.85,6.32,5.63,8.7,3.6,0.1269,0
EMP04688,27,Female,Sales,Associate,0.28,137281,37.8,2.6,Full Remote,8.78,11,5.0,59.5,3,13.6,8.15,5.8,4.58,3.69,7.8,0.8,0.2989,0
EMP04689,23,Male,Operations,Manager,0.51,40000,41.8,20.3,Full Remote,5.77,11,3.25,46.1,0,18.9,5.8,6.94,5.18,4.66,68.1,6.5,0.6601,0
EMP04690,31,Female,Marketing,Manager,0.44,79074,36.9,15.1,Full Remote,4.68,7,2.52,80.4,4,16.8,5.24,6.61,4.53,4.29,31.3,0.6,0.585,0
EMP04691,34,Male,Finance,Analyst,0.9,45641,41.8,2.6,Hybrid,7.08,5,4.34,76.4,4,12.5,5.01,4.49,6.18,6.53,10.6,1.5,0.416,0
EMP04692,36,Male,Finance,Senior Analyst,1.82,96996,55.6,1.2,Hybrid,7.21,9,4.28,49.8,6,7.0,7.42,3.53,8.0,5.49,16.1,8.4,0.4407,0
EMP04693,42,Female,Sales,Associate,1.39,40000,38.8,5.6,Hybrid,7.9,4,4.42,56.7,3,2.9,5.63,1.98,5.0,6.14,40.8,5.0,0.3368,0
EMP04694,39,Male,Operations,Senior Analyst,6.64,41651,49.9,6.9,Full Remote,9.23,4,3.78,60.2,5,17.0,6.58,5.93,6.68,8.69,8.8,5.1,0.2432,0
EMP04695,33,Male,Marketing,Associate,2.84,59170,51.1,6.5,Full Remote,6.32,4,3.03,58.7,4,14.9,5.99,5.97,6.6,5.02,13.4,4.3,0.6002,0
EMP04696,33,Male,Engineering,Tech Lead,6.27,81645,36.4,1.6,On-site,6.91,8,3.62,48.8,3,10.3,7.5,4.5,7.42,5.82,1.0,2.2,0.3054,0
EMP04697,39,Male,Operations,Analyst,2.25,60113,38.3,8.3,Hybrid,4.65,9,3.04,63.0,4,21.1,6.42,4.74,5.05,5.97,24.7,6.6,0.6456,0
EMP04698,45,Female,Sales,Associate,0.28,60363,53.6,12.9,On-site,6.15,3,4.58,70.2,3,2.6,6.02,6.02,5.49,3.37,24.5,6.8,0.5999,0
EMP04699,36,Female,Operations,Analyst,1.87,70477,37.6,10.9,On-site,8.94,9,4.3,80.0,3,13.9,6.88,5.03,5.67,4.57,37.9,3.1,0.3082,0
EMP04700,31,Female,Marketing,Associate,5.18,68943,44.5,1.5,On-site,5.66,5,2.23,87.0,2,6.4,4.24,5.86,5.25,5.37,21.5,1.9,0.5788,0
EMP04701,27,Female,Sales,Senior,0.65,112186,61.3,14.2,Full Remote,7.9,11,3.15,84.7,7,14.4,6.81,6.33,2.04,5.74,18.6,5.1,0.5786,0
EMP04702,23,Male,Operations,Analyst,0.29,92147,52.8,4.4,Full Remote,8.65,12,4.17,83.8,7,14.5,4.98,7.96,8.33,4.22,8.7,1.4,0.6294,0
EMP04703,40,Female,HR,Senior Analyst,1.2,66885,45.7,13.1,Full Remote,7.62,7,2.52,67.6,5,16.0,5.41,6.43,5.91,3.69,23.6,2.2,0.4929,0
EMP04704,39,Female,Sales,Associate,1.48,127425,51.7,23.5,On-site,6.93,7,3.52,80.3,2,3.7,5.52,7.12,5.89,8.04,27.6,5.2,0.6064,0
EMP04705,39,Female,Engineering,Tech Lead,1.1,87291,44.6,12.8,Full Remote,8.73,6,2.09,43.9,4,16.4,8.53,2.75,6.75,6.33,11.0,1.8,0.3813,0
EMP04706,33,Female,Operations,Senior Analyst,0.44,50775,53.1,5.7,Hybrid,6.23,7,3.18,72.8,6,10.5,4.14,7.0,8.24,6.11,3.0,2.8,0.5509,0
EMP04707,46,Female,Engineering,Manager,0.87,81412,35.0,1.2,On-site,7.13,5,3.47,82.1,3,10.6,8.92,4.67,7.48,6.24,19.3,4.9,0.2173,0
EMP04708,31,Female,Operations,Manager,3.44,88387,43.9,8.0,On-site,5.97,5,2.56,81.4,3,17.1,5.12,2.67,5.77,6.37,14.6,5.3,0.3267,0
EMP04709,42,Male,Sales,Manager,1.46,57809,35.0,8.6,Hybrid,7.66,7,3.6,91.9,4,19.5,7.5,3.61,6.07,7.59,12.7,9.1,0.2899,0
EMP04710,34,Female,HR,Senior Analyst,3.0,48687,46.3,10.4,Full Remote,8.94,3,3.92,74.7,5,11.5,5.5,6.94,6.35,7.48,30.5,3.2,0.701,1
EMP04711,30,Male,Customer Support,Analyst,2.31,77161,43.1,12.3,Full Remote,7.26,15,2.76,74.4,8,8.3,6.18,3.03,5.63,6.44,41.6,7.2,0.5864,0
EMP04712,39,Male,Engineering,Tech Lead,2.39,65994,55.9,7.2,Hybrid,4.23,8,4.08,70.1,2,6.3,4.83,2.55,4.62,3.64,8.6,3.6,0.6312,0
EMP04713,38,Male,Marketing,Director,0.86,111978,50.7,10.5,On-site,8.25,13,4.32,83.9,4,7.6,7.83,6.16,6.43,4.27,13.5,6.9,0.4425,0
EMP04714,37,Male,Operations,Analyst,2.21,93528,40.8,6.7,On-site,8.2,11,3.34,64.3,2,12.2,5.83,4.57,3.17,6.32,10.5,5.1,0.3902,0
EMP04715,35,Male,Operations,Senior Analyst,0.1,58980,41.8,12.7,Full Remote,7.53,6,2.07,81.5,4,8.5,7.65,6.48,7.8,6.76,43.5,5.8,0.55,0
EMP04716,34,Male,Marketing,Associate,1.7,85648,48.0,10.6,Full Remote,8.64,6,2.99,71.0,4,17.0,5.12,4.87,6.28,4.04,49.4,9.4,0.4797,0
EMP04717,54,Female,HR,Senior Analyst,2.55,106678,40.4,14.0,Hybrid,4.24,8,3.72,62.3,5,14.5,6.09,7.37,5.73,7.1,11.0,1.0,0.4053,0
EMP04718,44,Female,Operations,Senior Analyst,0.6,40154,44.7,7.0,Hybrid,8.46,7,2.58,57.5,3,13.5,5.78,4.49,7.74,6.8,6.7,11.0,0.3903,0
EMP04719,40,Other,Operations,Senior Analyst,0.89,49430,55.5,3.9,Full Remote,8.35,6,3.37,69.8,2,11.5,7.72,4.24,7.01,6.93,13.2,4.8,0.374,0
EMP04720,35,Male,Operations,Senior Analyst,0.74,74720,38.4,7.7,Hybrid,8.22,6,2.81,76.1,3,9.6,6.16,4.15,8.68,2.75,110.8,8.1,0.4475,0
EMP04721,43,Female,Sales,Director,0.22,75890,41.4,6.7,On-site,7.28,8,3.49,80.2,6,8.3,6.63,5.01,4.74,5.95,19.9,0.2,0.411,0
EMP04722,39,Female,Customer Support,Senior Analyst,1.28,73695,42.5,15.3,On-site,7.34,9,3.32,89.2,3,5.9,8.36,3.09,6.52,7.35,13.6,3.8,0.4137,0
EMP04723,35,Male,Sales,Manager,11.58,67230,70.0,15.2,Hybrid,8.8,4,3.46,78.2,5,5.1,8.11,5.12,6.63,8.08,20.3,5.8,0.5616,0
EMP04724,32,Female,Engineering,Senior Dev,1.31,66848,49.9,15.3,Hybrid,7.82,11,3.89,85.6,1,10.5,5.2,6.38,4.52,5.73,8.5,4.7,0.6357,0
EMP04725,34,Female,Sales,Senior,1.85,84606,54.1,25.5,Full Remote,8.69,9,3.28,64.1,5,9.3,6.01,3.79,5.24,7.79,3.6,6.8,0.4744,0
EMP04726,22,Male,Engineering,Senior Dev,3.18,103348,51.1,9.7,Hybrid,8.55,8,4.83,61.3,2,12.6,6.9,3.58,5.43,8.21,14.4,6.4,0.3871,0
EMP04727,36,Female,Engineering,Junior Dev,3.14,62976,51.7,9.8,Full Remote,6.74,6,4.63,75.1,4,9.2,8.33,1.91,5.33,5.42,6.6,4.0,0.3461,0
EMP04728,31,Female,Sales,Senior,8.98,135959,48.8,17.0,Full Remote,7.93,8,3.86,63.9,4,11.5,7.33,6.49,6.82,5.96,57.5,13.4,0.3446,0
EMP04729,47,Male,Engineering,Senior Dev,5.85,124017,47.9,6.3,Full Remote,9.28,9,3.88,75.3,2,10.9,5.39,5.21,5.47,6.05,12.5,3.0,0.4977,0
EMP04730,35,Male,Finance,Senior Analyst,4.74,108231,35.0,2.2,Hybrid,7.99,11,3.06,77.7,4,8.6,5.96,4.21,7.55,3.94,3.5,4.8,0.2596,0
EMP04731,25,Male,Engineering,Senior Dev,9.09,90562,47.9,2.5,On-site,8.81,3,3.8,52.2,5,21.6,4.93,4.52,4.0,5.55,8.4,2.5,0.3511,0
EMP04732,34,Male,Engineering,Senior Dev,0.79,125199,44.1,8.7,On-site,8.61,7,3.93,65.4,7,15.6,7.19,4.73,5.31,5.49,4.9,4.8,0.5387,0
EMP04733,26,Female,Engineering,Senior Dev,2.88,67747,49.4,5.3,Hybrid,7.12,8,3.95,89.6,5,9.2,3.16,3.76,8.54,7.6,14.5,2.1,0.2794,0
EMP04734,38,Female,Engineering,Senior Dev,6.55,54184,44.4,29.1,Hybrid,8.22,6,4.34,73.4,5,7.6,8.12,6.67,7.09,5.73,19.8,1.7,0.5677,0
EMP04735,37,Male,Sales,Associate,2.94,61850,51.1,4.3,Full Remote,6.76,7,3.82,67.8,6,8.6,6.46,3.69,6.39,6.78,7.3,12.0,0.5481,0
EMP04736,42,Female,HR,Analyst,11.37,49926,52.5,13.6,Hybrid,7.22,8,3.76,76.0,2,16.4,6.86,8.59,5.83,4.28,23.7,0.7,0.5566,0
EMP04737,28,Male,Customer Support,Analyst,0.32,78045,35.0,8.1,Hybrid,5.45,11,4.52,89.3,2,14.8,5.7,3.38,7.24,3.28,5.4,2.8,0.4055,0
EMP04738,35,Male,Operations,Analyst,1.74,82495,41.5,6.2,Hybrid,6.62,2,3.58,69.9,1,8.9,7.07,5.14,6.9,7.17,53.8,21.7,0.3387,0
EMP04739,24,Male,Operations,Analyst,11.36,80020,35.0,11.3,Full Remote,5.5,5,3.02,83.0,7,9.7,7.33,3.8,6.14,3.33,17.7,6.2,0.5194,0
EMP04740,40,Female,Engineering,Junior Dev,1.43,74689,46.9,4.8,Hybrid,6.5,7,3.96,78.4,4,0.5,8.04,2.32,4.45,5.88,31.2,10.8,0.3251,0
EMP04741,39,Male,Sales,Associate,4.04,78328,42.6,0.1,Full Remote,3.94,5,4.03,69.8,4,17.6,6.68,4.48,5.29,5.01,105.2,3.5,0.1581,0
EMP04742,38,Male,Engineering,Senior Dev,0.1,118408,55.8,19.4,Full Remote,5.97,5,3.2,45.8,8,10.4,8.28,7.95,2.79,6.75,3.1,4.9,0.6944,0
EMP04743,35,Male,Operations,Analyst,3.56,90501,46.7,7.5,Hybrid,8.65,3,3.2,61.6,4,15.1,8.6,2.71,5.59,6.4,119.4,2.4,0.2055,0
EMP04744,38,Female,Engineering,Senior Dev,8.18,98062,41.1,14.2,Full Remote,4.21,9,3.61,64.5,4,4.6,5.65,4.31,5.85,4.28,31.4,2.6,0.5873,0
EMP04745,47,Other,Marketing,Director,1.45,79769,52.5,6.9,Hybrid,7.04,5,4.52,76.2,5,14.0,6.82,4.58,6.82,7.6,19.2,8.0,0.3569,0
EMP04746,32,Male,Engineering,Tech Lead,0.1,40000,42.5,7.4,Hybrid,9.52,12,3.1,70.9,2,19.1,5.46,5.36,9.13,7.28,98.5,15.2,0.3245,0
EMP04747,36,Male,Engineering,Senior Dev,0.1,40000,41.0,21.4,Full Remote,6.51,6,2.39,76.2,7,11.8,4.92,6.34,8.18,7.65,37.6,1.3,0.444,0
EMP04748,26,Female,Customer Support,Manager,6.68,127070,48.1,16.1,On-site,6.45,8,2.32,78.5,5,15.4,6.81,5.48,8.38,6.25,3.9,2.6,0.5124,0
EMP04749,28,Female,Operations,Analyst,3.85,61704,57.9,7.3,On-site,5.56,9,2.46,53.2,2,22.5,6.67,2.64,7.83,6.74,36.0,3.3,0.3542,0
EMP04750,35,Male,Operations,Analyst,0.34,59581,51.8,8.1,Full Remote,8.34,11,2.55,79.9,7,9.6,4.71,4.68,4.78,3.19,37.8,11.0,0.4225,0
EMP04751,43,Female,HR,Manager,0.17,81141,49.5,4.4,Hybrid,7.25,10,3.08,73.4,2,14.6,7.61,2.09,3.56,6.95,36.7,11.8,0.3714,0
EMP04752,32,Female,Operations,Manager,4.9,88760,67.0,3.7,Hybrid,9.07,8,3.08,76.9,6,4.8,2.95,4.86,8.24,6.59,76.1,10.7,0.5838,0
EMP04753,33,Male,HR,Senior Analyst,4.98,91921,39.1,9.1,On-site,7.25,10,3.9,84.5,3,15.5,6.85,5.3,5.38,5.46,14.6,1.2,0.5335,0
EMP04754,31,Female,Customer Support,Senior Analyst,0.39,119360,39.0,6.7,On-site,9.65,5,4.51,47.5,3,18.7,8.1,5.5,6.68,7.81,55.4,1.7,0.3209,0
EMP04755,30,Female,Sales,Senior,1.08,112518,46.2,13.7,Full Remote,3.31,4,4.21,87.8,3,15.2,6.29,3.54,5.76,6.28,19.7,2.9,0.5691,0
EMP04756,37,Female,HR,Analyst,4.54,54726,57.1,28.6,Hybrid,9.54,8,2.93,87.3,2,9.5,7.6,6.32,9.06,4.99,1.8,11.3,0.4661,0
EMP04757,23,Male,Finance,Analyst,2.24,99218,37.5,5.1,On-site,8.95,7,3.02,86.7,6,18.2,9.3,4.06,3.08,7.01,3.9,7.3,0.352,0
EMP04758,45,Male,Sales,Senior,9.41,65397,59.0,19.4,Full Remote,8.05,6,5.0,77.3,0,18.5,6.94,5.82,3.83,4.22,32.5,2.1,0.6181,0
EMP04759,29,Male,Operations,Manager,1.97,71562,35.0,8.6,Full Remote,7.09,4,2.29,59.1,1,15.7,7.88,3.13,6.25,4.88,9.4,6.4,0.485,0
EMP04760,40,Male,Customer Support,Analyst,3.39,47650,44.0,6.7,Full Remote,7.8,3,4.23,54.7,2,8.6,8.22,7.7,7.29,3.36,31.3,4.4,0.4367,0
EMP04761,24,Female,Marketing,Manager,2.14,40000,46.4,8.7,Full Remote,9.45,8,2.82,72.1,4,9.5,7.29,3.24,6.3,7.35,29.2,0.2,0.3033,0
EMP04762,40,Female,Sales,Associate,8.59,74210,37.9,4.1,Full Remote,7.02,6,4.13,75.3,5,12.9,6.6,5.32,7.57,6.73,21.0,9.7,0.2801,0
EMP04763,40,Female,Marketing,Senior,1.53,51100,40.0,10.9,Full Remote,7.06,13,4.45,53.9,5,20.7,6.69,3.88,5.83,4.54,1.1,0.7,0.5257,0
EMP04764,38,Other,Operations,Senior Analyst,0.78,98195,51.4,6.5,Full Remote,9.11,4,3.66,59.6,1,11.7,5.18,6.16,4.67,6.37,3.8,14.1,0.6369,0
EMP04765,27,Male,HR,Senior Analyst,1.19,67973,56.5,2.6,Full Remote,5.08,6,4.36,59.9,1,12.7,7.34,5.73,4.47,4.98,5.9,4.3,0.6131,0
EMP04766,36,Female,Engineering,Junior Dev,5.75,82714,35.0,13.5,Hybrid,7.75,9,5.0,78.5,1,7.3,5.4,3.19,3.67,7.49,5.9,17.8,0.2635,0
EMP04767,25,Female,Marketing,Senior,2.07,109188,46.4,3.7,On-site,7.69,9,2.42,69.8,4,10.9,4.14,6.09,8.67,8.78,0.7,4.0,0.4439,0
EMP04768,32,Male,Engineering,Senior Dev,1.31,40000,44.1,6.6,On-site,6.69,10,4.36,86.7,1,7.7,6.78,3.41,6.0,3.96,48.5,2.5,0.2794,0
EMP04769,43,Female,Operations,Analyst,2.36,56884,45.9,25.9,Full Remote,8.89,13,4.44,50.3,6,16.3,8.17,5.19,7.02,8.65,12.7,1.5,0.4454,0
EMP04770,41,Male,Sales,Associate,0.43,79522,42.5,19.7,On-site,8.06,13,2.35,65.4,3,11.6,7.62,2.55,7.7,7.42,13.1,1.4,0.3543,0
EMP04771,35,Female,Marketing,Senior,0.1,82813,35.0,2.1,On-site,7.78,7,3.8,72.5,3,14.5,5.66,3.38,4.23,4.56,33.6,2.5,0.3709,0
EMP04772,27,Female,Operations,Senior Analyst,0.99,102587,57.3,19.7,On-site,8.52,11,3.38,68.9,8,11.5,6.94,5.14,6.98,4.7,23.6,6.0,0.6086,0
EMP04773,40,Male,Engineering,Junior Dev,2.79,96678,54.3,10.3,On-site,6.16,5,4.02,68.8,6,9.4,6.49,7.32,3.89,8.25,7.5,2.7,0.4443,0
EMP04774,35,Female,Engineering,Senior Dev,3.73,77423,44.2,5.9,On-site,3.18,9,3.69,72.1,6,0.0,4.66,5.82,7.43,3.43,1.7,1.5,0.6529,0
EMP04775,22,Female,Sales,Director,5.26,82585,41.1,6.7,Full Remote,8.26,9,4.19,51.0,6,16.1,7.46,4.19,5.0,3.87,58.7,5.8,0.3787,0
EMP04776,41,Male,Engineering,Junior Dev,7.84,83276,40.1,6.1,Full Remote,8.54,12,2.81,65.4,2,11.4,6.33,4.25,3.05,8.12,15.4,5.5,0.3288,0
EMP04777,34,Male,Sales,Senior,1.59,40000,35.0,8.4,Hybrid,6.33,7,5.0,49.6,0,13.1,8.07,5.43,2.02,5.98,7.6,17.3,0.5485,0
EMP04778,44,Male,Customer Support,Analyst,4.05,71090,47.8,9.1,Full Remote,6.92,8,3.67,79.0,5,21.1,8.71,4.04,4.24,5.4,27.2,1.8,0.484,0
EMP04779,26,Female,Operations,Analyst,0.23,81211,51.2,1.5,On-site,6.43,8,4.82,58.1,4,10.1,8.19,4.17,8.53,4.06,16.0,2.6,0.4385,0
EMP04780,22,Female,Operations,Analyst,0.18,86463,46.1,6.6,Hybrid,4.76,11,3.88,47.8,4,18.1,3.88,3.97,2.17,4.41,20.4,6.5,0.6252,0
EMP04781,37,Female,Customer Support,Analyst,0.4,51890,44.3,7.8,On-site,6.39,10,4.57,78.2,3,5.8,3.49,4.38,7.19,3.17,4.4,0.6,0.5435,0
EMP04782,37,Female,Sales,Manager,1.79,43280,46.1,14.0,On-site,4.88,7,3.53,83.2,1,20.1,7.11,4.17,6.23,4.2,23.0,21.8,0.4212,0
EMP04783,22,Female,Sales,Associate,0.71,69136,38.2,5.3,Hybrid,5.41,8,4.49,34.5,4,12.0,4.24,6.29,7.2,6.15,4.5,12.0,0.6627,0
EMP04784,27,Male,Engineering,Senior Dev,1.01,124184,41.0,11.1,Full Remote,8.75,8,2.71,76.0,3,15.2,5.81,3.81,6.78,7.03,37.2,12.7,0.432,0
EMP04785,57,Female,Operations,Analyst,3.13,54518,43.7,25.0,Full Remote,8.93,7,4.33,74.8,6,13.2,7.77,4.3,6.16,5.11,31.6,1.7,0.3994,0
EMP04786,32,Male,Finance,Analyst,1.33,104348,50.6,9.0,Hybrid,8.55,12,2.93,63.2,2,12.6,5.06,8.26,5.87,4.55,0.2,4.9,0.4598,0
EMP04787,40,Male,Engineering,Senior Dev,2.45,114618,56.0,9.0,On-site,7.16,7,3.37,87.6,2,15.6,7.37,5.84,3.16,5.15,62.9,6.0,0.4047,0
EMP04788,29,Female,Sales,Manager,1.6,76136,43.2,8.6,On-site,6.98,11,2.64,75.2,5,8.4,7.98,4.06,5.63,5.19,18.4,7.1,0.5943,0
EMP04789,22,Male,Marketing,Manager,0.56,58003,36.6,5.7,Full Remote,9.33,9,2.98,53.0,6,10.1,8.03,5.42,2.71,4.63,9.8,6.7,0.5673,0
EMP04790,33,Female,Marketing,Manager,0.23,87820,45.3,5.6,Full Remote,6.46,7,3.27,47.6,4,18.9,5.81,4.56,5.5,6.78,17.7,3.7,0.4999,0
EMP04791,32,Female,Operations,Analyst,0.81,79874,61.1,2.9,Full Remote,4.76,6,3.99,69.1,2,7.0,8.61,5.36,5.85,4.84,34.3,8.0,0.5399,0
EMP04792,31,Male,Sales,Manager,0.18,53522,37.3,22.3,Full Remote,8.66,6,3.79,54.3,3,10.6,5.63,7.02,8.11,6.65,7.4,7.4,0.2679,0
EMP04793,34,Male,Customer Support,Analyst,2.89,58529,52.1,0.7,On-site,7.3,10,3.2,88.2,4,11.7,6.55,2.11,9.17,7.67,37.0,8.3,0.2185,0
EMP04794,37,Female,Sales,Manager,4.76,86339,55.7,10.8,Full Remote,5.82,8,3.98,57.9,3,4.2,6.87,6.76,7.82,8.55,17.9,5.2,0.5031,0
EMP04795,33,Female,Finance,Manager,1.25,98336,42.1,7.6,Hybrid,6.4,8,3.89,74.0,4,20.6,9.48,2.8,3.07,5.95,6.8,6.7,0.4667,0
EMP04796,24,Male,Customer Support,Analyst,1.47,66930,39.4,19.0,Hybrid,8.75,14,3.23,64.2,4,8.1,4.84,4.21,3.9,6.56,38.1,3.1,0.4806,0
EMP04797,38,Male,Customer Support,Analyst,5.08,73271,49.6,10.3,Full Remote,7.24,9,3.19,64.7,4,5.8,5.41,3.16,7.26,4.51,8.7,2.4,0.5007,0
EMP04798,22,Female,Engineering,Senior Dev,0.76,91715,47.8,8.2,Hybrid,7.26,6,3.23,89.5,3,8.4,4.88,6.32,6.36,7.34,12.8,6.7,0.4395,0
EMP04799,22,Female,Engineering,Tech Lead,0.38,70687,50.6,20.4,Hybrid,8.28,4,5.0,74.5,4,11.1,7.17,3.63,8.05,4.86,44.2,3.5,0.4119,0
EMP04800,40,Male,Marketing,Associate,2.09,67516,61.6,0.1,Full Remote,8.6,6,3.0,56.9,4,17.0,7.1,3.5,8.19,7.52,28.6,5.0,0.2511,0
EMP04801,39,Male,Sales,Director,3.12,56116,46.3,21.3,Hybrid,5.17,7,4.38,81.5,4,10.3,7.21,4.42,5.6,4.48,27.1,8.2,0.6748,0
EMP04802,34,Female,HR,Senior Analyst,2.75,55682,35.5,12.2,Full Remote,4.69,7,2.9,70.7,2,14.0,6.91,1.76,8.41,7.13,32.5,11.3,0.3047,0
EMP04803,23,Female,Customer Support,Analyst,3.75,141722,45.5,10.4,Hybrid,6.1,6,3.16,37.7,3,15.4,8.23,4.44,7.49,6.9,74.6,12.4,0.2676,0
EMP04804,29,Other,Engineering,Junior Dev,0.18,70094,46.9,11.3,On-site,9.82,8,3.88,48.6,7,13.7,7.12,3.69,4.62,4.25,27.8,2.2,0.1886,0
EMP04805,32,Female,Marketing,Manager,1.68,109126,55.1,2.8,Hybrid,6.06,11,4.05,50.9,3,9.5,7.03,4.0,7.2,8.76,20.4,11.3,0.4089,0
EMP04806,22,Female,Engineering,Junior Dev,0.82,117099,43.4,10.7,Hybrid,5.74,3,3.77,73.6,2,19.7,5.53,5.32,8.25,4.43,1.0,8.2,0.5879,0
EMP04807,29,Male,Operations,Analyst,4.27,70410,41.7,23.0,Hybrid,9.09,13,4.07,80.1,2,9.6,4.14,3.33,7.03,4.67,85.2,7.0,0.3255,0
EMP04808,40,Female,Customer Support,Senior Analyst,6.18,84210,35.0,10.2,On-site,7.09,12,4.02,70.6,4,13.9,7.51,4.47,4.11,3.62,10.6,3.1,0.6183,0
EMP04809,46,Male,Marketing,Senior,0.99,77561,49.4,18.8,Full Remote,7.08,6,4.0,85.4,7,11.1,6.88,5.99,7.37,4.41,0.6,3.7,0.4746,0
EMP04810,31,Female,Engineering,Senior Dev,0.3,40000,70.0,3.2,Hybrid,7.78,9,3.08,90.5,3,6.6,5.99,4.61,4.68,6.97,6.9,11.6,0.5959,0
EMP04811,41,Male,Operations,Analyst,0.88,40000,43.2,8.3,Hybrid,8.3,8,3.25,64.0,1,9.1,5.44,3.86,5.5,4.24,3.3,0.4,0.3874,0
EMP04812,22,Male,Finance,Senior Analyst,0.33,76221,48.6,1.0,On-site,6.3,11,3.5,79.3,2,15.2,5.31,7.5,8.25,3.71,66.4,5.3,0.5008,0
EMP04813,40,Female,Sales,Director,1.17,64377,40.6,6.2,Full Remote,6.32,11,4.4,38.8,5,24.3,9.42,8.13,6.14,2.94,56.7,11.1,0.4747,0
EMP04814,28,Female,Operations,Analyst,2.32,122289,35.0,14.5,On-site,8.78,9,4.05,61.0,3,13.6,5.75,7.22,6.98,4.75,23.9,13.4,0.4222,0
EMP04815,37,Male,Customer Support,Senior Analyst,10.91,69085,48.5,35.3,Hybrid,8.88,7,3.59,86.5,5,13.9,7.37,5.37,6.3,5.45,1.8,11.8,0.485,0
EMP04816,33,Female,Marketing,Director,1.53,123773,45.2,7.7,Hybrid,6.48,7,3.65,50.4,4,6.7,9.18,6.72,5.91,6.37,8.7,4.8,0.5628,0
EMP04817,45,Male,Marketing,Senior,0.75,63090,35.0,37.2,Hybrid,6.65,9,2.65,77.6,2,24.0,7.2,3.52,4.89,5.06,42.0,5.6,0.3005,0
EMP04818,28,Male,Sales,Senior,0.55,122805,57.9,5.0,Full Remote,9.39,15,3.3,93.3,4,9.2,6.98,5.63,8.26,8.12,33.3,11.5,0.3064,0
EMP04819,40,Female,HR,Analyst,0.57,87660,48.3,19.9,Full Remote,8.46,7,3.1,83.9,6,17.1,7.98,3.29,4.7,3.78,5.9,7.7,0.5054,0
EMP04820,32,Male,Sales,Senior,0.64,89082,45.6,4.1,Full Remote,7.82,7,4.21,48.4,0,8.7,5.57,3.18,5.91,7.15,22.5,5.1,0.3164,0
EMP04821,33,Female,Sales,Senior,4.31,62205,41.6,6.0,Full Remote,8.99,4,3.67,90.8,2,12.0,5.66,4.56,7.99,4.89,0.8,0.1,0.2484,0
EMP04822,33,Male,Engineering,Tech Lead,0.19,89422,48.2,3.5,Hybrid,6.62,11,4.48,60.7,1,9.0,6.95,8.57,7.48,5.77,56.3,7.7,0.4382,0
EMP04823,28,Female,Sales,Director,17.86,117317,48.6,5.6,Hybrid,7.84,10,5.0,49.7,4,7.7,5.54,7.13,8.01,6.86,8.6,1.4,0.4041,0
EMP04824,34,Female,Engineering,Junior Dev,2.22,71379,48.2,8.7,Full Remote,8.3,8,4.17,71.8,0,16.2,4.47,8.32,8.18,6.28,46.3,4.5,0.5616,0
EMP04825,34,Male,Marketing,Associate,2.36,66515,53.5,1.4,Hybrid,7.65,3,2.75,72.3,7,18.5,2.04,6.61,4.72,4.91,102.5,13.2,0.5568,0
EMP04826,36,Male,HR,Analyst,1.33,68830,55.4,2.0,Full Remote,4.52,7,3.35,67.6,4,3.0,6.97,4.86,6.77,2.22,1.8,4.7,0.5926,0
EMP04827,35,Female,HR,Senior Analyst,3.52,115502,61.0,1.8,Full Remote,6.71,9,2.2,84.7,1,18.3,7.81,6.73,6.68,4.94,51.1,0.4,0.5216,0
EMP04828,41,Female,Sales,Associate,1.91,96383,38.3,10.3,Full Remote,9.83,11,4.93,53.5,4,20.9,8.72,8.03,4.57,8.48,0.4,8.6,0.2894,0
EMP04829,42,Male,Sales,Senior,1.2,111191,40.4,0.3,Hybrid,6.88,7,5.0,66.1,6,3.3,8.6,4.37,4.19,6.24,15.8,4.1,0.4863,0
EMP04830,26,Female,Operations,Analyst,0.92,82840,47.9,1.4,Full Remote,7.61,10,2.75,59.6,3,1.3,5.72,4.59,7.38,3.44,23.9,9.4,0.3844,0
EMP04831,41,Male,Marketing,Senior,7.8,75982,38.8,12.1,Full Remote,7.19,8,3.17,65.5,3,12.9,4.43,6.89,4.67,6.5,20.7,2.7,0.5015,0
EMP04832,25,Male,Customer Support,Analyst,1.03,85598,40.1,12.3,Hybrid,9.29,10,3.05,61.9,3,7.6,6.9,3.64,8.24,6.1,46.8,1.7,0.3158,0
EMP04833,39,Female,Sales,Manager,1.72,101753,48.8,8.7,Full Remote,6.15,7,2.83,77.1,4,17.2,7.72,4.97,7.96,4.21,1.0,4.7,0.4387,0
EMP04834,39,Male,HR,Senior Analyst,1.29,68822,52.2,5.0,Hybrid,5.92,8,2.33,59.0,4,15.2,7.57,4.18,5.81,3.75,2.7,2.9,0.4326,0
EMP04835,22,Female,Engineering,Manager,0.27,109216,55.2,3.5,Full Remote,7.15,11,4.18,57.5,2,16.5,6.15,7.29,7.03,6.99,3.4,3.3,0.3732,0
EMP04836,35,Female,Finance,Senior Analyst,0.62,84145,43.5,18.4,On-site,9.06,7,2.64,94.1,2,13.5,6.0,5.39,7.19,7.34,3.4,1.8,0.4272,0
EMP04837,31,Female,Operations,Analyst,0.63,40000,48.7,4.1,On-site,6.34,11,3.5,48.2,2,10.8,6.52,5.59,3.88,4.9,30.9,11.8,0.6,0
EMP04838,28,Female,Customer Support,Analyst,3.55,97087,46.9,8.8,On-site,9.15,8,2.88,56.3,5,11.8,7.85,5.68,7.97,5.79,102.5,4.6,0.248,0
EMP04839,45,Female,Customer Support,Manager,1.57,43192,45.1,12.0,Hybrid,8.01,7,2.13,62.5,3,7.1,7.72,6.94,5.57,4.19,0.1,1.0,0.4176,0
EMP04840,29,Female,Sales,Manager,4.57,96479,38.5,24.1,Hybrid,8.68,8,3.0,63.1,0,18.0,6.42,4.14,4.62,7.56,13.1,10.1,0.481,0
EMP04841,28,Female,HR,Analyst,3.7,97537,37.5,12.1,On-site,7.1,8,2.36,59.3,2,14.8,4.44,7.36,6.18,6.2,1.1,5.9,0.5538,0
EMP04842,35,Other,Marketing,Manager,0.64,83247,50.3,14.7,Hybrid,9.42,11,3.5,81.7,2,13.2,8.63,2.57,5.23,4.59,12.3,8.8,0.2133,0
EMP04843,40,Female,Marketing,Senior,2.48,88592,38.3,10.0,Hybrid,7.16,10,3.98,76.5,0,8.9,6.44,4.48,5.05,5.68,16.4,7.6,0.4178,0
EMP04844,33,Male,Engineering,Senior Dev,4.07,102471,35.0,3.1,Hybrid,7.86,9,3.96,53.8,1,15.4,5.67,3.39,5.05,4.85,33.8,3.2,0.4539,0
EMP04845,44,Female,Operations,Analyst,3.01,62609,44.7,6.7,Hybrid,9.86,8,3.7,74.6,6,14.6,8.65,3.85,6.86,5.68,2.2,3.8,0.0628,0
EMP04846,39,Female,Customer Support,Manager,2.75,94835,56.6,1.5,Full Remote,3.1,4,4.02,91.4,4,13.4,4.64,4.13,4.26,6.58,15.4,4.7,0.6004,0
EMP04847,22,Female,Sales,Associate,4.04,104075,35.0,0.4,On-site,6.12,4,2.75,64.7,4,7.8,6.1,4.82,7.64,3.16,10.5,0.8,0.3891,0
EMP04848,30,Female,Sales,Associate,0.18,119002,42.7,14.1,On-site,6.99,12,3.25,58.6,4,17.0,7.45,3.72,6.32,4.39,20.6,0.9,0.5058,0
EMP04849,30,Female,Engineering,Senior Dev,3.94,47355,50.4,3.5,Full Remote,8.28,7,3.25,88.0,1,8.2,8.19,4.54,6.96,4.32,78.7,7.0,0.3152,0
EMP04850,38,Other,Finance,Analyst,0.96,85212,35.0,13.0,On-site,8.16,12,2.34,72.1,6,12.4,8.72,3.28,8.35,6.71,76.6,7.2,0.2648,0
EMP04851,22,Male,Sales,Senior,2.55,50962,43.3,2.4,Full Remote,6.13,6,2.85,69.3,2,4.8,6.79,4.53,5.93,7.25,29.8,7.6,0.5243,0
EMP04852,55,Female,Customer Support,Analyst,0.83,49901,35.9,2.4,Full Remote,7.65,13,2.61,94.2,5,18.2,6.62,2.34,4.76,7.04,12.3,14.6,0.2783,0
EMP04853,39,Male,Finance,Analyst,5.48,83975,36.9,15.4,Hybrid,8.2,8,3.38,80.9,6,15.0,6.94,2.74,5.38,4.31,39.1,10.1,0.4006,0
EMP04854,36,Female,HR,Manager,1.97,76936,41.8,7.2,Full Remote,7.6,8,3.96,65.9,1,2.9,2.81,2.95,4.05,7.19,45.1,1.5,0.3841,0
EMP04855,44,Female,Marketing,Associate,3.09,103625,36.0,1.8,Hybrid,7.05,5,3.16,55.9,4,4.7,6.26,7.88,6.87,5.19,9.5,3.4,0.2994,0
EMP04856,53,Male,Engineering,Senior Dev,4.74,66345,35.3,6.6,Full Remote,7.99,4,2.73,74.2,4,10.7,7.86,5.96,6.02,4.43,16.3,7.4,0.3862,0
EMP04857,41,Male,Customer Support,Senior Analyst,6.77,71648,44.5,7.8,Hybrid,8.28,10,3.59,57.4,2,13.8,5.89,3.54,5.06,5.02,3.0,7.0,0.3692,0
EMP04858,42,Female,HR,Senior Analyst,3.95,80287,62.8,6.5,Hybrid,6.07,15,3.16,80.3,4,6.2,6.92,4.37,6.56,3.83,1.5,10.1,0.5105,0
EMP04859,36,Male,Customer Support,Manager,0.48,53454,51.1,3.4,On-site,8.0,8,2.95,58.0,6,11.8,5.22,6.09,6.53,7.88,63.7,10.3,0.5039,0
EMP04860,33,Male,Marketing,Associate,5.78,56923,53.1,9.0,Hybrid,6.96,7,4.75,68.7,1,15.4,8.11,3.87,4.21,4.31,24.4,2.1,0.617,0
EMP04861,31,Female,Finance,Manager,2.89,102902,51.4,2.0,Full Remote,7.66,9,4.34,60.9,2,18.8,7.89,7.68,7.63,6.36,5.4,9.4,0.4454,0
EMP04862,28,Male,Engineering,Tech Lead,2.82,61276,39.4,6.8,Hybrid,6.99,12,3.62,63.1,3,16.9,7.36,3.95,3.83,6.6,15.6,3.4,0.485,0
EMP04863,29,Female,HR,Senior Analyst,7.63,104561,47.5,11.0,On-site,9.73,11,3.09,46.3,3,10.0,4.83,4.44,6.36,7.04,23.6,3.3,0.3139,0
EMP04864,24,Female,Operations,Analyst,0.86,90182,53.8,23.3,Hybrid,8.22,12,3.14,55.0,3,10.1,9.33,2.16,5.59,4.77,14.8,10.7,0.3281,0
EMP04865,34,Male,Operations,Analyst,0.82,40000,51.6,6.7,Hybrid,7.82,5,2.83,62.4,4,5.6,7.73,8.62,7.9,3.71,11.1,11.9,0.3629,0
EMP04866,22,Male,Operations,Senior Analyst,2.16,88259,46.6,4.7,Hybrid,7.16,6,2.93,62.5,2,14.7,6.82,3.83,5.16,3.96,23.6,3.1,0.4327,0
EMP04867,36,Female,Engineering,Tech Lead,4.17,88061,49.2,15.5,Hybrid,4.6,8,3.42,55.0,8,9.8,9.15,4.6,5.99,4.11,17.9,8.0,0.6283,0
EMP04868,34,Female,Customer Support,Senior Analyst,1.78,85573,64.7,12.7,Hybrid,7.85,6,1.52,85.9,3,10.1,4.94,2.53,3.78,6.87,14.9,9.2,0.4243,0
EMP04869,36,Female,Customer Support,Analyst,3.01,71453,51.7,6.4,On-site,5.05,8,4.62,46.5,0,17.9,5.9,2.02,3.36,5.44,6.0,4.3,0.4514,0
EMP04870,30,Female,Engineering,Junior Dev,1.81,51498,42.5,0.8,Full Remote,6.47,7,3.82,83.4,4,13.4,6.99,4.77,8.64,6.27,2.8,7.2,0.3378,0
EMP04871,59,Female,Customer Support,Senior Analyst,2.83,108655,44.4,31.8,On-site,7.28,5,2.81,33.5,2,9.3,8.14,7.87,6.55,6.36,14.3,9.3,0.5761,0
EMP04872,45,Male,Sales,Manager,5.18,72460,36.6,2.0,Full Remote,4.74,9,4.65,40.7,4,4.2,7.72,3.34,6.87,6.54,53.0,6.1,0.1616,0
EMP04873,25,Male,Finance,Analyst,0.6,52914,63.8,16.5,Hybrid,8.83,11,4.01,76.1,2,13.1,8.21,6.33,5.68,4.03,2.3,7.0,0.6292,0
EMP04874,36,Male,Sales,Associate,3.57,86436,57.8,4.1,Full Remote,4.39,6,4.12,76.1,1,5.3,9.07,7.1,4.75,4.93,27.0,2.3,0.6888,0
EMP04875,30,Male,Customer Support,Analyst,4.65,56430,45.7,11.0,Hybrid,9.07,8,3.22,91.0,4,5.8,7.09,4.63,8.04,5.44,36.1,4.0,0.253,0
EMP04876,26,Female,Engineering,Senior Dev,1.78,51272,62.4,9.7,Hybrid,5.86,10,3.92,80.1,4,11.7,5.44,4.47,7.93,4.08,9.1,0.7,0.4468,0
EMP04877,24,Female,Marketing,Manager,1.17,65613,50.1,6.0,Full Remote,7.55,6,2.16,86.6,4,14.5,8.27,3.73,4.77,5.26,8.6,2.9,0.3023,0
EMP04878,38,Male,Sales,Manager,0.1,58365,41.6,2.2,On-site,6.35,9,3.75,88.1,3,10.8,8.07,3.79,6.16,6.03,8.1,1.0,0.3734,0
EMP04879,29,Female,Sales,Senior,4.79,52193,52.3,2.6,Hybrid,8.74,10,3.22,68.4,5,12.9,6.38,6.73,6.49,5.66,23.8,2.7,0.4828,0
EMP04880,42,Male,HR,Analyst,1.19,95160,48.2,10.6,Hybrid,6.29,10,4.26,53.5,3,18.8,9.39,3.17,7.06,6.21,4.1,8.2,0.3013,0
EMP04881,42,Male,Engineering,Senior Dev,1.33,72154,51.7,2.7,Hybrid,7.51,9,3.2,74.4,7,11.4,8.24,7.48,8.47,7.3,46.1,3.3,0.3636,0
EMP04882,45,Female,Finance,Manager,1.23,106306,35.0,6.9,Full Remote,7.15,10,3.05,64.5,3,11.6,7.31,5.38,7.41,3.79,13.6,22.9,0.4833,0
EMP04883,28,Male,Customer Support,Manager,2.07,53637,38.5,4.6,Hybrid,5.89,9,4.44,76.4,1,13.8,8.12,7.98,5.06,4.04,19.6,2.3,0.6652,0
EMP04884,38,Male,Operations,Manager,3.64,40000,56.9,9.5,Full Remote,6.41,8,4.39,66.3,4,20.7,7.3,3.37,8.96,5.27,51.7,10.3,0.3742,0
EMP04885,40,Male,Operations,Analyst,4.43,78719,58.5,9.9,Hybrid,8.2,12,4.13,68.3,4,17.9,6.93,2.71,7.69,4.95,19.8,2.1,0.2818,0
EMP04886,31,Male,Sales,Manager,1.5,121399,56.3,5.5,On-site,7.66,10,3.86,87.4,6,15.9,8.17,7.51,6.68,2.73,25.0,3.6,0.7335,1
EMP04887,28,Female,Sales,Manager,3.26,88274,62.7,12.8,Full Remote,7.17,8,4.05,73.1,5,6.1,7.23,4.36,5.98,7.32,11.8,6.8,0.5857,0
EMP04888,47,Female,Marketing,Senior,3.83,155384,49.6,9.2,Hybrid,6.58,11,3.3,52.4,2,17.0,5.38,3.16,7.25,2.9,6.8,2.4,0.4519,0
EMP04889,36,Male,Engineering,Junior Dev,1.06,83301,49.1,20.1,Full Remote,7.56,9,2.81,61.1,5,11.1,5.01,3.14,8.64,3.67,3.1,1.9,0.4637,0
EMP04890,40,Male,Customer Support,Manager,0.3,80888,37.7,4.6,Full Remote,8.74,5,3.76,44.6,4,14.9,6.3,7.08,6.47,6.05,25.2,3.5,0.3167,0
EMP04891,28,Female,Engineering,Senior Dev,6.75,40000,40.4,11.8,Hybrid,5.59,4,2.12,78.8,5,20.3,9.16,4.54,6.1,7.15,37.9,10.2,0.2446,0
EMP04892,25,Female,Customer Support,Analyst,3.39,85698,35.0,9.7,Full Remote,8.3,9,4.56,72.2,7,13.3,6.34,1.86,6.4,8.01,14.6,10.7,0.2876,0
EMP04893,30,Male,Engineering,Junior Dev,3.13,79216,42.4,12.5,Hybrid,8.6,4,3.42,84.1,4,10.6,5.97,6.77,5.91,8.61,2.3,3.9,0.2611,0
EMP04894,34,Male,Operations,Senior Analyst,0.18,64814,35.0,7.2,Full Remote,7.99,9,3.37,92.9,4,11.3,5.81,6.08,8.85,4.86,19.9,12.6,0.3796,0
EMP04895,26,Female,Engineering,Senior Dev,5.11,71580,53.6,15.9,On-site,7.67,11,2.75,59.0,3,14.5,5.63,2.19,9.07,7.75,12.2,10.1,0.0991,0
EMP04896,34,Female,Engineering,Junior Dev,2.5,73297,48.1,3.5,Hybrid,6.58,5,4.55,60.2,2,6.8,8.46,4.82,7.64,5.48,72.8,6.5,0.4059,0
EMP04897,22,Male,Finance,Senior Analyst,5.65,70501,35.0,5.5,Full Remote,9.02,10,4.07,78.6,4,13.4,6.09,7.3,8.44,4.82,23.3,3.8,0.3468,0
EMP04898,26,Female,Sales,Manager,11.01,127242,43.5,4.1,Full Remote,8.91,6,3.7,78.1,4,16.9,6.99,4.89,6.35,7.79,10.1,5.0,0.1835,0
EMP04899,40,Male,Finance,Senior Analyst,9.45,65728,60.7,13.9,Full Remote,5.93,3,3.94,88.3,6,0.2,7.63,5.49,6.66,7.31,1.3,8.3,0.5373,0
EMP04900,39,Female,Marketing,Associate,5.82,79232,44.0,5.0,Full Remote,8.41,11,3.59,72.1,3,10.0,8.28,5.14,4.25,4.23,89.7,7.0,0.5039,0
EMP04901,31,Female,Engineering,Senior Dev,0.1,64902,37.0,20.5,Hybrid,6.13,4,4.17,57.5,3,14.0,5.78,3.47,6.96,6.36,0.8,5.7,0.5325,0
EMP04902,26,Female,Customer Support,Analyst,6.51,94585,35.0,17.3,On-site,8.54,10,3.22,61.8,1,12.6,6.19,3.1,7.81,5.72,12.7,6.0,0.4178,0
EMP04903,26,Male,Marketing,Associate,0.23,79419,35.0,17.9,Full Remote,7.89,9,3.52,50.0,7,9.1,8.76,7.23,7.14,5.26,21.6,4.8,0.348,0
EMP04904,32,Male,Finance,Analyst,5.72,68002,49.3,14.7,Hybrid,6.86,5,3.94,63.8,3,11.3,6.71,6.5,7.5,6.55,41.7,0.9,0.5997,0
EMP04905,40,Male,Marketing,Manager,0.99,40000,41.5,4.0,Hybrid,4.27,10,2.38,80.1,3,13.8,6.41,3.22,9.39,6.8,8.2,10.7,0.479,0
EMP04906,42,Female,HR,Analyst,2.83,81082,42.2,3.9,Hybrid,6.83,6,2.47,84.5,5,9.8,4.1,4.85,4.17,8.11,22.7,16.2,0.4205,0
EMP04907,31,Male,Sales,Associate,0.12,67260,41.6,9.4,Full Remote,8.42,10,4.97,64.0,6,16.1,7.05,7.05,6.3,8.2,5.9,4.2,0.2812,0
EMP04908,25,Male,Engineering,Senior Dev,4.42,73481,43.9,8.3,On-site,5.22,8,2.81,55.8,5,14.5,5.86,4.33,7.77,7.53,15.5,3.0,0.5135,0
EMP04909,37,Male,Marketing,Senior,0.36,45438,35.2,7.3,Hybrid,6.79,13,4.72,68.3,4,19.2,5.92,5.51,4.61,9.01,3.7,4.5,0.4618,0
EMP04910,28,Female,Sales,Director,1.59,110832,47.5,2.8,On-site,6.7,5,3.21,93.0,4,11.1,5.83,1.72,8.13,5.27,26.1,10.1,0.3282,0
EMP04911,30,Male,Sales,Director,5.1,96418,35.0,10.5,Full Remote,6.95,11,2.62,66.8,1,13.0,5.79,2.41,7.22,8.03,12.3,4.2,0.1867,0
EMP04912,45,Male,Finance,Analyst,3.57,110767,39.0,8.1,Hybrid,8.16,5,4.46,70.9,2,16.5,4.92,2.91,5.73,4.25,31.9,1.0,0.4629,0
EMP04913,41,Male,Finance,Analyst,0.1,103674,53.1,18.5,Hybrid,7.55,3,3.99,62.3,2,12.2,6.04,2.52,3.92,5.69,23.7,0.7,0.4983,0
EMP04914,36,Female,Engineering,Junior Dev,1.55,89807,48.0,9.7,Hybrid,9.44,8,4.08,79.3,4,11.2,6.0,3.72,5.73,7.6,73.3,5.7,0.3259,0
EMP04915,24,Female,Sales,Manager,0.13,46442,50.5,24.0,Full Remote,7.44,7,2.55,79.6,3,15.8,5.83,3.03,6.89,5.28,13.9,1.6,0.4613,0
EMP04916,36,Female,Sales,Associate,3.36,121084,62.2,4.3,On-site,7.41,7,3.86,78.3,7,21.1,8.49,2.99,8.03,4.38,1.2,3.8,0.5401,0
EMP04917,43,Female,Engineering,Junior Dev,10.42,51809,44.5,1.9,On-site,6.18,9,1.07,66.8,5,18.1,5.01,5.97,8.19,5.47,25.4,5.4,0.5862,0
EMP04918,31,Female,Engineering,Senior Dev,3.19,68289,45.2,6.6,Full Remote,8.0,9,3.82,80.5,1,20.9,6.09,6.35,4.99,4.71,29.5,6.1,0.4383,0
EMP04919,45,Male,Engineering,Junior Dev,0.76,92672,42.9,16.5,Hybrid,8.53,7,2.78,70.1,8,15.4,7.18,4.51,6.09,6.87,24.1,9.7,0.408,0
EMP04920,45,Female,Customer Support,Analyst,1.32,93913,41.5,12.5,Full Remote,8.42,4,4.64,74.8,4,12.1,4.07,5.56,7.57,6.01,5.2,11.3,0.4239,0
EMP04921,48,Male,Finance,Analyst,11.27,89305,36.9,3.6,On-site,6.34,7,4.25,76.9,6,10.3,6.21,4.94,5.32,4.65,1.8,0.6,0.3989,0
EMP04922,37,Male,Engineering,Junior Dev,0.76,64992,45.7,8.8,Hybrid,6.71,7,3.65,57.1,3,20.3,7.83,3.6,3.73,5.62,7.5,5.4,0.4131,0
EMP04923,39,Female,Engineering,Senior Dev,2.47,59826,47.8,4.4,Full Remote,8.53,9,4.36,79.9,2,15.5,7.7,6.62,6.93,4.14,77.0,2.3,0.4953,0
EMP04924,46,Male,Finance,Manager,1.53,138363,48.3,6.9,Full Remote,9.41,12,5.0,51.8,6,6.4,7.02,5.04,5.51,6.61,38.7,14.0,0.4225,0
EMP04925,38,Male,Sales,Associate,4.39,74017,45.5,0.5,Full Remote,7.09,9,3.46,67.2,9,14.3,6.54,5.96,6.63,5.08,0.4,8.2,0.4295,0
EMP04926,30,Male,Operations,Analyst,6.06,70955,52.4,19.8,Full Remote,6.57,8,3.78,57.5,2,6.2,8.04,3.48,7.64,6.59,16.5,11.8,0.6022,0
EMP04927,31,Female,Customer Support,Manager,1.25,57161,45.2,5.8,Full Remote,7.21,11,2.5,68.3,8,2.8,5.76,4.71,8.22,5.8,17.3,0.2,0.3767,0
EMP04928,36,Male,HR,Manager,3.24,81116,41.7,1.6,Hybrid,9.71,10,2.81,84.3,4,18.0,8.55,4.23,4.21,4.32,12.6,5.0,0.3678,0
EMP04929,24,Female,Engineering,Senior Dev,2.39,79950,37.6,3.8,Hybrid,6.97,5,2.77,91.1,3,18.2,8.13,7.08,6.04,3.34,2.0,1.6,0.4374,0
EMP04930,33,Female,Operations,Senior Analyst,0.98,74594,35.0,9.5,Hybrid,5.13,6,3.54,51.6,5,15.9,7.02,6.21,6.52,6.3,13.5,7.2,0.5777,0
EMP04931,43,Female,Customer Support,Analyst,0.95,84543,56.7,2.3,Hybrid,9.85,5,3.8,33.1,2,19.4,6.25,6.88,3.8,6.45,4.0,16.2,0.4415,0
EMP04932,22,Male,HR,Senior Analyst,2.32,119088,39.4,6.7,Full Remote,5.79,9,2.96,74.8,5,4.6,8.21,4.57,6.55,5.65,48.7,1.5,0.2603,0
EMP04933,47,Female,Finance,Manager,0.5,60123,37.6,1.1,Full Remote,7.25,6,3.73,74.4,3,8.8,7.25,7.87,3.86,4.33,2.4,3.8,0.4738,0
EMP04934,43,Male,Sales,Senior,5.0,76077,41.7,12.7,Hybrid,9.16,11,4.3,75.7,2,9.6,7.06,4.38,4.86,4.53,80.8,3.1,0.3879,0
EMP04935,31,Male,Sales,Senior,0.21,58803,42.8,15.8,Hybrid,7.43,15,3.64,62.7,5,6.7,7.35,6.86,4.31,4.94,13.5,5.9,0.6473,0
EMP04936,39,Male,Finance,Analyst,0.3,82367,58.1,10.7,Full Remote,7.72,10,4.37,81.9,3,18.9,5.8,5.87,7.19,5.39,30.2,6.4,0.4658,0
EMP04937,35,Female,Customer Support,Senior Analyst,1.26,60788,42.4,12.3,Full Remote,7.99,5,2.1,79.1,7,6.0,8.07,4.5,4.66,3.42,1.1,6.0,0.4576,0
EMP04938,44,Male,HR,Senior Analyst,0.38,61863,66.1,16.3,Hybrid,8.25,8,2.24,66.6,5,8.2,6.89,6.97,5.52,4.93,10.3,20.2,0.5125,0
EMP04939,42,Male,Operations,Senior Analyst,1.94,40000,45.5,10.1,On-site,7.09,9,4.01,49.1,6,9.6,8.48,3.02,8.74,4.54,19.5,3.8,0.315,0
EMP04940,23,Male,Engineering,Junior Dev,1.53,77444,61.5,14.9,Hybrid,6.33,7,3.7,65.9,5,11.4,6.13,2.63,9.0,4.79,1.9,20.1,0.3802,0
EMP04941,39,Male,Engineering,Senior Dev,3.84,85744,52.2,6.4,Full Remote,8.65,6,3.57,81.1,4,15.3,2.67,6.86,4.99,3.13,103.9,10.1,0.5771,0
EMP04942,33,Female,Marketing,Senior,9.17,121511,47.9,7.1,On-site,7.16,7,3.59,38.7,3,18.9,7.81,2.0,8.08,7.07,18.8,9.6,0.2999,0
EMP04943,35,Female,Engineering,Junior Dev,4.2,86737,57.6,2.9,Full Remote,6.15,3,2.59,38.1,6,13.4,6.26,3.25,6.04,4.32,51.5,2.0,0.4179,0
EMP04944,29,Female,HR,Analyst,0.59,63757,54.0,3.6,Hybrid,6.21,5,2.14,64.2,7,18.8,5.89,3.96,7.86,8.17,0.8,9.6,0.3455,0
EMP04945,48,Male,Sales,Associate,8.22,41008,50.1,8.0,Full Remote,7.42,10,4.25,52.6,3,19.0,7.52,4.81,7.04,5.04,59.1,9.2,0.5847,0
EMP04946,43,Male,Operations,Senior Analyst,1.49,44467,63.5,8.1,On-site,8.29,9,4.38,87.4,1,12.0,7.7,4.62,6.59,3.74,7.0,2.3,0.4033,0
EMP04947,29,Other,Operations,Senior Analyst,1.93,42609,41.0,12.0,Hybrid,6.59,11,2.95,60.9,4,5.4,6.83,3.9,6.81,4.53,16.7,4.5,0.6597,0
EMP04948,24,Male,Marketing,Manager,1.64,121951,37.0,31.6,Hybrid,7.2,9,1.81,58.4,2,10.6,6.77,7.6,4.81,7.83,38.2,8.3,0.7182,1
EMP04949,31,Female,Engineering,Junior Dev,0.99,82195,39.6,10.8,Hybrid,8.96,5,3.39,81.2,1,18.5,6.59,7.87,7.81,6.48,19.4,3.8,0.4574,0
EMP04950,38,Male,HR,Manager,6.76,60425,59.0,10.6,Hybrid,7.73,10,2.96,85.5,4,14.8,7.07,8.14,5.34,4.46,21.8,7.1,0.4637,0
EMP04951,36,Female,Customer Support,Senior Analyst,1.21,51003,56.6,15.0,Full Remote,9.3,3,4.16,52.1,5,11.4,6.27,6.77,4.07,5.26,14.6,1.9,0.6089,0
EMP04952,45,Male,HR,Analyst,2.59,53597,40.8,2.8,Hybrid,8.44,6,2.73,60.8,5,9.3,6.22,4.27,5.83,7.78,55.9,5.4,0.3008,0
EMP04953,41,Male,Engineering,Junior Dev,0.82,59767,35.0,12.8,Hybrid,5.17,10,4.07,76.7,2,11.3,2.65,5.67,6.97,5.92,6.2,0.5,0.6874,0
EMP04954,42,Female,Engineering,Junior Dev,4.79,107906,43.4,2.7,Hybrid,7.0,4,3.59,30.9,2,16.5,6.82,3.67,8.44,5.6,4.6,18.0,0.2022,0
EMP04955,37,Female,Sales,Director,4.46,74251,36.9,3.9,Full Remote,8.22,6,4.54,74.3,5,12.5,6.35,2.53,6.52,5.78,17.8,9.6,0.4133,0
EMP04956,23,Male,Engineering,Senior Dev,1.05,40000,41.0,3.5,Full Remote,8.37,10,3.95,92.5,2,7.4,7.14,7.26,2.15,7.19,3.0,5.9,0.5483,0
EMP04957,33,Female,Operations,Analyst,3.43,132761,36.6,2.4,Hybrid,7.03,7,3.19,73.8,4,13.8,4.73,4.65,8.6,4.57,4.4,15.1,0.3013,0
EMP04958,43,Female,Operations,Analyst,3.65,46495,35.0,5.3,Hybrid,8.89,12,3.8,58.8,2,11.3,4.95,5.21,6.94,5.32,0.3,3.1,0.2985,0
EMP04959,34,Male,Sales,Manager,2.48,60229,60.1,13.3,Full Remote,8.03,10,3.51,87.6,6,5.7,8.68,4.61,5.19,4.23,1.6,10.5,0.4973,0
EMP04960,39,Male,Sales,Associate,2.75,107753,39.5,12.8,Full Remote,7.76,11,2.28,65.1,2,0.5,4.08,7.11,6.71,3.6,5.4,0.6,0.5672,0
EMP04961,32,Male,Engineering,Senior Dev,2.56,85378,56.3,1.8,Hybrid,6.19,12,3.99,79.8,2,0.0,5.09,3.64,7.54,7.73,7.7,4.9,0.4108,0
EMP04962,26,Male,Customer Support,Analyst,0.26,63251,43.2,17.9,Full Remote,7.47,6,3.46,56.1,5,12.0,4.59,5.87,5.95,4.87,19.3,9.0,0.602,0
EMP04963,34,Female,Marketing,Senior,3.33,44215,36.0,12.8,Hybrid,5.87,9,1.8,70.7,5,15.2,6.19,4.79,4.02,6.62,20.4,12.0,0.3812,0
EMP04964,37,Male,Finance,Analyst,1.9,50832,49.1,12.3,Hybrid,8.76,10,2.35,50.2,10,16.6,7.82,7.77,7.85,4.41,2.0,4.2,0.5822,0
EMP04965,29,Male,Sales,Senior,1.73,52337,41.9,16.9,Full Remote,6.83,7,3.05,87.5,11,14.2,6.29,6.78,9.05,6.66,14.5,8.9,0.4914,0
EMP04966,33,Male,HR,Manager,5.9,75175,43.3,8.7,On-site,8.66,7,4.2,55.2,1,14.7,8.47,4.29,6.6,4.14,57.0,6.2,0.3536,0
EMP04967,27,Female,Sales,Manager,0.1,79776,46.2,7.1,Full Remote,9.04,7,2.99,83.3,1,16.6,7.56,6.6,5.95,5.61,0.7,5.4,0.5714,0
EMP04968,43,Male,Sales,Manager,0.87,71283,38.5,12.5,On-site,7.78,6,4.1,82.1,4,11.5,5.16,5.39,6.78,4.07,11.5,13.1,0.4848,0
EMP04969,32,Male,HR,Analyst,0.39,74019,35.0,8.5,Hybrid,6.26,5,4.13,59.7,5,13.2,2.97,6.19,7.38,5.34,1.9,10.5,0.5205,0
EMP04970,46,Male,HR,Senior Analyst,0.11,48731,44.6,8.0,Hybrid,9.15,10,3.35,68.1,4,10.3,7.42,6.03,6.0,7.6,29.6,1.5,0.5189,0
EMP04971,47,Female,Sales,Associate,0.97,82328,52.7,1.3,On-site,6.71,5,4.11,93.0,5,15.4,7.07,3.29,8.45,6.88,28.4,3.8,0.3617,0
EMP04972,34,Male,Engineering,Junior Dev,13.39,107012,37.8,7.0,Hybrid,5.52,12,3.46,90.0,3,5.9,5.69,7.79,7.43,7.25,0.8,4.5,0.4536,0
EMP04973,26,Female,Sales,Director,0.95,70930,46.2,11.1,On-site,9.38,10,2.9,84.3,6,13.0,5.5,3.57,6.37,7.5,40.5,2.3,0.3137,0
EMP04974,22,Male,Sales,Manager,3.27,70442,57.0,14.0,Hybrid,4.68,7,3.32,40.3,3,15.6,6.58,1.92,4.45,4.63,14.9,8.1,0.5303,0
EMP04975,23,Male,HR,Senior Analyst,0.38,77075,44.3,2.8,Hybrid,7.58,10,2.88,79.2,3,18.9,6.08,6.01,3.11,7.17,63.2,3.5,0.5704,0
EMP04976,24,Female,Customer Support,Manager,2.76,102955,45.7,4.0,Hybrid,6.66,12,4.15,66.2,9,11.3,8.67,3.48,8.24,8.76,9.9,6.8,0.2326,0
EMP04977,46,Male,Engineering,Manager,12.5,52631,45.4,4.8,Full Remote,6.87,4,3.88,67.8,2,15.6,4.76,4.02,5.16,6.45,24.5,3.1,0.5363,0
EMP04978,35,Female,Engineering,Senior Dev,1.04,111271,39.5,12.0,On-site,9.69,2,4.74,69.4,3,8.0,6.71,4.9,3.99,8.26,1.0,8.3,0.2938,0
EMP04979,38,Female,Engineering,Senior Dev,5.65,85530,37.1,2.0,Hybrid,4.29,10,3.45,70.9,3,11.7,5.61,7.25,8.95,4.39,8.7,1.6,0.6116,0
EMP04980,22,Female,Marketing,Manager,18.06,75717,37.1,12.5,Hybrid,9.05,5,3.82,84.0,3,14.4,5.86,5.67,5.8,8.18,4.0,6.7,0.5436,0
EMP04981,25,Female,Sales,Associate,2.66,105330,47.9,5.3,On-site,9.22,8,3.75,73.0,5,16.2,7.69,7.07,4.47,4.96,42.2,4.9,0.6241,0
EMP04982,42,Male,Finance,Analyst,1.11,45448,51.1,21.2,On-site,6.41,4,3.93,73.4,4,10.0,5.32,3.86,7.77,7.83,16.3,14.9,0.465,0
EMP04983,37,Male,Engineering,Tech Lead,3.36,88051,51.4,28.0,Full Remote,6.98,11,3.86,53.4,7,16.3,7.84,6.24,8.36,5.58,72.2,4.8,0.3509,0
EMP04984,33,Female,HR,Analyst,5.59,85757,42.0,15.3,Hybrid,6.53,7,2.9,76.5,5,7.1,5.0,4.37,7.06,3.91,82.7,11.0,0.4538,0
EMP04985,39,Female,Operations,Analyst,0.56,51613,53.7,3.2,Hybrid,8.38,12,3.61,88.0,2,12.6,4.68,3.99,7.3,5.3,9.1,1.1,0.3823,0
EMP04986,48,Female,Customer Support,Analyst,1.81,86515,47.5,2.9,Hybrid,9.53,7,3.53,85.1,8,5.2,7.49,3.69,6.47,6.19,43.9,2.8,0.3562,0
EMP04987,33,Male,Customer Support,Analyst,1.15,82082,45.6,7.9,On-site,7.38,3,5.0,82.8,9,8.8,7.7,2.92,4.96,5.44,12.7,6.7,0.506,0
EMP04988,35,Male,Operations,Manager,1.0,70531,35.0,3.6,On-site,4.16,5,2.13,78.5,4,10.3,6.24,3.7,5.22,3.78,53.7,1.5,0.3214,0
EMP04989,36,Female,Customer Support,Senior Analyst,5.92,96570,38.5,15.3,Hybrid,6.59,9,4.14,67.8,3,20.8,5.63,4.52,5.19,6.06,22.8,11.1,0.5182,0
EMP04990,54,Male,Engineering,Senior Dev,1.64,60706,35.0,5.9,Hybrid,9.53,9,4.73,80.4,1,20.1,5.33,3.18,4.54,5.88,6.8,9.6,0.3744,0
EMP04991,22,Male,Engineering,Manager,1.24,81758,50.0,23.6,Hybrid,7.35,8,2.77,59.2,4,7.2,7.81,2.32,5.58,4.14,20.3,2.2,0.3881,0
EMP04992,40,Male,Engineering,Manager,2.78,71708,45.8,7.4,Hybrid,9.9,11,5.0,83.5,2,8.0,6.85,2.85,8.77,4.34,31.2,9.0,0.262,0
EMP04993,34,Female,Finance,Senior Analyst,0.74,59632,36.4,13.7,Full Remote,9.7,4,3.65,81.3,3,7.5,5.81,5.58,5.34,7.58,14.4,6.5,0.3468,0
EMP04994,39,Male,Customer Support,Manager,0.78,87572,47.4,4.2,Hybrid,7.16,9,3.35,84.9,3,11.5,7.23,6.14,5.41,6.15,5.4,6.4,0.426,0
EMP04995,29,Female,Engineering,Senior Dev,2.2,69806,35.0,6.9,Full Remote,7.82,6,3.59,82.0,3,8.1,5.63,7.59,4.59,4.08,72.4,2.0,0.5498,0
EMP04996,34,Male,HR,Analyst,1.58,40000,36.6,6.2,Hybrid,5.25,7,3.67,65.7,10,3.4,7.0,3.37,5.99,7.39,27.4,4.3,0.4428,0
EMP04997,40,Female,Finance,Analyst,1.05,40000,39.3,4.4,Hybrid,6.3,6,3.71,67.6,3,3.8,4.39,5.56,5.14,6.8,14.5,10.2,0.506,0
EMP04998,59,Female,Customer Support,Senior Analyst,0.17,94726,49.3,17.0,Full Remote,7.1,4,2.58,80.4,7,2.2,3.87,6.32,6.53,7.94,19.4,1.1,0.5003,0
EMP04999,41,Male,HR,Senior Analyst,2.21,44484,56.2,8.6,On-site,7.1,12,3.88,90.9,1,9.9,7.68,7.45,8.84,4.36,63.2,0.9,0.4923,0
EMP05000,28,Female,Customer Support,Senior Analyst,5.09,81984,40.3,22.1,Full Remote,6.0,7,2.14,41.7,6,11.9,8.38,6.36,6.17,4.66,4.8,3.5,0.4577,0
