user_id,date,sleep_duration_hrs,deep_sleep_pct,rem_sleep_pct,wake_ups,sleep_efficiency_pct,bedtime_hr,focus_hours,tasks_completed,reaction_time_ms,working_memory_score,attention_score,caffeine_mg,exercise_minutes,stress_level,mental_clarity
USER001,2025-07-10,7.37,22.3,21.4,2,88.3,0.97,8.07,5,245,78,87,152,3,4,3
USER001,2025-07-11,9.97,24.9,22.3,0,98.6,0.92,4.62,3,383,57,88,83,3,5,5
USER001,2025-07-12,10.87,13.9,27.3,5,93.5,2.88,5.09,0,405,56,73,70,11,4,6
USER001,2025-07-13,9.24,27.7,30.8,1,95.5,2.9,4.2,2,309,72,70,100,24,3,6
USER001,2025-07-14,7.13,20.2,26.8,0,89.2,1.28,6.33,4,294,87,85,86,19,2,4
USER001,2025-07-15,7.69,25.3,25.9,2,93.2,0.85,4.88,6,200,77,84,86,57,3,5
USER001,2025-07-16,6.32,25.0,20.4,1,95.1,0.61,6.79,1,226,85,84,74,14,2,5
USER001,2025-07-17,7.84,27.4,32.6,3,97.5,0.83,4.91,2,265,63,85,86,19,5,7
USER001,2025-07-18,7.22,12.5,27.4,1,95.4,1.25,5.25,2,294,88,94,133,1,5,6
USER001,2025-07-19,7.23,31.4,28.2,2,92.9,2.97,5.21,5,312,81,100,237,29,4,6
USER001,2025-07-20,7.93,26.7,28.5,3,95.2,1.96,5.9,4,232,92,83,64,21,1,4
USER001,2025-07-21,8.9,20.7,34.9,2,92.9,1.0,8.8,3,355,84,78,149,2,6,6
USER001,2025-07-22,6.22,25.4,30.2,0,97.2,0.85,5.78,2,409,83,92,54,51,3,4
USER001,2025-07-23,7.69,26.8,25.3,1,93.1,1.3,5.17,5,220,88,75,73,13,3,6
USER001,2025-07-24,10.42,15.2,18.2,3,96.1,0.57,4.36,2,291,59,72,75,21,4,5
USER001,2025-07-25,7.19,27.0,38.8,2,99.1,1.4,7.89,6,264,79,85,14,5,4,6
USER001,2025-07-26,9.13,16.3,28.4,1,99.3,1.55,3.42,1,265,82,64,126,6,6,8
USER001,2025-07-27,9.5,22.7,30.8,2,91.6,1.1,6.47,2,295,81,79,23,26,3,5
USER001,2025-07-28,8.06,15.9,24.4,2,89.4,1.07,4.17,3,327,79,99,152,5,4,7
USER001,2025-07-29,9.26,17.6,26.8,1,93.8,1.13,6.66,3,280,79,85,103,3,6,5
USER001,2025-07-30,6.68,28.2,32.4,2,94.0,1.2,4.69,2,262,65,76,136,38,1,4
USER001,2025-07-31,9.7,23.3,28.8,2,96.8,1.38,5.56,1,323,82,58,84,20,4,6
USER001,2025-08-01,8.13,21.3,31.4,0,96.7,1.43,5.72,7,200,95,100,178,60,5,7
USER001,2025-08-02,8.73,32.9,31.8,3,94.7,1.43,6.59,2,239,100,83,20,17,6,8
USER001,2025-08-03,9.66,31.7,27.3,2,95.9,2.56,5.01,0,293,66,79,31,32,4,7
USER001,2025-08-04,7.27,29.9,29.7,0,98.2,1.31,4.66,3,311,92,100,77,5,2,7
USER001,2025-08-05,5.99,26.6,40.4,2,95.9,0.87,5.13,1,339,65,51,80,11,1,6
USER001,2025-08-06,8.96,28.0,37.0,1,97.4,0.63,6.2,1,262,100,87,114,40,4,6
USER001,2025-08-07,8.58,20.7,21.2,0,97.3,0.82,6.63,5,310,89,87,109,19,3,6
USER001,2025-08-08,9.48,18.4,22.6,1,93.3,0.61,6.09,2,289,75,64,20,23,5,6
USER001,2025-08-09,9.83,29.6,15.6,2,96.2,2.04,5.43,0,298,78,75,35,6,6,6
USER001,2025-08-10,8.83,17.8,22.9,0,94.1,2.36,6.27,3,334,78,79,141,30,5,7
USER001,2025-08-11,8.38,16.9,28.1,1,97.1,1.36,2.93,3,288,100,82,70,44,4,7
USER001,2025-08-12,8.08,24.1,22.6,0,97.8,1.38,6.86,4,227,74,89,144,14,3,6
USER001,2025-08-13,6.78,19.3,22.3,4,92.1,0.86,4.85,5,240,71,65,200,20,3,8
USER001,2025-08-14,5.33,22.9,41.3,2,95.7,0.65,6.35,1,316,57,61,45,23,5,2
USER001,2025-08-15,6.81,25.6,18.7,2,97.1,1.39,5.66,1,246,75,54,299,2,2,3
USER001,2025-08-16,9.21,21.4,22.4,4,94.5,2.91,4.21,1,300,73,70,198,8,4,7
USER001,2025-08-17,9.5,30.2,25.7,4,92.8,1.76,6.63,2,246,55,100,30,5,4,7
USER001,2025-08-18,7.68,24.1,29.8,1,90.2,1.26,4.55,5,200,83,100,130,20,3,7
USER001,2025-08-19,9.14,19.6,32.0,1,99.0,0.7,3.67,5,294,89,64,13,0,1,3
USER001,2025-08-20,9.39,30.3,33.8,4,96.0,1.06,3.8,1,369,83,66,269,30,5,6
USER001,2025-08-21,7.99,16.3,17.9,1,93.8,0.8,8.44,4,299,98,86,70,5,3,7
USER001,2025-08-22,5.43,29.1,37.0,3,91.9,0.85,4.12,0,304,54,69,181,2,4,4
USER001,2025-08-23,9.34,26.8,35.7,2,93.0,1.92,3.97,4,309,76,78,44,15,3,7
USER001,2025-08-24,7.3,21.2,35.5,4,95.9,2.59,4.77,4,282,94,81,116,22,2,4
USER001,2025-08-25,8.05,21.9,27.5,3,91.3,0.69,6.58,2,342,83,100,225,36,4,3
USER001,2025-08-26,8.13,20.0,25.5,4,97.5,0.73,7.19,5,200,97,82,77,50,5,6
USER001,2025-08-27,6.92,28.8,34.5,2,92.5,1.33,6.44,2,332,69,79,56,38,3,5
USER001,2025-08-28,8.5,31.4,18.6,2,93.5,0.93,4.39,6,230,71,78,80,6,2,8
USER001,2025-08-29,7.54,29.7,27.1,3,95.9,1.3,3.26,8,249,84,100,155,9,2,6
USER001,2025-08-30,9.1,27.5,23.6,0,94.9,2.36,4.18,0,200,72,100,55,2,1,5
USER001,2025-08-31,8.1,17.0,38.0,3,94.4,2.58,4.03,3,322,100,81,70,7,4,6
USER001,2025-09-01,7.38,26.4,28.2,1,94.8,1.01,4.91,6,219,82,100,326,35,2,6
USER001,2025-09-02,5.87,21.0,19.1,1,89.4,1.08,2.17,3,310,69,62,153,57,5,4
USER001,2025-09-03,8.49,14.4,21.5,2,94.8,0.89,7.38,4,298,87,85,60,25,2,4
USER001,2025-09-04,8.8,24.4,26.3,3,96.2,0.79,4.39,1,280,81,84,129,1,5,6
USER001,2025-09-05,8.72,22.1,29.9,2,94.0,1.43,5.84,6,249,75,94,12,19,5,7
USER001,2025-09-06,9.09,33.4,24.6,4,87.0,1.01,5.98,6,249,84,94,74,13,5,4
USER001,2025-09-07,8.66,16.5,25.2,3,98.1,1.42,4.31,1,200,66,86,18,2,5,6
USER001,2025-09-08,7.59,15.4,29.3,2,97.7,1.02,7.07,3,203,90,92,5,1,3,4
USER001,2025-09-09,8.08,19.6,30.3,3,97.5,0.58,7.39,2,250,77,86,85,13,5,8
USER001,2025-09-10,9.38,17.5,23.0,5,99.1,0.67,5.81,3,292,84,64,35,29,4,6
USER001,2025-09-11,6.77,27.8,22.2,2,88.0,1.23,2.15,3,352,62,85,84,0,2,7
USER001,2025-09-12,9.83,17.2,34.7,1,97.1,1.02,4.87,3,342,83,84,35,15,5,6
USER001,2025-09-13,8.98,22.7,35.6,1,98.3,1.45,6.6,6,266,99,87,118,60,3,5
USER001,2025-09-14,9.18,28.8,19.5,4,96.9,2.02,6.86,4,333,86,91,65,0,4,6
USER001,2025-09-15,9.17,33.7,23.0,2,96.7,0.55,6.3,3,217,75,82,13,8,3,6
USER001,2025-09-16,8.78,22.7,28.4,2,96.4,1.19,5.57,2,235,97,76,48,10,6,4
USER001,2025-09-17,7.92,22.5,18.3,2,86.9,0.58,5.28,4,283,68,91,125,36,5,8
USER001,2025-09-18,7.41,25.0,35.2,2,95.8,1.22,5.34,3,242,86,88,88,19,5,7
USER001,2025-09-19,8.62,30.3,37.9,2,90.2,0.77,5.56,3,200,77,100,25,3,4,6
USER001,2025-09-20,9.25,33.8,33.8,3,95.6,1.62,6.81,4,200,82,87,299,22,3,6
USER001,2025-09-21,10.52,21.3,35.5,0,94.3,1.17,5.93,1,434,84,74,38,10,4,7
USER001,2025-09-22,7.06,28.0,14.1,0,99.0,1.19,5.68,6,374,82,77,77,9,5,5
USER001,2025-09-23,5.6,20.3,16.4,1,99.4,0.57,5.28,1,278,70,76,44,17,3,5
USER001,2025-09-24,9.38,25.9,24.0,2,97.2,0.67,3.52,3,253,68,97,120,6,5,7
USER001,2025-09-25,7.24,15.0,27.3,2,98.8,0.72,6.4,7,266,88,89,33,8,6,5
USER001,2025-09-26,8.48,22.6,27.5,2,92.3,1.34,2.49,6,365,79,72,220,3,6,6
USER001,2025-09-27,9.46,20.8,22.8,4,99.1,1.91,5.93,3,290,72,81,43,42,2,7
USER001,2025-09-28,9.18,31.5,27.5,1,95.2,2.95,4.82,5,256,89,68,43,5,7,5
USER001,2025-09-29,5.93,22.7,29.6,0,92.8,1.06,3.66,1,352,83,84,135,7,5,4
USER001,2025-09-30,4.53,17.3,34.0,2,87.2,1.34,3.4,0,441,42,63,30,6,3,3
USER001,2025-10-01,7.13,25.6,27.8,1,92.1,1.06,7.06,2,287,69,68,47,47,3,3
USER001,2025-10-02,7.32,31.2,15.7,0,96.0,1.33,5.06,0,202,77,85,37,3,6,7
USER001,2025-10-03,8.59,19.8,25.9,2,97.5,0.89,7.09,1,316,95,72,25,11,4,7
USER001,2025-10-04,7.96,34.9,24.1,3,93.8,2.94,4.08,7,235,75,100,67,26,2,3
USER001,2025-10-05,9.77,22.9,25.3,1,95.5,1.69,5.02,1,313,66,81,302,3,1,5
USER001,2025-10-06,7.98,29.9,28.4,1,98.0,0.96,4.89,7,200,83,90,115,0,1,5
USER001,2025-10-07,6.89,26.0,23.7,2,97.4,1.11,2.45,1,233,72,82,63,10,2,5
USER001,2025-10-08,8.05,29.6,24.9,2,86.1,1.18,1.67,2,342,78,100,28,58,6,6
USER001,2025-10-09,8.29,29.1,26.6,0,89.6,0.72,8.19,1,246,80,79,76,17,3,4
USER001,2025-10-10,8.2,29.1,34.2,3,96.6,1.04,6.92,3,216,95,60,100,28,3,6
USER001,2025-10-11,9.09,17.5,26.2,4,97.2,1.78,4.77,8,272,100,74,18,16,1,5
USER001,2025-10-12,8.3,19.0,30.1,2,89.3,2.73,6.12,3,215,93,85,59,1,1,6
USER001,2025-10-13,6.98,25.2,32.2,1,88.2,1.47,5.24,4,303,67,69,185,0,4,5
USER001,2025-10-14,8.14,21.4,24.5,4,85.1,1.23,5.2,2,254,85,89,89,33,3,3
USER001,2025-10-15,8.07,17.3,34.7,1,96.4,1.19,6.5,5,315,100,96,25,0,6,6
USER001,2025-10-16,7.05,29.1,24.7,3,97.8,1.14,5.56,2,239,79,54,116,12,3,4
USER001,2025-10-17,6.73,23.4,37.9,1,94.0,1.15,5.11,4,266,66,78,152,7,4,3
USER001,2025-10-18,9.24,28.5,33.7,4,95.0,1.95,4.39,3,282,72,79,113,8,3,8
USER001,2025-10-19,10.52,15.9,30.8,1,93.2,2.08,3.58,1,323,42,65,71,1,3,7
USER001,2025-10-20,6.51,22.8,32.9,3,99.6,0.55,6.64,2,374,74,82,37,5,5,4
USER001,2025-10-21,7.8,33.9,27.5,2,89.1,0.78,7.38,4,285,96,58,120,2,1,4
USER001,2025-10-22,6.68,39.3,40.5,1,97.6,0.92,5.92,4,389,69,58,107,0,6,6
USER001,2025-10-23,7.79,41.1,30.6,4,95.6,1.05,8.87,3,332,85,70,46,33,2,7
USER001,2025-10-24,8.85,26.3,31.9,2,97.0,1.16,4.32,5,329,89,92,34,26,3,3
USER001,2025-10-25,9.64,22.3,35.7,2,94.5,1.81,3.74,6,246,77,78,29,20,6,3
USER001,2025-10-26,7.82,22.4,28.1,2,87.3,2.62,6.06,5,255,87,88,50,22,3,4
USER001,2025-10-27,7.63,24.4,25.5,1,95.1,1.46,5.99,4,200,85,77,17,30,5,6
USER001,2025-10-28,7.02,29.5,32.6,3,94.6,0.82,1.91,3,299,90,74,46,14,2,7
USER001,2025-10-29,6.23,28.8,22.6,1,95.7,1.36,5.04,1,249,79,69,82,2,5,5
USER001,2025-10-30,7.3,20.8,31.9,0,96.4,1.13,4.42,3,236,85,71,54,31,4,7
USER001,2025-10-31,6.06,22.9,24.4,3,94.9,0.77,6.13,1,250,80,76,35,5,2,7
USER001,2025-11-01,9.43,19.9,18.2,1,94.7,2.6,3.49,2,293,79,98,92,4,5,6
USER001,2025-11-02,8.83,31.8,23.5,2,91.8,2.19,4.22,8,200,80,75,52,8,5,4
USER001,2025-11-03,7.01,21.9,33.6,0,98.4,0.72,5.93,6,253,74,70,110,12,4,6
USER001,2025-11-04,8.21,19.8,38.6,5,96.4,0.67,4.16,8,272,100,100,497,14,3,7
USER001,2025-11-05,9.78,28.5,35.9,2,95.7,1.06,4.9,2,329,65,74,45,29,4,6
USER001,2025-11-06,7.27,21.9,16.1,1,94.5,0.76,3.61,4,200,88,81,158,8,6,8
USER002,2025-07-10,6.61,26.3,31.4,3,95.3,21.58,4.06,4,310,86,85,28,4,3,4
USER002,2025-07-11,5.99,28.9,17.5,4,93.0,21.59,4.06,8,218,94,74,229,27,2,7
USER002,2025-07-12,5.8,29.0,40.4,1,95.0,23.17,5.83,7,301,74,82,200,35,3,8
USER002,2025-07-13,7.05,31.0,27.6,1,96.3,22.6,6.0,2,245,82,71,24,30,6,7
USER002,2025-07-14,7.31,31.6,28.9,1,96.7,22.43,6.16,2,200,79,87,150,33,4,4
USER002,2025-07-15,5.73,35.9,22.7,4,97.7,22.5,4.17,6,200,81,64,94,68,5,7
USER002,2025-07-16,5.98,20.4,30.2,2,88.3,21.89,5.25,3,251,75,71,79,17,4,4
USER002,2025-07-17,5.61,17.8,22.0,1,97.4,22.1,4.78,2,248,70,90,24,61,3,5
USER002,2025-07-18,6.32,23.0,22.8,2,97.5,22.19,6.85,5,201,66,83,160,19,6,7
USER002,2025-07-19,6.55,20.0,24.3,3,95.8,22.27,6.49,4,200,64,100,103,35,3,4
USER002,2025-07-20,7.65,16.8,29.7,4,91.7,22.23,4.95,0,335,87,73,61,11,6,7
USER002,2025-07-21,4.0,27.2,33.0,4,94.4,22.18,4.77,0,255,70,76,10,1,4,5
USER002,2025-07-22,5.59,27.9,39.0,4,97.4,21.52,6.62,3,303,83,97,197,35,4,6
USER002,2025-07-23,6.13,31.5,31.2,3,89.1,22.08,7.76,4,299,73,68,17,6,4,5
USER002,2025-07-24,6.7,21.5,34.4,1,98.8,22.18,7.4,2,330,89,99,120,78,4,6
USER002,2025-07-25,6.3,22.4,28.6,0,95.9,22.13,7.09,1,212,76,91,53,10,5,7
USER002,2025-07-26,6.56,21.3,29.3,2,94.7,23.93,7.12,1,292,89,100,82,24,2,6
USER002,2025-07-27,8.53,20.5,34.1,0,97.5,22.86,5.38,2,389,64,73,64,14,4,4
USER002,2025-07-28,5.55,27.7,28.2,3,82.5,22.13,5.31,4,213,74,75,130,15,3,7
USER002,2025-07-29,5.65,24.6,31.3,2,86.7,21.91,6.33,2,229,70,91,179,5,5,6
USER002,2025-07-30,5.92,28.4,22.9,3,91.5,21.66,6.29,4,282,70,100,163,64,4,2
USER002,2025-07-31,6.25,32.8,28.2,1,92.6,22.27,4.75,5,222,86,99,67,2,4,5
USER002,2025-08-01,5.55,25.6,33.9,1,95.0,22.14,3.83,7,346,78,77,183,13,2,5
USER002,2025-08-02,6.52,21.8,30.5,1,82.4,22.92,5.26,1,339,80,94,10,27,4,7
USER002,2025-08-03,6.55,24.7,24.7,3,90.0,22.39,6.71,3,273,100,84,38,20,3,6
USER002,2025-08-04,8.55,26.1,31.0,1,98.5,22.45,3.57,2,291,70,73,193,16,4,5
USER002,2025-08-05,6.8,26.0,22.9,2,97.3,21.8,8.18,4,233,85,74,82,8,4,5
USER002,2025-08-06,5.72,19.9,37.9,6,91.9,21.61,6.57,3,217,78,95,6,21,3,4
USER002,2025-08-07,7.2,16.7,27.6,2,95.8,21.85,6.48,4,302,80,93,60,8,4,8
USER002,2025-08-08,4.14,21.1,36.1,3,80.8,21.87,5.28,0,289,41,72,259,5,2,5
USER002,2025-08-09,7.04,30.8,31.4,6,95.3,22.15,3.18,3,295,93,90,71,4,3,7
USER002,2025-08-10,6.53,23.7,25.1,4,96.2,23.13,4.23,4,237,75,97,70,14,3,5
USER002,2025-08-11,6.82,16.1,36.0,2,94.6,22.22,5.06,4,296,82,91,27,0,3,7
USER002,2025-08-12,6.92,30.8,29.8,1,89.9,22.32,5.54,5,259,82,92,46,1,3,6
USER002,2025-08-13,6.61,25.0,33.7,1,89.2,22.01,5.12,2,257,83,95,106,18,5,5
USER002,2025-08-14,6.03,18.5,30.0,2,97.8,21.83,6.02,5,278,80,83,109,16,3,5
USER002,2025-08-15,4.37,25.9,30.7,3,95.4,21.88,2.93,2,337,63,65,27,25,4,4
USER002,2025-08-16,8.94,26.0,34.4,3,97.3,22.82,2.03,3,311,73,63,46,5,3,4
USER002,2025-08-17,6.63,32.5,21.8,3,92.5,23.49,4.14,3,228,93,99,128,27,2,7
USER002,2025-08-18,7.54,21.0,25.1,1,97.4,22.43,3.82,2,245,81,73,67,32,2,7
USER002,2025-08-19,7.3,28.2,26.4,0,84.9,21.98,4.98,3,261,70,76,143,40,2,4
USER002,2025-08-20,5.94,12.7,28.4,1,96.8,22.0,5.66,1,225,81,66,205,11,3,5
USER002,2025-08-21,7.66,17.8,22.8,2,95.7,21.74,7.21,3,215,64,53,45,53,3,5
USER002,2025-08-22,6.41,28.8,34.8,0,86.0,22.46,4.87,4,240,91,85,34,12,3,7
USER002,2025-08-23,5.72,26.7,33.2,2,96.8,22.4,5.74,2,317,84,65,57,20,6,8
USER002,2025-08-24,7.07,32.6,30.7,2,88.0,23.0,4.71,8,333,95,68,21,1,6,7
USER002,2025-08-25,4.83,19.0,27.1,3,93.3,22.33,3.7,2,275,72,58,60,8,3,6
USER002,2025-08-26,8.72,19.8,27.6,1,95.9,22.48,3.05,2,344,78,70,143,13,4,6
USER002,2025-08-27,6.91,31.0,27.6,1,91.8,22.28,8.06,5,289,95,100,52,51,4,7
USER002,2025-08-28,6.9,28.8,23.5,2,89.6,21.53,7.12,2,276,74,70,77,22,3,7
USER002,2025-08-29,6.58,17.7,20.9,1,97.2,21.63,7.04,5,200,87,100,38,43,3,7
USER002,2025-08-30,7.91,34.0,25.0,3,96.6,22.47,4.81,1,323,69,69,14,12,2,2
USER002,2025-08-31,7.79,25.6,24.4,0,87.2,23.82,5.57,3,342,57,80,91,3,3,6
USER002,2025-09-01,7.94,27.8,28.4,2,96.0,21.69,3.14,2,325,71,80,82,76,5,7
USER002,2025-09-02,5.7,33.1,17.3,1,85.1,21.54,2.9,2,429,85,70,104,39,4,5
USER002,2025-09-03,4.94,36.8,34.7,2,98.1,22.44,5.37,4,291,72,48,24,22,4,8
USER002,2025-09-04,6.9,18.4,18.0,1,94.3,21.59,5.29,4,261,91,100,14,22,2,4
USER002,2025-09-05,5.67,21.5,34.6,2,98.7,22.04,3.35,1,270,79,85,43,20,2,7
USER002,2025-09-06,7.66,11.6,15.6,3,97.7,22.23,2.85,1,343,78,93,78,0,2,3
USER002,2025-09-07,7.41,35.8,24.2,2,93.2,23.61,5.43,5,297,70,74,150,30,4,3
USER002,2025-09-08,8.3,29.8,21.7,2,95.2,21.76,4.81,0,275,79,80,151,10,2,7
USER002,2025-09-09,7.07,26.9,24.6,1,81.7,21.61,6.27,3,287,69,71,256,14,4,8
USER002,2025-09-10,5.93,35.8,38.1,3,97.5,22.17,5.91,8,265,80,77,93,11,5,4
USER002,2025-09-11,5.5,23.0,31.8,0,97.0,21.65,7.58,4,302,94,81,168,17,3,6
USER002,2025-09-12,7.08,19.7,15.4,3,86.7,21.57,5.89,1,214,74,73,77,5,3,6
USER002,2025-09-13,7.95,21.2,27.7,2,91.1,23.08,3.86,2,292,63,86,40,42,3,8
USER002,2025-09-14,6.58,13.4,23.2,2,94.2,22.21,7.83,4,368,79,77,139,0,6,8
USER002,2025-09-15,7.11,17.3,39.0,1,98.7,21.91,5.88,2,323,87,98,81,0,4,8
USER002,2025-09-16,4.63,14.5,28.1,0,92.4,21.64,4.09,0,322,91,51,54,7,4,3
USER002,2025-09-17,6.18,29.0,33.8,0,88.7,21.99,7.11,1,200,91,71,257,3,3,8
USER002,2025-09-18,7.22,35.8,38.4,1,94.3,21.62,4.54,5,284,78,91,77,0,2,7
USER002,2025-09-19,6.64,25.2,35.0,5,96.5,22.02,4.55,5,223,89,97,198,23,3,6
USER002,2025-09-20,7.96,30.3,20.7,2,89.1,23.24,5.19,0,292,80,71,92,6,4,6
USER002,2025-09-21,7.88,32.1,29.0,2,92.3,22.67,7.09,2,388,71,72,105,60,3,6
USER002,2025-09-22,6.29,41.1,25.6,1,93.5,21.69,3.34,4,230,77,90,24,2,5,6
USER002,2025-09-23,6.52,27.5,32.3,1,96.0,21.56,7.87,5,261,100,83,48,9,1,7
USER002,2025-09-24,7.63,22.1,28.3,2,95.1,22.14,3.42,1,340,74,64,72,5,5,8
USER002,2025-09-25,7.21,22.2,23.0,0,87.1,22.06,5.94,3,349,69,86,165,10,6,8
USER002,2025-09-26,8.0,23.9,33.2,0,85.8,21.75,3.72,0,291,78,100,87,10,6,7
USER002,2025-09-27,7.28,25.8,21.0,0,95.5,23.02,0.54,1,338,65,100,140,39,3,5
USER002,2025-09-28,8.32,18.5,24.4,2,95.5,23.24,4.71,2,286,73,88,49,15,2,4
USER002,2025-09-29,4.0,22.5,22.6,1,98.7,21.95,5.06,1,284,69,68,162,18,1,5
USER002,2025-09-30,6.21,17.3,15.4,2,95.5,22.04,4.48,0,226,81,77,43,17,4,6
USER002,2025-10-01,5.62,18.7,25.8,2,85.2,22.15,6.45,4,258,73,59,90,1,3,5
USER002,2025-10-02,6.99,23.1,30.8,2,98.7,22.01,6.82,5,275,84,95,73,3,6,5
USER002,2025-10-03,7.64,30.8,32.2,3,88.9,21.52,3.54,2,383,90,84,61,21,5,4
USER002,2025-10-04,6.41,23.2,26.0,1,91.8,23.72,6.51,2,302,84,90,243,8,6,6
USER002,2025-10-05,6.33,25.5,22.0,3,97.8,23.28,6.86,8,210,78,59,244,1,2,8
USER002,2025-10-06,4.79,36.1,15.0,1,99.2,21.66,4.83,1,322,90,69,116,8,1,7
USER002,2025-10-07,6.23,26.4,37.8,1,97.7,22.11,5.78,9,316,78,80,23,25,2,7
USER002,2025-10-08,6.4,23.5,26.6,1,98.0,21.89,6.56,5,235,88,91,296,3,4,6
USER002,2025-10-09,6.81,21.1,26.0,2,95.0,21.63,4.77,1,239,100,74,66,2,6,4
USER002,2025-10-10,5.97,18.5,17.8,0,91.3,21.9,3.29,5,242,100,84,178,41,4,6
USER002,2025-10-11,7.29,24.5,19.6,1,86.2,22.96,6.26,2,274,76,72,25,11,2,6
USER002,2025-10-12,8.33,23.0,23.3,5,88.9,22.54,5.36,1,331,93,41,70,14,4,7
USER002,2025-10-13,6.54,18.7,28.9,1,93.3,22.48,7.0,6,236,68,97,178,18,2,2
USER002,2025-10-14,6.9,20.1,26.6,3,91.6,22.24,6.43,4,262,65,82,25,2,4,8
USER002,2025-10-15,7.41,37.5,27.1,0,88.1,22.08,5.5,2,200,91,69,172,25,3,7
USER002,2025-10-16,4.56,27.4,24.6,3,93.5,21.9,2.18,1,305,65,91,104,28,2,7
USER002,2025-10-17,6.49,27.7,22.6,0,90.3,21.73,2.95,3,276,83,96,36,15,1,6
USER002,2025-10-18,7.24,27.9,26.4,2,87.3,23.31,6.29,3,284,85,74,229,10,8,7
USER002,2025-10-19,7.46,27.1,31.7,1,97.4,23.32,4.37,2,200,65,85,44,25,3,3
USER002,2025-10-20,8.2,25.3,20.9,0,91.6,22.29,8.44,4,301,89,95,63,0,5,5
USER002,2025-10-21,6.19,30.0,23.0,1,93.8,21.95,4.06,4,229,80,73,30,21,6,5
USER002,2025-10-22,6.3,22.7,33.0,7,85.8,21.59,5.57,4,205,75,100,35,16,7,5
USER002,2025-10-23,5.6,19.5,31.2,2,90.1,22.31,6.16,5,329,75,87,116,38,3,6
USER002,2025-10-24,6.78,24.4,19.8,3,87.8,22.08,5.7,3,269,81,79,82,6,1,8
USER002,2025-10-25,7.73,22.3,20.6,2,89.3,23.51,5.66,2,317,65,65,37,25,5,6
USER002,2025-10-26,8.38,17.8,31.4,2,87.8,22.9,1.3,3,326,64,69,63,32,3,2
USER002,2025-10-27,5.14,28.1,22.7,1,87.7,22.0,3.75,2,305,92,73,4,18,5,6
USER002,2025-10-28,6.8,38.6,19.9,2,95.6,21.92,6.92,5,331,89,100,18,44,3,7
USER002,2025-10-29,5.69,24.2,23.0,2,87.3,22.22,2.04,2,285,72,86,91,33,3,4
USER002,2025-10-30,6.39,20.6,24.4,0,94.1,21.69,3.93,2,307,83,86,99,2,4,6
USER002,2025-10-31,6.32,15.1,25.9,2,88.8,22.06,6.72,4,200,85,80,83,34,1,7
USER002,2025-11-01,8.29,20.0,26.6,2,99.5,22.85,3.79,2,303,56,57,82,3,4,4
USER002,2025-11-02,6.81,22.3,27.7,2,94.6,22.25,6.98,3,254,91,86,34,5,3,6
USER002,2025-11-03,6.79,16.3,19.4,3,87.7,22.26,4.3,3,250,83,86,15,6,4,5
USER002,2025-11-04,5.41,23.0,34.2,2,98.9,22.29,5.2,5,216,86,69,107,6,4,5
USER002,2025-11-05,8.82,28.2,31.8,5,93.4,22.47,4.65,0,236,70,54,212,10,2,5
USER002,2025-11-06,6.37,21.1,23.9,1,95.3,21.8,5.52,1,296,93,84,98,55,5,5
USER003,2025-07-10,9.69,24.7,32.0,2,96.1,23.45,0.36,2,345,62,66,195,21,2,4
USER003,2025-07-11,7.03,19.9,22.0,3,96.2,23.11,3.71,2,224,79,59,71,45,6,5
USER003,2025-07-12,7.43,26.3,26.5,1,95.8,25.23,4.72,4,285,89,95,142,16,3,4
USER003,2025-07-13,9.71,11.4,16.9,1,97.7,24.32,6.1,3,318,66,56,204,13,5,7
USER003,2025-07-14,6.68,24.9,19.9,4,98.9,23.37,5.21,1,378,82,71,98,5,4,6
USER003,2025-07-15,8.48,34.7,23.7,3,93.5,23.99,6.71,2,268,76,98,44,35,3,8
USER003,2025-07-16,6.37,44.5,26.8,3,92.2,23.5,6.84,2,297,61,89,161,5,5,4
USER003,2025-07-17,6.76,25.5,30.5,2,93.5,23.03,5.34,3,267,58,82,78,17,4,5
USER003,2025-07-18,5.9,28.9,31.9,4,92.4,23.27,3.01,1,213,70,84,177,11,4,5
USER003,2025-07-19,7.64,30.8,19.4,1,93.7,24.74,6.55,6,270,90,100,18,4,4,4
USER003,2025-07-20,9.1,18.0,22.7,1,94.6,23.68,5.06,3,339,72,92,41,42,4,6
USER003,2025-07-21,7.13,23.9,27.2,3,91.2,23.46,8.8,3,279,78,78,129,3,2,6
USER003,2025-07-22,8.27,16.6,34.9,1,93.3,23.42,6.84,4,272,93,93,157,22,4,5
USER003,2025-07-23,10.78,27.2,33.4,0,86.7,23.97,0.62,0,343,69,73,94,5,5,2
USER003,2025-07-24,8.16,16.6,42.5,0,87.2,23.04,9.04,7,270,86,100,91,8,4,7
USER003,2025-07-25,8.15,21.8,28.1,0,90.7,23.41,6.71,6,296,84,82,89,16,4,5
USER003,2025-07-26,8.04,29.9,22.8,2,93.9,24.32,6.51,4,286,92,85,56,19,2,6
USER003,2025-07-27,7.17,27.0,35.0,4,94.7,24.98,2.62,6,329,82,96,32,5,5,5
USER003,2025-07-28,7.71,33.0,19.4,0,90.5,23.19,6.03,5,270,88,77,134,2,6,5
USER003,2025-07-29,6.26,23.7,21.8,4,88.6,23.51,5.65,2,274,83,79,74,11,3,6
USER003,2025-07-30,6.66,26.4,24.8,3,93.2,23.71,6.8,6,246,89,72,169,3,5,3
USER003,2025-07-31,6.94,26.1,29.7,4,92.8,23.94,4.29,0,202,82,78,38,14,3,7
USER003,2025-08-01,6.68,22.3,27.5,1,94.2,23.86,5.45,2,295,95,73,72,17,5,5
USER003,2025-08-02,8.31,21.6,23.0,0,93.1,24.7,4.33,6,253,87,86,73,1,5,5
USER003,2025-08-03,7.77,24.2,25.7,2,93.2,25.17,5.52,4,223,94,84,171,16,3,7
USER003,2025-08-04,9.22,24.5,32.4,3,93.6,23.19,6.82,5,325,57,62,90,7,5,7
USER003,2025-08-05,7.89,25.8,31.7,0,88.5,23.4,6.62,8,200,67,90,38,88,7,6
USER003,2025-08-06,7.5,14.3,40.8,0,91.0,23.53,3.49,7,246,65,100,32,26,4,6
USER003,2025-08-07,8.63,24.4,14.7,2,96.0,23.21,7.02,5,259,70,84,131,29,2,3
USER003,2025-08-08,7.73,29.4,34.3,0,98.1,23.18,5.88,8,277,91,93,203,92,5,4
USER003,2025-08-09,8.14,18.8,21.8,3,94.1,25.17,4.48,2,363,76,64,9,10,4,6
USER003,2025-08-10,8.91,31.1,30.0,2,94.7,23.72,7.43,6,335,74,67,36,18,6,5
USER003,2025-08-11,6.31,22.1,34.4,2,95.4,23.6,4.85,2,247,76,73,95,14,5,3
USER003,2025-08-12,8.8,34.6,30.0,1,97.6,23.23,4.41,2,336,75,85,74,3,4,8
USER003,2025-08-13,7.92,35.5,31.5,4,88.3,23.77,5.13,3,348,93,83,12,34,4,5
USER003,2025-08-14,8.15,31.1,20.6,2,97.8,23.32,5.44,6,330,85,76,67,0,2,7
USER003,2025-08-15,6.69,33.7,26.4,1,95.0,23.55,6.16,2,272,64,94,76,23,2,6
USER003,2025-08-16,9.5,40.8,23.7,2,97.3,24.71,4.57,2,282,74,83,124,42,2,4
USER003,2025-08-17,9.4,20.2,31.8,3,96.9,24.76,7.25,1,345,71,91,6,58,2,5
USER003,2025-08-18,7.58,19.2,34.0,1,89.1,23.12,7.13,5,228,90,83,154,10,5,8
USER003,2025-08-19,6.38,18.3,33.6,2,96.4,23.8,4.09,0,348,59,83,77,10,5,5
USER003,2025-08-20,5.86,25.7,19.5,1,89.3,23.48,5.51,2,321,82,80,49,35,6,6
USER003,2025-08-21,6.35,23.3,24.4,2,97.3,23.53,5.06,1,240,80,66,202,2,3,6
USER003,2025-08-22,8.22,20.4,22.8,0,90.0,23.12,8.15,5,254,77,88,56,39,4,3
USER003,2025-08-23,8.57,29.9,28.2,1,95.7,24.63,7.94,8,307,91,80,75,10,2,6
USER003,2025-08-24,7.91,32.3,17.4,1,96.4,24.64,5.88,3,302,95,89,51,6,5,8
USER003,2025-08-25,7.86,21.1,27.5,4,98.7,23.76,5.0,0,233,81,92,41,10,5,6
USER003,2025-08-26,8.03,36.4,17.1,1,94.0,23.07,5.62,3,246,81,72,122,1,3,7
USER003,2025-08-27,6.49,26.3,28.3,3,81.0,23.72,6.27,1,259,90,60,90,49,4,5
USER003,2025-08-28,6.51,30.4,29.9,0,97.6,23.28,6.76,6,280,71,82,62,10,5,8
USER003,2025-08-29,6.87,20.3,32.0,3,92.8,23.34,4.71,5,301,77,97,95,31,2,6
USER003,2025-08-30,6.7,22.0,25.3,1,98.8,23.8,2.76,1,301,83,94,56,27,5,4
USER003,2025-08-31,8.06,18.3,33.4,4,98.9,24.09,5.45,6,280,82,76,125,38,5,6
USER003,2025-09-01,7.44,29.8,24.7,0,94.0,23.13,3.43,6,276,84,87,62,6,8,6
USER003,2025-09-02,8.91,15.6,35.0,2,92.8,23.43,2.36,5,345,71,43,47,1,4,5
USER003,2025-09-03,7.14,25.8,29.8,2,95.1,23.27,6.6,6,307,82,87,62,9,3,5
USER003,2025-09-04,8.6,28.9,21.9,1,95.3,23.74,2.81,3,273,85,79,13,48,4,4
USER003,2025-09-05,8.37,16.8,29.8,2,98.3,23.31,5.33,1,291,97,83,113,8,2,5
USER003,2025-09-06,8.85,16.1,32.7,1,91.1,24.15,6.27,0,269,60,63,118,1,3,5
USER003,2025-09-07,8.21,31.0,30.4,1,95.5,25.42,8.09,2,312,86,86,35,9,3,6
USER003,2025-09-08,8.2,16.9,40.1,2,95.8,23.99,5.11,6,242,92,79,53,11,3,4
USER003,2025-09-09,7.54,23.0,36.7,1,95.1,23.61,6.57,3,293,80,80,127,2,3,7
USER003,2025-09-10,7.7,25.0,20.2,1,97.8,23.2,8.51,1,227,83,83,93,3,5,7
USER003,2025-09-11,7.61,19.9,27.6,5,97.1,23.68,7.11,3,200,98,89,54,2,4,7
USER003,2025-09-12,7.69,32.0,35.0,3,94.9,23.39,4.45,2,275,78,96,113,4,3,7
USER003,2025-09-13,8.54,17.8,23.5,3,90.7,24.94,5.66,2,236,71,98,96,18,4,5
USER003,2025-09-14,7.94,21.4,20.2,1,98.3,24.17,6.48,7,258,75,97,40,3,3,6
USER003,2025-09-15,6.35,22.0,30.4,3,91.8,23.11,2.81,2,336,76,87,186,13,4,5
USER003,2025-09-16,7.54,23.2,35.0,4,94.9,23.84,8.07,5,359,85,90,16,0,3,7
USER003,2025-09-17,9.42,22.7,28.5,2,96.4,23.43,4.62,0,333,44,77,28,18,3,7
USER003,2025-09-18,7.2,27.7,39.2,1,95.6,23.19,3.49,5,236,72,85,126,14,2,6
USER003,2025-09-19,9.38,16.9,28.9,1,92.2,23.67,6.51,2,309,62,92,273,30,3,2
USER003,2025-09-20,9.47,25.1,21.9,3,93.6,23.93,7.35,1,359,59,63,30,4,5,8
USER003,2025-09-21,8.05,21.3,21.8,3,92.8,23.62,4.47,3,267,82,75,85,9,4,7
USER003,2025-09-22,8.38,26.5,26.7,0,98.0,23.54,4.37,2,280,79,55,231,35,7,8
USER003,2025-09-23,7.4,26.3,27.7,1,91.8,23.93,3.16,6,273,89,91,172,57,3,6
USER003,2025-09-24,6.85,19.8,15.9,4,96.6,23.17,5.48,5,261,82,83,44,0,6,4
USER003,2025-09-25,6.61,22.7,30.8,1,97.2,23.11,5.4,1,300,65,84,277,9,3,5
USER003,2025-09-26,7.4,19.0,37.6,0,90.1,23.85,5.96,6,266,79,98,25,8,4,5
USER003,2025-09-27,8.2,19.8,30.0,3,96.1,23.59,9.54,3,248,81,81,77,27,7,5
USER003,2025-09-28,9.89,32.2,33.4,4,97.0,24.13,4.64,0,270,60,62,67,4,5,6
USER003,2025-09-29,6.99,17.1,26.8,2,96.0,23.19,4.5,3,332,82,100,53,7,3,8
USER003,2025-09-30,5.99,26.8,31.2,2,98.2,23.43,5.45,3,309,71,100,20,70,5,3
USER003,2025-10-01,6.17,27.7,30.7,0,85.8,23.63,6.76,3,241,64,74,125,40,2,5
USER003,2025-10-02,5.53,33.9,35.8,2,95.5,23.96,5.88,0,333,80,68,198,17,3,8
USER003,2025-10-03,7.95,16.0,28.9,2,93.4,23.47,4.43,4,337,75,91,89,8,4,6
USER003,2025-10-04,7.94,23.4,31.3,1,91.4,25.36,3.21,6,253,82,89,147,39,5,4
USER003,2025-10-05,9.63,29.1,24.2,1,92.0,25.02,4.36,2,218,66,68,42,57,5,7
USER003,2025-10-06,6.27,23.9,37.3,3,96.8,23.24,2.19,4,290,87,92,116,18,8,6
USER003,2025-10-07,8.96,33.6,28.9,1,89.9,23.64,6.62,4,294,54,89,75,56,5,6
USER003,2025-10-08,7.43,21.3,23.1,1,94.1,23.79,4.24,5,260,82,89,52,30,3,6
USER003,2025-10-09,7.89,26.4,24.3,0,92.4,23.34,4.42,2,298,78,79,12,4,5,6
USER003,2025-10-10,8.85,18.6,27.8,3,95.7,23.59,4.44,3,303,90,87,88,33,3,7
USER003,2025-10-11,7.56,32.5,35.9,2,89.1,25.11,5.66,5,238,100,83,85,3,2,5
USER003,2025-10-12,8.52,21.0,27.8,3,97.0,24.07,5.04,2,327,84,84,25,5,4,6
USER003,2025-10-13,7.47,30.3,24.6,1,94.7,23.7,5.11,8,271,75,66,179,1,4,4
USER003,2025-10-14,6.89,19.3,24.3,1,95.3,23.21,3.24,6,284,72,70,76,6,6,5
USER003,2025-10-15,7.24,23.1,33.5,5,89.6,23.4,5.99,2,256,64,96,195,5,4,6
USER003,2025-10-16,6.35,22.1,37.6,5,92.8,23.19,6.6,2,267,81,75,109,2,4,7
USER003,2025-10-17,6.83,27.6,22.9,3,97.6,23.75,6.49,3,251,63,86,29,85,3,6
USER003,2025-10-18,9.29,15.4,35.4,1,89.4,23.73,1.92,3,426,71,74,155,3,3,5
USER003,2025-10-19,8.02,15.0,35.1,4,95.3,24.49,5.17,6,307,85,77,144,12,4,5
USER003,2025-10-20,7.25,29.9,23.6,2,92.8,23.02,6.58,6,347,79,79,198,49,4,4
USER003,2025-10-21,8.15,35.0,24.3,4,92.3,23.95,4.48,1,311,90,93,274,20,4,5
USER003,2025-10-22,6.82,38.2,22.8,0,90.4,23.23,2.63,2,223,71,68,89,9,6,5
USER003,2025-10-23,6.25,29.1,31.0,6,95.1,23.36,5.62,7,315,58,85,101,33,5,4
USER003,2025-10-24,6.66,26.4,25.1,4,98.6,23.53,5.81,4,289,92,74,39,45,3,6
USER003,2025-10-25,7.45,18.6,26.9,2,88.2,23.79,6.76,2,299,81,68,112,100,5,5
USER003,2025-10-26,8.29,25.7,18.5,2,93.6,24.31,6.38,4,265,70,79,50,30,5,7
USER003,2025-10-27,8.93,22.1,31.9,2,88.3,23.15,6.28,3,296,49,100,114,25,4,5
USER003,2025-10-28,7.43,34.2,28.0,3,92.7,23.85,5.08,8,247,83,97,42,30,2,5
USER003,2025-10-29,7.06,23.3,27.8,1,97.5,23.38,6.41,3,321,97,100,95,19,2,5
USER003,2025-10-30,8.83,16.2,30.3,1,94.9,23.48,3.45,3,264,82,73,213,14,4,7
USER003,2025-10-31,6.3,34.0,25.1,3,94.6,23.3,4.1,3,271,64,68,98,5,3,7
USER003,2025-11-01,8.17,31.0,24.5,2,83.6,25.28,7.65,0,316,90,84,80,8,4,8
USER003,2025-11-02,9.29,13.1,23.0,3,90.5,24.46,2.2,4,332,56,75,23,9,8,7
USER003,2025-11-03,5.86,24.0,32.6,3,95.2,23.51,6.76,4,330,76,83,43,39,4,8
USER003,2025-11-04,7.58,26.3,22.5,3,93.4,23.73,6.34,4,200,83,100,26,11,3,6
USER003,2025-11-05,7.39,31.8,30.5,5,95.2,23.26,4.16,3,254,81,99,77,2,6,7
USER003,2025-11-06,7.61,29.9,15.7,1,97.6,23.33,8.5,4,200,100,100,132,5,3,6
USER004,2025-07-10,8.67,28.2,19.1,1,95.9,1.08,3.67,3,258,100,89,128,35,3,6
USER004,2025-07-11,10.4,22.7,32.3,0,97.9,1.15,4.49,2,256,70,74,78,3,5,4
USER004,2025-07-12,9.07,26.5,25.6,0,94.4,2.38,2.09,2,242,80,87,14,20,4,2
USER004,2025-07-13,9.95,29.6,40.2,2,96.8,1.93,5.23,1,267,99,81,49,12,4,6
USER004,2025-07-14,7.32,19.4,24.3,2,85.6,1.21,1.18,2,368,79,67,172,25,3,4
USER004,2025-07-15,8.63,13.1,22.7,2,85.7,0.71,5.01,1,270,93,100,249,2,5,7
USER004,2025-07-16,8.7,18.3,24.4,3,96.5,1.42,7.01,1,200,88,96,196,30,5,5
USER004,2025-07-17,7.35,29.2,42.0,5,90.6,1.12,6.69,6,306,77,85,25,91,2,7
USER004,2025-07-18,7.39,24.2,24.8,1,97.1,0.51,5.17,4,278,60,82,57,6,2,7
USER004,2025-07-19,9.82,28.9,26.4,1,96.5,2.85,5.09,5,302,81,69,40,45,4,5
USER004,2025-07-20,11.11,28.1,33.7,2,92.6,2.25,2.61,0,314,39,51,30,4,4,8
USER004,2025-07-21,7.83,33.1,23.3,2,89.8,0.56,5.82,2,307,99,87,58,6,3,6
USER004,2025-07-22,7.59,24.1,38.8,4,95.4,1.01,8.27,4,233,93,83,118,29,6,6
USER004,2025-07-23,7.6,13.2,31.3,0,95.7,1.11,4.91,4,325,91,66,138,33,2,7
USER004,2025-07-24,6.74,29.7,24.5,2,96.8,1.3,8.37,4,262,72,63,47,2,4,4
USER004,2025-07-25,8.72,27.8,26.6,4,94.9,0.7,6.92,8,308,89,72,38,16,5,7
USER004,2025-07-26,9.86,25.2,21.0,2,95.6,2.88,7.32,2,249,70,80,227,34,6,5
USER004,2025-07-27,8.86,25.5,28.1,2,99.1,1.01,5.66,3,379,83,70,52,15,4,7
USER004,2025-07-28,7.59,32.1,39.3,2,98.1,0.89,7.61,2,275,79,75,53,48,6,7
USER004,2025-07-29,7.64,24.4,18.4,3,92.7,0.56,5.73,3,253,71,66,105,12,4,6
USER004,2025-07-30,7.19,17.6,26.9,3,93.8,1.07,3.62,2,246,66,90,31,16,3,6
USER004,2025-07-31,8.72,30.0,22.1,2,89.9,0.55,3.41,5,292,83,85,118,47,8,5
USER004,2025-08-01,7.24,30.8,37.4,0,95.4,1.01,4.59,2,282,83,86,18,34,3,4
USER004,2025-08-02,9.34,25.1,25.9,2,98.9,1.74,3.11,5,290,73,77,127,15,3,7
USER004,2025-08-03,10.61,36.0,24.4,2,97.8,1.98,5.19,2,428,71,92,229,55,4,7
USER004,2025-08-04,7.77,22.7,27.7,0,95.3,0.84,7.5,4,267,91,86,236,33,1,8
USER004,2025-08-05,9.75,21.6,32.1,0,95.0,1.26,5.04,1,318,60,77,92,1,2,6
USER004,2025-08-06,8.72,29.8,42.1,2,95.5,0.78,2.75,1,200,81,85,120,5,4,7
USER004,2025-08-07,9.11,31.3,21.6,1,92.4,1.43,5.57,4,295,81,82,96,18,2,4
USER004,2025-08-08,7.45,13.1,20.4,3,93.3,1.15,5.21,1,300,90,87,137,74,4,4
USER004,2025-08-09,8.49,18.4,27.7,1,92.9,1.65,7.29,5,208,71,97,96,9,2,6
USER004,2025-08-10,9.06,21.5,34.4,3,86.8,2.99,5.73,3,310,86,69,159,12,3,5
USER004,2025-08-11,7.73,20.9,17.1,2,95.0,0.76,6.46,1,291,80,65,240,18,3,4
USER004,2025-08-12,8.98,23.4,27.8,2,91.9,1.15,6.13,2,271,79,96,132,0,5,5
USER004,2025-08-13,8.75,30.2,31.6,2,86.5,0.92,7.02,3,200,85,92,64,42,6,4
USER004,2025-08-14,6.92,35.7,29.3,2,98.2,1.28,6.01,2,368,83,88,182,10,3,7
USER004,2025-08-15,7.43,30.6,29.2,2,96.3,1.17,3.02,1,249,60,54,139,0,2,6
USER004,2025-08-16,9.02,26.8,25.3,2,99.2,1.63,7.28,4,273,95,95,81,2,5,7
USER004,2025-08-17,9.98,24.7,18.6,3,97.7,1.63,4.99,1,358,61,93,92,0,4,5
USER004,2025-08-18,7.2,19.4,21.5,4,95.1,0.68,4.42,4,319,64,92,131,25,4,7
USER004,2025-08-19,6.39,23.9,19.5,2,94.5,0.68,8.24,1,375,63,55,160,13,4,6
USER004,2025-08-20,8.86,24.2,30.4,2,94.4,1.37,6.49,7,261,81,88,131,43,3,3
USER004,2025-08-21,7.66,28.3,33.9,0,92.1,1.28,5.8,6,246,69,59,51,19,4,7
USER004,2025-08-22,9.2,21.8,27.9,1,94.2,1.42,5.1,5,321,80,95,558,51,5,4
USER004,2025-08-23,10.52,26.2,34.2,3,92.7,2.1,4.78,2,307,67,95,110,31,5,5
USER004,2025-08-24,9.17,20.0,29.4,0,85.7,1.66,7.16,4,271,81,85,105,20,4,7
USER004,2025-08-25,8.28,26.9,29.0,2,89.4,1.49,6.06,4,231,76,100,84,17,6,4
USER004,2025-08-26,9.51,22.0,25.6,3,96.5,0.86,3.85,4,307,77,80,120,3,5,4
USER004,2025-08-27,9.31,34.9,29.5,4,95.5,0.54,6.58,6,321,90,75,109,20,3,7
USER004,2025-08-28,9.03,29.3,40.9,2,91.5,0.8,5.34,9,322,76,80,168,7,4,5
USER004,2025-08-29,6.21,20.0,19.6,1,91.6,0.84,4.73,0,275,57,70,141,1,3,4
USER004,2025-08-30,11.32,19.0,38.6,3,92.1,2.5,5.13,0,374,67,67,101,7,3,5
USER004,2025-08-31,10.25,25.2,26.8,3,99.2,1.15,2.94,3,312,64,55,127,19,3,4
USER004,2025-09-01,9.46,17.3,32.3,2,92.5,1.17,7.95,7,200,72,88,120,20,2,7
USER004,2025-09-02,7.95,18.2,36.1,2,89.8,0.6,6.46,3,200,93,83,55,18,5,6
USER004,2025-09-03,8.95,30.5,16.2,3,99.1,0.72,4.49,4,234,99,78,211,3,6,7
USER004,2025-09-04,7.71,17.3,20.7,2,99.3,1.02,8.21,7,356,59,88,54,6,4,7
USER004,2025-09-05,8.03,31.0,36.2,2,97.4,0.89,4.65,6,317,98,88,62,21,4,7
USER004,2025-09-06,9.37,27.5,30.3,3,97.7,1.38,6.49,5,307,85,86,110,80,7,6
USER004,2025-09-07,9.97,30.9,24.8,3,94.4,1.58,4.91,0,279,75,76,39,18,5,5
USER004,2025-09-08,7.48,17.6,28.6,1,97.2,1.48,5.51,2,253,89,52,53,0,5,6
USER004,2025-09-09,7.84,28.1,16.7,2,94.4,0.95,8.46,2,241,80,100,122,26,5,3
USER004,2025-09-10,9.96,19.3,26.8,5,98.8,1.4,6.81,3,248,71,79,86,19,3,6
USER004,2025-09-11,7.32,25.1,25.0,2,97.9,0.96,6.4,1,327,86,78,78,29,7,6
USER004,2025-09-12,6.76,15.2,26.4,0,87.4,0.55,4.9,2,417,79,78,124,12,2,7
USER004,2025-09-13,7.43,30.7,31.1,2,93.8,1.21,3.88,4,308,87,91,95,22,4,7
USER004,2025-09-14,9.67,26.3,27.7,0,91.7,2.94,5.59,1,312,72,96,131,6,6,5
USER004,2025-09-15,8.86,25.2,32.5,1,85.1,1.34,3.66,1,221,92,89,59,6,3,6
USER004,2025-09-16,8.03,18.5,20.8,1,88.0,1.22,4.65,4,318,94,73,91,0,3,5
USER004,2025-09-17,7.95,26.0,16.8,2,92.4,0.89,4.0,2,230,89,65,78,37,3,6
USER004,2025-09-18,7.63,37.9,28.7,0,97.2,0.68,5.06,6,200,98,87,180,3,1,5
USER004,2025-09-19,6.35,34.3,35.8,3,88.3,0.54,3.47,3,388,60,74,86,1,4,7
USER004,2025-09-20,11.5,27.7,34.3,0,92.4,1.04,3.19,0,372,71,61,90,2,5,6
USER004,2025-09-21,10.12,12.8,14.5,1,96.6,2.24,4.88,4,294,62,73,92,26,3,4
USER004,2025-09-22,9.65,31.7,26.2,1,95.9,1.22,6.61,6,344,83,77,25,93,5,7
USER004,2025-09-23,8.99,34.5,22.9,4,97.5,0.98,7.19,4,273,89,91,45,43,6,2
USER004,2025-09-24,8.76,27.4,15.7,2,94.4,1.17,4.21,3,272,75,89,75,2,4,6
USER004,2025-09-25,7.62,29.7,24.3,4,96.9,0.6,6.16,4,300,70,94,74,7,2,7
USER004,2025-09-26,7.32,23.8,26.0,1,98.4,1.21,4.82,4,312,71,75,216,5,2,5
USER004,2025-09-27,9.23,37.9,20.6,2,93.1,2.98,7.61,6,222,74,75,225,2,5,7
USER004,2025-09-28,10.37,36.2,27.9,3,96.6,1.19,2.28,0,274,72,82,130,1,5,3
USER004,2025-09-29,9.46,28.4,26.0,3,97.1,0.85,5.56,5,276,89,77,19,31,4,6
USER004,2025-09-30,7.39,27.4,23.8,4,88.4,1.1,6.17,2,304,70,78,28,2,3,5
USER004,2025-10-01,9.58,28.2,32.1,2,97.4,1.14,6.05,2,204,92,93,56,31,4,4
USER004,2025-10-02,8.17,24.8,34.6,2,91.3,1.33,3.17,4,234,88,77,10,11,5,5
USER004,2025-10-03,8.18,18.1,22.2,3,91.8,0.63,7.61,6,363,94,76,167,14,3,7
USER004,2025-10-04,10.67,28.7,30.6,5,97.4,1.81,5.46,2,319,69,55,65,12,4,6
USER004,2025-10-05,8.52,36.4,21.0,4,94.5,2.93,4.61,6,272,83,77,113,24,4,7
USER004,2025-10-06,8.59,32.0,27.3,3,97.3,1.26,3.85,7,310,100,83,75,9,5,7
USER004,2025-10-07,7.96,21.1,37.8,5,89.7,1.23,6.09,6,237,87,100,74,2,3,5
USER004,2025-10-08,8.87,19.4,22.4,4,96.8,1.22,4.59,3,329,70,72,197,68,3,5
USER004,2025-10-09,8.1,32.5,29.6,1,91.5,1.3,6.33,2,239,86,78,46,17,5,7
USER004,2025-10-10,9.4,29.7,35.6,3,96.4,1.34,5.33,5,292,87,86,196,10,3,7
USER004,2025-10-11,8.64,24.6,34.4,6,96.5,1.52,5.71,13,232,86,74,198,74,5,5
USER004,2025-10-12,8.76,22.5,38.7,4,99.0,1.47,7.39,4,200,95,87,63,34,6,6
USER004,2025-10-13,10.19,25.7,25.7,2,84.0,1.31,3.32,3,347,90,67,71,11,3,5
USER004,2025-10-14,8.89,32.8,21.4,1,80.1,1.4,7.13,5,330,83,85,65,21,3,3
USER004,2025-10-15,8.34,27.5,28.8,1,96.9,0.73,5.15,3,200,85,93,32,2,4,7
USER004,2025-10-16,6.58,15.9,21.9,1,95.0,1.07,6.22,2,336,66,58,9,11,2,5
USER004,2025-10-17,8.9,24.9,28.1,2,94.8,1.4,4.89,2,200,85,87,4,9,6,6
USER004,2025-10-18,9.54,27.7,26.3,2,89.1,1.49,6.1,4,274,68,67,64,20,5,6
USER004,2025-10-19,9.13,25.9,31.1,3,90.5,2.58,2.87,4,292,90,78,77,61,3,7
USER004,2025-10-20,8.98,19.5,25.8,1,94.5,0.63,5.4,5,357,100,92,91,10,6,6
USER004,2025-10-21,7.27,23.7,32.1,1,98.1,0.67,7.22,5,338,76,64,13,28,4,7
USER004,2025-10-22,9.13,25.9,30.0,2,92.8,1.05,5.9,10,328,87,70,109,117,2,6
USER004,2025-10-23,8.93,24.2,30.0,1,88.0,0.56,7.8,4,282,84,95,112,11,3,6
USER004,2025-10-24,9.66,17.2,30.3,1,87.5,1.0,1.8,2,320,78,91,90,13,4,6
USER004,2025-10-25,7.78,13.5,34.8,2,86.9,2.55,3.15,3,272,72,90,160,38,5,5
USER004,2025-10-26,8.19,19.5,30.9,4,83.9,1.15,4.07,4,284,83,63,108,17,4,8
USER004,2025-10-27,6.45,24.9,33.7,1,89.9,1.24,4.36,0,329,75,55,268,28,4,4
USER004,2025-10-28,7.44,32.5,20.5,4,92.0,0.85,3.15,3,296,93,82,60,46,5,8
USER004,2025-10-29,9.18,28.6,22.9,0,97.9,0.7,6.92,5,240,74,77,187,10,5,7
USER004,2025-10-30,7.98,28.2,28.2,1,99.1,0.73,8.52,5,287,100,100,31,38,3,5
USER004,2025-10-31,7.6,35.7,12.8,1,98.0,0.52,3.68,6,325,72,54,89,2,3,6
USER004,2025-11-01,8.94,17.8,22.3,3,93.6,1.25,6.08,4,282,84,68,60,20,6,6
USER004,2025-11-02,9.56,35.9,33.0,1,99.0,1.73,8.03,3,248,79,96,114,4,3,8
USER004,2025-11-03,8.13,26.1,25.3,3,96.7,1.11,3.92,6,200,87,86,96,39,4,5
USER004,2025-11-04,9.11,20.1,24.8,4,99.1,0.51,4.94,3,230,89,93,117,3,6,5
USER004,2025-11-05,6.85,23.8,30.9,3,86.9,0.82,3.05,3,279,87,80,92,6,4,5
USER004,2025-11-06,7.27,26.3,17.8,4,94.3,0.86,2.99,3,300,67,89,220,33,5,6
USER005,2025-07-10,5.72,31.4,22.9,3,96.0,22.39,4.82,3,200,81,100,108,10,3,7
USER005,2025-07-11,6.47,36.8,27.1,2,90.6,21.82,6.91,2,316,74,78,154,29,3,6
USER005,2025-07-12,8.72,17.0,15.2,3,97.3,23.49,1.89,1,336,50,70,83,24,3,5
USER005,2025-07-13,5.68,22.2,17.9,3,99.2,22.39,5.94,5,272,94,70,66,7,4,5
USER005,2025-07-14,5.32,24.9,35.1,0,98.5,21.99,8.74,4,240,74,97,63,12,2,7
USER005,2025-07-15,5.35,16.0,30.7,3,96.4,22.17,4.77,4,315,90,76,200,30,2,6
USER005,2025-07-16,7.77,25.9,27.0,0,96.5,21.57,5.69,2,370,69,91,60,8,6,4
USER005,2025-07-17,5.94,30.4,31.9,3,97.1,22.02,6.15,4,298,98,83,133,48,4,4
USER005,2025-07-18,4.61,16.1,21.4,2,92.4,22.11,4.89,2,430,66,71,122,4,6,6
USER005,2025-07-19,7.06,20.9,24.4,1,98.9,22.56,7.35,4,271,79,82,39,31,2,3
USER005,2025-07-20,6.52,25.3,24.8,1,96.7,22.6,5.42,9,214,79,100,140,13,2,6
USER005,2025-07-21,4.23,28.4,36.7,3,96.6,22.1,3.72,0,330,78,73,202,19,8,7
USER005,2025-07-22,5.02,25.0,30.9,0,97.0,22.48,4.3,3,236,72,90,188,5,2,6
USER005,2025-07-23,5.58,20.4,25.9,1,91.1,21.93,2.64,4,276,81,91,118,4,2,5
USER005,2025-07-24,7.21,26.4,24.6,3,92.2,22.46,5.31,5,258,89,68,129,30,3,7
USER005,2025-07-25,5.24,23.9,31.6,0,97.8,22.39,5.42,3,282,82,78,24,47,6,7
USER005,2025-07-26,4.7,29.1,25.9,0,95.4,23.77,4.54,1,269,72,74,158,9,5,7
USER005,2025-07-27,6.55,25.1,22.8,0,99.3,23.08,5.19,2,211,79,68,412,14,2,7
USER005,2025-07-28,5.11,28.1,27.0,3,98.5,22.48,4.51,4,303,70,89,83,14,7,5
USER005,2025-07-29,5.59,23.6,32.0,2,92.0,22.26,5.89,2,334,74,98,117,3,6,7
USER005,2025-07-30,4.0,30.7,33.4,0,91.0,22.44,6.64,2,274,54,72,101,33,6,5
USER005,2025-07-31,4.03,35.1,37.6,3,95.4,22.43,3.78,1,328,69,53,44,0,3,6
USER005,2025-08-01,6.63,27.9,23.2,0,94.2,21.95,6.15,5,260,86,83,182,3,4,5
USER005,2025-08-02,5.64,31.9,25.4,3,97.4,22.29,3.35,6,286,92,67,264,0,6,5
USER005,2025-08-03,7.66,16.9,28.8,6,96.9,23.33,6.2,3,300,80,77,31,6,6,4
USER005,2025-08-04,5.39,20.8,22.3,3,98.4,21.58,3.63,2,362,90,65,43,8,6,4
USER005,2025-08-05,4.18,31.5,26.4,2,94.9,22.19,3.71,2,388,54,75,21,16,5,3
USER005,2025-08-06,7.76,35.2,29.1,2,92.8,21.85,4.57,0,406,69,63,126,12,7,8
USER005,2025-08-07,6.19,37.7,23.1,2,92.1,21.66,6.5,5,357,79,77,124,19,5,7
USER005,2025-08-08,6.33,24.8,22.5,2,93.2,22.19,5.97,4,224,100,77,56,1,3,5
USER005,2025-08-09,8.21,22.8,27.1,1,97.3,22.38,5.46,2,339,81,77,45,47,3,3
USER005,2025-08-10,6.27,31.7,26.4,0,91.5,22.19,5.8,2,265,76,83,70,6,4,8
USER005,2025-08-11,5.95,22.4,26.0,1,92.9,22.0,6.2,4,261,87,73,51,6,5,7
USER005,2025-08-12,5.97,20.3,22.6,1,96.6,21.62,4.58,9,261,100,100,176,1,2,3
USER005,2025-08-13,4.56,29.3,26.7,2,99.3,22.18,4.07,3,310,65,61,126,20,3,7
USER005,2025-08-14,6.62,18.9,27.8,0,95.7,21.54,6.66,5,339,86,84,20,3,2,7
USER005,2025-08-15,4.52,20.4,30.7,2,95.1,21.77,6.25,1,334,81,92,185,25,5,7
USER005,2025-08-16,7.19,31.9,29.6,0,93.5,23.93,5.48,3,232,87,77,129,35,5,5
USER005,2025-08-17,8.19,15.2,24.9,2,97.5,22.96,4.74,4,360,75,96,119,8,2,6
USER005,2025-08-18,5.2,26.2,18.7,0,96.5,21.92,8.8,3,298,66,98,195,4,3,6
USER005,2025-08-19,5.57,20.6,25.1,3,95.1,21.55,4.97,4,283,83,94,86,26,3,5
USER005,2025-08-20,5.9,24.5,19.3,1,97.1,21.72,5.98,5,283,93,83,79,1,2,8
USER005,2025-08-21,5.21,27.7,23.6,3,97.7,22.15,4.79,4,200,72,88,79,14,2,3
USER005,2025-08-22,6.0,23.3,19.3,0,97.3,22.21,3.17,2,221,93,93,124,9,3,6
USER005,2025-08-23,6.88,16.9,26.0,5,88.3,22.71,4.19,4,298,82,87,254,12,2,5
USER005,2025-08-24,6.97,29.8,25.7,3,95.6,23.14,7.91,4,304,85,100,39,15,2,7
USER005,2025-08-25,7.08,31.7,34.1,2,93.6,22.02,4.5,5,273,68,97,166,3,4,4
USER005,2025-08-26,6.95,26.8,27.3,3,98.3,21.82,5.38,1,273,91,95,34,0,4,6
USER005,2025-08-27,6.47,20.4,29.9,1,92.5,21.85,7.28,2,323,90,85,120,49,2,5
USER005,2025-08-28,5.64,30.6,36.3,2,91.3,21.92,3.14,4,348,81,78,330,47,5,5
USER005,2025-08-29,5.63,34.3,35.8,3,93.7,22.46,5.87,4,246,99,75,115,3,2,4
USER005,2025-08-30,8.69,14.7,20.5,1,96.3,22.92,5.55,1,370,61,75,341,5,2,2
USER005,2025-08-31,7.61,17.6,32.0,0,94.9,23.19,3.92,1,294,82,79,79,36,4,5
USER005,2025-09-01,5.75,24.2,24.2,1,98.7,21.88,4.24,7,293,100,100,75,2,8,7
USER005,2025-09-02,5.81,13.5,33.1,2,98.2,21.72,3.09,4,221,77,76,106,19,3,5
USER005,2025-09-03,6.49,18.0,22.0,2,92.1,22.02,4.66,3,210,80,95,103,31,5,6
USER005,2025-09-04,6.19,25.4,29.5,2,92.5,21.53,8.57,8,215,100,63,217,13,4,4
USER005,2025-09-05,4.83,21.3,27.9,2,96.6,21.62,7.93,1,273,92,64,127,78,6,3
USER005,2025-09-06,6.65,33.9,20.2,1,94.5,22.83,6.06,6,249,100,75,97,15,5,5
USER005,2025-09-07,6.47,21.4,27.3,2,96.6,23.32,6.87,4,200,88,98,130,56,7,5
USER005,2025-09-08,4.0,24.0,24.7,3,88.9,21.52,5.1,1,353,68,77,88,33,3,3
USER005,2025-09-09,6.92,29.8,17.6,7,93.3,21.81,5.24,2,294,78,93,225,4,6,7
USER005,2025-09-10,6.62,23.2,16.2,2,91.0,21.96,7.85,3,255,87,98,74,44,3,7
USER005,2025-09-11,6.5,36.6,15.5,1,95.9,21.52,4.51,5,250,100,100,119,1,3,5
USER005,2025-09-12,5.91,23.2,29.1,3,93.7,21.72,6.79,4,225,72,100,88,23,3,6
USER005,2025-09-13,5.72,23.3,16.7,1,91.2,22.05,5.0,8,283,82,75,158,10,1,6
USER005,2025-09-14,6.6,17.3,24.1,0,93.0,23.8,5.36,7,228,77,95,90,1,4,8
USER005,2025-09-15,7.18,19.8,25.7,1,90.5,22.33,6.46,5,206,68,81,88,31,4,5
USER005,2025-09-16,4.0,33.7,30.5,1,95.0,21.95,5.15,4,331,76,65,76,31,3,8
USER005,2025-09-17,5.94,18.3,36.9,2,90.3,22.3,5.88,6,296,87,80,45,40,4,4
USER005,2025-09-18,6.39,13.7,26.8,1,94.7,21.79,7.64,6,275,89,80,175,40,3,6
USER005,2025-09-19,6.92,23.5,31.3,1,92.7,21.74,4.45,8,226,69,67,68,21,6,5
USER005,2025-09-20,6.75,34.7,29.0,2,98.7,22.82,7.56,3,215,72,86,118,0,2,6
USER005,2025-09-21,7.87,21.2,31.7,0,96.9,23.53,4.51,3,277,64,96,91,7,3,3
USER005,2025-09-22,6.71,16.9,33.5,2,95.2,21.93,4.25,3,228,85,92,36,15,6,6
USER005,2025-09-23,5.11,34.3,38.3,0,97.3,21.86,5.34,2,359,73,100,83,17,3,5
USER005,2025-09-24,4.8,13.6,20.6,2,94.9,22.34,3.37,4,321,71,78,41,24,5,5
USER005,2025-09-25,5.33,28.7,29.7,4,95.1,21.69,5.8,5,200,77,93,49,31,3,6
USER005,2025-09-26,6.5,23.0,29.1,0,94.4,21.81,4.6,2,200,80,100,39,1,2,6
USER005,2025-09-27,8.84,33.1,31.9,2,98.3,22.29,3.2,0,345,56,68,22,32,5,5
USER005,2025-09-28,7.08,22.2,31.1,1,94.8,23.81,3.87,2,294,66,82,174,16,3,5
USER005,2025-09-29,6.1,29.0,24.1,5,95.9,21.74,5.45,6,233,89,81,103,3,4,8
USER005,2025-09-30,5.15,22.1,28.8,5,93.1,21.69,5.45,2,252,67,57,175,11,3,4
USER005,2025-10-01,5.65,28.7,27.6,5,96.5,22.49,6.04,6,258,57,82,25,15,3,4
USER005,2025-10-02,6.59,20.2,38.8,4,96.8,22.41,5.42,3,224,89,80,71,70,4,7
USER005,2025-10-03,7.13,16.8,32.8,3,90.0,22.32,5.73,3,359,75,81,58,52,3,5
USER005,2025-10-04,6.9,27.5,30.9,3,96.0,23.97,4.82,2,202,87,93,96,38,5,8
USER005,2025-10-05,7.15,22.5,31.6,4,97.1,22.22,4.55,3,321,77,97,27,9,2,5
USER005,2025-10-06,5.32,17.6,30.5,2,94.6,22.14,4.21,0,281,79,88,8,6,5,5
USER005,2025-10-07,5.82,29.4,19.5,4,98.6,22.42,5.91,6,256,74,85,60,22,3,8
USER005,2025-10-08,5.31,18.5,23.0,1,89.8,22.29,5.2,4,203,88,71,37,12,4,6
USER005,2025-10-09,6.65,31.3,30.1,4,93.7,22.39,4.49,4,259,77,95,70,9,4,4
USER005,2025-10-10,4.96,15.7,32.4,1,97.0,21.72,3.96,4,345,60,96,30,24,5,7
USER005,2025-10-11,5.93,33.8,22.4,3,99.2,23.07,7.24,3,277,62,100,86,58,3,8
USER005,2025-10-12,7.64,34.1,24.0,4,93.5,23.52,6.4,3,248,77,77,83,58,4,4
USER005,2025-10-13,5.69,16.1,23.6,4,97.4,21.59,6.8,5,244,71,100,177,88,4,5
USER005,2025-10-14,7.48,28.8,16.9,2,96.7,22.47,6.61,2,291,76,87,13,6,6,4
USER005,2025-10-15,5.79,23.0,19.8,1,98.2,21.81,5.58,5,306,79,99,106,8,4,8
USER005,2025-10-16,5.5,25.6,23.4,4,97.1,21.7,4.28,0,324,84,76,53,5,4,3
USER005,2025-10-17,5.7,24.2,29.2,3,99.6,22.46,6.52,3,242,75,77,84,58,3,6
USER005,2025-10-18,7.23,22.1,33.8,0,91.4,22.27,3.94,2,302,77,70,175,4,2,4
USER005,2025-10-19,7.56,23.2,27.7,2,94.8,23.24,2.91,4,318,65,74,80,90,4,6
USER005,2025-10-20,6.47,38.9,33.8,3,95.9,22.09,6.51,3,286,100,58,111,20,3,3
USER005,2025-10-21,5.71,17.9,32.3,4,97.7,22.49,6.2,4,272,76,97,93,5,3,7
USER005,2025-10-22,7.14,32.6,19.5,3,98.4,21.79,4.64,5,276,84,98,192,60,5,6
USER005,2025-10-23,4.77,26.4,25.6,1,91.5,21.69,7.06,2,203,81,92,61,19,1,7
USER005,2025-10-24,6.83,27.0,20.5,1,87.3,21.5,3.39,3,266,69,85,97,1,2,5
USER005,2025-10-25,6.72,18.1,33.6,1,97.8,23.27,6.23,8,249,85,87,62,17,2,6
USER005,2025-10-26,7.49,19.6,28.2,0,98.4,22.93,4.84,1,329,71,61,53,7,3,5
USER005,2025-10-27,6.61,27.5,16.4,1,98.7,21.74,6.46,2,238,95,78,32,16,5,6
USER005,2025-10-28,7.34,36.6,28.7,2,97.6,22.03,6.37,2,279,82,75,126,69,4,6
USER005,2025-10-29,6.2,15.0,34.6,6,96.5,21.87,8.92,4,205,77,100,58,54,7,7
USER005,2025-10-30,4.6,28.9,24.3,2,98.2,21.98,4.47,1,339,73,69,74,5,3,4
USER005,2025-10-31,4.57,32.0,22.2,4,96.5,22.29,2.21,2,302,70,67,76,8,4,6
USER005,2025-11-01,6.77,17.5,29.3,3,94.5,23.0,4.79,3,271,84,88,87,59,3,7
USER005,2025-11-02,9.23,19.2,28.9,2,96.8,22.55,5.05,0,366,52,69,38,33,5,5
USER005,2025-11-03,6.73,31.2,22.7,1,95.1,22.3,2.79,5,241,83,71,83,2,7,4
USER005,2025-11-04,7.48,26.0,23.7,1,97.4,22.26,6.15,2,313,76,76,173,22,4,7
USER005,2025-11-05,4.25,20.1,20.1,8,89.6,22.27,1.99,3,381,67,51,13,15,4,6
USER005,2025-11-06,6.16,24.5,29.4,1,91.8,22.04,9.98,3,308,100,84,86,27,2,4
USER006,2025-07-10,7.21,30.0,27.2,0,93.3,22.48,6.02,3,216,90,95,100,5,4,4
USER006,2025-07-11,6.89,24.2,23.1,2,89.7,22.12,4.26,4,210,81,66,78,0,5,3
USER006,2025-07-12,9.1,30.5,28.0,1,96.9,23.26,2.47,4,329,85,73,88,49,5,5
USER006,2025-07-13,8.57,26.5,27.8,3,96.7,22.12,5.62,1,294,73,100,48,48,2,6
USER006,2025-07-14,7.64,19.6,23.6,2,92.9,22.19,5.67,6,220,71,89,125,84,2,3
USER006,2025-07-15,8.17,20.2,30.8,1,95.9,22.26,4.98,5,275,79,100,190,27,2,4
USER006,2025-07-16,8.42,17.8,25.1,1,92.7,22.42,7.5,1,363,74,74,85,37,3,6
USER006,2025-07-17,7.89,20.2,20.3,1,96.3,22.18,8.42,8,249,95,88,127,0,2,8
USER006,2025-07-18,7.75,14.5,36.6,3,97.4,21.51,8.19,5,249,88,96,204,9,6,8
USER006,2025-07-19,8.66,23.4,26.2,2,98.9,23.56,3.46,2,296,59,71,58,8,6,6
USER006,2025-07-20,8.24,26.8,24.3,2,89.1,22.43,6.5,5,236,85,74,92,2,5,6
USER006,2025-07-21,4.73,27.0,21.4,3,97.8,22.21,5.04,0,382,64,77,120,1,5,7
USER006,2025-07-22,8.24,25.4,22.5,4,92.5,22.49,7.01,6,240,63,82,109,21,5,5
USER006,2025-07-23,6.13,22.0,22.1,7,92.0,22.42,4.2,1,200,62,66,160,5,7,6
USER006,2025-07-24,7.92,25.9,30.1,1,91.2,21.51,6.39,6,333,81,82,73,23,1,5
USER006,2025-07-25,7.4,18.2,39.1,0,96.4,22.15,7.75,5,324,81,67,93,10,4,8
USER006,2025-07-26,10.02,17.7,23.6,1,96.0,23.36,6.75,0,338,63,47,51,19,3,7
USER006,2025-07-27,9.94,31.5,25.5,1,94.0,22.42,3.22,2,321,76,73,68,1,5,5
USER006,2025-07-28,8.06,30.7,20.9,2,92.8,21.76,4.92,5,287,84,82,61,20,5,4
USER006,2025-07-29,8.15,29.9,26.5,2,85.4,22.49,5.33,1,200,77,76,42,11,2,4
USER006,2025-07-30,6.5,16.9,29.3,2,98.7,22.19,3.22,1,330,75,75,23,30,2,6
USER006,2025-07-31,7.97,16.7,30.4,1,93.0,21.76,7.07,2,284,92,71,55,18,5,6
USER006,2025-08-01,7.94,18.8,36.8,1,96.8,22.38,4.03,5,326,77,74,48,32,7,7
USER006,2025-08-02,8.14,22.8,32.7,1,98.7,22.54,5.98,5,234,83,81,231,7,3,7
USER006,2025-08-03,8.36,19.2,19.4,3,96.6,23.08,6.38,6,377,76,70,29,10,6,7
USER006,2025-08-04,6.21,20.4,36.1,1,85.8,22.35,6.14,1,297,65,79,29,95,2,7
USER006,2025-08-05,7.23,28.3,26.6,1,97.3,22.04,3.75,7,210,80,83,45,10,6,6
USER006,2025-08-06,5.33,22.1,25.5,1,95.7,21.69,4.74,1,326,52,56,13,0,4,6
USER006,2025-08-07,7.37,31.2,29.8,4,88.1,21.66,5.38,2,231,79,94,29,20,5,6
USER006,2025-08-08,6.52,15.4,23.4,2,94.0,21.57,5.1,1,311,79,76,79,44,3,5
USER006,2025-08-09,8.98,22.0,23.9,2,91.0,22.96,2.71,4,227,72,88,23,16,3,6
USER006,2025-08-10,9.52,16.1,28.1,3,94.7,22.45,3.68,2,295,66,81,45,119,5,3
USER006,2025-08-11,6.82,16.5,22.2,4,98.1,21.85,6.83,7,296,91,91,96,5,6,8
USER006,2025-08-12,8.35,34.1,17.5,3,92.0,21.95,7.44,6,256,88,77,90,2,6,5
USER006,2025-08-13,6.17,26.8,21.7,2,94.8,21.86,4.36,1,298,64,95,45,28,6,4
USER006,2025-08-14,7.97,25.9,33.2,2,90.0,21.8,3.76,7,254,87,62,54,39,2,8
USER006,2025-08-15,7.38,19.0,23.4,3,99.1,22.32,7.58,3,200,75,89,16,37,2,7
USER006,2025-08-16,8.25,26.0,34.0,1,93.3,22.85,7.86,4,250,66,100,77,15,5,5
USER006,2025-08-17,7.67,18.8,23.2,3,95.4,22.19,5.6,4,335,96,100,34,79,2,5
USER006,2025-08-18,8.12,30.6,22.4,1,97.0,21.59,3.21,7,236,87,91,20,63,5,5
USER006,2025-08-19,6.37,33.2,24.9,1,95.3,21.63,5.19,2,335,89,91,242,2,5,5
USER006,2025-08-20,7.34,27.5,22.2,3,90.8,21.6,5.55,4,219,90,100,28,12,4,6
USER006,2025-08-21,8.47,22.2,20.1,1,89.7,21.96,4.09,0,282,64,90,74,55,4,7
USER006,2025-08-22,8.78,32.7,23.2,1,94.1,21.54,4.81,0,309,67,85,94,21,3,4
USER006,2025-08-23,9.52,23.4,28.3,1,85.1,22.4,4.57,0,429,66,74,52,16,4,7
USER006,2025-08-24,6.38,16.9,21.9,4,97.6,23.16,7.87,3,248,77,95,260,70,2,3
USER006,2025-08-25,7.41,25.0,21.0,2,99.7,21.88,4.22,8,333,97,64,24,55,5,6
USER006,2025-08-26,5.49,18.3,29.5,0,91.4,22.02,5.22,5,296,60,71,191,31,7,5
USER006,2025-08-27,5.54,38.9,32.4,1,94.7,21.55,7.24,0,277,80,64,22,28,5,5
USER006,2025-08-28,7.68,29.6,25.8,0,98.6,21.7,4.19,7,289,82,100,141,5,2,4
USER006,2025-08-29,7.53,30.8,27.0,1,92.4,22.15,7.13,2,209,97,98,76,3,5,6
USER006,2025-08-30,8.63,16.1,34.6,2,95.2,22.21,4.96,3,299,89,96,169,8,5,5
USER006,2025-08-31,8.51,23.4,24.9,1,92.1,23.72,5.68,3,304,100,77,71,64,5,6
USER006,2025-09-01,7.66,19.4,29.1,1,93.6,21.89,7.9,4,230,84,73,5,24,5,5
USER006,2025-09-02,7.27,38.7,38.9,4,92.7,22.3,6.39,5,298,82,100,77,43,3,7
USER006,2025-09-03,7.43,26.5,21.3,2,93.7,22.5,6.33,6,332,95,61,75,15,2,7
USER006,2025-09-04,7.53,33.5,37.8,5,92.3,22.08,7.45,4,264,78,92,69,45,4,3
USER006,2025-09-05,9.13,21.2,28.6,0,96.9,21.91,5.63,4,418,74,72,79,7,5,7
USER006,2025-09-06,7.98,25.5,23.6,1,96.2,22.47,7.28,3,245,84,76,15,1,2,7
USER006,2025-09-07,9.6,22.0,21.1,8,97.5,23.97,6.33,1,299,78,60,168,33,5,5
USER006,2025-09-08,8.79,21.0,32.5,2,96.3,22.06,5.96,1,298,72,67,63,3,5,8
USER006,2025-09-09,7.16,19.0,27.7,1,98.3,22.34,3.32,6,309,84,66,110,8,3,4
USER006,2025-09-10,7.5,20.8,29.1,1,95.4,21.82,5.12,10,243,80,93,170,31,6,6
USER006,2025-09-11,6.28,33.0,31.7,2,92.3,21.61,5.13,4,306,89,81,42,34,3,3
USER006,2025-09-12,8.5,16.6,27.0,1,92.9,21.84,3.62,4,252,78,88,46,25,1,4
USER006,2025-09-13,10.16,32.3,31.2,1,98.5,23.43,4.52,1,249,65,81,267,74,4,4
USER006,2025-09-14,7.46,37.0,24.9,3,95.6,23.48,6.98,4,285,83,86,157,1,4,7
USER006,2025-09-15,7.78,24.9,19.8,1,97.0,22.23,8.49,1,232,75,82,91,24,5,6
USER006,2025-09-16,6.67,24.2,23.9,1,91.8,22.18,3.74,4,247,71,75,95,21,4,4
USER006,2025-09-17,9.19,18.0,32.8,2,96.4,22.15,5.96,2,357,84,78,57,39,3,7
USER006,2025-09-18,9.12,24.4,20.2,2,90.6,21.72,6.87,3,288,89,80,77,2,4,5
USER006,2025-09-19,6.8,24.8,19.4,3,90.0,21.89,7.31,5,263,77,78,16,41,7,5
USER006,2025-09-20,8.87,15.2,25.4,1,93.4,23.42,5.88,1,253,58,88,81,14,3,7
USER006,2025-09-21,7.6,18.7,23.9,0,90.0,22.14,3.65,4,259,86,93,54,19,5,7
USER006,2025-09-22,6.99,26.5,31.1,1,90.7,22.35,5.51,2,273,73,100,36,0,3,7
USER006,2025-09-23,5.65,33.8,29.6,3,93.1,21.93,2.23,3,273,60,66,330,12,5,4
USER006,2025-09-24,7.82,17.2,30.7,4,92.5,21.78,6.02,6,205,72,85,228,23,7,4
USER006,2025-09-25,6.9,30.5,22.6,0,94.7,22.23,4.88,2,281,72,100,128,36,3,6
USER006,2025-09-26,7.98,16.0,22.4,2,99.2,21.78,6.27,4,237,89,74,293,5,6,5
USER006,2025-09-27,7.71,30.8,20.7,1,93.5,23.69,4.06,1,255,83,72,65,2,3,8
USER006,2025-09-28,7.45,26.8,30.5,1,96.1,22.21,5.16,5,258,85,84,62,30,2,6
USER006,2025-09-29,7.71,15.6,34.8,1,95.9,22.07,5.85,3,223,89,69,40,18,5,8
USER006,2025-09-30,7.21,28.0,37.3,1,91.7,22.47,3.99,3,264,71,82,54,4,4,4
USER006,2025-10-01,8.13,33.3,22.4,1,93.0,22.18,6.93,4,200,76,67,59,35,2,4
USER006,2025-10-02,9.05,37.2,30.6,0,94.5,22.25,2.96,1,299,94,78,40,18,2,6
USER006,2025-10-03,7.19,29.5,27.3,3,85.7,22.03,2.77,2,258,68,70,105,8,4,7
USER006,2025-10-04,7.45,22.7,31.3,1,96.2,22.49,6.48,4,281,78,81,132,9,1,8
USER006,2025-10-05,9.7,29.7,20.1,4,96.9,22.33,2.66,2,337,70,68,39,1,2,4
USER006,2025-10-06,7.41,17.9,23.5,1,88.0,22.26,3.35,4,379,75,94,29,14,5,6
USER006,2025-10-07,6.82,19.7,22.0,1,99.4,21.74,5.92,3,420,85,82,281,9,3,6
USER006,2025-10-08,6.06,22.2,20.6,4,90.6,21.65,3.79,1,275,81,80,184,0,5,8
USER006,2025-10-09,8.22,21.9,29.6,1,92.1,22.2,4.89,3,344,84,89,65,1,4,2
USER006,2025-10-10,8.75,36.1,34.5,2,89.2,22.4,4.06,3,354,98,97,153,30,5,5
USER006,2025-10-11,8.82,27.7,34.1,1,87.8,22.4,3.47,2,235,73,66,47,9,3,7
USER006,2025-10-12,9.1,33.0,33.6,3,87.2,23.63,3.82,0,286,68,60,35,35,6,6
USER006,2025-10-13,6.0,30.6,35.6,3,94.4,21.66,3.46,1,246,67,71,136,5,3,9
USER006,2025-10-14,7.37,22.2,26.3,1,94.2,22.06,6.31,7,276,89,90,39,7,4,4
USER006,2025-10-15,6.15,24.6,33.8,2,89.9,22.42,6.18,1,301,81,98,26,6,3,8
USER006,2025-10-16,7.11,31.3,24.9,4,85.5,21.82,6.06,0,306,78,87,73,27,3,6
USER006,2025-10-17,7.92,12.3,28.4,2,97.0,21.5,4.36,3,214,100,89,147,8,3,5
USER006,2025-10-18,10.98,35.1,26.3,4,93.1,23.04,5.25,0,412,54,70,170,62,5,6
USER006,2025-10-19,7.77,21.8,27.8,0,98.0,22.42,7.07,3,202,82,100,102,21,4,7
USER006,2025-10-20,8.4,39.5,35.9,2,96.4,21.71,3.24,4,353,83,72,72,5,3,4
USER006,2025-10-21,6.06,18.9,31.8,5,94.4,21.81,4.72,3,325,78,72,56,37,2,5
USER006,2025-10-22,8.0,25.6,23.1,1,99.0,21.99,4.45,3,306,92,84,38,1,3,7
USER006,2025-10-23,6.07,27.8,24.3,2,95.9,22.37,4.78,4,261,66,73,47,8,4,7
USER006,2025-10-24,7.76,18.1,36.3,2,89.2,22.4,4.69,5,216,67,90,76,44,3,6
USER006,2025-10-25,7.77,18.1,29.8,3,86.3,22.95,3.86,5,267,86,80,142,0,4,7
USER006,2025-10-26,8.12,34.4,26.6,2,91.5,22.09,6.16,4,213,94,89,35,19,7,4
USER006,2025-10-27,5.29,20.4,15.3,2,96.8,22.14,2.45,2,293,54,86,18,8,2,4
USER006,2025-10-28,9.01,18.2,30.6,1,93.7,22.19,6.13,0,230,60,67,133,39,2,8
USER006,2025-10-29,7.29,22.9,21.8,1,95.4,22.04,2.93,3,272,79,83,112,6,5,5
USER006,2025-10-30,7.46,19.0,33.6,4,95.5,21.92,7.07,6,203,74,85,76,20,3,5
USER006,2025-10-31,8.18,33.5,24.5,2,98.0,21.75,3.69,5,272,96,84,226,6,3,8
USER006,2025-11-01,9.06,28.0,25.7,3,90.2,23.96,2.9,1,257,62,78,52,2,3,7
USER006,2025-11-02,9.24,21.7,30.5,2,95.0,23.91,4.32,3,341,68,88,38,28,4,3
USER006,2025-11-03,5.97,21.5,26.8,2,92.0,22.25,3.85,5,353,67,65,27,10,5,3
USER006,2025-11-04,7.33,21.6,26.8,0,94.2,22.14,5.92,7,200,74,79,190,2,2,7
USER006,2025-11-05,7.55,23.1,37.0,4,89.8,22.22,6.41,5,229,88,74,25,16,4,6
USER006,2025-11-06,6.74,20.9,31.8,6,96.5,21.84,7.46,3,305,99,75,141,16,5,6
USER007,2025-07-10,5.06,34.4,28.8,0,99.0,23.96,5.56,0,334,61,87,89,4,3,7
USER007,2025-07-11,6.25,28.7,19.3,2,92.6,23.84,2.28,2,313,73,77,16,4,2,8
USER007,2025-07-12,8.56,20.6,29.4,1,94.5,24.16,4.15,4,263,66,90,105,11,3,6
USER007,2025-07-13,8.47,30.4,24.2,0,90.0,24.09,5.6,5,326,67,72,43,22,4,8
USER007,2025-07-14,7.93,25.2,30.2,4,96.3,23.32,7.5,5,243,79,86,29,26,2,5
USER007,2025-07-15,7.21,31.0,33.3,2,88.9,23.05,7.02,4,259,65,80,224,2,4,5
USER007,2025-07-16,7.36,27.0,34.1,3,97.1,23.59,2.86,5,200,90,73,91,0,5,5
USER007,2025-07-17,5.98,28.2,29.0,1,95.4,23.77,4.26,1,317,67,67,96,3,4,7
USER007,2025-07-18,5.91,24.4,31.7,2,98.5,23.8,5.33,1,353,63,84,78,3,3,5
USER007,2025-07-19,8.15,26.6,27.1,1,96.1,23.7,7.32,6,267,74,86,33,4,3,7
USER007,2025-07-20,8.49,31.7,27.4,3,95.1,25.41,4.04,2,275,67,100,72,19,3,4
USER007,2025-07-21,8.77,25.1,30.1,2,90.2,23.9,4.31,1,292,68,69,117,1,5,4
USER007,2025-07-22,7.57,27.2,32.8,3,85.6,23.54,7.26,5,277,100,77,14,5,3,6
USER007,2025-07-23,7.35,23.7,34.6,2,89.4,23.84,5.51,5,281,93,76,24,5,5,6
USER007,2025-07-24,8.19,22.4,28.6,1,97.8,23.71,7.2,8,284,62,100,105,21,4,5
USER007,2025-07-25,6.56,31.8,23.5,3,93.4,23.02,4.2,1,244,70,73,124,22,3,6
USER007,2025-07-26,8.97,15.4,22.5,3,87.9,24.65,5.64,3,309,72,85,46,6,5,3
USER007,2025-07-27,9.5,36.6,24.6,1,91.6,24.08,5.99,0,349,69,51,118,2,6,7
USER007,2025-07-28,7.68,22.3,30.2,3,97.3,23.47,5.13,4,274,74,85,84,15,3,8
USER007,2025-07-29,7.33,17.2,36.3,1,89.6,23.38,5.03,4,311,82,92,84,0,3,7
USER007,2025-07-30,7.22,30.0,31.1,1,96.0,23.81,6.49,10,312,76,74,118,17,5,6
USER007,2025-07-31,8.62,23.3,24.4,3,91.3,23.64,7.74,5,438,81,70,158,3,3,8
USER007,2025-08-01,7.26,12.7,32.4,0,94.7,23.09,4.35,2,228,70,77,93,11,4,6
USER007,2025-08-02,9.01,25.5,19.8,0,94.8,25.0,7.85,2,394,63,84,223,9,4,6
USER007,2025-08-03,8.99,15.8,33.2,1,90.1,24.82,5.92,2,233,74,73,365,48,2,6
USER007,2025-08-04,8.03,17.5,35.8,3,91.1,23.23,4.64,6,242,89,89,120,28,2,4
USER007,2025-08-05,8.15,31.0,27.3,2,95.4,23.15,5.85,6,290,100,77,99,49,4,6
USER007,2025-08-06,8.94,20.6,18.0,2,90.1,23.21,5.66,4,284,76,67,17,28,4,5
USER007,2025-08-07,7.66,18.8,25.6,0,86.1,23.58,6.74,10,256,64,74,38,6,5,3
USER007,2025-08-08,5.31,20.1,31.3,2,92.8,23.2,3.39,1,389,74,84,50,23,4,6
USER007,2025-08-09,8.69,26.9,34.9,2,93.1,25.36,4.9,2,250,67,69,106,4,7,5
USER007,2025-08-10,8.34,23.2,13.7,2,87.5,24.77,7.38,3,226,88,56,161,11,4,4
USER007,2025-08-11,6.28,22.0,18.0,0,92.6,23.57,3.99,2,346,67,69,94,4,4,7
USER007,2025-08-12,8.14,20.8,22.4,3,91.6,23.98,7.95,1,263,91,78,205,15,3,7
USER007,2025-08-13,7.71,21.0,18.7,2,92.7,23.03,7.33,7,254,74,100,81,4,3,7
USER007,2025-08-14,7.06,17.5,34.0,4,97.1,23.01,3.19,4,265,76,63,39,8,5,4
USER007,2025-08-15,7.29,30.1,25.9,1,91.2,23.69,4.06,1,248,77,90,35,15,4,6
USER007,2025-08-16,8.52,27.5,21.1,4,91.5,24.4,3.38,4,338,81,63,29,42,5,7
USER007,2025-08-17,7.07,19.1,31.3,1,96.4,25.39,5.23,4,240,92,82,18,7,5,6
USER007,2025-08-18,7.53,22.1,33.0,2,97.6,23.72,6.33,3,258,79,96,33,32,3,6
USER007,2025-08-19,6.3,20.2,31.6,3,96.1,23.67,5.93,3,312,94,77,172,32,4,5
USER007,2025-08-20,7.2,12.5,30.2,1,96.8,23.39,4.05,4,283,82,100,89,57,3,4
USER007,2025-08-21,8.66,18.1,26.4,1,95.9,23.25,5.2,2,353,75,79,52,8,4,7
USER007,2025-08-22,6.41,35.4,16.6,1,96.3,23.71,1.37,3,327,57,85,28,21,6,3
USER007,2025-08-23,7.38,20.4,25.4,4,95.1,24.1,5.9,6,270,100,91,51,29,4,5
USER007,2025-08-24,7.5,17.4,33.6,4,96.5,23.54,5.26,6,275,83,71,164,42,4,6
USER007,2025-08-25,6.59,30.4,30.1,1,93.9,23.43,5.92,2,284,85,71,20,4,4,4
USER007,2025-08-26,6.46,24.2,29.8,2,89.9,23.88,4.18,1,283,73,80,38,11,3,7
USER007,2025-08-27,7.72,27.2,31.0,1,96.8,23.46,4.81,7,334,85,89,168,3,6,4
USER007,2025-08-28,7.24,32.1,33.2,1,93.2,23.66,2.5,5,203,66,92,59,32,4,5
USER007,2025-08-29,6.88,19.3,34.1,4,93.3,23.72,6.43,2,297,89,68,98,69,3,6
USER007,2025-08-30,9.18,21.4,23.4,3,94.0,24.4,3.58,3,305,63,59,25,11,4,6
USER007,2025-08-31,8.34,27.9,24.3,3,93.0,23.88,5.29,2,249,97,86,90,1,4,3
USER007,2025-09-01,8.1,36.4,15.6,1,96.9,24.0,7.39,6,264,100,84,179,2,5,5
USER007,2025-09-02,7.71,23.5,15.5,2,95.7,23.38,7.69,5,200,100,98,148,120,4,5
USER007,2025-09-03,7.33,18.1,23.9,3,94.6,23.42,4.42,3,353,85,79,72,3,1,7
USER007,2025-09-04,7.78,18.9,34.8,4,89.6,23.54,6.45,2,200,85,100,164,0,3,4
USER007,2025-09-05,7.33,21.8,19.1,1,96.3,23.46,3.84,2,262,87,97,127,27,3,7
USER007,2025-09-06,8.94,17.6,25.2,1,82.9,24.32,4.18,1,313,68,88,65,7,3,7
USER007,2025-09-07,8.31,28.6,18.9,3,96.0,24.72,4.55,2,261,79,84,236,17,4,8
USER007,2025-09-08,8.14,15.0,22.9,4,92.6,23.27,4.13,3,346,98,91,143,8,2,5
USER007,2025-09-09,8.89,31.0,27.2,0,95.7,23.48,3.65,1,279,95,96,88,5,5,6
USER007,2025-09-10,8.54,30.8,31.9,1,91.2,23.57,4.64,3,299,90,91,89,63,4,5
USER007,2025-09-11,7.17,38.1,35.1,2,97.5,23.08,5.47,3,338,100,82,109,14,2,4
USER007,2025-09-12,6.93,36.5,23.3,0,94.3,23.82,5.71,7,348,84,53,154,6,5,4
USER007,2025-09-13,7.51,25.3,23.2,1,89.6,24.05,4.85,4,292,89,84,36,33,2,6
USER007,2025-09-14,8.41,30.6,32.4,3,97.5,24.15,4.88,2,256,84,78,144,28,1,3
USER007,2025-09-15,8.55,32.4,23.8,1,96.4,23.63,5.75,4,248,83,75,53,4,3,7
USER007,2025-09-16,6.11,38.4,26.2,0,97.4,23.1,3.3,2,285,64,76,96,23,3,5
USER007,2025-09-17,7.22,39.6,20.8,2,95.6,23.71,6.01,3,263,81,67,12,3,4,8
USER007,2025-09-18,8.35,19.1,33.7,3,93.4,23.63,3.85,5,240,74,86,325,9,6,4
USER007,2025-09-19,7.95,25.5,33.8,4,85.4,23.22,8.01,5,259,90,82,62,16,3,8
USER007,2025-09-20,11.17,18.7,35.7,3,91.2,24.78,3.45,0,403,45,71,73,8,4,5
USER007,2025-09-21,9.11,33.6,23.3,4,94.6,24.87,4.95,4,324,55,79,138,2,4,5
USER007,2025-09-22,7.22,15.4,30.1,1,94.4,23.38,4.51,3,250,83,71,128,18,3,3
USER007,2025-09-23,7.43,36.3,25.6,2,97.3,23.55,3.55,5,243,70,72,87,4,5,6
USER007,2025-09-24,8.07,18.8,26.5,0,97.6,23.86,3.69,5,316,98,100,88,2,4,5
USER007,2025-09-25,5.8,23.3,32.4,6,93.5,23.15,5.46,0,358,77,86,166,11,6,5
USER007,2025-09-26,8.33,27.0,32.1,1,99.1,23.43,6.26,3,254,90,99,237,14,4,5
USER007,2025-09-27,7.59,33.8,25.6,2,94.8,24.85,7.08,5,240,96,73,126,20,2,7
USER007,2025-09-28,8.62,27.6,22.8,2,93.8,24.1,4.89,4,262,71,100,27,21,5,3
USER007,2025-09-29,7.32,27.5,16.6,0,95.8,23.39,4.69,5,257,89,63,123,3,7,5
USER007,2025-09-30,7.49,32.2,25.2,0,94.2,23.17,4.43,5,200,80,85,132,26,4,6
USER007,2025-10-01,7.23,28.2,31.5,2,85.7,23.44,5.7,3,304,100,90,39,31,3,6
USER007,2025-10-02,6.42,26.3,32.3,2,95.0,23.76,3.78,4,366,64,85,52,0,6,4
USER007,2025-10-03,8.17,27.5,28.6,0,93.9,23.54,5.48,3,296,68,95,59,8,4,7
USER007,2025-10-04,9.5,26.5,25.0,2,94.3,23.78,5.86,0,329,69,81,99,55,2,5
USER007,2025-10-05,8.59,24.8,26.8,1,93.3,24.76,4.05,2,286,68,88,8,23,4,7
USER007,2025-10-06,6.59,29.6,27.8,2,96.4,23.42,5.25,4,299,74,67,93,33,2,5
USER007,2025-10-07,6.89,29.5,28.5,2,94.6,23.09,6.86,3,298,88,78,47,99,8,5
USER007,2025-10-08,7.11,35.5,33.3,1,93.0,23.58,5.94,7,266,80,78,51,42,8,7
USER007,2025-10-09,6.81,26.6,33.0,2,94.5,23.35,4.24,3,352,89,92,79,14,3,7
USER007,2025-10-10,8.23,24.7,27.0,3,97.4,23.34,5.47,3,200,88,57,297,5,6,7
USER007,2025-10-11,9.28,26.8,36.2,0,94.9,24.78,3.98,2,215,74,95,113,14,2,2
USER007,2025-10-12,10.3,31.1,20.4,1,98.6,23.78,1.07,1,261,65,48,89,6,5,5
USER007,2025-10-13,8.33,26.3,19.9,2,97.4,23.06,3.83,6,345,89,82,153,11,7,6
USER007,2025-10-14,6.96,21.8,28.8,4,98.1,23.11,7.25,2,333,82,83,38,45,4,8
USER007,2025-10-15,7.36,14.9,30.9,0,94.4,23.16,7.07,1,291,75,84,118,8,3,7
USER007,2025-10-16,8.5,17.0,30.6,2,96.1,23.31,4.61,5,366,80,77,181,13,5,3
USER007,2025-10-17,7.98,17.5,25.2,5,95.3,23.2,2.56,4,201,100,80,107,16,2,7
USER007,2025-10-18,9.19,25.9,24.0,0,98.4,23.78,3.44,2,265,85,72,85,19,4,3
USER007,2025-10-19,8.42,21.1,30.5,1,90.0,24.69,6.85,3,284,79,84,193,22,4,7
USER007,2025-10-20,6.91,24.5,31.4,2,95.6,23.79,4.66,6,254,62,63,55,4,7,5
USER007,2025-10-21,6.81,19.9,28.6,1,96.8,23.38,3.75,4,252,91,99,39,25,4,4
USER007,2025-10-22,6.88,26.8,19.7,7,92.0,23.8,4.04,4,205,72,72,69,9,4,6
USER007,2025-10-23,7.94,34.0,32.0,1,95.5,23.94,6.92,3,322,72,73,64,15,3,8
USER007,2025-10-24,7.42,17.6,31.6,3,95.9,23.36,6.71,6,257,88,88,75,23,7,7
USER007,2025-10-25,6.9,20.7,25.7,2,85.9,24.39,4.88,1,362,97,78,69,13,2,7
USER007,2025-10-26,7.57,28.1,21.5,2,96.7,23.65,5.24,4,313,90,97,70,23,2,4
USER007,2025-10-27,9.27,26.3,32.9,3,96.2,23.78,2.9,2,225,59,78,49,36,3,6
USER007,2025-10-28,6.17,15.2,25.5,2,97.7,23.71,4.84,2,327,89,71,136,2,6,5
USER007,2025-10-29,9.61,27.5,32.9,1,95.6,23.5,3.53,3,299,64,99,53,24,2,6
USER007,2025-10-30,4.97,16.4,37.1,2,99.3,23.63,4.37,0,429,77,73,104,8,4,3
USER007,2025-10-31,8.15,16.7,27.3,2,96.0,23.26,4.42,4,200,82,74,31,10,3,4
USER007,2025-11-01,7.51,19.0,29.3,2,96.3,24.15,7.3,5,324,100,93,157,43,3,7
USER007,2025-11-02,9.56,30.7,30.7,1,98.6,24.7,5.64,1,294,72,87,27,5,4,8
USER007,2025-11-03,6.77,11.4,31.0,6,84.6,23.11,6.17,5,263,93,75,146,20,4,7
USER007,2025-11-04,7.65,16.2,28.2,0,96.2,23.34,7.91,8,220,89,94,115,54,5,5
USER007,2025-11-05,6.71,26.8,27.2,5,93.6,23.12,4.03,5,307,89,67,178,12,4,4
USER007,2025-11-06,7.39,18.5,29.2,0,90.7,23.55,6.59,3,237,76,91,96,6,2,8
USER008,2025-07-10,7.06,35.6,21.8,2,97.2,21.89,4.51,2,273,74,70,164,4,2,5
USER008,2025-07-11,7.25,15.7,32.9,1,98.8,21.56,8.02,4,409,80,70,54,5,4,6
USER008,2025-07-12,7.98,21.1,12.9,3,89.1,22.73,5.28,3,313,70,98,57,2,6,7
USER008,2025-07-13,11.41,22.7,22.2,0,95.9,22.24,6.06,2,405,57,61,38,6,6,5
USER008,2025-07-14,7.06,19.2,24.4,0,92.1,22.49,5.05,4,354,73,93,111,27,6,6
USER008,2025-07-15,8.48,21.7,26.0,1,90.2,22.44,4.24,9,234,66,95,97,0,3,4
USER008,2025-07-16,9.1,30.1,32.4,2,90.5,22.5,5.57,2,200,72,88,339,26,2,4
USER008,2025-07-17,6.63,23.6,31.1,0,99.1,21.93,3.45,1,298,68,83,59,61,4,5
USER008,2025-07-18,8.99,31.9,32.4,2,96.0,22.37,6.98,3,259,81,72,97,9,5,5
USER008,2025-07-19,8.49,16.9,30.2,4,89.8,23.13,4.96,2,317,89,78,258,2,6,6
USER008,2025-07-20,8.69,21.9,21.9,0,98.4,22.76,6.77,6,261,79,65,54,4,4,5
USER008,2025-07-21,7.68,41.0,35.9,4,93.0,22.22,3.92,2,264,68,86,63,20,3,6
USER008,2025-07-22,8.3,31.7,33.6,3,95.2,22.42,6.99,9,310,90,83,18,49,4,5
USER008,2025-07-23,6.58,25.6,29.5,1,95.7,21.86,4.22,5,265,75,80,40,28,3,6
USER008,2025-07-24,9.4,22.7,24.6,3,95.5,22.14,5.16,2,314,87,84,55,8,3,6
USER008,2025-07-25,9.04,28.8,31.4,1,98.0,21.71,5.49,3,291,71,86,149,1,4,5
USER008,2025-07-26,8.49,15.9,26.9,0,89.8,22.27,4.55,1,242,70,86,85,1,4,8
USER008,2025-07-27,9.39,32.1,19.8,1,95.8,22.09,6.34,3,294,77,77,196,9,5,5
USER008,2025-07-28,7.49,36.2,27.1,1,92.9,21.73,4.97,4,200,100,70,153,16,2,4
USER008,2025-07-29,7.82,30.3,30.0,2,90.0,21.88,6.63,3,224,96,100,25,13,2,5
USER008,2025-07-30,6.94,20.2,27.6,0,96.3,22.24,6.13,1,272,80,87,81,53,4,6
USER008,2025-07-31,7.39,23.0,23.0,3,97.6,22.32,3.63,4,384,75,69,27,3,6,5
USER008,2025-08-01,7.74,27.7,18.3,0,95.2,22.43,6.45,3,258,85,76,76,6,2,4
USER008,2025-08-02,9.23,34.8,23.6,3,92.4,23.54,3.82,3,265,72,70,60,47,4,6
USER008,2025-08-03,8.74,16.4,33.5,2,91.8,23.68,4.34,2,204,90,54,264,46,4,7
USER008,2025-08-04,7.02,14.1,17.8,2,94.7,21.58,5.5,4,358,79,72,37,20,2,6
USER008,2025-08-05,7.34,26.0,26.4,3,96.1,21.74,7.11,2,242,76,94,118,33,2,5
USER008,2025-08-06,8.85,34.4,18.2,3,85.3,22.06,7.28,3,235,76,78,70,1,4,4
USER008,2025-08-07,10.2,18.4,29.8,2,97.5,21.99,4.83,0,273,55,78,91,23,2,7
USER008,2025-08-08,7.61,24.9,24.2,3,90.0,22.07,4.98,5,279,94,73,133,5,3,7
USER008,2025-08-09,7.32,22.9,20.2,0,98.0,23.25,5.47,4,274,81,73,49,34,5,5
USER008,2025-08-10,8.4,23.9,23.3,3,98.3,23.0,6.31,4,240,82,89,33,21,3,7
USER008,2025-08-11,9.9,36.6,37.1,3,98.6,22.25,5.01,3,371,92,67,194,6,2,7
USER008,2025-08-12,6.76,27.7,28.3,3,96.1,22.37,2.49,1,302,56,80,79,44,4,7
USER008,2025-08-13,9.45,26.5,29.9,1,91.4,22.42,2.26,2,235,83,69,33,0,5,6
USER008,2025-08-14,5.97,36.8,18.2,1,96.2,22.23,4.77,2,308,66,76,53,1,7,5
USER008,2025-08-15,7.49,20.1,25.1,1,91.4,22.05,10.0,3,285,84,91,99,0,3,6
USER008,2025-08-16,9.88,28.1,42.4,5,99.5,22.49,3.84,3,248,68,83,82,9,2,3
USER008,2025-08-17,9.04,22.0,28.7,2,97.6,23.77,5.41,5,225,86,100,35,49,2,5
USER008,2025-08-18,6.9,34.8,22.0,4,95.7,22.23,4.77,3,275,78,74,228,8,5,7
USER008,2025-08-19,8.1,32.4,22.9,4,97.3,22.43,7.83,5,250,88,93,50,0,1,7
USER008,2025-08-20,7.55,21.4,17.2,3,98.0,22.22,8.18,4,266,78,96,108,9,6,5
USER008,2025-08-21,6.21,26.2,26.8,3,97.7,22.0,2.71,1,309,56,58,79,21,4,6
USER008,2025-08-22,9.33,25.5,23.3,3,93.4,21.71,5.45,2,453,68,68,43,34,2,6
USER008,2025-08-23,10.09,27.8,34.1,2,98.3,23.99,2.44,1,332,65,79,45,3,4,8
USER008,2025-08-24,7.9,28.6,22.0,0,89.3,23.99,5.4,5,238,89,78,51,23,5,6
USER008,2025-08-25,6.15,18.9,31.2,1,87.5,21.73,1.68,1,302,75,72,178,61,6,6
USER008,2025-08-26,8.21,22.9,25.9,2,96.6,22.04,6.34,7,257,85,79,116,1,3,7
USER008,2025-08-27,8.78,21.8,35.7,1,98.1,22.28,4.57,3,200,85,69,40,32,6,8
USER008,2025-08-28,7.54,16.5,35.8,0,98.5,22.08,4.27,2,275,96,76,53,6,7,8
USER008,2025-08-29,8.48,39.6,23.1,3,96.8,21.58,6.79,5,247,90,75,60,5,4,5
USER008,2025-08-30,9.81,32.4,30.9,2,95.3,23.66,3.2,3,301,91,80,25,1,5,7
USER008,2025-08-31,8.41,17.7,30.7,1,91.8,22.5,7.48,9,241,90,85,56,0,2,3
USER008,2025-09-01,6.99,27.7,26.0,3,98.1,22.37,5.22,1,271,63,90,91,20,6,6
USER008,2025-09-02,9.25,27.9,33.1,2,98.6,22.29,6.02,2,365,80,90,39,11,3,7
USER008,2025-09-03,7.79,37.4,32.1,0,88.3,22.07,6.32,2,303,95,78,46,16,2,6
USER008,2025-09-04,6.27,23.7,28.0,2,93.5,22.38,3.85,3,247,64,68,64,1,2,3
USER008,2025-09-05,10.11,20.3,35.8,3,94.7,22.3,6.31,2,314,79,77,106,7,4,4
USER008,2025-09-06,9.07,28.5,24.6,2,98.1,23.65,9.64,3,248,69,73,127,5,7,5
USER008,2025-09-07,10.13,21.1,30.9,0,95.1,23.62,4.2,4,285,79,68,118,7,5,3
USER008,2025-09-08,9.04,31.6,30.3,3,90.2,22.25,4.65,2,213,80,80,106,3,2,5
USER008,2025-09-09,9.42,28.0,29.2,2,97.7,21.93,4.68,3,253,64,62,109,22,4,5
USER008,2025-09-10,6.58,31.0,33.4,2,94.2,22.04,5.56,2,293,60,63,179,29,6,7
USER008,2025-09-11,10.28,18.8,36.3,1,90.0,21.96,4.61,3,305,86,63,154,9,4,5
USER008,2025-09-12,8.13,14.8,21.1,4,88.9,21.95,5.48,9,249,96,100,177,16,3,5
USER008,2025-09-13,7.9,21.3,27.5,2,89.3,23.2,4.24,7,262,68,78,75,11,3,8
USER008,2025-09-14,8.47,20.0,32.1,1,96.0,23.5,4.35,5,245,62,88,156,32,4,8
USER008,2025-09-15,8.19,28.8,39.3,1,88.1,21.78,6.81,7,200,90,84,89,40,4,6
USER008,2025-09-16,8.74,32.0,39.2,4,94.7,22.46,2.96,5,297,66,86,153,1,2,8
USER008,2025-09-17,7.21,34.2,34.2,0,93.0,22.13,3.35,2,221,95,91,145,8,2,8
USER008,2025-09-18,7.12,17.0,30.8,5,96.5,21.91,4.65,5,244,75,50,110,15,4,4
USER008,2025-09-19,7.98,25.1,24.3,3,97.8,22.37,8.48,6,283,76,83,17,42,5,3
USER008,2025-09-20,7.89,35.6,20.7,0,88.1,23.58,4.66,7,320,86,79,190,57,5,5
USER008,2025-09-21,9.01,24.3,40.2,5,96.1,22.44,5.68,6,368,79,65,2,4,4,7
USER008,2025-09-22,8.17,25.6,31.0,2,90.3,21.97,5.66,3,239,79,63,29,37,5,7
USER008,2025-09-23,9.11,17.9,32.1,0,87.1,21.76,4.97,3,270,93,91,84,2,2,6
USER008,2025-09-24,9.44,24.8,20.6,0,94.4,22.47,3.84,3,309,90,80,74,48,2,5
USER008,2025-09-25,8.92,14.5,21.9,2,97.7,21.57,4.6,8,281,74,80,79,34,4,4
USER008,2025-09-26,7.11,18.4,24.0,1,82.1,21.72,6.19,0,287,70,77,54,15,7,6
USER008,2025-09-27,9.77,32.7,25.3,2,99.2,23.58,6.59,1,213,97,65,213,2,4,6
USER008,2025-09-28,9.56,33.9,26.1,2,93.8,22.4,2.5,1,281,77,73,60,18,6,6
USER008,2025-09-29,6.45,31.8,39.1,2,95.6,21.98,3.11,3,287,78,68,166,5,5,4
USER008,2025-09-30,7.87,12.8,34.2,0,92.6,22.44,7.19,3,206,88,60,136,13,2,5
USER008,2025-10-01,7.69,21.7,15.7,4,95.9,22.25,4.74,2,308,67,81,135,30,3,5
USER008,2025-10-02,7.79,24.3,17.1,1,96.4,21.91,4.3,8,285,85,97,48,52,2,7
USER008,2025-10-03,6.31,18.9,25.3,1,87.2,21.59,5.43,1,277,68,59,30,21,2,2
USER008,2025-10-04,8.59,31.1,32.9,4,92.2,23.71,5.66,3,250,85,100,46,4,3,6
USER008,2025-10-05,9.42,15.1,26.3,2,96.5,23.98,4.17,2,316,86,66,57,89,5,8
USER008,2025-10-06,7.73,31.5,20.1,1,93.3,22.35,1.92,6,247,93,93,69,45,2,8
USER008,2025-10-07,6.29,33.5,33.8,2,94.9,21.79,4.45,0,297,58,63,159,52,6,4
USER008,2025-10-08,9.46,25.4,35.1,0,95.4,21.57,5.01,1,267,74,79,67,10,4,3
USER008,2025-10-09,9.34,39.7,21.1,2,97.3,21.66,7.97,4,237,84,74,68,96,5,3
USER008,2025-10-10,7.54,27.3,30.3,4,98.9,22.07,5.73,5,240,77,94,156,54,5,6
USER008,2025-10-11,9.42,26.2,32.0,3,99.1,22.77,6.77,2,268,74,63,98,17,4,6
USER008,2025-10-12,8.43,28.5,22.3,5,97.4,22.16,5.36,1,239,75,73,203,93,3,3
USER008,2025-10-13,7.4,30.9,36.6,1,92.4,22.13,5.36,6,335,89,79,10,3,5,4
USER008,2025-10-14,9.54,23.4,33.8,3,95.0,21.51,4.46,1,457,81,91,143,37,6,6
USER008,2025-10-15,4.91,23.3,29.1,1,91.9,22.03,8.0,0,363,73,52,255,4,5,8
USER008,2025-10-16,8.01,30.4,35.4,4,97.2,21.54,2.59,5,238,80,95,108,0,3,6
USER008,2025-10-17,7.42,17.7,32.0,4,90.0,22.03,4.65,5,242,74,87,156,34,4,4
USER008,2025-10-18,8.9,29.2,22.7,2,97.3,22.99,6.71,8,403,63,100,139,5,3,6
USER008,2025-10-19,9.54,40.5,23.9,2,97.1,23.26,2.35,1,279,66,79,51,9,6,7
USER008,2025-10-20,8.05,13.2,26.8,0,97.7,21.61,3.58,5,274,100,100,75,20,3,4
USER008,2025-10-21,5.95,16.8,36.8,2,97.0,22.26,5.3,0,330,59,52,80,26,3,5
USER008,2025-10-22,6.83,17.9,26.2,2,94.7,21.59,5.94,0,276,86,90,49,27,5,5
USER008,2025-10-23,6.97,15.7,22.8,3,96.7,22.48,5.59,2,248,75,47,48,5,3,5
USER008,2025-10-24,9.47,35.6,24.6,1,96.1,21.8,7.41,5,200,72,99,93,43,3,7
USER008,2025-10-25,9.76,25.3,29.5,2,96.8,23.6,4.16,3,337,75,74,186,22,2,5
USER008,2025-10-26,7.79,20.6,39.0,2,91.4,22.89,5.29,4,264,98,75,97,29,4,6
USER008,2025-10-27,7.89,39.7,26.9,0,93.5,22.12,4.68,7,340,91,73,45,11,2,7
USER008,2025-10-28,8.03,14.7,26.4,2,98.1,21.79,7.93,4,200,91,77,42,14,2,6
USER008,2025-10-29,6.67,34.4,23.6,2,95.1,22.1,3.81,2,324,55,71,83,6,7,5
USER008,2025-10-30,7.3,34.2,24.7,4,88.1,21.66,7.68,4,282,80,100,100,3,6,3
USER008,2025-10-31,6.89,26.1,29.9,1,88.0,21.91,5.56,2,338,88,85,51,3,3,5
USER008,2025-11-01,8.85,16.7,25.3,5,93.5,23.16,7.92,4,208,65,81,185,5,7,6
USER008,2025-11-02,10.36,28.5,24.9,0,91.7,23.21,2.02,0,315,66,68,58,3,5,6
USER008,2025-11-03,7.55,34.7,30.7,2,95.8,21.82,8.84,2,287,82,63,91,0,5,5
USER008,2025-11-04,6.53,29.2,28.6,0,93.4,22.07,5.71,1,313,74,89,42,0,3,4
USER008,2025-11-05,7.74,17.6,32.3,5,91.9,22.28,5.63,3,329,100,88,59,11,5,5
USER008,2025-11-06,7.84,27.1,36.2,2,91.7,21.87,4.11,2,324,78,95,51,96,2,7
USER009,2025-07-10,6.79,28.7,23.9,4,87.2,1.13,4.26,4,312,90,79,76,5,3,7
USER009,2025-07-11,7.28,32.1,35.8,2,92.8,0.93,3.32,3,277,86,85,115,4,4,6
USER009,2025-07-12,9.2,27.1,19.0,2,92.6,1.66,5.22,1,390,59,78,64,13,2,3
USER009,2025-07-13,6.08,16.3,27.1,4,97.0,1.0,5.34,3,262,84,98,21,15,3,7
USER009,2025-07-14,8.18,23.2,32.9,1,91.2,0.51,4.19,2,211,53,72,22,14,4,7
USER009,2025-07-15,4.91,26.7,28.0,0,93.0,1.08,3.89,4,378,71,72,58,6,4,8
USER009,2025-07-16,6.23,29.0,23.9,1,89.1,0.56,4.95,5,304,68,80,47,3,6,6
USER009,2025-07-17,5.67,27.7,23.1,1,89.9,0.61,2.0,5,243,87,95,291,29,5,6
USER009,2025-07-18,7.0,25.9,26.6,2,96.7,1.29,7.24,3,264,100,92,40,10,5,6
USER009,2025-07-19,6.52,18.0,33.7,2,96.1,2.08,6.03,2,227,86,83,98,12,2,8
USER009,2025-07-20,7.2,24.0,24.5,1,98.1,1.25,5.91,3,334,80,86,41,11,2,4
USER009,2025-07-21,6.98,19.9,23.0,0,94.4,1.33,3.9,0,307,89,87,145,11,5,6
USER009,2025-07-22,6.14,22.8,29.1,2,93.2,0.94,5.16,3,310,97,96,145,9,4,6
USER009,2025-07-23,6.05,18.5,24.7,4,92.3,1.2,5.73,1,324,82,67,135,5,4,5
USER009,2025-07-24,6.14,33.3,17.5,1,97.1,0.78,4.1,1,316,87,92,53,3,4,6
USER009,2025-07-25,6.35,36.0,27.8,3,99.0,1.44,6.33,6,200,86,83,92,1,4,5
USER009,2025-07-26,7.15,27.4,27.2,0,96.5,1.66,7.89,5,285,85,73,55,17,5,4
USER009,2025-07-27,7.12,27.7,27.6,3,91.0,2.19,4.39,2,354,91,91,65,14,4,8
USER009,2025-07-28,6.02,25.1,25.0,5,93.1,0.77,5.62,4,270,83,71,174,26,2,6
USER009,2025-07-29,7.72,17.4,24.4,2,91.1,1.05,5.11,2,353,84,68,93,21,3,5
USER009,2025-07-30,6.87,38.7,24.4,2,88.2,1.27,8.57,3,291,97,77,322,36,2,8
USER009,2025-07-31,5.18,25.6,29.8,1,86.9,0.62,5.63,5,270,65,100,238,5,2,6
USER009,2025-08-01,7.78,31.0,36.2,2,96.3,0.93,7.03,4,292,62,92,42,4,2,4
USER009,2025-08-02,6.09,20.1,26.6,2,97.6,1.65,4.87,5,354,69,100,95,4,3,4
USER009,2025-08-03,5.68,19.5,32.1,1,95.2,2.24,3.64,4,258,68,72,5,0,6,5
USER009,2025-08-04,4.21,29.4,27.6,0,96.5,0.98,5.62,0,270,52,59,86,2,4,5
USER009,2025-08-05,6.23,15.3,28.7,2,89.5,1.35,6.09,4,307,77,79,25,112,3,6
USER009,2025-08-06,6.37,21.4,30.2,1,89.1,0.67,3.35,2,283,61,87,87,17,1,6
USER009,2025-08-07,4.76,16.2,28.5,1,92.4,1.09,6.23,4,284,80,77,87,13,3,6
USER009,2025-08-08,5.39,25.3,18.2,1,96.6,0.92,6.24,2,279,58,94,34,0,3,7
USER009,2025-08-09,7.12,22.7,21.1,3,96.2,1.65,4.68,3,228,79,99,263,17,2,6
USER009,2025-08-10,8.62,25.5,30.6,2,95.3,2.31,4.53,1,356,78,71,29,31,4,3
USER009,2025-08-11,6.18,23.2,23.4,0,98.2,0.94,6.5,4,310,82,91,88,20,5,5
USER009,2025-08-12,6.03,30.2,32.2,2,97.9,0.75,8.85,6,213,64,95,66,42,5,8
USER009,2025-08-13,6.08,20.5,29.1,2,96.4,1.35,5.93,1,266,78,92,71,37,3,5
USER009,2025-08-14,8.27,21.8,22.7,3,99.9,1.5,3.35,0,378,73,83,41,35,4,4
USER009,2025-08-15,6.86,33.9,30.7,3,96.7,1.09,5.13,2,254,98,100,80,15,4,4
USER009,2025-08-16,8.2,21.4,28.2,2,83.3,2.06,7.9,0,249,75,68,158,34,2,4
USER009,2025-08-17,8.7,14.0,25.1,4,88.8,1.48,3.0,2,376,70,51,16,4,3,6
USER009,2025-08-18,5.47,27.4,30.0,3,93.7,1.38,4.88,1,382,75,85,172,8,5,5
USER009,2025-08-19,5.99,15.1,25.2,1,82.7,1.26,3.44,7,268,82,81,24,9,3,7
USER009,2025-08-20,7.9,20.6,35.3,7,92.5,1.34,6.35,4,340,77,65,135,6,4,8
USER009,2025-08-21,4.89,48.0,22.4,1,95.9,1.13,4.14,3,343,80,62,101,30,5,7
USER009,2025-08-22,5.42,23.8,33.0,0,97.7,0.61,6.01,3,200,74,75,52,52,3,3
USER009,2025-08-23,7.47,27.4,27.4,3,96.0,1.21,2.78,0,353,63,89,108,3,3,8
USER009,2025-08-24,7.99,32.9,24.7,3,94.4,1.18,6.07,5,356,72,96,29,17,4,4
USER009,2025-08-25,5.67,17.5,30.0,3,92.8,0.7,5.53,0,309,65,76,42,15,2,8
USER009,2025-08-26,6.32,24.3,27.5,2,88.0,1.1,7.75,3,272,90,93,42,16,3,8
USER009,2025-08-27,7.56,28.4,38.1,5,97.9,1.05,3.89,0,307,62,69,138,7,2,5
USER009,2025-08-28,5.99,25.9,33.5,2,97.7,0.91,6.5,4,224,73,73,26,5,2,5
USER009,2025-08-29,7.58,24.2,37.5,1,98.0,0.67,3.66,5,342,85,90,126,8,5,2
USER009,2025-08-30,7.15,23.9,29.5,1,97.5,2.25,5.9,1,220,82,89,164,5,3,4
USER009,2025-08-31,6.89,17.6,22.3,2,97.0,1.34,5.14,2,279,86,62,137,0,3,7
USER009,2025-09-01,5.03,15.5,32.6,1,90.0,1.01,3.02,3,362,70,79,27,6,3,5
USER009,2025-09-02,7.5,25.8,19.7,2,88.8,0.56,5.15,3,319,83,85,231,9,3,8
USER009,2025-09-03,6.18,33.8,23.3,2,95.0,1.42,7.74,1,234,78,100,51,11,5,7
USER009,2025-09-04,6.19,22.3,24.3,3,94.9,1.0,4.61,6,273,85,70,14,0,4,7
USER009,2025-09-05,5.6,29.9,21.2,2,95.4,0.7,6.76,6,200,62,98,222,4,4,6
USER009,2025-09-06,6.62,21.0,27.4,1,98.5,2.78,6.75,3,230,91,85,104,21,2,6
USER009,2025-09-07,7.39,21.5,21.4,0,84.2,1.47,3.72,4,274,74,73,142,10,5,6
USER009,2025-09-08,6.62,29.1,22.3,1,93.9,1.41,5.96,5,287,100,92,72,23,3,4
USER009,2025-09-09,6.02,32.5,34.7,4,89.3,1.38,7.42,3,229,74,87,103,0,5,7
USER009,2025-09-10,6.73,31.9,25.3,0,96.7,1.18,5.89,8,200,98,84,230,21,3,3
USER009,2025-09-11,4.96,32.2,24.6,2,96.9,0.61,7.29,1,316,59,62,179,8,3,6
USER009,2025-09-12,6.91,19.7,18.5,4,92.8,1.02,6.37,5,318,95,87,162,19,6,5
USER009,2025-09-13,7.63,23.1,27.6,2,93.6,1.8,5.57,3,360,81,95,99,21,4,4
USER009,2025-09-14,8.44,40.7,24.0,3,95.8,2.53,3.03,2,273,65,64,48,34,4,5
USER009,2025-09-15,9.94,28.3,26.4,0,98.6,1.34,3.11,0,333,53,65,137,18,6,6
USER009,2025-09-16,5.07,29.9,27.0,2,91.7,0.92,4.6,4,251,66,91,263,4,4,3
USER009,2025-09-17,5.61,35.7,24.7,4,94.9,0.92,4.27,1,200,59,78,22,1,3,5
USER009,2025-09-18,7.13,26.6,24.3,0,95.5,1.19,7.53,4,264,66,70,159,30,7,8
USER009,2025-09-19,7.44,25.1,32.2,1,94.0,0.97,8.07,4,310,95,62,204,29,4,5
USER009,2025-09-20,6.99,34.9,26.6,4,93.3,2.95,5.96,7,300,63,100,24,29,2,4
USER009,2025-09-21,7.02,18.7,27.5,1,97.2,1.85,4.9,3,299,87,84,60,8,6,5
USER009,2025-09-22,7.29,27.8,29.9,0,96.2,1.44,5.19,5,262,77,75,28,4,8,7
USER009,2025-09-23,6.65,24.8,28.9,2,97.0,0.58,8.96,4,286,91,89,55,28,3,7
USER009,2025-09-24,7.33,24.2,25.5,0,98.5,1.16,8.24,3,270,80,100,120,74,5,4
USER009,2025-09-25,6.4,17.9,31.4,1,87.8,1.14,6.38,3,249,90,98,55,8,4,2
USER009,2025-09-26,6.14,18.8,40.5,4,96.8,0.98,6.16,6,225,94,99,12,14,4,4
USER009,2025-09-27,7.74,23.5,22.1,2,91.1,1.39,4.3,6,323,65,75,126,44,5,6
USER009,2025-09-28,8.44,30.4,35.8,2,85.0,1.65,2.66,3,324,56,74,230,7,6,4
USER009,2025-09-29,7.39,18.4,34.4,3,97.5,0.97,3.21,4,237,69,80,136,9,6,7
USER009,2025-09-30,5.52,34.9,27.6,2,96.5,0.64,2.59,3,349,73,72,100,8,4,6
USER009,2025-10-01,6.67,21.6,25.7,1,93.5,1.46,6.5,3,237,89,99,81,2,2,6
USER009,2025-10-02,6.73,28.7,22.1,1,98.3,1.37,5.85,5,212,77,100,193,4,4,5
USER009,2025-10-03,4.45,14.4,23.6,3,90.3,1.44,4.98,3,353,68,65,115,8,5,7
USER009,2025-10-04,7.78,21.9,26.4,1,99.0,2.32,3.75,4,318,86,93,33,4,5,4
USER009,2025-10-05,7.68,30.9,24.8,2,91.6,2.99,5.7,2,311,96,60,70,14,6,5
USER009,2025-10-06,7.24,34.3,21.8,0,95.0,0.97,5.74,5,320,73,65,43,8,4,7
USER009,2025-10-07,4.59,35.4,15.3,2,94.7,0.58,4.86,2,346,78,67,103,31,5,7
USER009,2025-10-08,6.29,31.2,23.5,1,94.7,0.77,5.44,8,356,100,80,99,3,4,7
USER009,2025-10-09,6.83,20.7,27.5,2,96.0,0.81,6.97,4,269,99,74,75,2,4,6
USER009,2025-10-10,4.0,26.6,26.3,2,93.0,0.99,5.94,0,341,82,60,79,36,2,8
USER009,2025-10-11,6.18,21.1,29.4,6,97.1,2.4,9.05,3,201,67,76,137,27,3,6
USER009,2025-10-12,5.02,27.3,21.4,1,91.5,2.3,5.79,3,238,67,73,107,0,4,5
USER009,2025-10-13,6.96,28.9,32.2,1,90.5,0.57,1.89,6,248,79,93,58,20,7,5
USER009,2025-10-14,6.02,17.7,31.1,1,96.0,0.75,5.11,0,269,92,78,23,9,4,6
USER009,2025-10-15,4.48,34.3,27.4,3,95.7,0.52,4.49,0,288,64,62,75,8,4,3
USER009,2025-10-16,6.35,29.5,23.3,1,95.7,0.69,3.89,5,258,90,81,30,3,7,5
USER009,2025-10-17,5.79,36.1,21.3,5,95.4,0.6,6.47,2,200,100,93,139,4,2,6
USER009,2025-10-18,8.11,19.6,31.8,3,96.5,2.47,4.25,3,323,67,72,67,55,4,7
USER009,2025-10-19,7.29,19.9,23.0,2,98.5,1.72,7.76,5,251,82,91,33,3,2,5
USER009,2025-10-20,6.46,19.3,32.8,5,84.9,0.62,4.58,2,235,93,84,48,53,3,8
USER009,2025-10-21,6.55,22.4,25.5,1,96.4,0.74,5.82,3,247,84,85,151,10,6,5
USER009,2025-10-22,6.8,30.3,19.9,0,97.7,0.52,4.1,4,277,99,91,33,1,4,5
USER009,2025-10-23,8.24,36.3,15.7,1,97.0,1.21,7.39,4,363,87,81,46,12,2,7
USER009,2025-10-24,8.89,31.4,32.6,1,88.7,1.26,3.49,1,326,74,72,121,7,5,8
USER009,2025-10-25,6.44,16.2,23.8,2,90.4,1.4,5.38,4,233,77,74,24,10,4,5
USER009,2025-10-26,6.73,15.5,24.6,1,90.1,1.79,6.13,3,282,83,99,278,6,3,5
USER009,2025-10-27,6.19,18.1,30.9,2,90.6,0.61,5.18,6,231,88,98,155,6,1,5
USER009,2025-10-28,6.8,20.6,24.5,3,94.8,0.97,4.42,4,302,64,86,240,15,4,7
USER009,2025-10-29,6.34,16.5,29.8,2,95.7,0.57,3.76,6,340,89,76,220,14,3,6
USER009,2025-10-30,5.44,23.8,24.6,1,96.9,1.05,5.06,1,263,69,70,31,50,3,7
USER009,2025-10-31,6.87,20.7,29.3,1,99.6,0.96,7.05,0,200,97,78,220,38,3,5
USER009,2025-11-01,7.2,17.7,30.0,1,96.2,1.88,1.83,1,261,87,76,126,0,5,4
USER009,2025-11-02,7.16,32.6,21.0,0,95.7,2.51,6.36,4,311,59,68,56,28,6,8
USER009,2025-11-03,7.4,16.0,20.0,3,90.4,0.62,6.73,4,223,70,77,208,15,6,6
USER009,2025-11-04,6.46,31.8,17.4,1,89.7,1.11,3.82,4,256,91,89,24,15,3,8
USER009,2025-11-05,5.75,25.6,25.1,1,95.1,0.95,8.4,2,283,85,77,87,3,2,5
USER009,2025-11-06,5.87,24.5,36.4,1,92.5,0.86,5.13,5,232,61,76,156,21,7,6
USER010,2025-07-10,6.63,24.5,22.6,3,95.6,0.96,5.42,2,264,91,99,191,3,3,7
USER010,2025-07-11,7.11,24.6,26.4,1,97.6,1.37,4.08,3,304,92,87,154,2,5,5
USER010,2025-07-12,9.07,27.6,22.4,5,95.0,1.84,2.73,1,372,68,76,56,38,6,4
USER010,2025-07-13,7.32,21.1,25.8,3,96.2,1.99,3.63,3,274,85,87,195,22,6,6
USER010,2025-07-14,5.39,28.9,20.7,3,90.3,0.59,3.57,2,249,76,98,99,24,4,2
USER010,2025-07-15,5.56,32.2,34.6,2,95.0,0.91,4.63,4,265,88,59,9,1,4,7
USER010,2025-07-16,5.82,17.8,21.1,5,96.9,1.46,4.18,4,242,69,75,18,29,5,6
USER010,2025-07-17,5.29,18.4,26.6,4,91.4,1.12,5.84,2,277,94,65,39,34,1,7
USER010,2025-07-18,7.39,17.4,40.8,1,93.0,0.54,2.27,6,247,75,79,63,6,3,7
USER010,2025-07-19,7.64,24.9,29.7,4,85.4,2.36,6.35,4,319,79,57,165,7,5,6
USER010,2025-07-20,6.8,24.6,34.9,3,96.6,1.57,6.88,3,227,82,90,136,2,4,7
USER010,2025-07-21,7.45,18.0,24.0,1,91.9,1.03,4.38,2,287,68,84,29,29,3,8
USER010,2025-07-22,6.74,25.0,23.7,1,95.2,1.02,3.6,5,276,76,74,28,29,6,5
USER010,2025-07-23,6.48,30.7,26.1,4,98.3,1.39,2.55,2,200,88,100,139,21,3,4
USER010,2025-07-24,6.24,31.8,37.9,1,93.4,0.94,5.72,6,267,94,100,38,7,4,6
USER010,2025-07-25,5.41,26.4,22.5,5,96.9,1.37,6.67,4,322,72,79,210,5,3,6
USER010,2025-07-26,7.56,16.8,24.6,1,83.1,1.19,6.86,1,323,68,80,70,9,3,5
USER010,2025-07-27,6.43,15.8,32.3,0,90.3,2.21,3.85,11,265,91,89,23,24,6,5
USER010,2025-07-28,5.54,20.5,23.2,1,98.8,0.81,5.15,1,226,86,83,117,45,6,7
USER010,2025-07-29,6.89,29.0,31.0,2,98.5,1.15,3.37,6,296,73,89,61,12,4,6
USER010,2025-07-30,6.67,32.2,25.4,0,89.3,0.94,3.28,4,246,100,69,25,5,6,6
USER010,2025-07-31,7.04,19.0,33.1,1,95.4,1.32,2.87,3,289,91,74,116,9,5,5
USER010,2025-08-01,5.92,36.4,32.7,1,91.5,1.03,5.84,2,278,90,100,102,19,3,4
USER010,2025-08-02,7.57,23.0,26.9,2,94.4,1.08,5.65,3,340,83,78,80,0,3,6
USER010,2025-08-03,5.99,28.8,22.3,1,95.0,1.95,5.42,5,294,100,73,86,3,3,7
USER010,2025-08-04,4.36,36.3,26.3,2,93.3,0.94,6.68,3,254,60,63,87,2,6,5
USER010,2025-08-05,6.56,15.9,31.5,2,84.8,0.81,4.91,2,313,95,86,85,0,3,6
USER010,2025-08-06,6.75,20.5,21.3,5,97.4,1.25,8.51,5,200,96,75,64,20,3,8
USER010,2025-08-07,5.3,23.5,16.7,4,93.3,0.64,5.13,2,331,87,62,346,0,5,3
USER010,2025-08-08,6.04,36.3,18.5,1,88.8,0.69,5.9,3,282,88,83,284,16,4,7
USER010,2025-08-09,5.57,40.2,31.5,2,92.2,2.52,5.99,2,308,79,70,102,3,3,6
USER010,2025-08-10,8.16,30.4,24.8,2,92.4,2.61,5.57,3,363,65,61,96,22,4,8
USER010,2025-08-11,5.3,36.2,34.2,1,98.1,1.0,5.65,1,265,100,88,35,23,5,6
USER010,2025-08-12,5.41,37.4,29.4,3,96.5,0.95,4.47,4,280,68,82,131,10,1,6
USER010,2025-08-13,6.06,20.5,20.8,1,91.8,1.31,4.43,7,318,85,89,87,33,4,6
USER010,2025-08-14,5.04,18.7,20.1,1,88.8,1.48,3.74,1,385,71,63,99,25,3,3
USER010,2025-08-15,6.56,27.1,25.1,1,95.8,1.17,3.84,4,313,93,100,244,4,2,5
USER010,2025-08-16,7.39,24.1,36.9,2,94.8,1.26,2.27,4,200,86,80,45,6,5,7
USER010,2025-08-17,7.7,25.1,22.9,0,89.1,1.19,3.94,0,357,70,80,37,8,3,5
USER010,2025-08-18,6.64,29.5,34.0,1,96.7,0.6,6.6,3,233,98,64,120,120,2,2
USER010,2025-08-19,6.87,35.3,28.2,2,93.0,1.11,6.19,2,200,92,77,12,0,4,8
USER010,2025-08-20,4.91,21.8,38.7,1,96.9,1.36,6.43,2,269,78,90,76,2,3,4
USER010,2025-08-21,4.48,26.0,37.6,4,93.1,1.11,3.59,0,236,67,69,306,17,6,5
USER010,2025-08-22,6.6,21.2,26.3,2,95.3,0.62,6.41,3,238,73,96,58,31,5,7
USER010,2025-08-23,6.65,14.3,28.5,2,91.7,2.38,9.34,8,267,84,93,75,11,3,5
USER010,2025-08-24,6.96,24.5,35.0,2,97.9,1.59,4.57,2,311,94,93,212,3,2,7
USER010,2025-08-25,5.67,31.2,32.6,1,99.0,0.51,6.06,3,334,82,78,22,0,2,6
USER010,2025-08-26,4.49,25.5,26.0,1,93.8,1.33,3.56,1,356,78,64,29,25,2,4
USER010,2025-08-27,6.11,23.4,26.2,4,89.5,1.23,5.47,1,286,87,72,33,1,2,7
USER010,2025-08-28,6.09,20.1,29.9,0,94.7,1.44,5.26,5,278,73,88,56,5,7,5
USER010,2025-08-29,5.78,25.0,18.3,2,88.5,0.72,6.03,5,257,100,90,164,6,3,6
USER010,2025-08-30,7.42,22.5,21.5,2,96.7,1.0,3.6,2,317,88,87,160,9,5,4
USER010,2025-08-31,6.82,28.0,22.9,0,96.4,1.04,8.19,8,233,73,93,117,0,4,7
USER010,2025-09-01,4.28,23.5,35.5,1,94.8,0.89,4.46,0,282,79,80,107,90,3,3
USER010,2025-09-02,6.67,21.9,30.6,2,98.2,1.27,7.02,4,269,90,95,80,22,3,6
USER010,2025-09-03,6.44,17.4,39.4,2,86.7,1.39,3.63,7,298,98,96,103,9,4,8
USER010,2025-09-04,6.46,12.4,25.0,2,99.8,0.98,7.28,5,277,95,87,68,4,4,8
USER010,2025-09-05,7.42,20.2,30.8,4,92.1,1.17,3.24,4,335,71,88,82,4,3,5
USER010,2025-09-06,8.34,21.3,17.9,1,90.9,2.7,3.21,2,398,70,85,23,2,4,6
USER010,2025-09-07,6.85,23.6,35.9,2,95.7,2.83,5.56,5,287,75,69,101,16,5,6
USER010,2025-09-08,8.16,19.2,29.9,1,93.7,0.81,4.97,2,308,62,66,157,29,6,3
USER010,2025-09-09,7.88,33.8,28.0,2,93.1,1.26,2.03,3,356,80,100,65,1,4,7
USER010,2025-09-10,6.74,28.2,33.3,3,96.4,0.91,4.12,4,240,92,89,41,0,2,3
USER010,2025-09-11,5.94,25.0,29.9,1,96.4,1.32,6.78,2,221,95,69,75,8,7,5
USER010,2025-09-12,5.45,25.8,27.2,2,98.4,0.66,8.13,6,296,76,82,172,14,4,5
USER010,2025-09-13,6.88,23.1,21.4,3,84.3,1.03,6.36,4,296,86,51,68,10,5,8
USER010,2025-09-14,6.52,34.4,34.8,0,94.8,1.19,7.85,1,251,100,98,185,68,4,6
USER010,2025-09-15,4.84,21.7,26.6,1,94.9,0.72,6.0,2,302,84,76,103,13,3,6
USER010,2025-09-16,7.72,26.0,17.5,0,93.2,1.36,6.22,2,276,72,64,171,49,6,6
USER010,2025-09-17,7.23,24.2,31.2,1,93.1,0.97,3.59,2,301,86,80,86,33,5,3
USER010,2025-09-18,4.62,17.5,32.0,1,99.1,1.06,4.39,1,241,60,80,124,21,7,6
USER010,2025-09-19,7.01,27.5,23.5,2,97.0,0.71,5.47,2,261,92,84,169,44,2,8
USER010,2025-09-20,7.65,19.0,31.5,1,95.7,1.17,4.38,2,378,86,88,322,36,2,3
USER010,2025-09-21,5.86,20.7,29.5,4,93.1,2.3,4.26,4,232,87,85,75,84,4,7
USER010,2025-09-22,7.53,33.7,25.3,0,90.3,0.69,4.26,0,315,70,72,135,1,5,6
USER010,2025-09-23,7.27,26.4,35.5,2,94.2,0.85,5.17,6,302,64,77,61,19,4,5
USER010,2025-09-24,5.45,27.8,18.1,3,97.9,0.73,5.99,2,248,88,60,114,1,3,4
USER010,2025-09-25,7.05,20.1,24.0,3,98.1,0.54,8.85,8,227,81,79,45,22,4,6
USER010,2025-09-26,7.33,24.5,31.9,3,99.3,1.34,6.09,7,217,64,62,127,14,5,6
USER010,2025-09-27,8.08,26.0,35.6,3,97.2,2.58,4.8,2,326,79,94,22,84,4,4
USER010,2025-09-28,6.73,25.0,22.8,5,93.8,2.99,5.71,1,260,85,85,58,40,3,7
USER010,2025-09-29,5.56,14.8,30.7,1,85.3,1.26,4.05,2,256,85,58,256,30,4,7
USER010,2025-09-30,7.04,24.7,28.4,3,97.4,0.83,7.55,5,264,75,86,65,21,3,5
USER010,2025-10-01,5.54,26.9,25.8,1,94.3,1.3,3.12,7,328,71,90,243,19,1,5
USER010,2025-10-02,5.02,20.8,32.9,2,96.5,0.77,6.52,2,251,66,68,92,1,6,6
USER010,2025-10-03,6.47,25.5,31.6,1,94.6,0.71,6.61,6,250,66,84,114,9,4,6
USER010,2025-10-04,6.31,25.1,27.0,3,92.6,2.08,2.41,6,200,86,75,189,12,7,5
USER010,2025-10-05,6.64,14.2,31.9,1,93.3,2.83,4.76,2,286,87,95,111,1,4,7
USER010,2025-10-06,5.27,23.5,37.1,1,93.4,1.31,4.09,0,276,72,89,2,1,3,7
USER010,2025-10-07,4.33,23.7,19.7,1,89.4,0.61,4.85,1,318,82,69,201,9,2,3
USER010,2025-10-08,6.72,34.3,27.7,1,93.3,1.42,5.02,4,252,76,100,58,1,3,5
USER010,2025-10-09,5.27,22.9,21.8,3,83.8,1.35,4.72,1,296,60,65,42,1,1,5
USER010,2025-10-10,4.1,22.4,28.7,2,92.2,1.13,4.23,0,375,73,71,16,41,3,7
USER010,2025-10-11,5.63,28.9,31.1,2,93.7,2.59,4.83,0,200,77,97,56,5,6,7
USER010,2025-10-12,6.4,14.7,16.2,1,86.9,1.97,4.51,9,236,71,75,48,8,5,6
USER010,2025-10-13,7.0,24.1,33.2,2,94.0,1.41,4.83,4,234,82,70,23,74,4,3
USER010,2025-10-14,7.52,21.8,16.5,1,89.2,1.34,3.95,3,279,70,96,68,15,2,5
USER010,2025-10-15,4.79,30.8,23.4,2,97.4,1.26,5.55,1,390,64,80,35,34,4,5
USER010,2025-10-16,5.19,21.2,31.1,3,90.1,1.46,6.02,1,288,81,75,72,8,5,6
USER010,2025-10-17,5.87,33.3,22.3,3,93.8,0.59,5.41,2,331,89,76,78,50,5,4
USER010,2025-10-18,8.35,21.9,18.7,0,99.9,2.24,3.77,1,284,72,78,33,4,4,7
USER010,2025-10-19,6.96,19.8,31.8,3,96.0,2.48,8.54,2,372,97,81,62,10,6,6
USER010,2025-10-20,5.53,24.3,24.3,1,93.9,0.55,5.96,2,358,81,80,133,20,6,5
USER010,2025-10-21,4.35,18.9,30.3,0,94.7,1.16,4.17,0,338,52,74,46,69,3,2
USER010,2025-10-22,5.27,17.5,26.7,0,96.5,0.87,7.52,2,275,69,66,103,12,5,8
USER010,2025-10-23,7.45,33.6,38.4,3,93.9,0.71,3.11,1,307,61,58,143,22,2,7
USER010,2025-10-24,7.47,32.9,16.3,0,94.2,0.72,7.55,3,322,70,88,184,29,2,4
USER010,2025-10-25,8.65,35.8,25.5,1,95.9,2.63,1.83,0,344,80,51,151,2,3,6
USER010,2025-10-26,7.04,18.4,33.8,2,95.0,1.76,6.82,3,235,72,94,32,35,3,4
USER010,2025-10-27,5.62,20.8,34.0,1,96.4,1.19,4.79,3,297,86,83,117,37,6,4
USER010,2025-10-28,5.93,20.9,29.5,3,98.5,0.97,6.44,7,200,100,77,241,0,3,4
USER010,2025-10-29,5.53,11.1,29.5,2,91.3,0.76,4.83,1,382,86,87,9,5,3,6
USER010,2025-10-30,7.02,20.2,28.7,1,99.0,0.59,3.36,7,288,89,90,37,18,3,7
USER010,2025-10-31,7.81,22.4,16.0,2,95.0,0.66,2.88,3,211,69,70,27,20,4,6
USER010,2025-11-01,7.0,19.7,23.0,4,95.9,2.53,9.63,2,297,89,100,86,13,3,7
USER010,2025-11-02,5.59,23.5,29.3,1,89.9,1.98,3.85,4,373,78,73,294,20,2,6
USER010,2025-11-03,5.66,32.3,30.0,2,95.0,0.72,6.55,4,308,91,84,18,4,5,5
USER010,2025-11-04,5.62,29.7,25.4,1,91.7,1.38,3.29,3,200,88,79,224,47,5,5
USER010,2025-11-05,5.86,28.0,19.7,1,93.1,0.98,5.56,4,262,81,59,110,9,6,7
USER010,2025-11-06,4.5,28.9,32.0,3,92.6,1.3,4.01,0,448,68,65,43,16,6,7
USER011,2025-07-10,6.77,18.2,37.9,1,98.9,23.31,5.68,3,231,89,79,77,14,4,5
USER011,2025-07-11,9.31,26.4,27.7,4,93.6,23.22,7.62,5,289,93,81,273,12,4,2
USER011,2025-07-12,8.55,17.5,26.8,1,87.7,24.91,7.04,2,285,64,93,134,6,2,4
USER011,2025-07-13,7.85,27.7,21.4,2,97.0,24.06,2.32,1,250,100,83,167,13,1,4
USER011,2025-07-14,9.19,26.4,16.2,2,94.0,23.31,8.41,2,248,81,83,12,1,5,9
USER011,2025-07-15,7.91,20.0,24.8,2,94.1,23.67,6.29,5,254,88,83,101,106,5,8
USER011,2025-07-16,6.62,21.3,19.4,1,91.9,23.38,7.37,2,262,68,91,139,1,5,3
USER011,2025-07-17,8.7,21.4,30.3,1,93.6,23.66,5.74,1,200,81,76,24,2,2,6
USER011,2025-07-18,7.98,18.0,32.2,1,89.6,23.97,3.07,7,310,83,88,88,39,4,2
USER011,2025-07-19,7.27,25.7,29.1,1,95.9,24.7,3.44,2,225,93,96,200,7,5,6
USER011,2025-07-20,9.26,16.6,30.4,3,91.1,23.75,4.73,2,217,66,81,64,17,5,8
USER011,2025-07-21,7.09,25.0,33.5,2,92.2,23.73,6.63,1,316,77,85,150,20,6,3
USER011,2025-07-22,7.5,23.2,35.3,0,92.7,23.72,1.85,7,320,80,65,62,85,6,8
USER011,2025-07-23,6.84,28.4,28.9,3,94.6,23.03,3.26,4,339,81,63,304,12,5,3
USER011,2025-07-24,8.36,20.0,25.4,2,83.1,23.52,4.37,2,301,93,69,22,15,2,4
USER011,2025-07-25,8.22,24.3,20.1,0,82.3,23.66,4.98,5,294,93,81,226,11,3,6
USER011,2025-07-26,8.02,21.8,23.8,6,97.7,23.82,5.36,3,349,91,88,26,10,7,8
USER011,2025-07-27,7.76,13.2,35.1,1,99.7,24.31,5.01,5,200,90,74,137,3,4,5
USER011,2025-07-28,6.08,26.3,30.8,2,94.9,23.65,5.51,1,309,69,61,153,6,4,3
USER011,2025-07-29,8.05,21.8,27.9,1,97.9,23.82,5.64,6,284,85,100,137,14,3,8
USER011,2025-07-30,6.32,12.0,38.0,3,98.2,23.27,5.38,4,253,79,79,162,22,5,6
USER011,2025-07-31,8.56,21.9,25.7,0,95.2,23.31,5.97,4,369,67,82,102,2,2,4
USER011,2025-08-01,7.54,22.7,30.0,0,94.0,23.04,9.92,5,200,82,94,41,0,4,5
USER011,2025-08-02,9.39,22.2,28.2,3,88.2,24.76,7.08,0,299,97,51,73,10,4,8
USER011,2025-08-03,8.99,36.6,23.2,4,95.7,23.6,3.65,2,368,91,69,59,1,3,4
USER011,2025-08-04,8.79,19.8,31.1,1,96.8,23.78,3.85,2,233,91,76,53,31,2,4
USER011,2025-08-05,8.93,35.3,21.7,1,95.0,23.71,7.85,6,275,69,77,17,35,4,6
USER011,2025-08-06,8.03,34.7,30.2,6,92.4,23.08,5.4,3,282,77,77,53,13,5,7
USER011,2025-08-07,6.52,25.6,30.5,3,89.8,23.59,5.56,3,318,74,89,308,6,3,7
USER011,2025-08-08,5.99,24.3,32.3,2,97.6,23.37,5.71,2,281,75,61,81,34,5,8
USER011,2025-08-09,7.65,34.5,24.6,2,95.3,24.6,7.27,3,328,99,88,256,12,5,6
USER011,2025-08-10,9.92,24.1,15.3,0,94.4,24.67,6.42,5,343,69,72,126,33,6,7
USER011,2025-08-11,7.32,23.2,23.0,4,97.8,23.33,4.27,3,274,98,97,62,9,4,6
USER011,2025-08-12,9.05,23.6,35.5,4,87.3,23.82,5.95,3,273,76,73,82,20,5,5
USER011,2025-08-13,5.15,25.4,32.6,0,89.5,23.54,5.6,1,416,78,55,51,3,3,4
USER011,2025-08-14,6.78,13.3,19.5,3,95.2,23.75,6.1,4,326,77,57,170,17,3,5
USER011,2025-08-15,8.23,36.2,22.2,3,98.6,23.04,5.37,3,202,71,79,378,10,4,6
USER011,2025-08-16,5.9,26.3,21.6,3,93.6,24.99,2.42,2,320,50,71,126,37,5,6
USER011,2025-08-17,9.95,17.1,27.4,1,85.5,23.75,5.36,1,330,69,66,171,0,2,2
USER011,2025-08-18,6.85,26.8,32.3,2,95.2,23.61,3.88,2,322,81,39,182,4,5,6
USER011,2025-08-19,7.26,37.7,27.1,1,99.3,23.5,7.37,3,270,95,97,129,5,4,7
USER011,2025-08-20,7.17,19.7,25.6,0,93.6,23.24,6.86,4,349,81,92,104,20,4,5
USER011,2025-08-21,6.26,19.2,24.8,4,91.0,23.03,4.34,1,407,71,66,25,12,5,5
USER011,2025-08-22,7.89,15.2,23.3,3,95.2,23.93,7.01,6,200,78,87,31,8,3,6
USER011,2025-08-23,8.94,35.4,36.7,1,98.0,24.9,2.93,10,297,79,53,67,5,3,4
USER011,2025-08-24,9.22,19.1,25.1,1,88.0,25.07,7.8,0,278,75,74,36,1,6,5
USER011,2025-08-25,7.36,13.3,26.7,1,96.8,23.25,5.81,5,293,80,82,32,51,4,4
USER011,2025-08-26,7.7,23.3,19.8,0,96.9,23.33,4.88,8,302,92,97,78,7,4,5
USER011,2025-08-27,6.4,23.7,32.3,1,94.0,23.69,6.05,2,300,85,86,52,19,5,8
USER011,2025-08-28,7.93,33.5,19.0,4,93.9,23.22,8.05,3,293,89,98,42,4,4,7
USER011,2025-08-29,7.69,12.5,28.3,2,88.9,23.74,5.73,1,273,90,79,75,0,4,7
USER011,2025-08-30,9.02,25.0,25.4,1,93.4,25.4,6.92,4,352,77,63,85,6,3,4
USER011,2025-08-31,8.58,29.5,21.6,1,87.7,23.63,5.94,4,280,80,73,76,47,3,6
USER011,2025-09-01,7.17,35.3,22.2,2,94.9,23.07,7.13,2,313,59,77,64,14,1,4
USER011,2025-09-02,7.53,24.2,29.0,5,95.5,23.91,4.01,6,283,100,84,191,34,3,8
USER011,2025-09-03,8.74,11.7,33.6,2,94.2,23.22,3.84,1,244,88,96,26,15,2,5
USER011,2025-09-04,6.8,31.5,30.5,2,95.4,23.8,4.92,2,308,69,76,211,5,3,7
USER011,2025-09-05,7.21,21.5,24.7,1,98.1,23.83,6.48,4,206,63,78,130,31,3,5
USER011,2025-09-06,8.57,24.4,33.7,1,85.3,24.13,4.29,1,269,77,86,21,8,4,3
USER011,2025-09-07,8.51,26.8,27.0,1,90.1,25.46,4.02,4,200,88,82,210,5,4,6
USER011,2025-09-08,7.21,25.3,27.1,2,95.6,23.86,5.66,3,292,87,87,150,2,4,8
USER011,2025-09-09,9.12,16.4,31.8,1,92.0,23.86,2.95,3,292,66,83,254,6,5,5
USER011,2025-09-10,5.97,24.2,30.6,2,95.3,23.62,4.43,0,292,63,74,135,16,5,3
USER011,2025-09-11,8.11,27.4,33.5,2,98.0,23.14,4.64,9,320,74,98,103,18,1,6
USER011,2025-09-12,9.31,25.4,36.1,3,92.3,23.74,6.26,2,281,67,90,49,9,4,6
USER011,2025-09-13,9.06,13.4,24.7,2,96.0,24.41,3.96,0,220,70,77,72,40,3,8
USER011,2025-09-14,8.53,22.8,25.2,1,92.6,24.7,4.39,4,321,78,87,123,2,3,5
USER011,2025-09-15,6.71,14.3,31.5,2,91.2,23.76,3.53,2,239,70,95,50,3,4,6
USER011,2025-09-16,8.21,19.1,22.7,2,96.1,23.46,5.99,1,387,100,86,123,8,3,3
USER011,2025-09-17,6.99,13.3,21.4,3,99.7,23.64,6.37,2,350,93,83,142,27,2,7
USER011,2025-09-18,6.23,27.7,32.7,4,93.4,23.77,3.55,1,276,80,69,414,5,3,5
USER011,2025-09-19,8.27,30.9,22.5,3,95.5,23.98,7.31,2,279,93,68,167,66,1,8
USER011,2025-09-20,9.42,28.0,17.0,3,95.2,23.69,3.71,3,283,84,66,110,8,2,6
USER011,2025-09-21,7.72,34.7,34.0,3,90.4,23.91,3.86,4,209,73,91,180,5,6,5
USER011,2025-09-22,8.45,21.1,26.8,2,82.9,23.71,8.28,6,240,60,86,73,15,4,7
USER011,2025-09-23,5.98,26.0,26.9,0,92.8,23.79,5.53,3,404,75,94,38,22,3,6
USER011,2025-09-24,7.29,23.9,21.3,2,80.3,23.77,5.4,2,242,75,90,85,21,5,6
USER011,2025-09-25,7.91,33.8,27.4,1,95.9,23.32,7.0,5,235,100,96,260,31,4,4
USER011,2025-09-26,8.34,21.6,24.3,2,94.7,23.05,4.82,3,200,77,75,58,44,5,5
USER011,2025-09-27,9.95,24.5,31.7,1,97.2,25.08,5.86,2,305,79,90,24,14,2,4
USER011,2025-09-28,6.0,31.5,25.3,3,96.2,24.2,5.42,1,370,78,68,8,1,3,4
USER011,2025-09-29,6.63,24.1,18.7,3,94.8,23.22,6.72,3,320,70,72,88,11,2,8
USER011,2025-09-30,7.47,18.5,20.1,4,94.0,23.1,5.13,5,212,79,99,134,39,2,7
USER011,2025-10-01,9.59,38.1,32.3,1,93.8,23.45,7.29,0,414,76,74,200,26,1,4
USER011,2025-10-02,6.96,17.2,13.3,0,89.6,23.24,3.7,7,291,72,93,26,12,6,7
USER011,2025-10-03,7.22,17.1,19.5,2,99.0,23.65,5.15,1,221,92,86,81,24,2,8
USER011,2025-10-04,9.17,37.8,20.8,1,93.8,25.07,4.44,0,208,69,80,108,17,2,5
USER011,2025-10-05,7.9,16.7,23.4,1,84.0,24.72,6.85,5,266,99,55,64,16,6,6
USER011,2025-10-06,8.5,20.9,19.9,2,95.5,23.78,5.64,2,393,74,93,63,40,7,7
USER011,2025-10-07,7.86,17.1,26.5,0,97.3,23.44,6.94,5,281,92,63,90,10,1,7
USER011,2025-10-08,6.1,25.2,25.4,3,98.2,23.32,7.27,1,299,84,78,269,14,2,5
USER011,2025-10-09,7.9,13.7,28.3,4,90.5,23.5,5.06,9,265,100,92,35,28,3,6
USER011,2025-10-10,7.28,28.6,23.5,3,98.6,23.6,5.69,2,318,74,86,18,13,4,8
USER011,2025-10-11,6.69,27.5,29.6,0,96.9,24.45,7.03,3,336,69,84,23,25,4,8
USER011,2025-10-12,8.58,15.3,35.4,3,92.1,25.08,4.64,3,279,88,99,51,2,1,6
USER011,2025-10-13,8.96,23.2,19.1,0,98.0,23.2,6.37,2,336,68,73,73,120,3,6
USER011,2025-10-14,7.32,26.5,29.0,1,97.7,23.0,4.34,4,327,88,100,84,24,6,8
USER011,2025-10-15,5.25,15.1,28.8,2,93.6,23.59,6.97,0,422,72,72,184,15,4,5
USER011,2025-10-16,6.56,37.5,32.5,2,82.4,23.43,6.5,2,249,70,66,130,9,3,4
USER011,2025-10-17,6.78,25.0,31.0,4,93.5,23.65,4.83,4,341,70,73,70,10,3,4
USER011,2025-10-18,9.16,24.4,34.4,0,92.3,25.19,5.73,2,219,69,79,78,10,6,5
USER011,2025-10-19,7.09,27.7,26.1,1,98.9,24.23,6.66,6,345,69,76,188,8,3,5
USER011,2025-10-20,7.12,22.6,28.3,3,99.1,23.83,4.82,6,244,84,86,40,3,2,7
USER011,2025-10-21,7.34,31.1,33.8,0,99.3,23.22,5.94,5,295,80,93,75,11,1,4
USER011,2025-10-22,7.89,17.0,27.5,3,91.0,23.24,4.05,5,305,95,89,156,5,4,5
USER011,2025-10-23,6.5,23.5,23.1,2,95.2,23.19,4.61,3,371,90,90,21,24,4,6
USER011,2025-10-24,8.75,22.1,32.7,3,93.9,23.01,3.79,4,300,71,89,91,36,1,8
USER011,2025-10-25,8.5,25.9,30.7,2,89.2,23.88,4.67,2,216,92,66,88,33,5,6
USER011,2025-10-26,9.75,27.9,38.4,2,96.8,25.49,4.33,1,332,82,75,56,36,3,5
USER011,2025-10-27,8.97,22.5,24.8,4,90.8,23.79,1.64,2,288,82,70,92,0,5,6
USER011,2025-10-28,7.54,33.6,27.0,4,93.7,23.97,5.6,1,230,81,89,232,28,2,5
USER011,2025-10-29,8.47,15.9,18.3,0,92.1,23.88,6.46,3,287,67,75,199,17,2,5
USER011,2025-10-30,6.6,38.0,22.5,3,89.7,23.81,4.78,4,312,85,84,150,20,4,5
USER011,2025-10-31,8.35,19.9,35.7,2,95.9,23.85,3.43,12,277,88,76,181,35,4,7
USER011,2025-11-01,8.9,19.3,22.1,1,99.3,24.13,6.11,3,329,73,89,125,69,3,5
USER011,2025-11-02,10.04,22.7,15.0,2,98.0,24.79,3.65,1,378,62,81,23,0,1,5
USER011,2025-11-03,6.63,25.5,17.2,0,98.2,23.26,7.6,4,359,70,69,89,10,2,5
USER011,2025-11-04,8.3,33.8,34.4,5,91.2,23.87,4.13,5,291,94,100,147,16,3,7
USER011,2025-11-05,7.04,26.2,16.6,1,96.1,23.26,7.01,0,257,75,77,49,28,3,6
USER011,2025-11-06,9.3,22.2,25.1,1,94.6,23.3,4.85,5,313,78,75,107,2,3,3
USER012,2025-07-10,6.11,21.5,24.8,1,93.6,1.36,5.12,1,330,85,89,89,39,4,5
USER012,2025-07-11,8.65,36.7,38.2,1,99.5,1.03,6.48,4,258,92,72,11,4,3,5
USER012,2025-07-12,7.0,23.8,21.1,1,88.9,2.0,7.47,3,285,88,81,112,31,2,6
USER012,2025-07-13,10.18,21.1,34.7,2,94.2,2.05,6.39,2,370,78,63,56,3,6,5
USER012,2025-07-14,7.14,29.7,35.0,1,90.8,0.97,6.8,3,312,86,77,178,22,2,5
USER012,2025-07-15,6.91,29.7,23.4,2,96.4,1.3,5.12,2,261,80,55,45,2,1,7
USER012,2025-07-16,6.77,18.2,32.5,4,94.7,0.86,5.11,4,322,77,91,21,19,2,6
USER012,2025-07-17,8.7,20.7,29.0,4,90.8,0.82,6.96,3,372,75,66,219,0,2,4
USER012,2025-07-18,7.71,22.2,23.8,3,97.5,1.32,6.09,2,313,79,88,493,2,5,6
USER012,2025-07-19,7.75,33.7,35.0,2,94.7,1.64,5.28,3,289,77,90,56,18,4,6
USER012,2025-07-20,10.63,22.7,37.3,2,92.3,1.38,2.95,0,378,61,62,20,35,2,4
USER012,2025-07-21,6.07,20.2,21.7,1,97.2,0.88,5.02,4,298,72,88,64,47,3,7
USER012,2025-07-22,6.96,43.1,29.9,3,93.5,0.99,6.82,3,236,81,78,143,5,4,4
USER012,2025-07-23,8.59,17.6,26.0,1,95.9,1.18,3.84,4,318,78,38,12,26,3,5
USER012,2025-07-24,9.1,35.8,20.2,2,96.8,0.89,4.42,4,371,82,77,71,1,2,5
USER012,2025-07-25,7.0,34.4,40.2,2,93.1,1.08,8.0,4,287,72,93,89,29,4,7
USER012,2025-07-26,9.2,22.0,21.8,3,89.0,2.78,4.68,1,255,56,94,62,8,4,5
USER012,2025-07-27,7.13,19.9,29.2,5,96.6,1.2,6.33,0,265,98,85,43,0,4,5
USER012,2025-07-28,8.67,29.6,33.8,2,97.4,0.87,6.9,3,349,72,97,22,4,3,5
USER012,2025-07-29,7.0,26.4,31.8,1,97.5,0.79,4.01,7,200,100,80,112,19,5,4
USER012,2025-07-30,7.61,30.2,33.5,2,98.5,1.32,5.14,6,232,80,86,139,18,3,8
USER012,2025-07-31,7.74,31.5,28.7,3,94.1,0.6,8.51,3,322,95,83,263,80,3,6
USER012,2025-08-01,8.96,17.1,31.1,3,96.9,0.78,4.79,3,233,74,79,84,44,4,6
USER012,2025-08-02,7.93,16.5,34.7,3,99.2,1.1,4.96,6,240,85,86,130,3,5,5
USER012,2025-08-03,8.72,23.1,33.3,2,86.2,2.66,5.58,4,249,65,60,135,76,5,8
USER012,2025-08-04,8.83,36.0,29.2,1,97.8,0.76,3.93,5,277,73,69,148,10,5,7
USER012,2025-08-05,7.37,42.9,16.5,3,96.0,1.5,6.33,2,251,88,72,122,15,4,4
USER012,2025-08-06,7.29,26.6,34.5,2,98.0,1.34,6.36,3,303,80,92,183,42,1,7
USER012,2025-08-07,9.1,25.2,37.6,0,90.2,0.89,4.4,4,200,54,64,30,0,4,5
USER012,2025-08-08,6.4,34.9,26.3,3,86.3,1.16,2.98,4,226,64,62,31,8,5,5
USER012,2025-08-09,8.62,26.4,22.5,4,92.5,2.79,5.57,2,234,84,100,54,5,4,7
USER012,2025-08-10,8.74,23.2,25.6,1,88.9,1.46,4.57,2,252,80,86,246,9,4,8
USER012,2025-08-11,7.79,18.3,38.7,1,94.7,1.25,7.19,6,299,84,100,224,6,3,8
USER012,2025-08-12,8.71,25.8,40.0,2,88.4,1.11,5.35,2,203,67,65,198,78,4,6
USER012,2025-08-13,8.6,33.0,29.2,1,88.8,1.22,7.38,0,244,95,81,91,21,5,6
USER012,2025-08-14,8.72,17.7,18.2,0,96.6,1.34,4.76,4,249,70,71,66,10,5,5
USER012,2025-08-15,8.39,22.7,26.5,3,96.5,1.26,4.86,1,230,77,93,30,8,3,6
USER012,2025-08-16,8.67,24.8,15.2,4,89.0,1.44,7.93,3,305,82,96,89,16,2,6
USER012,2025-08-17,7.74,24.8,33.2,2,94.5,2.54,7.69,1,205,92,72,94,0,5,6
USER012,2025-08-18,8.88,27.4,18.0,1,86.3,0.77,4.26,0,279,64,87,66,19,3,5
USER012,2025-08-19,8.43,30.0,33.7,2,89.3,1.11,8.08,4,273,86,89,50,57,3,4
USER012,2025-08-20,8.58,29.8,34.6,2,98.3,0.91,5.44,4,301,80,83,144,48,5,6
USER012,2025-08-21,6.27,26.6,36.7,3,89.2,0.73,4.94,1,308,68,74,102,88,4,6
USER012,2025-08-22,8.47,27.2,33.3,2,97.1,0.76,6.66,3,220,68,73,48,7,4,6
USER012,2025-08-23,8.23,20.9,26.5,1,89.2,2.97,5.86,2,294,84,93,182,7,4,4
USER012,2025-08-24,8.38,28.9,36.7,2,94.6,2.78,4.6,2,279,80,63,254,14,3,4
USER012,2025-08-25,7.28,16.2,28.8,1,93.0,0.63,6.73,1,241,94,85,146,22,3,6
USER012,2025-08-26,6.57,20.1,27.9,3,87.6,1.33,6.21,3,263,69,56,57,1,2,8
USER012,2025-08-27,7.62,32.1,24.7,1,96.3,0.78,7.58,2,213,80,82,114,28,4,3
USER012,2025-08-28,6.38,22.7,21.4,3,90.6,1.1,3.9,1,252,87,43,121,12,4,7
USER012,2025-08-29,9.14,21.6,37.5,5,94.2,1.25,4.4,1,258,78,81,103,0,3,8
USER012,2025-08-30,6.72,16.7,31.3,2,94.6,1.61,6.08,2,353,94,75,53,32,3,8
USER012,2025-08-31,8.45,16.2,32.1,3,91.3,1.14,4.54,4,230,78,100,252,18,7,6
USER012,2025-09-01,7.5,22.3,36.6,2,98.6,0.8,8.22,2,296,61,94,169,40,4,3
USER012,2025-09-02,6.48,25.9,30.8,2,89.7,0.7,4.61,2,368,77,41,32,1,3,4
USER012,2025-09-03,6.9,31.2,28.8,2,93.1,1.15,5.78,4,283,82,67,53,22,4,8
USER012,2025-09-04,5.21,18.2,29.5,1,93.9,0.63,5.36,0,390,60,60,25,4,2,5
USER012,2025-09-05,9.3,25.5,35.2,1,94.6,0.89,4.31,3,246,76,69,316,9,8,7
USER012,2025-09-06,8.22,16.3,20.0,3,96.6,1.09,7.06,5,236,77,86,150,15,2,6
USER012,2025-09-07,8.14,20.7,19.3,1,90.7,2.07,4.07,8,240,82,76,89,19,3,7
USER012,2025-09-08,8.01,28.4,22.7,2,97.1,0.76,7.1,1,229,60,91,17,11,4,5
USER012,2025-09-09,8.28,26.2,25.5,2,95.3,0.79,4.37,8,279,87,100,103,5,3,5
USER012,2025-09-10,7.92,27.6,28.1,1,99.6,0.79,4.87,3,200,85,79,118,57,4,7
USER012,2025-09-11,7.31,18.6,24.0,3,96.4,0.92,2.42,2,213,90,100,73,4,4,7
USER012,2025-09-12,6.98,22.1,18.9,2,92.8,1.37,4.4,3,280,86,70,102,12,3,6
USER012,2025-09-13,8.19,18.2,30.5,3,92.8,1.21,8.9,2,212,83,86,148,4,4,7
USER012,2025-09-14,7.1,22.7,14.5,1,95.2,2.73,5.9,2,200,93,77,25,7,2,7
USER012,2025-09-15,8.72,36.0,34.6,4,98.3,0.6,7.63,1,239,89,89,80,41,4,6
USER012,2025-09-16,9.01,41.6,19.3,3,93.8,1.41,5.58,1,414,82,91,176,9,5,5
USER012,2025-09-17,7.09,23.9,20.3,0,97.2,1.45,6.17,5,281,78,88,90,3,4,7
USER012,2025-09-18,7.81,24.0,21.9,0,97.5,1.02,5.4,4,200,79,87,45,6,4,7
USER012,2025-09-19,7.44,18.4,20.9,3,96.6,0.55,4.73,6,270,100,82,45,3,5,4
USER012,2025-09-20,9.19,17.3,32.4,0,97.4,1.23,3.49,3,278,69,81,144,34,4,5
USER012,2025-09-21,8.97,35.8,26.8,3,97.0,2.03,5.6,6,336,77,88,32,1,2,7
USER012,2025-09-22,6.42,30.0,27.4,1,90.6,1.31,3.89,0,322,77,80,304,12,4,5
USER012,2025-09-23,7.19,28.4,31.7,0,90.1,0.9,7.13,3,319,98,69,83,26,2,7
USER012,2025-09-24,7.01,37.1,21.7,0,87.0,1.02,5.45,1,299,79,87,70,10,5,6
USER012,2025-09-25,7.77,38.3,29.2,1,97.9,1.27,4.01,4,205,100,86,25,63,2,3
USER012,2025-09-26,7.65,18.9,28.3,1,95.6,1.42,6.27,4,250,91,89,38,5,6,8
USER012,2025-09-27,9.03,23.5,24.6,2,92.9,2.62,4.02,1,230,71,84,85,7,3,5
USER012,2025-09-28,6.38,15.3,27.1,4,86.4,1.2,6.45,2,271,78,74,60,25,5,5
USER012,2025-09-29,7.06,19.1,24.8,3,90.1,1.08,6.25,5,231,72,69,23,91,3,4
USER012,2025-09-30,7.77,28.6,19.3,4,95.2,1.46,8.33,2,256,79,71,220,1,2,4
USER012,2025-10-01,8.62,27.2,23.8,1,99.5,1.06,5.06,1,220,73,80,74,11,6,6
USER012,2025-10-02,7.89,28.2,25.4,0,94.2,1.25,7.61,4,234,96,94,163,14,4,6
USER012,2025-10-03,8.34,29.2,20.0,2,89.7,0.65,7.03,4,246,100,66,110,11,7,5
USER012,2025-10-04,8.32,24.5,33.6,1,95.7,2.98,6.57,7,312,91,100,177,23,8,6
USER012,2025-10-05,7.54,18.9,25.4,2,89.5,1.44,4.53,4,275,88,83,56,34,5,5
USER012,2025-10-06,6.95,30.7,26.0,2,96.4,0.54,4.98,2,222,73,80,97,0,3,4
USER012,2025-10-07,6.29,20.4,41.5,2,95.4,1.01,5.05,4,280,80,87,114,9,5,5
USER012,2025-10-08,6.54,19.4,28.8,0,96.6,1.36,4.78,3,242,82,81,84,49,6,2
USER012,2025-10-09,7.97,24.3,19.7,6,94.5,0.91,6.93,3,274,82,84,56,2,4,7
USER012,2025-10-10,6.9,22.0,36.3,3,89.1,0.86,4.92,8,364,72,61,56,42,1,2
USER012,2025-10-11,7.05,15.0,33.6,1,86.0,1.47,6.3,4,279,67,82,200,10,3,5
USER012,2025-10-12,8.77,22.0,34.0,1,96.2,2.47,3.51,3,260,75,71,103,2,3,7
USER012,2025-10-13,8.75,23.3,23.2,2,89.0,1.37,6.33,3,268,54,69,64,2,3,4
USER012,2025-10-14,6.38,23.7,25.5,0,93.5,1.5,5.62,4,230,76,77,70,28,2,6
USER012,2025-10-15,8.49,22.0,32.9,4,97.7,1.26,7.31,7,332,77,90,27,19,4,7
USER012,2025-10-16,6.19,31.6,26.7,0,96.0,0.83,3.37,3,231,73,60,91,32,2,5
USER012,2025-10-17,6.78,24.6,23.4,1,96.9,1.25,4.15,6,347,74,71,13,9,4,5
USER012,2025-10-18,7.73,23.8,27.2,1,95.2,1.31,6.09,8,218,100,100,149,2,2,7
USER012,2025-10-19,8.92,25.7,20.5,0,99.2,2.74,2.57,0,239,83,77,128,2,3,5
USER012,2025-10-20,7.1,29.7,29.8,2,89.6,0.5,4.25,2,265,73,81,81,34,8,5
USER012,2025-10-21,6.42,33.6,28.2,1,97.7,1.2,5.63,3,374,83,84,27,6,5,5
USER012,2025-10-22,7.66,17.7,17.9,0,90.8,1.34,6.93,3,266,70,100,72,59,7,7
USER012,2025-10-23,7.12,26.3,28.9,5,93.3,0.76,5.72,4,287,78,68,82,15,3,6
USER012,2025-10-24,7.2,17.5,30.1,3,97.7,0.79,5.6,5,317,85,50,119,11,5,5
USER012,2025-10-25,9.42,32.1,19.7,0,96.8,1.32,3.52,1,283,83,66,98,6,3,5
USER012,2025-10-26,8.68,23.3,39.5,0,95.3,2.2,7.08,4,341,83,85,27,16,4,5
USER012,2025-10-27,7.64,31.8,26.7,0,85.3,1.42,6.51,5,213,73,88,80,19,5,7
USER012,2025-10-28,8.08,24.2,26.5,3,92.7,0.81,7.32,2,274,77,93,46,24,3,6
USER012,2025-10-29,7.96,18.6,37.8,6,98.4,1.35,6.6,2,253,87,95,182,9,4,5
USER012,2025-10-30,7.93,27.0,25.0,0,96.6,0.5,4.63,4,275,69,98,36,38,9,3
USER012,2025-10-31,7.47,22.8,17.8,2,95.2,1.28,7.5,3,231,98,93,281,35,4,4
USER012,2025-11-01,8.12,24.7,22.0,0,97.2,1.72,5.11,5,333,83,79,65,16,4,6
USER012,2025-11-02,9.22,25.9,30.9,1,88.3,2.45,6.94,4,374,75,94,48,6,4,6
USER012,2025-11-03,8.71,25.5,37.5,5,95.0,1.1,5.92,4,258,84,64,31,7,2,6
USER012,2025-11-04,5.36,30.7,17.4,0,96.7,0.6,2.55,1,346,67,74,133,41,4,5
USER012,2025-11-05,8.99,25.4,17.8,1,85.1,1.45,2.81,4,277,90,60,125,3,6,6
USER012,2025-11-06,9.31,30.1,24.3,4,94.3,1.18,3.72,2,334,73,75,98,25,3,6
USER013,2025-07-10,7.19,26.2,39.3,2,94.4,1.26,4.83,1,271,95,76,275,7,2,5
USER013,2025-07-11,8.71,30.2,23.9,1,84.3,0.66,7.88,6,314,90,83,39,19,5,5
USER013,2025-07-12,9.34,22.8,20.9,1,97.4,1.07,2.65,2,376,66,95,87,80,6,3
USER013,2025-07-13,10.89,37.1,32.2,0,97.6,2.39,5.62,0,330,51,49,65,3,4,5
USER013,2025-07-14,6.62,33.8,34.0,1,98.4,0.81,6.55,4,300,80,99,46,7,4,8
USER013,2025-07-15,5.25,33.4,17.1,2,91.3,0.92,3.97,0,355,64,83,121,12,3,4
USER013,2025-07-16,8.37,26.6,37.5,1,90.7,1.48,8.37,4,318,81,79,147,28,3,5
USER013,2025-07-17,6.86,19.7,22.0,1,97.9,0.95,8.11,3,363,58,84,80,1,3,3
USER013,2025-07-18,6.13,17.6,27.0,2,92.8,0.58,4.81,4,264,72,67,96,7,4,6
USER013,2025-07-19,9.36,22.9,22.9,1,94.0,2.46,6.58,1,332,65,73,57,17,3,6
USER013,2025-07-20,8.4,18.0,23.9,3,93.2,2.18,3.62,3,200,71,78,124,4,6,6
USER013,2025-07-21,7.01,39.1,26.7,0,89.1,0.87,3.19,2,315,91,87,69,0,8,8
USER013,2025-07-22,7.74,35.2,36.1,5,95.9,1.18,6.47,4,219,83,81,87,6,6,7
USER013,2025-07-23,5.93,30.7,24.9,3,97.1,1.26,5.55,2,324,64,70,127,7,5,4
USER013,2025-07-24,7.21,27.9,19.5,5,95.9,1.45,5.12,2,296,69,77,331,32,4,6
USER013,2025-07-25,7.78,19.3,29.6,2,91.1,1.24,4.99,4,309,67,80,80,3,3,6
USER013,2025-07-26,7.9,20.7,28.6,2,93.9,1.12,5.45,4,237,87,87,63,23,3,5
USER013,2025-07-27,9.33,21.9,20.9,1,94.9,1.18,3.59,3,323,63,75,42,58,5,6
USER013,2025-07-28,8.12,23.6,30.6,2,87.2,0.75,2.24,3,264,78,86,175,0,5,7
USER013,2025-07-29,5.43,21.7,36.1,2,90.5,0.87,3.62,2,355,67,60,123,8,3,4
USER013,2025-07-30,6.41,28.2,20.8,4,96.6,0.8,4.96,3,312,75,91,34,16,2,5
USER013,2025-07-31,5.24,23.4,31.3,3,98.2,0.9,4.47,1,273,65,73,7,6,4,4
USER013,2025-08-01,6.36,18.9,15.6,1,97.6,1.34,3.02,1,260,72,88,42,15,3,6
USER013,2025-08-02,7.47,11.7,28.4,1,93.4,2.45,6.17,3,267,77,72,24,2,6,7
USER013,2025-08-03,8.2,18.6,28.6,0,97.5,2.99,7.97,4,346,79,75,77,40,3,6
USER013,2025-08-04,6.19,31.0,22.3,0,95.5,0.94,5.89,3,345,71,91,26,56,5,5
USER013,2025-08-05,4.81,26.0,28.0,1,95.1,0.99,1.6,0,447,64,67,247,27,5,4
USER013,2025-08-06,6.71,17.4,38.0,0,97.1,1.11,4.49,3,200,78,80,59,27,3,8
USER013,2025-08-07,8.47,15.2,20.7,2,96.7,0.52,6.71,7,307,76,98,66,32,4,6
USER013,2025-08-08,6.46,19.4,35.2,1,85.1,0.61,4.36,4,278,72,63,180,29,2,7
USER013,2025-08-09,7.34,30.0,25.7,2,90.3,2.07,5.93,2,309,95,83,36,5,4,5
USER013,2025-08-10,8.37,29.9,32.5,4,91.7,2.39,7.33,0,332,90,67,105,14,5,3
USER013,2025-08-11,8.74,17.5,27.6,3,93.4,0.93,4.05,2,311,72,77,32,1,4,6
USER013,2025-08-12,5.56,40.7,16.8,4,90.7,1.03,2.88,2,350,86,65,34,25,4,6
USER013,2025-08-13,7.44,19.5,27.4,5,87.2,1.06,3.51,5,251,67,100,48,4,3,7
USER013,2025-08-14,7.45,18.3,23.6,1,93.2,0.88,4.53,2,240,88,88,28,13,3,5
USER013,2025-08-15,8.52,22.1,15.7,2,84.9,0.7,6.1,3,305,67,86,171,12,4,7
USER013,2025-08-16,8.31,13.3,30.5,2,92.7,1.67,5.5,4,372,76,77,86,25,2,4
USER013,2025-08-17,7.91,20.3,35.1,2,97.3,2.3,4.48,1,236,95,85,76,3,2,8
USER013,2025-08-18,8.33,34.0,26.2,0,95.0,0.62,7.37,5,337,69,92,155,11,3,7
USER013,2025-08-19,7.07,17.9,20.8,2,91.5,1.04,8.03,2,209,88,85,59,12,3,3
USER013,2025-08-20,8.06,30.1,24.1,3,89.6,1.12,7.75,6,256,82,99,188,69,3,5
USER013,2025-08-21,8.17,29.6,30.3,2,92.6,0.88,6.01,6,272,75,100,57,12,5,6
USER013,2025-08-22,6.87,21.4,38.6,4,91.5,0.5,6.21,1,278,79,53,64,10,5,6
USER013,2025-08-23,7.84,27.7,20.0,1,98.1,2.21,7.84,3,200,79,87,155,79,6,7
USER013,2025-08-24,7.31,19.5,26.3,2,93.0,1.82,5.07,6,288,74,100,89,1,4,8
USER013,2025-08-25,7.69,26.4,29.1,6,94.7,1.13,5.92,8,277,83,78,145,1,5,5
USER013,2025-08-26,7.31,37.3,34.7,2,90.7,1.0,5.62,2,258,73,100,74,9,4,6
USER013,2025-08-27,8.23,17.0,20.9,3,92.5,1.14,4.1,5,248,75,100,107,0,6,5
USER013,2025-08-28,7.14,28.7,24.2,4,95.0,1.18,3.57,6,387,79,91,87,10,6,6
USER013,2025-08-29,6.29,16.2,18.3,0,89.0,0.63,2.8,1,342,72,78,73,15,2,3
USER013,2025-08-30,8.56,34.8,29.2,1,94.6,1.25,4.68,4,327,76,68,128,1,5,7
USER013,2025-08-31,8.33,23.3,36.9,2,95.5,1.37,3.63,3,221,90,84,120,8,5,7
USER013,2025-09-01,7.72,19.7,22.7,0,99.0,0.88,5.7,2,304,79,67,69,1,2,7
USER013,2025-09-02,7.03,21.6,34.9,1,94.8,0.68,5.52,3,233,97,100,227,4,1,7
USER013,2025-09-03,8.4,31.2,30.3,4,96.9,1.01,3.89,1,265,78,66,75,11,5,5
USER013,2025-09-04,8.68,21.9,19.5,1,95.3,1.34,5.44,3,213,86,79,144,3,2,6
USER013,2025-09-05,5.96,32.0,24.1,3,94.0,0.72,5.68,4,328,83,69,29,30,2,6
USER013,2025-09-06,9.41,26.7,24.0,0,92.4,1.83,3.71,0,324,80,54,91,58,3,7
USER013,2025-09-07,8.76,33.6,22.5,2,91.5,2.11,6.88,2,345,65,65,60,14,4,5
USER013,2025-09-08,7.49,22.8,29.9,1,94.8,1.26,6.93,3,395,85,95,107,5,2,8
USER013,2025-09-09,8.27,40.4,37.9,2,98.3,1.38,5.03,3,327,79,74,66,9,5,6
USER013,2025-09-10,6.5,26.5,26.8,0,96.3,1.47,6.02,4,369,59,85,107,4,3,6
USER013,2025-09-11,7.59,23.9,26.8,3,93.7,1.23,5.17,10,219,82,82,89,3,3,8
USER013,2025-09-12,10.3,35.8,26.6,2,89.6,0.79,3.97,0,337,57,49,157,30,7,7
USER013,2025-09-13,7.95,23.2,35.4,4,93.9,1.88,8.97,6,289,78,99,47,23,4,5
USER013,2025-09-14,10.6,37.5,27.2,2,99.5,1.86,3.49,0,329,58,61,71,6,2,7
USER013,2025-09-15,7.38,15.8,26.7,2,93.8,1.23,9.59,0,254,83,100,106,20,3,5
USER013,2025-09-16,4.79,22.0,20.7,5,96.1,1.12,6.2,1,375,57,95,56,3,6,6
USER013,2025-09-17,6.85,16.5,34.9,1,92.0,1.25,6.0,1,267,74,73,47,8,5,5
USER013,2025-09-18,7.02,17.3,19.0,3,95.0,0.94,3.81,1,245,59,60,70,47,5,6
USER013,2025-09-19,8.78,26.5,25.4,1,81.6,0.52,4.97,1,247,92,95,111,56,4,7
USER013,2025-09-20,8.68,42.2,34.3,2,91.3,2.32,3.88,3,228,81,68,176,42,2,3
USER013,2025-09-21,8.3,23.4,34.1,3,94.3,1.61,6.49,4,242,79,94,43,23,4,6
USER013,2025-09-22,7.28,30.2,37.9,1,90.3,1.37,5.79,4,329,74,67,77,18,4,7
USER013,2025-09-23,9.7,34.4,31.5,2,92.5,1.24,5.12,2,361,46,88,43,0,4,5
USER013,2025-09-24,5.44,25.2,26.2,2,94.2,1.47,5.39,1,327,92,65,26,35,4,7
USER013,2025-09-25,7.02,24.0,26.3,4,92.5,1.28,6.8,5,200,88,85,50,1,5,5
USER013,2025-09-26,7.06,14.7,27.3,4,90.0,1.04,5.92,4,249,85,43,60,13,5,6
USER013,2025-09-27,8.77,28.2,25.7,0,97.4,1.99,2.97,5,301,79,87,41,35,2,5
USER013,2025-09-28,8.82,16.6,27.6,0,94.6,1.93,4.03,4,316,100,71,94,3,3,4
USER013,2025-09-29,7.81,26.7,29.6,1,97.3,0.55,6.55,5,200,100,98,147,14,3,7
USER013,2025-09-30,10.28,25.5,33.9,2,98.5,1.12,5.32,0,352,63,54,87,8,6,5
USER013,2025-10-01,8.14,25.0,34.5,4,93.5,0.85,6.8,6,302,77,72,15,4,3,6
USER013,2025-10-02,7.79,28.4,33.6,3,97.6,1.21,4.28,3,202,78,86,19,2,3,6
USER013,2025-10-03,6.84,13.3,23.4,3,95.0,0.95,5.7,3,315,77,80,82,61,3,6
USER013,2025-10-04,7.69,27.0,32.0,2,90.4,1.36,3.7,6,246,98,100,37,20,2,4
USER013,2025-10-05,8.0,25.8,17.4,3,86.1,1.75,5.12,2,253,85,91,4,13,3,7
USER013,2025-10-06,9.68,36.2,24.7,1,97.8,1.3,4.15,2,328,75,57,88,24,2,4
USER013,2025-10-07,7.68,17.5,18.8,2,91.1,1.44,5.9,7,263,100,81,108,45,6,5
USER013,2025-10-08,9.55,21.1,29.2,3,98.8,0.64,7.19,3,307,60,90,92,3,4,8
USER013,2025-10-09,8.73,19.8,24.3,0,98.5,1.2,5.37,3,303,82,67,22,72,6,3
USER013,2025-10-10,7.62,22.2,32.1,2,98.2,0.66,6.99,1,217,93,77,144,15,7,4
USER013,2025-10-11,8.39,27.7,27.6,4,96.2,1.6,5.76,3,336,84,75,11,0,6,6
USER013,2025-10-12,7.42,20.7,14.4,1,90.4,1.7,5.81,6,248,73,100,244,27,5,8
USER013,2025-10-13,9.29,18.7,31.6,1,95.0,1.29,6.62,3,336,80,47,122,10,2,4
USER013,2025-10-14,6.39,42.4,20.3,4,93.0,0.76,5.7,3,384,57,73,175,6,4,4
USER013,2025-10-15,6.34,34.1,24.4,3,90.2,1.06,5.57,3,260,86,97,10,2,3,7
USER013,2025-10-16,8.36,30.6,34.3,2,89.0,0.99,3.62,4,262,84,89,15,19,4,6
USER013,2025-10-17,6.46,21.8,20.1,2,95.8,1.17,6.32,2,316,70,83,81,12,6,5
USER013,2025-10-18,7.29,25.3,31.1,1,92.5,1.93,9.57,4,200,85,75,98,0,3,7
USER013,2025-10-19,6.47,28.3,30.2,1,95.7,1.1,6.16,2,289,61,69,256,36,4,5
USER013,2025-10-20,7.57,34.7,27.8,1,86.1,0.8,4.68,4,247,100,80,186,7,3,6
USER013,2025-10-21,7.18,26.2,31.3,2,97.1,1.19,6.6,4,200,80,100,139,12,4,5
USER013,2025-10-22,7.82,35.3,28.3,1,94.2,0.99,8.93,5,379,77,94,3,9,3,5
USER013,2025-10-23,8.18,30.3,32.6,1,96.3,1.31,7.31,9,344,94,76,250,24,2,6
USER013,2025-10-24,6.83,21.6,31.4,1,96.1,0.83,4.23,2,237,82,79,156,1,3,4
USER013,2025-10-25,7.32,27.7,31.7,2,96.5,1.64,7.98,3,200,85,91,155,53,4,5
USER013,2025-10-26,9.01,27.1,27.2,1,95.5,2.0,7.01,2,322,90,84,68,65,3,8
USER013,2025-10-27,5.44,23.2,27.3,2,96.8,0.68,4.24,1,321,73,80,372,6,3,6
USER013,2025-10-28,7.51,26.0,32.0,1,92.3,0.59,5.36,5,253,79,95,57,22,3,7
USER013,2025-10-29,5.78,25.0,33.6,0,98.4,1.41,7.36,0,326,66,62,35,7,7,6
USER013,2025-10-30,7.69,24.9,26.4,2,92.5,1.32,5.07,1,298,85,92,156,11,3,6
USER013,2025-10-31,6.26,16.4,25.4,0,97.1,1.2,5.69,0,311,79,88,122,8,4,7
USER013,2025-11-01,9.57,25.6,17.5,2,98.1,2.73,3.49,2,277,64,89,43,56,3,2
USER013,2025-11-02,9.03,29.2,32.8,1,91.4,2.45,4.69,3,444,93,44,58,10,4,5
USER013,2025-11-03,7.85,29.8,26.5,0,88.3,0.76,5.17,4,280,91,100,30,15,3,6
USER013,2025-11-04,8.71,28.8,27.6,2,90.7,1.06,4.33,2,245,88,85,54,8,3,4
USER013,2025-11-05,6.57,29.0,25.5,1,97.2,0.9,5.15,0,311,75,70,77,62,7,3
USER013,2025-11-06,7.42,29.0,33.7,2,88.3,1.17,4.51,4,277,90,89,40,8,2,6
USER014,2025-07-10,8.72,18.5,41.3,2,89.6,21.76,3.98,1,272,73,72,30,54,5,6
USER014,2025-07-11,9.58,16.2,28.1,4,98.9,21.93,6.04,3,319,67,46,101,6,4,5
USER014,2025-07-12,9.68,17.7,15.7,2,94.3,22.25,3.37,0,286,71,63,137,11,4,6
USER014,2025-07-13,9.28,26.6,22.6,1,95.4,23.48,3.93,2,331,89,71,64,10,2,7
USER014,2025-07-14,6.85,17.3,27.8,2,95.2,21.66,5.13,8,253,89,77,50,0,4,6
USER014,2025-07-15,7.8,16.1,28.6,1,96.4,21.56,4.96,3,200,100,100,61,21,3,7
USER014,2025-07-16,7.74,32.3,21.2,3,88.1,22.11,7.48,8,225,91,80,21,5,1,4
USER014,2025-07-17,7.27,22.3,24.2,0,97.4,21.61,6.14,8,289,90,76,200,22,6,4
USER014,2025-07-18,6.97,21.3,23.0,1,91.8,22.12,7.1,3,200,73,54,33,22,4,3
USER014,2025-07-19,8.79,20.8,16.6,3,96.1,22.91,3.2,2,268,79,62,57,17,3,6
USER014,2025-07-20,7.75,20.9,25.6,1,99.3,22.83,6.81,5,259,94,82,67,1,7,4
USER014,2025-07-21,7.87,17.8,26.3,3,92.9,21.69,7.27,4,235,84,97,58,33,6,5
USER014,2025-07-22,7.37,32.4,21.8,3,91.0,22.34,6.21,5,325,83,74,37,16,4,4
USER014,2025-07-23,9.13,21.3,32.3,3,92.3,22.33,3.54,1,263,74,96,80,68,5,6
USER014,2025-07-24,6.95,32.0,26.9,2,98.8,22.1,6.55,6,258,91,65,90,7,3,6
USER014,2025-07-25,7.67,31.1,17.3,2,90.3,22.45,4.57,3,267,86,72,80,8,6,6
USER014,2025-07-26,9.12,33.3,21.1,1,92.4,22.08,5.43,1,272,86,84,115,17,3,6
USER014,2025-07-27,8.15,24.6,32.9,4,87.1,23.73,5.21,3,277,79,95,351,21,5,8
USER014,2025-07-28,8.7,29.8,28.6,2,86.5,21.82,5.8,0,270,94,86,159,10,3,5
USER014,2025-07-29,7.89,38.2,29.4,0,96.4,22.49,5.9,3,203,84,100,52,11,5,2
USER014,2025-07-30,8.46,23.2,25.0,3,94.2,21.97,7.93,2,226,79,97,109,10,1,7
USER014,2025-07-31,7.86,21.9,23.5,2,92.0,22.39,3.99,5,234,74,84,93,33,3,7
USER014,2025-08-01,7.71,19.1,21.7,1,98.7,21.7,4.41,8,299,88,77,106,7,3,8
USER014,2025-08-02,8.02,22.7,34.7,4,85.3,22.46,5.6,5,275,80,62,187,27,4,4
USER014,2025-08-03,9.91,29.3,30.8,3,97.3,22.35,1.81,1,395,64,83,47,9,6,8
USER014,2025-08-04,7.08,28.3,19.7,2,99.5,21.85,6.93,4,227,66,91,99,13,2,5
USER014,2025-08-05,10.14,21.8,19.6,0,97.7,21.78,4.31,0,328,63,88,286,1,4,5
USER014,2025-08-06,7.52,24.3,24.8,3,96.0,22.18,5.94,6,233,78,87,95,80,4,7
USER014,2025-08-07,6.43,28.8,31.9,4,92.4,21.72,4.96,0,249,78,83,161,28,1,5
USER014,2025-08-08,6.66,20.6,20.7,1,94.3,21.98,6.0,4,284,80,81,13,4,2,7
USER014,2025-08-09,8.05,28.4,23.8,1,92.9,23.55,6.8,7,307,86,66,47,15,4,7
USER014,2025-08-10,8.25,35.5,30.8,1,94.4,22.44,5.19,2,247,96,68,55,29,4,5
USER014,2025-08-11,8.04,12.0,16.9,0,96.8,22.19,5.86,5,200,85,98,42,19,3,6
USER014,2025-08-12,6.48,25.8,33.3,1,97.2,22.06,5.82,2,307,93,72,48,10,3,5
USER014,2025-08-13,7.54,25.9,33.7,3,93.7,21.92,7.58,4,238,92,78,41,6,4,5
USER014,2025-08-14,7.3,23.8,17.0,2,94.2,21.64,4.58,2,296,66,100,55,7,3,8
USER014,2025-08-15,8.14,15.2,30.0,2,86.8,21.6,6.28,6,319,86,89,88,16,5,4
USER014,2025-08-16,9.54,30.9,27.0,2,93.0,22.31,6.39,3,313,83,76,16,0,3,4
USER014,2025-08-17,9.11,29.2,17.3,1,95.2,23.53,7.27,0,212,71,86,84,16,4,4
USER014,2025-08-18,7.48,29.1,35.7,1,94.4,22.1,3.03,5,361,86,100,89,9,5,6
USER014,2025-08-19,8.36,28.2,20.5,1,95.8,22.36,4.6,3,247,78,71,92,21,5,5
USER014,2025-08-20,5.56,20.1,27.1,3,95.0,21.76,6.45,0,371,65,71,53,3,3,3
USER014,2025-08-21,9.65,34.8,35.0,2,96.8,22.29,5.12,2,362,75,77,62,34,3,6
USER014,2025-08-22,7.95,17.7,20.6,1,94.8,22.27,6.73,4,227,78,81,67,3,2,6
USER014,2025-08-23,8.58,30.3,30.7,4,95.7,23.05,3.33,8,245,65,89,137,10,4,4
USER014,2025-08-24,9.3,38.4,24.2,4,96.3,22.43,6.67,4,318,67,73,79,10,2,4
USER014,2025-08-25,8.37,11.6,31.5,1,91.9,21.81,7.4,3,257,77,86,108,5,5,6
USER014,2025-08-26,6.78,30.2,27.5,3,96.4,22.12,4.5,2,257,80,100,80,8,6,5
USER014,2025-08-27,9.08,35.4,35.6,3,94.4,21.89,6.17,3,344,68,75,136,2,3,6
USER014,2025-08-28,8.64,14.6,21.5,2,99.1,21.93,5.5,4,313,90,92,68,8,4,7
USER014,2025-08-29,5.38,17.4,30.0,4,95.9,21.66,3.15,2,330,56,82,122,34,5,4
USER014,2025-08-30,7.52,27.1,31.9,1,97.6,22.63,5.55,5,220,96,73,151,12,3,6
USER014,2025-08-31,7.95,28.3,35.1,1,95.4,23.69,4.82,4,215,100,85,176,12,3,5
USER014,2025-09-01,7.7,21.5,32.1,2,93.6,22.15,6.61,4,200,89,85,29,32,4,7
USER014,2025-09-02,8.68,15.6,26.1,2,99.5,21.71,6.71,2,200,87,82,170,51,5,6
USER014,2025-09-03,6.62,20.4,32.4,1,89.0,22.32,3.86,2,307,66,74,81,29,4,5
USER014,2025-09-04,6.82,29.4,36.7,2,92.8,22.23,4.45,2,379,79,85,127,16,4,7
USER014,2025-09-05,7.08,16.5,32.0,2,95.4,21.74,7.0,8,254,75,79,125,22,2,6
USER014,2025-09-06,9.63,29.5,30.0,3,97.8,23.75,5.5,6,319,63,64,53,1,3,5
USER014,2025-09-07,7.65,15.3,35.6,2,99.4,23.09,3.15,3,251,91,77,85,45,6,8
USER014,2025-09-08,6.42,41.2,33.4,2,98.7,21.59,3.29,3,363,60,72,125,21,3,4
USER014,2025-09-09,7.88,32.3,19.6,2,98.0,21.79,6.2,2,269,83,78,114,24,6,6
USER014,2025-09-10,5.64,20.3,17.7,0,98.6,22.31,3.79,3,302,59,55,173,31,6,7
USER014,2025-09-11,8.9,30.5,15.3,2,89.0,21.74,5.89,3,207,84,73,189,47,4,6
USER014,2025-09-12,8.98,37.0,27.0,4,99.0,21.86,8.03,2,323,86,99,58,31,6,4
USER014,2025-09-13,8.77,18.5,20.9,4,95.1,23.26,7.57,2,240,88,75,112,20,3,6
USER014,2025-09-14,8.28,28.8,24.2,4,93.2,23.58,4.67,5,287,78,99,85,2,4,6
USER014,2025-09-15,6.67,15.3,31.2,1,98.0,21.79,5.79,3,293,69,100,201,15,3,6
USER014,2025-09-16,6.11,17.9,25.9,0,92.6,21.79,4.01,1,317,67,48,152,8,3,5
USER014,2025-09-17,8.36,20.3,32.4,2,86.8,22.38,5.7,3,356,94,94,80,4,4,7
USER014,2025-09-18,7.67,29.2,21.1,2,97.0,21.85,5.62,2,241,85,78,175,20,2,5
USER014,2025-09-19,5.8,17.9,35.8,1,97.1,21.57,5.61,3,412,74,94,33,7,7,7
USER014,2025-09-20,9.13,26.4,28.8,0,98.7,23.68,4.41,0,259,70,76,131,13,2,7
USER014,2025-09-21,8.65,25.9,18.7,1,88.5,23.76,8.61,7,332,83,69,10,10,4,6
USER014,2025-09-22,6.7,23.6,27.2,4,95.9,22.25,4.8,4,237,79,77,107,14,2,7
USER014,2025-09-23,8.66,21.4,32.5,0,97.6,21.55,7.15,4,293,80,72,163,8,5,7
USER014,2025-09-24,7.82,23.6,35.9,1,92.9,22.38,6.21,8,246,100,64,59,22,5,2
USER014,2025-09-25,7.29,23.7,29.1,5,93.6,21.54,3.45,3,259,90,100,140,9,5,6
USER014,2025-09-26,8.58,31.1,23.0,0,98.0,21.97,7.49,1,359,92,95,284,22,3,4
USER014,2025-09-27,9.6,38.9,21.6,1,95.2,23.86,3.81,0,277,53,70,191,36,4,4
USER014,2025-09-28,9.14,33.6,32.1,1,84.4,23.65,6.09,1,297,71,81,54,3,2,3
USER014,2025-09-29,6.54,20.2,24.1,3,92.8,21.62,5.45,4,341,92,94,48,17,3,4
USER014,2025-09-30,6.69,34.4,23.9,0,92.8,21.5,4.28,4,251,96,98,320,37,3,5
USER014,2025-10-01,7.62,22.7,23.7,2,95.8,21.77,5.81,4,214,89,86,144,2,4,7
USER014,2025-10-02,7.02,17.6,22.4,1,95.0,22.37,6.14,3,236,72,91,166,72,3,5
USER014,2025-10-03,7.45,16.9,29.1,0,96.9,21.51,7.72,6,253,100,47,35,49,7,4
USER014,2025-10-04,9.39,17.8,29.4,1,91.2,23.76,4.09,2,350,77,86,317,3,5,4
USER014,2025-10-05,8.39,25.8,30.9,0,95.3,22.01,3.88,3,243,88,85,91,5,5,5
USER014,2025-10-06,6.15,22.0,19.2,2,87.1,21.72,4.19,1,421,79,51,27,0,3,3
USER014,2025-10-07,8.54,20.0,36.4,2,95.0,21.88,5.88,4,367,86,68,30,18,6,5
USER014,2025-10-08,6.8,33.8,27.3,3,98.4,22.38,6.4,3,421,94,100,95,1,2,3
USER014,2025-10-09,8.06,32.7,36.9,2,95.9,22.3,6.59,6,288,84,83,68,57,6,7
USER014,2025-10-10,8.22,26.5,24.5,2,89.3,21.52,2.57,4,298,74,100,134,3,3,6
USER014,2025-10-11,8.39,31.9,26.7,1,92.2,22.91,4.07,0,304,71,53,36,32,6,5
USER014,2025-10-12,8.82,24.1,20.1,4,95.5,23.1,4.55,1,226,72,74,64,2,7,3
USER014,2025-10-13,7.84,33.6,30.6,0,99.2,22.48,4.85,5,301,99,91,107,15,3,4
USER014,2025-10-14,6.92,26.4,23.2,3,96.1,22.41,4.21,7,295,69,62,57,24,2,4
USER014,2025-10-15,8.03,26.3,30.3,2,99.4,21.6,7.92,5,298,98,89,119,0,5,7
USER014,2025-10-16,6.82,28.6,36.8,2,88.6,21.52,7.04,3,340,90,98,20,20,2,3
USER014,2025-10-17,5.19,24.0,33.1,0,95.5,22.49,7.48,0,359,76,67,95,16,3,6
USER014,2025-10-18,8.63,23.0,31.4,3,98.0,23.37,6.22,4,327,81,72,40,10,3,6
USER014,2025-10-19,8.56,27.4,29.9,3,95.9,22.42,7.92,8,341,86,81,83,33,5,5
USER014,2025-10-20,7.76,33.4,34.0,6,89.6,21.56,6.23,3,285,79,100,148,41,5,4
USER014,2025-10-21,6.27,30.0,29.2,2,98.8,21.95,6.13,3,365,66,66,83,14,5,6
USER014,2025-10-22,7.38,20.8,19.7,2,85.8,22.23,6.07,3,251,66,65,44,25,3,5
USER014,2025-10-23,6.11,31.5,18.7,2,98.8,21.83,3.92,2,257,88,70,48,3,3,4
USER014,2025-10-24,7.37,19.1,30.7,2,91.5,22.46,3.57,3,322,88,95,25,4,2,6
USER014,2025-10-25,8.1,30.8,30.6,1,92.0,22.44,5.78,4,314,83,87,74,0,7,3
USER014,2025-10-26,7.88,24.0,29.0,6,98.4,22.79,5.74,4,271,88,82,18,18,4,7
USER014,2025-10-27,6.34,24.1,26.2,1,98.8,22.16,4.08,5,284,65,96,28,43,3,6
USER014,2025-10-28,7.38,22.1,16.9,2,85.9,21.55,5.84,4,425,81,95,85,19,4,3
USER014,2025-10-29,7.64,31.4,27.1,4,93.6,21.96,7.23,5,223,91,100,54,19,5,8
USER014,2025-10-30,7.34,20.8,22.0,2,93.3,22.22,7.1,4,200,98,98,32,0,5,3
USER014,2025-10-31,7.09,32.7,30.4,2,93.9,22.06,2.58,7,299,82,82,122,2,6,7
USER014,2025-11-01,8.54,32.1,20.2,2,99.4,23.4,2.8,6,255,94,100,122,6,6,5
USER014,2025-11-02,9.23,36.7,23.1,5,96.5,23.84,3.57,1,270,75,88,48,22,4,7
USER014,2025-11-03,7.4,19.1,31.3,4,92.2,22.3,8.09,3,218,100,88,164,13,5,6
USER014,2025-11-04,5.53,17.2,31.4,1,95.4,22.46,4.34,1,301,54,83,43,7,4,7
USER014,2025-11-05,8.47,24.3,34.5,0,90.7,22.0,7.02,3,301,73,79,53,23,4,3
USER014,2025-11-06,8.28,20.3,36.0,1,92.4,21.6,5.65,5,317,91,68,29,6,2,6
USER015,2025-07-10,6.69,17.1,33.8,3,92.9,0.95,2.95,4,304,98,100,100,78,6,8
USER015,2025-07-11,7.17,13.5,20.7,2,98.0,1.21,6.37,7,299,86,84,260,1,4,5
USER015,2025-07-12,7.15,25.4,30.8,3,98.1,1.52,4.83,2,343,71,78,84,36,3,6
USER015,2025-07-13,7.9,27.2,32.0,3,93.5,2.15,6.72,2,357,96,95,70,64,2,5
USER015,2025-07-14,7.1,39.9,34.0,4,94.6,0.69,4.23,4,293,87,94,9,8,3,5
USER015,2025-07-15,6.83,30.8,28.6,2,98.5,1.05,8.48,2,238,81,88,44,3,4,4
USER015,2025-07-16,6.34,15.5,33.6,2,97.9,1.32,1.86,2,346,67,78,28,4,4,7
USER015,2025-07-17,7.27,19.6,17.5,0,95.5,1.47,3.39,2,276,85,89,46,37,8,4
USER015,2025-07-18,7.26,35.6,19.3,0,95.3,0.89,3.53,6,271,100,63,75,4,3,5
USER015,2025-07-19,6.8,35.5,31.5,2,96.3,2.03,7.01,2,261,94,81,128,11,6,4
USER015,2025-07-20,7.07,19.6,31.0,1,92.8,2.66,3.8,4,303,94,89,26,12,2,7
USER015,2025-07-21,7.98,22.6,26.4,1,85.7,1.46,4.74,5,214,62,100,115,45,4,7
USER015,2025-07-22,7.61,28.9,25.5,1,92.0,1.19,4.62,6,379,67,72,136,37,3,6
USER015,2025-07-23,6.52,35.5,29.9,4,90.5,1.44,4.28,4,254,81,100,132,34,4,7
USER015,2025-07-24,6.69,31.3,16.7,2,95.8,0.79,7.08,3,236,91,64,44,2,3,3
USER015,2025-07-25,6.64,19.4,32.5,2,87.3,0.79,8.97,8,279,93,94,115,30,4,8
USER015,2025-07-26,7.71,28.0,25.4,0,91.3,1.42,5.54,3,306,82,83,260,22,5,6
USER015,2025-07-27,6.97,20.9,24.4,5,94.9,2.5,8.74,2,261,87,100,243,10,4,7
USER015,2025-07-28,8.09,21.4,36.5,2,94.4,0.51,4.55,2,335,80,77,141,25,5,3
USER015,2025-07-29,6.2,23.4,21.8,1,93.0,0.72,8.82,5,375,84,98,225,41,7,5
USER015,2025-07-30,9.79,20.3,34.6,1,91.2,1.08,3.56,0,275,49,80,28,4,2,9
USER015,2025-07-31,6.51,29.7,29.4,4,91.4,0.83,7.41,4,320,84,78,91,0,2,5
USER015,2025-08-01,7.98,22.3,29.8,2,91.3,1.24,5.73,5,273,95,92,127,5,3,4
USER015,2025-08-02,7.35,18.6,21.8,1,89.7,2.13,4.92,3,337,100,76,322,8,5,8
USER015,2025-08-03,8.97,28.0,18.5,2,99.2,2.06,6.16,0,256,60,74,49,97,5,6
USER015,2025-08-04,6.63,18.7,32.5,2,97.5,0.88,6.03,2,313,76,92,89,64,5,6
USER015,2025-08-05,6.69,24.7,25.6,4,91.2,1.02,5.31,3,223,90,72,75,5,4,5
USER015,2025-08-06,7.35,26.8,23.9,1,98.1,1.12,3.51,5,244,89,73,11,5,5,3
USER015,2025-08-07,6.61,20.3,26.9,5,85.4,1.03,5.12,3,364,75,93,19,18,4,7
USER015,2025-08-08,5.41,15.5,39.2,1,95.9,0.91,3.35,0,283,82,75,84,0,5,4
USER015,2025-08-09,7.99,22.4,19.5,1,99.1,1.84,7.45,5,288,91,77,70,2,4,7
USER015,2025-08-10,7.52,25.4,24.3,2,94.7,1.31,4.92,3,232,83,79,137,23,2,4
USER015,2025-08-11,5.33,18.4,28.2,2,90.4,1.22,4.78,0,397,62,87,111,4,4,6
USER015,2025-08-12,4.51,21.7,34.6,3,92.8,0.54,1.7,1,304,71,76,132,18,6,2
USER015,2025-08-13,5.75,41.3,38.1,0,98.2,1.23,5.87,1,254,78,95,90,9,6,7
USER015,2025-08-14,5.13,25.2,24.8,0,94.8,1.19,2.51,0,302,60,58,146,9,5,2
USER015,2025-08-15,7.64,22.9,31.2,1,95.8,1.06,6.63,3,276,97,95,98,15,4,4
USER015,2025-08-16,7.29,18.9,19.5,6,93.7,1.06,5.37,6,261,87,84,407,2,4,5
USER015,2025-08-17,7.53,15.1,19.2,1,93.7,1.61,4.57,2,284,73,99,96,4,5,6
USER015,2025-08-18,7.07,23.1,31.8,6,95.0,1.33,3.12,4,200,71,80,60,4,3,6
USER015,2025-08-19,8.7,24.5,17.7,2,86.5,1.08,5.77,0,337,65,61,100,31,2,5
USER015,2025-08-20,5.24,30.6,17.6,0,93.9,1.22,2.76,1,343,64,66,93,18,6,4
USER015,2025-08-21,5.67,23.5,36.3,4,88.4,1.15,5.17,5,276,79,56,202,37,3,3
USER015,2025-08-22,6.98,20.8,22.3,2,95.7,0.91,6.76,1,247,91,83,70,54,2,6
USER015,2025-08-23,9.65,21.7,34.6,4,97.3,2.64,5.23,1,368,65,87,64,17,3,8
USER015,2025-08-24,6.72,21.0,22.4,3,96.1,2.87,8.48,4,266,91,81,17,11,3,5
USER015,2025-08-25,6.38,23.6,29.0,1,94.8,0.92,3.64,4,251,97,85,85,1,3,2
USER015,2025-08-26,6.94,31.9,16.9,1,96.3,1.13,5.57,4,261,96,79,90,60,4,7
USER015,2025-08-27,5.06,16.0,21.4,1,90.5,1.24,4.92,2,321,69,69,195,18,4,7
USER015,2025-08-28,8.16,29.6,21.0,2,94.2,0.6,7.0,1,391,76,93,218,28,2,5
USER015,2025-08-29,7.35,35.2,28.0,2,92.4,0.94,5.69,5,200,79,93,126,10,3,7
USER015,2025-08-30,8.86,37.6,31.8,2,98.1,2.5,2.92,1,316,94,69,10,38,4,7
USER015,2025-08-31,7.98,25.7,27.2,2,97.0,2.98,7.26,5,229,91,87,49,1,3,6
USER015,2025-09-01,6.08,43.1,30.6,3,96.2,1.29,8.05,6,321,87,76,34,10,4,6
USER015,2025-09-02,5.17,20.5,38.5,0,91.8,0.84,5.22,3,344,74,81,92,51,6,5
USER015,2025-09-03,6.74,21.7,29.4,0,94.5,1.42,4.66,5,227,84,95,61,10,2,6
USER015,2025-09-04,6.35,24.2,19.1,3,99.7,0.61,5.11,4,263,91,80,126,4,3,8
USER015,2025-09-05,4.84,24.9,32.3,3,91.7,1.33,2.25,1,312,73,81,146,39,3,7
USER015,2025-09-06,6.66,26.1,18.9,3,94.1,1.97,6.84,3,274,96,90,136,3,6,8
USER015,2025-09-07,8.78,30.8,18.5,3,97.0,1.81,5.78,3,325,66,80,130,2,2,4
USER015,2025-09-08,4.76,25.9,32.2,3,95.0,1.09,3.74,0,303,76,60,151,32,1,4
USER015,2025-09-09,8.65,16.5,20.4,3,94.3,0.57,3.21,2,252,70,81,185,10,2,4
USER015,2025-09-10,8.01,19.0,30.0,1,90.2,1.35,2.95,6,364,71,91,151,50,4,5
USER015,2025-09-11,6.54,19.1,32.9,2,98.6,0.61,6.96,4,267,92,98,77,13,3,4
USER015,2025-09-12,5.56,29.4,26.6,1,95.2,1.16,6.22,1,251,75,68,179,4,5,8
USER015,2025-09-13,8.47,27.3,19.8,2,94.4,1.64,3.62,3,294,66,78,87,35,4,8
USER015,2025-09-14,8.93,30.4,23.2,4,96.0,2.68,4.62,0,369,71,67,133,64,2,5
USER015,2025-09-15,6.63,35.6,33.0,1,96.6,1.22,3.35,5,331,83,95,46,24,4,4
USER015,2025-09-16,8.17,12.3,32.6,2,97.3,1.42,4.21,4,314,81,88,158,12,2,3
USER015,2025-09-17,6.22,30.7,34.4,3,95.2,1.01,5.65,3,299,72,70,176,20,2,7
USER015,2025-09-18,4.0,29.9,26.2,1,93.1,0.84,4.12,0,376,60,71,65,2,4,8
USER015,2025-09-19,8.18,21.6,38.1,4,92.0,1.41,4.05,5,244,76,87,69,4,4,4
USER015,2025-09-20,6.98,25.0,32.9,2,93.2,2.82,7.0,6,305,78,94,28,29,6,4
USER015,2025-09-21,8.03,20.6,25.1,2,99.5,2.98,0.88,3,340,56,86,51,4,5,7
USER015,2025-09-22,7.18,23.6,31.1,4,96.7,1.1,6.66,4,348,69,51,48,21,4,6
USER015,2025-09-23,6.78,28.1,23.9,2,97.6,0.63,7.83,5,235,88,100,111,2,6,5
USER015,2025-09-24,6.43,14.7,32.2,5,82.6,0.94,2.73,2,288,75,78,135,31,3,5
USER015,2025-09-25,7.3,24.2,13.9,3,99.4,1.32,5.35,4,242,73,81,152,0,3,4
USER015,2025-09-26,7.53,30.9,27.6,1,93.9,0.89,3.07,4,284,69,78,46,6,3,6
USER015,2025-09-27,7.46,18.0,24.3,3,95.0,1.42,6.96,5,222,65,89,96,27,5,6
USER015,2025-09-28,8.35,17.4,19.8,5,96.8,1.06,5.8,1,366,73,64,32,4,2,5
USER015,2025-09-29,7.02,43.0,28.6,0,97.6,0.53,6.73,4,276,86,83,80,12,3,4
USER015,2025-09-30,6.75,23.4,27.4,1,96.7,1.03,3.31,4,200,87,72,28,16,3,7
USER015,2025-10-01,6.81,23.4,25.1,0,94.5,1.19,5.24,9,215,77,77,28,11,3,8
USER015,2025-10-02,8.74,15.4,30.9,1,87.3,0.53,7.5,0,345,62,62,131,3,3,4
USER015,2025-10-03,7.56,24.9,25.9,3,97.1,0.86,3.62,3,388,86,67,112,21,3,7
USER015,2025-10-04,10.1,22.8,31.7,3,89.0,1.52,5.09,0,420,42,69,92,2,5,5
USER015,2025-10-05,7.75,20.0,27.1,1,90.8,1.11,5.2,3,202,86,71,109,22,3,6
USER015,2025-10-06,6.5,25.4,30.6,3,99.2,1.23,5.96,5,260,92,95,186,0,3,7
USER015,2025-10-07,7.65,17.8,33.2,1,96.4,1.4,2.63,2,215,89,77,94,3,4,3
USER015,2025-10-08,6.17,23.3,36.5,4,99.0,1.34,3.33,2,439,80,98,116,5,4,7
USER015,2025-10-09,5.6,23.9,25.8,2,92.8,0.65,2.13,2,368,81,79,63,10,2,4
USER015,2025-10-10,5.56,20.7,28.8,4,96.1,1.31,4.33,4,325,71,72,103,6,5,8
USER015,2025-10-11,7.76,37.9,22.6,2,90.2,1.91,6.74,5,299,83,61,25,3,3,4
USER015,2025-10-12,7.1,21.9,22.4,0,94.0,1.23,6.27,7,248,88,82,35,1,3,5
USER015,2025-10-13,4.68,14.6,19.9,2,94.2,0.61,4.74,0,244,65,54,13,12,2,6
USER015,2025-10-14,6.2,23.2,25.6,0,91.5,1.12,5.59,2,200,82,74,118,18,5,8
USER015,2025-10-15,7.76,25.9,19.4,1,92.7,0.85,6.07,0,299,74,83,106,2,5,7
USER015,2025-10-16,5.9,27.7,33.4,1,94.3,0.88,5.71,2,299,83,55,57,37,4,4
USER015,2025-10-17,6.73,23.9,17.7,2,88.7,0.61,1.77,7,200,73,70,20,14,5,6
USER015,2025-10-18,8.02,24.3,29.1,1,96.0,1.23,5.67,4,336,78,72,192,13,3,6
USER015,2025-10-19,7.07,33.4,28.3,3,99.3,1.23,5.92,8,265,89,64,60,8,5,6
USER015,2025-10-20,7.53,12.6,28.5,2,96.8,0.91,3.97,4,319,73,82,209,54,3,3
USER015,2025-10-21,5.6,19.7,27.4,2,93.0,1.14,6.4,3,272,81,84,128,51,7,4
USER015,2025-10-22,9.36,17.6,28.8,2,95.5,0.91,4.92,0,357,69,58,59,4,4,7
USER015,2025-10-23,7.31,17.0,28.3,3,95.1,0.94,4.41,2,269,90,84,198,48,5,8
USER015,2025-10-24,6.33,17.2,33.8,0,93.0,0.96,2.58,5,242,78,86,147,34,5,6
USER015,2025-10-25,6.35,19.9,32.8,0,98.5,1.42,4.82,5,352,85,88,73,14,2,3
USER015,2025-10-26,8.0,37.9,23.4,2,95.6,1.89,8.57,2,282,90,71,83,20,4,4
USER015,2025-10-27,5.47,22.7,32.9,1,98.7,1.03,3.64,5,355,79,79,343,27,4,3
USER015,2025-10-28,6.27,28.4,23.9,4,93.6,1.02,6.73,0,239,100,81,89,19,3,5
USER015,2025-10-29,5.93,26.8,14.8,3,92.5,0.62,7.14,4,344,52,62,57,2,3,7
USER015,2025-10-30,5.55,16.4,35.5,1,98.7,0.69,4.31,3,220,83,82,126,73,3,6
USER015,2025-10-31,6.43,25.1,30.7,1,91.0,0.63,4.96,5,214,93,82,16,2,4,7
USER015,2025-11-01,6.67,15.8,29.2,2,95.3,2.29,6.07,2,343,65,83,38,22,3,7
USER015,2025-11-02,6.43,28.3,31.2,1,94.4,2.0,5.71,4,250,87,100,232,11,3,5
USER015,2025-11-03,8.96,25.3,19.2,3,99.0,0.59,4.47,1,322,45,89,76,6,3,5
USER015,2025-11-04,5.98,13.9,16.0,2,93.1,0.69,3.73,3,316,80,75,18,25,3,6
USER015,2025-11-05,5.21,34.7,20.7,1,96.0,0.59,4.12,3,369,62,75,34,10,1,5
USER015,2025-11-06,7.72,23.6,37.1,1,95.3,1.24,5.23,3,273,81,77,62,3,3,8
USER016,2025-07-10,7.13,23.0,29.1,3,96.4,23.1,6.17,2,337,72,79,116,34,4,4
USER016,2025-07-11,8.12,26.1,36.0,1,99.2,23.69,4.68,6,247,86,92,102,23,4,3
USER016,2025-07-12,9.12,26.7,30.5,2,97.0,25.17,5.87,1,296,83,86,38,48,2,4
USER016,2025-07-13,9.15,40.2,30.7,1,86.2,23.62,5.48,2,288,69,73,66,14,3,4
USER016,2025-07-14,9.17,22.5,23.9,0,93.0,23.41,4.14,1,353,79,49,15,13,3,5
USER016,2025-07-15,8.29,19.4,37.8,3,92.7,23.95,5.17,3,273,89,85,123,2,3,5
USER016,2025-07-16,8.97,21.8,29.7,2,98.7,23.0,4.15,3,220,66,84,69,3,5,8
USER016,2025-07-17,6.64,19.9,24.0,1,92.2,23.89,5.35,1,266,78,77,184,29,3,5
USER016,2025-07-18,9.4,20.0,37.7,0,94.9,23.12,4.11,6,349,84,79,139,15,4,5
USER016,2025-07-19,9.67,13.8,33.8,1,94.6,25.23,4.51,0,314,76,65,81,49,6,6
USER016,2025-07-20,9.89,30.2,29.6,3,96.5,23.98,5.6,1,344,63,61,50,0,3,6
USER016,2025-07-21,7.34,32.2,26.6,3,82.3,23.5,5.74,1,266,88,69,60,7,6,5
USER016,2025-07-22,7.11,17.5,23.0,1,95.3,23.5,5.17,3,293,75,73,27,3,4,4
USER016,2025-07-23,7.44,33.4,29.5,3,97.3,23.9,4.54,3,264,76,92,152,10,5,8
USER016,2025-07-24,7.73,21.7,22.0,1,95.3,23.57,5.37,5,267,71,100,73,32,3,6
USER016,2025-07-25,7.51,19.8,34.2,1,92.3,23.58,5.67,2,283,90,86,117,19,5,3
USER016,2025-07-26,9.08,32.7,18.6,0,96.9,25.02,4.93,1,304,66,76,177,17,3,7
USER016,2025-07-27,8.25,13.7,21.7,2,90.6,23.96,7.25,1,206,93,81,86,17,3,4
USER016,2025-07-28,7.12,28.1,19.7,2,92.0,23.6,2.28,3,328,73,58,56,5,2,5
USER016,2025-07-29,5.03,17.2,24.7,3,99.0,23.98,5.77,1,388,48,62,183,11,4,8
USER016,2025-07-30,6.84,18.9,24.1,0,91.2,23.02,3.61,2,273,81,57,91,8,5,5
USER016,2025-07-31,7.26,34.9,34.3,2,98.3,23.26,8.16,6,273,98,85,59,22,7,3
USER016,2025-08-01,8.23,20.3,28.3,2,94.6,23.15,4.13,3,283,69,99,156,20,4,4
USER016,2025-08-02,8.81,17.4,36.5,4,95.6,24.83,7.55,5,275,85,62,109,76,4,5
USER016,2025-08-03,8.14,28.2,36.3,3,91.2,24.02,6.88,1,297,66,83,85,10,4,5
USER016,2025-08-04,7.15,16.3,35.0,1,87.5,23.56,5.02,4,205,84,67,305,7,5,5
USER016,2025-08-05,8.11,23.2,36.9,3,96.6,23.16,5.29,2,282,82,77,21,17,4,6
USER016,2025-08-06,7.99,26.2,29.5,1,87.4,23.0,8.49,2,288,78,58,87,46,2,8
USER016,2025-08-07,5.9,25.5,25.5,5,98.3,23.41,5.21,2,316,65,69,90,77,3,6
USER016,2025-08-08,6.27,22.0,18.0,2,93.8,23.02,2.88,4,266,73,87,235,12,4,5
USER016,2025-08-09,7.83,27.1,29.4,2,96.1,23.92,3.98,5,247,89,72,211,49,5,5
USER016,2025-08-10,9.23,26.4,16.1,0,94.9,25.23,6.85,1,413,69,77,92,2,3,4
USER016,2025-08-11,6.04,25.6,31.2,1,95.5,23.48,6.3,1,264,69,66,24,60,8,8
USER016,2025-08-12,8.16,22.6,32.0,3,97.8,23.73,5.83,3,355,100,75,59,22,3,6
USER016,2025-08-13,7.89,30.6,27.6,1,96.7,23.6,7.3,2,357,81,88,229,22,4,9
USER016,2025-08-14,6.29,25.5,22.6,2,92.3,23.27,5.04,2,286,85,64,324,2,5,4
USER016,2025-08-15,6.75,30.7,21.6,1,95.1,23.68,8.58,5,256,55,83,94,18,2,5
USER016,2025-08-16,7.93,36.4,35.8,0,97.0,25.4,6.3,6,239,81,84,89,7,5,7
USER016,2025-08-17,8.96,24.1,31.3,1,97.0,23.65,5.58,6,260,83,69,205,10,5,6
USER016,2025-08-18,8.04,26.3,21.1,3,97.0,23.18,6.1,3,253,84,73,61,0,4,4
USER016,2025-08-19,6.69,27.5,37.6,3,90.4,23.44,7.0,2,261,83,82,5,25,2,7
USER016,2025-08-20,8.38,15.0,22.4,2,94.0,23.25,5.97,4,243,72,92,129,24,6,5
USER016,2025-08-21,8.56,25.0,32.2,2,92.9,23.89,8.29,6,219,81,60,101,1,3,3
USER016,2025-08-22,8.25,14.7,29.2,3,97.8,23.27,5.61,3,304,77,76,74,51,2,5
USER016,2025-08-23,7.1,27.4,29.0,1,97.6,24.06,5.21,4,331,82,74,34,29,2,6
USER016,2025-08-24,9.92,20.4,28.3,1,98.2,25.28,4.75,2,297,60,58,54,2,6,2
USER016,2025-08-25,6.05,25.4,24.8,2,94.9,23.62,5.92,0,352,77,73,20,11,2,7
USER016,2025-08-26,6.7,24.0,22.0,3,88.3,23.72,4.51,0,244,94,79,97,83,3,5
USER016,2025-08-27,6.96,31.8,19.3,1,95.7,23.91,5.5,2,369,72,80,25,0,4,6
USER016,2025-08-28,7.49,18.8,25.3,3,93.6,23.71,8.42,4,238,97,93,253,10,5,7
USER016,2025-08-29,8.86,31.8,20.8,1,93.0,23.46,4.51,0,303,81,70,61,13,5,9
USER016,2025-08-30,9.9,22.7,21.3,2,93.3,24.2,5.08,0,310,77,66,23,91,6,5
USER016,2025-08-31,4.74,27.8,33.4,1,93.2,23.92,6.14,0,398,66,64,58,36,4,5
USER016,2025-09-01,8.87,32.4,30.7,2,91.9,23.06,3.54,1,296,80,75,60,10,6,5
USER016,2025-09-02,6.96,24.2,25.3,1,94.2,23.52,7.44,4,302,83,84,192,53,3,5
USER016,2025-09-03,8.38,24.5,33.4,5,92.7,23.79,7.04,6,200,86,91,46,0,2,4
USER016,2025-09-04,8.0,31.6,32.2,0,94.9,23.45,3.78,1,211,88,86,54,2,6,6
USER016,2025-09-05,8.24,18.5,30.6,3,97.2,23.82,4.31,4,230,87,100,236,23,5,7
USER016,2025-09-06,8.84,24.4,28.2,2,92.6,24.71,4.11,4,327,82,89,130,12,2,6
USER016,2025-09-07,9.33,18.2,27.9,0,89.5,25.2,4.93,1,337,70,82,113,0,4,7
USER016,2025-09-08,8.7,18.3,13.8,2,94.4,23.54,4.41,3,327,77,94,137,0,4,4
USER016,2025-09-09,7.65,13.6,28.9,2,94.9,23.95,4.92,4,246,94,97,57,1,4,5
USER016,2025-09-10,6.69,22.5,27.3,2,98.7,23.01,3.22,4,308,92,69,161,0,5,5
USER016,2025-09-11,7.56,27.8,26.9,2,91.5,23.92,6.78,4,277,82,97,37,3,5,6
USER016,2025-09-12,8.08,19.2,34.5,1,93.0,23.48,7.3,4,271,97,91,96,34,1,7
USER016,2025-09-13,8.99,33.8,35.9,4,94.9,23.61,5.2,0,259,85,75,68,11,3,4
USER016,2025-09-14,8.18,34.8,33.9,0,97.6,23.96,4.55,3,266,86,100,48,31,4,8
USER016,2025-09-15,7.87,37.6,24.6,1,88.1,23.01,4.11,4,207,84,97,25,4,3,9
USER016,2025-09-16,8.9,27.8,34.4,2,98.5,23.0,2.58,0,236,95,89,160,25,2,7
USER016,2025-09-17,7.39,19.0,28.3,1,88.6,23.14,5.1,4,385,78,72,97,36,6,6
USER016,2025-09-18,9.31,21.7,33.3,0,92.4,23.82,4.6,1,378,56,86,37,45,4,8
USER016,2025-09-19,6.36,24.6,34.4,3,87.5,23.61,1.81,3,347,78,84,106,14,6,6
USER016,2025-09-20,9.27,19.5,28.5,4,89.7,23.64,3.68,2,356,74,91,50,7,2,5
USER016,2025-09-21,7.2,31.5,24.2,3,96.5,24.03,3.2,6,234,84,70,122,2,4,6
USER016,2025-09-22,6.45,28.4,37.7,3,93.9,23.86,6.19,1,301,95,88,76,2,3,5
USER016,2025-09-23,7.37,39.0,32.8,1,95.2,23.89,5.45,6,210,58,100,91,11,3,7
USER016,2025-09-24,7.9,24.0,28.4,2,95.3,23.19,6.22,4,202,92,92,98,27,4,4
USER016,2025-09-25,5.93,32.7,34.6,1,86.3,23.57,4.97,2,248,66,69,71,3,3,6
USER016,2025-09-26,7.31,23.7,31.3,2,90.3,23.59,6.84,6,291,89,87,119,11,3,4
USER016,2025-09-27,8.63,13.4,25.3,2,89.5,24.93,3.44,4,345,76,88,252,41,4,5
USER016,2025-09-28,7.92,31.3,20.0,1,96.6,25.47,7.66,3,200,93,90,69,31,3,5
USER016,2025-09-29,7.36,28.0,27.5,1,96.9,23.17,7.58,4,264,73,100,117,8,5,5
USER016,2025-09-30,8.4,42.1,36.2,2,96.2,23.79,6.05,4,200,80,90,31,13,3,7
USER016,2025-10-01,7.21,16.6,30.9,0,88.3,23.8,6.39,3,253,79,85,80,24,5,6
USER016,2025-10-02,7.89,27.4,27.5,3,92.1,23.53,6.75,5,228,93,100,297,33,3,6
USER016,2025-10-03,8.07,20.4,36.2,1,97.4,23.44,7.58,3,274,95,71,68,44,1,7
USER016,2025-10-04,7.73,22.2,26.0,1,97.7,25.39,6.12,5,206,100,84,123,21,3,4
USER016,2025-10-05,9.56,30.6,26.4,3,98.2,24.64,2.82,0,315,58,77,24,15,5,5
USER016,2025-10-06,7.95,25.1,26.5,4,98.2,23.01,3.9,8,219,78,90,50,42,4,4
USER016,2025-10-07,6.27,22.6,17.9,2,95.1,23.17,3.64,7,227,77,90,29,1,5,5
USER016,2025-10-08,8.15,26.8,36.2,3,95.8,23.16,5.72,5,200,96,90,37,36,4,5
USER016,2025-10-09,7.23,28.6,21.5,1,96.4,23.38,6.76,6,204,96,65,64,66,5,7
USER016,2025-10-10,8.96,20.7,25.7,1,86.1,23.24,2.0,1,375,68,73,147,17,6,4
USER016,2025-10-11,7.67,26.6,30.0,0,96.1,24.16,6.86,6,330,100,100,38,27,4,6
USER016,2025-10-12,8.35,24.2,33.2,2,97.3,24.67,5.13,3,275,93,82,111,8,6,5
USER016,2025-10-13,7.45,19.1,21.3,0,93.5,23.11,4.7,3,297,91,94,25,1,4,4
USER016,2025-10-14,7.79,33.8,18.1,4,91.9,23.07,9.46,5,229,94,81,17,23,2,2
USER016,2025-10-15,7.8,28.0,36.0,1,93.4,23.63,4.77,8,244,77,68,81,2,6,6
USER016,2025-10-16,6.06,34.9,32.0,6,98.7,23.26,4.27,4,282,57,88,136,19,2,5
USER016,2025-10-17,7.58,35.0,20.9,1,97.7,23.25,5.92,8,240,91,82,46,17,5,6
USER016,2025-10-18,7.66,40.7,26.5,3,96.7,23.59,7.5,7,322,97,91,44,7,5,7
USER016,2025-10-19,8.98,19.1,27.3,1,99.9,25.35,3.51,4,200,68,69,141,11,2,6
USER016,2025-10-20,8.83,26.1,25.7,2,96.7,23.17,5.32,2,263,80,98,5,2,1,5
USER016,2025-10-21,6.22,18.5,22.6,0,96.1,23.87,2.99,2,364,66,69,89,8,4,5
USER016,2025-10-22,9.14,29.8,22.7,0,95.7,23.22,2.83,2,361,69,56,80,5,5,4
USER016,2025-10-23,5.9,16.8,25.1,2,93.1,23.84,5.64,4,329,60,79,54,8,6,5
USER016,2025-10-24,6.96,30.0,25.0,0,98.0,23.07,6.72,2,305,75,91,86,22,3,6
USER016,2025-10-25,8.71,34.1,31.6,2,91.3,25.36,4.95,5,326,69,98,22,15,2,3
USER016,2025-10-26,8.98,22.4,26.5,1,94.3,25.27,5.25,3,396,74,77,97,0,4,4
USER016,2025-10-27,8.51,12.6,19.5,3,97.4,23.06,5.83,1,240,86,76,95,11,4,5
USER016,2025-10-28,7.57,30.4,28.8,4,96.0,23.13,4.63,4,290,100,62,89,2,8,5
USER016,2025-10-29,6.95,22.3,26.8,2,93.6,23.65,7.19,1,262,73,92,149,12,4,6
USER016,2025-10-30,7.64,32.5,26.0,0,93.3,23.01,4.0,6,238,97,78,188,32,5,6
USER016,2025-10-31,7.82,27.8,25.8,4,95.8,23.96,1.58,4,241,80,78,126,7,4,7
USER016,2025-11-01,7.72,15.9,23.0,3,87.5,24.96,4.4,3,263,86,100,213,1,4,3
USER016,2025-11-02,8.9,20.5,26.1,2,89.6,25.07,7.86,3,215,82,93,99,36,5,4
USER016,2025-11-03,7.07,26.1,18.8,4,92.0,23.28,4.47,2,200,91,84,28,24,4,5
USER016,2025-11-04,7.24,25.1,21.1,0,99.2,23.28,6.29,6,205,90,81,24,12,4,4
USER016,2025-11-05,6.82,24.6,28.0,1,91.5,23.7,3.47,4,275,79,80,19,3,3,8
USER016,2025-11-06,7.48,19.9,27.2,3,97.6,23.61,6.77,3,200,91,89,127,2,6,6
USER017,2025-07-10,7.09,14.5,20.3,4,87.8,1.49,3.18,4,284,80,100,31,33,2,7
USER017,2025-07-11,6.62,21.9,26.9,1,91.1,1.49,6.87,5,200,75,64,313,25,5,6
USER017,2025-07-12,9.61,22.1,35.1,2,93.3,1.06,2.95,3,404,55,88,305,14,2,8
USER017,2025-07-13,7.88,34.4,18.2,1,92.8,2.36,5.59,3,306,100,87,30,40,2,7
USER017,2025-07-14,7.08,28.2,20.9,2,87.6,1.34,6.4,0,239,67,87,179,10,1,6
USER017,2025-07-15,7.97,21.6,29.4,2,95.8,0.98,7.65,7,255,100,65,13,18,4,4
USER017,2025-07-16,5.52,26.6,28.2,0,92.6,1.38,2.1,0,311,78,66,91,13,4,4
USER017,2025-07-17,9.06,28.7,35.5,1,97.5,1.18,3.76,4,217,80,79,45,27,2,4
USER017,2025-07-18,6.27,26.3,31.0,2,92.4,0.56,3.44,6,319,67,80,69,3,7,6
USER017,2025-07-19,8.46,32.5,32.2,4,92.8,2.79,4.6,6,286,73,70,75,45,4,6
USER017,2025-07-20,8.83,27.6,31.8,1,98.2,2.15,6.56,2,281,71,73,117,35,3,8
USER017,2025-07-21,7.96,31.0,33.2,2,97.0,1.38,7.07,2,200,80,89,43,1,2,7
USER017,2025-07-22,6.69,28.3,30.3,0,97.4,1.4,6.64,3,235,89,84,106,25,6,5
USER017,2025-07-23,7.91,28.3,36.0,2,95.9,0.66,5.71,3,326,72,80,23,12,1,4
USER017,2025-07-24,7.34,23.4,25.7,1,97.4,0.66,5.04,4,235,100,97,39,6,4,7
USER017,2025-07-25,9.88,37.9,26.0,0,91.0,1.46,3.72,1,382,67,80,85,4,4,5
USER017,2025-07-26,7.71,23.0,16.6,2,89.5,2.81,4.53,4,262,83,85,70,120,3,4
USER017,2025-07-27,8.51,32.1,24.3,3,99.7,1.85,6.57,6,315,74,96,187,4,2,6
USER017,2025-07-28,8.54,23.1,17.9,2,84.1,0.75,5.43,3,251,87,71,111,4,1,3
USER017,2025-07-29,9.14,18.2,24.5,0,88.3,0.54,7.15,2,283,73,77,27,9,1,7
USER017,2025-07-30,6.33,38.3,15.9,2,96.0,1.3,9.25,1,350,82,88,206,31,4,6
USER017,2025-07-31,7.32,26.9,20.3,4,95.2,0.71,4.39,7,208,83,79,112,53,4,4
USER017,2025-08-01,8.74,23.0,36.5,1,93.0,0.55,6.47,0,319,71,75,89,1,6,6
USER017,2025-08-02,8.61,28.1,28.1,3,96.4,1.14,2.52,2,276,96,69,61,6,2,6
USER017,2025-08-03,8.47,19.1,37.7,4,93.5,2.8,6.05,0,286,87,83,55,39,6,3
USER017,2025-08-04,9.01,21.9,32.3,4,87.6,1.14,6.1,1,224,70,63,131,9,6,5
USER017,2025-08-05,8.11,21.0,31.2,5,95.1,0.64,4.67,3,266,84,91,63,6,5,6
USER017,2025-08-06,6.6,38.7,29.6,1,84.1,1.42,7.28,5,284,62,98,13,9,3,5
USER017,2025-08-07,7.14,24.3,24.1,0,97.5,1.19,5.85,7,218,64,95,89,45,2,6
USER017,2025-08-08,5.13,30.0,26.7,4,92.0,0.81,2.04,0,381,59,62,118,19,2,6
USER017,2025-08-09,8.84,14.8,22.2,2,97.7,2.57,7.88,3,200,75,68,44,62,3,5
USER017,2025-08-10,7.89,20.7,28.5,0,93.2,1.3,5.93,7,200,78,85,54,7,3,6
USER017,2025-08-11,7.04,21.1,18.1,3,94.0,1.11,7.34,1,241,89,76,75,23,2,5
USER017,2025-08-12,7.21,27.9,19.9,4,94.7,0.84,5.38,5,241,81,84,59,55,4,6
USER017,2025-08-13,7.53,27.7,35.3,1,95.3,0.72,5.92,3,263,70,89,44,39,5,6
USER017,2025-08-14,6.68,23.6,28.9,5,92.9,0.65,5.39,2,237,85,92,219,5,3,6
USER017,2025-08-15,6.73,23.6,31.6,1,93.2,1.45,4.54,6,358,78,91,81,23,3,6
USER017,2025-08-16,8.29,25.1,31.5,2,94.9,1.95,4.14,3,282,100,87,52,4,6,5
USER017,2025-08-17,9.5,33.4,21.7,4,92.8,1.8,5.48,1,332,79,90,121,28,2,4
USER017,2025-08-18,6.7,14.7,22.0,2,86.6,0.76,2.94,1,332,65,79,37,0,3,5
USER017,2025-08-19,5.45,26.6,35.2,2,93.9,1.01,5.03,2,328,62,77,150,12,2,4
USER017,2025-08-20,8.82,10.7,34.1,4,92.2,0.84,4.55,2,328,70,90,145,33,6,4
USER017,2025-08-21,6.02,20.3,33.3,0,88.3,1.44,6.9,0,320,90,60,29,44,6,6
USER017,2025-08-22,6.22,25.8,28.7,1,98.4,0.69,3.51,3,212,73,79,31,14,4,7
USER017,2025-08-23,10.51,15.0,24.6,2,93.1,1.37,4.43,0,433,70,58,190,0,5,8
USER017,2025-08-24,8.34,28.7,32.0,3,92.4,1.14,4.61,5,320,87,86,69,12,5,5
USER017,2025-08-25,6.27,29.4,26.6,3,97.7,0.51,5.78,3,345,70,69,75,4,3,4
USER017,2025-08-26,7.06,12.2,22.3,2,94.3,1.17,4.5,1,200,64,89,156,55,7,5
USER017,2025-08-27,5.74,16.3,15.9,2,92.6,1.05,5.7,0,344,86,69,86,30,3,4
USER017,2025-08-28,6.55,28.7,34.4,1,94.6,1.09,7.32,4,321,77,95,177,32,4,7
USER017,2025-08-29,8.28,34.2,36.8,3,90.4,0.64,5.17,4,332,65,82,131,9,2,4
USER017,2025-08-30,8.45,33.4,25.7,1,93.1,2.03,4.72,4,361,81,93,126,4,5,7
USER017,2025-08-31,8.96,25.2,35.2,1,96.1,2.17,6.94,7,266,76,67,31,24,3,7
USER017,2025-09-01,6.94,21.9,31.0,1,87.9,0.78,5.88,4,305,77,86,56,0,4,3
USER017,2025-09-02,5.29,30.5,27.3,0,92.0,1.19,2.9,2,316,59,72,15,14,4,7
USER017,2025-09-03,7.09,19.2,22.7,6,98.0,0.91,4.86,5,293,80,96,97,15,5,6
USER017,2025-09-04,5.13,27.9,32.1,3,92.5,1.0,4.72,1,258,44,81,89,6,2,5
USER017,2025-09-05,9.3,24.2,21.4,2,91.5,1.39,5.37,1,424,79,92,161,25,3,4
USER017,2025-09-06,7.28,28.9,22.7,6,97.6,1.35,5.13,2,281,95,100,161,23,5,6
USER017,2025-09-07,8.53,16.9,24.7,2,96.6,1.17,6.03,6,205,75,80,201,58,4,5
USER017,2025-09-08,8.1,29.7,19.6,2,90.2,1.35,5.34,5,314,89,73,80,6,3,8
USER017,2025-09-09,8.41,26.7,24.4,3,88.6,1.24,3.95,4,361,97,93,105,13,5,4
USER017,2025-09-10,8.02,25.1,20.7,0,85.8,0.72,5.41,4,203,77,69,107,26,5,7
USER017,2025-09-11,6.7,33.3,30.6,4,92.8,1.36,6.7,4,317,55,63,137,31,5,5
USER017,2025-09-12,7.57,21.5,36.5,3,85.7,1.43,5.91,5,300,81,86,30,22,3,5
USER017,2025-09-13,6.76,18.7,25.6,1,90.9,2.15,4.49,4,345,74,96,44,88,3,5
USER017,2025-09-14,7.34,29.9,26.2,4,92.3,1.53,5.99,4,268,77,80,134,11,4,7
USER017,2025-09-15,7.77,25.2,35.5,4,94.2,0.64,6.07,3,290,86,76,182,21,6,7
USER017,2025-09-16,7.08,30.0,28.2,5,94.6,0.86,4.88,6,229,72,93,60,4,2,8
USER017,2025-09-17,7.71,28.2,24.2,1,97.8,0.97,4.39,2,262,92,100,102,30,6,7
USER017,2025-09-18,5.95,31.4,17.2,2,93.0,0.55,5.72,0,341,74,74,34,16,4,6
USER017,2025-09-19,9.2,24.3,28.9,3,93.0,1.0,7.95,3,284,78,65,58,12,3,5
USER017,2025-09-20,9.7,27.4,31.5,3,98.2,2.55,2.12,2,295,71,85,103,11,5,3
USER017,2025-09-21,9.0,38.4,26.9,3,84.9,2.22,5.32,7,257,77,84,83,23,6,6
USER017,2025-09-22,7.28,17.2,19.6,1,97.9,0.99,4.64,2,284,57,76,31,21,6,7
USER017,2025-09-23,6.08,29.1,27.1,4,88.7,0.69,5.04,2,329,50,70,81,0,3,5
USER017,2025-09-24,6.42,29.7,22.4,1,95.4,0.83,3.28,4,315,79,81,56,5,2,7
USER017,2025-09-25,6.91,20.0,28.2,4,90.6,1.33,6.1,4,275,86,55,106,17,2,3
USER017,2025-09-26,7.92,19.3,29.8,2,97.9,1.16,7.0,3,204,94,64,111,26,3,5
USER017,2025-09-27,9.51,16.1,36.3,2,96.5,1.49,0.9,4,326,91,76,124,1,1,6
USER017,2025-09-28,8.18,22.5,21.1,6,91.6,1.78,4.85,4,234,83,66,123,13,3,7
USER017,2025-09-29,7.82,16.2,19.7,1,94.1,1.21,4.84,4,217,94,92,139,5,3,7
USER017,2025-09-30,7.74,19.3,14.3,0,94.5,0.59,7.26,4,277,92,92,7,25,7,6
USER017,2025-10-01,7.22,22.3,25.6,2,89.5,0.82,6.77,4,236,67,90,134,6,6,6
USER017,2025-10-02,5.86,17.4,14.2,4,88.7,1.39,3.94,2,390,63,78,138,24,2,5
USER017,2025-10-03,8.49,26.8,21.4,3,90.8,1.23,4.74,3,307,71,80,93,2,4,3
USER017,2025-10-04,7.22,22.4,24.9,3,97.4,2.61,6.57,1,256,92,99,50,4,3,8
USER017,2025-10-05,9.2,16.4,22.6,2,97.3,2.48,6.33,0,276,67,70,72,5,7,7
USER017,2025-10-06,6.34,18.3,30.0,5,92.5,0.87,6.49,0,304,90,60,54,22,5,7
USER017,2025-10-07,7.26,21.6,24.6,2,92.7,0.84,2.87,7,284,67,97,246,2,4,5
USER017,2025-10-08,7.7,18.9,35.3,6,98.5,0.5,5.57,3,200,92,76,25,32,4,6
USER017,2025-10-09,6.92,43.8,24.9,3,98.2,1.46,5.84,5,340,59,89,226,15,6,7
USER017,2025-10-10,6.65,31.7,22.9,3,90.2,1.21,4.72,0,290,61,91,81,5,4,5
USER017,2025-10-11,7.56,17.5,17.0,0,96.0,2.81,6.18,5,250,85,73,160,46,1,6
USER017,2025-10-12,8.95,20.1,28.3,1,96.0,2.09,4.75,4,388,88,67,68,108,3,8
USER017,2025-10-13,7.21,18.4,28.2,1,95.8,1.1,6.2,4,321,78,98,111,0,5,4
USER017,2025-10-14,6.4,41.6,25.8,1,86.8,0.79,8.48,2,333,56,65,92,4,4,7
USER017,2025-10-15,7.95,25.5,27.2,2,90.5,0.53,5.07,4,260,81,89,85,8,2,5
USER017,2025-10-16,7.17,23.4,34.6,1,93.7,0.81,6.37,8,355,78,77,82,7,2,5
USER017,2025-10-17,7.59,21.8,35.5,0,93.7,0.84,5.53,2,278,64,96,146,1,7,6
USER017,2025-10-18,8.73,25.7,15.1,1,93.7,1.32,6.66,3,279,78,54,5,32,4,7
USER017,2025-10-19,8.86,29.4,27.5,2,91.0,2.69,3.07,3,279,74,88,24,2,5,5
USER017,2025-10-20,8.77,20.3,26.4,3,94.7,1.06,3.55,4,200,69,65,80,14,2,6
USER017,2025-10-21,5.99,24.7,30.5,2,93.0,0.58,5.57,1,272,80,85,109,72,3,6
USER017,2025-10-22,7.11,26.0,23.8,2,89.5,1.07,5.93,7,246,66,84,136,24,4,6
USER017,2025-10-23,6.46,21.4,24.7,2,85.2,1.48,4.19,4,351,78,74,61,17,4,7
USER017,2025-10-24,8.09,28.8,16.7,1,95.7,1.11,5.96,4,299,95,81,65,27,2,5
USER017,2025-10-25,7.93,32.3,16.9,0,93.3,2.02,5.38,4,201,96,73,131,7,2,5
USER017,2025-10-26,9.46,19.5,29.3,0,95.9,2.2,5.46,3,383,69,81,55,52,4,5
USER017,2025-10-27,7.87,28.8,35.6,2,88.6,1.44,6.62,1,387,76,89,118,11,2,5
USER017,2025-10-28,6.21,19.0,25.3,2,97.8,1.04,6.88,1,278,87,63,11,21,4,6
USER017,2025-10-29,7.79,26.6,26.0,2,97.9,1.01,3.65,6,248,84,82,52,22,2,8
USER017,2025-10-30,5.59,21.2,31.9,0,93.2,0.6,2.85,2,213,65,65,78,7,3,5
USER017,2025-10-31,8.91,12.1,29.9,3,94.9,1.27,5.49,5,337,83,100,40,14,4,6
USER017,2025-11-01,8.52,20.2,27.4,2,97.1,2.67,5.59,3,216,78,100,84,38,5,5
USER017,2025-11-02,7.72,24.0,36.2,1,94.2,2.0,5.87,7,238,100,91,142,7,3,7
USER017,2025-11-03,6.81,25.9,27.0,3,95.9,1.34,4.75,2,304,77,91,33,8,6,6
USER017,2025-11-04,8.67,29.7,29.6,2,94.2,1.39,2.93,3,231,58,89,47,40,3,4
USER017,2025-11-05,7.27,39.8,40.0,3,93.1,0.61,2.81,2,232,91,74,47,15,7,7
USER017,2025-11-06,6.92,29.0,22.2,1,95.1,1.16,6.2,3,212,75,80,95,6,5,5
USER018,2025-07-10,8.99,21.7,24.1,1,95.3,1.36,5.87,1,337,74,53,84,45,5,5
USER018,2025-07-11,7.86,30.3,27.9,3,89.9,0.55,5.2,1,270,70,67,129,1,5,8
USER018,2025-07-12,7.56,40.3,28.9,4,93.2,2.62,4.33,8,265,93,65,172,19,2,7
USER018,2025-07-13,8.15,19.7,33.3,1,99.4,2.88,5.29,3,308,98,80,69,17,3,7
USER018,2025-07-14,6.22,34.1,34.5,3,99.0,0.75,5.29,6,207,71,97,118,18,1,5
USER018,2025-07-15,6.52,31.9,30.8,1,98.8,1.2,7.01,4,318,71,95,119,18,6,7
USER018,2025-07-16,5.91,25.7,28.9,1,95.5,0.92,7.0,2,221,81,67,100,65,3,6
USER018,2025-07-17,7.82,24.2,23.5,1,84.9,0.76,3.08,1,293,81,72,36,1,4,5
USER018,2025-07-18,6.43,39.5,29.4,2,92.4,0.57,4.45,3,303,82,87,214,11,4,7
USER018,2025-07-19,7.43,25.1,30.9,3,93.2,1.67,7.27,5,215,78,63,86,0,3,4
USER018,2025-07-20,8.13,21.4,31.5,4,85.9,1.1,4.96,4,349,93,70,50,21,4,7
USER018,2025-07-21,6.98,21.4,26.7,2,95.7,0.72,4.18,6,333,92,95,167,0,2,6
USER018,2025-07-22,8.3,29.9,36.7,1,93.6,1.16,5.04,3,242,65,74,78,23,6,4
USER018,2025-07-23,6.52,33.6,14.9,2,98.6,0.82,5.01,1,318,100,76,92,24,4,8
USER018,2025-07-24,4.58,31.9,32.4,5,90.1,1.01,5.24,2,366,60,73,60,32,2,5
USER018,2025-07-25,6.82,30.7,25.9,2,97.1,1.31,6.82,5,347,73,73,29,30,4,5
USER018,2025-07-26,7.14,23.2,31.2,0,98.5,2.12,6.24,3,336,96,91,121,38,5,8
USER018,2025-07-27,7.33,31.6,24.8,0,94.1,1.58,5.13,6,325,76,88,42,16,3,5
USER018,2025-07-28,5.38,23.3,24.1,1,90.9,1.17,4.25,2,340,72,76,93,0,3,6
USER018,2025-07-29,8.32,17.4,26.0,1,97.5,1.21,7.43,2,287,61,94,62,29,5,5
USER018,2025-07-30,5.81,23.2,30.9,1,97.3,0.62,5.76,4,305,88,59,19,18,4,5
USER018,2025-07-31,6.93,15.6,25.5,2,89.8,0.51,2.84,5,289,71,92,180,26,3,6
USER018,2025-08-01,4.8,15.9,17.5,2,90.5,0.93,4.2,1,363,61,49,55,17,3,5
USER018,2025-08-02,6.64,17.9,27.7,0,86.9,2.02,5.75,7,257,88,100,108,10,4,6
USER018,2025-08-03,6.22,19.9,22.4,4,90.6,1.13,3.48,4,265,75,100,100,32,4,7
USER018,2025-08-04,5.41,19.1,36.6,3,89.7,0.61,4.65,2,244,73,72,67,26,4,5
USER018,2025-08-05,6.99,25.0,30.2,6,91.9,1.41,5.85,3,200,74,100,100,20,3,5
USER018,2025-08-06,6.92,20.5,37.7,5,90.2,1.07,5.17,4,222,100,86,2,11,4,5
USER018,2025-08-07,5.1,32.6,29.7,2,98.4,1.4,4.64,6,385,63,79,34,40,5,6
USER018,2025-08-08,6.88,26.7,29.8,2,97.4,0.73,8.04,6,307,100,74,87,9,5,6
USER018,2025-08-09,7.02,28.5,18.9,2,91.3,1.45,6.4,4,200,88,99,50,13,6,5
USER018,2025-08-10,7.86,15.1,14.5,0,95.3,1.26,7.69,3,304,84,81,133,8,2,5
USER018,2025-08-11,7.59,26.0,24.9,1,93.7,0.53,4.97,8,222,79,79,120,1,4,7
USER018,2025-08-12,5.19,24.9,27.0,0,90.0,1.22,3.32,1,385,70,81,193,0,4,7
USER018,2025-08-13,6.18,32.0,26.8,5,96.1,1.38,6.02,3,208,83,89,73,14,3,5
USER018,2025-08-14,5.14,23.3,29.0,4,92.8,0.53,5.35,4,369,85,51,82,9,3,4
USER018,2025-08-15,7.14,28.8,32.8,1,96.5,0.55,5.41,3,292,91,96,180,12,5,5
USER018,2025-08-16,7.66,31.2,25.2,1,93.4,1.94,4.64,1,210,78,78,90,3,5,6
USER018,2025-08-17,8.03,22.2,16.1,3,89.3,1.01,8.37,4,218,70,99,116,1,4,6
USER018,2025-08-18,7.47,18.5,28.9,3,96.6,1.08,6.45,3,235,81,80,119,6,1,4
USER018,2025-08-19,6.67,17.3,28.4,2,93.6,1.14,7.04,5,301,100,95,165,13,4,6
USER018,2025-08-20,7.18,25.2,30.6,0,94.4,1.49,6.44,1,247,62,79,12,33,2,5
USER018,2025-08-21,6.17,28.7,30.7,2,96.0,0.7,6.16,3,200,86,64,48,2,4,9
USER018,2025-08-22,4.0,19.0,35.6,3,96.2,1.35,1.52,0,350,68,78,50,24,3,4
USER018,2025-08-23,8.1,25.5,24.3,2,93.0,2.83,3.38,4,253,68,68,48,11,3,3
USER018,2025-08-24,8.0,20.8,26.1,3,90.7,1.39,6.28,1,343,83,77,168,21,2,6
USER018,2025-08-25,7.5,30.3,16.2,3,96.1,1.04,7.31,4,280,85,96,90,18,2,6
USER018,2025-08-26,6.26,31.3,30.7,1,96.3,1.43,6.37,6,362,90,86,37,8,5,7
USER018,2025-08-27,5.78,23.5,26.2,3,92.3,1.25,5.0,3,264,76,77,168,44,5,4
USER018,2025-08-28,6.74,13.3,26.4,1,95.9,1.06,5.94,1,229,87,85,115,19,2,6
USER018,2025-08-29,6.3,23.1,35.7,1,98.6,1.38,4.45,2,295,81,83,28,50,3,7
USER018,2025-08-30,7.09,19.7,29.1,4,89.5,1.04,7.99,3,200,89,92,122,3,7,7
USER018,2025-08-31,8.12,29.2,31.0,1,99.3,2.12,5.22,1,320,77,86,124,17,5,4
USER018,2025-09-01,8.4,20.8,21.8,3,91.4,0.75,4.84,2,312,74,67,146,0,4,7
USER018,2025-09-02,7.77,20.4,26.1,6,84.0,0.85,5.46,2,267,71,76,63,7,3,8
USER018,2025-09-03,5.42,22.7,22.9,1,93.9,1.13,5.42,3,329,83,92,24,4,6,6
USER018,2025-09-04,5.93,19.3,29.6,1,91.9,1.34,4.83,4,302,71,82,98,0,4,7
USER018,2025-09-05,7.04,24.8,18.3,1,90.1,0.98,8.52,4,245,100,79,9,49,4,7
USER018,2025-09-06,10.17,19.8,27.4,4,94.1,2.78,3.86,0,403,65,80,99,8,3,3
USER018,2025-09-07,5.93,30.1,29.9,4,93.9,2.45,4.79,3,308,67,72,85,28,7,2
USER018,2025-09-08,5.38,27.9,27.7,1,92.4,0.67,4.19,0,281,73,87,298,12,4,7
USER018,2025-09-09,4.0,20.4,16.3,1,91.4,0.85,4.79,0,403,59,46,93,59,6,5
USER018,2025-09-10,7.25,27.3,26.2,1,93.4,1.21,5.2,0,277,98,71,161,5,7,4
USER018,2025-09-11,6.02,29.2,32.9,3,91.8,0.7,6.01,1,292,69,68,60,19,5,7
USER018,2025-09-12,6.83,19.2,27.1,1,91.8,1.11,4.88,1,317,84,95,149,10,2,8
USER018,2025-09-13,7.05,27.4,34.5,1,84.1,1.14,5.13,1,207,61,91,72,17,5,5
USER018,2025-09-14,7.33,23.0,25.9,1,95.4,2.61,5.4,3,310,74,100,132,61,3,4
USER018,2025-09-15,7.21,33.4,30.1,2,87.9,0.86,8.38,4,326,65,73,113,35,3,6
USER018,2025-09-16,8.15,24.4,35.4,2,95.3,1.35,5.47,4,390,76,94,50,30,4,7
USER018,2025-09-17,7.02,32.2,35.9,4,94.8,1.23,4.92,4,229,95,100,20,28,5,5
USER018,2025-09-18,8.56,10.9,37.2,3,92.9,0.78,4.69,1,301,60,87,141,17,2,5
USER018,2025-09-19,6.8,33.3,23.8,2,85.4,1.26,8.06,8,290,75,74,70,8,2,5
USER018,2025-09-20,8.14,28.5,34.4,0,92.2,2.51,5.63,1,261,79,64,51,3,2,7
USER018,2025-09-21,8.04,25.5,33.0,0,93.5,2.62,4.92,3,359,88,68,84,0,2,8
USER018,2025-09-22,6.51,19.2,31.0,3,96.8,1.36,6.3,7,267,90,70,115,40,3,3
USER018,2025-09-23,7.36,19.8,26.9,1,97.7,1.48,4.39,4,261,84,79,29,42,2,4
USER018,2025-09-24,7.1,11.2,29.1,1,94.3,0.66,6.76,4,330,90,88,122,22,2,6
USER018,2025-09-25,7.28,17.7,23.9,2,96.2,0.65,4.86,5,228,82,73,242,9,4,4
USER018,2025-09-26,5.85,27.9,25.9,3,96.8,0.51,4.16,3,335,77,100,121,10,2,8
USER018,2025-09-27,8.33,33.1,21.1,4,83.9,2.79,4.5,0,252,80,59,69,23,3,5
USER018,2025-09-28,7.54,18.5,32.6,1,90.3,1.68,5.86,5,316,64,75,56,30,6,3
USER018,2025-09-29,7.02,34.5,28.4,6,92.4,0.63,3.52,1,219,82,72,158,44,5,5
USER018,2025-09-30,5.22,17.3,34.0,3,98.5,1.11,3.02,3,317,79,89,21,1,5,5
USER018,2025-10-01,5.15,22.8,33.1,0,95.9,0.51,2.39,3,306,78,72,67,51,5,6
USER018,2025-10-02,6.94,19.6,26.3,2,93.7,0.77,4.37,8,310,100,93,77,5,7,6
USER018,2025-10-03,8.06,21.8,26.1,5,95.9,0.66,1.75,3,321,72,89,169,30,1,7
USER018,2025-10-04,7.23,22.8,34.5,1,87.4,1.02,5.74,2,292,95,77,57,39,3,5
USER018,2025-10-05,7.51,21.9,32.9,2,94.7,2.7,5.56,1,267,76,90,82,10,2,6
USER018,2025-10-06,6.69,31.3,32.1,2,91.7,1.2,4.16,6,337,94,70,33,17,5,6
USER018,2025-10-07,7.82,22.9,22.3,0,96.9,1.25,3.98,5,234,73,86,87,13,3,4
USER018,2025-10-08,6.49,31.0,35.7,2,97.2,1.33,5.03,7,200,91,77,53,9,1,4
USER018,2025-10-09,7.52,21.3,28.0,2,90.9,0.63,7.32,2,296,77,88,17,18,2,8
USER018,2025-10-10,5.65,31.2,24.1,2,94.7,0.92,4.72,0,290,72,69,46,31,3,6
USER018,2025-10-11,5.78,26.0,31.5,1,91.8,2.08,5.77,1,283,89,77,91,27,3,3
USER018,2025-10-12,6.47,25.8,15.9,1,96.2,1.07,7.1,3,294,89,87,18,9,6,3
USER018,2025-10-13,7.42,29.6,19.4,3,95.7,0.52,4.67,4,236,79,78,86,2,2,7
USER018,2025-10-14,7.24,28.4,30.7,1,92.0,0.83,7.11,3,251,81,91,64,6,3,5
USER018,2025-10-15,7.62,24.1,19.8,2,95.7,1.48,1.79,6,397,79,93,118,6,1,7
USER018,2025-10-16,4.76,22.1,28.3,1,94.3,0.52,3.46,2,297,65,75,19,2,6,4
USER018,2025-10-17,7.49,30.2,33.8,3,98.4,0.61,6.18,4,200,75,100,28,2,4,5
USER018,2025-10-18,8.63,26.4,18.3,1,97.9,1.23,6.2,2,310,66,88,16,73,1,4
USER018,2025-10-19,7.53,37.9,16.7,1,96.5,1.65,5.92,3,238,88,100,46,3,4,3
USER018,2025-10-20,6.36,33.4,26.4,4,89.8,0.92,4.85,5,247,58,85,143,23,4,6
USER018,2025-10-21,5.95,16.5,19.6,2,98.2,1.06,3.75,2,299,79,62,141,4,3,7
USER018,2025-10-22,6.44,24.8,26.0,1,82.4,1.21,7.13,9,200,95,93,121,31,2,6
USER018,2025-10-23,6.07,18.0,23.7,0,90.4,0.81,7.11,1,320,72,60,186,32,7,6
USER018,2025-10-24,6.01,23.0,24.5,2,87.5,1.32,4.44,3,291,72,89,225,32,2,6
USER018,2025-10-25,7.79,34.2,36.4,1,91.3,1.28,6.04,5,301,72,96,29,19,2,5
USER018,2025-10-26,7.02,27.1,30.2,2,97.6,2.23,4.52,5,241,89,100,5,3,5,4
USER018,2025-10-27,7.09,23.9,26.2,2,93.3,1.46,7.72,2,236,68,90,25,20,5,4
USER018,2025-10-28,5.97,30.7,31.0,0,89.5,0.9,2.22,3,311,91,63,208,1,4,4
USER018,2025-10-29,7.83,23.8,32.7,2,93.3,0.81,2.93,7,200,82,72,38,5,4,4
USER018,2025-10-30,7.06,20.5,31.7,3,95.7,1.36,5.47,5,237,94,78,168,3,7,5
USER018,2025-10-31,6.59,18.7,23.4,2,94.6,0.87,5.42,4,322,90,84,5,1,4,6
USER018,2025-11-01,7.48,28.9,35.6,3,95.3,2.78,8.93,2,309,83,90,88,31,3,6
USER018,2025-11-02,7.98,30.7,25.5,2,93.2,1.69,4.65,2,331,79,63,148,4,3,7
USER018,2025-11-03,5.86,21.8,27.0,4,96.3,0.66,4.97,3,250,100,75,147,3,5,5
USER018,2025-11-04,6.37,28.1,37.1,0,98.5,1.07,7.04,3,366,78,81,53,3,5,6
USER018,2025-11-05,7.9,20.6,30.3,3,94.6,0.92,5.99,2,271,81,96,146,7,4,6
USER018,2025-11-06,6.76,15.8,15.4,3,82.3,0.99,8.55,2,289,75,86,9,13,6,5
USER019,2025-07-10,8.28,24.9,41.1,4,93.7,23.47,4.05,7,298,64,70,135,17,4,4
USER019,2025-07-11,9.16,17.4,33.0,3,94.6,23.88,3.76,4,358,93,81,52,10,2,6
USER019,2025-07-12,9.93,23.3,16.2,1,82.2,25.39,5.06,1,257,73,77,136,4,3,6
USER019,2025-07-13,10.59,25.1,26.5,4,92.4,24.61,5.29,2,464,72,55,72,3,3,5
USER019,2025-07-14,9.65,24.7,34.9,2,94.1,23.21,3.69,3,213,80,76,159,5,6,6
USER019,2025-07-15,7.87,32.6,29.4,5,95.7,23.47,7.0,7,258,82,72,171,28,2,6
USER019,2025-07-16,9.3,29.8,23.1,2,97.1,23.3,7.42,4,245,99,83,118,0,3,4
USER019,2025-07-17,8.86,19.0,25.6,3,92.3,23.21,7.26,5,269,74,100,94,3,5,7
USER019,2025-07-18,9.02,31.6,21.4,2,94.7,23.73,4.73,3,209,94,77,116,42,3,6
USER019,2025-07-19,9.18,31.7,24.2,2,94.5,24.55,5.78,7,242,100,94,23,39,2,4
USER019,2025-07-20,8.88,23.5,35.7,2,97.7,24.1,5.6,6,213,76,100,76,14,5,5
USER019,2025-07-21,9.86,25.7,32.8,2,89.0,23.41,6.61,3,243,85,91,105,3,3,8
USER019,2025-07-22,8.28,20.9,27.2,3,92.1,23.65,4.24,4,336,96,76,200,18,1,8
USER019,2025-07-23,7.32,32.1,21.3,3,91.2,23.57,2.24,0,279,58,69,162,11,3,5
USER019,2025-07-24,8.84,20.9,29.2,3,88.3,23.52,3.28,4,248,77,64,75,11,1,6
USER019,2025-07-25,8.88,24.6,23.2,1,93.9,23.86,5.5,5,227,82,85,74,31,4,5
USER019,2025-07-26,9.44,19.9,40.9,2,94.4,24.42,6.75,7,329,100,100,0,5,4,6
USER019,2025-07-27,9.28,25.6,28.5,1,93.8,23.64,5.92,1,342,68,96,286,17,2,6
USER019,2025-07-28,7.38,33.6,25.4,4,89.9,23.11,5.06,0,285,72,84,124,3,2,6
USER019,2025-07-29,9.12,33.3,32.7,3,97.0,23.42,7.81,5,210,94,100,129,26,2,7
USER019,2025-07-30,9.4,13.4,32.1,3,96.7,23.74,4.25,3,221,94,98,132,30,3,9
USER019,2025-07-31,7.43,26.6,23.6,1,96.9,23.75,8.11,1,335,73,65,144,31,4,6
USER019,2025-08-01,7.57,26.2,27.4,2,93.3,23.82,4.92,2,294,64,56,61,29,2,6
USER019,2025-08-02,8.27,20.7,29.7,4,98.0,24.11,7.01,4,222,89,80,41,2,4,3
USER019,2025-08-03,8.39,15.7,23.8,5,99.1,23.93,6.77,2,258,76,98,15,23,4,4
USER019,2025-08-04,7.95,23.8,28.0,4,88.9,23.39,3.63,3,332,93,98,95,14,4,5
USER019,2025-08-05,8.49,12.6,28.3,3,96.6,23.8,8.75,7,227,71,96,145,3,4,5
USER019,2025-08-06,7.82,35.3,20.8,2,92.6,23.21,5.51,5,268,70,81,68,11,3,5
USER019,2025-08-07,8.7,27.3,19.0,2,96.3,23.67,5.3,7,245,96,88,44,49,2,4
USER019,2025-08-08,8.74,20.6,18.4,2,88.8,23.95,3.53,7,287,83,75,59,7,3,6
USER019,2025-08-09,10.11,44.4,30.2,2,92.4,23.98,8.3,2,249,80,75,8,1,4,6
USER019,2025-08-10,7.72,15.5,35.9,4,93.8,24.27,4.01,3,290,76,84,110,62,4,4
USER019,2025-08-11,11.58,27.4,33.8,4,96.0,23.26,3.47,0,295,85,74,61,26,4,5
USER019,2025-08-12,8.66,20.8,28.6,0,91.5,23.69,5.53,5,279,80,100,371,0,2,8
USER019,2025-08-13,10.18,25.4,17.3,1,91.9,23.46,8.22,1,359,75,84,113,21,3,6
USER019,2025-08-14,7.37,20.5,26.0,3,93.3,23.19,4.45,1,356,57,51,63,12,3,6
USER019,2025-08-15,6.71,15.4,19.7,4,90.8,23.36,5.4,0,272,58,76,39,10,5,5
USER019,2025-08-16,9.12,19.5,36.6,3,94.3,25.26,6.18,2,264,85,83,107,13,5,6
USER019,2025-08-17,9.73,20.6,26.8,0,93.9,23.82,4.69,3,246,86,81,204,0,5,6
USER019,2025-08-18,8.78,20.8,18.4,0,92.1,24.0,8.47,2,255,74,88,120,12,3,7
USER019,2025-08-19,8.29,35.8,20.9,2,93.4,23.83,7.0,3,213,86,92,29,25,5,7
USER019,2025-08-20,8.08,26.2,39.9,1,97.6,23.57,2.9,1,318,87,68,104,3,4,8
USER019,2025-08-21,9.09,27.8,29.6,4,97.3,23.26,6.46,2,296,95,100,53,84,7,3
USER019,2025-08-22,6.92,27.6,22.3,4,87.5,23.92,4.36,2,238,45,81,26,14,4,4
USER019,2025-08-23,10.48,35.6,26.9,4,88.2,24.38,3.26,4,249,84,95,89,26,2,3
USER019,2025-08-24,10.08,23.1,27.5,1,87.0,24.75,5.19,5,350,77,78,209,15,5,4
USER019,2025-08-25,8.91,29.9,35.3,2,94.2,23.69,7.4,2,241,85,98,62,11,3,6
USER019,2025-08-26,9.85,27.3,26.8,3,97.7,23.07,3.91,1,346,81,72,46,7,2,4
USER019,2025-08-27,9.84,22.6,29.0,2,97.7,23.91,5.64,5,200,81,69,118,12,4,5
USER019,2025-08-28,8.14,28.8,35.4,2,97.3,23.8,5.41,4,205,83,85,206,32,3,4
USER019,2025-08-29,9.85,20.3,25.4,2,95.9,23.79,3.97,6,300,85,75,129,4,5,4
USER019,2025-08-30,8.64,22.8,23.3,2,95.5,23.54,7.38,5,268,86,84,97,16,5,3
USER019,2025-08-31,9.62,29.1,35.6,2,97.8,24.84,7.77,0,285,76,67,28,4,2,6
USER019,2025-09-01,8.03,17.5,31.7,4,95.5,23.04,7.03,3,315,84,68,105,3,5,5
USER019,2025-09-02,8.1,31.9,39.6,3,93.6,23.84,3.45,6,340,78,77,129,17,3,7
USER019,2025-09-03,7.63,23.3,21.1,2,93.7,23.82,4.78,2,319,72,83,63,94,4,6
USER019,2025-09-04,8.64,25.9,28.3,1,97.8,23.93,7.92,3,219,89,70,97,39,2,5
USER019,2025-09-05,8.26,26.8,20.0,2,80.8,23.3,3.6,2,262,74,64,142,28,3,5
USER019,2025-09-06,10.15,15.7,41.4,2,86.9,24.74,5.68,1,310,80,67,72,3,2,7
USER019,2025-09-07,9.4,15.5,33.7,2,97.3,23.59,7.35,4,339,85,78,84,44,4,5
USER019,2025-09-08,8.26,14.5,17.7,2,96.2,23.51,3.66,1,233,89,77,161,14,3,8
USER019,2025-09-09,9.24,27.0,22.7,2,93.3,23.16,8.43,4,345,83,61,59,14,2,7
USER019,2025-09-10,9.08,25.5,32.3,3,82.8,23.79,4.25,3,320,76,85,97,4,4,6
USER019,2025-09-11,7.72,30.4,30.2,3,97.5,23.31,5.49,2,237,88,80,44,40,2,7
USER019,2025-09-12,9.66,25.2,22.7,2,96.4,23.48,6.54,3,297,89,100,108,9,2,5
USER019,2025-09-13,9.06,31.3,33.3,2,96.6,24.51,5.89,4,251,88,88,34,11,4,7
USER019,2025-09-14,10.57,20.8,26.6,0,93.5,24.56,6.81,4,307,66,69,119,21,3,5
USER019,2025-09-15,8.73,23.1,27.0,3,95.0,23.8,6.36,3,248,96,78,150,9,6,8
USER019,2025-09-16,8.49,17.4,25.2,2,98.6,23.87,8.68,3,298,83,95,82,9,3,6
USER019,2025-09-17,8.06,21.4,32.8,0,93.6,23.49,3.92,2,228,78,87,39,0,5,5
USER019,2025-09-18,7.58,16.1,27.1,1,98.1,23.2,4.9,1,365,91,82,57,37,3,5
USER019,2025-09-19,8.6,26.2,26.3,4,97.7,23.5,4.31,5,205,77,74,101,18,6,6
USER019,2025-09-20,9.74,21.2,37.2,0,94.7,24.44,5.69,2,262,100,97,205,18,4,7
USER019,2025-09-21,9.71,25.6,15.8,4,94.7,24.13,2.9,5,327,88,76,77,17,3,6
USER019,2025-09-22,8.17,13.9,24.5,3,88.7,23.56,5.37,1,200,66,55,165,0,3,5
USER019,2025-09-23,8.48,24.5,26.5,4,92.6,23.91,6.6,2,318,93,94,139,29,4,8
USER019,2025-09-24,8.87,16.0,16.8,1,95.8,23.76,8.35,7,284,100,100,88,2,7,7
USER019,2025-09-25,8.91,21.6,23.4,0,91.4,23.83,5.85,3,228,79,96,246,8,4,8
USER019,2025-09-26,9.73,14.7,26.2,0,99.4,23.76,6.48,4,326,81,61,354,1,4,7
USER019,2025-09-27,8.23,27.9,26.5,0,88.5,25.0,5.54,4,347,97,84,214,15,5,5
USER019,2025-09-28,10.68,19.6,17.4,0,93.7,24.86,6.27,2,319,74,78,101,10,4,6
USER019,2025-09-29,10.22,16.0,28.9,0,82.0,23.2,4.62,1,280,63,82,263,21,4,6
USER019,2025-09-30,9.42,35.7,26.6,2,95.7,23.95,6.0,6,252,89,71,66,15,5,7
USER019,2025-10-01,9.06,22.1,18.1,2,94.5,23.58,5.24,6,267,85,95,131,24,2,7
USER019,2025-10-02,9.04,27.5,36.2,2,98.3,23.02,3.26,10,273,91,100,61,5,4,8
USER019,2025-10-03,7.88,26.8,14.8,1,94.8,23.23,5.35,3,313,73,87,163,22,2,7
USER019,2025-10-04,10.49,22.3,30.6,1,94.5,23.68,4.86,4,200,95,55,79,6,7,6
USER019,2025-10-05,10.1,32.6,18.9,1,93.3,23.88,6.8,1,241,73,89,134,12,2,5
USER019,2025-10-06,8.85,33.6,27.6,1,94.5,23.49,5.47,3,333,82,94,182,44,3,4
USER019,2025-10-07,9.45,15.2,32.7,1,96.8,23.32,4.95,1,339,86,60,123,9,7,8
USER019,2025-10-08,9.08,18.6,35.4,1,93.7,23.13,8.65,5,200,82,91,419,10,2,8
USER019,2025-10-09,8.0,32.3,35.1,3,87.2,23.55,5.63,2,260,73,70,91,6,3,8
USER019,2025-10-10,8.85,29.5,28.6,2,93.4,23.52,4.28,10,200,89,99,94,39,3,9
USER019,2025-10-11,7.76,21.3,25.9,5,94.9,24.86,4.95,2,289,77,66,152,7,4,6
USER019,2025-10-12,9.0,15.8,23.6,1,92.9,24.2,7.02,2,213,92,91,86,2,4,5
USER019,2025-10-13,8.29,28.0,37.1,4,91.6,23.71,5.67,3,201,100,95,129,15,4,5
USER019,2025-10-14,7.54,32.1,21.7,5,96.7,23.83,7.6,5,380,87,84,207,5,4,4
USER019,2025-10-15,9.26,14.1,18.9,1,95.7,23.99,5.22,9,239,87,69,16,7,3,5
USER019,2025-10-16,8.78,22.0,28.5,2,97.8,23.66,3.97,3,273,100,78,198,16,3,7
USER019,2025-10-17,9.28,27.3,29.7,1,96.0,23.06,3.15,2,200,88,63,48,12,2,4
USER019,2025-10-18,8.28,14.1,30.1,0,97.4,23.94,4.43,2,345,100,100,250,1,3,6
USER019,2025-10-19,11.16,36.1,17.7,3,86.4,24.65,3.32,0,352,75,75,64,12,5,4
USER019,2025-10-20,10.66,16.0,21.4,2,97.8,23.38,6.37,5,438,75,54,49,18,4,7
USER019,2025-10-21,8.76,21.2,29.1,3,98.0,23.45,9.92,6,369,74,96,186,12,4,7
USER019,2025-10-22,7.5,20.0,27.2,1,94.3,23.55,5.98,4,267,93,49,63,20,2,7
USER019,2025-10-23,8.72,18.1,26.0,0,89.7,23.45,5.01,8,303,82,74,140,19,3,4
USER019,2025-10-24,8.85,25.2,25.8,1,98.8,23.62,7.22,8,307,100,77,173,40,3,5
USER019,2025-10-25,9.58,25.9,18.9,2,91.6,23.72,6.72,3,285,88,91,78,21,2,6
USER019,2025-10-26,9.93,31.3,33.3,1,95.2,24.74,7.01,4,200,65,87,77,24,5,7
USER019,2025-10-27,7.35,15.7,26.3,2,93.0,23.52,3.31,2,263,77,94,84,22,3,6
USER019,2025-10-28,8.7,27.1,28.8,5,93.0,23.57,5.84,7,277,76,74,57,24,3,6
USER019,2025-10-29,8.39,21.3,37.2,1,96.9,23.73,7.11,3,244,85,100,29,1,4,4
USER019,2025-10-30,8.75,21.0,29.2,0,95.0,23.43,5.44,4,254,90,58,41,20,5,6
USER019,2025-10-31,10.54,26.0,23.5,1,97.1,23.8,5.14,2,372,75,68,86,21,4,5
USER019,2025-11-01,9.43,24.9,36.7,2,91.5,25.22,5.87,9,215,92,74,25,14,4,4
USER019,2025-11-02,9.59,32.9,25.0,3,94.9,25.12,4.69,4,346,88,84,47,29,4,5
USER019,2025-11-03,8.16,17.5,21.7,1,97.0,23.79,5.8,3,241,78,90,144,3,1,7
USER019,2025-11-04,8.85,29.9,33.5,4,95.0,23.16,3.89,1,200,92,96,78,1,4,9
USER019,2025-11-05,9.65,14.8,26.0,1,88.3,23.91,5.65,3,284,100,91,198,14,3,7
USER019,2025-11-06,7.24,29.4,21.9,2,95.7,23.02,4.01,3,309,65,88,14,54,3,6
USER020,2025-07-10,7.69,21.3,24.6,3,94.8,21.61,7.23,6,300,74,89,16,22,4,4
USER020,2025-07-11,6.65,28.5,34.8,3,96.5,21.86,7.37,2,275,87,80,27,20,2,7
USER020,2025-07-12,7.7,20.8,27.5,0,99.1,22.32,5.38,2,216,84,100,159,40,2,3
USER020,2025-07-13,8.55,23.5,20.6,2,93.5,23.96,6.23,4,297,98,92,133,21,3,8
USER020,2025-07-14,6.65,19.1,27.5,1,91.3,22.47,3.7,1,376,86,76,72,2,2,7
USER020,2025-07-15,6.15,25.2,29.7,2,89.6,21.76,6.31,0,259,64,78,38,3,2,5
USER020,2025-07-16,7.86,34.4,14.9,0,95.6,22.29,7.35,7,210,74,87,19,0,2,5
USER020,2025-07-17,7.24,20.5,27.1,1,97.9,21.74,4.93,2,212,66,72,32,62,5,8
USER020,2025-07-18,9.22,21.0,24.1,2,96.0,22.17,3.92,2,255,59,86,164,40,3,3
USER020,2025-07-19,9.23,22.8,15.1,1,97.1,23.41,8.08,3,323,57,73,103,3,5,6
USER020,2025-07-20,7.28,20.1,28.0,5,95.9,23.67,3.73,5,326,90,73,204,9,4,7
USER020,2025-07-21,7.18,21.7,29.1,3,87.4,21.75,3.54,3,260,74,80,50,21,7,6
USER020,2025-07-22,7.08,32.1,31.1,5,92.7,22.11,5.87,5,349,72,98,41,17,6,7
USER020,2025-07-23,6.98,33.6,26.8,2,97.4,21.76,7.52,2,200,81,75,22,16,7,4
USER020,2025-07-24,8.14,18.7,25.6,4,95.0,22.25,6.68,3,264,93,81,51,11,7,8
USER020,2025-07-25,6.04,20.6,30.0,2,97.3,21.75,6.97,0,347,63,67,61,3,3,8
USER020,2025-07-26,8.91,21.3,19.9,2,88.5,22.27,6.28,1,269,61,65,70,12,3,8
USER020,2025-07-27,7.72,43.3,36.7,2,95.5,23.55,7.32,7,314,93,86,156,6,4,7
USER020,2025-07-28,7.22,25.5,32.1,2,89.5,21.62,5.28,3,328,71,84,64,2,4,8
USER020,2025-07-29,8.38,33.3,19.8,4,90.2,22.18,7.28,4,287,95,77,73,19,3,4
USER020,2025-07-30,7.44,23.8,19.9,2,87.0,22.24,5.04,6,259,77,80,76,0,2,5
USER020,2025-07-31,7.24,22.6,25.0,0,98.1,22.45,4.55,7,322,85,65,69,25,1,4
USER020,2025-08-01,7.62,24.5,31.2,0,96.3,22.42,5.81,4,216,100,81,12,0,2,6
USER020,2025-08-02,9.52,28.6,29.6,3,95.3,24.0,4.48,0,284,97,56,72,0,2,6
USER020,2025-08-03,9.02,12.8,35.5,1,92.9,22.78,3.51,3,323,59,67,108,2,6,4
USER020,2025-08-04,6.85,18.1,36.2,2,95.3,22.29,5.76,5,343,63,75,138,4,3,6
USER020,2025-08-05,7.0,35.8,29.3,2,94.6,21.76,4.3,4,308,80,77,146,2,4,6
USER020,2025-08-06,8.17,27.5,42.5,5,96.1,22.01,5.84,7,343,88,89,53,18,5,4
USER020,2025-08-07,7.2,31.8,31.1,2,91.9,21.66,6.09,1,265,88,74,4,23,4,5
USER020,2025-08-08,6.5,25.8,30.2,3,97.3,21.7,4.37,1,205,59,91,31,17,4,6
USER020,2025-08-09,9.15,21.5,38.0,4,99.0,22.54,6.6,4,273,73,69,25,5,3,7
USER020,2025-08-10,8.88,25.0,37.1,3,98.9,22.94,4.46,4,283,79,89,113,3,5,6
USER020,2025-08-11,8.94,33.3,38.6,1,89.3,21.65,3.03,4,337,65,76,88,9,6,6
USER020,2025-08-12,4.84,36.4,35.6,2,93.3,21.72,4.66,0,371,55,49,59,25,6,3
USER020,2025-08-13,7.82,20.6,19.2,1,96.9,21.55,3.79,4,251,84,99,8,9,3,7
USER020,2025-08-14,8.03,19.7,24.8,2,97.0,21.59,4.06,5,200,94,92,66,7,5,4
USER020,2025-08-15,7.75,35.1,22.7,1,88.0,22.16,5.52,9,345,94,82,53,18,2,5
USER020,2025-08-16,8.46,27.4,30.0,5,93.6,23.27,8.77,4,422,67,71,127,2,2,7
USER020,2025-08-17,9.12,36.1,26.0,3,93.6,23.53,4.8,2,203,58,72,106,1,6,6
USER020,2025-08-18,8.42,29.6,20.3,1,94.1,22.31,3.44,5,298,97,90,26,5,4,5
USER020,2025-08-19,7.74,32.8,35.4,3,95.9,22.43,5.07,2,298,82,77,93,15,6,6
USER020,2025-08-20,6.82,39.5,28.1,0,93.9,21.65,4.16,1,303,86,98,45,2,4,7
USER020,2025-08-21,7.59,36.1,23.4,1,96.0,22.01,10.0,8,259,77,70,75,51,3,7
USER020,2025-08-22,5.93,19.7,24.7,2,98.2,21.89,1.56,1,319,67,90,98,42,2,4
USER020,2025-08-23,9.77,34.0,30.5,2,93.2,22.49,2.7,1,203,59,62,60,2,2,4
USER020,2025-08-24,8.19,31.8,30.7,1,89.7,22.19,7.52,3,270,95,92,107,4,3,6
USER020,2025-08-25,8.74,20.5,30.0,2,98.8,21.71,1.23,3,307,80,89,75,24,6,5
USER020,2025-08-26,7.44,26.9,28.0,1,96.6,22.1,5.14,2,277,80,88,59,3,2,7
USER020,2025-08-27,7.27,23.7,30.9,3,96.3,22.34,5.89,5,288,89,99,123,40,5,7
USER020,2025-08-28,8.52,22.0,33.4,2,91.1,21.89,7.46,1,357,86,88,31,41,4,6
USER020,2025-08-29,7.64,17.1,31.5,1,89.6,21.53,5.55,6,291,85,83,148,19,7,5
USER020,2025-08-30,8.96,26.8,29.9,2,96.0,22.52,6.47,3,342,84,84,87,14,2,4
USER020,2025-08-31,8.16,40.0,31.5,1,97.3,23.2,8.26,4,200,90,90,177,4,4,5
USER020,2025-09-01,6.62,16.2,22.0,0,96.8,22.16,2.32,4,266,61,56,26,26,2,3
USER020,2025-09-02,7.84,33.2,29.6,1,95.4,22.4,6.54,1,218,94,100,97,0,5,6
USER020,2025-09-03,7.18,22.5,28.2,1,89.1,22.43,9.18,4,303,76,73,23,27,4,6
USER020,2025-09-04,7.6,33.0,21.5,1,88.0,22.16,4.83,3,318,90,85,302,7,3,5
USER020,2025-09-05,8.76,24.5,23.4,3,91.9,21.57,4.6,4,362,74,63,64,0,4,6
USER020,2025-09-06,8.63,17.2,19.0,3,92.4,22.75,2.49,3,323,85,60,22,3,4,6
USER020,2025-09-07,9.4,19.1,23.4,1,96.9,22.08,4.3,3,315,68,88,143,4,4,5
USER020,2025-09-08,7.21,34.9,34.3,0,96.8,21.96,4.21,2,224,86,90,170,0,3,6
USER020,2025-09-09,6.65,32.4,41.2,0,89.9,21.92,5.03,3,313,74,92,98,29,1,8
USER020,2025-09-10,7.51,29.0,22.5,1,99.6,22.39,4.11,3,255,100,76,23,13,6,4
USER020,2025-09-11,7.11,21.6,36.1,5,94.8,22.07,8.07,2,333,83,94,65,4,4,6
USER020,2025-09-12,7.85,36.4,25.8,0,97.4,21.6,4.94,5,364,87,78,184,49,6,6
USER020,2025-09-13,8.52,17.5,33.7,2,97.4,22.94,9.2,6,332,73,83,242,2,2,7
USER020,2025-09-14,9.0,19.9,31.9,2,94.8,22.95,5.61,2,301,83,80,48,38,2,6
USER020,2025-09-15,7.96,20.6,23.6,3,94.2,22.26,6.29,5,313,82,89,97,37,4,3
USER020,2025-09-16,7.88,17.9,20.5,3,87.3,22.02,3.36,8,278,83,73,118,41,4,5
USER020,2025-09-17,6.26,17.4,24.2,2,96.6,22.31,2.91,1,327,73,78,151,13,2,4
USER020,2025-09-18,8.19,27.7,30.8,4,95.1,22.27,6.56,4,355,71,61,125,14,6,6
USER020,2025-09-19,8.0,25.3,20.3,5,94.1,21.99,5.19,3,283,95,83,269,9,5,5
USER020,2025-09-20,7.75,28.8,36.3,3,97.3,22.48,5.8,5,200,88,74,29,13,4,6
USER020,2025-09-21,9.88,20.1,24.7,1,95.9,23.84,5.5,2,312,75,91,19,18,4,5
USER020,2025-09-22,6.86,34.8,29.2,1,94.8,21.81,6.55,3,318,90,75,130,38,5,5
USER020,2025-09-23,7.89,29.5,36.9,4,99.5,22.18,6.4,7,244,96,98,98,23,2,5
USER020,2025-09-24,6.5,16.9,42.1,3,89.2,22.31,3.88,0,274,72,81,15,9,6,5
USER020,2025-09-25,8.01,26.1,39.9,4,91.5,22.17,4.5,6,262,85,84,49,5,6,5
USER020,2025-09-26,6.68,14.5,24.2,1,89.3,22.31,8.53,5,309,62,70,110,0,2,5
USER020,2025-09-27,7.05,18.1,29.6,3,96.1,23.3,5.86,2,324,71,91,103,40,4,6
USER020,2025-09-28,9.16,24.9,26.8,0,90.8,22.92,5.57,1,329,87,80,108,4,3,6
USER020,2025-09-29,6.65,24.3,27.6,1,94.9,22.21,5.53,4,296,75,88,135,17,6,3
USER020,2025-09-30,9.24,19.0,22.5,2,98.5,22.08,6.14,1,245,75,88,110,41,7,3
USER020,2025-10-01,7.45,23.7,20.9,1,98.2,21.54,8.69,4,225,89,100,271,18,3,6
USER020,2025-10-02,9.49,33.3,33.0,2,96.9,22.11,6.12,2,321,73,91,24,19,6,6
USER020,2025-10-03,9.46,34.5,25.2,4,96.3,22.38,4.82,1,325,77,73,65,14,4,3
USER020,2025-10-04,8.69,20.0,37.5,2,98.8,22.6,4.31,5,224,68,71,133,2,6,7
USER020,2025-10-05,8.71,26.3,35.2,5,94.7,23.71,3.43,1,322,78,100,39,16,3,7
USER020,2025-10-06,8.28,27.1,26.6,1,96.3,21.58,6.25,2,219,88,89,192,12,4,8
USER020,2025-10-07,5.24,28.8,21.5,0,94.4,21.96,3.46,0,275,67,66,34,15,4,5
USER020,2025-10-08,7.83,31.0,26.0,2,89.0,21.53,8.02,3,200,89,100,114,12,6,4
USER020,2025-10-09,8.48,19.7,32.0,2,97.3,22.15,5.66,4,227,88,86,57,3,4,7
USER020,2025-10-10,7.29,31.7,29.4,4,94.2,21.99,5.37,3,347,82,74,94,13,4,6
USER020,2025-10-11,7.74,33.8,23.2,4,86.9,23.69,5.8,1,269,94,83,113,7,4,7
USER020,2025-10-12,6.95,22.7,32.4,6,95.0,22.83,7.4,4,252,68,77,39,17,4,5
USER020,2025-10-13,8.56,23.6,31.2,1,91.5,22.46,5.97,4,314,76,90,107,4,5,5
USER020,2025-10-14,8.22,30.3,15.8,0,98.0,22.33,6.03,3,311,80,88,126,82,4,8
USER020,2025-10-15,6.26,33.7,36.1,1,96.7,21.82,5.96,1,378,66,82,76,0,4,2
USER020,2025-10-16,6.79,15.2,38.4,4,94.3,21.75,3.13,4,217,73,52,97,25,5,6
USER020,2025-10-17,9.44,29.6,22.8,3,94.3,21.86,5.68,1,334,78,67,98,14,3,7
USER020,2025-10-18,8.97,39.8,31.5,2,98.2,22.95,6.68,1,218,68,91,159,28,4,6
USER020,2025-10-19,9.15,26.7,32.6,3,96.3,23.26,3.89,1,299,100,100,6,21,4,5
USER020,2025-10-20,7.28,20.5,25.3,1,94.1,22.39,5.24,6,264,85,87,46,3,5,7
USER020,2025-10-21,8.89,29.5,18.8,1,91.9,21.53,5.09,2,231,62,87,135,4,5,4
USER020,2025-10-22,8.52,27.4,29.0,2,88.9,21.52,3.22,0,200,62,72,33,47,5,8
USER020,2025-10-23,5.38,29.5,26.3,1,98.0,22.13,5.2,0,388,62,76,255,17,3,4
USER020,2025-10-24,7.96,28.8,33.7,2,90.9,21.86,6.18,7,200,89,72,185,93,6,3
USER020,2025-10-25,8.3,16.7,23.5,5,96.1,22.98,4.91,5,200,89,90,41,51,3,5
USER020,2025-10-26,9.41,34.0,21.5,0,87.1,22.45,6.68,2,242,65,66,172,14,2,4
USER020,2025-10-27,7.0,11.8,27.8,2,91.7,21.97,4.95,2,334,99,87,10,2,2,6
USER020,2025-10-28,8.93,16.4,22.5,1,93.7,21.96,4.57,2,278,59,98,107,14,3,6
USER020,2025-10-29,7.3,38.1,30.0,3,91.6,22.11,7.09,1,269,74,77,85,31,5,6
USER020,2025-10-30,8.42,33.8,29.4,1,93.2,22.37,5.18,8,330,65,71,143,3,6,7
USER020,2025-10-31,7.79,31.6,32.4,5,91.7,22.11,7.01,6,200,84,78,113,2,6,6
USER020,2025-11-01,8.18,30.9,19.3,2,93.5,22.79,4.9,3,200,70,92,58,13,5,6
USER020,2025-11-02,8.35,22.4,21.2,3,94.8,22.78,8.02,1,233,77,100,89,10,2,6
USER020,2025-11-03,7.54,13.8,30.3,3,91.3,21.73,5.83,5,289,89,100,2,7,2,8
USER020,2025-11-04,6.66,37.3,20.3,1,98.3,22.08,4.58,3,325,81,76,20,24,5,7
USER020,2025-11-05,6.0,24.0,22.7,5,96.2,21.78,7.66,2,257,77,88,115,0,2,6
USER020,2025-11-06,7.69,35.3,29.6,2,93.3,21.85,6.4,4,273,79,92,11,26,5,4
USER021,2025-07-10,6.58,32.5,37.1,2,93.5,22.0,4.09,4,225,94,86,98,3,3,6
USER021,2025-07-11,5.97,26.8,35.0,2,97.0,21.69,4.17,3,287,86,99,114,3,3,7
USER021,2025-07-12,6.86,28.9,31.0,1,94.4,23.77,7.01,5,271,90,89,200,16,6,6
USER021,2025-07-13,7.26,17.3,21.1,0,93.0,22.65,6.24,1,330,57,83,204,35,6,5
USER021,2025-07-14,5.62,24.6,33.7,2,87.1,21.82,5.83,3,250,80,69,36,12,1,3
USER021,2025-07-15,5.08,21.0,26.7,1,99.5,21.81,6.69,4,358,71,90,18,9,3,5
USER021,2025-07-16,5.82,29.1,28.3,1,87.7,21.94,4.85,1,224,77,97,98,36,4,6
USER021,2025-07-17,6.59,16.2,28.6,1,92.1,21.77,6.24,6,206,98,100,99,11,4,8
USER021,2025-07-18,4.0,26.1,15.1,3,85.2,22.2,5.26,0,311,84,73,64,39,7,4
USER021,2025-07-19,7.67,27.4,20.7,2,98.5,23.61,5.15,1,307,78,71,34,8,5,7
USER021,2025-07-20,6.01,31.5,28.4,1,93.5,23.25,5.35,1,200,84,74,127,14,3,6
USER021,2025-07-21,6.86,31.9,30.7,1,93.8,21.5,5.04,7,310,80,90,141,34,4,5
USER021,2025-07-22,6.15,19.7,30.2,1,97.1,21.9,5.58,3,276,67,98,216,21,3,7
USER021,2025-07-23,4.68,14.8,17.6,2,93.1,22.36,4.14,2,348,74,74,291,17,7,4
USER021,2025-07-24,5.44,21.8,25.6,0,94.9,22.19,7.36,4,321,78,63,53,29,5,7
USER021,2025-07-25,4.65,23.1,25.2,0,99.3,21.55,5.33,3,316,55,66,158,15,4,7
USER021,2025-07-26,7.28,30.3,22.3,1,91.7,22.88,4.75,2,313,82,70,72,10,4,6
USER021,2025-07-27,7.42,24.2,27.5,1,89.1,23.07,4.43,3,291,83,70,96,15,2,5
USER021,2025-07-28,7.58,23.0,21.5,5,98.1,21.91,6.8,4,252,95,84,21,1,2,7
USER021,2025-07-29,5.9,19.3,22.5,4,90.0,22.18,5.08,6,212,95,45,72,19,6,3
USER021,2025-07-30,5.28,25.5,20.2,0,94.2,22.2,6.44,6,310,74,78,25,4,4,4
USER021,2025-07-31,4.0,14.3,27.5,1,96.2,21.9,5.87,1,344,63,58,90,46,4,6
USER021,2025-08-01,5.54,18.4,34.1,1,92.5,22.19,4.6,3,280,90,88,341,0,3,5
USER021,2025-08-02,7.8,31.1,31.0,4,98.3,22.85,4.9,3,301,78,84,31,0,4,6
USER021,2025-08-03,6.56,26.3,30.7,2,97.6,23.21,6.56,6,288,98,97,67,31,6,4
USER021,2025-08-04,6.44,33.7,23.3,5,95.7,22.16,5.87,4,261,79,86,86,21,3,6
USER021,2025-08-05,5.58,36.1,32.1,0,93.7,21.65,5.07,1,325,70,95,36,3,3,7
USER021,2025-08-06,5.78,21.3,34.4,4,93.6,22.15,5.18,8,284,81,88,85,15,4,7
USER021,2025-08-07,6.46,33.3,31.2,1,87.0,22.35,6.19,4,348,95,82,399,15,4,5
USER021,2025-08-08,8.6,30.1,26.9,0,85.6,22.16,3.86,1,263,74,68,141,7,3,5
USER021,2025-08-09,6.82,15.8,24.8,0,94.7,22.35,3.31,5,200,85,81,82,1,5,7
USER021,2025-08-10,7.43,31.5,24.0,3,95.2,22.3,8.47,3,300,77,75,36,3,4,8
USER021,2025-08-11,4.58,24.3,27.7,5,88.4,21.92,5.4,2,340,75,63,95,5,2,6
USER021,2025-08-12,7.3,24.3,29.8,2,98.8,22.3,6.55,4,208,67,79,19,70,6,7
USER021,2025-08-13,4.45,35.9,16.5,1,97.5,22.03,4.44,4,295,59,57,337,5,5,7
USER021,2025-08-14,5.3,23.6,34.5,2,89.5,22.27,3.2,4,250,70,92,179,3,3,4
USER021,2025-08-15,8.41,18.7,40.0,1,90.0,21.58,5.28,2,200,61,97,87,14,2,6
USER021,2025-08-16,6.51,23.9,17.4,1,95.7,23.53,6.31,1,251,89,100,8,20,4,5
USER021,2025-08-17,6.18,20.5,33.2,1,95.7,22.76,3.49,7,210,66,87,159,53,3,9
USER021,2025-08-18,6.23,36.0,27.2,0,91.9,22.03,6.39,4,364,92,88,76,47,3,6
USER021,2025-08-19,4.0,18.3,24.7,3,94.3,22.28,4.04,2,263,66,68,84,25,2,8
USER021,2025-08-20,5.74,26.5,26.3,3,97.5,22.13,4.91,3,216,98,79,54,20,5,4
USER021,2025-08-21,7.52,23.4,25.8,5,96.9,21.72,5.29,7,236,74,79,18,1,4,7
USER021,2025-08-22,6.46,24.2,38.6,7,94.7,21.86,7.87,3,254,90,95,28,43,5,4
USER021,2025-08-23,6.0,24.9,23.0,1,97.2,23.65,6.17,3,374,94,100,55,13,4,6
USER021,2025-08-24,6.58,36.2,38.3,2,93.4,22.73,5.85,5,262,100,94,178,12,2,8
USER021,2025-08-25,7.92,28.1,32.0,4,98.9,22.42,4.42,2,307,68,79,100,42,4,4
USER021,2025-08-26,7.26,37.1,37.9,1,92.2,22.48,5.53,4,226,85,82,75,16,4,6
USER021,2025-08-27,8.45,37.1,27.2,0,94.9,21.59,4.89,1,318,81,82,87,19,4,3
USER021,2025-08-28,4.0,24.1,33.8,2,98.8,22.32,5.08,0,362,51,71,47,24,5,5
USER021,2025-08-29,5.69,16.0,25.4,1,96.6,22.13,4.14,7,293,87,82,103,2,3,5
USER021,2025-08-30,5.33,20.3,17.2,4,86.5,22.66,0.81,0,277,66,96,142,16,7,5
USER021,2025-08-31,7.44,26.3,35.8,4,91.3,23.47,3.81,1,387,67,89,38,12,3,4
USER021,2025-09-01,8.2,38.5,36.4,2,95.3,21.93,3.82,2,288,64,72,38,2,2,3
USER021,2025-09-02,7.3,31.0,27.0,1,93.4,21.99,8.37,2,250,93,79,87,30,3,6
USER021,2025-09-03,5.4,34.9,30.8,3,89.2,22.47,4.42,1,356,62,81,36,8,1,6
USER021,2025-09-04,6.52,19.1,22.4,2,97.0,21.61,7.24,5,302,90,82,115,1,4,4
USER021,2025-09-05,6.23,23.1,36.6,1,93.8,21.69,5.76,1,283,100,83,33,25,4,6
USER021,2025-09-06,8.17,21.7,20.0,0,92.1,23.87,5.66,3,305,64,82,99,19,5,3
USER021,2025-09-07,9.02,14.1,33.9,0,89.7,23.9,4.37,2,343,78,54,104,28,3,7
USER021,2025-09-08,7.29,35.2,32.6,0,93.0,21.71,6.31,3,324,83,81,20,8,6,7
USER021,2025-09-09,6.86,18.5,34.0,1,96.1,21.72,6.93,0,303,78,78,263,13,7,7
USER021,2025-09-10,4.0,16.9,31.4,1,92.3,21.58,4.65,1,290,54,56,20,23,3,5
USER021,2025-09-11,6.18,18.6,35.5,2,96.6,21.8,4.72,10,274,93,87,26,59,7,4
USER021,2025-09-12,5.18,34.3,43.3,0,92.8,21.55,4.8,0,236,76,63,34,3,6,4
USER021,2025-09-13,8.88,27.0,21.7,1,87.9,23.16,5.62,0,317,70,58,513,31,7,5
USER021,2025-09-14,5.86,18.2,21.2,2,96.5,22.4,6.05,3,320,94,82,109,17,1,4
USER021,2025-09-15,6.02,13.4,20.6,1,91.4,21.84,5.94,7,241,77,82,195,17,4,7
USER021,2025-09-16,7.73,14.4,36.1,1,94.9,22.34,6.23,2,288,81,86,180,5,2,4
USER021,2025-09-17,8.73,35.4,24.2,2,99.2,22.28,4.42,1,265,65,85,49,11,5,5
USER021,2025-09-18,8.35,17.3,26.8,2,97.2,21.66,4.99,0,326,83,52,28,9,5,6
USER021,2025-09-19,6.23,23.6,24.7,4,88.7,21.97,4.15,6,240,73,55,232,9,5,6
USER021,2025-09-20,7.89,27.8,21.5,0,94.5,22.05,4.95,2,265,83,70,219,1,5,4
USER021,2025-09-21,7.53,22.2,38.8,3,94.4,23.78,6.89,4,284,82,94,107,24,2,5
USER021,2025-09-22,6.23,35.1,31.9,1,95.0,21.87,8.38,5,200,90,92,53,7,6,7
USER021,2025-09-23,5.5,22.4,18.4,8,96.4,21.52,5.88,1,330,85,73,8,66,6,7
USER021,2025-09-24,6.13,20.8,29.5,2,89.6,22.25,4.04,5,200,95,78,13,29,4,6
USER021,2025-09-25,6.84,33.7,29.9,3,92.1,22.1,6.22,4,292,85,88,352,4,2,6
USER021,2025-09-26,5.57,16.3,28.7,3,94.0,22.42,6.18,4,296,77,78,103,26,5,4
USER021,2025-09-27,6.21,17.2,33.3,4,88.3,23.32,8.05,1,295,86,70,20,25,5,5
USER021,2025-09-28,7.02,18.3,18.0,1,96.0,23.45,7.45,1,366,82,82,93,9,4,6
USER021,2025-09-29,6.19,31.8,21.3,3,86.4,21.74,6.95,4,246,100,99,86,0,2,5
USER021,2025-09-30,6.36,27.0,27.5,1,94.0,21.61,3.57,1,287,88,79,90,11,3,4
USER021,2025-10-01,6.02,23.0,27.1,2,96.7,21.53,4.0,4,358,75,76,95,0,7,6
USER021,2025-10-02,6.45,16.8,21.8,2,91.6,21.65,2.79,5,302,96,84,215,26,4,6
USER021,2025-10-03,8.43,27.8,28.0,1,92.9,21.97,4.53,1,416,67,71,111,10,6,7
USER021,2025-10-04,7.41,24.6,28.1,3,98.5,22.36,5.12,2,218,76,78,81,23,4,5
USER021,2025-10-05,6.89,14.8,21.7,2,94.7,22.9,4.78,2,268,89,63,84,3,5,5
USER021,2025-10-06,6.74,28.3,29.8,4,95.8,22.37,7.65,7,237,84,78,77,8,4,5
USER021,2025-10-07,8.12,23.8,30.4,3,94.6,22.25,3.73,3,281,71,70,10,10,4,7
USER021,2025-10-08,4.92,14.8,40.0,3,99.1,22.14,5.8,2,365,79,82,52,6,3,6
USER021,2025-10-09,5.88,25.3,26.3,3,98.3,22.05,6.38,1,310,88,54,86,13,3,5
USER021,2025-10-10,8.01,26.3,27.1,5,84.4,21.85,4.84,3,284,62,100,62,13,3,3
USER021,2025-10-11,6.68,19.4,29.7,3,96.4,23.02,5.4,3,310,89,75,71,42,4,5
USER021,2025-10-12,7.19,31.6,28.2,4,89.1,23.12,5.67,0,257,82,63,21,27,4,5
USER021,2025-10-13,5.33,12.6,32.7,1,96.5,21.91,5.27,3,223,58,89,101,23,3,7
USER021,2025-10-14,6.52,26.7,34.2,2,99.4,21.61,6.21,2,248,82,90,140,5,1,7
USER021,2025-10-15,6.72,24.2,18.3,2,96.1,22.2,6.81,4,200,97,73,86,1,6,6
USER021,2025-10-16,7.72,12.6,32.9,2,88.9,22.3,6.42,6,322,75,60,18,8,4,6
USER021,2025-10-17,7.13,33.2,20.3,5,89.4,21.97,5.37,3,255,84,83,85,0,5,5
USER021,2025-10-18,8.98,24.1,22.9,5,96.5,22.95,4.73,1,327,59,64,67,75,5,2
USER021,2025-10-19,7.71,39.2,23.7,0,97.2,23.97,6.13,1,294,93,71,42,112,5,4
USER021,2025-10-20,7.16,29.7,29.2,0,96.4,22.1,5.94,4,274,89,100,221,11,4,5
USER021,2025-10-21,5.11,20.1,35.8,1,88.0,22.17,5.59,1,338,92,77,28,20,2,5
USER021,2025-10-22,5.76,17.2,28.2,0,94.2,21.72,3.58,5,263,81,84,226,29,3,5
USER021,2025-10-23,5.03,30.5,27.7,0,94.3,21.74,3.93,2,253,52,71,115,34,6,6
USER021,2025-10-24,7.09,28.3,20.4,0,99.5,21.7,4.45,6,239,83,100,158,19,2,7
USER021,2025-10-25,6.9,25.4,33.7,2,95.5,23.09,7.95,6,279,68,77,108,13,4,6
USER021,2025-10-26,8.86,29.8,25.4,1,96.5,22.55,5.59,3,299,72,67,146,10,5,3
USER021,2025-10-27,7.09,22.3,32.9,3,89.0,21.63,5.0,5,352,96,76,182,10,4,5
USER021,2025-10-28,6.23,20.1,39.1,1,98.7,21.54,7.98,7,264,90,75,217,26,4,8
USER021,2025-10-29,6.92,29.1,26.7,2,94.1,22.29,5.61,4,314,100,68,84,12,4,7
USER021,2025-10-30,5.74,29.0,28.1,1,93.0,22.41,6.58,5,329,84,77,31,7,3,5
USER021,2025-10-31,7.24,24.9,32.6,1,94.3,22.05,3.91,5,376,81,74,78,43,4,5
USER021,2025-11-01,7.64,16.2,24.5,4,94.7,23.41,6.01,3,200,78,73,6,2,6,3
USER021,2025-11-02,8.22,17.7,31.6,2,94.3,22.35,2.65,2,277,61,79,40,19,5,5
USER021,2025-11-03,5.87,31.4,30.2,2,90.6,22.36,4.92,2,275,72,64,20,7,5,6
USER021,2025-11-04,7.75,22.6,26.8,2,90.4,21.81,3.75,3,309,88,97,156,36,3,6
USER021,2025-11-05,7.05,16.1,40.6,2,92.4,22.31,3.64,3,274,82,95,58,13,4,4
USER021,2025-11-06,5.22,18.9,19.6,5,96.3,22.37,8.47,3,275,81,81,174,10,6,3
USER022,2025-07-10,8.14,22.9,19.2,5,94.0,23.74,6.34,2,200,88,79,101,23,4,6
USER022,2025-07-11,8.36,35.0,32.7,0,95.5,23.7,5.33,8,222,100,70,105,69,3,5
USER022,2025-07-12,9.92,30.3,29.5,4,97.3,24.76,6.13,1,324,62,47,59,39,6,4
USER022,2025-07-13,7.99,24.1,22.9,2,91.5,24.79,6.2,3,343,96,93,111,31,3,8
USER022,2025-07-14,8.74,30.4,20.6,3,94.4,23.43,5.37,3,240,74,97,27,20,2,6
USER022,2025-07-15,8.97,32.5,23.9,3,95.3,23.5,3.15,2,312,76,93,52,16,3,7
USER022,2025-07-16,8.39,25.0,29.8,1,93.4,23.18,2.07,6,308,77,100,137,44,4,6
USER022,2025-07-17,7.35,29.9,23.1,3,94.0,23.7,4.25,8,221,88,78,32,1,3,7
USER022,2025-07-18,9.11,21.7,34.5,1,92.8,23.54,3.81,3,339,80,84,58,34,3,6
USER022,2025-07-19,9.97,26.0,34.1,0,95.7,23.62,3.99,1,200,94,92,28,1,3,6
USER022,2025-07-20,8.47,36.5,29.4,3,94.8,25.36,5.89,4,277,83,77,18,6,5,6
USER022,2025-07-21,8.35,36.4,23.9,4,99.2,23.54,5.34,4,302,80,90,79,0,4,7
USER022,2025-07-22,8.24,21.1,32.8,1,91.4,23.32,5.26,5,306,86,86,103,3,2,3
USER022,2025-07-23,7.34,27.7,25.5,4,88.9,23.27,4.79,5,244,100,68,161,0,4,7
USER022,2025-07-24,7.52,25.1,42.6,3,84.6,23.32,6.38,4,287,80,100,18,12,6,5
USER022,2025-07-25,7.08,26.0,33.5,1,97.9,23.77,5.52,0,292,85,76,174,3,2,7
USER022,2025-07-26,7.6,30.7,35.4,2,98.3,23.73,6.06,6,246,62,81,78,57,4,4
USER022,2025-07-27,7.58,27.2,18.3,4,91.5,25.18,5.96,1,200,77,85,68,8,1,6
USER022,2025-07-28,7.9,20.3,18.4,2,97.3,23.13,7.41,1,233,95,93,129,21,2,7
USER022,2025-07-29,8.39,18.1,39.7,3,97.5,23.26,5.28,1,241,91,96,58,5,4,8
USER022,2025-07-30,9.05,22.5,28.2,0,96.3,23.95,4.53,4,313,58,69,121,0,5,6
USER022,2025-07-31,6.56,15.9,22.0,0,96.2,23.47,2.31,3,280,87,75,52,4,3,6
USER022,2025-08-01,8.3,15.4,39.0,3,92.9,23.79,6.41,4,317,88,94,37,24,6,7
USER022,2025-08-02,7.94,26.0,34.2,1,91.0,23.6,5.61,7,234,80,100,142,6,6,7
USER022,2025-08-03,9.67,15.9,23.6,0,95.7,24.73,2.97,2,252,70,71,69,19,4,6
USER022,2025-08-04,6.96,28.9,27.6,1,91.5,23.82,5.37,3,265,100,93,133,28,1,5
USER022,2025-08-05,7.53,35.9,21.0,3,97.3,23.17,3.87,5,290,82,75,63,57,1,6
USER022,2025-08-06,7.42,38.1,19.0,1,98.3,23.68,4.12,6,263,92,66,39,17,2,7
USER022,2025-08-07,7.57,28.2,25.6,4,98.3,23.0,2.84,3,315,78,84,13,19,4,5
USER022,2025-08-08,8.37,25.4,31.1,4,97.9,23.85,3.98,4,362,82,78,128,9,4,6
USER022,2025-08-09,9.15,37.8,21.0,2,86.3,24.17,6.27,3,355,76,74,145,11,6,5
USER022,2025-08-10,10.4,18.1,33.2,1,88.3,23.68,3.45,0,413,52,64,161,1,3,5
USER022,2025-08-11,5.63,17.4,27.3,1,96.0,23.5,3.58,1,367,64,62,40,6,3,7
USER022,2025-08-12,6.18,18.6,37.0,4,95.9,23.86,4.5,0,305,61,68,106,4,4,6
USER022,2025-08-13,8.54,26.9,15.4,2,91.3,23.94,6.11,2,223,62,82,45,8,2,3
USER022,2025-08-14,7.11,37.4,28.1,2,92.4,23.41,6.65,5,200,58,77,51,33,3,8
USER022,2025-08-15,8.27,21.6,23.5,2,95.0,23.83,3.23,2,302,93,96,47,27,1,5
USER022,2025-08-16,8.43,34.4,35.7,0,87.4,24.74,5.66,3,290,88,97,113,20,2,6
USER022,2025-08-17,9.84,34.6,26.3,2,96.1,25.27,4.49,3,242,54,74,58,33,8,5
USER022,2025-08-18,7.64,27.8,20.3,3,95.0,23.17,5.92,0,243,79,96,83,1,6,7
USER022,2025-08-19,8.61,27.7,34.3,2,91.4,23.5,4.45,4,321,89,96,107,16,4,6
USER022,2025-08-20,8.32,32.5,30.5,1,91.8,23.53,8.1,2,200,80,87,89,7,4,6
USER022,2025-08-21,7.01,29.1,22.4,3,94.1,23.18,4.04,6,312,90,80,3,7,1,6
USER022,2025-08-22,7.11,16.5,33.1,1,96.6,23.82,5.12,6,300,93,74,21,1,1,6
USER022,2025-08-23,8.68,28.4,26.9,1,94.0,24.52,6.44,3,329,88,85,136,3,4,4
USER022,2025-08-24,8.35,16.0,27.6,0,94.8,25.42,6.5,2,307,88,82,122,0,5,6
USER022,2025-08-25,6.55,33.3,25.2,4,94.6,23.99,3.65,6,375,80,59,79,41,4,6
USER022,2025-08-26,9.03,24.4,26.5,4,97.2,23.19,4.52,3,251,80,85,16,21,3,6
USER022,2025-08-27,7.28,29.6,21.6,1,94.3,23.96,5.83,4,269,89,100,165,2,4,6
USER022,2025-08-28,6.89,23.0,25.1,3,83.8,23.61,3.53,4,261,68,82,107,15,2,4
USER022,2025-08-29,8.28,26.3,25.7,2,97.0,23.43,7.59,5,292,95,75,61,23,2,6
USER022,2025-08-30,9.75,32.5,37.5,3,85.3,23.8,3.39,2,331,95,72,111,2,4,3
USER022,2025-08-31,8.85,12.5,21.0,2,92.4,24.11,5.05,3,268,78,59,289,35,1,7
USER022,2025-09-01,7.14,23.8,24.2,1,92.6,23.37,4.76,4,200,89,86,42,9,4,6
USER022,2025-09-02,7.94,26.0,20.2,0,97.4,23.42,7.22,10,289,85,73,45,1,4,4
USER022,2025-09-03,6.5,21.1,25.9,3,99.1,23.73,3.68,0,294,75,83,108,57,5,5
USER022,2025-09-04,7.98,18.9,30.1,2,93.6,23.82,6.47,9,219,82,71,163,12,4,5
USER022,2025-09-05,8.38,27.4,37.0,3,92.8,23.53,6.64,4,362,69,94,80,3,5,8
USER022,2025-09-06,7.91,26.2,33.2,5,90.2,23.56,4.21,4,200,81,87,127,49,4,4
USER022,2025-09-07,9.27,29.2,28.8,3,89.2,23.66,4.17,2,235,71,82,266,10,2,7
USER022,2025-09-08,7.74,34.6,20.2,0,92.0,23.2,6.09,2,211,93,94,133,13,3,6
USER022,2025-09-09,7.66,38.5,32.9,4,85.3,23.61,10.0,7,235,85,100,133,2,2,4
USER022,2025-09-10,8.2,20.4,37.2,1,92.1,23.67,7.74,8,298,86,81,63,4,2,4
USER022,2025-09-11,9.92,17.1,25.2,5,94.3,23.45,5.81,2,312,80,71,91,23,6,8
USER022,2025-09-12,7.19,32.5,16.7,2,88.3,23.74,5.98,3,258,68,98,71,19,3,6
USER022,2025-09-13,7.9,17.4,18.9,2,89.7,23.99,4.82,4,234,99,77,65,16,4,7
USER022,2025-09-14,6.76,16.3,30.3,3,94.4,24.22,1.3,1,366,72,70,163,20,8,6
USER022,2025-09-15,7.05,20.1,33.8,0,93.2,23.32,5.38,1,313,77,87,213,11,4,4
USER022,2025-09-16,8.46,18.2,21.3,1,92.1,23.88,7.37,4,200,100,63,228,0,1,4
USER022,2025-09-17,6.01,22.2,33.8,0,90.8,23.59,6.48,2,281,58,69,115,36,3,7
USER022,2025-09-18,8.18,25.1,32.8,2,93.5,23.58,5.77,3,233,92,71,72,28,3,6
USER022,2025-09-19,8.31,20.4,34.5,1,98.4,23.14,4.77,5,339,93,100,69,0,4,7
USER022,2025-09-20,9.9,23.8,38.0,0,94.8,23.96,5.37,1,359,89,97,27,2,3,4
USER022,2025-09-21,7.7,30.3,33.5,1,89.6,25.4,5.39,3,327,71,83,27,16,4,8
USER022,2025-09-22,7.0,16.2,24.4,3,94.9,23.38,2.15,2,362,76,80,90,87,6,6
USER022,2025-09-23,5.96,20.7,28.1,1,88.3,23.14,3.26,1,295,70,43,27,29,3,5
USER022,2025-09-24,6.1,29.8,22.3,3,97.9,23.99,4.94,2,319,77,78,81,0,6,5
USER022,2025-09-25,8.23,20.1,22.3,3,96.1,23.6,5.24,4,260,82,83,13,4,4,7
USER022,2025-09-26,7.43,18.6,29.7,3,98.4,23.37,6.2,3,229,82,87,144,5,5,6
USER022,2025-09-27,8.13,17.8,28.1,2,92.3,24.45,6.61,7,237,70,71,226,82,1,6
USER022,2025-09-28,9.72,39.9,28.9,0,90.2,24.29,6.15,3,220,81,67,118,12,5,3
USER022,2025-09-29,6.86,31.2,25.6,3,97.5,23.33,5.24,0,255,74,78,6,47,2,6
USER022,2025-09-30,8.5,13.5,36.6,0,94.6,23.76,5.31,0,300,91,80,121,11,5,4
USER022,2025-10-01,8.09,30.3,35.1,2,91.3,23.97,6.07,3,352,100,92,75,5,4,6
USER022,2025-10-02,7.58,30.9,34.0,2,94.9,23.35,5.62,3,285,71,90,49,7,4,7
USER022,2025-10-03,7.0,14.9,28.2,4,94.3,23.41,5.81,3,329,69,74,218,13,4,4
USER022,2025-10-04,8.06,28.4,26.7,5,96.0,25.45,5.85,4,230,82,85,158,7,2,5
USER022,2025-10-05,8.7,27.3,31.1,3,80.4,25.22,9.64,1,344,59,85,55,107,2,6
USER022,2025-10-06,8.48,28.3,29.4,2,99.3,23.19,1.73,5,333,82,65,80,11,5,4
USER022,2025-10-07,8.51,19.3,28.8,3,99.1,23.77,7.41,2,382,56,72,32,20,3,7
USER022,2025-10-08,7.35,26.5,33.3,2,90.8,23.03,4.77,2,296,51,84,154,7,3,5
USER022,2025-10-09,8.05,17.6,23.8,1,91.4,23.77,3.92,6,206,100,58,7,35,3,6
USER022,2025-10-10,6.27,25.9,28.3,1,88.3,23.45,7.44,1,277,66,78,97,11,4,6
USER022,2025-10-11,7.68,28.2,33.3,0,91.9,25.22,5.74,3,252,93,97,95,0,4,6
USER022,2025-10-12,10.24,23.1,16.2,3,92.0,24.04,4.19,2,397,71,45,59,22,5,6
USER022,2025-10-13,6.15,16.3,34.1,1,91.3,23.13,3.91,1,277,64,100,99,24,6,6
USER022,2025-10-14,7.55,29.9,27.5,1,88.9,23.37,5.95,4,276,78,75,144,88,3,3
USER022,2025-10-15,9.25,31.8,35.7,6,96.8,23.4,8.5,3,303,75,79,93,10,4,3
USER022,2025-10-16,7.99,13.7,30.1,4,95.4,23.18,8.52,10,200,97,90,176,37,4,8
USER022,2025-10-17,7.54,31.1,35.7,1,92.5,23.54,7.71,3,304,87,71,412,34,7,4
USER022,2025-10-18,7.79,29.6,28.5,2,99.0,25.13,7.2,8,336,75,97,16,3,4,4
USER022,2025-10-19,7.78,26.0,26.5,2,96.2,25.38,8.4,4,346,76,97,101,25,3,5
USER022,2025-10-20,7.78,16.6,17.4,1,95.9,23.33,5.15,3,250,89,89,175,4,5,8
USER022,2025-10-21,8.42,37.1,21.0,1,97.8,23.68,4.9,2,271,86,63,41,0,5,4
USER022,2025-10-22,8.9,42.3,34.1,0,92.2,23.75,2.87,2,200,81,73,174,31,2,5
USER022,2025-10-23,6.63,33.6,24.2,1,96.5,23.88,6.02,4,263,75,100,121,3,1,6
USER022,2025-10-24,8.22,18.4,35.2,1,92.1,23.12,7.73,6,290,98,85,93,12,3,4
USER022,2025-10-25,8.39,20.0,30.9,4,87.3,24.48,6.34,4,221,84,88,109,0,4,6
USER022,2025-10-26,9.34,25.8,32.8,2,98.2,24.29,5.87,0,291,78,79,116,1,5,7
USER022,2025-10-27,7.72,32.6,33.4,3,90.9,23.62,6.25,5,350,82,100,43,13,3,6
USER022,2025-10-28,7.23,25.4,26.5,1,87.7,23.34,4.67,0,200,75,47,24,17,3,4
USER022,2025-10-29,9.09,23.9,34.7,1,95.4,23.98,5.12,4,313,72,86,60,27,3,3
USER022,2025-10-30,8.81,26.2,29.4,2,98.4,23.3,6.6,1,280,79,78,73,5,2,4
USER022,2025-10-31,6.94,13.3,33.3,1,96.8,23.53,4.36,6,316,68,61,96,36,5,4
USER022,2025-11-01,9.71,25.2,25.3,2,91.0,23.86,4.48,1,323,81,67,171,5,3,8
USER022,2025-11-02,8.88,21.4,26.8,4,98.8,23.63,3.73,4,316,82,94,54,7,3,5
USER022,2025-11-03,8.01,40.8,20.6,1,94.9,23.76,7.16,3,279,93,91,24,9,4,7
USER022,2025-11-04,7.54,22.7,25.5,3,89.2,23.77,4.31,6,261,90,94,181,44,2,5
USER022,2025-11-05,7.59,26.4,20.2,1,96.4,23.42,4.94,4,207,87,98,123,7,3,6
USER022,2025-11-06,8.62,28.9,22.5,0,91.6,23.49,2.71,2,285,91,85,70,44,3,5
USER023,2025-07-10,5.74,23.4,28.4,3,91.0,0.6,4.2,2,247,71,84,164,0,2,7
USER023,2025-07-11,4.46,37.3,26.8,0,98.9,1.26,6.8,2,384,82,78,347,25,3,6
USER023,2025-07-12,7.36,20.4,36.6,5,97.1,2.71,4.93,5,247,76,72,264,23,5,7
USER023,2025-07-13,7.91,19.0,30.9,3,92.5,2.55,5.18,3,438,71,91,105,4,3,7
USER023,2025-07-14,5.58,13.6,13.4,1,99.5,1.01,5.78,4,337,98,68,151,5,2,3
USER023,2025-07-15,6.43,29.7,36.6,3,98.7,0.54,7.41,6,200,97,93,31,8,4,5
USER023,2025-07-16,6.07,20.9,31.5,0,96.5,1.41,7.99,10,236,80,99,82,42,5,8
USER023,2025-07-17,5.65,21.9,30.7,5,94.9,0.76,6.36,4,288,82,84,23,45,5,4
USER023,2025-07-18,7.44,18.5,28.9,3,98.0,0.88,4.11,3,200,70,61,185,18,2,2
USER023,2025-07-19,8.1,20.5,28.5,0,89.8,1.94,5.82,3,333,84,89,38,16,4,6
USER023,2025-07-20,7.49,19.1,30.4,1,92.4,2.32,5.31,3,211,81,70,43,8,4,7
USER023,2025-07-21,6.32,33.7,32.8,0,87.8,1.12,6.99,4,244,84,100,119,8,2,5
USER023,2025-07-22,7.17,20.5,26.5,2,94.5,1.15,7.89,2,247,82,83,182,0,4,6
USER023,2025-07-23,5.49,21.4,29.2,4,92.0,1.5,3.17,1,321,85,65,116,5,3,7
USER023,2025-07-24,5.61,35.4,31.5,2,92.4,1.42,7.07,3,255,65,81,229,18,3,2
USER023,2025-07-25,5.98,22.1,32.2,4,85.9,0.58,5.95,2,274,72,100,80,4,3,7
USER023,2025-07-26,7.26,20.4,33.6,1,97.0,1.9,6.19,8,324,80,85,88,1,2,6
USER023,2025-07-27,7.73,29.8,32.5,1,97.2,2.83,4.29,2,335,88,81,80,1,3,5
USER023,2025-07-28,5.42,23.5,29.3,3,95.9,1.09,5.82,4,229,76,83,51,57,5,5
USER023,2025-07-29,6.64,27.7,32.9,2,95.5,1.08,6.26,5,242,75,84,41,6,4,4
USER023,2025-07-30,6.99,20.5,24.6,2,91.4,0.65,7.36,1,329,69,86,259,8,4,3
USER023,2025-07-31,4.57,26.8,32.6,1,89.6,1.24,4.4,1,218,77,83,131,3,2,6
USER023,2025-08-01,6.36,22.4,21.7,2,93.4,1.27,5.84,4,222,77,79,75,0,3,8
USER023,2025-08-02,8.51,24.4,32.7,0,90.4,2.82,6.23,1,312,94,71,99,13,4,5
USER023,2025-08-03,7.4,34.1,33.3,2,89.7,2.76,3.47,1,313,72,84,162,21,3,7
USER023,2025-08-04,6.87,19.0,22.1,0,96.3,0.74,4.0,5,254,71,87,63,34,1,6
USER023,2025-08-05,5.63,31.0,18.9,2,98.7,1.05,3.03,4,273,84,68,124,5,1,6
USER023,2025-08-06,7.44,17.8,35.6,0,96.6,0.57,8.59,4,350,86,81,190,0,5,6
USER023,2025-08-07,4.96,45.9,28.9,0,93.6,0.57,4.63,2,303,76,100,61,22,3,6
USER023,2025-08-08,6.76,15.9,38.4,1,97.8,1.35,3.73,4,206,97,69,41,0,3,4
USER023,2025-08-09,7.17,35.1,29.1,2,90.0,2.08,3.44,7,230,79,85,61,13,5,5
USER023,2025-08-10,6.47,25.7,35.4,4,96.5,2.7,8.56,7,373,94,100,29,22,5,7
USER023,2025-08-11,7.05,14.3,23.4,3,97.3,0.71,4.47,4,251,78,76,125,1,4,6
USER023,2025-08-12,6.42,26.5,30.0,3,87.5,0.82,6.52,4,200,84,92,142,15,5,5
USER023,2025-08-13,7.22,22.9,30.2,1,89.0,0.56,6.37,4,273,74,85,68,20,3,5
USER023,2025-08-14,6.3,27.9,30.9,1,90.6,1.4,7.91,8,320,100,78,91,1,4,6
USER023,2025-08-15,8.66,31.2,16.4,1,96.4,0.52,3.89,4,314,91,80,63,24,6,7
USER023,2025-08-16,6.2,27.4,35.1,1,93.8,2.04,5.32,6,227,76,94,132,22,3,7
USER023,2025-08-17,6.22,31.7,30.5,1,84.6,1.18,7.09,3,384,94,82,36,4,4,5
USER023,2025-08-18,7.33,31.0,17.5,2,94.0,0.74,5.74,7,322,87,77,93,37,2,7
USER023,2025-08-19,6.76,28.0,35.7,2,97.9,0.55,3.87,5,200,99,94,36,23,3,3
USER023,2025-08-20,6.69,20.5,25.9,4,94.4,1.15,7.67,4,200,84,100,119,2,4,8
USER023,2025-08-21,6.48,20.1,36.4,2,92.0,0.52,7.79,3,351,90,76,47,3,4,8
USER023,2025-08-22,7.68,25.2,24.0,1,98.4,1.39,2.72,5,260,84,93,59,10,4,5
USER023,2025-08-23,7.72,14.5,19.0,3,92.9,1.25,5.79,2,396,79,100,133,21,5,4
USER023,2025-08-24,7.46,15.0,29.9,3,94.0,2.58,4.94,4,344,73,83,83,11,3,5
USER023,2025-08-25,4.94,12.8,18.5,3,96.0,1.23,5.97,3,221,71,73,373,5,5,4
USER023,2025-08-26,6.14,32.6,27.8,2,97.4,0.75,4.04,6,290,77,86,77,18,5,5
USER023,2025-08-27,5.89,31.4,31.7,1,89.7,1.25,7.35,3,305,77,100,79,16,2,8
USER023,2025-08-28,6.37,27.1,25.5,2,94.7,1.38,6.44,5,274,68,76,95,12,6,6
USER023,2025-08-29,7.16,28.3,27.7,0,87.4,1.46,7.83,6,214,97,89,24,22,5,5
USER023,2025-08-30,7.06,20.2,36.9,1,93.7,2.88,6.74,1,251,100,100,103,38,4,6
USER023,2025-08-31,6.72,24.5,18.1,2,96.5,2.88,7.13,5,265,93,74,29,0,4,5
USER023,2025-09-01,5.85,29.2,35.0,3,97.2,1.31,6.57,5,278,70,75,99,11,6,6
USER023,2025-09-02,6.08,15.4,16.8,1,96.4,0.89,5.08,5,268,83,76,39,17,3,5
USER023,2025-09-03,4.88,23.9,33.6,5,93.3,0.55,4.16,3,343,58,81,141,51,5,7
USER023,2025-09-04,8.63,19.3,28.0,2,93.1,1.23,5.47,2,328,100,56,66,13,3,7
USER023,2025-09-05,7.21,33.5,24.4,3,94.6,0.6,4.78,6,269,84,74,4,11,5,4
USER023,2025-09-06,6.5,14.5,22.6,2,92.5,1.16,7.9,4,246,69,88,192,28,7,5
USER023,2025-09-07,8.76,15.9,22.2,0,89.5,1.3,7.72,3,287,75,64,19,16,4,6
USER023,2025-09-08,5.05,32.2,24.4,3,94.2,0.98,3.97,5,348,68,57,72,8,5,6
USER023,2025-09-09,7.4,29.0,31.3,5,93.0,1.2,5.9,3,200,60,88,224,44,3,5
USER023,2025-09-10,6.01,37.0,14.3,0,89.5,1.48,4.83,2,234,68,94,57,30,2,8
USER023,2025-09-11,5.12,26.2,24.9,3,95.3,0.75,3.86,4,267,81,68,61,6,3,7
USER023,2025-09-12,6.26,17.2,29.5,2,92.7,0.67,6.87,2,245,75,100,67,17,4,4
USER023,2025-09-13,7.62,32.7,37.3,1,99.5,2.78,6.18,2,300,81,91,125,1,6,7
USER023,2025-09-14,5.77,29.3,33.9,3,96.3,1.28,6.36,5,276,83,90,173,2,3,5
USER023,2025-09-15,7.46,30.7,26.2,1,93.8,0.92,6.8,2,356,91,73,37,8,1,6
USER023,2025-09-16,7.29,30.4,37.4,1,96.3,1.38,6.54,3,302,68,77,108,16,5,4
USER023,2025-09-17,6.15,18.7,22.0,2,98.3,1.16,7.4,9,280,80,78,275,21,2,3
USER023,2025-09-18,8.08,38.7,15.1,2,93.4,1.29,0.77,3,327,100,91,49,6,5,7
USER023,2025-09-19,7.07,19.6,21.1,1,97.4,0.71,3.58,6,210,76,83,101,37,4,3
USER023,2025-09-20,9.24,25.5,35.4,0,97.6,2.96,5.38,2,365,71,55,146,30,5,7
USER023,2025-09-21,8.11,18.9,32.2,1,95.2,2.06,5.22,3,299,73,80,39,1,4,6
USER023,2025-09-22,6.29,34.7,27.4,4,95.4,1.29,4.91,7,280,83,85,91,35,3,8
USER023,2025-09-23,5.65,30.7,39.0,2,99.0,0.81,7.7,2,290,70,87,69,29,3,4
USER023,2025-09-24,6.26,23.8,37.9,3,86.7,1.01,5.23,3,326,79,84,87,5,3,7
USER023,2025-09-25,5.78,16.8,18.8,1,90.9,1.48,3.35,1,263,87,91,16,32,4,5
USER023,2025-09-26,4.97,32.2,21.8,1,92.3,0.69,4.35,3,395,77,94,102,5,2,3
USER023,2025-09-27,7.33,17.6,29.6,3,91.2,2.8,7.01,3,248,70,90,153,3,4,5
USER023,2025-09-28,7.91,20.9,36.0,1,89.8,2.64,5.04,1,313,68,65,158,56,4,7
USER023,2025-09-29,7.54,17.1,21.6,2,94.3,1.11,7.41,4,234,64,88,113,6,3,6
USER023,2025-09-30,6.35,25.1,28.7,3,98.2,1.36,5.02,5,247,98,85,141,44,4,5
USER023,2025-10-01,5.69,27.0,21.9,2,92.0,1.09,4.61,3,321,72,76,100,22,7,3
USER023,2025-10-02,7.37,40.3,35.7,2,94.1,0.94,3.24,3,295,87,84,50,2,4,7
USER023,2025-10-03,4.35,28.3,22.0,4,95.0,0.67,6.44,0,389,63,59,55,4,1,5
USER023,2025-10-04,7.56,26.2,30.9,1,86.2,1.48,3.06,2,351,70,65,36,41,4,4
USER023,2025-10-05,7.71,22.7,26.3,2,98.9,2.04,5.63,4,239,87,82,63,17,3,6
USER023,2025-10-06,7.65,16.8,37.4,1,90.5,0.76,5.51,2,295,81,64,209,0,5,6
USER023,2025-10-07,8.0,18.2,33.2,1,86.5,0.92,7.19,2,315,73,79,208,73,3,6
USER023,2025-10-08,6.12,28.8,24.1,4,98.4,0.88,4.56,3,315,100,90,114,7,4,6
USER023,2025-10-09,6.57,18.2,19.5,4,96.5,0.76,9.64,3,305,83,82,100,14,5,6
USER023,2025-10-10,6.45,19.3,29.4,0,94.0,0.57,5.37,4,242,80,95,34,0,7,5
USER023,2025-10-11,8.56,24.8,24.1,1,87.5,1.06,5.68,2,305,62,64,150,17,4,3
USER023,2025-10-12,7.5,14.5,39.5,1,93.2,2.5,2.36,2,200,90,69,5,25,7,6
USER023,2025-10-13,6.81,16.6,25.3,0,91.7,1.3,6.49,5,242,89,73,57,62,6,6
USER023,2025-10-14,5.67,23.0,31.0,2,97.0,0.83,6.27,5,313,73,84,185,8,3,6
USER023,2025-10-15,4.82,28.6,24.3,2,96.6,1.44,4.56,1,302,71,65,89,48,2,4
USER023,2025-10-16,5.15,21.7,21.7,2,96.0,1.33,2.69,2,292,88,68,43,7,6,5
USER023,2025-10-17,6.75,21.6,24.7,4,95.2,0.81,5.1,6,320,92,81,46,1,3,8
USER023,2025-10-18,6.8,33.1,30.0,3,91.0,1.07,4.61,5,200,98,89,49,53,4,8
USER023,2025-10-19,7.47,24.7,37.3,2,99.1,2.74,3.58,1,284,79,92,54,43,6,7
USER023,2025-10-20,4.69,31.3,37.6,2,97.8,1.01,4.38,0,313,58,48,108,1,3,6
USER023,2025-10-21,5.57,34.7,20.9,4,91.1,1.09,4.35,4,263,81,51,101,14,2,6
USER023,2025-10-22,4.45,18.3,35.9,1,88.2,0.99,5.18,1,386,67,66,75,11,2,6
USER023,2025-10-23,7.0,21.5,26.7,0,86.5,0.93,4.55,4,286,81,80,359,2,4,5
USER023,2025-10-24,5.05,22.9,29.3,2,93.0,1.11,5.17,6,273,79,66,201,16,5,4
USER023,2025-10-25,6.13,18.5,21.6,2,98.2,1.09,7.26,2,299,85,76,260,25,3,7
USER023,2025-10-26,7.22,24.3,39.0,0,84.8,1.17,2.09,6,288,74,83,251,25,4,6
USER023,2025-10-27,7.18,39.5,37.1,1,95.0,0.68,9.96,1,294,85,100,40,17,5,6
USER023,2025-10-28,5.7,22.7,23.9,1,98.4,0.75,2.83,4,320,79,85,56,9,5,8
USER023,2025-10-29,6.6,25.9,26.1,2,92.4,0.52,6.42,3,260,86,89,32,8,5,8
USER023,2025-10-30,6.15,15.2,23.3,4,84.6,0.86,6.16,4,326,91,86,34,23,4,7
USER023,2025-10-31,6.69,25.0,21.9,2,97.3,1.13,9.02,9,283,80,79,19,31,5,7
USER023,2025-11-01,5.61,27.3,23.3,2,98.3,1.59,5.6,5,272,82,84,72,1,6,2
USER023,2025-11-02,7.31,18.2,18.6,1,98.0,1.81,6.32,2,243,73,95,106,4,3,4
USER023,2025-11-03,6.32,32.2,19.5,1,90.1,0.89,6.72,3,267,81,78,113,32,4,7
USER023,2025-11-04,5.78,34.1,23.3,3,98.6,0.98,5.87,4,330,69,89,104,9,5,3
USER023,2025-11-05,6.7,20.5,26.3,4,98.9,0.94,7.45,3,426,71,87,53,10,6,4
USER023,2025-11-06,5.45,23.7,21.5,5,96.7,1.32,4.43,1,272,79,73,65,17,4,6
USER024,2025-07-10,8.09,33.1,29.3,0,95.6,0.69,6.55,5,301,87,95,153,13,6,5
USER024,2025-07-11,8.73,20.5,27.5,5,86.8,0.84,6.57,2,292,70,79,8,18,6,7
USER024,2025-07-12,9.05,36.6,19.8,2,87.0,1.19,3.88,2,345,81,100,40,4,4,4
USER024,2025-07-13,9.44,28.5,19.9,3,89.9,1.55,3.26,2,298,64,79,63,16,2,6
USER024,2025-07-14,10.11,31.7,28.4,1,87.7,0.89,4.12,1,314,68,90,353,63,4,8
USER024,2025-07-15,7.33,19.8,21.1,3,98.3,0.83,5.22,3,244,80,81,75,6,4,6
USER024,2025-07-16,8.28,23.6,20.9,3,93.9,1.27,7.34,5,225,96,96,66,6,4,5
USER024,2025-07-17,7.63,18.5,22.5,2,96.8,0.56,3.81,1,277,84,80,110,3,4,7
USER024,2025-07-18,8.91,16.4,28.2,3,95.3,0.59,6.56,1,315,81,69,90,2,5,7
USER024,2025-07-19,9.3,22.6,23.9,1,93.4,2.92,4.74,3,277,86,92,169,77,2,4
USER024,2025-07-20,8.61,21.1,21.2,0,88.5,2.66,3.3,1,340,77,83,120,58,2,8
USER024,2025-07-21,7.2,18.9,22.2,3,94.7,0.91,4.12,1,309,72,89,62,15,3,8
USER024,2025-07-22,9.53,30.5,22.9,2,97.8,0.92,2.26,2,253,74,75,27,3,2,6
USER024,2025-07-23,8.19,34.5,24.7,6,92.8,1.07,6.02,1,295,76,100,49,66,6,3
USER024,2025-07-24,8.69,20.4,30.4,5,98.2,1.21,5.04,8,261,87,79,43,41,3,5
USER024,2025-07-25,8.5,23.1,33.8,1,99.4,1.04,5.68,6,283,78,85,42,11,6,5
USER024,2025-07-26,9.16,20.1,23.5,1,96.1,1.37,6.37,4,327,86,74,21,15,4,7
USER024,2025-07-27,8.3,19.1,35.7,0,95.1,1.93,6.4,3,270,90,100,117,5,4,8
USER024,2025-07-28,7.76,17.9,33.8,2,90.5,0.75,2.95,4,326,100,85,130,2,3,7
USER024,2025-07-29,6.29,36.2,27.2,2,97.0,0.69,3.82,3,339,89,71,198,25,6,6
USER024,2025-07-30,7.75,21.8,28.4,2,95.5,0.74,4.73,4,257,85,69,252,10,5,6
USER024,2025-07-31,7.27,31.6,32.9,1,94.4,0.52,3.67,5,230,80,75,162,13,5,8
USER024,2025-08-01,6.79,20.7,34.7,4,96.3,1.16,3.26,2,280,85,52,36,31,3,7
USER024,2025-08-02,10.8,29.8,29.2,1,98.3,2.51,3.08,2,370,47,71,129,5,7,3
USER024,2025-08-03,7.99,25.7,24.9,3,86.5,1.04,6.83,3,200,68,75,166,1,4,6
USER024,2025-08-04,7.24,37.1,23.8,3,92.2,1.18,6.03,5,306,87,69,158,12,2,5
USER024,2025-08-05,6.99,27.7,30.5,0,92.9,1.25,5.23,2,207,75,59,112,0,4,4
USER024,2025-08-06,8.08,35.8,23.4,1,86.4,1.3,5.99,4,256,95,100,57,42,3,4
USER024,2025-08-07,7.93,22.6,38.0,2,96.4,1.4,5.05,7,282,83,83,8,8,2,4
USER024,2025-08-08,7.95,13.3,32.0,0,94.7,1.0,5.01,2,343,68,72,88,69,6,7
USER024,2025-08-09,10.46,19.7,28.7,2,91.6,2.7,5.0,1,364,66,80,36,16,4,4
USER024,2025-08-10,9.22,21.9,33.1,3,99.9,1.88,3.73,8,274,79,71,149,65,4,8
USER024,2025-08-11,8.95,25.7,26.5,3,91.7,1.48,8.56,3,360,100,96,32,16,5,6
USER024,2025-08-12,8.52,16.8,22.5,3,94.2,0.93,8.62,1,311,88,89,94,6,7,2
USER024,2025-08-13,9.09,21.1,23.0,2,94.4,0.85,7.18,1,267,89,76,85,46,3,4
USER024,2025-08-14,7.7,29.4,21.0,0,81.5,1.39,5.22,1,290,76,89,95,4,3,7
USER024,2025-08-15,8.19,22.2,28.1,2,99.8,1.29,7.73,6,253,86,90,82,15,4,5
USER024,2025-08-16,8.89,20.5,22.2,3,96.9,1.72,5.46,2,243,96,78,81,5,4,6
USER024,2025-08-17,9.16,35.2,32.5,0,94.3,2.21,3.88,4,360,80,85,141,6,3,5
USER024,2025-08-18,8.13,19.3,29.0,0,87.0,0.81,7.16,5,284,97,100,82,17,4,6
USER024,2025-08-19,5.76,22.8,28.4,1,90.4,1.17,4.51,1,385,82,71,156,19,6,5
USER024,2025-08-20,7.57,20.3,19.7,2,88.3,0.52,6.28,1,314,57,87,29,4,5,6
USER024,2025-08-21,8.61,28.3,24.0,3,83.1,0.86,6.35,5,290,71,84,111,19,6,4
USER024,2025-08-22,9.54,25.6,27.6,3,91.1,0.5,3.72,4,322,58,91,132,2,5,6
USER024,2025-08-23,7.83,19.0,26.6,2,90.8,1.06,7.39,3,200,74,93,116,29,3,7
USER024,2025-08-24,8.16,34.3,24.3,3,93.9,1.69,5.07,6,293,96,86,141,26,5,8
USER024,2025-08-25,7.28,20.6,27.2,2,93.1,0.68,6.14,3,254,82,65,67,10,3,4
USER024,2025-08-26,8.66,26.8,28.5,2,89.9,1.05,5.39,1,320,68,83,50,19,6,7
USER024,2025-08-27,7.51,23.9,34.3,2,96.4,0.85,4.04,5,329,70,84,92,2,1,5
USER024,2025-08-28,7.56,24.1,17.4,0,96.7,1.13,3.56,3,272,77,93,195,44,3,6
USER024,2025-08-29,6.6,36.6,28.0,1,99.1,0.53,4.23,2,302,77,55,171,38,3,5
USER024,2025-08-30,7.37,27.5,32.9,1,90.3,2.76,6.54,1,250,100,88,278,17,4,7
USER024,2025-08-31,9.06,17.7,34.1,3,96.0,2.87,5.69,2,216,87,79,221,63,3,7
USER024,2025-09-01,9.54,23.3,33.5,4,96.0,1.14,4.45,1,325,78,75,430,7,5,3
USER024,2025-09-02,6.26,28.5,34.8,1,88.7,0.71,3.99,1,321,74,60,244,2,4,7
USER024,2025-09-03,8.51,37.0,29.9,1,94.7,0.56,3.34,4,295,77,84,150,17,4,6
USER024,2025-09-04,8.61,28.8,39.1,3,95.3,0.69,3.38,4,356,92,91,21,21,2,7
USER024,2025-09-05,6.46,30.7,26.7,3,92.0,1.29,5.05,2,366,65,76,69,1,3,6
USER024,2025-09-06,10.29,26.2,22.6,1,93.5,2.35,3.55,1,333,64,70,92,13,3,4
USER024,2025-09-07,9.12,29.3,33.7,1,93.9,1.31,9.48,4,265,67,96,91,28,5,8
USER024,2025-09-08,7.46,29.6,21.4,1,94.6,0.68,4.61,5,295,81,77,97,20,5,7
USER024,2025-09-09,9.01,19.6,24.8,0,93.4,1.25,4.62,3,355,100,60,137,12,3,5
USER024,2025-09-10,6.86,25.6,28.5,2,99.2,0.96,5.41,7,221,77,42,148,67,5,7
USER024,2025-09-11,8.64,34.7,35.5,2,96.7,0.82,4.58,7,231,97,87,197,0,4,7
USER024,2025-09-12,8.56,18.3,18.9,1,95.0,1.02,8.38,9,324,78,100,79,70,4,3
USER024,2025-09-13,9.12,14.8,27.5,0,89.3,1.59,3.18,2,358,90,67,125,14,3,4
USER024,2025-09-14,9.84,34.5,25.3,2,95.7,2.02,4.98,2,265,49,79,22,64,2,5
USER024,2025-09-15,8.76,25.2,20.1,2,91.3,0.94,4.71,5,202,83,95,59,10,6,6
USER024,2025-09-16,7.61,21.3,26.6,0,94.9,1.01,6.32,5,278,87,72,106,10,2,8
USER024,2025-09-17,8.36,26.3,29.1,5,84.8,1.18,5.43,3,283,70,94,22,55,4,7
USER024,2025-09-18,7.69,31.0,19.5,2,94.9,1.0,6.27,5,211,73,98,164,29,6,6
USER024,2025-09-19,9.0,32.4,30.6,4,94.2,1.09,7.13,3,200,72,100,174,11,7,8
USER024,2025-09-20,10.43,14.6,29.0,3,92.4,1.76,5.26,2,371,71,52,147,26,4,3
USER024,2025-09-21,7.14,20.7,28.3,4,95.2,2.17,3.39,4,251,81,89,49,120,2,7
USER024,2025-09-22,7.44,20.9,31.1,3,93.3,1.33,5.51,3,262,65,71,25,26,4,4
USER024,2025-09-23,6.77,16.1,20.5,1,95.3,0.71,2.96,2,295,69,71,175,109,2,5
USER024,2025-09-24,10.22,17.9,38.4,1,89.7,0.54,2.66,0,264,65,64,40,32,1,5
USER024,2025-09-25,10.0,22.9,20.4,3,83.6,1.5,5.27,2,305,85,71,176,63,2,4
USER024,2025-09-26,7.09,17.2,25.9,1,87.8,1.05,7.03,5,296,65,71,102,18,2,7
USER024,2025-09-27,8.23,33.0,34.1,2,94.5,1.39,8.58,3,294,73,80,21,7,7,8
USER024,2025-09-28,8.72,34.8,26.8,6,91.0,2.85,4.81,3,348,85,77,58,38,4,7
USER024,2025-09-29,7.6,23.4,23.9,1,94.1,1.42,5.31,4,249,94,93,139,107,4,9
USER024,2025-09-30,8.87,27.8,26.8,2,91.2,1.23,6.8,2,351,85,74,53,4,5,5
USER024,2025-10-01,8.53,16.4,26.5,1,94.9,1.41,4.19,4,282,84,89,115,43,7,7
USER024,2025-10-02,8.23,17.5,19.6,2,90.5,0.97,5.85,4,357,79,85,75,6,3,5
USER024,2025-10-03,8.19,21.3,24.4,1,99.3,0.75,5.67,4,275,83,87,116,7,3,4
USER024,2025-10-04,10.2,16.7,25.2,1,88.9,2.45,4.49,2,315,60,62,5,17,3,4
USER024,2025-10-05,9.09,22.5,26.2,1,96.0,2.24,6.16,4,273,70,77,82,19,3,5
USER024,2025-10-06,7.29,28.4,27.1,2,86.4,1.04,7.3,3,350,83,80,49,29,2,8
USER024,2025-10-07,7.78,15.8,19.4,3,94.5,1.27,5.26,9,338,94,89,115,29,4,4
USER024,2025-10-08,8.88,31.6,32.7,1,95.8,0.64,6.21,6,284,77,97,46,21,4,5
USER024,2025-10-09,8.15,14.0,20.5,0,91.6,0.95,6.1,6,249,65,95,168,13,3,8
USER024,2025-10-10,8.54,27.8,32.1,4,91.9,1.17,6.88,5,233,73,79,120,16,3,6
USER024,2025-10-11,8.83,26.9,23.5,1,97.0,2.69,5.38,5,225,82,82,105,24,4,5
USER024,2025-10-12,9.4,29.5,24.3,2,86.2,1.79,6.23,2,291,83,61,86,0,4,9
USER024,2025-10-13,6.61,28.2,29.0,2,96.1,0.93,3.69,1,371,75,61,61,12,3,6
USER024,2025-10-14,6.83,16.1,36.4,3,93.9,0.82,6.44,3,320,90,71,83,38,4,3
USER024,2025-10-15,8.17,31.1,26.9,2,97.7,0.86,6.92,9,224,92,71,263,11,5,6
USER024,2025-10-16,8.29,26.8,24.9,4,92.9,1.38,6.34,7,251,82,94,97,53,4,6
USER024,2025-10-17,7.12,22.8,26.3,1,98.9,1.41,5.78,1,395,84,62,110,10,3,6
USER024,2025-10-18,9.11,30.3,18.2,3,96.9,1.52,6.08,2,296,82,94,89,1,1,6
USER024,2025-10-19,10.29,24.9,19.0,3,92.9,2.88,5.16,0,324,63,75,66,22,3,3
USER024,2025-10-20,7.5,29.2,31.3,1,95.3,0.84,6.12,8,307,67,84,330,8,3,8
USER024,2025-10-21,8.2,34.5,26.1,4,91.7,1.35,3.99,3,268,100,93,190,6,6,7
USER024,2025-10-22,6.4,13.7,30.0,3,94.1,0.65,4.66,4,259,79,76,86,13,3,7
USER024,2025-10-23,6.39,29.4,28.5,2,91.7,1.26,3.75,3,329,80,72,12,4,4,8
USER024,2025-10-24,8.82,28.4,26.8,1,95.8,1.34,5.73,3,336,88,87,98,74,2,6
USER024,2025-10-25,8.42,16.0,21.1,3,96.7,2.1,4.17,1,305,93,87,28,32,3,6
USER024,2025-10-26,10.08,22.6,29.2,2,96.6,1.49,4.66,4,381,55,85,45,1,7,3
USER024,2025-10-27,6.83,12.7,26.1,2,95.4,0.73,6.3,1,285,65,78,72,9,3,3
USER024,2025-10-28,8.25,26.4,18.3,3,96.7,1.37,1.94,4,200,84,93,33,14,5,6
USER024,2025-10-29,7.07,20.8,22.7,1,96.7,1.01,4.78,1,346,81,85,26,15,3,2
USER024,2025-10-30,8.72,26.1,36.4,3,95.0,0.67,2.22,5,230,95,77,32,2,2,3
USER024,2025-10-31,8.88,32.6,24.0,2,94.6,1.1,4.74,6,236,76,74,92,4,4,7
USER024,2025-11-01,7.29,25.1,26.6,5,96.2,1.01,6.82,1,344,75,65,19,7,4,7
USER024,2025-11-02,7.57,24.6,34.9,3,95.0,2.48,5.32,7,273,87,79,37,7,3,7
USER024,2025-11-03,7.2,28.9,28.2,4,96.3,1.38,5.34,4,288,81,68,68,7,3,5
USER024,2025-11-04,10.12,22.6,17.5,0,99.8,0.64,4.62,1,346,75,76,132,2,5,5
USER024,2025-11-05,7.94,18.7,32.1,0,93.9,1.22,6.67,8,267,76,88,92,2,6,5
USER024,2025-11-06,7.16,19.1,21.4,3,97.3,0.75,8.21,5,200,83,70,213,44,3,5
USER025,2025-07-10,7.21,23.7,30.9,5,93.3,21.62,6.76,6,260,55,77,46,25,5,5
USER025,2025-07-11,8.74,26.9,27.8,2,91.2,21.95,4.38,8,356,89,100,218,29,3,4
USER025,2025-07-12,8.47,19.8,34.4,3,95.5,23.04,6.62,7,404,82,86,84,12,3,6
USER025,2025-07-13,10.15,21.6,37.6,1,94.3,23.0,6.84,2,417,66,53,104,89,3,5
USER025,2025-07-14,9.45,24.6,26.8,3,97.2,22.12,4.0,6,342,99,64,9,16,2,7
USER025,2025-07-15,8.0,28.7,39.0,2,96.4,21.59,6.79,5,230,100,76,91,7,2,8
USER025,2025-07-16,7.92,32.1,35.1,2,95.2,22.12,6.03,5,230,89,99,57,41,2,8
USER025,2025-07-17,7.14,15.5,25.9,3,87.6,21.91,5.09,0,238,95,80,272,1,3,5
USER025,2025-07-18,7.73,25.1,25.5,3,99.6,21.78,5.45,2,294,64,63,127,18,4,8
USER025,2025-07-19,10.43,19.0,36.0,3,90.6,23.37,4.75,0,331,79,75,351,63,7,4
USER025,2025-07-20,8.67,18.9,30.2,5,93.1,22.8,8.92,11,300,73,84,24,0,6,7
USER025,2025-07-21,6.91,28.3,35.5,1,91.8,22.3,3.87,3,242,71,100,217,43,3,5
USER025,2025-07-22,7.39,18.9,26.6,2,93.6,22.12,4.39,6,269,69,92,116,4,3,4
USER025,2025-07-23,8.83,28.6,25.8,3,97.0,21.64,4.05,7,204,63,72,62,26,7,5
USER025,2025-07-24,9.18,25.2,15.0,2,95.0,22.43,5.56,2,326,77,80,47,31,4,5
USER025,2025-07-25,9.65,18.2,19.6,1,97.6,22.43,5.24,2,269,64,71,65,5,4,6
USER025,2025-07-26,8.69,24.5,25.0,1,91.8,22.59,6.5,5,236,100,98,121,6,6,5
USER025,2025-07-27,9.11,16.1,27.9,0,95.5,23.55,7.0,2,290,83,70,181,19,4,5
USER025,2025-07-28,7.26,24.0,25.6,3,94.7,21.91,5.92,0,258,76,69,59,19,2,7
USER025,2025-07-29,7.38,25.4,25.8,1,88.5,21.84,4.58,4,259,69,82,109,53,3,5
USER025,2025-07-30,9.17,39.3,20.4,2,96.8,21.92,5.96,6,234,87,82,142,9,2,4
USER025,2025-07-31,9.37,31.0,20.1,2,94.3,21.85,6.63,3,270,81,78,81,17,5,4
USER025,2025-08-01,9.09,19.9,25.2,6,91.5,21.91,3.2,4,278,80,100,35,15,5,4
USER025,2025-08-02,9.57,31.0,22.7,3,87.0,22.1,5.0,4,291,67,90,195,2,7,7
USER025,2025-08-03,10.83,24.9,23.4,1,77.8,22.98,6.3,1,388,51,58,83,2,4,5
USER025,2025-08-04,7.95,29.1,32.1,3,88.3,22.19,6.41,4,257,83,86,375,8,7,8
USER025,2025-08-05,8.53,28.0,28.6,3,94.9,21.62,5.92,10,247,85,78,50,17,3,5
USER025,2025-08-06,9.17,23.6,29.3,4,94.6,21.82,5.9,1,213,100,67,332,6,7,6
USER025,2025-08-07,6.6,22.2,26.8,2,97.1,22.17,0.81,3,340,76,77,66,14,4,5
USER025,2025-08-08,8.05,26.3,24.1,2,92.3,22.3,9.85,2,310,79,99,98,9,3,4
USER025,2025-08-09,9.56,30.0,30.2,1,95.3,23.4,5.64,3,275,85,88,48,44,4,5
USER025,2025-08-10,7.97,24.1,25.6,3,95.2,23.54,7.51,4,215,93,77,51,49,2,5
USER025,2025-08-11,8.73,18.1,25.9,2,93.6,21.54,7.56,7,315,81,79,88,34,6,5
USER025,2025-08-12,8.63,24.2,24.6,8,98.9,21.64,6.33,4,315,77,94,97,8,8,6
USER025,2025-08-13,6.76,26.1,32.4,1,95.9,22.31,5.71,2,200,62,75,75,19,3,7
USER025,2025-08-14,6.31,22.6,23.3,2,99.2,22.24,4.11,1,276,63,46,66,6,3,4
USER025,2025-08-15,8.73,31.4,32.3,2,97.9,21.63,7.06,6,255,90,91,166,27,7,6
USER025,2025-08-16,9.31,21.8,26.6,0,92.2,22.84,4.34,1,321,71,86,256,0,6,5
USER025,2025-08-17,9.22,25.0,33.5,3,94.6,23.97,5.85,2,363,76,52,33,4,3,8
USER025,2025-08-18,6.28,19.1,24.5,1,92.5,21.89,5.86,1,364,84,65,31,30,3,4
USER025,2025-08-19,8.67,14.5,24.1,1,94.8,22.26,6.18,3,307,66,43,115,30,3,4
USER025,2025-08-20,8.39,20.8,23.0,1,92.1,22.2,6.45,3,261,91,83,340,11,5,6
USER025,2025-08-21,9.63,33.3,37.9,3,96.4,22.34,6.24,1,264,60,78,59,15,2,6
USER025,2025-08-22,7.7,28.1,18.9,1,88.6,21.64,3.73,6,312,72,66,87,3,3,8
USER025,2025-08-23,9.48,20.7,29.3,3,98.7,23.2,4.39,2,328,74,68,97,21,4,2
USER025,2025-08-24,9.28,18.6,28.4,0,99.3,22.26,6.29,6,200,97,94,154,20,4,4
USER025,2025-08-25,7.97,32.2,33.5,0,93.4,21.72,6.45,9,308,80,75,46,5,5,5
USER025,2025-08-26,8.91,31.7,31.5,6,95.6,21.93,5.94,2,302,83,100,49,0,4,5
USER025,2025-08-27,9.09,32.1,29.3,3,89.7,22.0,4.19,0,262,92,94,144,31,5,7
USER025,2025-08-28,9.69,12.0,28.0,0,99.0,22.41,3.52,1,256,78,79,14,7,2,5
USER025,2025-08-29,7.38,29.6,32.8,0,97.1,22.06,7.57,8,224,68,100,68,14,5,7
USER025,2025-08-30,8.23,24.5,24.0,2,91.8,22.58,6.22,4,309,80,77,67,7,5,6
USER025,2025-08-31,9.22,24.5,15.8,3,89.4,22.07,7.78,3,257,88,74,121,2,2,8
USER025,2025-09-01,8.33,30.0,29.9,3,90.1,21.62,4.5,3,235,99,100,180,8,2,7
USER025,2025-09-02,9.83,16.1,25.7,1,95.9,21.51,3.49,1,253,59,87,18,31,4,7
USER025,2025-09-03,7.01,21.0,25.2,5,94.9,22.43,7.75,0,312,71,72,28,46,4,6
USER025,2025-09-04,9.12,27.4,30.8,2,96.6,21.74,6.27,3,238,81,100,65,6,5,3
USER025,2025-09-05,9.89,32.8,32.3,1,94.5,22.43,2.92,1,233,63,64,57,15,4,3
USER025,2025-09-06,10.03,22.5,18.9,0,93.6,23.25,5.82,3,256,88,53,151,8,5,8
USER025,2025-09-07,7.51,20.8,36.9,2,92.6,22.76,4.16,2,306,72,90,197,15,2,6
USER025,2025-09-08,8.98,18.7,31.7,2,89.2,22.35,7.55,5,236,81,85,80,55,2,8
USER025,2025-09-09,7.59,32.4,25.7,0,87.7,21.74,7.82,2,349,74,67,102,21,2,5
USER025,2025-09-10,8.29,25.0,22.1,2,95.3,21.74,6.57,1,264,79,83,168,8,2,4
USER025,2025-09-11,8.15,26.3,16.6,1,95.1,21.52,8.95,4,200,77,97,26,72,2,8
USER025,2025-09-12,7.62,20.0,34.5,2,88.3,22.46,7.36,3,247,67,79,42,6,6,5
USER025,2025-09-13,9.34,25.9,35.1,4,94.4,23.54,4.51,1,339,77,95,133,47,2,6
USER025,2025-09-14,10.09,25.2,15.1,1,89.0,23.77,2.46,0,302,82,57,133,19,3,7
USER025,2025-09-15,7.7,18.2,30.3,3,95.2,21.67,4.08,3,259,94,78,110,11,3,5
USER025,2025-09-16,7.28,12.3,27.3,2,92.1,22.35,5.24,4,322,78,86,47,3,3,7
USER025,2025-09-17,8.54,22.5,34.4,1,91.8,22.18,4.78,6,245,80,85,15,7,4,8
USER025,2025-09-18,8.78,30.3,24.0,0,87.7,22.24,5.0,2,300,78,80,7,71,2,5
USER025,2025-09-19,9.89,25.3,20.1,3,96.4,22.48,6.98,3,318,89,79,95,26,4,3
USER025,2025-09-20,9.47,21.8,30.5,3,96.6,22.81,4.2,2,320,85,70,120,7,5,6
USER025,2025-09-21,10.02,26.6,35.9,2,99.5,22.74,4.53,2,287,80,63,74,0,4,5
USER025,2025-09-22,8.36,20.3,19.5,1,92.9,22.16,4.38,2,207,78,79,216,41,3,5
USER025,2025-09-23,8.94,16.8,21.8,3,96.3,21.53,7.53,4,270,79,82,53,10,3,4
USER025,2025-09-24,7.7,29.8,25.5,3,93.7,21.81,3.27,2,223,92,91,9,33,8,7
USER025,2025-09-25,6.54,36.0,27.6,4,95.9,22.11,6.82,3,294,85,78,50,37,7,6
USER025,2025-09-26,7.31,23.1,22.3,1,96.1,22.06,3.91,3,299,75,95,81,26,6,5
USER025,2025-09-27,10.01,17.7,28.6,0,92.6,23.27,2.66,2,313,88,69,116,4,4,4
USER025,2025-09-28,7.56,21.6,30.7,3,91.0,22.62,1.9,2,317,89,88,167,3,4,6
USER025,2025-09-29,8.36,19.6,30.0,2,88.8,21.95,6.61,3,220,98,90,157,17,4,6
USER025,2025-09-30,8.83,32.8,21.6,1,85.2,22.35,3.96,2,253,94,93,23,35,6,8
USER025,2025-10-01,8.15,19.3,32.6,1,97.4,22.32,5.25,2,369,90,82,70,4,4,6
USER025,2025-10-02,7.08,32.0,18.6,2,96.0,22.4,4.47,2,308,73,74,61,10,4,7
USER025,2025-10-03,6.75,18.8,38.6,2,97.4,22.1,3.9,3,298,77,77,24,12,5,4
USER025,2025-10-04,10.46,18.4,19.2,2,96.4,22.93,4.78,1,280,72,79,235,22,2,8
USER025,2025-10-05,9.82,28.4,19.0,1,97.3,22.01,5.26,3,303,93,88,39,11,4,6
USER025,2025-10-06,7.62,34.7,32.9,2,97.7,22.38,4.77,3,273,81,73,167,57,3,7
USER025,2025-10-07,7.51,21.5,22.9,3,94.5,22.48,7.98,5,223,76,82,109,35,1,4
USER025,2025-10-08,9.27,14.1,26.0,3,92.3,22.42,4.37,6,218,72,84,8,0,5,4
USER025,2025-10-09,8.69,20.8,27.9,0,93.3,22.04,5.98,5,265,83,82,102,30,4,7
USER025,2025-10-10,7.82,19.9,22.7,1,92.5,21.59,5.3,3,348,81,76,53,36,3,7
USER025,2025-10-11,7.33,27.5,31.2,3,89.5,22.43,4.06,3,282,79,90,112,0,3,6
USER025,2025-10-12,8.77,26.8,18.1,2,91.5,22.94,8.61,6,335,99,72,49,1,7,6
USER025,2025-10-13,10.03,18.3,23.5,1,93.5,22.5,5.86,1,270,66,93,121,5,2,4
USER025,2025-10-14,8.19,19.6,28.6,0,88.1,21.88,3.27,7,263,87,82,113,25,3,7
USER025,2025-10-15,8.27,18.4,39.3,0,93.6,22.47,5.55,1,200,90,80,76,4,6,5
USER025,2025-10-16,8.41,28.2,38.9,2,89.4,22.1,3.33,6,200,82,98,46,41,4,8
USER025,2025-10-17,8.42,31.9,30.9,3,95.5,21.65,7.03,6,338,85,92,138,2,2,7
USER025,2025-10-18,10.09,20.0,12.2,1,98.3,22.79,4.83,1,365,71,48,95,0,4,6
USER025,2025-10-19,9.23,37.1,27.1,3,92.4,22.19,5.18,0,317,79,85,32,21,3,4
USER025,2025-10-20,9.67,18.8,28.0,1,93.4,21.61,4.14,5,298,84,99,178,4,4,5
USER025,2025-10-21,7.28,43.6,33.6,0,90.8,22.23,5.96,2,214,77,91,187,14,4,5
USER025,2025-10-22,6.81,27.2,29.7,4,90.4,21.64,1.79,2,316,67,52,44,51,1,5
USER025,2025-10-23,6.94,27.3,32.5,2,97.0,22.21,5.53,3,324,73,73,205,39,4,4
USER025,2025-10-24,6.75,19.0,30.6,2,88.2,22.0,5.3,2,270,70,94,103,1,3,6
USER025,2025-10-25,8.59,28.3,22.7,2,94.7,22.51,4.08,2,292,84,81,111,26,5,4
USER025,2025-10-26,8.29,30.8,24.5,2,94.8,23.52,4.64,5,239,85,68,11,35,4,7
USER025,2025-10-27,8.16,32.9,18.9,3,97.3,22.35,4.94,6,234,91,78,63,7,4,6
USER025,2025-10-28,7.65,15.7,22.3,2,96.5,21.67,6.9,4,287,79,77,31,9,5,6
USER025,2025-10-29,9.14,32.8,31.5,1,93.5,21.89,2.15,0,319,84,77,64,60,4,8
USER025,2025-10-30,7.16,17.6,28.9,3,90.7,21.56,5.2,1,363,70,67,102,25,4,3
USER025,2025-10-31,8.2,18.2,22.1,0,94.9,22.08,5.34,5,255,89,100,135,14,3,7
USER025,2025-11-01,9.19,27.9,27.5,4,94.5,23.08,6.41,4,335,76,84,69,11,6,5
USER025,2025-11-02,9.02,22.9,34.6,2,97.8,23.78,5.72,2,233,87,84,81,6,3,5
USER025,2025-11-03,8.8,21.5,16.1,0,95.7,21.8,8.28,5,268,85,65,174,0,6,6
USER025,2025-11-04,9.03,33.7,27.1,2,92.5,21.52,6.74,4,227,80,90,6,22,5,5
USER025,2025-11-05,5.24,12.2,32.3,2,97.2,21.65,2.02,0,370,60,64,62,20,4,4
USER025,2025-11-06,7.12,22.0,28.9,2,91.9,21.54,3.71,2,256,88,98,172,19,3,6
USER026,2025-07-10,7.66,21.1,27.9,1,88.0,23.22,7.44,0,330,83,57,86,11,5,6
USER026,2025-07-11,5.39,21.9,28.9,0,85.3,23.72,4.84,2,310,70,80,15,37,4,4
USER026,2025-07-12,8.72,33.2,29.9,2,90.3,23.7,4.95,4,277,74,97,112,7,2,4
USER026,2025-07-13,9.07,29.5,26.7,2,95.8,24.12,4.32,1,284,68,61,66,18,7,5
USER026,2025-07-14,7.13,19.3,28.7,2,95.8,23.88,3.2,9,277,98,79,56,37,3,3
USER026,2025-07-15,6.35,17.6,18.4,1,90.8,23.68,3.62,2,247,92,96,3,16,3,6
USER026,2025-07-16,4.84,33.5,16.7,3,95.4,23.2,7.26,2,337,52,85,21,8,6,5
USER026,2025-07-17,8.26,38.0,24.9,3,95.2,23.13,0.62,1,339,64,70,62,5,3,3
USER026,2025-07-18,8.21,19.3,28.2,4,91.8,23.77,6.12,2,250,75,52,81,26,5,6
USER026,2025-07-19,7.49,27.8,33.2,1,91.2,24.91,8.03,6,306,72,89,89,7,4,3
USER026,2025-07-20,6.45,33.0,17.6,2,92.7,23.83,5.92,6,211,65,98,50,4,3,6
USER026,2025-07-21,6.61,33.1,23.8,1,96.4,23.1,6.41,5,200,74,82,117,31,4,6
USER026,2025-07-22,5.53,35.4,35.2,2,97.9,23.58,3.57,6,219,58,85,11,5,3,4
USER026,2025-07-23,6.5,30.5,31.3,1,93.0,23.19,7.53,5,208,84,84,37,2,4,7
USER026,2025-07-24,7.36,26.6,24.0,0,93.9,23.14,4.7,0,230,88,84,98,5,4,6
USER026,2025-07-25,6.09,26.2,20.4,1,93.7,23.07,5.93,1,365,61,66,114,16,6,6
USER026,2025-07-26,7.26,34.4,24.0,1,94.9,24.96,4.89,5,286,91,66,162,4,3,7
USER026,2025-07-27,7.29,14.5,21.8,1,98.6,24.23,4.07,0,316,95,81,39,7,3,7
USER026,2025-07-28,7.12,21.0,33.4,2,92.7,23.85,3.21,2,308,100,97,69,25,4,4
USER026,2025-07-29,5.29,24.9,19.4,2,97.5,23.73,5.48,3,266,72,77,32,5,3,4
USER026,2025-07-30,7.08,16.0,22.0,0,94.4,23.16,7.66,5,317,100,73,22,3,3,7
USER026,2025-07-31,5.59,23.7,19.0,3,99.0,23.23,4.83,5,259,90,83,49,9,4,4
USER026,2025-08-01,6.2,20.5,19.2,2,85.9,23.73,5.15,3,200,88,68,62,1,2,7
USER026,2025-08-02,7.76,18.1,30.9,1,97.5,24.3,4.9,7,201,78,73,187,13,1,4
USER026,2025-08-03,6.39,14.6,25.8,1,94.4,24.3,6.87,3,295,89,100,4,16,5,8
USER026,2025-08-04,7.57,18.6,18.6,3,92.4,23.75,3.67,4,295,89,70,81,14,4,6
USER026,2025-08-05,7.58,34.1,21.1,0,96.9,23.89,5.38,3,275,73,67,151,4,6,6
USER026,2025-08-06,6.6,21.4,34.8,2,97.1,23.15,7.1,4,320,90,78,87,26,3,3
USER026,2025-08-07,5.79,20.9,37.6,2,91.5,24.0,3.02,0,373,80,62,166,3,7,4
USER026,2025-08-08,6.32,34.1,15.5,2,98.1,23.15,9.57,2,222,74,93,71,33,4,6
USER026,2025-08-09,6.69,26.0,24.7,2,96.6,25.23,5.42,6,252,93,91,232,2,2,5
USER026,2025-08-10,6.74,33.1,28.9,6,88.2,24.64,10.0,5,325,92,100,277,0,4,7
USER026,2025-08-11,7.0,17.3,24.5,2,98.5,23.56,3.23,1,387,94,100,48,94,3,7
USER026,2025-08-12,5.89,23.5,22.8,1,99.1,23.97,4.29,4,266,74,83,47,7,2,6
USER026,2025-08-13,8.54,23.5,27.1,2,98.1,23.0,4.59,4,356,77,77,140,0,7,6
USER026,2025-08-14,5.41,17.4,33.0,3,95.5,23.85,4.32,3,328,72,85,83,35,4,6
USER026,2025-08-15,4.92,16.9,37.3,2,92.7,23.09,6.13,1,323,82,75,22,11,4,5
USER026,2025-08-16,7.11,36.9,18.3,4,93.9,25.01,5.54,9,237,77,58,84,3,4,5
USER026,2025-08-17,6.99,21.0,22.0,3,97.7,24.56,6.54,2,212,100,99,86,3,3,4
USER026,2025-08-18,6.17,27.2,25.8,7,92.2,23.38,4.64,6,272,82,68,31,17,4,5
USER026,2025-08-19,5.97,34.8,31.5,2,89.8,23.58,5.78,4,200,78,78,108,2,4,5
USER026,2025-08-20,6.67,24.9,17.2,1,99.5,23.2,5.37,2,213,95,86,228,29,6,3
USER026,2025-08-21,8.05,17.0,20.4,1,94.2,23.17,7.8,4,335,89,72,171,4,5,7
USER026,2025-08-22,6.87,21.5,18.7,0,89.0,23.74,3.53,1,210,80,87,113,34,5,7
USER026,2025-08-23,7.61,31.5,23.9,1,96.9,25.04,5.12,3,266,87,64,12,4,4,8
USER026,2025-08-24,8.33,32.7,23.8,2,90.4,24.51,3.55,1,332,80,75,174,3,3,6
USER026,2025-08-25,5.77,25.1,24.8,4,95.1,23.58,4.88,3,264,85,100,17,14,5,4
USER026,2025-08-26,5.57,35.9,13.6,2,93.4,23.91,5.39,2,224,77,73,154,23,4,6
USER026,2025-08-27,6.97,17.9,33.6,2,93.2,23.24,6.67,7,274,77,88,66,3,2,7
USER026,2025-08-28,4.52,23.5,21.9,0,92.9,23.9,6.21,2,229,66,57,61,25,2,4
USER026,2025-08-29,4.79,30.8,20.2,8,92.6,23.86,4.56,1,355,66,85,21,31,6,2
USER026,2025-08-30,5.77,31.8,32.8,1,97.5,23.51,7.0,1,216,89,73,76,6,3,6
USER026,2025-08-31,7.96,30.1,35.5,1,98.1,25.26,3.14,5,325,76,71,18,18,3,7
USER026,2025-09-01,6.42,20.3,17.3,2,90.0,23.06,9.72,4,275,83,76,49,8,5,6
USER026,2025-09-02,5.63,27.5,19.5,1,84.7,23.95,8.73,4,357,64,74,78,4,4,3
USER026,2025-09-03,7.19,28.7,30.6,1,97.9,23.69,3.99,3,232,97,61,98,9,7,5
USER026,2025-09-04,6.9,22.6,32.3,2,82.9,23.62,5.13,10,329,72,75,150,48,4,8
USER026,2025-09-05,7.68,31.3,32.1,5,92.7,23.61,4.93,3,203,69,78,53,36,6,4
USER026,2025-09-06,7.43,16.8,25.9,4,94.6,24.08,5.26,5,326,86,79,86,57,5,6
USER026,2025-09-07,7.9,29.9,33.0,2,90.1,24.23,3.72,2,282,60,58,115,22,6,3
USER026,2025-09-08,5.67,24.3,31.5,4,96.2,23.58,5.21,4,297,82,75,83,4,2,6
USER026,2025-09-09,8.17,13.0,27.9,1,96.0,23.0,5.94,2,273,67,77,203,30,3,6
USER026,2025-09-10,5.9,21.1,28.9,0,92.9,23.88,5.41,6,202,91,95,32,15,3,5
USER026,2025-09-11,6.58,30.5,22.9,1,95.7,23.5,3.74,5,200,97,66,114,19,2,6
USER026,2025-09-12,5.31,27.5,28.5,1,97.6,23.97,3.58,3,310,74,60,81,21,3,4
USER026,2025-09-13,7.68,24.6,33.0,0,89.3,24.82,5.49,1,273,61,71,230,5,1,9
USER026,2025-09-14,6.72,30.1,19.0,1,94.8,24.4,4.98,3,249,100,69,196,8,4,6
USER026,2025-09-15,7.28,23.1,26.7,0,94.4,23.47,4.45,5,325,61,100,21,8,4,6
USER026,2025-09-16,8.99,27.0,26.9,2,93.5,23.98,3.0,1,270,73,66,27,2,5,6
USER026,2025-09-17,6.9,28.7,29.4,1,97.6,23.46,6.4,7,307,89,70,55,34,2,6
USER026,2025-09-18,6.47,26.3,38.1,3,97.3,23.69,4.29,7,269,62,82,84,23,5,5
USER026,2025-09-19,5.4,38.0,39.9,3,85.2,23.41,3.38,0,323,82,93,314,1,2,6
USER026,2025-09-20,8.49,21.4,40.1,0,93.6,24.48,2.98,1,225,56,57,99,1,4,4
USER026,2025-09-21,7.5,19.3,24.5,2,88.5,24.11,6.59,5,340,72,83,269,25,4,5
USER026,2025-09-22,7.15,23.9,22.9,1,90.9,23.35,8.13,5,311,84,100,3,28,4,7
USER026,2025-09-23,6.85,30.9,22.8,4,96.4,23.94,2.61,4,200,87,87,55,18,7,8
USER026,2025-09-24,5.28,31.2,17.1,4,90.3,23.55,3.75,4,258,56,74,113,0,4,6
USER026,2025-09-25,6.93,25.4,27.8,1,97.7,23.27,7.8,5,241,84,84,280,1,2,6
USER026,2025-09-26,7.5,16.9,35.5,1,93.7,23.29,4.26,2,329,95,93,117,15,4,7
USER026,2025-09-27,6.86,28.1,29.5,2,95.5,24.97,2.53,4,225,83,100,50,5,3,7
USER026,2025-09-28,7.74,28.5,21.6,2,92.9,23.64,6.09,3,312,83,92,4,5,3,6
USER026,2025-09-29,6.37,39.2,29.3,3,94.7,23.04,3.21,4,278,83,76,29,15,3,4
USER026,2025-09-30,6.57,13.8,26.4,2,96.0,23.48,3.99,7,302,98,68,79,4,4,4
USER026,2025-10-01,6.24,32.9,16.7,3,99.4,23.69,7.27,2,286,99,70,97,15,3,4
USER026,2025-10-02,5.33,33.9,19.1,1,89.6,23.7,4.96,2,285,89,100,40,16,4,4
USER026,2025-10-03,7.53,23.0,38.6,1,83.1,23.91,5.0,1,274,79,65,101,3,2,9
USER026,2025-10-04,6.3,14.8,18.0,3,96.3,24.16,4.13,3,319,96,74,51,15,7,5
USER026,2025-10-05,8.92,28.7,20.4,1,97.8,25.4,4.67,1,256,76,72,93,0,4,6
USER026,2025-10-06,6.55,26.6,29.6,0,91.9,23.17,3.92,5,250,78,100,123,17,4,4
USER026,2025-10-07,5.47,14.6,26.0,4,94.1,23.34,6.14,1,371,69,75,46,24,4,4
USER026,2025-10-08,6.41,21.8,31.7,3,97.1,23.55,8.55,9,301,78,100,53,8,2,7
USER026,2025-10-09,6.92,32.2,37.2,1,96.9,23.32,5.44,3,247,100,75,91,13,3,5
USER026,2025-10-10,7.09,31.8,23.8,1,94.8,23.33,5.24,4,230,97,93,69,53,6,5
USER026,2025-10-11,8.21,41.0,26.6,1,98.1,23.56,3.16,3,200,78,83,50,5,4,5
USER026,2025-10-12,7.56,29.5,21.0,3,99.0,24.44,4.53,6,299,61,83,130,2,3,5
USER026,2025-10-13,5.47,28.6,30.5,1,84.8,23.1,4.3,1,346,62,85,272,6,3,8
USER026,2025-10-14,6.96,23.4,31.6,1,93.8,23.62,6.55,8,200,76,95,106,9,4,5
USER026,2025-10-15,7.23,24.6,21.0,3,99.6,23.35,5.74,5,276,70,70,104,48,5,6
USER026,2025-10-16,7.21,20.7,40.2,1,96.8,23.12,7.77,2,239,67,95,50,26,3,5
USER026,2025-10-17,7.57,19.2,22.2,1,97.1,23.19,4.0,4,270,85,99,14,35,4,6
USER026,2025-10-18,7.46,16.6,29.6,1,89.8,24.58,6.5,1,339,100,90,96,24,5,7
USER026,2025-10-19,6.94,15.4,28.7,0,86.9,24.94,5.57,4,256,74,79,195,31,2,4
USER026,2025-10-20,6.9,25.6,33.1,1,91.8,23.69,3.63,2,304,83,84,145,16,6,2
USER026,2025-10-21,6.28,16.6,30.3,1,93.4,23.75,4.36,4,341,79,62,64,22,5,6
USER026,2025-10-22,5.16,25.7,29.3,3,97.9,23.45,5.08,1,307,75,73,202,92,2,5
USER026,2025-10-23,7.21,17.0,23.6,1,96.0,23.37,6.42,6,264,88,96,50,14,3,5
USER026,2025-10-24,7.03,25.3,28.0,3,96.5,23.44,6.43,4,328,77,89,37,21,5,6
USER026,2025-10-25,6.34,21.7,19.6,2,98.4,25.05,4.77,5,351,89,83,180,4,1,4
USER026,2025-10-26,7.68,25.8,21.6,1,91.3,24.7,5.6,1,361,91,63,64,45,4,5
USER026,2025-10-27,6.61,29.5,25.6,2,99.5,24.0,5.7,3,266,84,65,48,4,4,7
USER026,2025-10-28,6.23,27.5,27.1,4,83.6,23.65,6.98,3,336,80,71,33,21,4,6
USER026,2025-10-29,6.55,25.3,25.8,2,90.4,23.5,2.39,4,200,83,79,55,7,5,5
USER026,2025-10-30,7.03,17.8,27.5,1,93.8,23.94,7.22,2,242,98,100,54,42,2,6
USER026,2025-10-31,4.23,15.3,39.9,1,93.0,23.29,5.01,0,349,56,89,47,1,4,6
USER026,2025-11-01,8.58,46.1,22.5,3,94.1,24.39,7.45,4,312,60,92,209,3,6,5
USER026,2025-11-02,8.8,14.0,26.8,2,85.6,23.98,6.4,3,390,64,91,17,4,2,4
USER026,2025-11-03,6.96,28.9,22.6,3,92.9,23.38,6.33,6,232,100,85,219,11,5,7
USER026,2025-11-04,7.71,32.5,42.6,5,94.2,23.24,5.15,3,263,78,71,158,17,3,7
USER026,2025-11-05,6.43,18.5,23.4,2,91.6,23.61,7.08,1,390,73,83,37,1,7,5
USER026,2025-11-06,8.39,17.5,34.4,3,99.3,23.12,4.75,6,344,69,93,229,37,2,6
USER027,2025-07-10,8.03,24.2,33.8,0,94.9,23.54,6.82,5,271,79,69,143,0,2,6
USER027,2025-07-11,7.79,23.2,31.6,2,95.4,23.88,7.33,3,275,78,80,147,13,5,4
USER027,2025-07-12,8.79,23.6,32.0,0,99.1,24.22,5.84,2,255,78,84,71,1,6,5
USER027,2025-07-13,9.35,26.9,27.7,2,89.3,25.15,5.59,6,270,90,92,81,7,4,4
USER027,2025-07-14,8.19,23.6,35.5,4,98.1,23.95,7.4,3,200,89,78,96,4,7,7
USER027,2025-07-15,7.62,31.9,24.8,0,97.2,23.31,8.54,3,200,85,76,38,19,3,3
USER027,2025-07-16,7.35,20.7,26.7,0,94.4,23.66,4.42,3,272,72,80,7,71,4,8
USER027,2025-07-17,7.98,27.4,32.2,5,94.2,23.18,7.64,1,240,73,78,29,0,3,6
USER027,2025-07-18,7.29,21.6,28.3,1,99.9,23.83,9.11,2,294,83,69,37,14,5,6
USER027,2025-07-19,10.02,32.8,28.1,4,92.4,25.48,4.93,1,302,64,89,64,4,3,6
USER027,2025-07-20,8.58,17.6,25.5,1,96.0,23.52,5.99,4,316,100,84,59,30,5,6
USER027,2025-07-21,8.44,23.4,25.6,2,90.5,23.56,7.78,5,241,89,93,100,27,1,4
USER027,2025-07-22,7.89,15.5,33.8,3,99.0,23.93,5.69,4,285,83,73,77,1,3,2
USER027,2025-07-23,7.65,24.0,28.3,2,95.4,23.97,5.42,2,306,68,100,60,21,7,7
USER027,2025-07-24,9.51,34.7,25.5,3,95.9,23.1,7.3,1,295,73,84,62,9,4,5
USER027,2025-07-25,7.99,16.7,26.5,1,90.7,23.03,5.05,4,315,80,93,85,35,5,8
USER027,2025-07-26,8.52,23.3,20.3,3,94.0,24.26,3.76,3,220,86,83,173,9,2,6
USER027,2025-07-27,7.85,21.8,22.4,1,92.2,23.77,6.46,2,206,71,79,117,7,1,4
USER027,2025-07-28,5.69,31.5,28.7,0,94.0,23.53,3.79,0,416,83,47,167,30,3,5
USER027,2025-07-29,8.16,24.9,30.6,4,89.7,23.16,5.68,5,235,82,78,115,9,2,6
USER027,2025-07-30,8.91,33.7,21.0,2,95.9,23.36,6.67,3,259,88,81,47,75,5,7
USER027,2025-07-31,8.97,22.4,23.7,2,92.5,23.84,4.5,6,200,89,97,91,7,2,5
USER027,2025-08-01,9.38,36.7,17.0,2,89.7,23.5,5.33,5,382,87,84,38,100,7,3
USER027,2025-08-02,9.51,25.4,27.5,3,98.2,24.15,6.2,8,200,83,56,55,7,3,6
USER027,2025-08-03,8.76,23.6,28.6,0,91.7,23.63,4.64,3,291,94,82,131,1,6,6
USER027,2025-08-04,8.64,18.8,28.9,1,93.9,23.7,4.42,3,217,73,100,100,50,4,6
USER027,2025-08-05,7.46,29.8,35.2,3,97.1,23.95,3.58,5,320,85,76,31,110,4,4
USER027,2025-08-06,6.17,19.0,28.1,2,95.7,23.38,2.85,0,398,74,67,170,72,1,6
USER027,2025-08-07,7.68,33.7,37.4,1,95.7,23.66,6.65,1,285,78,93,24,24,6,6
USER027,2025-08-08,10.47,21.8,28.9,1,94.6,23.91,5.47,0,244,53,71,52,31,6,7
USER027,2025-08-09,8.73,26.0,29.6,1,91.7,24.1,3.39,3,243,64,91,38,26,3,6
USER027,2025-08-10,10.21,39.8,27.9,2,92.7,23.75,4.06,2,307,68,78,45,30,3,7
USER027,2025-08-11,7.81,12.1,24.5,2,94.4,23.98,6.92,9,212,79,76,61,0,4,6
USER027,2025-08-12,8.04,18.4,24.5,2,84.6,23.98,5.63,4,276,81,93,235,0,2,8
USER027,2025-08-13,7.75,27.4,28.5,3,89.3,23.91,5.79,2,319,77,68,58,0,2,3
USER027,2025-08-14,8.86,31.4,16.9,3,96.5,23.6,5.22,7,297,77,100,43,17,2,4
USER027,2025-08-15,7.54,24.3,32.8,3,97.1,23.64,4.66,4,326,81,72,27,8,4,5
USER027,2025-08-16,10.52,34.3,34.1,1,95.2,23.99,4.37,1,343,56,71,51,24,5,7
USER027,2025-08-17,9.61,25.0,30.1,1,98.9,24.12,5.25,4,320,65,59,99,20,3,6
USER027,2025-08-18,8.11,22.7,21.8,3,94.9,23.05,5.84,3,265,77,99,14,32,3,5
USER027,2025-08-19,7.54,30.1,27.3,2,95.2,23.93,4.21,4,200,73,84,284,33,4,6
USER027,2025-08-20,7.08,20.4,27.9,5,95.8,23.61,5.67,3,301,88,67,57,0,5,6
USER027,2025-08-21,8.03,21.9,15.3,1,96.6,23.9,5.19,1,268,76,82,45,1,4,6
USER027,2025-08-22,8.42,21.5,15.2,3,94.0,23.13,5.43,6,214,85,72,287,7,3,4
USER027,2025-08-23,8.33,35.7,32.6,5,93.5,24.58,8.23,3,302,94,74,36,36,4,8
USER027,2025-08-24,8.04,27.8,26.6,2,91.7,23.68,6.5,4,241,80,82,297,36,8,7
USER027,2025-08-25,8.51,12.0,23.5,2,93.8,23.02,5.2,4,266,80,88,170,4,4,7
USER027,2025-08-26,7.8,30.0,21.6,3,96.7,23.84,8.55,4,238,85,97,76,73,4,5
USER027,2025-08-27,10.16,39.2,33.2,1,89.2,23.09,6.47,4,299,77,69,6,22,5,4
USER027,2025-08-28,8.84,34.1,31.2,1,89.7,23.51,5.99,2,359,81,90,39,18,2,6
USER027,2025-08-29,7.96,23.5,26.6,0,96.2,23.21,6.46,8,240,95,100,25,21,4,5
USER027,2025-08-30,8.4,18.7,18.7,6,89.7,24.68,5.16,6,295,89,81,189,33,4,3
USER027,2025-08-31,8.51,23.2,21.0,2,97.1,24.74,5.77,3,376,92,75,105,2,3,5
USER027,2025-09-01,7.83,24.2,30.2,6,95.7,23.15,5.78,3,215,92,85,56,11,3,6
USER027,2025-09-02,6.84,24.4,23.6,1,89.4,23.41,6.35,2,402,65,61,157,116,6,5
USER027,2025-09-03,7.47,30.6,25.3,1,98.8,23.55,6.16,3,216,89,62,92,13,2,4
USER027,2025-09-04,7.79,27.5,36.9,3,97.2,23.56,5.7,3,300,92,58,146,17,2,5
USER027,2025-09-05,7.05,17.9,29.7,1,87.7,23.52,8.19,1,263,80,75,189,39,4,7
USER027,2025-09-06,7.97,27.7,17.4,1,93.1,24.14,5.68,6,200,96,79,109,110,5,7
USER027,2025-09-07,8.67,18.0,20.9,3,96.1,24.13,4.24,3,245,88,93,137,8,4,7
USER027,2025-09-08,9.24,19.0,29.2,1,90.1,23.45,7.08,7,222,79,73,89,17,6,8
USER027,2025-09-09,7.8,28.0,27.9,2,98.4,23.09,6.01,3,294,72,92,84,5,3,8
USER027,2025-09-10,8.85,17.8,27.6,1,96.1,23.55,5.15,5,328,99,100,137,20,3,7
USER027,2025-09-11,9.97,30.0,39.5,3,95.2,23.89,5.49,6,200,68,64,16,6,3,6
USER027,2025-09-12,8.07,32.3,34.9,3,93.5,23.39,6.07,3,256,84,82,115,93,2,5
USER027,2025-09-13,10.72,18.4,31.8,1,97.6,24.02,3.89,1,314,78,72,40,14,4,3
USER027,2025-09-14,7.29,32.5,27.9,3,98.2,24.09,4.55,2,314,68,92,95,22,3,6
USER027,2025-09-15,7.39,20.7,21.5,3,91.0,23.46,8.92,2,278,79,67,118,5,4,7
USER027,2025-09-16,6.94,22.2,40.7,1,99.3,23.1,7.37,5,320,89,94,115,5,5,5
USER027,2025-09-17,8.25,29.1,29.6,3,94.5,23.27,9.24,3,290,86,89,99,11,2,8
USER027,2025-09-18,8.83,21.4,26.9,3,91.3,23.79,9.43,5,271,72,100,227,2,4,9
USER027,2025-09-19,7.15,19.4,33.4,2,89.5,23.27,6.56,3,277,85,96,26,20,3,7
USER027,2025-09-20,8.53,29.6,36.8,0,97.7,24.14,3.38,5,279,100,77,39,13,7,4
USER027,2025-09-21,7.07,24.5,26.3,0,96.4,25.24,5.78,3,294,88,87,52,8,3,7
USER027,2025-09-22,9.79,36.7,23.7,4,98.0,23.32,3.32,5,203,74,85,117,16,3,8
USER027,2025-09-23,7.86,33.6,37.5,2,95.7,23.96,7.6,5,246,75,89,99,45,4,5
USER027,2025-09-24,9.24,35.8,25.0,3,96.7,23.79,7.51,3,253,84,73,147,12,6,6
USER027,2025-09-25,8.77,24.1,14.7,0,92.4,23.19,5.8,2,320,83,82,151,40,2,5
USER027,2025-09-26,8.13,17.7,23.5,3,95.6,23.77,5.67,4,210,89,74,105,21,5,7
USER027,2025-09-27,8.93,31.7,27.1,0,99.1,24.01,6.62,4,324,87,79,64,26,7,3
USER027,2025-09-28,9.48,24.4,13.8,3,94.8,25.19,3.96,3,320,74,76,77,11,6,3
USER027,2025-09-29,5.84,23.0,27.5,2,91.5,23.4,5.48,1,384,64,69,47,36,4,3
USER027,2025-09-30,7.61,21.5,20.7,1,92.0,23.44,5.73,4,285,80,65,57,18,4,4
USER027,2025-10-01,9.62,13.5,20.5,1,85.3,23.85,5.75,0,283,83,84,75,9,2,5
USER027,2025-10-02,8.03,19.6,20.4,2,99.5,23.37,4.53,4,224,89,100,129,20,6,6
USER027,2025-10-03,8.33,20.6,24.6,3,96.5,23.18,4.74,6,317,95,86,58,18,3,6
USER027,2025-10-04,8.01,20.1,30.7,2,90.9,23.66,7.72,6,347,86,97,127,5,4,6
USER027,2025-10-05,8.4,15.8,22.2,6,91.6,23.7,6.03,6,224,94,79,42,13,7,6
USER027,2025-10-06,10.25,12.0,29.0,3,85.9,23.34,5.95,0,319,58,67,23,0,2,3
USER027,2025-10-07,7.52,16.6,28.6,1,98.0,23.72,6.67,2,314,69,73,46,63,6,7
USER027,2025-10-08,8.16,29.0,18.4,2,97.7,23.07,5.03,7,320,84,88,53,6,3,4
USER027,2025-10-09,5.22,16.1,25.4,2,97.4,23.8,3.68,0,292,45,59,178,13,4,7
USER027,2025-10-10,8.19,40.6,32.3,0,95.8,23.65,6.3,4,251,82,100,192,15,3,7
USER027,2025-10-11,8.67,25.0,19.5,1,90.0,25.3,6.9,5,278,68,85,17,29,3,7
USER027,2025-10-12,8.91,35.8,15.4,1,94.1,24.33,6.03,2,257,85,91,31,29,6,7
USER027,2025-10-13,7.15,23.0,15.5,5,94.9,23.79,6.74,2,288,97,100,34,9,3,7
USER027,2025-10-14,10.69,23.7,25.6,4,95.6,23.05,4.11,1,375,66,73,173,25,3,5
USER027,2025-10-15,7.44,21.9,27.8,4,94.5,23.23,6.24,6,340,77,63,272,2,4,7
USER027,2025-10-16,7.03,21.5,24.7,3,98.7,23.08,5.59,3,322,81,80,80,10,2,7
USER027,2025-10-17,6.87,25.2,25.9,1,91.0,23.93,5.01,3,334,67,79,33,4,4,5
USER027,2025-10-18,9.51,35.9,24.1,0,90.9,25.16,1.94,2,371,65,89,160,73,3,4
USER027,2025-10-19,9.17,17.1,30.3,1,94.5,24.27,3.63,6,372,86,94,107,9,5,6
USER027,2025-10-20,8.38,22.1,24.9,3,89.5,23.13,4.99,3,208,82,89,82,30,6,7
USER027,2025-10-21,6.41,32.4,18.7,2,85.7,23.76,4.49,1,314,62,74,58,40,2,6
USER027,2025-10-22,6.88,36.4,37.8,3,90.4,23.72,5.73,3,349,81,72,39,38,3,6
USER027,2025-10-23,7.59,25.0,41.1,3,93.2,23.54,3.79,1,222,74,79,13,25,5,6
USER027,2025-10-24,8.22,29.5,29.1,3,97.7,23.19,8.19,4,287,91,70,10,0,5,7
USER027,2025-10-25,9.14,18.6,35.5,7,90.5,24.1,6.72,5,328,74,88,65,3,4,5
USER027,2025-10-26,9.48,25.2,34.7,1,97.0,25.42,5.14,3,313,77,66,39,7,4,9
USER027,2025-10-27,10.43,19.8,16.6,1,90.9,23.75,6.16,2,343,69,69,211,6,2,7
USER027,2025-10-28,7.95,24.1,34.2,3,96.3,23.25,7.01,4,272,81,100,144,47,2,6
USER027,2025-10-29,7.06,38.0,29.7,2,92.7,23.8,3.9,3,244,64,100,148,28,3,5
USER027,2025-10-30,8.17,16.2,27.3,2,94.0,23.43,8.44,4,336,90,77,43,19,3,8
USER027,2025-10-31,7.15,37.7,29.3,2,94.6,23.44,8.3,0,252,60,72,77,44,5,7
USER027,2025-11-01,8.97,20.5,37.8,2,96.4,23.6,4.28,3,317,97,61,128,41,2,5
USER027,2025-11-02,9.61,17.6,22.6,1,91.8,25.1,5.89,6,369,70,87,198,21,2,7
USER027,2025-11-03,7.42,28.7,29.3,2,98.9,23.11,6.4,7,274,89,91,62,5,2,4
USER027,2025-11-04,9.69,31.0,23.6,2,97.1,23.42,5.87,2,245,82,92,85,58,4,5
USER027,2025-11-05,8.21,18.4,28.4,2,93.8,23.71,5.67,3,287,69,88,92,4,4,6
USER027,2025-11-06,8.38,26.6,27.0,2,87.2,23.05,7.23,5,314,95,81,141,25,3,5
USER028,2025-07-10,9.09,29.2,32.7,0,97.6,21.77,5.34,3,312,71,100,162,18,3,6
USER028,2025-07-11,7.86,23.4,16.9,2,85.0,22.03,4.79,3,369,75,83,30,1,1,7
USER028,2025-07-12,9.12,34.6,28.6,3,94.0,22.47,5.02,4,348,90,83,94,13,4,4
USER028,2025-07-13,8.22,28.6,25.1,0,98.3,23.48,6.27,5,273,69,72,93,24,4,8
USER028,2025-07-14,7.3,14.9,22.2,2,98.2,22.15,5.05,4,298,96,82,27,9,3,5
USER028,2025-07-15,6.89,27.5,31.3,3,92.1,21.68,6.71,1,324,80,87,63,31,5,7
USER028,2025-07-16,7.09,32.1,17.1,2,94.9,21.94,9.37,3,334,87,84,41,4,4,5
USER028,2025-07-17,6.18,25.2,32.3,2,98.0,22.21,5.99,1,339,66,93,144,11,3,6
USER028,2025-07-18,8.08,20.8,31.3,3,97.9,21.51,3.92,5,350,78,70,52,1,3,4
USER028,2025-07-19,10.62,26.5,35.4,1,85.5,22.72,2.21,0,390,68,66,47,11,4,4
USER028,2025-07-20,7.29,28.9,35.1,5,92.5,23.36,3.83,4,318,78,100,136,72,6,5
USER028,2025-07-21,7.76,25.2,27.3,0,94.5,22.31,5.12,6,223,100,85,92,14,3,6
USER028,2025-07-22,7.62,24.0,36.5,5,98.6,21.87,4.65,1,385,97,91,13,39,6,5
USER028,2025-07-23,5.99,17.4,35.8,2,92.6,21.75,3.76,1,213,58,70,43,45,4,8
USER028,2025-07-24,9.07,21.6,33.0,5,88.1,22.42,4.8,4,214,78,67,117,5,2,6
USER028,2025-07-25,8.36,13.8,17.4,0,94.5,22.17,6.04,6,299,100,86,115,1,2,6
USER028,2025-07-26,8.25,32.0,32.9,1,89.8,23.46,9.01,3,315,81,61,191,68,6,8
USER028,2025-07-27,8.12,15.8,31.5,0,84.9,23.76,4.05,3,338,59,90,145,11,4,7
USER028,2025-07-28,7.39,25.9,20.9,5,97.8,21.6,4.06,1,289,70,88,138,77,3,4
USER028,2025-07-29,8.0,26.2,32.5,1,90.6,21.96,7.12,3,297,87,85,66,37,4,5
USER028,2025-07-30,6.84,24.8,20.3,3,97.6,21.51,6.38,2,298,76,86,54,4,5,8
USER028,2025-07-31,7.1,31.9,27.9,1,97.1,21.99,3.72,6,342,60,77,93,5,7,5
USER028,2025-08-01,8.4,21.0,26.1,5,91.1,22.25,5.2,5,227,70,86,111,31,2,6
USER028,2025-08-02,7.24,22.1,34.6,4,96.5,23.92,4.43,7,290,88,69,63,24,4,6
USER028,2025-08-03,8.43,29.3,24.5,2,97.1,23.75,5.71,1,314,98,83,192,3,1,5
USER028,2025-08-04,5.72,23.2,19.5,3,95.1,22.15,3.98,0,268,70,72,84,29,6,8
USER028,2025-08-05,8.86,16.3,25.1,1,89.2,22.4,6.58,4,341,79,93,102,22,6,6
USER028,2025-08-06,6.43,18.9,22.1,1,92.7,21.65,6.2,3,324,64,76,88,11,5,4
USER028,2025-08-07,6.91,23.5,30.5,1,95.0,22.38,5.2,1,286,89,80,52,29,3,6
USER028,2025-08-08,8.05,17.9,33.0,3,95.2,21.84,5.03,4,246,91,97,21,9,3,4
USER028,2025-08-09,9.22,35.4,36.0,0,92.2,23.4,2.9,4,335,65,86,84,4,4,6
USER028,2025-08-10,8.5,31.5,35.3,4,97.7,23.78,6.41,2,271,67,80,133,50,3,7
USER028,2025-08-11,7.2,20.7,32.9,1,90.3,21.68,7.21,2,205,88,70,161,15,2,4
USER028,2025-08-12,6.65,26.8,18.5,2,91.7,21.58,3.77,1,289,60,86,107,10,3,6
USER028,2025-08-13,7.01,39.3,20.9,0,92.2,22.38,4.73,6,290,86,66,123,1,2,4
USER028,2025-08-14,6.74,29.2,24.6,0,94.9,21.51,4.22,4,269,82,88,67,24,2,6
USER028,2025-08-15,7.07,28.8,36.1,3,94.1,22.15,4.32,4,261,68,84,33,0,4,5
USER028,2025-08-16,10.2,23.1,35.7,3,90.8,23.84,3.76,1,351,60,63,227,2,7,6
USER028,2025-08-17,7.75,32.6,20.9,3,90.0,22.63,5.72,5,285,92,91,78,120,7,7
USER028,2025-08-18,10.12,33.0,25.6,1,97.4,22.28,5.76,2,321,95,69,64,32,3,5
USER028,2025-08-19,8.02,27.8,25.0,3,92.4,22.08,4.55,3,248,82,63,32,28,3,4
USER028,2025-08-20,6.82,26.9,24.7,1,95.0,22.32,4.27,4,228,67,75,23,56,4,7
USER028,2025-08-21,7.62,16.5,32.8,2,91.4,22.09,3.82,4,200,71,67,149,10,6,7
USER028,2025-08-22,9.7,33.0,31.8,0,92.5,22.19,7.06,2,361,99,63,44,7,4,7
USER028,2025-08-23,9.31,19.4,21.1,1,97.9,22.28,4.39,4,269,76,80,33,11,1,8
USER028,2025-08-24,8.03,24.2,20.5,3,96.5,22.98,4.0,2,251,86,100,49,9,4,3
USER028,2025-08-25,8.1,31.2,29.4,5,92.5,22.19,5.23,2,288,91,89,29,1,2,7
USER028,2025-08-26,8.5,25.4,22.7,3,95.9,22.25,3.77,3,291,76,85,73,5,4,4
USER028,2025-08-27,7.63,15.7,30.7,1,92.5,22.08,5.48,5,245,100,82,98,18,5,7
USER028,2025-08-28,7.3,19.4,30.6,1,97.8,22.36,5.65,3,281,91,93,8,1,6,5
USER028,2025-08-29,7.37,33.2,29.1,3,96.6,22.42,4.27,2,248,65,76,117,8,4,7
USER028,2025-08-30,7.27,27.2,33.3,2,96.1,22.85,5.0,6,280,82,79,79,10,5,6
USER028,2025-08-31,10.22,19.5,17.0,2,88.1,22.76,4.45,0,361,58,64,155,19,4,7
USER028,2025-09-01,5.74,23.4,24.8,1,91.2,22.25,4.2,3,363,76,75,116,7,3,7
USER028,2025-09-02,9.8,33.7,31.5,1,91.9,22.37,5.3,0,360,63,65,43,32,2,6
USER028,2025-09-03,8.2,24.9,34.4,1,93.4,21.97,5.95,1,254,70,63,334,49,2,7
USER028,2025-09-04,7.54,25.5,22.1,3,94.3,21.79,3.2,6,332,88,76,20,80,4,5
USER028,2025-09-05,8.6,14.4,27.5,1,96.8,21.84,6.86,4,255,69,70,87,4,3,4
USER028,2025-09-06,9.18,15.0,18.6,0,90.3,23.04,4.99,4,248,68,88,113,109,3,5
USER028,2025-09-07,9.41,24.7,22.0,4,98.7,22.14,4.37,3,306,63,78,50,4,3,4
USER028,2025-09-08,7.08,20.5,30.9,1,91.7,22.28,5.66,3,206,57,82,100,20,5,4
USER028,2025-09-09,5.31,14.4,32.0,1,97.8,22.07,3.37,1,290,75,66,155,38,4,8
USER028,2025-09-10,7.26,20.0,28.5,3,87.0,21.55,4.43,1,274,66,89,91,14,6,5
USER028,2025-09-11,7.94,40.3,26.9,4,95.8,22.16,5.99,6,282,91,100,104,41,3,8
USER028,2025-09-12,6.94,31.7,20.5,1,96.9,22.29,5.55,7,221,83,84,92,1,3,7
USER028,2025-09-13,7.89,21.9,32.7,4,95.0,22.72,4.84,2,249,98,91,43,18,5,7
USER028,2025-09-14,9.44,33.6,23.0,3,93.9,23.57,5.86,3,313,72,85,28,10,4,5
USER028,2025-09-15,7.99,19.7,26.5,2,97.5,21.93,3.94,4,318,90,84,132,13,6,6
USER028,2025-09-16,6.89,16.3,22.9,2,91.3,22.13,6.49,2,293,91,81,70,22,5,7
USER028,2025-09-17,8.99,30.1,29.9,1,90.7,22.3,4.22,0,318,89,69,17,60,6,6
USER028,2025-09-18,8.1,28.1,26.9,4,89.8,21.97,4.64,1,225,82,100,41,13,2,5
USER028,2025-09-19,8.16,24.1,37.6,3,93.4,21.85,6.34,4,205,100,100,57,60,4,3
USER028,2025-09-20,8.53,28.6,36.2,5,94.1,22.78,8.53,6,337,87,75,100,3,2,4
USER028,2025-09-21,9.58,40.3,20.4,4,95.0,23.2,3.93,4,432,50,77,53,42,1,6
USER028,2025-09-22,6.66,31.9,19.2,4,88.3,22.15,4.02,1,334,100,72,53,11,3,3
USER028,2025-09-23,7.96,23.4,28.3,4,97.6,21.69,0.44,6,225,81,83,165,8,5,6
USER028,2025-09-24,7.56,29.1,26.2,2,94.8,22.33,4.91,5,255,79,83,82,17,3,6
USER028,2025-09-25,6.49,29.7,28.0,1,92.2,21.91,5.06,2,352,64,72,72,38,5,6
USER028,2025-09-26,7.54,21.2,27.4,0,97.7,22.05,5.12,8,341,83,100,45,36,4,4
USER028,2025-09-27,10.79,30.7,27.6,0,93.3,23.3,3.55,0,393,59,79,164,43,3,2
USER028,2025-09-28,10.32,23.6,39.5,3,96.4,23.07,3.83,0,240,62,64,88,24,3,7
USER028,2025-09-29,7.53,36.1,23.4,0,90.5,21.61,6.95,7,218,72,70,104,8,2,5
USER028,2025-09-30,8.88,20.6,15.7,5,91.7,22.11,6.83,1,276,86,92,59,88,3,7
USER028,2025-10-01,7.31,23.6,16.8,2,87.6,22.1,3.77,3,268,84,100,51,10,4,4
USER028,2025-10-02,6.91,31.7,30.2,0,95.5,22.28,6.89,5,318,57,89,46,20,3,5
USER028,2025-10-03,7.87,27.4,18.3,0,93.2,22.04,4.27,4,220,97,90,388,50,6,5
USER028,2025-10-04,8.51,16.4,17.6,2,87.4,23.14,2.83,4,200,65,78,72,11,2,6
USER028,2025-10-05,8.26,16.8,34.7,1,95.7,22.84,4.61,6,317,69,77,54,8,2,6
USER028,2025-10-06,8.53,22.9,18.0,1,93.3,21.87,6.34,5,200,94,86,218,6,5,7
USER028,2025-10-07,6.66,29.2,26.9,1,87.8,22.12,4.09,1,200,67,80,165,9,6,8
USER028,2025-10-08,6.64,31.5,15.4,0,86.5,22.21,4.42,1,383,81,75,57,3,7,5
USER028,2025-10-09,8.76,14.9,36.9,2,97.9,21.74,4.26,3,270,82,76,88,38,4,4
USER028,2025-10-10,6.96,24.3,25.6,3,95.9,22.09,2.12,3,215,85,91,272,56,1,4
USER028,2025-10-11,8.24,21.4,16.1,1,96.6,22.95,7.15,1,289,82,87,116,7,2,6
USER028,2025-10-12,9.49,21.7,29.8,5,94.9,22.65,5.4,2,200,72,82,173,5,4,6
USER028,2025-10-13,5.88,27.1,30.8,1,97.0,22.38,2.75,1,291,62,82,111,65,4,4
USER028,2025-10-14,8.77,32.9,21.6,4,86.5,21.83,5.16,0,207,70,88,53,1,7,8
USER028,2025-10-15,7.35,20.9,35.8,1,96.5,22.25,4.95,4,216,81,100,133,36,4,8
USER028,2025-10-16,8.26,17.2,34.3,3,93.4,22.01,7.5,2,329,78,94,218,32,1,6
USER028,2025-10-17,7.52,41.1,21.2,1,92.8,22.18,5.67,3,236,86,88,105,28,4,5
USER028,2025-10-18,9.11,27.2,34.3,0,80.6,22.91,8.29,3,304,75,82,63,4,4,6
USER028,2025-10-19,8.35,30.0,27.8,3,88.5,23.56,6.29,3,224,79,72,62,1,1,5
USER028,2025-10-20,6.15,36.5,30.8,3,91.1,21.61,6.6,1,292,61,67,38,16,7,8
USER028,2025-10-21,8.57,24.1,27.3,1,95.2,21.92,6.75,3,290,88,100,78,0,5,5
USER028,2025-10-22,5.34,25.3,27.6,2,97.4,21.8,3.97,0,358,75,67,37,4,6,7
USER028,2025-10-23,6.96,35.6,25.4,5,97.7,22.49,3.5,6,253,62,59,129,25,3,7
USER028,2025-10-24,7.6,34.1,29.4,1,90.9,22.04,5.57,4,250,80,74,121,20,3,6
USER028,2025-10-25,7.8,27.4,18.4,1,93.0,23.21,6.2,4,202,82,89,105,2,3,5
USER028,2025-10-26,9.38,12.4,32.2,0,94.9,22.73,7.6,3,370,88,76,73,4,4,5
USER028,2025-10-27,7.22,20.0,22.4,1,96.1,21.92,4.92,5,303,87,82,41,21,3,6
USER028,2025-10-28,6.74,14.0,15.9,1,96.1,22.4,3.8,2,409,70,82,114,15,3,4
USER028,2025-10-29,7.99,17.5,24.9,3,86.1,22.33,1.76,6,244,89,83,105,33,3,5
USER028,2025-10-30,8.61,26.4,22.1,4,98.5,22.39,6.29,2,375,90,97,31,8,6,5
USER028,2025-10-31,7.37,27.9,26.6,0,95.8,22.17,4.44,4,246,70,100,64,6,4,4
USER028,2025-11-01,11.56,18.7,37.7,1,88.0,23.54,2.44,1,342,63,40,51,12,4,6
USER028,2025-11-02,8.04,24.6,23.4,4,92.5,22.61,5.95,7,307,68,76,151,8,2,6
USER028,2025-11-03,7.35,30.1,27.4,2,93.7,21.93,6.9,6,250,92,84,100,11,3,4
USER028,2025-11-04,7.64,27.6,24.8,4,93.5,21.5,6.47,7,255,79,100,437,7,3,7
USER028,2025-11-05,6.45,18.6,35.2,2,94.1,21.66,2.69,1,222,72,92,52,23,3,6
USER028,2025-11-06,8.32,21.7,31.5,0,89.7,22.14,4.65,4,200,83,65,30,2,2,6
USER029,2025-07-10,9.98,17.6,25.5,2,85.4,22.0,6.64,3,340,76,82,126,15,3,6
USER029,2025-07-11,8.66,20.7,20.4,4,88.2,22.13,6.23,4,290,81,92,94,0,2,6
USER029,2025-07-12,8.99,17.4,26.0,1,98.5,23.68,5.32,2,222,96,83,178,35,4,5
USER029,2025-07-13,8.17,25.4,24.7,1,92.0,23.57,5.6,5,227,89,77,96,2,6,6
USER029,2025-07-14,8.08,35.4,24.2,3,96.5,22.03,5.43,2,288,99,83,25,21,2,6
USER029,2025-07-15,8.99,21.3,32.3,2,93.4,22.35,8.94,3,243,88,78,43,85,5,6
USER029,2025-07-16,8.93,14.2,36.5,5,91.7,22.13,4.74,7,281,76,62,66,15,4,5
USER029,2025-07-17,8.43,24.7,38.8,4,82.4,22.31,5.5,4,265,80,91,150,35,4,3
USER029,2025-07-18,9.5,23.4,34.2,3,95.0,21.67,6.14,5,278,85,100,36,15,5,4
USER029,2025-07-19,10.09,24.3,34.3,1,98.2,22.17,5.87,1,246,68,89,104,8,5,6
USER029,2025-07-20,8.79,14.8,24.1,1,90.9,23.48,5.76,6,265,87,85,117,9,2,4
USER029,2025-07-21,10.43,12.5,29.2,1,93.2,21.96,3.97,1,345,60,74,62,14,4,7
USER029,2025-07-22,7.81,22.8,27.3,4,93.6,22.33,8.02,3,320,71,80,86,4,2,6
USER029,2025-07-23,8.42,36.0,29.9,1,99.3,22.39,6.98,6,239,88,100,157,27,5,6
USER029,2025-07-24,6.64,39.6,35.5,4,92.8,21.67,2.91,8,323,76,70,45,5,2,6
USER029,2025-07-25,8.6,21.6,27.6,4,91.6,22.35,6.06,3,234,98,94,219,10,6,4
USER029,2025-07-26,10.42,21.1,34.1,2,93.9,23.29,4.57,0,354,79,73,114,37,3,5
USER029,2025-07-27,9.43,23.9,34.0,1,89.4,23.34,6.51,4,333,76,59,41,14,4,6
USER029,2025-07-28,7.84,23.5,31.8,0,92.3,22.19,4.46,7,273,86,82,102,6,5,7
USER029,2025-07-29,7.78,18.8,24.1,1,97.6,21.89,7.07,4,305,82,79,46,17,3,6
USER029,2025-07-30,8.17,21.4,27.1,0,96.3,21.74,6.03,6,236,88,98,83,1,4,7
USER029,2025-07-31,7.63,20.1,23.8,1,93.7,22.3,3.99,4,251,69,69,114,34,3,3
USER029,2025-08-01,7.43,19.9,25.8,3,98.0,21.76,1.83,3,313,80,75,153,15,4,6
USER029,2025-08-02,8.54,18.9,35.2,2,83.9,22.3,7.24,7,312,83,71,155,21,4,5
USER029,2025-08-03,9.08,24.8,30.5,2,79.3,23.59,6.88,5,281,71,93,36,6,5,7
USER029,2025-08-04,7.26,35.9,26.4,1,90.6,21.76,4.76,3,235,93,76,65,14,5,4
USER029,2025-08-05,8.01,28.2,30.5,2,92.3,21.87,5.3,2,315,83,87,13,7,8,5
USER029,2025-08-06,8.89,28.3,30.2,2,94.0,21.64,4.5,4,296,75,82,88,20,7,6
USER029,2025-08-07,7.71,36.0,20.7,3,97.9,21.65,6.6,4,330,100,74,320,56,3,7
USER029,2025-08-08,7.26,27.8,19.9,2,92.6,21.81,6.17,6,200,89,100,67,54,5,5
USER029,2025-08-09,7.77,35.0,21.7,3,97.6,22.33,5.63,3,200,90,93,91,23,4,2
USER029,2025-08-10,8.9,20.4,28.5,7,93.5,22.93,5.57,2,200,76,100,73,29,5,7
USER029,2025-08-11,7.24,26.4,36.7,3,95.3,21.71,5.1,4,251,62,67,182,7,4,8
USER029,2025-08-12,7.65,15.5,37.1,1,98.7,22.3,5.08,3,352,75,80,55,63,3,3
USER029,2025-08-13,9.16,18.7,22.1,1,89.3,21.66,5.91,5,422,86,86,96,21,4,6
USER029,2025-08-14,7.9,33.4,32.9,2,88.5,22.44,7.6,1,279,93,91,63,5,3,7
USER029,2025-08-15,7.32,19.7,21.6,2,95.1,21.83,3.76,6,203,57,87,92,17,5,8
USER029,2025-08-16,10.2,22.1,24.3,1,89.4,23.79,3.31,3,287,75,71,106,21,4,4
USER029,2025-08-17,8.83,14.9,23.3,2,92.7,22.67,4.65,4,234,87,88,404,22,4,7
USER029,2025-08-18,7.67,19.2,27.4,4,97.3,21.58,5.8,4,328,100,70,77,22,2,7
USER029,2025-08-19,7.12,28.2,28.0,3,95.9,21.96,7.33,4,386,78,88,33,18,1,8
USER029,2025-08-20,7.34,22.2,36.4,2,95.5,21.75,7.02,5,283,56,73,48,6,6,6
USER029,2025-08-21,7.16,29.1,31.6,0,96.8,22.08,4.95,2,307,70,88,81,27,3,5
USER029,2025-08-22,8.16,33.7,30.7,1,96.2,22.3,8.25,4,231,78,89,95,0,4,5
USER029,2025-08-23,8.94,21.6,18.0,4,96.0,23.46,6.21,4,274,92,77,131,6,5,7
USER029,2025-08-24,8.3,37.1,22.4,1,95.9,23.4,4.11,5,200,87,82,132,14,5,6
USER029,2025-08-25,8.11,29.1,33.2,1,99.0,21.79,5.61,5,302,93,89,48,10,4,6
USER029,2025-08-26,9.06,22.2,32.3,4,93.4,22.37,5.63,5,341,65,75,170,51,5,4
USER029,2025-08-27,9.28,22.9,30.9,2,92.4,21.82,6.26,3,371,71,77,16,1,5,4
USER029,2025-08-28,8.11,20.8,27.7,2,97.5,22.36,6.04,5,274,92,91,16,18,5,6
USER029,2025-08-29,8.24,24.1,26.6,0,92.3,21.84,6.07,8,227,79,97,197,32,3,6
USER029,2025-08-30,9.03,15.9,19.5,6,91.9,23.49,5.31,2,251,74,79,154,3,3,5
USER029,2025-08-31,7.92,19.0,24.5,3,96.9,22.36,7.15,7,200,71,72,298,35,3,6
USER029,2025-09-01,7.63,21.9,31.2,0,91.1,21.77,5.68,4,200,98,100,159,8,3,7
USER029,2025-09-02,8.26,20.3,31.6,3,97.7,21.75,8.04,4,253,82,86,287,23,3,6
USER029,2025-09-03,8.49,26.0,22.8,1,94.0,22.06,4.42,5,314,83,100,21,13,3,7
USER029,2025-09-04,7.36,26.0,34.4,2,91.5,21.94,6.63,1,254,95,75,39,3,5,7
USER029,2025-09-05,7.95,26.7,22.5,1,90.1,22.19,5.03,2,319,87,70,38,7,2,7
USER029,2025-09-06,10.0,15.1,21.4,2,92.0,22.19,5.62,2,285,91,53,23,83,4,3
USER029,2025-09-07,8.66,17.8,34.7,0,97.7,22.39,5.46,4,248,88,82,104,25,2,4
USER029,2025-09-08,6.86,29.5,15.6,4,89.2,22.43,6.33,6,282,82,83,186,0,2,6
USER029,2025-09-09,8.26,20.3,33.9,2,91.7,22.25,8.6,6,229,83,79,68,8,3,5
USER029,2025-09-10,8.0,19.5,29.3,3,97.0,21.83,6.43,5,327,83,94,58,21,3,7
USER029,2025-09-11,5.23,24.8,21.2,3,97.6,22.46,4.4,0,316,62,62,45,36,3,9
USER029,2025-09-12,7.57,20.1,34.1,0,94.9,21.98,2.8,4,266,85,100,17,10,2,4
USER029,2025-09-13,9.06,26.6,23.9,0,86.0,22.44,7.27,3,242,85,71,31,4,1,5
USER029,2025-09-14,6.99,22.3,21.1,3,87.3,23.32,2.74,1,340,92,81,172,11,4,6
USER029,2025-09-15,6.26,28.4,29.1,0,97.6,22.22,6.71,3,330,74,77,54,9,6,4
USER029,2025-09-16,6.03,28.0,31.3,1,90.5,21.53,4.08,2,346,66,74,154,5,4,7
USER029,2025-09-17,7.53,30.4,35.9,1,93.7,21.56,6.44,3,207,70,97,77,24,2,5
USER029,2025-09-18,6.68,30.3,34.4,7,95.7,22.01,4.54,1,203,75,96,20,21,6,8
USER029,2025-09-19,7.03,23.3,22.7,2,98.7,22.44,2.76,1,285,81,55,122,14,2,7
USER029,2025-09-20,8.63,27.7,26.2,3,93.9,22.37,6.04,3,285,70,96,27,19,2,5
USER029,2025-09-21,8.4,13.3,27.4,1,93.0,22.61,6.43,5,256,70,72,9,18,5,3
USER029,2025-09-22,7.58,27.3,29.3,2,87.7,21.7,9.11,3,322,61,82,44,13,1,6
USER029,2025-09-23,9.55,21.1,23.5,7,91.9,21.53,6.37,2,385,82,68,32,6,5,6
USER029,2025-09-24,9.61,23.8,31.1,2,97.7,22.44,8.17,1,358,75,76,251,4,5,4
USER029,2025-09-25,7.36,28.8,29.6,2,89.1,22.02,4.32,1,200,65,87,124,2,5,5
USER029,2025-09-26,8.31,14.9,25.9,1,85.8,21.54,6.78,7,263,99,78,15,0,1,6
USER029,2025-09-27,9.03,27.6,34.7,2,96.1,22.66,3.63,7,232,91,80,28,4,7,6
USER029,2025-09-28,10.28,31.5,18.8,2,93.6,24.0,5.08,0,291,78,76,47,16,3,3
USER029,2025-09-29,8.07,21.2,23.4,1,98.1,22.44,6.14,9,269,85,89,95,14,2,3
USER029,2025-09-30,9.15,20.1,35.6,3,96.8,21.95,4.84,2,296,85,74,260,28,6,5
USER029,2025-10-01,7.37,32.0,29.4,1,94.3,22.16,5.85,6,295,64,97,35,69,5,4
USER029,2025-10-02,5.71,25.8,22.6,2,88.5,22.21,5.26,0,362,86,58,56,23,3,7
USER029,2025-10-03,6.47,30.9,28.7,3,98.7,21.58,3.33,0,348,72,77,79,20,4,6
USER029,2025-10-04,10.13,22.3,30.6,1,95.5,23.95,5.32,3,375,53,47,13,11,3,7
USER029,2025-10-05,7.71,22.1,23.6,2,88.9,23.23,7.22,3,332,82,85,40,12,3,3
USER029,2025-10-06,9.32,16.4,32.4,2,88.5,21.52,4.49,2,321,55,88,156,16,7,5
USER029,2025-10-07,8.32,27.0,34.8,3,96.3,21.74,5.97,5,264,94,67,113,11,1,5
USER029,2025-10-08,6.26,17.9,24.4,0,96.9,21.64,7.91,4,331,86,53,50,11,4,3
USER029,2025-10-09,8.06,36.7,35.6,2,99.0,22.37,4.92,6,200,81,88,108,39,2,7
USER029,2025-10-10,7.8,19.2,38.0,2,95.9,22.33,4.61,2,267,92,85,48,29,5,7
USER029,2025-10-11,8.8,37.3,19.9,3,92.0,23.92,7.5,2,301,91,96,112,37,5,7
USER029,2025-10-12,9.85,27.2,24.4,5,95.1,23.42,4.64,2,211,68,71,104,19,3,5
USER029,2025-10-13,7.94,25.0,30.3,1,94.5,21.76,5.95,7,317,100,100,74,58,7,4
USER029,2025-10-14,7.66,37.1,19.1,5,93.4,21.53,5.86,3,247,100,77,50,34,6,7
USER029,2025-10-15,8.0,19.2,24.2,1,83.7,22.17,3.92,8,223,59,91,129,32,3,7
USER029,2025-10-16,9.0,17.7,28.4,3,96.8,22.3,3.95,2,321,77,90,36,14,3,4
USER029,2025-10-17,8.77,12.6,36.5,1,98.0,21.85,5.52,5,203,80,63,199,6,3,5
USER029,2025-10-18,9.36,34.7,22.3,1,95.0,22.97,3.27,3,217,79,79,158,12,4,5
USER029,2025-10-19,9.82,29.6,22.8,4,96.9,22.35,3.09,3,263,56,61,230,24,4,7
USER029,2025-10-20,9.59,22.9,16.8,1,96.0,22.14,5.73,1,227,71,88,20,0,3,5
USER029,2025-10-21,7.82,29.1,28.0,2,99.5,22.22,6.71,6,313,86,63,59,26,4,8
USER029,2025-10-22,10.07,19.3,21.6,4,97.0,22.37,5.3,0,331,82,94,85,5,4,8
USER029,2025-10-23,6.54,18.0,21.6,5,97.1,21.65,5.63,2,256,66,65,87,9,2,4
USER029,2025-10-24,6.1,16.4,20.7,2,97.2,21.56,3.83,5,378,69,80,14,3,4,4
USER029,2025-10-25,8.77,27.4,30.0,1,85.6,23.05,5.3,4,255,74,57,33,6,5,4
USER029,2025-10-26,9.25,16.8,29.5,2,95.1,22.92,3.64,7,295,74,71,16,7,4,5
USER029,2025-10-27,6.57,28.3,35.4,1,81.2,22.48,5.75,5,311,59,64,110,17,6,6
USER029,2025-10-28,8.94,15.9,28.9,4,94.6,21.78,3.92,4,300,91,93,39,20,4,6
USER029,2025-10-29,7.61,28.6,33.9,0,98.3,22.16,3.11,8,320,82,90,36,16,7,4
USER029,2025-10-30,9.12,31.2,29.9,3,93.3,22.21,5.76,3,349,82,91,128,17,4,4
USER029,2025-10-31,7.55,37.1,29.3,0,90.6,22.08,6.38,3,255,85,81,52,33,3,6
USER029,2025-11-01,8.94,21.0,27.1,2,99.5,22.98,6.3,3,330,76,78,34,0,5,8
USER029,2025-11-02,7.96,19.8,23.4,3,98.0,22.04,4.48,4,216,79,100,243,0,2,4
USER029,2025-11-03,8.56,30.4,17.5,1,96.5,22.43,4.47,3,394,83,90,212,14,3,4
USER029,2025-11-04,8.45,30.7,39.5,3,92.3,22.04,6.46,2,274,77,95,165,3,6,4
USER029,2025-11-05,9.41,20.7,24.1,1,97.4,21.85,4.46,2,334,71,77,80,28,4,6
USER029,2025-11-06,8.12,18.8,26.2,0,87.1,22.14,6.94,3,201,70,82,128,2,1,6
USER030,2025-07-10,9.46,20.4,27.4,3,93.1,23.66,7.32,4,294,100,75,44,34,5,6
USER030,2025-07-11,8.0,28.1,32.6,3,88.5,23.67,5.96,2,326,77,83,41,25,2,4
USER030,2025-07-12,10.77,29.2,21.3,1,95.0,24.34,4.32,1,267,84,64,47,25,3,6
USER030,2025-07-13,10.13,30.7,22.1,3,95.7,25.17,6.37,6,270,80,85,21,26,3,4
USER030,2025-07-14,6.92,26.3,30.1,1,93.2,23.04,6.42,2,281,73,90,56,25,4,4
USER030,2025-07-15,9.04,33.7,29.3,3,95.5,23.38,6.21,7,330,78,71,87,1,4,4
USER030,2025-07-16,8.43,19.2,21.2,0,93.2,23.03,6.27,3,299,87,100,272,6,8,8
USER030,2025-07-17,9.31,36.0,30.7,2,95.7,23.23,5.04,2,200,81,89,32,4,5,5
USER030,2025-07-18,7.59,25.0,24.1,1,91.8,23.57,4.93,3,299,90,98,142,5,5,7
USER030,2025-07-19,9.55,20.6,28.5,2,88.6,24.21,5.14,10,221,78,86,35,3,5,6
USER030,2025-07-20,9.33,18.8,25.3,4,93.4,23.68,6.45,2,307,78,87,126,3,3,6
USER030,2025-07-21,9.04,19.3,33.9,2,91.7,23.29,4.96,12,371,91,95,57,31,4,5
USER030,2025-07-22,9.89,31.4,40.1,2,94.8,23.7,5.46,4,321,89,85,22,7,6,6
USER030,2025-07-23,8.45,19.0,32.3,2,93.0,23.85,2.88,3,245,76,87,153,82,5,6
USER030,2025-07-24,8.02,39.8,26.7,2,95.1,23.07,7.34,3,284,76,72,64,8,6,7
USER030,2025-07-25,8.52,15.5,25.1,4,98.1,23.48,7.92,6,200,100,85,282,6,4,7
USER030,2025-07-26,9.22,24.1,25.2,3,92.9,25.09,6.4,6,313,94,92,32,29,3,4
USER030,2025-07-27,10.71,39.6,22.9,1,91.5,24.92,5.05,3,299,86,78,123,1,5,7
USER030,2025-07-28,7.8,23.6,31.6,2,95.3,23.57,3.88,4,383,63,87,155,59,2,3
USER030,2025-07-29,9.27,29.9,32.8,3,90.0,23.87,7.3,4,294,72,83,78,6,3,4
USER030,2025-07-30,9.41,25.9,35.3,2,98.5,23.92,6.02,5,267,91,96,54,16,2,4
USER030,2025-07-31,8.42,16.7,34.7,2,93.2,23.04,6.08,6,223,88,86,32,49,1,7
USER030,2025-08-01,9.28,36.3,33.2,3,91.8,23.68,5.68,4,200,86,83,8,26,6,6
USER030,2025-08-02,9.69,18.0,20.0,2,91.2,24.29,5.36,2,203,70,74,124,1,5,6
USER030,2025-08-03,10.57,35.7,29.0,5,89.1,24.5,4.85,3,328,73,80,29,15,3,4
USER030,2025-08-04,7.1,25.0,17.2,0,94.4,23.88,4.68,0,326,60,72,102,26,2,5
USER030,2025-08-05,7.45,21.5,36.3,2,95.5,23.91,6.24,3,265,70,91,149,1,2,7
USER030,2025-08-06,7.96,22.8,33.6,0,94.0,23.74,4.35,4,354,69,79,176,4,3,6
USER030,2025-08-07,7.99,30.8,25.2,0,92.3,23.46,6.53,5,329,88,93,16,5,6,8
USER030,2025-08-08,11.36,31.2,21.1,2,95.0,23.89,6.14,1,307,63,70,73,6,3,4
USER030,2025-08-09,10.42,19.4,31.4,4,93.6,25.02,3.2,1,360,78,77,93,0,2,6
USER030,2025-08-10,10.45,30.8,28.7,3,94.9,24.64,5.54,5,347,82,71,31,19,2,5
USER030,2025-08-11,8.33,38.3,30.9,2,89.5,23.92,4.58,0,229,80,81,91,6,2,5
USER030,2025-08-12,9.04,19.4,34.4,2,94.4,23.47,4.21,2,205,91,90,102,11,1,6
USER030,2025-08-13,8.4,24.8,32.5,2,91.4,23.1,8.14,4,264,78,74,149,6,5,5
USER030,2025-08-14,8.22,35.2,16.4,2,88.3,23.23,6.44,0,335,79,82,110,8,4,5
USER030,2025-08-15,8.53,34.2,30.0,3,96.1,23.43,5.73,5,297,88,76,127,5,4,6
USER030,2025-08-16,9.22,36.5,20.9,0,88.4,25.36,6.7,4,216,90,68,206,37,5,6
USER030,2025-08-17,10.35,21.2,25.6,2,91.9,23.95,4.33,1,299,65,73,147,18,4,4
USER030,2025-08-18,7.32,21.0,23.7,1,97.0,23.43,6.13,2,419,76,52,128,20,4,6
USER030,2025-08-19,7.08,23.3,20.2,3,93.7,23.84,7.09,3,336,55,70,251,8,3,6
USER030,2025-08-20,10.4,19.4,33.3,2,92.4,23.12,3.67,0,280,54,80,124,2,5,5
USER030,2025-08-21,9.91,14.6,27.6,2,88.1,23.07,4.5,1,262,51,66,145,13,3,5
USER030,2025-08-22,9.99,21.0,32.3,2,87.2,23.11,4.95,8,202,78,63,81,37,5,7
USER030,2025-08-23,10.42,32.1,25.8,1,89.4,25.2,5.47,2,385,81,88,92,61,3,4
USER030,2025-08-24,10.05,24.3,32.9,1,93.4,24.61,6.11,4,265,86,79,53,41,4,5
USER030,2025-08-25,8.54,21.9,33.7,0,95.4,23.26,4.14,5,257,100,86,129,4,4,6
USER030,2025-08-26,9.01,29.7,37.0,5,94.9,23.66,4.33,3,266,99,88,24,40,4,7
USER030,2025-08-27,7.81,25.2,31.2,1,89.6,23.27,5.62,3,256,80,77,92,2,6,5
USER030,2025-08-28,8.23,25.6,25.0,1,94.5,23.81,6.47,3,292,85,69,155,30,5,5
USER030,2025-08-29,8.3,36.6,39.5,2,95.9,23.88,6.34,6,260,83,68,76,4,1,7
USER030,2025-08-30,10.86,29.5,24.6,2,96.8,25.38,5.68,3,335,64,76,174,28,6,7
USER030,2025-08-31,10.53,33.0,23.8,2,91.5,24.1,5.6,3,257,68,65,162,42,2,2
USER030,2025-09-01,7.9,31.0,35.4,2,92.3,23.36,5.77,5,269,68,88,42,18,5,6
USER030,2025-09-02,9.38,31.6,20.0,4,95.7,23.06,5.2,4,325,100,78,148,6,6,6
USER030,2025-09-03,8.1,17.9,29.3,3,89.7,23.47,6.79,2,268,73,100,272,14,4,4
USER030,2025-09-04,7.97,22.3,32.9,7,85.1,23.94,6.69,3,350,92,58,66,1,6,5
USER030,2025-09-05,10.33,43.8,32.7,2,89.1,23.99,4.17,0,261,79,75,31,5,3,4
USER030,2025-09-06,9.7,36.2,15.9,4,87.9,24.02,5.4,1,335,100,98,86,33,6,7
USER030,2025-09-07,9.16,20.9,25.1,0,93.6,25.29,5.52,5,200,86,87,45,59,4,8
USER030,2025-09-08,6.31,35.8,26.5,4,86.2,23.95,3.46,0,366,56,96,71,13,2,4
USER030,2025-09-09,7.97,16.7,24.4,1,88.0,23.92,1.78,1,339,95,76,56,2,4,7
USER030,2025-09-10,9.49,29.0,26.8,0,93.2,23.1,4.68,4,203,79,82,40,17,1,6
USER030,2025-09-11,7.99,20.2,26.7,4,96.2,23.64,8.65,5,323,95,90,55,18,2,6
USER030,2025-09-12,6.29,18.4,20.1,1,97.4,23.64,6.3,0,350,49,72,82,4,2,6
USER030,2025-09-13,8.73,26.6,27.9,2,96.6,25.03,6.91,1,266,87,88,28,30,3,6
USER030,2025-09-14,9.59,26.8,33.9,1,89.3,24.21,6.43,6,356,91,83,130,15,3,6
USER030,2025-09-15,8.58,28.8,29.3,2,88.4,23.57,5.01,6,310,72,97,86,1,4,5
USER030,2025-09-16,9.65,20.3,34.0,2,97.0,23.97,4.8,3,301,74,89,166,1,5,6
USER030,2025-09-17,9.74,22.2,28.4,2,94.2,23.65,6.99,5,261,83,68,70,22,2,3
USER030,2025-09-18,9.08,27.2,29.9,1,90.9,23.87,7.29,5,233,90,70,24,77,5,7
USER030,2025-09-19,10.24,16.9,23.9,3,95.2,23.33,4.04,3,244,74,79,52,2,3,7
USER030,2025-09-20,11.14,18.3,34.2,4,97.5,24.93,3.01,1,274,48,64,8,28,6,7
USER030,2025-09-21,10.59,34.5,23.9,3,96.5,24.2,7.23,1,362,80,61,67,3,2,6
USER030,2025-09-22,8.52,27.9,36.4,4,93.0,23.84,5.51,2,218,72,82,12,4,2,7
USER030,2025-09-23,9.32,27.1,32.7,1,92.4,23.4,5.04,7,282,78,84,10,5,1,6
USER030,2025-09-24,9.09,33.5,32.7,3,94.9,23.13,4.85,5,288,67,85,145,120,1,5
USER030,2025-09-25,9.43,25.7,40.5,5,88.9,23.74,5.23,3,286,100,77,31,26,5,7
USER030,2025-09-26,10.37,24.9,25.0,3,95.4,23.99,2.29,2,298,77,68,32,42,3,7
USER030,2025-09-27,10.89,30.8,39.0,2,92.1,24.59,4.0,2,258,70,52,37,5,5,7
USER030,2025-09-28,10.76,17.4,34.4,2,94.9,23.75,3.57,1,305,73,80,296,27,4,5
USER030,2025-09-29,7.32,26.6,25.4,2,84.7,23.29,4.22,1,257,66,76,79,7,3,3
USER030,2025-09-30,8.4,23.7,24.3,2,91.9,23.03,4.79,7,200,90,88,92,27,5,5
USER030,2025-10-01,9.02,30.1,19.3,2,90.2,23.48,4.04,5,254,99,93,35,6,6,7
USER030,2025-10-02,7.15,30.0,21.6,2,97.7,23.27,4.93,1,296,64,77,91,7,4,6
USER030,2025-10-03,9.48,25.4,23.8,1,92.4,23.59,4.48,6,285,99,90,160,32,5,4
USER030,2025-10-04,8.83,23.9,33.5,2,96.1,24.58,5.37,4,291,85,64,149,26,3,7
USER030,2025-10-05,10.29,24.6,33.5,1,98.4,24.71,6.43,6,292,84,79,183,5,2,6
USER030,2025-10-06,8.59,32.7,22.2,1,97.6,23.49,6.14,7,396,73,100,67,65,7,5
USER030,2025-10-07,8.96,28.2,29.0,1,96.4,23.04,7.57,7,290,97,91,40,41,6,6
USER030,2025-10-08,9.0,27.8,19.4,0,91.9,23.08,4.42,7,302,91,91,24,4,2,6
USER030,2025-10-09,9.28,22.7,29.0,3,94.9,23.47,4.4,4,268,80,87,439,0,3,4
USER030,2025-10-10,9.2,17.5,33.4,4,97.7,23.2,7.17,4,204,82,91,48,0,6,6
USER030,2025-10-11,8.67,23.8,26.5,6,96.1,24.98,0.85,3,320,90,84,121,1,4,7
USER030,2025-10-12,8.7,35.7,21.2,3,93.5,24.77,4.55,4,302,84,91,156,34,3,5
USER030,2025-10-13,8.68,37.1,24.8,0,96.4,23.73,6.38,7,216,90,92,33,10,5,6
USER030,2025-10-14,7.27,28.1,29.1,3,98.5,23.03,3.24,1,288,79,72,26,3,3,7
USER030,2025-10-15,8.27,28.2,21.7,2,98.1,23.67,5.78,4,286,69,88,23,10,4,6
USER030,2025-10-16,7.39,19.9,26.6,1,93.6,23.12,7.62,2,454,61,99,210,25,3,6
USER030,2025-10-17,8.34,23.8,17.6,2,94.1,23.47,7.12,2,296,71,84,9,1,4,5
USER030,2025-10-18,8.73,20.6,22.8,3,98.1,25.05,3.67,5,203,89,91,86,2,3,6
USER030,2025-10-19,10.64,28.7,21.7,4,84.8,24.27,3.59,3,307,79,72,153,52,4,3
USER030,2025-10-20,12.0,26.3,33.0,4,90.8,23.08,4.13,0,461,60,68,167,25,6,6
USER030,2025-10-21,6.61,20.9,25.9,1,89.7,24.0,6.38,1,310,63,65,124,11,3,4
USER030,2025-10-22,9.23,34.7,35.5,1,96.7,23.86,9.07,5,200,77,70,53,18,3,4
USER030,2025-10-23,7.29,16.2,34.5,2,99.0,23.3,8.01,2,295,72,67,98,43,6,7
USER030,2025-10-24,8.44,35.3,19.6,3,99.2,23.91,4.0,3,266,90,81,249,9,7,6
USER030,2025-10-25,9.31,18.5,31.7,3,95.6,23.53,5.05,4,280,87,91,32,26,4,6
USER030,2025-10-26,9.29,23.7,38.6,1,94.8,25.38,7.36,2,249,74,99,38,60,2,7
USER030,2025-10-27,8.83,26.0,25.1,5,94.0,23.22,6.62,3,261,93,90,63,24,5,7
USER030,2025-10-28,10.94,18.8,35.0,1,97.4,23.21,3.98,5,248,62,79,95,7,4,7
USER030,2025-10-29,7.82,26.5,25.1,2,98.2,23.32,7.33,1,272,48,85,67,8,3,8
USER030,2025-10-30,10.04,29.7,17.5,2,95.8,23.08,5.69,0,324,68,75,127,8,3,4
USER030,2025-10-31,8.16,21.8,33.3,2,97.4,23.25,4.56,5,268,70,76,167,7,6,5
USER030,2025-11-01,9.61,26.2,26.2,2,93.8,24.83,4.9,4,236,89,96,31,16,2,4
USER030,2025-11-02,9.82,22.8,31.6,3,96.5,25.46,7.03,6,299,80,97,278,12,2,4
USER030,2025-11-03,8.55,13.9,20.3,3,99.0,23.49,4.68,5,336,89,100,178,20,5,5
USER030,2025-11-04,7.23,24.6,33.6,1,92.0,23.03,3.79,4,253,76,87,64,8,3,7
USER030,2025-11-05,8.47,12.6,25.9,3,95.1,23.96,6.21,3,261,95,100,94,12,2,7
USER030,2025-11-06,9.09,39.6,30.8,4,97.2,23.6,4.82,5,230,85,72,99,2,5,6
USER031,2025-07-10,6.45,27.2,17.1,1,92.4,0.82,6.13,5,200,61,74,46,0,3,7
USER031,2025-07-11,7.16,23.6,32.6,2,92.4,1.02,6.33,2,341,84,86,79,77,6,8
USER031,2025-07-12,7.62,32.0,30.1,0,99.0,1.22,7.04,4,275,87,100,40,12,4,6
USER031,2025-07-13,7.78,40.3,24.8,4,92.7,1.72,6.26,1,308,63,95,81,3,6,4
USER031,2025-07-14,6.85,35.8,21.5,0,98.4,1.16,7.59,5,238,89,98,422,60,2,6
USER031,2025-07-15,8.16,12.3,40.7,1,91.8,0.51,8.77,2,293,57,63,22,3,4,7
USER031,2025-07-16,8.34,30.7,23.7,3,91.6,1.23,5.62,4,326,74,72,55,16,4,4
USER031,2025-07-17,7.34,23.4,27.2,2,96.5,1.33,6.3,3,200,78,86,99,36,7,5
USER031,2025-07-18,8.14,43.9,23.7,2,87.9,1.31,4.48,5,272,77,77,24,26,3,7
USER031,2025-07-19,9.25,24.0,32.4,1,92.5,2.05,5.5,0,253,85,83,11,26,4,4
USER031,2025-07-20,7.84,13.8,18.7,2,95.2,2.89,5.05,4,303,100,100,245,12,6,6
USER031,2025-07-21,8.48,31.8,26.0,1,96.9,0.7,4.78,3,229,67,66,98,45,6,8
USER031,2025-07-22,7.55,20.0,35.3,0,99.7,1.47,3.5,6,370,93,94,180,22,5,8
USER031,2025-07-23,5.56,32.5,15.4,1,90.2,0.66,3.91,2,383,96,49,67,30,3,7
USER031,2025-07-24,7.66,22.1,19.5,3,94.2,0.92,8.4,7,227,70,77,70,80,2,4
USER031,2025-07-25,5.88,21.4,22.2,0,93.0,0.96,4.51,4,299,73,76,69,13,5,6
USER031,2025-07-26,9.39,28.0,20.3,1,93.3,2.95,4.78,1,275,63,70,173,1,6,7
USER031,2025-07-27,10.11,18.0,32.1,0,86.2,1.32,4.54,0,298,50,89,109,66,5,3
USER031,2025-07-28,5.72,19.3,19.7,2,99.1,1.21,7.37,4,347,75,87,98,22,2,3
USER031,2025-07-29,6.76,24.5,28.4,1,90.6,0.99,4.33,3,254,95,89,149,24,3,6
USER031,2025-07-30,8.13,21.6,17.4,2,90.8,0.66,5.51,1,297,77,74,64,16,3,7
USER031,2025-07-31,6.83,29.1,24.5,1,94.7,1.26,5.91,5,268,88,79,134,25,6,7
USER031,2025-08-01,8.55,13.8,29.7,3,97.1,0.89,7.42,3,227,71,75,77,17,2,4
USER031,2025-08-02,7.7,21.6,28.0,4,94.8,2.02,7.64,4,309,79,99,78,57,2,4
USER031,2025-08-03,7.68,24.9,28.2,2,98.1,1.54,4.98,4,304,100,85,93,24,2,8
USER031,2025-08-04,6.74,35.1,22.9,3,92.0,1.02,4.4,5,354,78,82,134,18,4,6
USER031,2025-08-05,6.95,23.6,25.7,2,99.2,1.07,6.23,8,287,91,100,100,14,6,7
USER031,2025-08-06,6.77,15.2,31.8,1,97.7,1.13,4.52,4,256,78,97,51,4,3,8
USER031,2025-08-07,5.65,21.9,17.3,5,95.5,1.0,5.85,1,324,74,78,67,49,2,7
USER031,2025-08-08,7.32,25.3,29.0,6,96.4,1.09,5.74,4,236,86,93,62,10,4,7
USER031,2025-08-09,8.46,41.7,29.2,1,95.7,2.69,8.15,1,272,79,73,226,11,5,7
USER031,2025-08-10,7.82,26.4,34.7,1,98.2,2.45,5.29,6,303,77,100,11,16,4,6
USER031,2025-08-11,7.32,25.8,32.6,3,89.0,1.3,4.28,3,306,78,91,59,3,6,7
USER031,2025-08-12,8.45,35.4,27.4,1,90.0,0.98,6.51,1,215,82,83,19,34,2,5
USER031,2025-08-13,6.98,38.2,24.9,3,98.0,0.86,7.27,4,313,93,90,187,12,2,7
USER031,2025-08-14,7.64,29.4,29.0,4,94.8,1.15,7.0,4,234,87,75,152,34,2,6
USER031,2025-08-15,6.56,19.9,26.9,1,94.9,1.19,6.02,7,293,87,93,95,32,8,7
USER031,2025-08-16,9.65,27.7,38.8,6,96.9,1.35,3.91,1,276,58,67,14,17,5,7
USER031,2025-08-17,8.19,27.9,36.9,5,87.3,2.06,6.8,4,314,76,97,101,0,4,5
USER031,2025-08-18,7.18,17.7,28.5,3,95.8,0.91,5.96,6,286,94,91,17,5,5,5
USER031,2025-08-19,5.57,12.8,26.2,1,95.9,1.18,5.57,6,333,69,72,114,44,6,8
USER031,2025-08-20,7.67,12.7,34.1,1,94.5,0.84,3.05,5,317,78,79,140,4,2,6
USER031,2025-08-21,6.57,29.5,20.5,1,85.5,1.33,4.97,0,208,70,83,10,11,5,4
USER031,2025-08-22,6.51,34.6,27.9,6,99.2,0.87,4.66,1,352,79,84,170,33,4,3
USER031,2025-08-23,9.2,24.4,20.8,1,85.2,2.13,6.1,1,248,70,91,71,29,5,8
USER031,2025-08-24,7.35,36.1,24.2,1,97.6,2.87,6.58,7,257,98,94,116,2,4,6
USER031,2025-08-25,8.8,26.4,20.6,6,93.8,1.24,5.93,2,273,91,71,25,5,5,5
USER031,2025-08-26,5.37,33.3,18.9,0,90.5,1.27,4.4,1,367,63,84,61,15,2,6
USER031,2025-08-27,7.31,23.4,26.8,4,97.3,0.51,5.11,10,241,92,100,93,87,4,8
USER031,2025-08-28,6.57,31.5,28.0,5,89.3,0.96,3.52,1,330,95,60,181,26,5,5
USER031,2025-08-29,5.6,26.4,19.6,3,99.0,0.76,6.6,1,378,71,69,170,3,1,3
USER031,2025-08-30,11.13,31.8,38.8,4,98.4,1.79,4.11,0,434,52,55,224,75,2,2
USER031,2025-08-31,7.53,19.2,27.2,1,96.2,2.34,5.95,2,268,89,100,20,1,4,7
USER031,2025-09-01,5.1,13.5,34.2,3,97.1,1.23,4.09,0,320,70,78,17,43,4,7
USER031,2025-09-02,7.52,32.5,33.3,6,82.3,1.19,5.48,3,242,97,66,169,55,1,6
USER031,2025-09-03,6.87,19.3,37.7,1,96.0,0.98,1.88,5,234,78,77,47,17,4,5
USER031,2025-09-04,7.26,30.4,37.2,2,93.2,1.07,6.68,1,271,86,86,85,36,5,7
USER031,2025-09-05,5.7,14.8,25.1,3,97.5,1.32,4.66,0,347,65,67,289,7,5,5
USER031,2025-09-06,8.32,19.5,28.4,4,93.1,1.1,3.87,3,270,64,64,194,8,3,8
USER031,2025-09-07,7.82,24.2,19.5,2,98.8,1.3,6.17,6,224,87,91,74,13,4,5
USER031,2025-09-08,8.88,19.4,38.9,3,96.5,1.29,2.34,4,347,75,83,160,24,6,7
USER031,2025-09-09,5.32,28.9,23.2,0,97.9,0.67,4.58,0,312,69,63,43,28,4,5
USER031,2025-09-10,6.43,29.0,26.8,2,96.1,0.72,4.29,1,268,86,97,53,0,5,7
USER031,2025-09-11,6.3,27.2,26.5,2,92.3,1.34,8.03,2,287,87,90,88,29,3,5
USER031,2025-09-12,6.71,20.8,21.0,2,96.5,1.01,3.99,6,232,73,89,24,26,3,7
USER031,2025-09-13,9.12,28.8,37.4,2,97.0,2.63,4.45,2,320,72,46,30,0,4,6
USER031,2025-09-14,7.89,24.9,23.2,2,91.1,1.4,6.16,2,252,84,73,60,38,1,5
USER031,2025-09-15,7.07,12.7,31.0,3,92.0,0.72,3.61,1,264,83,94,124,33,4,8
USER031,2025-09-16,6.15,24.8,17.4,4,95.3,0.73,5.59,3,282,79,80,63,32,4,6
USER031,2025-09-17,7.32,28.5,22.9,6,96.9,1.42,6.41,3,200,100,100,150,6,4,6
USER031,2025-09-18,6.81,18.0,37.7,1,98.6,1.34,5.87,3,227,88,90,140,34,4,9
USER031,2025-09-19,5.4,34.6,23.1,1,97.1,0.65,5.51,0,249,80,80,37,23,2,4
USER031,2025-09-20,8.79,26.6,18.8,4,98.2,2.45,4.18,0,329,70,70,253,8,4,3
USER031,2025-09-21,9.48,19.5,27.8,3,93.9,1.65,6.5,2,261,71,48,79,0,3,4
USER031,2025-09-22,7.29,22.5,28.0,1,94.9,0.66,5.64,10,226,77,100,29,8,7,5
USER031,2025-09-23,5.74,23.3,34.9,3,98.4,1.17,5.75,3,346,61,81,34,1,5,6
USER031,2025-09-24,6.65,22.6,21.9,2,95.7,1.21,5.85,5,230,85,92,61,2,4,7
USER031,2025-09-25,7.99,24.5,32.6,0,87.7,0.65,3.95,3,251,86,60,51,25,3,5
USER031,2025-09-26,5.32,30.7,13.6,3,89.5,0.82,4.15,2,338,66,81,14,21,5,6
USER031,2025-09-27,7.29,26.9,21.9,2,92.5,2.72,5.5,4,247,80,94,42,16,4,4
USER031,2025-09-28,8.68,43.0,29.0,2,87.8,1.2,4.37,1,264,65,65,24,0,3,7
USER031,2025-09-29,6.89,24.8,34.1,0,91.0,0.6,3.72,4,233,73,89,29,10,3,6
USER031,2025-09-30,7.1,27.3,27.0,4,97.9,1.28,2.01,3,250,79,86,17,14,3,6
USER031,2025-10-01,7.14,20.9,26.7,3,91.0,1.01,3.97,0,266,100,62,97,4,3,7
USER031,2025-10-02,6.6,24.4,35.7,4,98.2,0.83,4.3,4,298,83,89,233,13,3,6
USER031,2025-10-03,7.62,14.5,35.1,6,97.3,0.81,4.39,3,377,80,94,44,10,6,7
USER031,2025-10-04,9.51,16.9,33.7,2,98.4,1.93,3.36,3,339,86,60,66,15,2,6
USER031,2025-10-05,7.4,34.4,23.3,3,96.9,2.82,3.23,4,349,100,73,72,9,7,6
USER031,2025-10-06,6.95,25.6,24.3,2,97.9,1.0,3.93,1,200,92,100,21,2,4,6
USER031,2025-10-07,6.63,37.1,23.8,2,95.8,0.79,5.77,7,300,90,89,101,8,4,7
USER031,2025-10-08,7.48,28.6,23.9,1,92.1,0.68,4.85,1,200,68,62,46,19,3,5
USER031,2025-10-09,6.7,31.5,19.4,3,90.3,0.57,6.92,4,277,81,84,309,12,3,7
USER031,2025-10-10,6.69,13.9,29.4,2,92.6,1.22,6.33,3,270,86,94,45,16,7,7
USER031,2025-10-11,7.9,13.1,20.9,2,92.9,2.34,7.47,4,348,77,81,93,8,3,4
USER031,2025-10-12,6.14,43.3,35.9,3,98.0,2.44,6.06,3,274,80,85,29,2,7,5
USER031,2025-10-13,5.78,20.4,22.3,5,97.5,1.24,4.13,1,395,80,78,53,21,3,6
USER031,2025-10-14,4.94,25.5,23.6,2,94.2,1.26,2.19,0,242,63,65,53,2,4,5
USER031,2025-10-15,7.39,24.8,23.8,1,97.7,1.24,3.68,6,245,91,81,149,17,4,6
USER031,2025-10-16,6.4,23.8,17.4,2,90.0,0.68,5.69,2,303,81,65,93,58,1,4
USER031,2025-10-17,8.25,26.3,25.4,3,97.0,0.58,4.47,9,349,71,82,33,1,6,5
USER031,2025-10-18,8.18,18.2,32.5,1,96.2,2.02,5.94,5,301,74,85,72,59,4,4
USER031,2025-10-19,8.56,14.6,25.9,2,95.8,2.58,3.4,2,267,87,50,109,3,4,8
USER031,2025-10-20,6.59,23.3,31.8,2,98.6,1.09,2.75,2,251,76,75,83,42,1,8
USER031,2025-10-21,7.75,18.4,31.3,2,94.2,1.04,6.56,9,285,88,81,61,2,4,7
USER031,2025-10-22,8.82,25.2,27.4,1,96.9,1.24,2.9,2,237,64,78,103,11,5,4
USER031,2025-10-23,7.09,30.0,12.1,3,94.8,0.99,7.9,0,309,83,100,44,66,2,5
USER031,2025-10-24,8.97,17.5,29.0,0,82.0,1.2,8.02,1,329,70,76,94,24,4,6
USER031,2025-10-25,7.73,24.6,27.0,1,91.8,1.1,4.77,0,290,84,100,142,21,7,5
USER031,2025-10-26,8.63,14.9,15.8,5,95.5,2.96,5.04,1,363,45,95,76,45,2,7
USER031,2025-10-27,7.06,17.4,29.6,2,87.6,1.33,5.45,4,394,79,97,40,3,6,8
USER031,2025-10-28,5.55,15.5,21.2,4,92.6,1.2,3.04,0,248,63,75,119,16,5,6
USER031,2025-10-29,8.94,20.0,16.5,1,93.6,0.82,6.66,3,230,69,64,56,9,4,7
USER031,2025-10-30,7.8,22.5,33.3,4,97.3,1.25,4.15,4,332,75,91,109,16,6,5
USER031,2025-10-31,6.8,24.1,25.7,4,97.9,0.93,6.35,8,278,78,100,28,31,3,4
USER031,2025-11-01,9.06,27.1,27.5,2,93.2,2.68,3.82,2,211,83,77,548,24,3,6
USER031,2025-11-02,8.76,20.4,23.1,3,93.9,2.3,5.69,1,378,71,94,114,16,4,4
USER031,2025-11-03,7.97,22.7,26.9,1,98.3,0.9,5.44,7,271,79,88,106,50,4,4
USER031,2025-11-04,5.81,22.1,30.7,2,94.4,0.79,5.75,2,354,78,100,103,8,6,4
USER031,2025-11-05,7.39,34.6,26.5,3,98.7,1.43,6.76,4,226,71,89,33,13,4,4
USER031,2025-11-06,7.87,17.4,23.8,1,93.2,0.82,4.97,5,237,97,70,134,21,3,7
USER032,2025-07-10,7.37,33.0,26.8,2,95.9,23.82,5.93,5,263,67,61,15,35,4,6
USER032,2025-07-11,5.53,30.2,29.4,2,93.1,23.59,3.9,1,292,71,76,9,16,5,6
USER032,2025-07-12,8.24,31.4,29.6,3,94.8,25.26,4.11,2,301,83,70,43,1,4,5
USER032,2025-07-13,7.72,26.1,12.8,2,97.1,24.84,4.88,2,383,93,90,207,22,3,7
USER032,2025-07-14,7.82,40.1,25.6,1,96.9,23.14,6.55,5,222,74,75,43,12,4,3
USER032,2025-07-15,6.65,28.8,31.2,4,97.5,23.49,7.17,3,311,100,99,68,19,4,7
USER032,2025-07-16,7.74,24.1,29.0,1,98.7,23.73,3.79,2,339,72,87,158,8,6,6
USER032,2025-07-17,7.25,12.5,29.5,6,94.3,23.65,4.63,5,271,90,96,53,24,3,6
USER032,2025-07-18,7.25,22.0,26.9,4,84.6,23.37,6.56,4,290,82,64,180,6,4,4
USER032,2025-07-19,7.19,37.5,24.0,3,98.1,23.59,2.09,3,256,81,78,112,2,5,7
USER032,2025-07-20,7.32,23.6,26.6,2,99.5,24.02,3.13,5,300,78,89,117,16,2,6
USER032,2025-07-21,6.86,22.4,25.7,2,98.8,23.68,7.94,4,213,67,96,226,32,1,5
USER032,2025-07-22,7.93,23.3,23.9,3,98.0,23.8,0.56,2,268,76,61,29,12,9,6
USER032,2025-07-23,5.96,26.7,29.2,0,95.3,23.57,8.96,1,284,81,63,20,28,6,5
USER032,2025-07-24,7.5,25.8,22.1,5,95.4,23.41,4.77,2,283,93,90,61,12,5,3
USER032,2025-07-25,4.88,29.2,26.7,3,92.1,23.23,3.09,1,357,68,100,18,46,5,3
USER032,2025-07-26,7.83,19.2,30.0,0,95.1,25.48,5.34,6,296,90,68,102,38,5,6
USER032,2025-07-27,7.17,37.7,28.0,2,91.8,24.4,6.42,4,216,85,85,54,2,5,8
USER032,2025-07-28,6.27,22.1,16.0,2,95.3,23.43,6.29,1,204,70,80,44,9,5,4
USER032,2025-07-29,6.24,30.0,27.4,1,98.7,23.33,5.53,6,266,90,100,175,4,3,7
USER032,2025-07-30,5.62,29.4,19.0,0,98.1,23.1,6.16,1,255,64,65,15,49,3,7
USER032,2025-07-31,7.02,20.3,28.3,2,97.3,23.7,4.26,2,200,79,95,93,23,5,8
USER032,2025-08-01,4.85,21.5,30.8,3,97.4,23.05,6.48,2,359,90,70,108,0,3,6
USER032,2025-08-02,8.25,28.3,33.6,3,93.0,23.98,5.14,1,218,73,68,236,9,2,5
USER032,2025-08-03,7.73,22.5,35.0,1,87.7,25.25,6.09,4,371,65,78,107,1,5,6
USER032,2025-08-04,4.82,13.6,22.7,1,98.0,23.63,5.47,2,385,64,72,42,13,3,6
USER032,2025-08-05,7.37,33.8,29.3,4,95.5,23.26,4.11,2,293,77,100,180,3,4,6
USER032,2025-08-06,7.28,19.8,28.8,1,96.6,23.12,5.61,4,257,89,71,43,38,5,5
USER032,2025-08-07,7.13,21.1,24.4,1,89.7,23.94,4.97,6,220,73,87,55,0,4,8
USER032,2025-08-08,7.17,39.1,22.8,5,97.9,23.32,5.53,2,233,65,82,174,89,4,5
USER032,2025-08-09,8.24,24.7,21.4,3,95.2,25.21,4.32,0,329,60,96,183,2,2,8
USER032,2025-08-10,9.22,24.2,25.2,1,86.5,23.52,3.07,2,362,73,67,231,41,5,8
USER032,2025-08-11,5.16,20.4,33.2,2,96.3,23.02,2.78,2,300,65,81,47,6,5,9
USER032,2025-08-12,6.48,20.0,15.5,0,89.9,23.38,5.54,4,276,92,81,4,0,2,8
USER032,2025-08-13,7.03,26.2,18.2,1,96.6,23.61,6.12,8,317,90,84,18,13,1,5
USER032,2025-08-14,6.6,28.6,31.7,4,98.1,24.0,6.02,4,234,100,91,13,0,4,4
USER032,2025-08-15,6.71,24.0,36.4,0,90.1,23.22,5.4,7,291,96,99,9,0,4,6
USER032,2025-08-16,8.01,18.5,22.9,2,92.5,25.36,4.73,6,303,59,95,17,26,4,5
USER032,2025-08-17,6.67,14.5,26.4,2,89.3,23.65,8.93,3,257,100,84,65,5,5,5
USER032,2025-08-18,6.35,20.3,17.5,3,93.0,23.33,6.37,3,307,92,68,94,1,4,7
USER032,2025-08-19,4.99,26.5,39.1,2,96.5,23.99,3.54,3,278,68,83,356,4,3,7
USER032,2025-08-20,5.92,27.0,18.5,3,92.3,23.03,2.0,1,303,96,74,118,0,6,5
USER032,2025-08-21,6.08,24.1,33.4,1,96.4,23.73,5.35,4,209,67,86,112,14,4,6
USER032,2025-08-22,7.39,25.2,33.7,3,88.8,23.58,5.23,2,351,79,76,76,19,3,4
USER032,2025-08-23,6.81,28.3,20.6,2,93.2,25.41,5.47,5,239,96,89,56,2,5,7
USER032,2025-08-24,6.57,36.7,15.8,1,92.9,24.29,5.2,7,278,83,75,116,41,5,7
USER032,2025-08-25,8.48,21.9,23.6,0,95.4,23.49,6.84,4,293,63,76,123,12,4,2
USER032,2025-08-26,6.45,22.0,26.7,0,95.7,23.99,4.76,6,369,74,94,151,1,4,5
USER032,2025-08-27,7.7,23.4,23.4,1,96.4,23.14,5.79,9,324,86,76,123,19,3,4
USER032,2025-08-28,7.41,20.3,22.1,2,90.3,23.55,5.71,4,297,86,62,194,6,5,5
USER032,2025-08-29,6.43,32.8,23.6,1,98.2,23.52,2.86,4,278,88,80,70,0,4,5
USER032,2025-08-30,7.21,25.3,22.9,2,98.1,23.69,3.48,5,294,78,90,24,2,4,7
USER032,2025-08-31,8.29,20.1,25.7,5,95.6,25.34,5.64,2,247,73,70,200,0,5,8
USER032,2025-09-01,6.8,22.2,21.8,1,98.2,23.05,5.81,8,219,87,96,180,9,4,6
USER032,2025-09-02,7.73,24.9,31.6,3,92.8,23.3,6.04,2,207,79,78,27,0,3,4
USER032,2025-09-03,6.34,35.1,33.4,6,88.8,23.61,4.0,0,367,76,90,81,44,4,6
USER032,2025-09-04,6.26,23.6,31.0,0,93.9,23.61,4.9,1,385,86,97,1,50,4,6
USER032,2025-09-05,6.86,22.3,37.2,4,94.8,23.45,3.74,4,293,92,100,152,4,3,5
USER032,2025-09-06,9.1,29.0,21.5,0,91.6,23.59,5.07,2,258,75,76,74,11,1,3
USER032,2025-09-07,6.31,30.1,28.3,2,95.6,24.61,4.02,5,313,90,98,79,48,2,6
USER032,2025-09-08,4.97,19.0,22.6,0,93.6,23.5,2.8,2,394,63,79,2,81,3,5
USER032,2025-09-09,6.6,18.9,29.6,0,91.4,23.85,4.42,6,200,62,97,236,2,5,6
USER032,2025-09-10,5.64,21.6,28.3,4,93.6,23.18,4.4,4,280,69,96,44,24,3,5
USER032,2025-09-11,7.02,17.5,16.8,2,92.9,23.17,5.92,4,296,95,100,75,15,5,7
USER032,2025-09-12,6.24,14.9,30.5,2,98.2,23.21,3.62,6,243,93,94,103,10,5,7
USER032,2025-09-13,7.1,17.3,35.6,2,90.7,24.45,6.8,3,200,80,89,94,7,4,8
USER032,2025-09-14,8.38,24.4,25.0,2,95.1,23.61,1.24,2,380,72,67,72,30,6,6
USER032,2025-09-15,7.08,23.9,27.1,0,92.7,23.91,7.56,7,230,89,82,60,4,5,7
USER032,2025-09-16,7.99,19.8,16.8,0,98.3,23.76,5.14,5,281,80,80,88,14,3,7
USER032,2025-09-17,6.52,27.3,17.0,3,91.8,23.79,7.09,6,389,83,99,80,3,5,8
USER032,2025-09-18,7.38,20.4,35.5,2,90.3,23.84,3.5,1,265,61,65,42,51,2,6
USER032,2025-09-19,8.64,24.1,29.7,2,98.6,23.8,7.11,1,200,62,69,59,3,3,7
USER032,2025-09-20,6.54,22.5,31.2,7,92.8,24.62,4.34,9,244,91,82,378,44,6,6
USER032,2025-09-21,8.43,38.3,24.8,0,97.9,24.58,6.66,2,231,57,74,39,22,4,4
USER032,2025-09-22,5.81,26.1,35.3,1,96.7,23.16,5.47,5,204,71,82,140,4,3,3
USER032,2025-09-23,5.66,27.8,28.4,2,96.1,23.0,4.17,1,260,71,62,52,9,4,5
USER032,2025-09-24,4.74,33.8,28.2,1,96.9,23.45,7.06,3,431,59,75,24,44,4,5
USER032,2025-09-25,5.08,14.7,29.1,2,94.8,23.15,3.42,4,316,69,69,147,1,4,4
USER032,2025-09-26,5.62,27.4,22.4,3,88.2,23.49,5.27,2,255,70,80,125,13,6,5
USER032,2025-09-27,8.3,16.7,23.3,6,89.6,24.49,3.78,1,384,65,69,73,24,1,6
USER032,2025-09-28,7.9,19.5,28.2,1,95.8,23.6,6.03,4,237,75,83,84,67,2,4
USER032,2025-09-29,8.0,30.8,26.6,3,96.1,23.12,4.47,4,291,62,68,56,17,5,5
USER032,2025-09-30,7.9,23.9,31.3,3,91.7,23.11,4.69,4,319,84,85,46,26,4,6
USER032,2025-10-01,6.18,27.5,28.4,2,93.0,23.71,3.3,4,200,80,69,130,17,4,3
USER032,2025-10-02,7.82,24.7,35.0,3,96.8,23.57,4.61,5,360,70,82,157,42,2,6
USER032,2025-10-03,6.06,20.7,24.5,1,85.2,23.48,4.41,6,349,68,70,52,3,4,5
USER032,2025-10-04,7.16,25.9,30.4,2,95.5,24.42,5.9,5,240,87,80,32,7,6,8
USER032,2025-10-05,7.58,28.8,20.5,2,96.0,25.13,4.92,2,237,90,100,17,2,2,6
USER032,2025-10-06,6.11,22.8,32.8,6,85.8,23.38,5.19,4,293,82,73,14,11,2,6
USER032,2025-10-07,7.25,15.7,19.9,2,93.1,23.44,3.78,6,227,80,82,31,31,4,9
USER032,2025-10-08,4.13,19.6,29.7,3,91.9,23.75,5.01,0,357,66,80,43,5,6,7
USER032,2025-10-09,7.06,17.3,29.6,1,97.7,23.76,5.64,6,234,84,71,62,42,4,6
USER032,2025-10-10,6.98,28.6,20.2,2,95.0,23.29,6.72,5,290,100,72,104,9,6,4
USER032,2025-10-11,7.9,27.2,30.2,3,95.0,23.94,6.69,2,275,80,81,127,54,5,5
USER032,2025-10-12,5.91,24.3,33.5,2,96.4,24.67,5.02,4,405,61,87,49,39,2,6
USER032,2025-10-13,6.27,32.2,24.0,4,97.0,23.54,4.76,4,316,87,100,29,16,6,7
USER032,2025-10-14,6.69,30.3,28.6,0,96.2,23.64,6.51,6,258,92,94,29,6,3,4
USER032,2025-10-15,7.05,23.3,20.7,0,97.9,23.57,5.86,5,234,91,100,30,9,6,5
USER032,2025-10-16,5.51,25.7,21.0,0,97.0,23.1,6.31,2,218,78,71,160,4,6,3
USER032,2025-10-17,7.16,25.8,17.8,1,98.3,23.45,4.31,1,220,79,86,74,43,2,7
USER032,2025-10-18,7.86,30.3,30.4,2,93.6,23.63,6.42,5,339,59,76,112,12,9,5
USER032,2025-10-19,7.21,32.1,34.8,2,96.8,24.17,6.45,2,200,87,100,197,13,3,4
USER032,2025-10-20,4.12,23.9,18.7,2,96.4,23.17,3.91,0,410,67,71,46,0,6,4
USER032,2025-10-21,4.83,36.8,30.3,2,97.4,23.13,6.76,0,292,65,88,70,58,1,5
USER032,2025-10-22,4.68,22.2,31.0,4,89.3,23.38,3.11,2,363,74,78,95,0,3,5
USER032,2025-10-23,7.64,29.3,24.5,0,94.0,23.76,3.58,3,227,81,67,189,34,4,6
USER032,2025-10-24,6.08,24.4,34.8,1,96.3,23.41,5.3,3,327,76,77,155,16,3,6
USER032,2025-10-25,8.6,32.4,23.1,1,91.5,25.33,5.68,3,278,50,88,190,30,5,7
USER032,2025-10-26,7.6,40.6,30.9,0,94.3,23.79,3.72,5,313,88,100,94,0,2,5
USER032,2025-10-27,6.12,25.1,19.8,1,88.9,23.26,4.06,3,257,71,82,133,21,5,6
USER032,2025-10-28,7.66,19.7,28.5,4,98.5,23.44,5.59,5,266,79,93,65,11,5,8
USER032,2025-10-29,6.98,25.7,40.6,1,97.5,23.22,6.83,0,200,97,80,198,37,5,7
USER032,2025-10-30,6.87,19.3,28.9,0,97.9,24.0,8.43,6,343,85,55,123,17,5,7
USER032,2025-10-31,6.79,22.8,35.3,2,97.5,23.92,5.37,4,264,100,79,85,13,4,6
USER032,2025-11-01,7.98,29.4,32.3,0,83.8,24.39,6.01,3,303,68,74,69,4,3,6
USER032,2025-11-02,8.24,19.5,21.4,1,90.3,23.82,5.61,1,277,87,71,100,7,2,7
USER032,2025-11-03,5.32,26.8,13.9,1,91.6,23.5,5.92,4,300,70,68,32,29,5,3
USER032,2025-11-04,6.73,22.8,21.7,3,96.4,23.79,7.06,8,339,100,81,182,7,4,5
USER032,2025-11-05,7.4,26.0,34.9,4,91.2,23.07,5.12,2,268,91,75,33,78,3,7
USER032,2025-11-06,7.79,19.0,26.0,1,91.6,23.86,4.76,3,363,73,95,59,2,4,4
USER033,2025-07-10,7.29,34.1,18.8,4,98.7,23.15,6.42,2,299,89,73,83,3,2,5
USER033,2025-07-11,7.81,19.6,31.2,2,94.0,23.76,3.55,3,275,81,55,219,50,4,5
USER033,2025-07-12,6.0,31.7,17.1,3,90.7,23.61,6.52,4,300,85,65,274,13,1,5
USER033,2025-07-13,7.17,22.9,25.7,0,94.6,24.08,9.83,1,245,98,87,89,26,5,7
USER033,2025-07-14,6.77,24.6,26.9,0,92.6,23.49,5.26,4,200,73,92,49,14,7,7
USER033,2025-07-15,5.59,25.9,28.2,2,93.8,23.8,3.34,0,256,79,100,123,15,3,7
USER033,2025-07-16,6.27,27.1,28.8,5,96.5,23.2,6.27,3,336,75,100,68,3,1,4
USER033,2025-07-17,5.54,34.6,28.9,2,91.6,23.3,5.08,4,330,74,72,81,23,5,7
USER033,2025-07-18,5.89,17.4,24.9,0,91.3,23.1,1.93,4,228,84,77,46,72,4,7
USER033,2025-07-19,8.75,33.6,33.3,5,97.0,23.71,6.09,2,302,74,55,96,10,5,5
USER033,2025-07-20,7.53,18.8,18.2,1,90.8,23.68,6.54,2,261,70,91,157,5,6,4
USER033,2025-07-21,6.98,15.3,30.2,2,96.8,23.29,6.79,5,254,74,85,135,7,4,6
USER033,2025-07-22,6.61,16.8,22.2,2,85.2,23.48,4.29,6,239,82,85,67,16,2,6
USER033,2025-07-23,6.06,25.4,29.2,2,89.5,23.66,7.28,3,306,84,74,129,2,2,7
USER033,2025-07-24,7.07,34.8,27.2,3,87.5,23.05,7.22,3,292,73,89,250,12,6,5
USER033,2025-07-25,7.44,34.1,33.2,2,94.0,23.82,6.72,6,259,76,81,35,26,3,5
USER033,2025-07-26,7.02,33.0,29.8,3,95.3,24.43,5.94,4,260,87,85,228,14,2,6
USER033,2025-07-27,6.81,32.6,24.3,2,91.3,24.5,5.86,6,222,99,66,34,114,5,5
USER033,2025-07-28,6.74,21.0,35.8,1,94.2,23.51,3.76,4,316,100,97,163,8,4,4
USER033,2025-07-29,6.84,30.3,25.8,1,96.9,23.62,4.57,1,206,93,79,37,22,3,5
USER033,2025-07-30,5.99,29.8,29.6,4,84.9,23.03,6.63,2,317,78,75,45,5,8,6
USER033,2025-07-31,7.63,35.9,33.1,3,93.0,23.73,4.13,2,233,90,71,76,10,6,4
USER033,2025-08-01,5.87,33.4,34.7,3,94.5,23.79,4.07,5,312,84,95,301,12,5,5
USER033,2025-08-02,7.01,14.7,26.0,5,97.5,24.69,5.62,1,326,89,96,129,0,5,5
USER033,2025-08-03,7.27,26.2,26.8,5,91.8,24.8,4.92,8,266,79,92,360,12,5,5
USER033,2025-08-04,8.7,23.5,26.1,2,94.7,23.59,4.2,0,313,62,68,104,18,7,5
USER033,2025-08-05,5.8,36.1,30.1,6,97.7,23.04,5.73,2,305,78,78,52,25,4,6
USER033,2025-08-06,5.65,24.5,22.6,1,93.8,23.11,2.78,3,387,65,90,76,11,2,6
USER033,2025-08-07,6.25,25.0,31.3,0,95.5,23.87,8.64,6,207,84,63,37,6,4,7
USER033,2025-08-08,7.76,25.5,35.8,4,92.4,23.74,5.99,0,315,86,76,114,3,3,6
USER033,2025-08-09,6.89,28.0,20.9,1,97.3,24.44,6.94,8,294,96,80,125,54,3,8
USER033,2025-08-10,7.53,31.1,30.4,2,94.7,25.44,4.92,2,319,80,95,100,2,5,6
USER033,2025-08-11,5.08,30.7,18.4,0,92.4,23.84,6.33,3,364,69,77,104,15,5,7
USER033,2025-08-12,6.08,19.2,32.1,3,92.9,23.7,4.01,5,296,94,79,88,38,2,5
USER033,2025-08-13,6.37,36.1,32.6,2,95.3,23.96,8.09,3,289,94,94,124,36,4,6
USER033,2025-08-14,5.36,34.8,33.3,4,88.9,23.72,4.42,2,334,62,75,121,13,3,6
USER033,2025-08-15,7.59,20.5,32.2,2,89.1,23.66,5.59,8,254,58,90,67,17,4,6
USER033,2025-08-16,9.9,30.6,29.2,2,95.8,25.47,2.41,0,376,62,63,54,28,2,6
USER033,2025-08-17,8.35,10.7,33.5,2,96.3,23.83,6.13,4,296,75,63,208,34,4,7
USER033,2025-08-18,6.48,21.7,24.9,3,90.3,23.44,6.18,1,349,81,100,52,9,4,7
USER033,2025-08-19,6.81,17.3,34.9,3,91.7,23.1,3.45,3,200,92,67,84,17,4,7
USER033,2025-08-20,5.01,14.6,25.1,1,95.5,23.97,5.3,1,292,81,75,130,34,2,5
USER033,2025-08-21,7.99,26.7,26.2,2,90.2,23.79,3.84,6,290,74,83,265,20,5,7
USER033,2025-08-22,7.17,27.1,30.7,2,93.9,23.73,3.53,3,273,80,80,31,31,6,5
USER033,2025-08-23,5.9,23.7,35.3,2,92.3,25.48,5.28,8,279,99,79,137,31,3,6
USER033,2025-08-24,8.63,25.3,19.4,0,97.9,25.28,3.88,2,322,90,88,316,44,3,2
USER033,2025-08-25,5.92,32.7,19.5,2,97.8,23.38,5.94,2,267,82,77,7,1,2,4
USER033,2025-08-26,7.14,20.4,33.1,2,95.6,23.3,4.63,7,203,100,99,134,10,1,5
USER033,2025-08-27,5.32,38.4,29.6,0,94.8,23.79,4.24,2,311,84,90,134,40,2,3
USER033,2025-08-28,6.35,25.6,25.6,1,97.2,23.13,7.4,4,322,95,86,80,20,3,6
USER033,2025-08-29,6.77,32.3,26.3,6,98.3,23.81,5.83,4,326,87,77,63,33,3,4
USER033,2025-08-30,7.89,35.0,30.6,4,97.7,23.95,3.43,1,312,84,82,147,6,6,7
USER033,2025-08-31,5.67,19.3,30.4,1,97.3,24.54,4.3,4,356,79,73,84,26,3,6
USER033,2025-09-01,4.32,26.9,27.1,2,93.2,23.46,6.12,0,291,53,68,212,0,3,5
USER033,2025-09-02,6.35,26.1,15.4,2,98.1,23.78,3.87,5,345,89,67,95,17,5,3
USER033,2025-09-03,7.08,12.5,29.3,3,92.2,23.84,6.5,3,280,73,84,94,0,4,6
USER033,2025-09-04,9.53,33.6,34.7,1,96.9,23.74,3.76,1,323,55,81,83,1,3,5
USER033,2025-09-05,6.39,41.9,31.3,2,91.3,23.86,3.52,4,238,72,89,175,16,4,6
USER033,2025-09-06,7.12,29.2,23.0,3,97.1,23.89,6.18,5,247,77,88,7,4,3,7
USER033,2025-09-07,7.4,28.7,22.9,1,96.1,25.36,7.3,3,262,61,75,86,9,5,6
USER033,2025-09-08,6.22,31.1,27.1,2,97.5,23.77,5.5,4,244,74,100,20,0,3,6
USER033,2025-09-09,6.74,24.9,30.9,2,95.9,23.91,5.65,5,273,77,98,49,0,4,7
USER033,2025-09-10,7.09,21.7,28.5,2,90.4,23.31,4.43,6,256,100,89,88,21,4,6
USER033,2025-09-11,7.17,23.2,30.2,3,83.9,23.98,6.2,9,277,81,75,24,0,3,7
USER033,2025-09-12,7.49,32.9,23.7,2,91.3,23.16,4.42,1,265,70,84,206,36,2,7
USER033,2025-09-13,6.94,37.3,22.1,1,98.9,24.95,5.08,3,270,81,73,109,5,5,7
USER033,2025-09-14,9.21,27.4,23.1,1,92.3,23.54,4.15,2,437,67,87,95,17,4,4
USER033,2025-09-15,4.33,24.2,17.6,2,94.1,23.92,0.7,0,439,57,53,129,6,8,8
USER033,2025-09-16,7.49,25.6,27.5,3,95.0,23.08,2.3,2,278,80,88,23,30,3,6
USER033,2025-09-17,6.68,25.4,30.7,2,97.5,23.81,4.78,3,201,82,73,42,4,3,6
USER033,2025-09-18,6.32,26.4,18.4,0,95.8,23.34,5.44,5,276,90,84,71,41,3,6
USER033,2025-09-19,5.61,32.8,39.4,3,96.3,23.58,3.97,2,306,93,88,185,2,5,4
USER033,2025-09-20,7.99,17.5,23.8,3,96.5,24.97,5.93,2,264,90,79,201,19,3,6
USER033,2025-09-21,8.08,18.2,32.8,2,92.1,24.82,3.62,5,269,71,44,72,13,6,5
USER033,2025-09-22,6.62,23.3,30.9,1,89.8,23.72,4.21,3,436,80,89,157,42,3,5
USER033,2025-09-23,7.05,21.4,35.8,1,91.0,23.63,5.28,7,246,84,88,207,8,4,6
USER033,2025-09-24,6.51,39.8,30.8,3,94.8,23.33,5.84,3,253,86,76,126,26,2,8
USER033,2025-09-25,5.96,38.7,27.0,1,93.6,23.97,6.34,6,235,83,78,47,91,4,3
USER033,2025-09-26,8.82,24.6,25.3,0,94.8,23.47,8.4,2,380,58,68,155,3,1,5
USER033,2025-09-27,7.41,16.4,17.6,2,99.6,25.14,7.97,4,225,100,80,31,18,5,6
USER033,2025-09-28,6.48,18.2,15.7,0,95.3,23.55,5.02,3,200,97,83,67,2,3,4
USER033,2025-09-29,5.66,22.1,28.6,1,97.9,23.57,7.29,2,325,87,76,51,15,5,5
USER033,2025-09-30,6.88,28.2,24.1,2,91.1,23.53,6.1,7,234,92,82,56,57,4,5
USER033,2025-10-01,8.57,33.0,27.8,0,90.1,23.61,5.41,1,302,63,68,52,10,4,3
USER033,2025-10-02,5.95,16.6,24.4,2,97.4,23.84,5.78,7,203,68,82,226,11,3,5
USER033,2025-10-03,7.6,36.4,26.3,0,97.9,23.52,4.44,0,285,78,100,103,4,4,6
USER033,2025-10-04,7.85,15.9,23.8,3,95.1,25.05,5.09,2,262,69,84,51,1,4,8
USER033,2025-10-05,8.37,14.4,23.3,0,98.1,25.19,6.17,1,339,76,79,76,11,4,5
USER033,2025-10-06,6.8,26.1,24.7,0,94.5,23.3,5.01,1,229,100,100,53,1,5,6
USER033,2025-10-07,7.3,33.2,24.6,3,85.8,23.73,2.38,1,302,85,100,142,43,2,4
USER033,2025-10-08,6.19,17.6,34.8,1,96.8,23.35,6.4,3,312,100,85,85,44,4,6
USER033,2025-10-09,5.29,23.0,24.2,1,95.5,23.91,7.0,3,304,77,82,5,4,3,7
USER033,2025-10-10,5.6,27.2,23.1,1,98.9,23.82,6.48,3,365,70,88,113,66,7,7
USER033,2025-10-11,7.43,26.9,32.0,2,92.0,25.17,5.93,4,301,82,85,19,27,3,5
USER033,2025-10-12,6.94,39.6,32.8,1,92.0,24.28,6.13,6,258,83,93,60,5,4,3
USER033,2025-10-13,6.16,17.0,27.3,3,85.3,23.12,5.38,2,302,77,85,75,11,6,4
USER033,2025-10-14,8.09,19.7,33.0,2,97.1,23.52,5.99,0,314,60,61,81,19,4,7
USER033,2025-10-15,8.11,18.8,27.9,1,89.1,23.97,6.22,2,278,56,93,44,10,2,6
USER033,2025-10-16,6.89,29.8,22.4,2,78.0,23.41,2.75,5,301,84,73,147,11,2,4
USER033,2025-10-17,6.98,35.7,33.3,2,82.0,23.3,6.62,3,281,84,86,24,1,1,4
USER033,2025-10-18,6.7,25.2,25.0,1,96.7,23.6,6.94,0,275,81,77,28,29,5,8
USER033,2025-10-19,7.37,36.6,21.9,3,90.0,24.6,8.08,5,200,75,80,56,16,2,8
USER033,2025-10-20,4.18,34.0,23.6,2,96.1,23.37,4.57,0,382,57,79,66,9,7,4
USER033,2025-10-21,6.4,15.1,17.0,1,89.4,23.2,5.59,3,200,72,100,156,4,5,8
USER033,2025-10-22,6.15,16.4,32.4,0,98.4,23.6,7.03,5,251,95,68,77,5,6,5
USER033,2025-10-23,4.42,26.4,26.1,0,93.4,23.7,4.29,1,347,60,63,161,11,4,4
USER033,2025-10-24,6.18,31.4,23.1,0,94.8,23.19,5.25,5,270,79,83,82,5,6,7
USER033,2025-10-25,9.94,27.5,26.6,1,86.8,24.54,6.15,0,376,57,64,65,1,4,5
USER033,2025-10-26,8.48,25.7,22.6,0,93.3,24.34,2.08,3,290,70,73,38,15,2,5
USER033,2025-10-27,8.74,25.2,24.8,5,97.4,23.43,2.29,4,285,68,55,61,4,3,6
USER033,2025-10-28,5.43,20.1,24.2,3,99.5,23.84,7.09,5,277,96,61,121,7,3,6
USER033,2025-10-29,8.82,18.0,29.7,0,97.8,23.35,4.61,1,377,79,58,85,44,5,5
USER033,2025-10-30,5.62,23.5,39.9,0,90.5,23.07,5.36,3,362,80,79,43,12,2,7
USER033,2025-10-31,5.59,35.5,28.8,1,96.7,23.26,3.71,3,286,85,85,77,6,4,6
USER033,2025-11-01,7.44,28.3,22.8,1,96.2,25.39,5.8,10,250,76,85,19,9,7,8
USER033,2025-11-02,7.68,23.4,27.0,1,98.5,25.15,3.3,6,320,81,70,29,3,2,7
USER033,2025-11-03,6.06,27.3,26.3,3,88.5,23.08,7.21,3,200,75,74,90,21,5,5
USER033,2025-11-04,8.14,19.0,24.0,2,97.2,23.38,5.8,6,268,61,87,225,4,3,6
USER033,2025-11-05,5.56,18.3,17.9,7,98.7,23.63,8.66,2,298,83,80,115,9,4,4
USER033,2025-11-06,7.53,17.9,34.0,2,95.8,23.48,5.43,3,260,64,77,49,29,5,4
USER034,2025-07-10,7.44,27.3,30.8,0,96.1,23.62,3.19,5,228,71,85,186,7,7,4
USER034,2025-07-11,6.92,24.6,32.6,2,93.9,23.37,8.02,2,251,77,85,123,48,6,6
USER034,2025-07-12,10.28,29.6,23.4,6,92.5,24.89,5.19,0,393,52,45,197,5,2,5
USER034,2025-07-13,7.91,19.3,29.7,3,92.1,25.04,6.05,1,250,64,73,41,0,3,7
USER034,2025-07-14,6.44,17.3,15.2,1,91.6,23.15,5.83,3,308,80,80,76,3,3,9
USER034,2025-07-15,7.95,37.1,28.4,1,91.6,23.37,5.21,4,285,75,57,26,31,3,4
USER034,2025-07-16,8.02,31.2,36.5,5,94.0,23.12,3.32,0,287,72,100,16,10,3,8
USER034,2025-07-17,6.87,26.9,33.8,4,93.8,23.1,7.75,8,200,70,75,79,8,5,5
USER034,2025-07-18,7.4,30.6,17.1,2,94.6,23.16,6.3,4,302,87,93,195,18,3,5
USER034,2025-07-19,8.35,16.2,26.7,0,92.2,24.02,5.18,0,298,73,65,14,17,4,5
USER034,2025-07-20,7.88,33.3,34.0,1,85.7,24.89,5.09,4,346,61,80,105,1,3,4
USER034,2025-07-21,5.66,26.0,30.9,1,91.3,23.74,5.88,6,293,68,73,91,6,4,7
USER034,2025-07-22,6.9,32.7,24.3,1,93.4,23.82,4.66,6,253,100,89,33,27,3,6
USER034,2025-07-23,5.58,24.3,33.6,2,94.3,23.88,4.79,3,319,68,90,222,12,5,3
USER034,2025-07-24,5.8,34.1,29.6,5,97.8,23.6,3.31,1,288,87,78,225,17,7,6
USER034,2025-07-25,5.76,32.2,26.7,3,96.0,23.67,4.28,2,304,79,84,115,1,4,4
USER034,2025-07-26,7.92,29.7,26.0,0,95.7,24.28,5.41,6,313,66,96,56,19,4,6
USER034,2025-07-27,9.16,31.2,29.1,0,95.3,25.4,4.94,1,332,75,67,80,16,6,4
USER034,2025-07-28,5.66,27.7,25.0,5,96.2,23.69,1.82,6,260,90,93,102,23,5,7
USER034,2025-07-29,6.89,15.2,18.2,3,93.6,23.3,5.97,2,345,96,73,19,11,6,5
USER034,2025-07-30,6.5,20.2,29.4,2,91.2,23.1,6.06,5,306,82,81,90,100,5,3
USER034,2025-07-31,6.07,26.6,36.9,2,94.7,23.71,4.58,4,306,82,72,223,11,2,4
USER034,2025-08-01,8.03,34.1,36.6,0,99.3,23.46,3.81,4,293,91,86,59,32,3,4
USER034,2025-08-02,8.0,26.0,30.5,1,97.8,23.67,6.54,2,357,86,74,28,14,2,6
USER034,2025-08-03,7.6,24.5,32.7,1,93.6,24.46,3.63,5,310,84,94,123,9,3,7
USER034,2025-08-04,7.2,42.3,26.3,3,91.9,23.91,9.02,4,238,92,70,182,76,3,6
USER034,2025-08-05,5.15,19.3,28.8,1,95.5,23.52,4.33,1,277,61,86,44,76,6,3
USER034,2025-08-06,6.7,26.4,33.4,1,93.2,23.1,3.14,6,204,78,66,74,8,4,7
USER034,2025-08-07,7.8,15.1,27.0,2,86.0,23.62,5.31,2,445,69,53,67,33,5,6
USER034,2025-08-08,8.05,37.0,19.7,2,97.2,23.69,3.42,2,351,72,81,49,37,3,6
USER034,2025-08-09,6.47,27.9,21.7,2,95.7,25.29,5.64,4,310,90,77,5,6,3,6
USER034,2025-08-10,8.3,17.7,30.7,3,90.4,24.73,8.06,1,290,69,86,80,23,3,5
USER034,2025-08-11,7.69,25.8,24.1,1,92.2,23.44,9.2,3,358,72,87,192,6,1,7
USER034,2025-08-12,6.93,20.0,25.8,4,96.7,23.4,6.36,11,254,100,79,76,12,6,7
USER034,2025-08-13,7.89,34.1,26.1,0,92.0,23.79,7.21,6,283,95,82,59,8,2,8
USER034,2025-08-14,6.83,24.8,24.6,2,94.4,23.86,8.54,3,221,100,94,45,29,3,7
USER034,2025-08-15,7.16,20.0,29.5,2,91.4,23.71,4.86,4,222,86,87,89,24,5,8
USER034,2025-08-16,8.89,41.1,25.1,0,98.2,24.67,6.82,0,349,83,83,107,45,3,5
USER034,2025-08-17,7.67,19.6,33.1,0,90.5,24.96,2.51,3,257,83,71,120,48,5,4
USER034,2025-08-18,7.65,29.6,28.9,2,93.6,23.22,4.49,3,314,82,72,86,10,3,7
USER034,2025-08-19,6.64,32.7,32.9,3,87.7,23.74,3.91,0,213,91,90,236,3,4,7
USER034,2025-08-20,5.57,38.5,29.9,2,88.2,23.83,4.93,3,200,76,93,45,9,7,6
USER034,2025-08-21,7.77,22.6,34.9,0,94.6,23.14,5.16,2,293,64,74,2,39,3,4
USER034,2025-08-22,4.18,36.0,25.2,2,94.7,23.1,3.25,0,398,50,78,103,3,4,3
USER034,2025-08-23,6.21,17.1,27.9,0,97.8,24.08,4.46,6,329,78,77,107,3,3,5
USER034,2025-08-24,8.1,19.2,27.9,1,97.7,24.53,3.05,2,312,74,67,42,41,4,1
USER034,2025-08-25,5.49,26.8,37.8,1,92.8,23.58,7.49,2,328,83,88,14,42,4,5
USER034,2025-08-26,6.85,23.9,23.2,1,99.1,23.85,8.37,2,288,100,98,123,22,5,6
USER034,2025-08-27,6.23,25.6,14.9,1,92.0,23.42,7.42,6,257,96,72,40,35,3,6
USER034,2025-08-28,6.68,32.4,32.7,4,96.3,23.43,5.47,0,217,100,81,32,3,4,6
USER034,2025-08-29,5.43,24.3,25.2,0,95.1,23.77,4.59,3,327,77,87,230,0,5,6
USER034,2025-08-30,7.6,21.2,33.3,0,83.3,25.49,7.59,5,200,93,61,134,41,6,8
USER034,2025-08-31,7.45,24.9,27.1,2,98.3,24.74,7.86,3,339,55,77,211,12,4,5
USER034,2025-09-01,4.23,12.9,27.9,0,88.6,23.49,4.69,1,378,44,54,395,7,2,7
USER034,2025-09-02,7.41,33.3,29.6,2,95.5,23.9,5.25,4,261,66,83,104,19,4,5
USER034,2025-09-03,6.42,12.1,24.5,1,99.5,23.26,4.11,2,273,86,85,20,5,2,5
USER034,2025-09-04,6.11,23.9,20.8,1,97.8,23.43,5.4,7,220,84,91,78,17,5,7
USER034,2025-09-05,9.0,22.4,30.3,1,90.7,23.21,4.1,3,342,81,74,63,29,5,5
USER034,2025-09-06,6.23,21.3,35.6,2,89.3,24.94,4.32,1,225,69,68,168,16,3,6
USER034,2025-09-07,7.62,27.1,28.8,3,88.6,24.19,4.42,4,269,72,62,69,26,4,7
USER034,2025-09-08,5.02,16.7,27.2,1,91.6,23.85,2.49,2,360,73,87,357,3,4,6
USER034,2025-09-09,7.33,18.8,25.3,3,90.0,23.82,5.94,5,244,86,83,84,24,2,3
USER034,2025-09-10,6.42,39.1,34.7,4,96.9,23.4,3.05,3,297,94,97,37,26,4,5
USER034,2025-09-11,8.37,16.3,22.8,1,92.0,23.54,4.69,3,383,86,95,43,10,5,6
USER034,2025-09-12,6.85,36.1,27.9,1,98.0,23.0,5.88,7,287,98,98,83,19,2,7
USER034,2025-09-13,8.6,29.4,14.9,2,92.0,24.13,3.69,1,319,68,97,161,12,3,4
USER034,2025-09-14,7.93,29.4,24.8,4,88.5,25.26,6.21,2,326,85,89,47,6,3,3
USER034,2025-09-15,8.32,21.6,25.9,2,90.1,23.64,5.76,2,228,62,80,83,63,6,7
USER034,2025-09-16,8.08,33.9,36.5,2,93.2,23.4,4.18,1,306,76,61,44,13,2,5
USER034,2025-09-17,6.76,31.4,29.5,1,95.5,23.9,5.39,4,272,83,100,95,12,2,7
USER034,2025-09-18,8.75,28.3,22.8,2,90.1,23.61,5.05,4,337,70,89,172,16,6,5
USER034,2025-09-19,7.16,31.0,31.1,2,98.5,23.42,4.05,4,317,89,91,27,3,4,6
USER034,2025-09-20,6.9,18.0,24.7,0,97.5,24.89,4.12,4,259,74,85,241,16,4,5
USER034,2025-09-21,7.11,33.6,36.2,0,96.4,23.81,6.57,3,224,83,84,41,67,3,6
USER034,2025-09-22,7.23,30.1,15.4,4,98.9,23.12,5.11,1,233,78,92,116,18,3,4
USER034,2025-09-23,5.18,24.4,27.5,2,94.6,23.95,3.27,5,336,76,86,94,2,5,4
USER034,2025-09-24,8.07,36.9,20.0,3,97.1,23.2,3.21,2,305,72,61,42,2,1,6
USER034,2025-09-25,5.85,21.7,22.6,3,98.3,23.43,1.96,6,274,77,70,261,22,3,4
USER034,2025-09-26,5.58,22.4,31.5,1,94.1,23.16,4.06,3,224,74,55,68,0,4,4
USER034,2025-09-27,7.74,30.5,30.7,3,96.0,24.12,5.76,5,354,85,72,153,0,2,8
USER034,2025-09-28,6.65,32.3,33.0,4,84.3,24.6,6.39,5,200,90,74,78,29,3,5
USER034,2025-09-29,5.98,22.4,18.1,4,92.8,23.23,6.71,4,326,78,81,107,7,3,4
USER034,2025-09-30,6.52,26.3,22.1,0,94.0,23.61,4.62,3,311,74,67,258,15,4,4
USER034,2025-10-01,9.16,27.6,28.8,5,98.7,23.27,4.29,1,387,79,66,59,22,5,6
USER034,2025-10-02,5.84,21.0,23.0,5,97.9,23.47,5.1,7,364,69,86,55,16,4,6
USER034,2025-10-03,6.15,23.1,27.3,0,96.5,23.99,7.54,3,266,98,70,62,2,2,7
USER034,2025-10-04,7.8,33.1,30.8,0,95.3,25.43,5.96,4,356,67,75,67,14,8,7
USER034,2025-10-05,8.29,19.8,26.1,1,99.0,23.71,4.56,1,274,78,74,122,18,7,8
USER034,2025-10-06,5.78,23.6,24.4,1,95.4,23.88,6.43,3,227,68,89,30,21,3,6
USER034,2025-10-07,5.22,37.1,24.9,4,93.9,23.41,6.41,2,299,73,87,69,4,4,4
USER034,2025-10-08,6.62,14.6,38.7,1,99.3,23.87,2.65,6,200,88,83,53,3,4,6
USER034,2025-10-09,4.84,20.5,26.4,3,94.6,23.04,4.91,1,276,72,80,81,24,6,4
USER034,2025-10-10,6.94,33.1,24.1,2,93.8,23.15,8.0,5,318,73,94,19,40,3,4
USER034,2025-10-11,7.06,35.6,29.3,2,87.4,23.56,0.69,4,288,83,58,191,20,5,5
USER034,2025-10-12,8.39,29.1,28.9,3,97.2,25.37,5.27,2,319,72,71,34,55,5,6
USER034,2025-10-13,5.13,24.7,25.6,3,97.4,23.58,4.12,1,239,79,78,45,21,5,5
USER034,2025-10-14,5.97,26.5,33.3,2,95.2,23.66,3.3,5,295,83,91,79,3,1,6
USER034,2025-10-15,6.17,26.3,26.8,2,91.3,23.45,7.22,5,259,83,66,44,33,8,5
USER034,2025-10-16,8.44,24.4,22.0,2,89.5,23.18,4.18,3,332,73,84,131,43,3,7
USER034,2025-10-17,7.04,31.4,35.5,1,95.2,23.71,7.21,5,262,74,96,179,8,3,5
USER034,2025-10-18,5.9,21.7,19.7,2,87.4,24.14,6.49,5,436,98,62,108,5,3,7
USER034,2025-10-19,8.38,31.3,20.5,0,96.1,25.33,4.33,2,260,64,77,62,33,3,6
USER034,2025-10-20,6.15,18.8,27.3,5,90.4,23.06,5.63,7,277,77,82,108,13,5,5
USER034,2025-10-21,5.63,34.0,23.0,1,99.5,23.59,6.25,1,235,64,84,86,14,3,4
USER034,2025-10-22,8.36,23.0,26.9,1,89.8,23.34,3.43,0,256,65,88,226,14,1,4
USER034,2025-10-23,6.06,39.2,18.4,1,87.2,23.06,5.54,3,328,83,91,158,17,4,5
USER034,2025-10-24,5.66,18.8,24.1,2,89.0,23.9,6.89,4,331,69,73,111,5,4,6
USER034,2025-10-25,7.85,35.5,35.2,5,94.9,25.26,6.15,2,341,78,73,66,7,7,7
USER034,2025-10-26,6.76,36.7,28.7,1,90.4,25.26,4.3,4,204,73,100,112,3,3,7
USER034,2025-10-27,7.42,19.4,27.2,3,97.2,23.17,3.97,2,200,85,100,104,19,3,6
USER034,2025-10-28,8.04,21.1,31.0,3,99.9,23.77,5.56,4,241,86,97,286,5,5,5
USER034,2025-10-29,5.78,27.2,33.8,2,98.2,23.13,4.45,3,358,81,79,86,17,8,7
USER034,2025-10-30,6.32,19.9,23.3,1,94.7,23.54,4.93,5,258,88,60,143,20,3,5
USER034,2025-10-31,5.69,16.6,29.6,1,96.3,23.18,4.02,2,258,76,78,134,1,4,3
USER034,2025-11-01,8.58,22.4,25.4,0,91.9,24.8,1.64,2,302,78,93,35,23,6,5
USER034,2025-11-02,6.61,24.0,16.5,2,96.3,23.79,6.5,2,261,100,95,366,17,4,7
USER034,2025-11-03,5.88,29.1,25.0,0,98.7,23.7,5.69,2,240,97,89,12,10,4,6
USER034,2025-11-04,7.71,22.8,23.3,0,85.1,23.6,2.85,2,259,73,87,218,18,7,6
USER034,2025-11-05,6.36,29.8,21.8,3,97.7,23.8,6.64,6,319,73,100,13,35,3,4
USER034,2025-11-06,6.28,17.2,28.5,1,95.8,23.31,5.22,4,203,97,69,107,18,3,4
USER035,2025-07-10,5.0,23.5,14.9,2,97.6,23.37,4.96,2,396,65,58,22,29,1,3
USER035,2025-07-11,8.18,30.8,32.8,2,94.6,23.93,4.83,4,315,74,100,23,26,2,8
USER035,2025-07-12,6.62,20.2,36.9,2,97.2,24.33,5.23,0,346,72,84,116,2,2,4
USER035,2025-07-13,11.05,28.0,20.2,3,91.5,24.1,4.39,0,433,53,66,143,7,2,6
USER035,2025-07-14,6.13,40.8,28.2,2,93.9,23.27,3.51,1,314,47,100,148,19,3,5
USER035,2025-07-15,6.46,21.8,29.9,2,91.0,23.63,3.41,3,239,85,72,67,4,2,6
USER035,2025-07-16,7.6,15.2,26.0,2,97.0,23.75,6.8,5,296,83,100,65,1,6,5
USER035,2025-07-17,7.74,20.3,38.2,0,97.9,23.95,5.3,10,231,89,75,17,4,5,7
USER035,2025-07-18,8.01,19.1,32.1,2,93.2,23.39,4.69,5,260,73,70,8,6,4,6
USER035,2025-07-19,8.52,31.1,23.0,4,94.4,24.05,4.2,3,285,66,78,13,67,2,4
USER035,2025-07-20,8.59,26.1,23.9,2,98.9,25.02,6.48,5,235,95,68,104,3,2,5
USER035,2025-07-21,6.59,38.5,22.8,2,93.8,23.34,4.84,3,301,81,74,51,7,4,4
USER035,2025-07-22,6.97,22.7,16.5,2,93.9,23.77,5.74,1,309,62,65,196,0,5,5
USER035,2025-07-23,7.34,19.7,21.1,5,96.0,23.52,6.72,2,317,100,100,141,38,2,7
USER035,2025-07-24,6.78,22.2,22.5,2,94.2,23.07,5.84,4,339,80,96,129,43,7,8
USER035,2025-07-25,6.99,24.4,18.7,2,89.0,23.19,5.71,0,207,89,96,23,8,2,5
USER035,2025-07-26,9.02,39.1,36.5,4,93.2,24.45,4.8,3,405,77,73,194,5,5,4
USER035,2025-07-27,9.79,22.4,27.1,2,96.4,23.89,4.24,1,297,54,53,217,8,2,6
USER035,2025-07-28,7.14,37.2,26.1,4,88.3,23.89,2.61,2,243,90,92,150,14,6,4
USER035,2025-07-29,4.96,30.5,24.4,5,91.3,23.83,4.43,0,341,40,74,81,14,6,4
USER035,2025-07-30,9.57,19.5,16.7,0,92.8,23.92,3.88,0,293,62,77,289,2,4,6
USER035,2025-07-31,7.59,29.8,29.5,3,94.6,23.57,4.93,0,291,90,74,114,3,6,5
USER035,2025-08-01,7.72,16.1,33.9,1,99.3,23.28,7.24,5,368,69,68,322,9,2,3
USER035,2025-08-02,8.48,17.8,31.3,3,86.7,24.62,5.25,3,246,71,94,35,25,6,6
USER035,2025-08-03,8.37,25.5,32.2,0,92.4,24.84,6.04,1,306,83,74,132,35,5,7
USER035,2025-08-04,7.13,17.2,33.1,1,93.4,23.55,6.15,3,312,99,95,55,50,5,5
USER035,2025-08-05,6.87,21.2,27.6,2,96.0,23.27,3.11,2,255,75,89,15,18,2,6
USER035,2025-08-06,8.22,17.4,27.3,2,98.3,23.44,5.18,6,237,78,81,61,3,3,5
USER035,2025-08-07,5.39,15.2,30.7,4,98.5,23.68,4.93,1,266,57,53,36,0,2,6
USER035,2025-08-08,6.03,18.2,40.2,2,98.9,23.1,6.52,2,349,65,76,117,0,6,5
USER035,2025-08-09,9.03,20.8,23.8,3,92.1,23.76,5.99,4,354,78,72,131,12,4,2
USER035,2025-08-10,8.39,22.8,31.1,2,96.8,23.92,3.91,2,308,82,86,100,28,7,3
USER035,2025-08-11,6.36,30.5,21.6,1,97.2,23.42,4.37,3,310,74,71,137,16,5,8
USER035,2025-08-12,8.07,25.1,29.9,0,98.0,23.02,6.18,4,339,84,83,167,21,4,9
USER035,2025-08-13,7.87,33.6,15.3,6,98.0,23.94,4.49,1,324,89,100,210,85,2,6
USER035,2025-08-14,8.01,29.5,24.5,1,91.9,23.31,5.92,3,334,79,89,74,6,2,6
USER035,2025-08-15,7.14,33.6,34.1,3,89.3,23.78,3.31,6,307,79,71,11,1,1,3
USER035,2025-08-16,7.62,16.8,26.6,1,90.4,24.78,6.37,4,287,82,90,134,8,3,5
USER035,2025-08-17,8.93,22.4,37.1,2,89.7,24.63,1.43,4,326,78,60,13,3,6,4
USER035,2025-08-18,7.13,19.4,20.8,2,96.9,23.97,4.13,4,277,100,100,77,16,6,6
USER035,2025-08-19,6.54,31.2,26.3,1,88.7,23.06,8.12,3,294,88,68,61,1,4,6
USER035,2025-08-20,5.73,27.9,29.8,1,95.0,23.34,5.78,3,279,64,59,51,12,4,6
USER035,2025-08-21,7.03,27.6,21.9,2,99.6,23.99,6.77,6,200,92,100,112,10,4,7
USER035,2025-08-22,7.49,18.9,25.8,2,92.2,23.76,5.26,4,329,76,95,42,29,4,6
USER035,2025-08-23,7.2,21.5,29.5,2,96.7,23.92,6.15,1,207,92,90,157,5,2,6
USER035,2025-08-24,5.66,27.0,29.8,4,91.6,23.85,5.56,1,326,55,70,114,0,4,6
USER035,2025-08-25,6.08,19.3,29.0,2,90.2,23.47,4.24,4,324,87,92,128,43,3,5
USER035,2025-08-26,6.23,29.3,24.3,3,98.3,23.2,5.58,3,322,82,69,91,2,2,5
USER035,2025-08-27,6.86,29.1,22.7,6,95.7,23.62,9.75,4,315,86,88,19,2,5,6
USER035,2025-08-28,6.23,14.4,22.0,0,96.8,23.87,5.13,3,375,70,76,94,2,3,7
USER035,2025-08-29,7.89,24.5,27.6,1,95.0,23.98,6.48,2,207,91,89,67,37,5,6
USER035,2025-08-30,9.5,19.3,40.4,0,90.4,23.5,5.39,0,200,82,84,172,44,2,4
USER035,2025-08-31,7.27,18.1,18.3,4,89.5,23.86,4.22,3,250,79,95,67,0,2,7
USER035,2025-09-01,8.02,20.8,32.1,5,98.9,23.68,6.03,7,212,87,99,149,80,6,5
USER035,2025-09-02,9.13,20.7,29.2,1,90.4,23.28,6.18,2,301,58,67,21,41,4,4
USER035,2025-09-03,7.98,26.6,29.6,1,95.7,23.19,6.69,2,332,76,87,73,27,4,6
USER035,2025-09-04,6.54,28.5,29.8,3,96.5,23.76,3.99,2,316,72,72,268,27,3,6
USER035,2025-09-05,6.55,19.6,21.9,1,97.1,23.57,5.41,5,287,73,87,104,4,4,5
USER035,2025-09-06,8.48,21.9,26.1,1,87.4,25.12,5.37,0,255,74,76,67,23,2,4
USER035,2025-09-07,8.54,32.9,27.2,1,97.6,24.27,5.81,2,256,92,89,211,59,2,5
USER035,2025-09-08,7.31,34.9,27.1,3,94.4,23.18,4.63,7,215,69,85,145,16,2,3
USER035,2025-09-09,7.19,23.3,36.1,3,95.0,23.0,3.52,8,368,83,90,126,10,4,5
USER035,2025-09-10,4.61,21.8,33.7,1,95.5,23.18,3.89,0,356,63,55,94,21,4,5
USER035,2025-09-11,7.31,19.6,27.2,1,86.1,23.48,5.69,3,284,82,92,255,10,5,8
USER035,2025-09-12,8.73,31.7,21.6,1,85.3,23.4,5.33,1,290,68,59,168,1,4,6
USER035,2025-09-13,6.17,34.0,28.9,0,90.7,24.74,3.86,3,279,74,89,16,4,4,5
USER035,2025-09-14,8.4,38.6,28.8,0,93.4,24.93,4.0,1,356,93,90,151,12,5,4
USER035,2025-09-15,6.49,19.9,31.7,1,95.6,23.18,6.42,5,254,82,74,243,1,5,4
USER035,2025-09-16,4.9,21.3,27.8,2,96.9,23.69,2.81,0,329,58,67,33,22,4,6
USER035,2025-09-17,7.09,32.0,25.1,3,95.2,23.99,5.81,1,229,95,93,135,30,4,6
USER035,2025-09-18,7.23,25.6,28.9,2,96.4,23.55,6.81,6,233,73,88,87,14,4,7
USER035,2025-09-19,7.94,22.7,21.8,2,95.9,23.42,5.33,1,333,69,77,558,21,6,7
USER035,2025-09-20,8.15,26.8,39.1,1,98.5,24.33,5.61,5,394,64,100,151,3,5,7
USER035,2025-09-21,7.77,26.5,22.5,1,96.2,23.9,6.36,5,225,79,90,146,14,2,5
USER035,2025-09-22,7.23,33.0,16.3,3,98.9,23.04,2.67,4,230,98,85,42,12,4,7
USER035,2025-09-23,6.95,17.0,38.0,3,94.1,23.84,6.92,4,293,75,97,66,8,5,5
USER035,2025-09-24,7.59,22.6,22.9,3,97.6,23.13,3.72,3,268,80,78,70,37,4,4
USER035,2025-09-25,9.15,27.8,27.9,4,92.2,23.09,5.4,0,288,59,100,222,23,3,4
USER035,2025-09-26,6.12,16.7,16.4,1,84.6,23.51,4.79,3,347,74,65,92,4,3,8
USER035,2025-09-27,8.85,30.6,21.8,2,95.7,23.53,5.65,5,322,83,71,46,0,5,3
USER035,2025-09-28,8.63,40.0,22.8,5,98.1,24.91,6.61,3,278,69,71,174,12,2,4
USER035,2025-09-29,6.0,29.7,27.9,3,92.9,23.4,4.11,3,243,95,87,211,14,2,7
USER035,2025-09-30,7.13,31.6,21.8,1,96.4,23.41,5.03,4,215,64,75,45,56,5,6
USER035,2025-10-01,6.63,32.6,30.2,1,98.4,23.93,6.55,2,337,59,100,78,8,2,5
USER035,2025-10-02,7.07,22.4,36.1,2,92.6,23.84,5.7,4,274,78,83,160,106,1,4
USER035,2025-10-03,6.95,20.9,15.7,1,93.0,23.6,7.22,5,330,95,93,80,14,4,6
USER035,2025-10-04,7.99,23.5,26.3,1,92.1,24.43,9.05,6,341,82,79,48,13,4,6
USER035,2025-10-05,8.21,13.3,34.2,2,94.4,24.5,6.24,9,355,83,81,162,0,5,4
USER035,2025-10-06,7.52,32.0,21.9,2,94.9,23.98,5.88,3,274,81,86,139,16,5,7
USER035,2025-10-07,7.35,20.7,27.9,1,90.8,23.41,6.4,5,354,93,76,84,13,5,6
USER035,2025-10-08,8.1,28.5,29.6,3,92.5,23.61,5.59,4,324,71,82,46,27,4,3
USER035,2025-10-09,6.1,22.1,23.5,2,96.8,23.24,7.2,3,302,94,70,152,103,2,6
USER035,2025-10-10,6.59,13.5,39.2,0,88.7,23.74,3.12,5,319,92,71,179,19,4,7
USER035,2025-10-11,9.33,20.4,23.3,1,96.3,24.94,2.85,2,261,55,92,91,36,2,7
USER035,2025-10-12,8.01,15.1,22.1,1,93.3,24.05,4.83,3,374,56,84,150,16,2,4
USER035,2025-10-13,7.53,17.1,24.7,3,96.7,23.09,5.76,8,212,81,71,30,58,4,2
USER035,2025-10-14,7.17,18.7,30.6,2,98.6,23.6,7.23,3,223,92,74,94,2,2,5
USER035,2025-10-15,10.28,22.9,32.9,1,97.3,23.03,3.31,1,310,71,60,114,1,2,3
USER035,2025-10-16,6.68,26.3,25.8,0,97.1,23.08,5.61,2,357,88,82,5,72,5,3
USER035,2025-10-17,5.17,18.4,31.9,2,93.6,23.0,7.43,1,343,60,61,24,24,5,6
USER035,2025-10-18,8.4,16.1,38.2,3,93.7,25.47,4.79,4,238,85,86,172,4,6,6
USER035,2025-10-19,7.73,26.8,30.4,4,89.2,23.98,5.46,2,282,77,100,180,8,3,5
USER035,2025-10-20,6.38,24.9,23.7,2,98.4,24.0,3.32,2,247,79,100,171,18,4,7
USER035,2025-10-21,6.84,16.7,27.8,1,98.0,23.92,6.62,2,200,91,66,130,20,3,5
USER035,2025-10-22,6.91,22.8,28.6,0,93.1,23.91,5.63,4,200,90,92,114,120,2,5
USER035,2025-10-23,6.81,20.7,30.5,1,94.1,23.67,5.84,1,297,96,90,157,3,3,2
USER035,2025-10-24,5.63,16.7,27.9,0,96.3,23.32,4.25,4,401,70,49,89,30,5,7
USER035,2025-10-25,8.17,37.7,23.6,5,87.2,24.05,8.13,2,201,93,57,99,30,2,7
USER035,2025-10-26,9.65,21.8,35.0,0,92.1,25.23,3.39,2,324,65,86,33,47,6,5
USER035,2025-10-27,9.18,25.7,29.0,3,96.0,23.78,4.36,4,364,61,76,37,6,2,6
USER035,2025-10-28,8.06,22.2,37.5,4,94.5,23.75,3.71,5,211,72,85,117,3,5,7
USER035,2025-10-29,7.57,18.1,25.6,3,89.2,23.69,5.3,6,321,73,87,94,40,2,5
USER035,2025-10-30,6.93,24.0,26.4,3,94.8,23.04,8.43,6,229,90,87,30,26,3,6
USER035,2025-10-31,6.99,32.5,35.1,2,90.4,23.37,7.13,4,251,88,100,50,2,3,5
USER035,2025-11-01,7.96,35.2,37.1,1,96.8,24.14,6.95,4,264,94,95,33,17,2,5
USER035,2025-11-02,8.41,37.0,36.5,2,97.9,24.22,3.33,1,309,76,77,189,35,5,6
USER035,2025-11-03,9.72,31.7,33.2,0,95.8,23.08,3.91,1,366,77,72,73,5,6,3
USER035,2025-11-04,6.92,20.4,20.7,4,97.1,23.7,7.15,7,279,78,70,218,14,3,6
USER035,2025-11-05,7.62,25.1,25.8,4,91.9,23.58,6.59,5,238,78,100,110,25,4,5
USER035,2025-11-06,7.35,34.9,27.8,5,91.1,23.78,5.58,4,238,83,92,34,17,4,8
USER036,2025-07-10,7.58,18.0,32.1,1,90.6,0.92,6.48,4,326,62,87,310,0,3,7
USER036,2025-07-11,8.08,26.4,19.4,1,94.1,0.59,7.05,2,286,87,74,30,6,3,8
USER036,2025-07-12,9.69,24.4,20.5,2,96.4,2.46,3.42,1,349,82,69,143,15,5,5
USER036,2025-07-13,11.42,23.4,20.8,1,90.4,1.31,2.38,0,379,59,56,183,3,4,6
USER036,2025-07-14,8.31,33.1,21.3,2,91.0,1.02,3.22,4,319,76,100,51,22,4,7
USER036,2025-07-15,6.78,17.0,18.7,1,92.7,1.33,7.24,3,324,64,75,80,35,4,5
USER036,2025-07-16,9.2,23.3,35.4,4,95.3,1.21,6.49,1,221,62,79,12,56,1,7
USER036,2025-07-17,6.31,32.4,28.0,1,96.5,0.96,5.11,1,396,79,83,33,30,5,3
USER036,2025-07-18,8.44,21.7,13.7,1,90.9,1.15,5.67,7,214,96,93,70,49,6,7
USER036,2025-07-19,7.96,26.4,21.4,2,88.6,1.28,5.92,7,278,78,80,117,7,3,5
USER036,2025-07-20,9.53,26.3,34.9,1,83.6,2.02,5.1,1,332,79,77,79,7,6,2
USER036,2025-07-21,4.12,25.1,30.6,4,96.2,0.57,4.45,1,368,31,65,28,8,5,7
USER036,2025-07-22,6.55,19.3,25.3,5,99.2,0.86,5.96,4,266,76,66,40,27,5,7
USER036,2025-07-23,7.25,23.4,17.9,1,95.8,1.49,5.63,3,301,75,84,198,6,2,5
USER036,2025-07-24,8.13,42.3,32.5,2,90.4,1.48,9.38,6,263,91,74,105,18,4,5
USER036,2025-07-25,7.29,28.1,25.6,1,90.5,1.07,5.0,7,331,79,91,431,55,7,6
USER036,2025-07-26,9.7,16.0,20.4,1,87.3,1.17,1.48,2,356,94,64,150,2,3,5
USER036,2025-07-27,9.76,38.2,36.1,3,92.1,1.12,4.74,0,403,70,80,110,1,2,6
USER036,2025-07-28,5.12,37.9,29.9,3,89.4,1.43,5.72,0,337,82,69,164,34,3,5
USER036,2025-07-29,6.42,14.7,30.8,4,98.3,0.7,4.82,3,264,75,76,19,12,3,5
USER036,2025-07-30,7.45,17.8,23.4,6,93.3,1.28,5.39,2,336,81,84,84,1,3,6
USER036,2025-07-31,6.8,30.4,16.1,2,97.8,1.12,6.76,1,300,81,75,193,56,7,9
USER036,2025-08-01,6.81,28.1,19.9,3,88.1,1.25,4.27,6,242,80,69,247,0,3,4
USER036,2025-08-02,8.13,14.4,23.8,1,90.7,2.26,6.16,8,263,83,73,133,28,4,5
USER036,2025-08-03,10.49,28.7,37.3,2,97.3,1.84,3.7,0,403,62,57,73,4,2,7
USER036,2025-08-04,7.71,35.2,31.4,2,97.2,1.47,7.27,8,237,85,87,26,32,3,5
USER036,2025-08-05,6.91,26.6,20.7,1,93.0,0.86,7.84,4,233,76,90,218,3,4,6
USER036,2025-08-06,5.68,38.1,24.7,2,97.1,1.01,2.64,2,290,62,67,26,7,7,5
USER036,2025-08-07,7.7,24.1,31.5,4,89.2,1.27,4.83,3,323,80,66,72,14,2,6
USER036,2025-08-08,7.32,21.0,33.1,2,93.4,1.09,7.82,5,327,88,96,126,19,2,6
USER036,2025-08-09,9.06,25.8,34.3,2,91.9,2.94,4.98,1,354,72,81,32,8,6,8
USER036,2025-08-10,9.32,27.9,34.3,1,96.2,1.98,6.2,0,356,51,84,120,42,6,4
USER036,2025-08-11,8.06,20.9,23.9,3,99.8,0.82,5.16,2,331,92,100,94,3,4,8
USER036,2025-08-12,8.2,33.0,32.4,0,87.4,1.06,7.8,2,344,89,96,122,13,3,8
USER036,2025-08-13,7.15,34.3,20.1,3,98.7,0.52,3.78,9,306,82,74,192,13,2,5
USER036,2025-08-14,7.08,14.4,30.8,2,90.8,1.11,6.36,6,316,94,83,104,1,7,5
USER036,2025-08-15,7.64,13.4,24.1,2,91.1,1.4,5.45,4,263,90,97,26,7,5,4
USER036,2025-08-16,7.44,23.5,22.2,2,91.0,2.24,7.1,4,223,75,83,35,0,2,6
USER036,2025-08-17,6.59,29.2,35.3,3,93.8,2.94,6.74,4,373,77,85,73,8,7,8
USER036,2025-08-18,10.05,37.1,23.9,1,93.9,1.16,4.88,1,356,81,71,91,0,3,2
USER036,2025-08-19,7.6,16.5,20.6,2,92.4,1.33,3.91,0,200,96,77,375,3,3,6
USER036,2025-08-20,9.32,13.8,34.0,0,94.8,0.97,5.09,1,247,88,74,41,0,2,7
USER036,2025-08-21,7.03,20.9,32.5,2,96.9,1.15,6.2,5,241,78,84,107,8,3,6
USER036,2025-08-22,6.9,19.8,23.5,1,93.3,1.08,4.65,5,300,78,75,74,1,4,8
USER036,2025-08-23,8.84,17.7,23.4,4,93.1,1.47,2.26,2,305,83,87,167,35,3,6
USER036,2025-08-24,8.88,22.5,30.9,3,95.6,1.73,5.29,2,267,69,88,39,17,3,6
USER036,2025-08-25,7.21,27.0,25.8,0,96.8,0.73,4.69,6,338,82,59,57,31,4,8
USER036,2025-08-26,6.04,22.0,16.5,3,95.8,0.56,5.46,1,333,88,58,157,0,3,5
USER036,2025-08-27,7.82,22.0,22.6,2,97.0,1.45,6.12,5,200,89,66,153,1,6,3
USER036,2025-08-28,6.44,17.7,27.2,2,96.3,1.21,6.7,0,200,80,81,69,18,4,8
USER036,2025-08-29,8.57,40.9,32.6,2,90.7,1.04,5.63,3,237,76,76,23,7,6,6
USER036,2025-08-30,8.71,23.6,28.0,6,93.4,1.22,5.12,1,288,71,86,92,37,3,7
USER036,2025-08-31,6.97,17.6,31.2,1,98.0,2.72,4.69,3,257,61,78,58,32,4,7
USER036,2025-09-01,7.18,20.9,28.6,2,94.0,1.04,7.16,2,323,78,69,7,43,5,8
USER036,2025-09-02,6.72,20.7,28.9,1,87.8,1.02,5.88,3,312,85,93,311,26,4,4
USER036,2025-09-03,8.38,33.8,25.8,0,93.1,0.93,5.99,6,332,84,87,25,63,3,4
USER036,2025-09-04,8.05,36.7,31.2,3,96.8,0.87,4.88,2,200,89,98,113,20,2,5
USER036,2025-09-05,8.12,16.3,19.4,1,92.1,1.2,4.22,4,215,85,79,127,25,4,8
USER036,2025-09-06,6.56,25.9,18.8,2,97.2,1.32,7.18,2,349,82,62,75,16,5,5
USER036,2025-09-07,9.49,16.6,26.1,3,86.9,2.36,3.14,3,340,82,61,69,3,3,7
USER036,2025-09-08,7.44,25.6,23.9,2,96.9,1.41,6.37,3,349,82,100,131,12,4,3
USER036,2025-09-09,5.46,27.4,26.9,2,96.7,0.89,4.56,0,259,66,66,72,34,1,6
USER036,2025-09-10,9.46,22.4,26.3,0,96.0,0.83,6.23,0,297,62,69,105,20,5,5
USER036,2025-09-11,7.0,25.8,24.5,3,93.2,1.47,6.82,3,306,91,96,72,28,4,6
USER036,2025-09-12,7.98,28.4,24.8,3,95.8,0.74,6.45,6,240,83,100,67,14,4,5
USER036,2025-09-13,7.42,21.8,20.7,1,93.4,1.91,7.71,3,271,76,100,97,23,4,6
USER036,2025-09-14,10.4,33.6,30.7,3,90.5,1.58,7.12,0,327,57,68,34,26,3,3
USER036,2025-09-15,4.93,34.5,20.3,3,97.3,0.5,2.38,0,344,64,55,121,4,3,3
USER036,2025-09-16,7.59,23.6,26.8,3,88.7,1.33,7.57,6,230,92,84,52,27,4,9
USER036,2025-09-17,7.52,33.8,22.6,2,94.4,1.17,3.73,3,236,100,62,72,9,4,6
USER036,2025-09-18,5.88,28.9,33.2,1,97.6,1.39,0.98,6,244,75,70,64,9,3,5
USER036,2025-09-19,6.72,28.9,20.4,1,98.8,1.27,6.58,6,323,81,72,34,8,2,5
USER036,2025-09-20,8.04,25.0,33.9,4,78.0,2.43,6.42,1,337,81,88,307,2,4,4
USER036,2025-09-21,8.95,24.5,31.6,0,97.0,1.08,5.0,3,289,86,83,85,12,7,8
USER036,2025-09-22,5.96,31.8,25.8,2,88.2,1.03,5.06,0,350,73,61,138,4,4,6
USER036,2025-09-23,6.98,14.7,20.4,3,94.2,0.83,5.91,4,326,93,68,228,12,5,8
USER036,2025-09-24,7.9,14.5,35.7,0,97.8,1.49,8.33,5,329,100,81,71,4,7,7
USER036,2025-09-25,8.38,20.7,29.4,3,90.5,0.57,3.59,5,255,65,74,178,3,6,4
USER036,2025-09-26,7.8,22.4,30.1,2,90.8,0.78,6.77,7,306,82,100,72,9,1,7
USER036,2025-09-27,8.86,26.4,20.1,0,89.4,1.64,4.21,3,236,77,81,103,5,4,6
USER036,2025-09-28,8.06,16.9,34.1,2,93.5,1.95,6.36,2,241,76,97,141,61,2,6
USER036,2025-09-29,6.29,23.3,28.7,5,93.0,0.6,7.87,4,270,71,58,81,2,4,4
USER036,2025-09-30,7.7,17.1,20.5,3,90.9,0.59,6.57,10,246,80,79,32,14,5,6
USER036,2025-10-01,7.44,36.8,28.0,1,98.5,1.45,9.33,5,328,80,86,114,15,3,7
USER036,2025-10-02,5.56,19.0,34.9,2,95.9,1.44,3.98,1,272,75,80,278,2,6,5
USER036,2025-10-03,6.92,26.6,27.1,1,96.7,1.06,8.06,4,249,72,100,64,7,6,8
USER036,2025-10-04,6.7,40.7,25.7,2,98.8,1.35,6.06,5,216,83,77,99,11,4,5
USER036,2025-10-05,7.7,32.5,18.9,4,97.9,2.17,7.66,3,259,89,91,79,26,2,5
USER036,2025-10-06,9.13,28.3,26.1,3,85.9,0.54,4.62,3,287,68,81,81,0,2,5
USER036,2025-10-07,7.2,25.3,29.4,1,89.5,1.14,5.54,6,266,72,84,109,42,2,7
USER036,2025-10-08,7.72,27.4,31.6,2,98.6,0.62,5.41,2,205,61,100,96,5,6,6
USER036,2025-10-09,7.67,15.5,35.9,2,88.4,0.56,6.38,1,335,76,83,96,34,5,7
USER036,2025-10-10,5.17,20.9,29.4,4,93.9,0.63,4.35,1,380,70,48,42,2,4,5
USER036,2025-10-11,6.95,16.1,24.2,6,81.4,1.62,6.71,2,272,93,72,23,0,2,5
USER036,2025-10-12,6.63,14.2,24.5,6,97.3,1.44,6.09,2,200,100,84,185,8,3,6
USER036,2025-10-13,7.92,25.8,27.4,1,96.6,0.95,7.96,7,200,73,86,48,55,3,6
USER036,2025-10-14,7.7,24.8,27.7,0,90.8,0.72,7.11,3,206,84,90,133,1,4,6
USER036,2025-10-15,8.03,30.6,35.3,3,96.4,0.7,6.45,4,244,92,86,36,68,5,7
USER036,2025-10-16,5.17,16.1,25.4,1,97.1,1.43,5.04,1,421,40,76,43,27,3,6
USER036,2025-10-17,8.42,15.3,20.9,4,92.6,0.68,3.36,4,221,84,85,28,17,3,6
USER036,2025-10-18,8.82,21.9,29.2,0,97.9,2.8,7.18,4,281,82,88,45,3,3,4
USER036,2025-10-19,7.71,20.9,23.1,3,90.8,2.75,5.06,4,200,99,84,25,29,4,4
USER036,2025-10-20,7.7,35.5,26.2,2,95.0,0.94,5.06,6,288,93,70,115,3,2,4
USER036,2025-10-21,7.63,23.2,25.8,3,94.7,0.62,6.15,4,274,92,100,98,2,2,4
USER036,2025-10-22,6.32,26.6,34.2,0,94.5,0.92,5.08,2,271,66,68,53,17,4,6
USER036,2025-10-23,7.48,27.3,30.9,1,90.2,0.54,5.38,4,292,84,77,194,3,4,4
USER036,2025-10-24,8.22,26.2,32.2,3,98.3,0.54,8.71,4,273,91,92,98,17,3,5
USER036,2025-10-25,9.59,35.2,32.1,1,97.0,2.55,3.61,2,363,76,79,159,2,5,5
USER036,2025-10-26,8.59,34.1,21.3,1,95.8,1.5,3.78,2,309,72,89,59,46,3,9
USER036,2025-10-27,8.85,16.7,30.6,0,91.2,0.92,5.24,2,245,76,80,43,1,4,5
USER036,2025-10-28,10.07,31.7,25.2,1,90.4,1.02,2.14,2,376,62,74,211,5,8,8
USER036,2025-10-29,8.93,32.1,31.8,0,95.2,1.34,4.0,0,277,71,74,158,12,4,7
USER036,2025-10-30,6.71,14.1,27.2,4,98.5,0.76,3.75,4,265,49,91,85,85,6,4
USER036,2025-10-31,7.68,16.1,36.8,0,98.2,1.45,4.66,3,237,100,100,111,7,4,3
USER036,2025-11-01,7.82,19.3,15.7,0,94.3,1.32,6.45,6,211,79,86,150,13,6,4
USER036,2025-11-02,8.97,20.9,31.2,1,97.6,1.42,6.41,3,305,86,85,66,1,4,8
USER036,2025-11-03,8.01,31.6,31.8,0,87.0,0.74,2.95,4,270,74,94,63,3,4,7
USER036,2025-11-04,7.51,26.7,26.5,3,97.1,0.7,6.14,4,316,87,94,157,2,5,7
USER036,2025-11-05,8.56,26.1,23.8,0,89.4,0.79,8.47,3,265,77,100,183,13,5,8
USER036,2025-11-06,6.61,29.3,35.4,2,97.5,0.64,3.98,4,258,87,87,268,8,3,8
USER037,2025-07-10,7.47,21.4,22.4,2,97.8,0.59,5.36,5,222,79,89,70,9,6,5
USER037,2025-07-11,7.6,21.2,25.8,2,96.7,0.92,5.16,6,345,75,86,77,2,4,7
USER037,2025-07-12,7.32,21.4,27.5,0,96.7,1.19,7.26,4,208,77,80,123,12,5,6
USER037,2025-07-13,7.34,21.4,17.6,1,96.1,2.15,5.21,8,294,83,93,129,0,5,6
USER037,2025-07-14,8.73,18.3,34.5,1,98.5,0.84,1.87,2,225,71,91,173,7,5,5
USER037,2025-07-15,7.46,18.9,22.3,2,96.8,1.12,4.02,5,241,92,97,78,63,4,7
USER037,2025-07-16,6.35,27.6,26.3,5,96.9,1.38,4.18,4,310,71,75,109,24,2,3
USER037,2025-07-17,6.85,25.5,17.3,2,97.0,0.69,4.95,4,261,81,72,226,61,5,6
USER037,2025-07-18,7.23,26.5,18.5,6,93.6,0.53,8.46,13,220,82,80,15,48,3,5
USER037,2025-07-19,8.44,30.7,33.2,3,94.4,1.78,4.18,3,276,97,95,92,29,4,7
USER037,2025-07-20,8.04,21.6,28.7,5,98.2,1.53,6.28,7,259,88,87,83,12,3,7
USER037,2025-07-21,6.55,24.0,35.3,3,97.5,1.38,3.43,1,350,76,73,139,1,6,6
USER037,2025-07-22,6.6,22.4,26.0,5,96.3,1.21,5.42,4,286,77,88,423,43,3,6
USER037,2025-07-23,6.74,15.7,38.5,1,96.4,0.73,4.68,4,323,76,71,223,6,4,2
USER037,2025-07-24,7.17,18.8,26.4,0,92.1,1.39,6.78,4,239,73,84,39,10,5,6
USER037,2025-07-25,6.59,20.2,23.8,1,87.3,0.96,4.46,3,259,73,93,41,24,7,4
USER037,2025-07-26,10.31,14.1,28.2,5,99.0,2.35,4.57,1,361,65,54,31,3,4,5
USER037,2025-07-27,8.8,18.4,25.8,2,96.4,2.43,5.78,6,280,74,93,126,36,6,8
USER037,2025-07-28,8.02,35.9,16.1,3,97.2,1.41,3.2,6,276,87,100,197,7,6,5
USER037,2025-07-29,8.03,20.5,28.5,5,96.8,1.23,4.46,2,257,65,73,56,20,5,4
USER037,2025-07-30,8.81,21.6,24.7,3,96.1,0.65,6.22,1,305,87,59,53,65,6,5
USER037,2025-07-31,8.12,36.0,30.3,1,91.8,1.21,6.11,4,200,97,89,154,17,1,6
USER037,2025-08-01,7.58,24.4,24.3,1,93.4,0.64,3.03,5,231,90,95,93,28,4,4
USER037,2025-08-02,8.04,23.5,24.4,4,97.9,1.45,7.15,3,237,80,78,72,5,5,9
USER037,2025-08-03,7.47,33.1,30.2,3,88.8,2.4,6.22,7,222,91,54,5,7,3,4
USER037,2025-08-04,8.37,23.4,34.7,1,94.1,1.21,6.65,3,275,80,100,215,43,2,6
USER037,2025-08-05,7.71,19.0,30.6,1,98.1,1.18,4.45,5,264,83,76,113,11,4,6
USER037,2025-08-06,7.72,25.7,24.9,2,95.0,0.59,7.29,2,215,100,85,118,8,2,6
USER037,2025-08-07,10.04,31.8,22.3,0,94.5,0.99,5.52,2,342,64,78,42,37,2,7
USER037,2025-08-08,8.15,29.3,26.9,1,96.1,1.0,4.15,7,322,87,100,241,14,6,8
USER037,2025-08-09,8.21,30.3,17.4,1,93.4,1.46,6.61,3,264,93,65,145,27,4,6
USER037,2025-08-10,9.18,27.6,18.5,3,94.1,2.72,5.21,6,204,88,90,112,40,2,8
USER037,2025-08-11,7.54,23.1,30.3,2,97.1,0.74,5.87,4,200,71,97,14,39,3,6
USER037,2025-08-12,8.22,28.9,28.3,3,94.1,0.74,3.78,4,259,82,91,52,38,7,4
USER037,2025-08-13,5.79,19.7,24.5,5,91.9,0.55,4.53,2,310,77,59,83,22,6,5
USER037,2025-08-14,7.32,25.4,24.4,7,92.9,0.63,4.63,5,303,73,88,149,2,4,7
USER037,2025-08-15,7.94,14.5,20.2,3,98.3,0.91,6.69,2,200,90,86,129,56,6,7
USER037,2025-08-16,8.65,24.2,30.3,2,95.6,2.39,1.89,1,257,75,95,59,11,4,6
USER037,2025-08-17,10.16,28.5,36.7,1,93.9,1.94,2.8,0,359,56,86,101,23,2,4
USER037,2025-08-18,8.32,29.8,31.7,2,97.3,0.53,4.76,3,231,76,81,66,20,3,6
USER037,2025-08-19,8.0,32.8,31.3,3,94.3,0.58,5.39,5,200,98,52,46,9,3,6
USER037,2025-08-20,7.14,17.2,28.6,1,95.2,0.68,7.86,1,263,79,88,75,1,5,6
USER037,2025-08-21,8.51,37.1,28.5,4,91.4,1.02,4.66,5,200,71,89,93,50,4,6
USER037,2025-08-22,7.18,23.8,27.2,2,89.9,0.86,6.28,3,315,74,83,48,1,4,6
USER037,2025-08-23,7.09,22.5,25.0,4,95.4,1.92,7.52,4,200,61,69,93,26,3,6
USER037,2025-08-24,9.44,31.7,33.1,4,85.0,1.2,4.71,2,352,77,74,114,18,4,6
USER037,2025-08-25,7.31,29.7,22.4,2,88.3,1.22,4.77,2,255,78,83,322,10,3,7
USER037,2025-08-26,5.08,19.4,21.6,4,92.4,0.54,3.51,0,404,58,86,105,21,4,4
USER037,2025-08-27,7.37,23.5,13.5,5,99.3,0.77,6.9,7,318,64,100,82,30,7,5
USER037,2025-08-28,7.66,28.4,31.7,2,88.1,0.85,4.02,3,248,59,79,113,41,6,6
USER037,2025-08-29,7.84,26.1,26.5,2,93.9,1.2,4.82,5,245,90,65,41,6,4,6
USER037,2025-08-30,8.26,40.8,31.6,3,86.1,1.23,4.29,6,208,82,84,64,9,7,7
USER037,2025-08-31,8.23,16.0,25.8,1,93.8,2.9,4.81,3,249,81,70,59,17,3,4
USER037,2025-09-01,8.59,18.0,33.7,3,94.2,0.86,3.7,4,379,74,100,51,5,2,6
USER037,2025-09-02,5.7,28.5,36.0,1,89.9,1.22,6.44,3,397,57,69,26,10,2,7
USER037,2025-09-03,7.74,22.7,22.9,2,98.7,1.09,2.32,3,263,89,74,217,25,3,7
USER037,2025-09-04,8.78,30.0,32.4,2,93.4,0.68,5.07,2,223,83,97,27,49,5,7
USER037,2025-09-05,7.75,18.7,37.0,2,96.6,1.22,7.62,6,283,81,100,50,11,5,8
USER037,2025-09-06,7.65,26.1,31.4,0,97.5,2.77,7.52,5,268,86,88,77,20,6,6
USER037,2025-09-07,7.72,16.0,34.6,0,91.9,2.86,5.79,6,289,86,65,120,7,3,7
USER037,2025-09-08,8.52,24.2,19.3,1,95.7,1.37,9.59,3,291,84,80,103,2,4,5
USER037,2025-09-09,8.94,30.1,29.7,1,99.0,0.64,8.0,2,317,70,88,231,8,5,6
USER037,2025-09-10,8.11,33.8,37.2,1,95.1,0.88,6.34,2,221,90,76,194,19,3,7
USER037,2025-09-11,6.49,33.2,31.8,0,81.9,1.24,7.89,4,284,61,87,18,16,3,6
USER037,2025-09-12,8.08,16.2,20.1,2,98.2,1.13,5.25,2,218,91,89,74,10,2,8
USER037,2025-09-13,9.1,34.4,17.5,2,89.9,1.86,4.05,4,292,82,67,51,7,3,5
USER037,2025-09-14,8.45,20.9,31.2,1,97.4,2.2,5.37,9,261,86,87,6,6,3,5
USER037,2025-09-15,7.29,30.5,36.1,0,95.2,0.85,7.05,5,200,100,78,277,1,6,6
USER037,2025-09-16,5.98,32.9,38.2,2,97.9,0.96,2.8,2,348,63,54,35,76,2,3
USER037,2025-09-17,6.56,19.0,22.6,2,98.2,1.15,4.59,2,200,75,90,32,17,4,5
USER037,2025-09-18,8.12,21.6,30.7,2,99.5,0.61,4.72,7,209,70,74,111,12,6,5
USER037,2025-09-19,9.46,36.1,26.9,0,97.0,1.35,7.28,3,200,86,70,125,0,7,5
USER037,2025-09-20,10.16,16.8,19.3,3,94.5,2.37,4.17,1,239,58,52,40,33,7,5
USER037,2025-09-21,9.85,31.7,29.2,0,93.0,2.03,6.49,1,310,66,71,267,25,3,7
USER037,2025-09-22,7.87,27.6,32.7,4,94.8,1.16,8.4,8,278,86,82,121,55,4,7
USER037,2025-09-23,8.12,17.1,30.4,5,93.5,0.95,5.37,5,256,100,82,150,14,3,4
USER037,2025-09-24,7.71,21.3,25.7,2,99.1,1.48,5.06,4,365,68,69,31,22,7,5
USER037,2025-09-25,7.83,33.5,22.1,3,89.6,0.7,2.63,4,249,74,89,20,24,4,5
USER037,2025-09-26,7.4,20.0,34.9,2,95.4,1.28,8.05,3,285,94,85,60,23,4,7
USER037,2025-09-27,10.33,15.1,38.2,4,98.7,2.71,7.0,0,379,53,74,49,27,6,7
USER037,2025-09-28,8.95,20.5,33.1,1,95.5,1.22,3.48,2,230,81,70,40,22,6,6
USER037,2025-09-29,6.31,34.9,33.1,7,93.6,0.87,8.9,0,297,77,79,348,5,5,5
USER037,2025-09-30,8.36,23.3,31.1,4,98.6,1.07,6.26,4,337,94,85,141,25,1,4
USER037,2025-10-01,8.92,19.3,31.9,0,96.7,1.25,3.0,0,289,78,90,208,90,6,7
USER037,2025-10-02,6.17,19.6,20.9,1,85.5,0.89,3.21,3,356,47,80,27,20,4,6
USER037,2025-10-03,5.92,17.2,27.6,1,83.9,1.42,7.62,1,347,40,84,63,42,3,4
USER037,2025-10-04,9.49,20.8,23.5,2,91.4,2.28,5.47,4,261,63,80,138,62,5,6
USER037,2025-10-05,7.89,34.4,29.0,0,94.8,2.86,7.9,2,301,81,94,169,8,3,6
USER037,2025-10-06,8.74,23.6,28.6,1,90.8,1.32,5.51,1,359,73,74,173,2,3,3
USER037,2025-10-07,6.13,23.5,27.1,3,99.5,1.05,2.4,5,226,96,74,55,4,3,6
USER037,2025-10-08,7.55,21.1,22.7,3,99.0,1.1,6.04,3,254,83,85,27,4,2,4
USER037,2025-10-09,7.48,24.8,31.9,3,94.0,0.95,4.95,6,343,92,96,31,0,3,7
USER037,2025-10-10,7.73,20.0,23.5,1,98.2,0.98,6.83,3,200,87,92,24,29,2,8
USER037,2025-10-11,8.98,22.6,32.6,6,95.2,1.24,4.95,1,203,92,73,152,1,1,5
USER037,2025-10-12,7.7,22.6,35.6,1,94.5,2.57,5.74,2,226,99,100,195,4,2,4
USER037,2025-10-13,6.69,27.9,22.7,3,95.7,1.03,5.31,4,200,72,81,59,11,5,5
USER037,2025-10-14,8.18,24.2,29.3,1,91.1,1.33,5.64,9,293,87,97,102,40,3,6
USER037,2025-10-15,5.47,18.6,23.7,0,96.7,1.12,5.64,1,287,65,54,14,0,1,7
USER037,2025-10-16,6.29,13.5,25.8,0,91.0,0.88,5.59,5,245,78,86,13,11,3,7
USER037,2025-10-17,8.69,30.3,18.4,1,98.6,1.05,6.76,4,279,78,88,200,22,2,4
USER037,2025-10-18,8.26,25.3,22.6,2,97.9,2.01,6.88,4,335,91,88,22,17,3,6
USER037,2025-10-19,8.17,14.7,30.5,1,94.5,2.8,4.01,3,277,81,94,45,32,2,5
USER037,2025-10-20,8.48,35.2,29.8,2,95.0,0.68,2.51,2,272,88,83,12,6,4,8
USER037,2025-10-21,7.41,15.9,20.8,2,97.2,0.82,6.38,9,215,91,85,112,8,3,4
USER037,2025-10-22,6.96,14.5,40.6,4,94.9,1.34,5.67,3,323,84,94,131,22,3,6
USER037,2025-10-23,9.16,22.8,24.2,4,91.7,1.44,4.38,6,323,81,86,27,3,6,4
USER037,2025-10-24,8.3,37.8,22.4,4,86.1,1.5,5.34,2,238,64,76,46,3,5,7
USER037,2025-10-25,7.5,32.2,26.9,3,95.0,1.58,4.69,3,266,84,79,120,13,5,4
USER037,2025-10-26,9.83,31.8,29.0,1,93.5,2.36,5.07,3,289,69,64,171,25,4,8
USER037,2025-10-27,7.45,11.9,26.0,0,98.2,1.31,4.37,2,200,94,80,150,12,8,5
USER037,2025-10-28,7.13,22.1,30.1,3,98.8,1.46,7.85,4,200,88,85,45,7,3,6
USER037,2025-10-29,7.1,15.4,25.7,3,93.6,1.25,8.17,9,200,86,86,280,11,4,4
USER037,2025-10-30,8.12,23.3,29.0,1,97.7,0.75,6.48,5,258,93,75,92,18,5,5
USER037,2025-10-31,6.41,35.7,40.1,0,98.0,0.86,6.15,3,252,90,83,147,7,4,8
USER037,2025-11-01,7.71,24.6,22.7,3,95.1,1.58,5.96,5,238,73,84,65,12,6,7
USER037,2025-11-02,7.42,17.3,30.8,3,95.5,1.44,5.97,4,271,79,70,153,50,2,7
USER037,2025-11-03,6.8,29.6,35.0,3,94.8,0.99,4.0,2,352,83,85,110,35,2,8
USER037,2025-11-04,8.14,13.2,22.5,2,93.2,1.35,7.5,3,200,99,78,108,23,2,7
USER037,2025-11-05,7.79,26.6,25.3,4,96.5,1.35,6.57,9,289,74,61,45,10,4,3
USER037,2025-11-06,8.04,28.1,22.3,1,97.2,0.63,5.58,2,320,88,83,14,24,4,5
USER038,2025-07-10,6.79,39.4,21.1,1,94.1,23.22,7.54,1,299,97,64,126,22,5,5
USER038,2025-07-11,7.36,26.1,23.6,2,98.2,23.36,4.06,5,259,74,81,12,7,4,6
USER038,2025-07-12,10.22,18.8,20.1,2,97.3,24.13,4.78,2,350,51,52,68,19,3,2
USER038,2025-07-13,9.1,24.6,19.9,3,96.6,25.0,6.86,3,288,66,62,198,1,5,4
USER038,2025-07-14,6.48,24.9,23.0,4,93.2,23.7,4.17,2,332,73,62,74,9,5,8
USER038,2025-07-15,7.9,23.9,27.5,1,90.2,23.99,4.24,5,270,100,78,138,23,4,4
USER038,2025-07-16,8.73,14.7,20.5,3,94.7,23.03,3.12,1,265,93,68,69,4,3,6
USER038,2025-07-17,6.32,27.6,28.3,3,91.8,23.58,4.03,0,289,57,83,76,11,6,6
USER038,2025-07-18,8.34,28.2,26.5,2,97.8,23.55,3.85,1,283,90,95,182,32,4,5
USER038,2025-07-19,8.35,16.4,21.4,3,96.6,24.18,6.59,5,269,96,68,64,3,5,5
USER038,2025-07-20,8.05,25.3,24.2,2,92.8,24.3,4.93,5,228,81,72,67,16,3,7
USER038,2025-07-21,7.09,23.4,32.4,2,96.4,23.8,3.87,2,227,84,80,77,9,5,4
USER038,2025-07-22,8.47,17.7,20.5,0,96.9,23.91,7.76,3,260,68,73,98,85,5,6
USER038,2025-07-23,7.64,27.4,28.4,2,96.3,23.14,4.07,3,289,82,80,56,4,2,5
USER038,2025-07-24,8.39,25.1,32.5,2,93.4,23.95,4.55,5,269,70,81,77,61,5,7
USER038,2025-07-25,8.11,24.3,29.2,2,91.9,23.81,5.36,2,292,93,100,46,2,4,4
USER038,2025-07-26,8.46,14.6,29.3,1,98.7,23.58,4.28,4,200,77,93,38,8,4,7
USER038,2025-07-27,8.21,18.3,34.6,4,93.5,25.34,7.05,4,200,97,81,110,11,6,6
USER038,2025-07-28,8.72,19.5,31.6,5,93.8,24.0,7.28,7,214,76,74,201,19,3,8
USER038,2025-07-29,7.61,28.5,20.7,1,94.4,23.35,5.44,2,300,83,92,107,11,3,4
USER038,2025-07-30,7.92,17.9,27.1,3,86.9,23.6,7.07,1,263,83,85,344,20,3,4
USER038,2025-07-31,6.65,19.3,17.9,3,97.3,23.36,4.47,4,222,81,76,93,30,3,6
USER038,2025-08-01,7.76,25.6,20.3,1,89.7,23.68,3.16,3,208,78,84,66,41,5,6
USER038,2025-08-02,9.75,22.4,24.6,2,95.6,24.25,5.85,2,302,92,88,71,2,4,8
USER038,2025-08-03,9.32,25.1,25.7,1,97.7,24.87,2.08,4,365,90,100,270,55,6,4
USER038,2025-08-04,7.42,27.0,20.3,3,88.3,23.47,7.6,5,305,75,56,155,0,4,5
USER038,2025-08-05,8.46,36.4,33.2,1,96.9,23.2,7.07,11,262,73,90,114,5,3,6
USER038,2025-08-06,8.23,18.4,36.6,1,88.6,23.8,6.06,3,219,82,89,74,12,4,6
USER038,2025-08-07,7.5,24.6,37.8,2,95.6,23.91,3.19,2,200,88,89,255,3,3,6
USER038,2025-08-08,7.22,27.0,29.4,3,95.2,23.99,5.16,5,307,69,73,47,14,4,6
USER038,2025-08-09,9.12,39.8,25.2,5,86.1,24.81,2.26,3,323,66,56,196,26,6,6
USER038,2025-08-10,9.46,28.2,28.9,1,94.0,25.05,5.54,4,253,90,80,119,0,2,5
USER038,2025-08-11,6.58,24.6,23.8,2,95.1,23.48,4.74,1,262,85,72,32,11,7,4
USER038,2025-08-12,8.6,21.8,26.2,1,97.2,23.83,5.39,4,201,93,71,68,7,5,6
USER038,2025-08-13,7.67,35.5,24.2,4,88.7,23.19,4.3,4,292,96,95,90,80,4,4
USER038,2025-08-14,6.75,35.8,27.0,2,94.8,23.84,5.06,4,254,62,86,66,2,3,4
USER038,2025-08-15,8.53,18.7,18.2,1,90.2,23.82,7.31,0,313,89,90,25,0,3,8
USER038,2025-08-16,9.41,17.2,22.9,3,95.6,24.55,1.19,3,288,78,100,61,21,6,5
USER038,2025-08-17,10.2,25.9,36.8,5,88.3,24.3,3.85,1,317,70,77,24,39,4,6
USER038,2025-08-18,7.32,23.1,33.3,1,97.0,23.73,4.05,3,312,93,91,20,0,5,7
USER038,2025-08-19,6.4,21.7,24.8,1,96.7,24.0,5.21,2,282,72,62,69,8,4,5
USER038,2025-08-20,7.75,28.5,32.4,1,92.6,23.39,7.06,3,200,85,77,74,7,6,6
USER038,2025-08-21,6.57,41.0,32.9,1,98.3,23.92,2.72,1,383,60,60,25,73,5,5
USER038,2025-08-22,9.26,18.7,25.6,3,98.0,23.5,5.24,7,320,66,82,138,10,5,4
USER038,2025-08-23,9.34,27.1,26.9,2,96.9,24.59,2.24,1,270,77,79,33,20,4,7
USER038,2025-08-24,8.42,38.0,31.9,1,94.3,24.71,6.19,6,228,82,68,162,14,4,6
USER038,2025-08-25,8.91,23.7,34.3,1,94.8,23.02,4.46,7,217,78,90,99,10,3,7
USER038,2025-08-26,8.18,32.1,29.4,2,86.1,23.0,8.04,7,212,86,71,83,30,3,6
USER038,2025-08-27,6.8,31.2,29.3,2,94.9,23.01,3.42,6,268,64,87,37,8,3,5
USER038,2025-08-28,9.21,21.3,27.4,3,94.7,23.1,5.73,3,266,63,98,211,16,6,7
USER038,2025-08-29,8.22,14.0,26.3,1,95.6,23.71,6.93,6,215,97,98,268,0,4,8
USER038,2025-08-30,8.41,24.8,33.6,2,97.6,25.07,3.95,2,271,97,100,106,46,5,7
USER038,2025-08-31,9.13,15.1,24.3,0,96.9,23.51,6.33,3,288,93,75,31,8,4,5
USER038,2025-09-01,8.75,24.3,19.9,2,99.4,23.05,2.75,4,287,91,94,29,4,4,5
USER038,2025-09-02,8.93,32.8,19.2,2,87.9,23.61,2.96,2,261,55,81,53,11,3,5
USER038,2025-09-03,8.69,24.7,26.3,1,94.5,23.96,5.08,4,242,79,69,97,15,2,4
USER038,2025-09-04,8.43,28.9,29.4,3,96.2,23.7,7.15,4,271,95,69,59,8,2,7
USER038,2025-09-05,7.14,18.8,32.5,3,95.8,23.53,5.5,3,265,82,89,108,33,2,3
USER038,2025-09-06,8.32,13.4,36.0,1,97.0,25.46,5.6,4,265,89,72,84,4,3,3
USER038,2025-09-07,9.54,17.6,18.1,0,92.3,24.57,5.29,1,248,98,84,82,9,7,5
USER038,2025-09-08,8.26,24.6,26.4,2,91.4,23.08,3.81,7,246,70,91,92,8,2,5
USER038,2025-09-09,9.7,24.9,24.0,0,90.6,23.08,4.58,2,346,67,87,19,17,1,6
USER038,2025-09-10,9.65,25.3,29.6,1,86.2,23.62,6.75,3,318,63,65,90,11,6,5
USER038,2025-09-11,8.1,25.5,27.8,1,88.2,23.85,7.31,5,253,76,98,245,27,1,6
USER038,2025-09-12,8.37,18.2,20.1,2,95.5,23.69,5.89,4,262,82,100,29,1,5,8
USER038,2025-09-13,9.2,30.4,29.1,3,94.6,24.99,4.86,4,205,80,91,57,0,5,5
USER038,2025-09-14,9.41,33.6,20.9,4,93.4,24.79,5.22,1,304,59,54,33,62,4,3
USER038,2025-09-15,7.92,26.2,29.5,6,97.6,23.06,5.73,1,302,85,98,105,18,3,4
USER038,2025-09-16,8.58,17.1,18.4,3,85.7,23.4,3.64,2,280,82,89,66,1,5,3
USER038,2025-09-17,7.59,15.4,28.4,1,91.5,23.56,4.07,5,284,63,90,29,4,2,6
USER038,2025-09-18,8.65,23.8,32.7,0,87.7,23.57,5.18,0,316,86,67,116,1,4,5
USER038,2025-09-19,7.3,24.2,30.9,1,89.4,23.59,6.31,3,239,74,75,44,80,3,7
USER038,2025-09-20,9.15,17.3,30.1,1,89.8,23.62,2.7,4,241,79,74,73,9,5,5
USER038,2025-09-21,9.21,32.7,28.6,0,96.8,23.87,5.75,1,317,82,100,52,8,5,5
USER038,2025-09-22,8.72,20.7,31.8,2,95.0,23.44,5.46,5,233,83,99,6,30,3,4
USER038,2025-09-23,6.53,36.3,28.6,0,90.3,23.75,6.6,2,385,56,71,13,4,4,4
USER038,2025-09-24,7.49,23.9,27.3,3,94.9,23.6,7.2,4,212,89,60,107,4,3,7
USER038,2025-09-25,5.78,20.0,30.2,4,87.4,23.26,4.48,0,287,77,60,110,0,3,5
USER038,2025-09-26,8.68,27.1,26.5,5,98.4,23.72,5.37,7,336,85,94,235,17,2,4
USER038,2025-09-27,9.12,23.9,21.0,1,91.8,24.13,6.66,2,221,63,75,104,0,2,5
USER038,2025-09-28,10.29,35.3,35.0,2,97.3,24.19,3.6,3,391,61,72,18,45,5,4
USER038,2025-09-29,7.32,18.8,17.2,2,96.2,23.59,3.88,5,200,69,63,88,7,3,7
USER038,2025-09-30,7.79,21.9,33.0,1,97.1,23.34,6.29,4,213,87,83,27,11,5,8
USER038,2025-10-01,8.17,18.8,24.1,2,93.8,23.52,6.73,7,306,90,61,270,30,5,7
USER038,2025-10-02,9.07,21.5,32.7,0,95.0,23.1,3.67,3,351,93,89,284,26,4,6
USER038,2025-10-03,8.48,16.9,24.7,2,95.9,23.32,8.25,5,217,71,100,126,9,3,8
USER038,2025-10-04,7.96,21.8,33.5,1,99.8,25.34,5.55,6,224,96,89,84,49,4,7
USER038,2025-10-05,8.05,24.9,31.7,3,90.3,25.19,4.97,3,200,97,97,44,0,4,6
USER038,2025-10-06,7.83,21.3,29.8,3,88.8,23.83,6.7,1,304,68,76,193,49,4,8
USER038,2025-10-07,10.33,29.5,24.6,2,91.6,23.75,5.2,2,396,68,65,34,6,7,5
USER038,2025-10-08,9.52,12.0,27.3,2,97.7,23.6,5.92,2,259,60,74,138,19,4,4
USER038,2025-10-09,8.3,18.8,21.5,1,95.3,23.88,6.84,4,244,95,91,53,45,4,6
USER038,2025-10-10,7.97,45.0,29.1,0,89.8,23.94,5.97,3,291,96,88,82,8,5,6
USER038,2025-10-11,8.12,19.4,18.5,1,88.6,24.72,5.68,8,280,100,100,152,52,4,4
USER038,2025-10-12,9.39,17.9,24.4,0,96.9,24.04,3.81,2,297,90,76,81,15,4,2
USER038,2025-10-13,6.58,20.3,19.6,4,97.6,23.23,3.4,1,284,65,82,80,8,4,7
USER038,2025-10-14,8.1,23.9,25.0,1,99.3,23.82,2.95,4,259,85,93,58,29,3,3
USER038,2025-10-15,8.05,32.1,26.0,1,93.0,23.43,2.66,4,279,89,100,162,78,4,5
USER038,2025-10-16,7.49,21.9,28.7,1,94.8,23.47,4.58,3,246,82,99,252,14,4,5
USER038,2025-10-17,7.35,36.1,28.8,3,97.1,23.22,6.51,2,339,85,99,85,3,3,5
USER038,2025-10-18,9.15,23.4,25.5,2,96.9,24.52,5.36,3,232,76,89,307,65,6,6
USER038,2025-10-19,9.48,28.2,29.2,1,97.0,25.38,5.91,2,354,80,79,119,8,3,4
USER038,2025-10-20,8.03,22.3,35.1,1,94.6,23.15,2.53,7,254,90,100,94,41,2,6
USER038,2025-10-21,6.11,20.7,25.9,0,90.9,23.95,6.29,3,379,68,73,180,8,3,3
USER038,2025-10-22,9.38,17.8,32.7,2,88.6,23.22,7.59,3,296,83,65,37,21,3,4
USER038,2025-10-23,10.63,12.7,28.1,2,95.1,23.1,5.94,0,362,66,81,140,9,2,6
USER038,2025-10-24,7.88,37.2,28.9,2,96.9,23.05,7.33,4,200,85,85,106,8,6,6
USER038,2025-10-25,8.74,13.8,25.5,4,97.0,25.28,6.07,4,297,80,95,127,19,5,3
USER038,2025-10-26,8.55,34.4,23.0,2,96.5,25.45,7.05,3,283,76,91,154,47,2,5
USER038,2025-10-27,8.72,34.4,28.4,1,94.3,23.89,4.62,3,247,85,66,51,7,1,6
USER038,2025-10-28,6.92,32.1,27.3,4,98.4,23.4,5.76,2,302,90,75,111,26,3,5
USER038,2025-10-29,9.72,24.9,24.3,3,99.0,23.33,3.7,4,331,80,60,54,3,1,5
USER038,2025-10-30,8.83,23.9,33.3,4,86.6,23.05,5.74,1,337,78,77,172,56,5,4
USER038,2025-10-31,6.39,20.8,22.3,3,96.6,23.96,6.73,1,215,81,94,11,51,2,4
USER038,2025-11-01,7.91,25.0,28.7,2,99.0,24.79,8.99,6,346,82,91,207,26,2,5
USER038,2025-11-02,9.19,30.9,29.9,1,95.7,24.2,5.83,0,362,63,100,51,20,3,3
USER038,2025-11-03,7.97,21.1,25.7,3,88.5,23.02,6.83,4,307,72,97,12,16,5,7
USER038,2025-11-04,9.49,18.7,29.8,0,94.1,23.31,9.07,1,256,63,91,12,5,3,6
USER038,2025-11-05,7.87,24.2,20.4,3,97.1,23.01,5.99,10,255,89,91,68,4,6,6
USER038,2025-11-06,7.06,29.7,35.2,0,93.3,23.99,6.57,4,332,77,80,11,12,3,6
USER039,2025-07-10,6.28,25.8,30.4,3,87.4,23.81,7.39,4,277,85,90,79,11,4,5
USER039,2025-07-11,6.55,26.6,26.0,1,92.7,23.35,3.88,2,312,100,80,95,0,4,4
USER039,2025-07-12,7.39,32.3,19.2,3,99.0,24.23,5.35,6,214,87,89,48,53,6,6
USER039,2025-07-13,8.19,15.2,26.0,1,93.7,23.74,6.06,2,341,77,73,65,5,2,7
USER039,2025-07-14,7.19,30.2,21.3,3,93.4,23.16,6.31,3,200,56,96,68,6,7,6
USER039,2025-07-15,5.86,20.3,27.0,0,95.3,23.67,1.59,4,373,82,72,14,7,2,5
USER039,2025-07-16,7.59,24.8,29.9,2,87.3,23.76,6.59,3,267,80,100,169,7,3,6
USER039,2025-07-17,9.1,31.0,18.3,1,95.4,23.67,5.23,3,317,97,75,47,26,4,7
USER039,2025-07-18,7.67,28.0,24.9,2,98.0,23.11,5.12,7,236,88,85,25,12,4,7
USER039,2025-07-19,7.43,15.6,26.9,2,93.7,24.63,5.35,1,262,77,78,126,37,5,6
USER039,2025-07-20,7.79,33.9,25.3,1,96.3,24.72,7.04,3,358,84,73,123,2,2,7
USER039,2025-07-21,6.21,30.1,30.3,1,90.0,23.99,4.93,3,280,66,82,56,19,4,4
USER039,2025-07-22,8.23,33.2,29.1,1,97.0,23.89,7.22,2,304,88,70,129,5,4,6
USER039,2025-07-23,7.28,21.3,26.5,6,96.4,23.57,5.41,7,327,75,92,226,36,2,7
USER039,2025-07-24,8.17,31.9,18.9,3,98.3,23.4,4.55,2,343,80,84,23,37,4,4
USER039,2025-07-25,8.66,15.1,26.8,1,93.4,23.61,4.47,4,290,82,93,156,1,6,3
USER039,2025-07-26,8.92,32.5,28.8,1,96.9,23.5,5.06,3,271,66,74,75,11,2,5
USER039,2025-07-27,7.23,22.7,27.9,1,98.2,23.67,4.15,6,292,83,89,48,3,5,7
USER039,2025-07-28,9.04,28.4,33.8,4,97.7,23.74,3.4,0,332,75,76,204,92,4,6
USER039,2025-07-29,6.51,24.7,20.2,2,95.8,23.8,5.3,2,209,100,68,98,14,5,5
USER039,2025-07-30,7.26,19.4,15.6,0,99.8,23.24,4.53,5,200,99,75,137,22,3,6
USER039,2025-07-31,6.98,28.4,27.4,2,94.6,23.14,2.63,3,296,92,68,76,39,5,5
USER039,2025-08-01,6.69,31.0,18.2,2,88.6,23.13,7.37,1,339,68,77,122,0,3,4
USER039,2025-08-02,7.56,23.1,25.2,1,95.9,24.85,3.76,1,272,100,100,58,15,4,6
USER039,2025-08-03,7.63,17.3,30.0,2,99.4,24.39,4.46,2,270,73,93,200,3,3,4
USER039,2025-08-04,5.5,29.9,30.6,4,95.9,23.52,2.53,1,326,77,74,26,47,3,6
USER039,2025-08-05,7.8,29.9,28.2,3,93.9,23.04,3.74,7,257,85,79,195,18,2,6
USER039,2025-08-06,8.4,21.5,29.7,2,93.5,23.16,5.53,11,291,74,97,109,17,5,8
USER039,2025-08-07,6.52,30.8,28.4,1,96.6,23.23,7.09,5,300,78,87,77,2,2,7
USER039,2025-08-08,6.07,26.9,16.2,6,92.4,23.16,6.53,2,200,65,74,65,73,3,7
USER039,2025-08-09,7.83,30.9,21.7,2,95.3,25.41,3.23,5,364,86,75,127,6,3,7
USER039,2025-08-10,8.74,15.5,34.6,1,96.7,24.71,7.22,2,369,71,88,123,2,4,6
USER039,2025-08-11,5.76,27.0,21.4,3,91.5,23.03,2.42,1,400,65,66,58,69,5,8
USER039,2025-08-12,6.92,26.9,27.8,3,92.7,23.25,7.83,6,200,85,87,175,12,3,6
USER039,2025-08-13,8.58,26.2,29.8,3,94.3,23.7,3.83,4,294,88,84,31,57,7,3
USER039,2025-08-14,6.95,23.0,29.0,2,99.1,23.84,5.31,4,200,88,94,88,55,4,5
USER039,2025-08-15,8.98,16.8,18.1,4,93.1,23.91,3.47,2,320,70,49,241,9,3,7
USER039,2025-08-16,8.4,25.3,24.5,1,91.5,23.52,3.58,5,266,93,67,125,10,3,7
USER039,2025-08-17,8.56,35.0,37.1,1,91.2,23.9,4.22,4,222,77,66,57,14,5,7
USER039,2025-08-18,8.04,17.9,15.7,0,87.7,23.22,4.5,5,222,78,81,180,21,6,2
USER039,2025-08-19,6.69,34.0,23.2,2,89.1,23.3,3.75,4,394,76,100,6,8,4,5
USER039,2025-08-20,5.1,25.2,31.2,3,85.2,23.02,3.35,0,319,48,61,197,9,4,5
USER039,2025-08-21,6.72,31.6,19.5,0,94.9,23.78,5.44,6,228,75,90,296,50,3,3
USER039,2025-08-22,8.12,30.4,25.8,4,93.0,23.46,4.74,7,252,81,90,41,35,5,5
USER039,2025-08-23,9.4,21.5,25.9,6,96.1,24.82,5.86,4,345,74,95,91,16,4,6
USER039,2025-08-24,8.38,34.0,17.3,1,97.8,25.08,3.97,4,270,78,84,162,44,3,5
USER039,2025-08-25,7.36,25.8,33.8,2,97.4,23.22,8.98,5,240,67,79,215,9,4,5
USER039,2025-08-26,7.75,22.8,19.5,1,88.6,23.95,7.63,5,243,85,97,223,15,4,7
USER039,2025-08-27,7.94,23.5,25.8,2,96.2,23.92,7.11,9,281,99,84,147,26,4,5
USER039,2025-08-28,7.39,23.6,28.7,3,93.9,23.65,5.26,5,299,85,96,44,63,2,6
USER039,2025-08-29,7.02,23.3,18.2,6,98.3,23.3,5.25,1,221,82,86,184,9,6,7
USER039,2025-08-30,9.45,30.6,23.6,6,94.9,23.86,5.45,2,333,59,92,26,13,2,4
USER039,2025-08-31,7.95,29.7,22.1,1,97.4,24.01,6.24,4,300,89,76,87,4,4,5
USER039,2025-09-01,10.5,30.4,36.8,3,95.8,23.79,2.94,0,414,54,74,61,4,3,4
USER039,2025-09-02,7.41,19.4,26.7,2,95.6,23.25,7.03,5,208,91,77,16,4,7,7
USER039,2025-09-03,6.68,29.8,34.6,1,92.7,23.3,4.51,3,348,71,93,392,24,3,5
USER039,2025-09-04,6.89,30.8,19.0,1,93.0,23.2,6.18,2,252,94,100,116,12,5,7
USER039,2025-09-05,7.18,17.4,22.1,2,78.5,23.44,5.48,1,276,95,69,277,27,4,7
USER039,2025-09-06,9.81,27.0,21.0,0,88.4,24.6,5.21,0,318,86,50,75,11,8,3
USER039,2025-09-07,7.19,31.4,32.0,2,95.9,24.39,3.84,1,357,71,85,44,4,1,7
USER039,2025-09-08,7.21,19.5,30.0,1,96.9,23.25,4.2,4,352,100,67,84,13,6,6
USER039,2025-09-09,6.41,37.0,24.3,0,94.3,23.51,6.36,0,306,70,100,41,49,6,4
USER039,2025-09-10,8.71,37.0,23.1,3,93.9,23.12,4.27,2,302,79,74,218,16,7,6
USER039,2025-09-11,8.13,25.9,24.7,2,96.0,23.3,6.29,4,320,72,79,47,24,7,8
USER039,2025-09-12,9.73,15.0,20.0,0,90.6,23.79,6.81,0,326,67,79,65,1,2,3
USER039,2025-09-13,8.21,21.3,20.4,2,90.3,25.21,6.89,3,269,87,85,137,0,3,7
USER039,2025-09-14,8.05,23.1,24.1,1,98.4,24.81,5.92,8,241,81,89,99,1,3,5
USER039,2025-09-15,6.72,19.6,31.6,2,98.0,23.93,6.88,3,292,87,91,74,5,3,4
USER039,2025-09-16,7.24,32.9,26.7,1,97.7,23.02,6.84,9,261,72,73,108,11,4,6
USER039,2025-09-17,6.88,38.1,34.9,0,96.6,23.78,4.91,6,380,94,87,62,48,5,6
USER039,2025-09-18,6.95,30.1,37.9,2,89.4,23.62,4.94,5,272,82,90,92,4,3,6
USER039,2025-09-19,7.43,34.1,20.3,1,97.2,23.33,6.37,9,200,94,85,56,12,4,6
USER039,2025-09-20,7.0,38.9,25.3,0,95.6,24.01,4.92,1,261,78,89,4,22,1,6
USER039,2025-09-21,9.81,32.3,23.5,1,94.7,25.01,5.67,0,295,60,82,114,0,1,6
USER039,2025-09-22,8.71,22.5,40.1,0,98.6,23.46,4.93,4,261,76,93,122,10,3,7
USER039,2025-09-23,6.49,34.3,30.1,2,97.5,23.57,6.63,2,217,83,100,109,3,5,7
USER039,2025-09-24,7.92,28.5,26.2,2,91.2,23.54,6.08,8,281,74,97,202,10,5,5
USER039,2025-09-25,7.07,43.2,29.9,0,98.9,23.55,6.84,2,222,63,84,43,7,2,3
USER039,2025-09-26,6.51,22.6,24.5,2,90.9,23.87,4.09,2,312,80,100,5,13,6,7
USER039,2025-09-27,8.99,21.3,32.9,1,96.1,24.71,8.61,1,296,70,71,112,2,1,6
USER039,2025-09-28,8.9,31.1,28.7,2,90.6,25.23,6.47,0,267,56,96,296,7,2,7
USER039,2025-09-29,6.92,30.9,29.0,2,97.1,23.44,7.55,2,254,75,69,268,12,3,4
USER039,2025-09-30,6.82,21.0,36.5,1,95.6,23.41,5.23,3,330,94,97,84,1,5,3
USER039,2025-10-01,7.85,21.5,28.7,1,89.5,23.38,5.81,5,385,71,92,67,52,3,4
USER039,2025-10-02,8.52,35.9,29.5,0,97.4,24.0,5.92,5,208,97,77,62,3,5,7
USER039,2025-10-03,8.51,25.2,23.0,2,95.6,23.25,6.77,2,346,76,57,136,6,4,5
USER039,2025-10-04,8.45,31.7,22.5,2,93.7,24.53,5.94,3,282,87,95,110,8,4,7
USER039,2025-10-05,9.68,27.1,13.4,2,88.3,24.11,6.53,0,335,65,72,143,33,2,6
USER039,2025-10-06,6.95,31.1,30.8,3,93.3,23.22,6.8,2,280,72,80,86,16,2,7
USER039,2025-10-07,6.83,36.6,17.4,2,97.3,23.42,6.59,4,286,100,84,114,4,3,8
USER039,2025-10-08,7.71,23.6,28.7,1,93.8,23.44,6.96,4,200,74,100,140,4,2,6
USER039,2025-10-09,8.36,21.6,20.3,3,94.7,23.54,6.65,0,408,97,74,81,11,5,5
USER039,2025-10-10,6.39,17.5,30.4,3,94.6,23.15,4.4,6,280,78,94,29,38,3,3
USER039,2025-10-11,8.08,21.0,25.0,5,91.2,23.88,6.47,6,244,58,74,69,3,2,7
USER039,2025-10-12,9.35,17.9,32.7,2,96.4,24.12,1.12,1,282,68,70,160,23,5,6
USER039,2025-10-13,9.22,37.0,25.6,3,96.2,23.93,5.3,2,295,66,82,46,8,3,5
USER039,2025-10-14,7.01,27.0,34.4,4,99.5,23.6,5.39,2,249,84,78,46,49,3,5
USER039,2025-10-15,8.12,22.5,23.7,1,93.5,23.01,5.8,3,267,75,91,94,23,5,5
USER039,2025-10-16,7.74,25.2,20.9,1,89.2,23.39,6.55,4,322,83,100,70,8,5,6
USER039,2025-10-17,6.85,30.7,17.4,3,95.2,23.58,4.12,2,257,86,79,93,12,4,8
USER039,2025-10-18,7.97,26.8,18.3,4,89.3,24.75,2.54,1,200,87,87,216,0,6,6
USER039,2025-10-19,9.21,32.1,31.4,0,91.1,23.85,2.93,2,310,66,71,70,27,2,4
USER039,2025-10-20,6.21,19.8,17.9,3,93.8,23.84,7.75,7,284,70,79,60,25,6,3
USER039,2025-10-21,6.4,22.7,27.0,1,95.4,23.85,4.8,3,253,77,71,196,8,6,7
USER039,2025-10-22,8.12,28.7,33.4,1,95.9,23.58,5.25,4,307,74,57,55,5,4,7
USER039,2025-10-23,6.56,27.8,38.4,2,96.4,23.1,5.24,1,296,85,87,187,8,3,4
USER039,2025-10-24,6.87,26.2,32.7,5,96.6,23.43,6.57,1,255,99,98,89,18,5,6
USER039,2025-10-25,9.13,27.8,31.6,1,96.5,24.81,3.14,1,292,83,68,15,8,2,4
USER039,2025-10-26,8.68,20.0,23.5,5,97.5,24.1,4.96,3,242,63,80,151,13,2,7
USER039,2025-10-27,9.73,16.9,33.7,2,92.7,23.46,1.48,1,394,68,85,73,1,4,7
USER039,2025-10-28,6.85,21.2,28.7,0,94.7,23.1,7.06,3,215,93,59,56,28,2,7
USER039,2025-10-29,7.08,32.6,28.3,1,92.7,23.47,5.67,7,207,96,74,95,21,4,6
USER039,2025-10-30,5.79,21.6,29.6,2,95.4,23.14,6.01,0,336,70,85,49,98,2,5
USER039,2025-10-31,7.26,26.0,22.5,2,98.0,23.55,4.47,4,222,91,97,10,2,5,6
USER039,2025-11-01,7.81,29.3,28.6,1,96.1,23.53,4.54,1,291,97,65,219,2,6,8
USER039,2025-11-02,7.38,21.8,37.7,3,88.7,25.41,7.16,7,215,70,82,151,39,2,8
USER039,2025-11-03,7.44,25.1,28.0,1,97.1,23.93,3.9,5,250,91,83,132,21,2,6
USER039,2025-11-04,6.98,36.9,38.2,2,91.7,23.96,5.45,4,209,100,78,58,7,5,7
USER039,2025-11-05,7.15,19.8,19.8,3,89.5,23.64,5.53,6,232,91,67,90,19,4,5
USER039,2025-11-06,6.82,21.9,20.2,1,94.2,24.0,4.62,2,283,81,71,108,3,4,5
USER040,2025-07-10,9.4,18.1,26.8,0,89.8,23.08,8.84,4,278,86,92,116,8,4,6
USER040,2025-07-11,7.54,33.9,30.3,3,94.7,23.29,5.43,3,248,78,63,35,9,5,7
USER040,2025-07-12,9.45,25.7,21.9,2,98.3,23.69,6.85,2,317,87,100,247,5,3,4
USER040,2025-07-13,9.52,16.9,33.1,0,98.6,24.0,4.43,2,306,82,83,203,21,5,8
USER040,2025-07-14,8.84,30.2,24.6,1,90.3,23.87,5.44,2,340,97,74,69,13,3,6
USER040,2025-07-15,7.38,21.9,27.8,0,92.9,23.65,5.1,3,284,82,76,11,9,2,7
USER040,2025-07-16,9.4,18.1,27.0,3,95.5,23.67,5.74,3,202,63,90,23,106,3,7
USER040,2025-07-17,8.03,24.3,28.0,0,90.3,23.75,5.19,1,272,61,71,78,9,4,5
USER040,2025-07-18,8.68,22.2,25.9,1,90.4,23.43,6.26,7,228,81,81,165,5,4,7
USER040,2025-07-19,10.75,30.2,40.8,0,97.5,24.35,3.57,0,339,57,84,52,18,3,7
USER040,2025-07-20,8.62,29.4,25.6,2,91.9,24.45,5.42,10,234,77,91,68,1,1,5
USER040,2025-07-21,7.58,29.2,30.8,2,96.0,23.92,3.87,2,336,87,90,7,42,6,7
USER040,2025-07-22,8.71,29.6,32.8,4,88.8,23.96,6.3,2,291,71,76,97,26,2,5
USER040,2025-07-23,8.5,16.4,25.0,4,94.0,23.4,3.95,3,296,68,96,146,1,3,7
USER040,2025-07-24,8.09,22.4,17.3,2,84.8,23.85,5.02,5,367,86,83,86,23,2,5
USER040,2025-07-25,9.49,11.6,25.6,2,98.9,23.74,2.02,4,293,74,94,424,2,3,5
USER040,2025-07-26,10.83,20.8,33.0,0,97.3,24.32,4.23,1,279,89,91,178,34,4,4
USER040,2025-07-27,9.38,18.8,24.5,2,96.4,24.2,7.32,4,367,70,93,66,47,6,8
USER040,2025-07-28,7.65,27.0,24.9,3,91.8,23.5,5.79,1,266,77,70,212,3,5,8
USER040,2025-07-29,9.14,29.9,30.2,0,86.9,23.37,4.47,6,286,74,97,124,7,5,7
USER040,2025-07-30,10.62,27.4,30.8,3,93.5,23.02,6.82,2,325,73,65,21,5,7,7
USER040,2025-07-31,8.39,22.1,32.9,2,96.8,23.57,4.85,7,257,95,92,195,55,2,6
USER040,2025-08-01,8.07,43.2,28.0,4,88.6,23.81,5.85,1,300,73,64,108,7,5,8
USER040,2025-08-02,7.92,20.0,32.3,2,92.1,24.38,5.13,4,265,71,89,114,20,3,4
USER040,2025-08-03,9.24,33.2,21.8,0,87.2,24.66,4.93,2,200,93,82,38,13,6,8
USER040,2025-08-04,7.39,29.2,19.3,1,96.7,23.72,5.01,3,298,69,73,95,13,4,5
USER040,2025-08-05,8.1,28.0,26.9,2,96.3,23.15,4.02,5,239,77,82,26,23,4,5
USER040,2025-08-06,9.59,20.6,26.6,3,96.3,23.64,5.4,3,318,70,91,233,12,5,8
USER040,2025-08-07,8.93,18.7,29.9,1,98.6,23.87,6.49,6,200,96,94,175,4,4,5
USER040,2025-08-08,8.31,23.3,36.8,2,88.0,23.65,5.15,1,401,90,92,59,0,4,3
USER040,2025-08-09,8.84,21.1,40.3,0,92.3,23.97,5.25,4,253,82,87,133,16,2,8
USER040,2025-08-10,8.64,13.2,30.9,2,96.0,23.82,6.18,5,236,100,87,51,100,2,8
USER040,2025-08-11,8.62,27.2,34.5,1,96.2,23.66,5.95,6,262,100,53,27,11,3,7
USER040,2025-08-12,8.86,29.7,30.9,2,95.1,23.54,6.83,5,206,83,100,60,39,3,6
USER040,2025-08-13,8.25,12.4,23.5,1,92.1,23.24,8.49,5,210,64,84,111,25,7,7
USER040,2025-08-14,9.38,15.2,23.3,0,95.7,23.6,5.7,4,237,81,76,62,11,5,7
USER040,2025-08-15,8.0,20.7,30.0,2,96.5,23.63,7.86,2,298,81,84,114,0,5,5
USER040,2025-08-16,9.53,15.9,13.6,1,93.4,24.51,8.12,3,281,72,85,29,20,3,7
USER040,2025-08-17,11.14,20.7,31.7,3,98.0,24.54,6.03,2,370,52,71,111,2,4,6
USER040,2025-08-18,7.82,21.7,24.4,1,99.3,23.4,2.54,2,283,65,77,137,4,4,5
USER040,2025-08-19,8.02,36.4,25.8,2,84.4,23.05,5.06,1,310,84,66,75,31,3,7
USER040,2025-08-20,8.97,30.1,24.1,3,87.3,23.82,4.58,3,347,94,81,52,9,2,5
USER040,2025-08-21,8.12,13.4,31.0,1,97.7,23.16,6.51,8,269,92,67,115,42,3,4
USER040,2025-08-22,10.24,33.8,31.4,2,97.8,23.32,3.41,2,395,77,65,27,8,3,7
USER040,2025-08-23,9.35,18.2,27.8,1,93.4,25.03,5.4,4,262,97,96,56,7,5,7
USER040,2025-08-24,9.68,26.0,32.2,2,92.6,23.63,7.46,0,223,91,69,70,27,1,6
USER040,2025-08-25,8.1,16.4,21.0,4,99.8,23.02,6.86,3,249,89,100,20,83,4,8
USER040,2025-08-26,8.36,21.0,19.5,1,92.8,23.71,5.0,5,296,86,63,52,0,3,6
USER040,2025-08-27,6.51,26.6,28.1,1,92.5,23.22,5.37,1,315,66,61,28,41,5,6
USER040,2025-08-28,7.68,24.8,23.2,2,98.7,23.54,3.87,4,237,76,80,114,1,3,4
USER040,2025-08-29,9.36,21.8,36.7,1,97.5,23.82,7.15,5,262,91,91,98,5,4,8
USER040,2025-08-30,9.58,23.9,16.7,4,95.3,24.17,3.35,3,329,76,91,40,13,5,7
USER040,2025-08-31,9.88,29.5,28.5,1,94.2,24.1,4.08,6,309,89,63,104,0,4,6
USER040,2025-09-01,8.31,33.7,25.1,4,97.9,23.82,6.82,2,295,70,83,48,18,4,6
USER040,2025-09-02,7.77,26.6,34.2,4,96.3,23.28,3.69,2,377,69,79,20,13,6,4
USER040,2025-09-03,8.86,34.9,34.6,1,87.5,23.1,5.24,6,292,63,98,82,16,4,5
USER040,2025-09-04,7.37,32.0,35.6,1,86.8,23.04,3.84,3,333,80,70,97,18,4,8
USER040,2025-09-05,9.23,32.7,31.9,2,96.0,23.86,5.85,4,216,77,86,66,10,3,6
USER040,2025-09-06,11.43,20.8,30.1,1,96.4,25.31,2.42,0,374,36,97,45,28,1,5
USER040,2025-09-07,10.18,24.8,42.3,2,94.7,25.42,5.64,3,247,76,85,62,27,6,4
USER040,2025-09-08,8.75,31.1,23.1,3,95.4,23.62,3.17,3,241,91,86,26,10,2,5
USER040,2025-09-09,7.7,24.8,31.0,2,94.3,23.98,5.51,6,287,78,91,182,25,2,4
USER040,2025-09-10,7.34,26.3,21.2,2,95.3,23.14,4.62,4,243,64,75,247,3,3,3
USER040,2025-09-11,8.65,24.9,27.3,1,97.1,23.96,6.12,6,278,89,100,175,50,5,3
USER040,2025-09-12,8.62,25.2,33.5,1,92.6,23.04,6.68,4,200,96,64,83,55,6,5
USER040,2025-09-13,8.67,16.8,31.4,0,95.2,23.71,5.55,5,300,79,89,186,3,1,5
USER040,2025-09-14,8.66,16.4,21.6,2,89.5,25.28,10.0,6,296,90,61,127,18,3,6
USER040,2025-09-15,8.83,27.2,37.4,2,94.0,23.06,8.01,7,225,76,85,120,10,5,7
USER040,2025-09-16,6.25,17.2,38.5,2,90.6,23.98,4.98,0,374,64,79,165,37,3,4
USER040,2025-09-17,8.14,33.9,24.1,2,87.6,23.35,5.26,2,292,78,62,219,6,6,3
USER040,2025-09-18,8.53,19.0,19.8,2,96.4,23.84,7.19,1,252,89,79,32,20,3,6
USER040,2025-09-19,7.25,19.0,21.4,2,96.2,23.89,4.18,1,215,76,74,82,5,1,5
USER040,2025-09-20,10.57,30.5,26.3,3,95.6,24.53,4.44,1,208,49,67,256,33,4,5
USER040,2025-09-21,8.75,37.7,36.8,5,99.1,24.46,7.55,6,362,100,76,142,40,3,6
USER040,2025-09-22,8.3,25.5,31.3,2,98.5,23.14,5.68,4,218,85,89,67,39,2,6
USER040,2025-09-23,9.52,14.8,27.1,0,99.5,23.29,6.29,5,269,69,72,128,3,4,5
USER040,2025-09-24,8.01,16.3,21.0,2,96.2,23.84,5.79,1,200,68,79,127,18,4,6
USER040,2025-09-25,9.74,22.0,25.6,2,95.7,23.49,6.15,2,348,65,88,47,4,4,6
USER040,2025-09-26,6.92,17.1,26.0,2,96.1,23.63,4.21,3,335,65,98,15,2,5,7
USER040,2025-09-27,9.0,30.7,29.2,1,95.8,23.51,5.11,2,200,97,74,17,32,5,7
USER040,2025-09-28,10.12,25.1,30.2,2,95.8,24.17,4.34,2,200,73,84,23,2,5,6
USER040,2025-09-29,8.65,20.7,29.8,1,89.2,23.28,4.07,4,252,90,90,148,39,5,6
USER040,2025-09-30,8.53,34.8,22.9,3,95.9,23.98,4.78,8,230,92,85,61,13,2,4
USER040,2025-10-01,10.08,20.0,25.2,5,95.3,23.46,1.68,1,372,71,69,74,23,3,5
USER040,2025-10-02,8.5,20.6,29.9,6,97.3,23.48,5.2,4,323,75,98,237,27,7,5
USER040,2025-10-03,9.0,32.4,22.2,8,88.1,23.78,4.72,4,252,94,100,124,12,4,6
USER040,2025-10-04,10.3,17.9,37.5,1,91.7,25.34,5.84,2,249,75,89,67,40,3,7
USER040,2025-10-05,9.51,25.7,30.5,2,88.8,23.86,5.73,5,276,93,64,26,37,4,5
USER040,2025-10-06,8.63,29.4,25.9,0,90.3,23.09,8.96,3,291,82,86,74,5,5,5
USER040,2025-10-07,9.07,22.6,36.1,1,93.0,23.67,7.49,6,270,78,79,46,27,3,4
USER040,2025-10-08,7.77,22.4,31.8,2,91.1,23.8,8.07,4,210,87,83,235,13,1,5
USER040,2025-10-09,7.44,26.9,40.0,1,95.8,23.12,5.34,4,277,66,80,36,1,3,5
USER040,2025-10-10,7.26,28.5,33.5,0,93.8,23.27,3.97,0,233,68,89,174,55,3,6
USER040,2025-10-11,10.22,22.8,18.2,2,96.9,25.38,6.97,3,341,76,84,72,28,3,7
USER040,2025-10-12,8.53,21.1,30.8,1,92.0,24.58,2.52,7,277,93,97,48,8,3,7
USER040,2025-10-13,8.2,27.8,25.6,1,87.0,23.73,6.8,5,436,79,85,24,13,3,7
USER040,2025-10-14,7.84,33.8,25.3,2,90.1,23.58,4.42,2,351,67,71,71,1,1,6
USER040,2025-10-15,8.38,17.6,19.0,1,95.2,24.0,3.28,1,202,73,90,127,45,6,3
USER040,2025-10-16,7.58,14.0,31.6,2,89.8,23.37,3.04,3,261,75,86,57,48,3,5
USER040,2025-10-17,9.1,18.5,31.3,4,93.8,23.9,6.2,4,289,78,85,170,26,7,8
USER040,2025-10-18,9.3,33.4,29.7,1,95.3,23.82,6.04,4,311,85,71,142,27,2,6
USER040,2025-10-19,10.05,27.5,35.5,3,86.7,23.87,4.55,0,202,83,62,40,72,3,5
USER040,2025-10-20,9.29,22.8,28.6,5,94.0,23.8,6.21,5,200,54,90,126,25,3,4
USER040,2025-10-21,8.8,29.7,31.4,2,97.2,23.64,8.98,2,269,67,100,148,9,5,5
USER040,2025-10-22,8.18,19.8,29.0,0,94.5,23.36,8.07,5,267,75,87,50,20,3,7
USER040,2025-10-23,8.95,29.5,22.4,1,98.6,23.62,4.3,6,265,95,89,45,15,6,6
USER040,2025-10-24,7.77,23.3,20.3,2,94.9,23.98,4.09,3,289,77,75,143,38,3,5
USER040,2025-10-25,10.24,16.9,33.2,1,95.8,24.77,3.44,2,232,73,64,90,1,5,6
USER040,2025-10-26,10.66,34.6,36.8,4,93.9,24.18,3.62,3,237,86,84,46,44,5,7
USER040,2025-10-27,8.13,21.8,28.6,0,93.4,23.99,6.42,8,271,99,83,50,15,4,8
USER040,2025-10-28,8.32,33.9,26.3,3,99.5,23.92,7.01,3,286,91,83,113,1,5,7
USER040,2025-10-29,8.01,23.2,35.8,1,95.4,23.51,4.05,2,290,86,69,82,32,3,5
USER040,2025-10-30,7.98,19.0,27.5,4,92.9,23.96,4.71,3,234,75,52,105,14,6,7
USER040,2025-10-31,8.83,21.0,27.9,1,99.2,23.43,4.96,4,245,100,78,43,3,6,7
USER040,2025-11-01,10.94,32.8,30.0,4,98.4,24.11,1.97,0,364,80,80,99,7,3,6
USER040,2025-11-02,9.48,29.8,26.9,3,94.0,24.78,5.52,3,270,84,89,138,10,3,4
USER040,2025-11-03,7.72,21.8,29.1,1,97.1,23.68,5.24,4,337,88,96,74,5,2,6
USER040,2025-11-04,8.53,17.4,14.7,2,94.9,23.25,4.79,3,257,87,73,96,13,5,8
USER040,2025-11-05,7.41,23.7,29.0,1,94.2,23.98,4.87,1,251,81,62,59,8,6,6
USER040,2025-11-06,8.95,30.0,31.3,2,97.2,23.88,7.07,8,312,88,100,97,57,6,4
USER041,2025-07-10,6.62,19.0,21.0,2,96.8,23.42,5.28,5,345,59,84,160,12,2,6
USER041,2025-07-11,7.44,36.4,27.5,2,95.5,23.91,5.39,4,305,93,68,95,45,6,7
USER041,2025-07-12,8.91,24.8,26.7,2,98.7,23.52,6.18,4,265,59,62,101,9,4,5
USER041,2025-07-13,8.22,22.1,27.8,1,92.8,23.94,9.9,2,270,82,94,20,33,4,4
USER041,2025-07-14,7.83,13.2,36.7,1,98.5,23.77,4.81,5,289,89,82,15,20,6,7
USER041,2025-07-15,5.44,28.0,20.2,2,94.7,23.17,5.54,3,379,75,86,101,4,3,4
USER041,2025-07-16,6.28,19.5,30.0,5,97.4,23.18,2.8,3,350,94,91,84,7,3,6
USER041,2025-07-17,5.81,25.7,22.6,3,98.4,23.9,5.06,1,316,66,81,181,43,2,7
USER041,2025-07-18,7.43,18.3,26.9,2,90.8,23.28,6.92,6,304,100,76,13,5,4,6
USER041,2025-07-19,8.65,30.7,31.9,2,93.7,23.81,4.92,1,331,80,78,69,10,1,6
USER041,2025-07-20,9.42,40.2,35.5,2,93.8,25.33,6.21,1,409,65,54,161,25,5,6
USER041,2025-07-21,6.06,22.0,18.1,2,92.8,23.05,6.52,2,230,87,95,151,36,4,6
USER041,2025-07-22,9.18,21.3,20.3,4,97.0,23.45,4.16,2,299,82,76,51,3,2,6
USER041,2025-07-23,6.74,35.0,33.0,2,96.6,23.53,5.62,3,256,82,78,33,2,2,4
USER041,2025-07-24,6.21,16.6,32.8,0,96.0,23.84,5.67,3,267,77,77,216,35,5,7
USER041,2025-07-25,6.46,27.5,26.8,1,90.4,23.87,3.33,2,363,70,80,87,0,2,6
USER041,2025-07-26,9.2,22.0,35.8,1,92.7,24.1,3.08,2,267,59,81,350,22,2,5
USER041,2025-07-27,9.55,37.3,24.8,2,98.7,25.38,0.0,2,382,58,69,226,20,2,6
USER041,2025-07-28,7.8,26.4,29.4,2,95.1,23.35,5.31,3,377,100,75,26,23,4,5
USER041,2025-07-29,5.96,25.5,26.5,1,98.3,23.16,4.32,5,259,79,84,132,13,6,5
USER041,2025-07-30,7.43,21.8,37.8,7,91.5,23.61,5.68,8,225,75,84,105,120,3,7
USER041,2025-07-31,6.23,21.9,25.9,2,96.7,23.53,4.14,3,223,90,93,113,39,3,6
USER041,2025-08-01,6.42,26.2,32.3,1,97.1,23.46,5.77,3,316,69,93,78,6,5,4
USER041,2025-08-02,8.07,35.5,26.7,6,90.1,25.31,4.01,9,277,94,83,38,11,3,6
USER041,2025-08-03,8.3,24.9,28.6,0,94.9,25.01,5.94,3,363,62,90,78,2,4,7
USER041,2025-08-04,8.98,30.6,23.9,2,88.3,23.75,6.99,1,324,52,72,184,7,3,3
USER041,2025-08-05,6.84,26.9,16.0,2,95.3,23.78,5.66,2,211,98,100,23,24,4,4
USER041,2025-08-06,6.16,33.5,25.8,1,91.5,23.04,6.83,2,284,75,55,46,54,1,5
USER041,2025-08-07,5.84,35.8,19.6,0,92.2,23.44,2.78,2,202,61,66,143,37,4,3
USER041,2025-08-08,6.23,25.3,23.2,1,94.0,23.34,3.85,5,289,81,72,50,21,4,7
USER041,2025-08-09,7.55,35.1,32.0,2,93.4,24.91,5.69,4,316,79,100,0,2,3,5
USER041,2025-08-10,8.53,13.1,29.8,2,94.0,25.11,4.14,1,275,78,82,104,3,4,4
USER041,2025-08-11,6.89,27.2,17.0,1,89.4,23.4,5.39,5,278,91,82,78,27,2,6
USER041,2025-08-12,8.24,30.1,24.9,3,89.6,23.52,8.18,2,298,92,68,173,39,5,6
USER041,2025-08-13,8.93,23.9,31.5,0,94.5,23.33,4.38,0,249,79,77,62,9,7,4
USER041,2025-08-14,6.35,29.3,36.4,3,95.4,23.41,6.51,4,264,70,81,41,15,7,4
USER041,2025-08-15,8.43,23.9,21.0,2,92.5,23.92,5.43,8,243,79,74,192,86,4,8
USER041,2025-08-16,8.99,23.8,27.1,1,86.4,24.45,5.74,0,306,77,82,100,4,3,4
USER041,2025-08-17,9.55,15.8,25.7,2,95.9,24.27,5.46,3,356,70,67,47,33,5,2
USER041,2025-08-18,5.46,20.4,30.7,2,95.8,23.3,4.6,3,260,75,68,193,1,6,5
USER041,2025-08-19,6.55,14.8,33.1,0,94.7,23.04,5.3,2,322,74,77,78,4,6,4
USER041,2025-08-20,6.28,33.6,25.0,0,93.2,23.18,2.59,7,325,88,77,40,21,4,6
USER041,2025-08-21,6.44,25.9,21.9,2,92.4,23.35,4.05,2,250,78,86,213,11,5,7
USER041,2025-08-22,6.28,27.6,18.7,1,97.4,23.26,3.54,4,311,83,79,85,4,6,5
USER041,2025-08-23,9.1,21.1,24.5,2,93.4,25.09,5.65,1,248,75,60,86,24,3,5
USER041,2025-08-24,7.36,25.9,25.0,3,93.8,23.97,8.41,4,239,100,80,251,10,6,6
USER041,2025-08-25,7.37,22.5,23.5,0,96.2,23.33,7.64,4,318,76,85,139,24,4,6
USER041,2025-08-26,7.32,37.7,29.0,3,95.1,23.68,4.94,5,264,77,73,18,46,3,6
USER041,2025-08-27,7.52,23.8,28.4,1,98.5,23.62,5.4,5,272,92,83,46,7,6,6
USER041,2025-08-28,7.87,33.2,34.4,2,92.6,23.04,3.6,5,394,77,78,120,30,5,7
USER041,2025-08-29,7.32,23.1,19.9,3,95.0,23.46,5.08,4,258,77,77,165,4,3,4
USER041,2025-08-30,10.31,16.9,21.2,5,92.5,24.62,2.58,0,395,72,68,108,11,7,6
USER041,2025-08-31,7.74,16.1,36.3,2,84.9,24.52,5.29,2,264,76,80,201,17,2,5
USER041,2025-09-01,6.98,30.1,28.0,1,97.9,23.27,4.18,4,254,99,87,420,21,2,5
USER041,2025-09-02,8.14,36.4,32.2,0,96.3,23.1,5.45,4,233,81,79,30,11,2,6
USER041,2025-09-03,5.89,29.5,23.0,2,92.5,23.17,3.93,3,343,74,75,114,2,6,8
USER041,2025-09-04,5.46,24.6,28.5,0,92.9,23.74,6.49,4,326,79,55,87,4,2,5
USER041,2025-09-05,6.99,19.8,37.6,2,93.0,23.93,4.59,2,217,86,91,41,16,3,7
USER041,2025-09-06,9.54,27.2,17.5,2,86.7,24.09,3.95,1,292,74,49,108,7,3,6
USER041,2025-09-07,7.38,21.7,25.9,2,92.0,25.39,5.15,5,327,85,79,180,29,2,5
USER041,2025-09-08,7.54,31.3,28.2,0,89.7,23.4,6.89,3,216,96,100,42,14,2,7
USER041,2025-09-09,7.39,21.4,30.9,1,97.3,23.49,7.21,6,267,70,100,52,17,3,5
USER041,2025-09-10,7.87,19.8,34.9,2,92.9,23.29,2.57,3,282,86,94,63,18,4,4
USER041,2025-09-11,6.27,35.2,24.3,3,97.4,23.52,4.1,11,240,97,86,234,0,5,5
USER041,2025-09-12,7.9,24.2,29.0,0,92.8,23.41,4.08,2,223,74,71,128,22,3,5
USER041,2025-09-13,8.62,17.8,20.4,1,96.9,25.23,4.53,8,279,89,71,32,2,5,6
USER041,2025-09-14,8.57,15.6,31.9,4,88.4,25.47,3.03,2,251,74,69,46,38,4,4
USER041,2025-09-15,8.19,15.7,31.5,0,96.3,23.97,5.46,5,407,59,85,204,1,5,5
USER041,2025-09-16,5.64,18.1,25.8,3,98.7,23.14,3.47,1,200,65,65,18,5,3,8
USER041,2025-09-17,6.27,36.4,13.9,1,94.0,23.68,6.13,4,218,73,86,227,21,5,5
USER041,2025-09-18,5.62,26.5,19.4,3,93.6,23.31,5.85,2,328,70,71,166,0,4,6
USER041,2025-09-19,7.96,24.0,22.0,0,99.6,23.5,4.98,2,260,87,100,22,17,6,9
USER041,2025-09-20,7.94,21.3,35.7,2,86.3,23.74,4.29,2,269,91,76,22,51,3,8
USER041,2025-09-21,7.7,25.6,34.6,1,94.8,24.78,5.59,2,254,76,93,109,15,1,5
USER041,2025-09-22,6.61,24.3,21.2,5,95.3,23.66,6.43,4,285,73,73,108,71,6,4
USER041,2025-09-23,7.96,40.1,26.1,0,93.7,23.63,6.64,3,215,84,81,79,4,3,7
USER041,2025-09-24,6.79,14.2,19.2,3,96.4,23.47,4.72,2,251,88,87,148,2,2,8
USER041,2025-09-25,6.79,27.8,27.5,4,89.8,23.21,4.65,5,323,82,80,86,18,3,6
USER041,2025-09-26,6.15,24.6,24.7,3,95.4,23.53,4.44,1,324,92,96,123,6,2,4
USER041,2025-09-27,8.04,26.4,27.5,3,93.7,23.54,7.46,6,299,85,86,11,59,4,4
USER041,2025-09-28,9.18,23.2,26.3,7,91.8,23.69,6.02,2,340,62,83,41,20,3,6
USER041,2025-09-29,7.55,24.6,28.8,1,93.1,23.02,3.4,3,290,94,92,205,19,4,4
USER041,2025-09-30,6.89,36.6,35.8,2,93.6,23.2,4.53,2,236,86,78,162,26,4,7
USER041,2025-10-01,7.98,24.3,24.4,2,97.4,23.77,4.48,7,278,73,81,48,17,3,8
USER041,2025-10-02,6.32,29.0,18.8,2,99.6,23.47,7.77,2,287,78,72,6,9,3,4
USER041,2025-10-03,7.0,22.2,23.0,3,96.2,23.36,7.51,4,205,66,91,12,46,3,7
USER041,2025-10-04,7.6,22.4,25.4,1,95.0,24.66,4.39,4,295,95,58,149,22,5,6
USER041,2025-10-05,8.17,17.7,29.4,0,90.2,24.53,6.93,4,345,92,84,33,14,2,5
USER041,2025-10-06,7.0,22.5,20.8,1,89.8,24.0,4.86,2,247,77,81,122,45,3,6
USER041,2025-10-07,7.28,29.7,34.4,2,92.9,23.92,5.53,4,200,92,80,14,31,3,8
USER041,2025-10-08,5.85,13.2,29.2,3,94.8,23.49,5.26,2,224,65,69,64,13,1,5
USER041,2025-10-09,7.2,30.8,31.1,2,91.0,23.36,4.96,0,210,88,83,45,9,4,7
USER041,2025-10-10,6.76,16.3,29.9,1,97.5,23.14,4.82,3,282,77,73,78,11,4,3
USER041,2025-10-11,8.59,38.4,29.9,1,95.8,24.43,3.59,5,294,72,73,92,17,3,6
USER041,2025-10-12,6.91,33.5,27.0,2,91.5,24.98,6.12,2,253,90,99,52,14,3,4
USER041,2025-10-13,6.2,19.7,25.1,2,93.8,23.69,2.48,0,261,86,67,30,17,1,4
USER041,2025-10-14,7.76,14.7,28.5,3,91.6,23.92,5.74,3,206,80,83,58,15,4,7
USER041,2025-10-15,6.32,30.3,32.1,2,95.3,23.87,3.65,4,234,80,77,94,13,5,5
USER041,2025-10-16,5.55,25.5,28.4,1,93.9,23.94,3.3,0,376,71,83,15,6,4,7
USER041,2025-10-17,6.9,12.5,18.9,3,98.8,23.9,5.22,4,250,70,67,291,41,6,5
USER041,2025-10-18,7.99,23.6,18.4,2,97.1,24.54,4.34,5,252,76,94,117,16,6,6
USER041,2025-10-19,8.16,26.1,16.8,3,96.0,25.36,5.02,1,310,71,72,177,8,5,6
USER041,2025-10-20,4.9,27.4,30.9,3,96.3,23.11,4.17,2,303,77,67,212,8,3,5
USER041,2025-10-21,8.19,20.2,17.2,2,89.0,23.3,3.94,3,204,86,83,43,13,5,6
USER041,2025-10-22,6.22,20.9,33.0,0,97.5,23.52,4.72,4,330,61,73,128,41,2,4
USER041,2025-10-23,6.41,24.2,20.4,1,92.7,23.9,5.86,1,305,75,79,152,28,4,6
USER041,2025-10-24,7.21,35.1,17.5,1,95.8,23.19,5.73,5,254,100,100,127,51,4,8
USER041,2025-10-25,6.51,22.5,33.4,2,87.7,24.5,6.79,0,270,91,79,32,8,3,6
USER041,2025-10-26,8.95,25.0,14.7,0,89.8,23.53,8.34,5,376,68,76,37,4,3,5
USER041,2025-10-27,6.99,32.6,20.9,0,91.1,23.15,6.45,7,271,79,76,23,5,3,7
USER041,2025-10-28,8.01,19.5,28.6,2,95.2,23.99,6.2,1,335,86,83,51,46,3,6
USER041,2025-10-29,6.81,15.9,27.9,2,98.7,23.01,8.75,6,285,84,96,268,13,3,5
USER041,2025-10-30,8.06,32.5,25.4,2,95.3,23.52,3.94,2,287,80,79,73,4,5,4
USER041,2025-10-31,7.99,20.6,23.4,1,97.8,23.23,8.04,3,308,81,80,44,16,4,5
USER041,2025-11-01,8.8,28.4,26.4,2,92.9,23.76,1.9,2,314,67,73,14,18,5,4
USER041,2025-11-02,9.58,32.9,30.4,0,84.7,23.94,4.13,3,404,76,83,83,24,3,4
USER041,2025-11-03,7.28,22.2,31.6,3,93.3,23.79,2.13,6,309,92,100,145,51,2,7
USER041,2025-11-04,5.74,27.1,18.9,3,93.0,23.06,4.44,2,318,72,92,51,22,5,4
USER041,2025-11-05,6.72,25.2,25.2,3,92.5,23.88,5.42,8,329,82,82,20,4,5,2
USER041,2025-11-06,6.98,31.2,32.6,5,96.7,23.35,5.29,4,252,84,85,37,40,4,7
USER042,2025-07-10,9.44,20.1,24.6,2,93.4,21.93,5.06,4,251,64,87,54,0,4,8
USER042,2025-07-11,7.93,26.4,25.0,3,96.7,21.73,4.97,1,369,72,100,71,3,4,5
USER042,2025-07-12,9.78,20.3,29.1,1,94.6,22.77,4.59,1,326,83,100,79,18,2,4
USER042,2025-07-13,10.45,27.9,25.5,3,94.3,23.03,3.76,2,337,83,62,143,4,5,7
USER042,2025-07-14,7.56,18.2,35.1,3,98.9,22.11,6.91,2,314,71,81,201,9,5,6
USER042,2025-07-15,8.29,26.3,26.4,3,91.2,21.7,5.83,6,267,78,87,262,5,4,5
USER042,2025-07-16,9.03,38.5,24.7,1,94.5,22.08,5.57,6,260,100,91,28,2,4,5
USER042,2025-07-17,8.64,23.7,33.5,0,98.1,21.84,5.49,4,200,78,100,124,29,4,6
USER042,2025-07-18,8.46,29.2,31.6,2,93.5,22.39,6.35,4,236,84,90,70,0,4,7
USER042,2025-07-19,10.84,39.6,31.6,1,92.4,22.67,3.12,0,361,82,80,227,9,4,4
USER042,2025-07-20,9.84,30.3,28.8,1,97.6,22.42,5.07,5,314,75,77,62,4,3,5
USER042,2025-07-21,6.88,20.8,14.9,3,96.6,22.07,9.33,1,314,74,76,137,21,3,5
USER042,2025-07-22,8.26,16.8,22.5,1,88.8,21.78,6.33,1,289,83,74,350,0,5,6
USER042,2025-07-23,8.63,18.6,29.8,1,88.2,21.64,7.11,4,350,93,81,74,18,3,6
USER042,2025-07-24,7.44,27.8,19.9,0,86.3,22.46,5.72,2,355,66,69,72,28,2,5
USER042,2025-07-25,8.4,26.8,17.8,0,93.1,21.94,4.75,4,360,82,83,19,22,4,5
USER042,2025-07-26,9.29,30.6,20.0,2,99.5,23.9,2.12,2,243,82,100,142,24,5,5
USER042,2025-07-27,11.72,29.9,34.3,1,94.3,23.76,4.17,0,330,61,61,54,9,3,5
USER042,2025-07-28,9.63,18.9,26.5,1,94.7,22.03,6.24,6,309,84,83,65,7,2,5
USER042,2025-07-29,8.58,29.4,20.8,1,90.2,21.8,7.27,1,261,71,68,64,19,3,6
USER042,2025-07-30,8.81,28.4,24.6,3,96.2,22.38,4.77,5,280,81,91,92,27,5,8
USER042,2025-07-31,7.21,33.4,25.3,3,88.7,21.84,6.04,2,351,86,77,27,36,5,8
USER042,2025-08-01,7.47,25.2,30.4,0,96.9,22.04,4.7,2,294,74,77,80,18,2,6
USER042,2025-08-02,9.62,35.3,24.7,2,97.4,22.65,5.6,2,276,100,91,78,14,4,6
USER042,2025-08-03,9.29,35.7,37.4,5,86.3,23.85,4.58,2,238,80,61,135,7,3,7
USER042,2025-08-04,6.81,30.1,30.7,2,97.0,22.42,5.17,0,406,66,56,142,9,2,5
USER042,2025-08-05,6.66,29.8,31.5,0,97.1,22.0,1.55,0,356,66,78,65,4,4,4
USER042,2025-08-06,7.6,18.7,28.5,3,94.9,21.76,5.89,2,326,68,96,127,0,5,3
USER042,2025-08-07,9.47,20.7,27.1,2,91.4,22.28,3.94,2,345,76,85,119,54,3,7
USER042,2025-08-08,8.27,27.0,27.7,1,93.7,21.72,7.43,4,269,79,64,99,32,4,6
USER042,2025-08-09,10.01,22.1,22.1,1,90.0,23.29,3.63,8,267,80,76,103,17,4,5
USER042,2025-08-10,10.2,30.6,19.4,1,96.7,22.95,3.91,2,220,77,89,41,14,3,3
USER042,2025-08-11,8.7,21.0,22.4,1,92.2,22.12,4.87,2,318,100,76,95,42,4,4
USER042,2025-08-12,8.87,23.2,26.5,1,97.8,22.28,5.87,5,237,91,60,123,28,2,7
USER042,2025-08-13,9.04,25.1,32.2,1,96.9,22.36,7.01,4,200,80,82,192,33,7,4
USER042,2025-08-14,9.2,23.8,31.7,1,87.5,22.35,7.81,3,390,84,100,432,7,2,4
USER042,2025-08-15,8.71,29.0,31.4,0,98.6,21.85,5.4,5,305,80,85,140,66,3,5
USER042,2025-08-16,8.92,33.1,29.0,3,95.8,23.39,4.99,6,238,84,90,21,49,5,8
USER042,2025-08-17,10.22,23.7,24.9,1,86.2,23.57,1.7,2,299,58,67,16,17,4,5
USER042,2025-08-18,9.41,23.1,19.3,0,94.4,21.65,4.04,5,348,88,85,41,116,2,7
USER042,2025-08-19,10.33,21.9,28.8,5,95.5,22.23,2.56,4,392,65,66,62,17,2,7
USER042,2025-08-20,6.91,30.0,28.5,1,99.8,21.55,2.14,1,242,85,43,22,1,6,2
USER042,2025-08-21,8.18,23.5,23.9,2,92.1,21.96,4.49,4,326,95,93,211,2,2,5
USER042,2025-08-22,8.41,16.4,19.0,2,83.8,22.18,3.69,4,278,83,98,169,29,3,4
USER042,2025-08-23,8.95,22.2,25.2,1,93.3,23.79,4.78,5,243,84,96,57,21,4,7
USER042,2025-08-24,8.59,15.6,22.9,1,96.5,22.53,5.56,3,279,85,97,173,49,5,8
USER042,2025-08-25,7.79,32.0,24.0,3,93.9,22.21,4.42,3,249,65,76,230,9,3,5
USER042,2025-08-26,9.33,28.5,21.0,0,97.1,22.33,6.83,2,344,72,84,210,8,2,4
USER042,2025-08-27,6.72,25.8,23.9,3,99.1,21.71,2.43,0,282,59,66,35,14,4,4
USER042,2025-08-28,8.48,23.0,30.8,2,92.4,21.53,6.51,4,302,79,82,65,2,4,5
USER042,2025-08-29,9.47,31.6,16.0,3,90.9,22.09,7.33,3,234,87,58,120,26,6,4
USER042,2025-08-30,7.0,24.8,32.8,0,96.7,23.84,5.64,0,392,62,60,45,25,6,7
USER042,2025-08-31,9.5,20.8,23.2,2,95.1,22.65,6.2,3,218,100,80,151,3,7,6
USER042,2025-09-01,7.59,24.9,30.2,3,98.1,22.06,4.02,5,272,60,76,84,2,2,5
USER042,2025-09-02,6.95,21.6,32.9,1,99.0,22.21,3.38,1,350,72,78,151,28,3,4
USER042,2025-09-03,8.62,20.6,26.5,0,94.0,22.21,8.32,5,200,81,85,287,10,5,6
USER042,2025-09-04,8.8,18.5,28.4,1,93.2,21.63,7.08,5,253,90,91,18,7,5,6
USER042,2025-09-05,9.52,27.2,40.1,2,91.5,22.01,3.65,5,235,86,99,32,30,2,7
USER042,2025-09-06,10.47,12.8,28.6,1,97.1,22.47,6.7,1,303,93,98,35,14,6,3
USER042,2025-09-07,10.25,25.3,34.3,1,94.4,23.47,5.14,1,269,87,83,61,19,5,8
USER042,2025-09-08,9.65,15.7,25.6,4,86.5,22.22,4.83,7,256,100,77,29,6,2,5
USER042,2025-09-09,7.49,26.5,20.5,3,93.2,21.59,4.23,1,353,58,69,324,6,2,3
USER042,2025-09-10,10.97,41.0,28.5,0,94.2,22.15,1.99,0,358,71,75,36,67,4,4
USER042,2025-09-11,7.08,22.1,23.6,1,91.7,22.23,6.89,0,292,72,84,24,13,4,4
USER042,2025-09-12,8.85,25.4,22.5,1,96.7,22.15,6.16,5,200,93,98,28,12,3,7
USER042,2025-09-13,9.08,26.8,25.3,1,93.8,23.99,7.43,2,328,84,100,54,8,1,3
USER042,2025-09-14,8.38,25.6,14.4,1,95.1,22.3,6.06,1,310,100,83,137,0,6,6
USER042,2025-09-15,8.34,36.8,28.4,1,93.2,22.09,2.04,8,290,98,93,200,1,4,3
USER042,2025-09-16,8.52,22.8,17.6,2,97.3,22.05,9.58,4,209,97,94,307,2,4,7
USER042,2025-09-17,8.22,26.3,31.2,4,94.8,22.13,3.25,1,293,78,78,17,5,4,5
USER042,2025-09-18,10.37,31.6,33.4,3,98.5,22.32,9.32,2,287,76,74,251,37,3,5
USER042,2025-09-19,8.04,31.8,23.7,6,98.4,21.68,7.74,6,308,74,60,56,70,4,7
USER042,2025-09-20,9.87,17.3,27.4,3,97.0,22.3,5.01,2,256,80,96,104,16,5,7
USER042,2025-09-21,10.73,27.1,23.4,1,94.7,22.11,3.62,2,327,63,66,129,0,6,4
USER042,2025-09-22,8.11,12.1,35.3,3,97.6,21.66,6.11,3,263,88,97,125,53,2,7
USER042,2025-09-23,7.92,26.2,18.1,1,99.2,22.1,5.22,0,250,66,58,94,23,3,5
USER042,2025-09-24,9.52,16.4,33.1,2,98.7,22.4,6.66,2,215,100,78,145,12,4,6
USER042,2025-09-25,8.57,28.1,24.8,0,98.9,21.54,3.32,7,281,99,73,211,3,4,6
USER042,2025-09-26,9.78,21.5,25.1,3,85.9,21.54,3.27,5,315,84,80,69,59,5,5
USER042,2025-09-27,10.36,22.8,19.6,2,92.5,23.59,5.36,4,359,95,68,54,4,5,6
USER042,2025-09-28,9.98,24.7,33.3,4,93.8,23.64,3.14,1,237,81,77,44,6,4,5
USER042,2025-09-29,8.41,29.1,30.6,2,88.8,22.14,3.4,4,298,79,74,172,8,2,5
USER042,2025-09-30,9.62,25.7,27.0,0,96.0,21.5,3.54,2,200,100,88,167,24,6,8
USER042,2025-10-01,9.11,20.7,34.9,2,89.7,21.59,5.87,4,232,86,98,136,44,3,5
USER042,2025-10-02,9.29,19.8,32.0,0,97.7,22.17,6.85,5,200,83,79,90,50,4,7
USER042,2025-10-03,7.59,30.5,19.7,3,95.0,22.48,4.58,1,283,59,71,33,8,1,5
USER042,2025-10-04,9.27,14.8,34.6,4,93.4,22.54,3.26,3,243,90,98,14,24,6,6
USER042,2025-10-05,9.18,29.6,22.5,0,94.0,22.02,5.21,4,290,100,80,52,12,4,7
USER042,2025-10-06,7.78,30.2,28.8,0,90.4,21.68,0.61,0,267,70,81,90,10,4,6
USER042,2025-10-07,8.04,32.1,28.2,1,95.4,22.48,2.42,4,306,78,100,66,14,5,8
USER042,2025-10-08,8.53,32.1,34.4,2,92.9,22.47,6.59,6,311,79,96,101,23,2,6
USER042,2025-10-09,8.12,18.4,28.0,5,98.2,21.86,4.09,3,326,73,66,103,42,5,6
USER042,2025-10-10,9.08,22.6,25.6,1,98.3,22.09,1.66,4,200,82,100,282,6,4,3
USER042,2025-10-11,10.8,25.7,22.9,1,93.4,23.32,5.42,1,326,64,70,135,2,6,5
USER042,2025-10-12,11.3,28.5,20.0,1,92.4,22.95,4.74,0,382,78,75,140,5,5,6
USER042,2025-10-13,7.77,30.0,26.8,2,87.3,22.35,3.24,2,200,63,88,43,44,5,5
USER042,2025-10-14,6.39,21.9,19.5,2,89.9,22.17,2.75,0,405,47,58,54,36,5,4
USER042,2025-10-15,7.97,31.5,23.1,1,91.5,22.05,6.67,1,248,86,87,58,11,3,4
USER042,2025-10-16,8.79,24.1,18.1,2,85.1,22.02,2.89,3,254,79,83,114,5,3,6
USER042,2025-10-17,7.99,35.1,28.7,0,91.2,21.63,6.28,4,234,63,73,62,0,5,7
USER042,2025-10-18,10.95,32.7,25.2,1,95.6,22.73,3.23,2,269,58,56,70,49,3,9
USER042,2025-10-19,10.84,30.5,28.0,2,93.0,22.58,3.77,4,325,77,68,131,18,2,4
USER042,2025-10-20,7.78,20.1,28.1,1,93.3,22.23,6.55,2,268,82,74,19,6,4,6
USER042,2025-10-21,6.57,15.3,29.7,0,96.7,21.98,3.9,0,333,61,63,162,59,4,7
USER042,2025-10-22,8.65,22.2,28.7,2,92.9,21.68,2.75,5,200,78,70,75,15,2,9
USER042,2025-10-23,8.17,32.6,16.1,1,95.9,22.27,4.0,3,200,100,81,25,11,4,7
USER042,2025-10-24,8.51,16.9,16.1,1,96.2,22.02,5.29,3,351,75,100,204,13,4,7
USER042,2025-10-25,9.72,25.2,18.5,0,92.3,23.7,4.23,3,333,58,75,65,15,4,7
USER042,2025-10-26,10.17,31.2,31.8,2,94.7,23.78,7.74,2,227,78,81,43,4,4,5
USER042,2025-10-27,7.08,31.8,27.4,3,87.1,22.28,2.15,2,372,79,62,76,28,4,4
USER042,2025-10-28,5.1,16.1,27.9,0,95.8,22.48,0.71,0,319,59,68,9,31,4,5
USER042,2025-10-29,8.58,13.7,35.6,4,81.9,22.19,5.16,2,249,70,78,37,2,5,8
USER042,2025-10-30,8.07,28.7,37.7,0,92.8,22.35,5.79,4,360,62,93,89,8,2,3
USER042,2025-10-31,9.44,27.6,34.1,2,92.6,21.89,7.36,4,259,87,100,134,16,3,6
USER042,2025-11-01,11.65,30.7,38.4,0,97.8,23.85,2.85,0,325,72,71,109,2,4,3
USER042,2025-11-02,9.14,21.4,26.6,1,97.2,22.06,5.53,4,261,75,88,177,23,4,7
USER042,2025-11-03,8.79,21.6,24.5,5,96.3,21.93,3.81,3,243,78,96,28,6,3,7
USER042,2025-11-04,7.85,26.5,23.3,5,91.9,21.82,5.25,1,316,92,82,133,22,2,8
USER042,2025-11-05,10.01,28.4,20.7,2,93.6,21.72,3.4,2,230,94,83,57,5,4,6
USER042,2025-11-06,8.02,16.6,15.2,0,96.5,22.42,3.97,0,265,84,82,20,34,5,6
USER043,2025-07-10,9.58,22.4,23.6,1,98.2,23.38,3.11,1,303,77,73,96,23,1,8
USER043,2025-07-11,7.3,24.5,26.9,3,90.1,23.96,5.21,4,210,94,71,88,56,7,4
USER043,2025-07-12,7.62,35.4,36.9,2,99.0,23.84,8.54,4,230,82,84,194,40,4,5
USER043,2025-07-13,10.29,39.1,23.4,1,95.7,25.03,4.63,1,304,71,58,146,24,4,5
USER043,2025-07-14,7.18,34.4,22.1,2,95.1,23.17,6.62,7,290,77,82,44,1,3,5
USER043,2025-07-15,7.5,17.5,30.3,3,93.0,23.72,6.04,2,220,77,77,30,5,4,5
USER043,2025-07-16,9.34,35.3,19.4,1,96.2,23.37,4.85,3,293,85,97,83,19,2,3
USER043,2025-07-17,6.98,26.6,18.7,1,98.3,23.55,6.01,8,221,100,78,127,22,3,4
USER043,2025-07-18,6.82,29.1,36.2,1,96.1,23.4,4.11,3,334,78,79,83,15,6,5
USER043,2025-07-19,7.5,19.5,25.7,1,97.6,24.37,6.87,2,226,72,80,103,37,3,8
USER043,2025-07-20,9.78,26.1,24.7,2,84.4,24.22,7.07,2,317,70,80,40,15,4,6
USER043,2025-07-21,7.01,30.9,26.3,2,93.3,23.41,3.68,2,243,77,63,42,7,6,6
USER043,2025-07-22,7.67,31.7,19.6,6,97.3,23.47,4.84,2,200,70,83,92,21,6,6
USER043,2025-07-23,7.05,21.7,22.8,0,93.4,23.42,6.73,2,309,82,68,110,14,4,6
USER043,2025-07-24,10.35,19.4,13.6,1,90.7,23.46,3.54,0,315,58,62,203,0,2,4
USER043,2025-07-25,7.9,28.0,39.8,1,97.2,23.72,3.61,5,305,84,78,143,19,4,6
USER043,2025-07-26,8.71,27.9,37.1,0,96.3,24.66,6.01,3,293,89,91,63,28,6,5
USER043,2025-07-27,9.9,22.9,25.9,3,85.9,25.28,5.17,2,365,66,85,41,50,3,6
USER043,2025-07-28,7.32,28.0,30.2,2,97.9,23.92,6.96,3,200,67,79,16,20,5,6
USER043,2025-07-29,8.36,18.2,28.9,1,81.3,23.73,6.13,4,268,89,94,271,20,4,8
USER043,2025-07-30,8.89,19.5,24.2,6,97.9,23.14,5.06,2,314,88,88,15,2,3,5
USER043,2025-07-31,7.89,21.4,34.8,5,98.0,23.29,7.97,6,324,80,95,99,0,4,6
USER043,2025-08-01,6.74,28.0,16.2,3,99.0,23.31,2.98,4,308,75,86,108,11,4,7
USER043,2025-08-02,9.41,29.9,36.8,0,98.9,24.3,3.3,4,281,89,74,126,2,5,6
USER043,2025-08-03,9.39,27.0,37.1,2,88.8,24.16,4.98,3,296,84,76,101,4,2,5
USER043,2025-08-04,7.65,33.2,23.7,3,95.7,23.15,4.87,5,212,81,87,115,36,3,7
USER043,2025-08-05,7.26,16.1,38.2,2,98.1,23.03,7.41,4,200,81,78,116,10,6,7
USER043,2025-08-06,6.98,23.6,26.8,1,94.0,23.42,3.63,1,222,75,78,387,17,4,6
USER043,2025-08-07,7.17,33.7,20.3,0,83.8,23.49,5.69,2,365,68,80,27,23,4,5
USER043,2025-08-08,7.32,25.6,27.1,3,87.9,23.97,4.89,7,319,65,100,215,0,3,7
USER043,2025-08-09,8.24,18.9,33.3,2,94.6,24.35,5.86,7,200,91,100,89,7,7,5
USER043,2025-08-10,8.84,18.4,27.1,0,93.8,24.35,2.78,7,285,92,90,83,23,2,7
USER043,2025-08-11,7.26,41.5,24.0,4,95.1,23.1,5.5,6,268,78,96,55,0,5,6
USER043,2025-08-12,8.65,16.4,25.4,4,86.3,23.17,5.61,8,315,76,78,120,18,2,7
USER043,2025-08-13,5.33,13.4,27.1,0,93.6,23.08,4.81,1,375,70,56,233,1,2,6
USER043,2025-08-14,8.66,16.3,29.1,2,90.9,23.54,5.62,5,252,85,68,149,21,7,3
USER043,2025-08-15,7.93,31.5,30.2,3,95.9,23.38,6.11,4,254,98,82,100,27,6,6
USER043,2025-08-16,8.59,32.7,27.7,0,96.0,24.64,7.44,5,230,91,75,211,2,4,4
USER043,2025-08-17,9.34,32.2,32.9,2,89.6,24.08,6.26,2,321,73,78,68,7,3,7
USER043,2025-08-18,7.84,17.1,30.1,0,95.8,23.45,7.6,2,262,88,79,64,7,4,5
USER043,2025-08-19,8.66,34.9,22.6,2,87.5,23.88,5.72,2,247,67,84,11,38,2,7
USER043,2025-08-20,8.15,36.4,24.2,0,92.8,23.83,7.25,1,396,74,82,70,5,7,4
USER043,2025-08-21,7.99,24.0,23.1,5,91.2,23.41,6.13,1,270,75,95,63,11,2,7
USER043,2025-08-22,6.89,19.7,26.5,1,88.8,23.11,6.65,3,386,100,69,125,30,5,7
USER043,2025-08-23,8.96,24.8,36.7,2,90.9,25.09,3.68,2,200,91,85,40,17,3,6
USER043,2025-08-24,8.74,21.9,34.1,2,90.6,24.26,3.94,2,339,100,62,78,19,2,5
USER043,2025-08-25,9.67,34.0,34.9,2,95.3,23.49,6.05,6,360,84,77,44,8,4,7
USER043,2025-08-26,6.44,19.4,28.3,1,92.3,23.25,3.27,1,296,48,86,117,23,3,7
USER043,2025-08-27,7.47,16.7,21.7,0,99.6,23.14,6.29,5,200,97,100,75,12,4,5
USER043,2025-08-28,6.6,14.7,35.1,0,95.4,23.91,3.34,3,319,74,77,172,5,6,5
USER043,2025-08-29,9.98,22.2,34.1,0,94.2,23.99,7.19,2,347,79,72,24,6,5,8
USER043,2025-08-30,7.54,28.5,37.9,4,95.6,25.29,7.32,3,233,90,71,20,15,5,8
USER043,2025-08-31,8.06,21.1,27.7,5,84.4,24.24,5.03,5,314,100,91,166,1,5,7
USER043,2025-09-01,6.65,27.4,36.9,1,94.6,23.38,2.37,5,290,71,84,126,10,2,3
USER043,2025-09-02,6.46,12.2,32.4,0,97.0,23.07,6.31,3,328,69,82,174,16,3,6
USER043,2025-09-03,9.17,24.3,16.4,3,97.4,23.45,7.09,5,412,71,94,211,7,3,8
USER043,2025-09-04,7.55,13.2,21.7,5,97.4,23.69,5.92,1,233,86,71,86,74,2,7
USER043,2025-09-05,7.38,30.4,36.7,3,94.6,23.1,3.9,5,200,93,76,83,48,3,4
USER043,2025-09-06,10.18,34.5,20.9,2,97.4,24.76,3.36,1,428,70,78,59,13,6,4
USER043,2025-09-07,9.24,20.2,27.4,2,87.1,23.76,4.67,4,283,72,76,110,11,4,6
USER043,2025-09-08,6.67,27.6,29.5,3,96.7,23.63,3.98,3,209,72,95,33,33,6,5
USER043,2025-09-09,8.33,25.8,33.4,5,99.4,23.29,2.85,3,292,89,73,80,17,3,5
USER043,2025-09-10,7.81,23.7,28.8,2,99.3,23.3,4.38,4,222,90,100,31,1,4,7
USER043,2025-09-11,7.77,17.5,24.2,3,94.8,23.03,5.15,5,302,88,91,117,2,7,5
USER043,2025-09-12,8.96,29.6,16.9,2,95.2,23.64,5.74,5,322,84,75,41,35,5,4
USER043,2025-09-13,9.38,20.4,25.3,3,94.2,23.84,5.38,2,321,79,77,9,15,1,5
USER043,2025-09-14,9.04,30.6,29.5,0,95.2,23.81,3.88,5,307,76,77,169,31,3,5
USER043,2025-09-15,7.32,15.8,30.3,0,98.7,23.1,6.6,6,262,82,79,61,17,3,4
USER043,2025-09-16,7.09,22.8,16.6,3,97.6,23.91,4.63,3,274,84,100,151,8,4,6
USER043,2025-09-17,8.8,24.1,14.0,4,97.2,23.09,4.26,5,275,82,91,13,22,2,8
USER043,2025-09-18,10.56,36.8,31.4,1,94.8,23.25,5.32,0,276,69,100,37,5,5,5
USER043,2025-09-19,7.71,20.3,35.9,1,88.1,23.53,3.99,5,348,79,69,70,38,4,5
USER043,2025-09-20,8.03,20.2,30.4,1,89.6,24.01,5.45,5,349,83,65,74,14,2,7
USER043,2025-09-21,7.78,21.4,39.1,1,92.3,23.89,6.53,2,239,95,83,162,1,6,4
USER043,2025-09-22,8.7,15.2,37.8,0,89.1,23.72,5.28,3,254,52,80,184,24,4,5
USER043,2025-09-23,6.38,26.9,31.8,0,95.2,23.65,6.38,4,272,69,97,63,23,2,5
USER043,2025-09-24,5.79,18.5,25.8,0,96.0,23.51,5.55,2,338,62,76,58,11,6,3
USER043,2025-09-25,8.29,37.6,26.2,3,95.8,23.4,6.47,4,230,77,80,229,0,3,8
USER043,2025-09-26,7.39,32.2,31.1,1,96.0,23.83,7.98,4,200,87,79,89,14,6,6
USER043,2025-09-27,8.4,12.5,20.8,4,98.6,23.68,7.47,6,239,87,85,36,8,5,7
USER043,2025-09-28,7.82,22.4,29.6,2,93.9,25.37,4.71,3,238,87,95,25,10,5,6
USER043,2025-09-29,7.25,23.9,20.8,1,97.9,23.61,5.63,3,293,83,51,140,81,5,6
USER043,2025-09-30,8.54,30.1,23.3,1,96.8,23.57,3.37,3,281,75,84,397,26,5,5
USER043,2025-10-01,6.52,30.4,30.8,0,89.5,23.98,5.05,3,200,72,72,114,10,6,3
USER043,2025-10-02,7.79,34.1,28.3,2,92.4,23.94,7.67,4,239,91,79,129,15,3,7
USER043,2025-10-03,6.8,19.5,23.6,2,95.4,23.98,5.43,0,442,85,86,13,19,3,8
USER043,2025-10-04,9.59,16.5,20.1,0,94.9,24.85,3.49,1,406,58,71,44,8,5,5
USER043,2025-10-05,9.39,33.8,33.2,2,98.8,24.79,4.03,3,324,77,76,58,12,3,6
USER043,2025-10-06,7.47,16.2,23.4,3,93.9,23.65,5.58,2,312,84,79,87,2,5,5
USER043,2025-10-07,7.22,30.3,27.3,0,97.4,23.01,4.79,2,320,97,60,39,12,3,8
USER043,2025-10-08,6.78,24.6,37.5,0,90.3,23.57,4.1,4,296,72,79,134,25,2,6
USER043,2025-10-09,7.08,36.7,30.2,2,90.7,23.4,6.47,2,349,85,85,63,4,1,6
USER043,2025-10-10,8.39,15.0,34.7,1,94.6,23.64,3.4,2,208,79,93,156,45,4,7
USER043,2025-10-11,8.44,20.6,19.2,0,87.8,24.6,7.52,5,283,64,98,367,9,5,6
USER043,2025-10-12,9.25,27.9,17.9,2,91.2,23.8,6.5,4,298,82,80,15,29,5,4
USER043,2025-10-13,6.52,25.2,25.2,3,94.5,23.22,3.9,0,249,90,62,91,3,5,8
USER043,2025-10-14,7.73,21.6,27.8,1,92.4,23.65,6.9,4,254,82,89,29,21,5,5
USER043,2025-10-15,7.71,24.5,23.6,1,91.5,23.86,5.04,7,336,75,89,40,94,6,4
USER043,2025-10-16,8.85,23.6,22.5,4,95.2,23.17,5.6,3,331,97,86,96,6,6,8
USER043,2025-10-17,6.05,31.2,35.4,2,89.2,23.26,5.59,1,356,67,81,108,39,5,4
USER043,2025-10-18,8.29,18.1,29.9,2,98.2,25.47,5.29,4,333,76,87,73,24,2,5
USER043,2025-10-19,9.17,28.2,30.3,0,96.8,25.25,8.3,1,309,63,76,232,2,7,8
USER043,2025-10-20,7.99,23.7,14.0,1,91.5,23.06,6.73,6,305,80,91,68,5,1,7
USER043,2025-10-21,7.88,27.1,33.4,3,97.3,23.14,5.15,7,266,85,65,86,3,4,4
USER043,2025-10-22,9.1,18.9,35.7,2,99.0,23.25,5.12,7,342,69,97,218,22,3,4
USER043,2025-10-23,7.77,25.6,31.7,2,94.5,23.95,8.57,9,331,76,90,115,16,3,5
USER043,2025-10-24,5.94,24.0,30.3,0,84.9,23.86,5.77,1,345,74,68,30,53,5,3
USER043,2025-10-25,7.55,27.9,22.7,1,92.2,24.65,4.58,2,229,88,81,33,8,2,7
USER043,2025-10-26,8.17,21.3,25.6,2,94.7,24.8,6.86,7,235,100,94,57,32,5,8
USER043,2025-10-27,7.61,16.8,37.4,1,89.1,23.34,8.24,6,259,73,62,68,6,5,7
USER043,2025-10-28,7.62,27.3,21.8,1,99.2,23.02,7.44,4,241,81,94,24,32,4,8
USER043,2025-10-29,7.61,20.2,20.7,1,95.7,23.35,3.25,1,319,83,78,54,46,4,4
USER043,2025-10-30,8.57,21.5,23.5,1,93.9,23.61,5.48,1,331,62,85,159,5,4,6
USER043,2025-10-31,9.9,32.3,22.8,3,91.3,23.33,4.74,1,243,52,78,102,11,4,9
USER043,2025-11-01,8.08,19.2,29.1,4,88.8,23.65,9.26,2,247,88,97,244,15,4,6
USER043,2025-11-02,8.64,20.4,17.8,0,96.0,24.56,4.96,3,232,78,85,1,12,6,4
USER043,2025-11-03,7.51,22.4,27.3,2,92.6,23.63,5.49,3,306,74,59,86,10,4,7
USER043,2025-11-04,7.96,32.2,24.0,0,98.4,23.93,7.46,5,200,93,85,142,3,3,4
USER043,2025-11-05,6.92,17.3,34.9,1,95.1,23.43,4.28,2,247,58,76,50,24,3,5
USER043,2025-11-06,7.83,26.5,28.3,2,94.2,23.02,8.1,4,211,85,85,135,10,2,5
USER044,2025-07-10,5.33,23.8,31.4,3,96.5,23.05,2.69,0,298,78,94,28,4,3,5
USER044,2025-07-11,6.23,31.8,32.0,1,96.0,23.01,2.71,7,277,75,80,104,26,3,7
USER044,2025-07-12,6.95,38.4,31.7,2,94.4,24.69,5.62,2,233,76,81,64,5,3,6
USER044,2025-07-13,7.86,37.9,28.8,2,95.9,24.76,2.37,5,315,84,72,173,42,7,4
USER044,2025-07-14,8.89,13.4,34.3,2,91.2,23.41,5.03,1,321,82,78,124,2,2,6
USER044,2025-07-15,5.89,29.2,23.3,3,92.9,23.48,5.71,5,260,76,85,94,89,5,7
USER044,2025-07-16,6.41,32.0,19.4,2,94.0,23.27,4.47,2,315,69,86,38,21,4,6
USER044,2025-07-17,6.77,16.2,23.3,1,95.4,23.65,3.96,7,270,95,82,128,17,3,3
USER044,2025-07-18,6.93,39.1,32.3,1,98.6,23.61,4.97,8,219,87,88,79,40,2,7
USER044,2025-07-19,9.25,34.4,24.1,4,96.5,25.34,7.31,1,347,65,72,22,13,4,7
USER044,2025-07-20,6.58,16.3,35.6,5,89.7,24.75,7.44,1,343,88,82,206,7,1,7
USER044,2025-07-21,7.05,30.1,23.3,2,91.5,23.75,3.39,1,315,89,80,138,6,2,5
USER044,2025-07-22,6.91,32.1,21.0,0,84.6,23.06,3.63,1,231,83,71,47,7,4,8
USER044,2025-07-23,6.56,20.9,23.8,1,97.8,23.33,5.4,4,272,98,100,136,11,5,8
USER044,2025-07-24,6.28,15.8,16.5,2,95.0,23.01,7.2,3,289,85,89,109,7,3,6
USER044,2025-07-25,5.37,33.3,17.1,2,92.7,23.58,5.26,4,200,84,99,107,1,1,7
USER044,2025-07-26,8.15,25.9,33.5,3,96.7,24.92,4.7,2,245,67,68,139,52,3,7
USER044,2025-07-27,6.84,32.8,35.8,4,91.6,25.46,7.45,6,284,97,100,102,13,4,7
USER044,2025-07-28,7.43,28.9,26.1,5,94.7,23.77,6.38,6,326,74,69,120,0,3,6
USER044,2025-07-29,7.06,30.8,20.3,2,96.9,23.48,6.15,2,284,98,79,167,12,5,7
USER044,2025-07-30,6.25,12.5,28.3,2,94.4,23.49,3.99,3,260,69,87,137,26,4,6
USER044,2025-07-31,7.28,35.2,27.0,0,95.7,23.06,4.53,2,249,98,100,116,61,5,6
USER044,2025-08-01,5.67,18.6,33.6,4,92.6,23.42,6.01,2,273,77,83,47,14,4,4
USER044,2025-08-02,9.01,18.1,25.1,2,98.8,23.56,4.58,1,313,57,66,210,6,3,5
USER044,2025-08-03,8.18,20.3,29.7,7,96.4,25.27,5.12,0,256,68,89,114,30,3,5
USER044,2025-08-04,6.74,24.2,40.6,3,92.5,23.19,4.9,3,285,66,76,449,61,4,7
USER044,2025-08-05,7.34,22.6,19.0,1,88.0,23.66,5.34,3,226,100,82,271,8,4,6
USER044,2025-08-06,6.23,14.6,28.5,4,91.5,23.92,7.29,2,287,88,62,73,28,2,5
USER044,2025-08-07,6.82,14.3,25.9,5,92.8,23.47,6.7,4,227,84,94,44,31,5,5
USER044,2025-08-08,5.96,21.3,17.5,0,95.6,23.46,4.76,4,382,65,87,31,30,3,4
USER044,2025-08-09,7.14,35.0,18.6,3,97.9,24.28,5.96,3,284,74,93,398,2,4,5
USER044,2025-08-10,8.11,30.1,37.2,2,92.2,24.34,5.13,2,316,89,76,116,27,2,5
USER044,2025-08-11,4.0,17.3,22.3,0,98.1,23.14,3.2,0,466,67,63,18,12,3,8
USER044,2025-08-12,7.66,34.8,31.5,3,92.8,24.0,6.89,5,263,89,82,182,3,3,6
USER044,2025-08-13,7.82,38.1,20.9,4,94.4,23.62,5.28,5,200,75,76,55,26,3,6
USER044,2025-08-14,5.93,16.9,30.4,4,94.1,23.45,5.67,8,292,82,96,391,29,6,5
USER044,2025-08-15,8.03,20.2,23.4,5,98.0,23.51,3.32,2,356,58,58,95,13,4,6
USER044,2025-08-16,8.61,25.6,24.0,0,95.4,23.51,6.18,4,323,51,75,18,15,5,7
USER044,2025-08-17,8.72,37.9,23.9,1,97.4,24.0,5.92,2,292,72,75,35,20,5,5
USER044,2025-08-18,5.08,31.5,28.8,3,91.9,23.78,2.39,3,276,68,91,205,63,4,5
USER044,2025-08-19,4.37,20.9,32.9,2,99.2,23.27,5.68,1,260,58,52,165,14,3,5
USER044,2025-08-20,5.79,26.2,22.1,4,92.1,23.59,6.43,1,247,70,95,43,10,3,6
USER044,2025-08-21,6.34,39.4,31.2,2,96.5,23.25,7.13,2,284,87,98,40,9,2,7
USER044,2025-08-22,7.45,41.3,27.4,2,92.3,23.05,6.02,1,282,72,83,125,56,5,4
USER044,2025-08-23,6.98,27.6,23.3,2,88.8,25.37,8.26,1,223,66,85,97,84,4,9
USER044,2025-08-24,7.7,22.4,31.0,1,95.0,24.32,2.4,4,226,79,100,223,12,3,5
USER044,2025-08-25,5.51,32.0,34.0,3,95.9,23.33,7.3,2,290,79,56,48,120,2,7
USER044,2025-08-26,6.37,26.3,28.2,4,95.6,23.57,5.55,4,331,100,70,37,46,3,5
USER044,2025-08-27,6.01,19.0,29.1,5,97.6,23.69,7.88,2,264,70,83,149,5,5,3
USER044,2025-08-28,6.39,23.8,21.3,0,91.9,23.29,6.72,4,253,75,90,12,9,5,6
USER044,2025-08-29,5.08,21.1,17.3,1,92.4,23.29,4.32,0,257,86,62,209,28,4,6
USER044,2025-08-30,7.83,32.8,23.3,2,93.9,23.94,7.4,4,308,96,78,145,1,6,5
USER044,2025-08-31,7.95,21.2,32.6,2,98.1,23.52,4.97,1,277,65,92,115,24,2,5
USER044,2025-09-01,5.65,16.1,25.0,4,97.1,23.1,5.9,5,269,72,81,142,4,4,7
USER044,2025-09-02,6.63,19.7,33.1,2,95.6,23.13,5.88,7,263,75,100,75,4,8,5
USER044,2025-09-03,7.36,27.3,26.1,1,97.0,23.02,3.11,3,290,70,100,39,16,3,5
USER044,2025-09-04,5.77,15.6,27.4,4,96.7,23.28,5.49,2,307,80,69,24,19,5,4
USER044,2025-09-05,6.33,30.2,34.5,1,98.6,23.46,6.77,3,282,82,92,129,5,2,4
USER044,2025-09-06,9.4,27.8,27.0,0,94.3,25.19,3.3,1,350,66,70,47,7,2,5
USER044,2025-09-07,7.6,15.6,33.0,1,89.2,23.63,7.09,2,289,90,100,73,2,3,8
USER044,2025-09-08,5.59,38.3,26.1,3,93.6,23.55,4.27,5,326,79,100,89,39,4,6
USER044,2025-09-09,5.77,28.7,24.0,3,94.3,23.65,4.11,3,347,87,80,51,38,4,6
USER044,2025-09-10,6.23,18.0,21.0,2,95.3,23.62,5.04,2,252,77,87,51,20,1,6
USER044,2025-09-11,6.22,14.6,19.2,1,87.9,23.18,5.9,4,325,81,86,48,48,4,5
USER044,2025-09-12,5.41,26.1,22.0,4,97.7,23.45,3.87,1,337,60,71,101,8,1,5
USER044,2025-09-13,7.38,25.3,25.1,1,98.0,23.89,7.93,3,329,92,90,302,11,3,8
USER044,2025-09-14,7.27,19.5,31.6,0,98.4,25.37,5.78,5,320,99,79,262,25,6,7
USER044,2025-09-15,5.11,26.0,17.5,1,96.0,23.8,6.14,4,291,79,68,61,4,2,4
USER044,2025-09-16,6.56,32.3,27.9,1,92.0,23.18,5.92,5,244,85,89,32,9,1,3
USER044,2025-09-17,6.62,15.7,31.5,3,97.5,23.97,6.09,5,299,100,81,253,12,5,5
USER044,2025-09-18,7.22,36.4,16.5,2,96.1,23.9,5.33,4,254,91,99,70,14,5,4
USER044,2025-09-19,5.37,26.0,34.3,2,96.0,23.33,2.92,3,292,50,71,82,10,4,5
USER044,2025-09-20,6.91,19.0,33.9,2,86.1,23.7,3.59,5,289,100,64,58,23,3,5
USER044,2025-09-21,6.32,16.6,24.0,3,92.5,23.67,3.67,1,322,86,84,84,14,2,6
USER044,2025-09-22,7.39,35.2,16.1,3,94.3,23.32,4.92,7,243,86,82,101,18,4,8
USER044,2025-09-23,6.47,28.7,30.7,5,87.1,23.54,7.18,5,318,96,65,59,89,2,6
USER044,2025-09-24,6.0,11.6,24.1,4,83.0,23.59,4.28,2,387,60,72,126,14,6,6
USER044,2025-09-25,6.55,22.6,39.9,2,94.1,23.88,6.55,7,263,89,83,41,45,5,6
USER044,2025-09-26,5.55,15.9,22.2,2,98.4,23.51,2.2,5,323,65,85,92,33,4,6
USER044,2025-09-27,8.13,22.0,29.8,3,94.0,25.38,5.01,5,321,62,79,166,13,6,7
USER044,2025-09-28,9.61,35.7,28.1,2,92.1,25.09,1.63,0,271,60,77,67,8,2,3
USER044,2025-09-29,5.69,35.9,19.5,0,85.5,23.4,5.42,4,240,68,64,80,3,3,3
USER044,2025-09-30,6.13,22.1,25.3,2,92.8,23.05,8.91,4,424,89,87,142,20,5,6
USER044,2025-10-01,5.4,12.1,22.9,1,89.7,23.2,6.18,4,334,78,89,58,0,6,7
USER044,2025-10-02,6.3,21.6,32.9,6,97.4,23.66,5.44,1,280,83,87,25,13,6,5
USER044,2025-10-03,5.91,23.2,23.5,0,93.6,23.86,6.96,0,334,79,88,152,7,6,7
USER044,2025-10-04,7.66,24.3,29.6,3,89.7,24.34,7.25,5,218,81,72,6,12,7,8
USER044,2025-10-05,8.19,17.7,29.0,1,99.3,24.92,5.58,1,267,70,70,124,14,3,4
USER044,2025-10-06,7.01,14.6,26.1,2,96.3,23.13,7.5,2,327,82,87,128,65,2,7
USER044,2025-10-07,7.05,20.7,27.4,2,97.0,23.27,7.8,6,251,72,78,84,7,3,9
USER044,2025-10-08,6.44,32.9,29.7,0,97.3,23.79,7.49,4,266,97,85,38,12,4,7
USER044,2025-10-09,7.8,25.5,31.3,1,96.4,23.89,4.37,2,329,59,79,120,20,3,8
USER044,2025-10-10,5.85,32.0,32.0,3,92.8,23.69,7.15,3,319,67,73,101,48,2,7
USER044,2025-10-11,6.18,19.1,33.1,4,90.9,24.74,2.59,3,267,77,86,122,6,3,6
USER044,2025-10-12,8.08,25.5,26.3,1,96.5,24.68,4.05,1,286,90,75,118,25,2,6
USER044,2025-10-13,6.43,25.4,23.5,0,88.3,23.3,2.59,4,278,76,92,161,35,6,3
USER044,2025-10-14,6.05,24.6,26.1,1,93.2,23.19,3.76,1,305,80,62,138,15,4,5
USER044,2025-10-15,7.52,19.9,35.8,3,98.5,23.14,5.16,7,376,64,92,101,10,2,6
USER044,2025-10-16,8.6,30.5,35.4,1,94.6,23.43,4.68,3,252,83,63,23,10,2,2
USER044,2025-10-17,6.95,37.4,25.8,1,95.2,23.41,6.01,4,334,88,76,69,120,4,5
USER044,2025-10-18,8.31,17.0,29.9,3,97.7,24.44,5.48,2,235,65,62,15,3,3,6
USER044,2025-10-19,7.46,35.5,34.6,0,93.4,25.47,3.15,4,282,100,80,119,56,6,8
USER044,2025-10-20,6.45,39.1,23.9,4,96.2,23.68,6.86,1,297,94,57,88,10,4,3
USER044,2025-10-21,7.37,23.2,23.1,1,97.2,23.13,6.4,6,280,89,67,164,1,3,5
USER044,2025-10-22,7.91,30.6,30.2,0,98.4,23.08,4.85,2,328,88,80,10,6,6,5
USER044,2025-10-23,7.88,22.2,25.0,0,94.2,23.81,7.2,6,259,77,73,37,37,6,6
USER044,2025-10-24,7.25,21.1,19.8,2,95.1,23.08,6.61,6,284,92,65,104,27,4,8
USER044,2025-10-25,8.63,28.6,27.4,3,94.7,25.12,4.98,1,311,67,87,202,12,4,7
USER044,2025-10-26,6.86,28.0,26.4,1,94.7,24.18,4.05,6,221,71,95,127,58,3,4
USER044,2025-10-27,7.08,26.7,31.5,1,96.5,23.48,5.8,9,262,83,100,83,7,6,6
USER044,2025-10-28,6.32,14.2,30.0,0,95.5,23.54,5.39,7,271,81,77,95,26,3,6
USER044,2025-10-29,9.54,35.0,20.3,2,99.2,23.76,4.4,1,348,48,68,223,4,5,3
USER044,2025-10-30,5.51,27.2,21.1,2,89.5,23.42,2.98,3,255,76,79,157,16,7,7
USER044,2025-10-31,8.02,25.1,27.0,4,89.4,23.08,4.85,3,339,86,64,52,13,7,4
USER044,2025-11-01,7.3,17.5,21.2,1,92.9,24.43,5.49,5,278,91,72,251,24,1,6
USER044,2025-11-02,7.05,18.6,32.8,3,89.9,24.87,6.7,3,256,91,75,58,16,4,3
USER044,2025-11-03,7.23,30.0,35.7,3,95.5,23.79,4.57,4,226,95,64,35,12,5,4
USER044,2025-11-04,7.25,17.2,36.1,2,93.6,23.99,3.56,1,271,100,87,98,19,1,5
USER044,2025-11-05,5.11,24.0,28.3,1,87.0,23.88,3.12,2,332,55,83,71,17,1,7
USER044,2025-11-06,6.71,29.3,18.6,3,86.2,23.2,5.18,5,258,88,86,98,9,2,6
USER045,2025-07-10,5.86,30.7,34.3,1,92.6,21.8,6.0,4,286,87,76,23,4,5,4
USER045,2025-07-11,8.24,30.0,31.2,2,97.2,22.44,6.16,3,332,79,88,61,6,4,4
USER045,2025-07-12,9.26,29.3,32.2,0,92.9,22.93,1.86,0,297,64,66,144,41,4,5
USER045,2025-07-13,8.05,27.4,25.3,1,97.2,22.42,4.71,0,280,84,84,4,10,4,8
USER045,2025-07-14,6.92,29.5,20.4,1,86.4,22.47,8.19,3,200,80,66,68,1,5,5
USER045,2025-07-15,5.09,19.6,32.8,1,96.6,22.03,6.14,3,200,86,81,149,32,5,8
USER045,2025-07-16,5.95,16.9,23.9,0,91.6,22.15,4.04,1,341,77,93,58,25,3,4
USER045,2025-07-17,6.86,15.2,31.1,2,91.2,22.1,4.13,5,275,74,91,30,1,3,6
USER045,2025-07-18,4.0,22.3,23.2,1,94.0,21.53,5.01,0,284,54,89,165,36,4,6
USER045,2025-07-19,8.47,24.2,36.3,5,99.4,22.43,4.59,5,279,71,56,108,61,3,6
USER045,2025-07-20,6.26,26.1,35.9,1,93.6,23.33,5.71,3,239,69,75,51,40,4,4
USER045,2025-07-21,8.01,30.5,24.7,2,96.6,22.44,7.7,6,362,68,84,143,17,4,6
USER045,2025-07-22,6.76,25.5,17.7,0,87.5,22.14,3.2,4,247,94,85,58,31,2,7
USER045,2025-07-23,6.44,30.1,20.5,2,88.5,22.15,5.94,7,252,89,76,87,6,4,6
USER045,2025-07-24,6.81,40.1,17.0,2,94.5,21.7,4.49,9,289,77,71,18,9,2,5
USER045,2025-07-25,4.88,26.1,21.0,1,95.1,22.44,6.25,6,293,81,62,110,50,4,7
USER045,2025-07-26,9.37,27.3,24.7,1,89.5,23.35,5.57,1,319,76,75,53,30,4,7
USER045,2025-07-27,7.38,24.8,19.0,1,87.2,22.41,5.98,1,239,86,66,137,34,4,3
USER045,2025-07-28,4.0,23.8,19.7,3,87.6,21.74,4.46,0,284,55,62,91,7,4,5
USER045,2025-07-29,6.77,16.4,19.8,2,98.5,21.75,6.26,4,200,68,83,43,16,2,6
USER045,2025-07-30,7.02,25.1,19.2,1,94.3,22.05,6.72,5,200,94,83,64,13,2,6
USER045,2025-07-31,5.62,33.2,28.4,6,95.4,22.11,4.54,3,301,92,65,255,6,6,6
USER045,2025-08-01,5.87,17.9,19.8,3,97.3,21.84,6.37,3,268,81,66,228,2,2,6
USER045,2025-08-02,7.64,20.8,17.6,3,93.0,22.3,4.1,3,328,71,80,18,2,5,5
USER045,2025-08-03,6.19,24.8,22.2,2,94.6,23.66,4.11,3,322,91,98,124,8,7,7
USER045,2025-08-04,6.85,27.1,32.6,2,93.4,22.32,7.69,3,255,87,84,148,2,5,5
USER045,2025-08-05,8.12,14.1,27.5,2,99.8,22.32,5.19,5,272,78,88,130,52,3,3
USER045,2025-08-06,7.82,14.2,22.3,0,96.5,21.54,5.66,4,231,75,71,164,18,3,7
USER045,2025-08-07,6.49,21.7,37.3,2,92.3,21.69,3.86,8,223,96,91,45,11,2,8
USER045,2025-08-08,5.66,27.8,24.1,0,94.6,21.83,4.41,6,316,81,83,256,41,4,4
USER045,2025-08-09,6.81,26.0,32.2,4,94.6,22.97,2.37,5,233,85,85,84,64,3,7
USER045,2025-08-10,6.83,16.0,13.1,1,94.6,22.04,6.32,7,282,100,75,70,35,5,6
USER045,2025-08-11,5.66,28.9,27.5,0,89.3,21.87,4.81,7,334,56,53,50,0,3,4
USER045,2025-08-12,6.57,28.0,24.9,1,94.0,22.49,5.82,3,294,89,69,172,0,4,5
USER045,2025-08-13,5.41,35.0,42.0,1,91.4,22.02,1.76,2,244,58,78,58,45,5,8
USER045,2025-08-14,6.44,29.0,31.2,2,96.7,21.79,7.84,5,239,89,98,95,6,4,5
USER045,2025-08-15,6.99,19.3,25.7,5,91.3,22.39,4.24,8,229,88,75,111,4,7,5
USER045,2025-08-16,6.84,20.7,33.9,3,95.4,23.87,6.51,4,283,84,84,43,9,3,6
USER045,2025-08-17,6.85,19.3,30.1,1,97.0,23.04,6.73,5,288,77,87,200,39,8,8
USER045,2025-08-18,4.49,28.3,16.6,0,97.6,21.62,4.1,0,439,66,58,20,11,3,3
USER045,2025-08-19,8.77,32.5,37.9,0,89.5,21.92,4.17,2,342,70,66,44,40,4,3
USER045,2025-08-20,7.3,20.1,37.3,3,81.9,22.12,6.77,4,301,84,82,35,7,5,4
USER045,2025-08-21,5.64,30.3,22.1,3,95.1,22.37,7.18,3,290,72,95,173,6,3,5
USER045,2025-08-22,6.87,26.2,34.2,2,95.4,21.51,7.57,4,317,84,72,24,26,4,7
USER045,2025-08-23,7.36,23.8,36.2,4,91.2,22.62,4.33,3,353,85,55,86,5,5,4
USER045,2025-08-24,7.56,21.2,27.3,4,93.9,23.91,6.1,0,322,62,100,37,18,2,7
USER045,2025-08-25,5.72,25.9,23.6,2,88.6,21.57,5.39,4,311,91,74,40,2,6,3
USER045,2025-08-26,5.57,24.9,21.6,3,87.9,21.59,5.47,2,241,71,81,11,24,3,8
USER045,2025-08-27,5.0,17.3,34.9,3,95.9,21.64,6.66,4,322,70,89,62,18,6,8
USER045,2025-08-28,5.68,24.1,25.8,2,95.3,22.37,7.6,3,223,61,71,58,17,5,4
USER045,2025-08-29,6.0,25.8,34.3,5,91.7,22.02,5.1,4,292,80,87,30,1,3,4
USER045,2025-08-30,7.26,24.0,26.1,1,91.7,22.27,3.56,1,393,95,82,48,38,2,8
USER045,2025-08-31,8.19,29.7,29.5,3,87.3,23.29,2.92,2,322,55,89,99,11,5,3
USER045,2025-09-01,5.12,23.0,37.8,1,86.8,22.25,3.94,2,390,72,52,87,12,2,5
USER045,2025-09-02,6.45,21.4,41.0,0,95.9,22.02,5.09,6,257,90,79,59,29,5,7
USER045,2025-09-03,6.92,20.0,27.9,1,90.7,22.13,4.24,4,291,97,70,106,30,4,5
USER045,2025-09-04,6.26,33.8,23.3,3,88.3,22.41,5.76,3,372,86,87,27,8,4,7
USER045,2025-09-05,6.5,25.9,41.1,5,93.7,21.63,4.29,3,234,74,92,97,59,1,6
USER045,2025-09-06,9.3,25.7,23.4,3,98.0,22.62,6.29,1,234,66,38,26,15,5,6
USER045,2025-09-07,7.29,17.3,18.1,1,95.6,22.54,5.83,5,220,95,88,86,29,2,7
USER045,2025-09-08,6.45,17.6,26.3,1,92.2,22.11,6.81,7,277,80,61,51,50,2,4
USER045,2025-09-09,5.72,28.0,30.5,4,85.8,22.25,8.1,3,221,73,78,174,72,4,7
USER045,2025-09-10,5.79,25.4,30.8,1,95.6,21.71,5.16,3,310,66,72,185,11,5,6
USER045,2025-09-11,7.13,21.1,23.3,2,97.5,21.95,6.79,4,200,89,72,48,11,1,8
USER045,2025-09-12,5.85,35.4,29.6,2,97.0,22.16,6.87,2,297,63,87,12,11,2,6
USER045,2025-09-13,6.35,23.5,18.8,2,97.2,23.04,3.31,8,321,79,100,60,30,5,5
USER045,2025-09-14,7.99,23.8,25.9,1,93.1,22.69,2.91,2,313,86,100,69,6,2,2
USER045,2025-09-15,5.03,22.8,28.8,4,95.9,21.75,6.31,2,327,81,89,142,15,3,7
USER045,2025-09-16,7.01,19.5,21.0,2,90.3,22.04,6.94,4,279,81,90,125,3,3,6
USER045,2025-09-17,6.6,20.2,28.7,2,96.0,22.27,5.86,7,200,100,100,20,2,2,7
USER045,2025-09-18,6.07,26.3,28.3,1,94.9,22.39,7.08,2,307,71,80,150,38,4,5
USER045,2025-09-19,6.89,27.2,30.0,1,89.9,21.88,6.63,4,223,75,100,143,10,6,7
USER045,2025-09-20,6.73,22.8,18.0,4,82.3,23.52,5.24,5,231,65,83,260,55,3,7
USER045,2025-09-21,6.83,20.3,29.9,1,94.3,23.54,5.03,4,200,86,81,21,32,7,8
USER045,2025-09-22,5.59,22.7,33.9,1,91.8,21.53,3.36,0,339,75,71,106,0,2,6
USER045,2025-09-23,8.65,24.6,22.9,2,91.3,21.7,2.87,3,278,84,74,118,21,3,6
USER045,2025-09-24,7.75,30.0,22.6,1,98.4,22.21,4.46,4,267,87,82,24,12,3,5
USER045,2025-09-25,6.72,28.6,36.1,2,94.3,21.52,3.48,3,226,88,100,51,84,3,3
USER045,2025-09-26,8.13,22.7,30.0,1,96.0,22.04,4.06,1,325,65,77,9,23,5,8
USER045,2025-09-27,7.26,31.1,39.6,1,88.1,23.54,3.36,3,200,88,69,271,7,4,5
USER045,2025-09-28,6.91,17.4,23.1,0,94.2,23.29,6.17,5,268,99,89,61,7,1,5
USER045,2025-09-29,4.69,32.7,19.5,2,95.5,22.34,1.72,5,396,46,65,21,45,5,5
USER045,2025-09-30,6.39,29.5,35.7,1,90.5,21.85,6.43,10,270,72,69,60,7,3,7
USER045,2025-10-01,4.7,19.5,22.0,1,94.6,22.18,5.07,1,325,80,100,42,9,5,3
USER045,2025-10-02,6.28,28.2,27.4,0,85.9,22.42,5.92,5,247,90,91,218,33,5,6
USER045,2025-10-03,7.66,19.0,22.2,1,93.7,22.29,5.77,4,257,85,84,64,50,2,5
USER045,2025-10-04,8.34,20.9,25.6,0,98.4,23.97,4.26,2,281,63,70,9,7,6,6
USER045,2025-10-05,7.28,26.6,23.4,1,93.5,23.8,6.72,3,389,90,81,136,14,3,4
USER045,2025-10-06,8.47,23.9,29.3,3,97.8,21.71,4.52,1,340,87,76,203,107,8,2
USER045,2025-10-07,6.82,27.6,29.1,4,91.6,21.93,6.06,2,298,70,84,133,0,2,6
USER045,2025-10-08,7.24,26.0,17.4,2,95.7,21.74,6.23,4,283,86,98,202,70,3,6
USER045,2025-10-09,6.58,22.9,33.8,2,94.1,21.87,6.02,1,200,100,100,63,9,5,7
USER045,2025-10-10,5.77,39.4,20.3,0,97.1,22.45,6.45,2,340,95,75,50,14,4,6
USER045,2025-10-11,8.4,17.6,25.9,6,92.3,23.01,5.88,1,358,79,67,34,22,3,5
USER045,2025-10-12,7.38,28.4,30.7,0,95.8,22.16,6.79,1,264,88,92,143,7,4,7
USER045,2025-10-13,5.66,30.4,39.8,0,94.4,22.2,6.45,2,387,72,72,51,21,6,6
USER045,2025-10-14,6.55,32.4,32.9,2,92.6,21.79,4.34,3,249,79,84,130,9,4,5
USER045,2025-10-15,6.11,17.8,19.9,2,94.6,22.42,6.01,5,243,94,100,62,30,2,4
USER045,2025-10-16,6.1,18.1,25.2,2,98.0,21.98,5.87,2,200,82,86,111,2,2,5
USER045,2025-10-17,4.83,32.5,20.0,1,90.5,21.92,5.91,3,358,72,64,71,60,3,7
USER045,2025-10-18,9.11,23.2,36.8,2,96.4,23.43,4.63,1,359,51,91,65,8,5,7
USER045,2025-10-19,8.02,31.0,32.9,4,99.5,22.18,3.64,2,200,75,53,94,1,3,5
USER045,2025-10-20,8.18,33.5,33.2,1,89.6,21.73,6.79,0,338,77,57,154,36,1,6
USER045,2025-10-21,5.41,25.1,22.1,4,87.7,21.7,3.76,3,230,75,70,66,1,5,6
USER045,2025-10-22,6.61,23.9,21.9,2,97.4,22.25,5.67,5,326,100,99,85,28,5,5
USER045,2025-10-23,7.48,13.5,17.5,0,99.0,22.36,7.77,3,259,66,95,17,27,4,8
USER045,2025-10-24,4.14,28.7,33.8,2,97.3,21.85,6.08,0,351,48,71,225,12,1,4
USER045,2025-10-25,7.72,21.4,27.4,4,91.1,22.81,4.82,1,253,67,76,119,5,6,3
USER045,2025-10-26,7.1,21.0,27.7,1,98.7,22.47,4.5,5,310,84,83,226,10,5,8
USER045,2025-10-27,6.09,19.0,19.2,1,91.5,22.14,5.27,2,241,71,66,59,1,4,5
USER045,2025-10-28,6.66,20.3,28.4,2,96.8,22.17,6.97,9,235,100,77,183,26,4,4
USER045,2025-10-29,7.3,31.1,37.7,0,83.2,21.64,4.09,5,317,79,69,68,3,7,7
USER045,2025-10-30,5.52,18.5,22.8,2,95.5,22.11,2.88,6,283,79,64,65,9,3,3
USER045,2025-10-31,6.1,29.3,15.9,2,96.6,21.82,6.45,3,290,76,82,93,15,3,5
USER045,2025-11-01,6.24,27.8,28.3,4,91.9,22.13,9.32,5,298,88,78,96,13,6,7
USER045,2025-11-02,5.88,32.5,21.1,0,96.0,23.65,6.58,4,249,99,79,23,2,4,4
USER045,2025-11-03,5.2,22.9,14.2,0,97.6,21.66,6.55,4,356,65,70,20,8,2,5
USER045,2025-11-04,7.2,29.4,31.0,1,86.9,22.13,5.29,6,236,84,63,37,16,3,7
USER045,2025-11-05,6.67,18.6,29.4,3,97.2,22.27,7.05,5,200,91,85,183,37,2,6
USER045,2025-11-06,7.03,18.1,29.8,1,89.2,21.71,4.99,4,235,92,79,58,20,2,7
USER046,2025-07-10,7.43,17.0,32.7,2,88.6,23.64,1.77,4,401,70,94,91,21,3,4
USER046,2025-07-11,8.07,25.8,25.1,2,86.3,23.26,5.91,6,266,81,86,85,5,4,7
USER046,2025-07-12,7.98,25.1,22.0,2,96.3,23.61,7.45,6,244,94,95,154,26,4,8
USER046,2025-07-13,8.35,22.3,38.0,1,97.0,23.99,4.28,1,200,77,92,65,5,6,5
USER046,2025-07-14,6.01,16.1,25.7,2,98.0,23.93,5.42,0,316,52,84,102,1,6,5
USER046,2025-07-15,7.53,27.0,18.1,3,83.8,23.0,3.88,7,229,62,91,237,23,5,5
USER046,2025-07-16,6.64,26.9,36.8,1,96.6,23.29,4.72,4,363,90,89,47,52,5,8
USER046,2025-07-17,6.73,31.9,27.1,2,88.9,23.18,4.58,4,328,82,69,194,2,5,2
USER046,2025-07-18,7.93,17.9,39.9,3,98.2,23.15,6.38,5,275,100,100,64,33,3,7
USER046,2025-07-19,7.8,27.9,28.0,0,97.2,23.56,8.15,1,330,79,65,63,4,4,6
USER046,2025-07-20,8.4,16.8,24.6,0,94.1,25.34,6.38,2,347,77,69,53,8,1,5
USER046,2025-07-21,8.2,27.0,24.8,1,94.9,23.67,6.74,1,304,63,82,38,2,5,8
USER046,2025-07-22,7.56,14.1,34.5,3,92.2,23.22,6.11,3,265,89,90,214,8,4,6
USER046,2025-07-23,8.1,19.6,23.4,3,97.0,23.91,6.14,5,200,84,87,125,2,7,6
USER046,2025-07-24,6.73,23.6,33.9,2,93.7,23.68,2.23,3,302,74,82,155,15,3,6
USER046,2025-07-25,5.79,19.3,20.3,1,95.5,23.07,2.71,1,325,79,76,35,3,3,6
USER046,2025-07-26,8.26,16.4,25.4,4,95.2,24.16,2.92,3,217,91,100,56,19,4,5
USER046,2025-07-27,9.51,28.4,37.9,3,95.7,23.57,1.71,1,327,78,60,24,0,7,6
USER046,2025-07-28,5.85,26.1,18.5,1,99.2,23.5,1.42,3,379,63,60,192,10,2,5
USER046,2025-07-29,7.34,23.7,22.0,2,93.2,23.09,8.6,4,216,93,73,119,42,2,6
USER046,2025-07-30,6.27,25.9,26.6,1,97.8,23.14,4.64,1,304,75,97,60,56,5,2
USER046,2025-07-31,6.96,39.0,29.1,2,89.7,23.3,5.95,2,348,72,73,7,27,3,7
USER046,2025-08-01,8.86,25.2,35.8,2,96.1,23.15,6.89,2,353,77,91,121,1,3,7
USER046,2025-08-02,10.25,30.9,31.4,4,98.5,25.32,2.25,0,386,73,64,117,31,3,4
USER046,2025-08-03,7.56,18.6,29.9,1,97.9,24.6,4.59,5,286,90,95,104,11,5,5
USER046,2025-08-04,5.94,29.6,25.0,2,94.6,23.72,6.54,1,268,83,59,55,10,5,5
USER046,2025-08-05,8.94,21.9,26.0,0,85.7,23.19,3.56,6,260,87,80,120,8,5,4
USER046,2025-08-06,8.94,22.1,32.0,2,97.6,23.56,6.4,4,204,81,94,173,15,6,8
USER046,2025-08-07,8.59,17.8,32.1,1,97.5,23.8,4.97,2,204,79,79,256,16,2,6
USER046,2025-08-08,7.38,27.5,31.9,2,87.6,23.72,6.4,6,289,78,81,69,38,3,8
USER046,2025-08-09,9.32,24.4,28.8,0,92.3,25.04,5.46,2,288,68,93,65,21,5,7
USER046,2025-08-10,8.6,22.7,26.3,2,91.1,25.35,6.67,3,366,80,85,131,13,3,5
USER046,2025-08-11,7.49,24.7,25.2,2,95.6,23.97,2.93,6,306,70,79,34,22,5,7
USER046,2025-08-12,5.92,22.5,40.1,2,95.8,23.26,5.92,2,353,79,78,14,5,1,6
USER046,2025-08-13,7.97,16.3,22.1,2,96.8,23.56,4.72,7,215,77,84,31,21,2,7
USER046,2025-08-14,6.91,17.6,36.6,2,98.6,23.63,3.21,6,261,81,64,155,15,3,8
USER046,2025-08-15,6.86,25.5,17.0,2,88.2,23.15,5.77,3,373,81,63,227,5,4,6
USER046,2025-08-16,8.74,30.1,28.0,2,94.3,25.32,5.07,6,368,92,92,130,13,4,5
USER046,2025-08-17,7.43,30.3,26.3,2,98.8,24.22,5.39,3,210,71,73,45,39,4,6
USER046,2025-08-18,8.55,27.9,31.3,2,95.2,23.08,4.63,4,211,87,79,145,22,4,5
USER046,2025-08-19,8.03,27.2,22.5,3,98.2,23.99,5.79,6,295,100,95,149,42,5,5
USER046,2025-08-20,7.54,20.9,24.3,3,92.8,23.46,5.72,3,314,96,77,16,24,4,7
USER046,2025-08-21,7.53,25.7,16.0,2,86.9,23.85,3.49,7,313,84,100,20,16,2,7
USER046,2025-08-22,8.1,40.3,18.5,1,90.5,23.65,4.45,6,278,85,76,83,32,2,4
USER046,2025-08-23,10.03,23.2,36.5,2,85.1,24.0,4.81,0,340,58,60,164,7,4,5
USER046,2025-08-24,8.05,23.1,21.1,1,91.2,24.48,5.92,6,200,94,68,116,69,3,3
USER046,2025-08-25,8.57,21.2,26.2,0,87.2,23.84,3.98,5,337,61,90,83,2,6,6
USER046,2025-08-26,8.49,21.0,30.0,3,94.2,23.76,6.0,7,282,87,84,66,17,5,4
USER046,2025-08-27,8.22,16.9,31.7,2,96.9,23.86,6.51,2,242,89,55,13,1,3,4
USER046,2025-08-28,6.9,24.8,26.5,1,92.3,23.16,3.99,3,288,83,63,12,24,4,7
USER046,2025-08-29,9.09,19.7,37.2,1,97.8,23.05,3.6,4,347,76,62,50,1,6,5
USER046,2025-08-30,7.4,35.3,17.2,4,97.6,24.28,2.94,7,279,76,81,22,2,3,4
USER046,2025-08-31,9.78,20.7,27.2,4,98.3,23.52,4.06,1,326,62,89,49,21,4,5
USER046,2025-09-01,8.23,33.4,30.2,3,95.1,23.89,6.61,2,242,80,85,15,6,5,5
USER046,2025-09-02,10.24,27.9,34.6,1,91.6,23.65,3.77,0,429,90,70,47,11,4,7
USER046,2025-09-03,8.6,39.3,25.7,1,97.5,23.7,5.3,3,260,84,72,23,8,1,7
USER046,2025-09-04,8.42,32.0,31.4,4,96.3,23.0,7.65,5,301,100,88,157,5,6,5
USER046,2025-09-05,7.99,27.8,28.3,0,87.5,23.93,4.37,6,301,83,67,112,0,4,5
USER046,2025-09-06,9.98,20.9,34.8,1,93.7,23.64,7.01,2,329,46,58,265,19,2,4
USER046,2025-09-07,8.61,16.9,28.7,0,99.5,25.37,5.34,2,279,70,79,234,6,2,6
USER046,2025-09-08,5.16,21.7,33.5,2,94.1,23.67,7.21,0,333,59,45,128,14,2,5
USER046,2025-09-09,8.49,18.6,28.9,0,89.5,23.85,5.53,3,341,79,100,52,13,3,4
USER046,2025-09-10,8.47,27.0,34.2,4,97.6,23.06,6.97,3,225,83,80,31,9,2,5
USER046,2025-09-11,7.69,20.0,27.0,1,98.4,23.41,5.78,6,269,100,85,130,3,4,6
USER046,2025-09-12,7.38,22.5,31.1,2,91.0,23.13,4.41,3,292,86,78,74,23,3,5
USER046,2025-09-13,10.51,27.1,27.1,1,88.5,24.83,3.77,2,422,64,62,22,6,5,3
USER046,2025-09-14,7.62,21.6,25.2,0,96.1,25.11,3.63,7,279,84,93,33,2,5,8
USER046,2025-09-15,7.92,34.7,21.4,1,91.7,23.26,3.91,6,200,95,81,101,16,4,7
USER046,2025-09-16,6.58,29.3,35.8,1,98.7,23.49,6.79,6,332,58,79,10,51,6,3
USER046,2025-09-17,7.28,20.3,18.8,4,92.8,23.61,8.62,9,283,95,98,17,7,2,5
USER046,2025-09-18,7.48,27.5,31.4,0,91.7,23.35,6.55,3,275,81,68,64,33,3,6
USER046,2025-09-19,6.72,36.6,33.4,2,96.8,23.36,8.02,3,409,90,66,32,18,2,6
USER046,2025-09-20,9.14,24.8,32.4,3,97.3,23.59,5.67,1,346,76,70,101,15,5,5
USER046,2025-09-21,8.66,17.7,33.9,0,89.6,23.82,5.58,2,359,83,76,63,5,5,6
USER046,2025-09-22,7.5,36.7,22.6,7,96.3,23.2,7.93,7,281,71,80,35,13,3,6
USER046,2025-09-23,7.99,23.6,37.8,4,99.2,23.24,7.39,4,288,100,99,21,0,3,9
USER046,2025-09-24,6.55,33.4,27.1,1,96.2,23.54,6.2,4,240,66,61,139,7,6,4
USER046,2025-09-25,8.46,25.1,21.7,1,96.7,23.84,5.68,4,271,76,73,131,2,6,4
USER046,2025-09-26,7.31,46.2,21.5,2,91.5,23.56,4.27,5,295,72,83,106,9,3,3
USER046,2025-09-27,9.56,14.8,31.1,1,95.8,24.94,5.55,3,353,77,93,64,18,4,7
USER046,2025-09-28,10.19,22.2,18.8,0,93.5,24.77,6.36,2,316,73,71,59,3,4,5
USER046,2025-09-29,8.33,21.1,32.4,2,84.1,23.34,5.31,2,235,100,76,67,13,4,6
USER046,2025-09-30,9.62,31.5,25.1,0,96.7,23.91,3.92,3,314,65,75,78,10,3,5
USER046,2025-10-01,5.46,30.9,23.9,3,97.0,23.93,5.15,2,309,63,80,54,30,5,5
USER046,2025-10-02,6.03,25.1,28.4,4,90.1,23.85,3.47,3,339,50,92,47,8,4,5
USER046,2025-10-03,8.03,23.6,36.4,1,89.8,23.53,8.88,5,243,63,82,134,9,7,5
USER046,2025-10-04,10.39,32.5,26.4,1,98.6,24.68,4.54,0,362,51,81,79,14,3,5
USER046,2025-10-05,8.08,35.0,22.5,0,96.7,23.9,3.61,7,277,93,72,54,32,1,4
USER046,2025-10-06,6.62,18.2,29.5,1,97.0,23.56,5.57,2,284,80,75,200,28,5,7
USER046,2025-10-07,5.23,26.4,30.9,2,98.3,23.28,3.77,1,329,47,66,20,73,3,4
USER046,2025-10-08,8.7,22.0,34.6,4,96.8,23.44,6.44,1,285,58,68,149,0,1,4
USER046,2025-10-09,8.99,28.4,25.3,5,96.7,23.5,4.74,1,303,73,86,121,6,4,8
USER046,2025-10-10,6.89,20.5,23.1,4,88.9,23.21,5.27,1,200,56,78,40,105,2,7
USER046,2025-10-11,7.44,27.3,25.4,4,98.2,23.61,5.41,5,267,98,74,88,57,6,6
USER046,2025-10-12,9.56,33.4,18.4,2,85.5,23.64,3.07,1,306,82,79,64,74,4,5
USER046,2025-10-13,6.9,23.9,28.8,3,87.9,23.25,4.42,6,276,74,81,86,0,3,6
USER046,2025-10-14,8.24,25.9,23.7,1,93.4,23.69,5.7,2,242,98,94,161,1,6,8
USER046,2025-10-15,6.49,18.6,36.2,3,98.9,23.08,5.37,2,328,84,77,63,1,6,4
USER046,2025-10-16,6.31,24.5,41.0,1,95.1,23.09,5.25,0,257,69,82,55,7,3,4
USER046,2025-10-17,7.89,20.5,25.2,1,88.8,23.41,3.54,3,334,94,80,39,20,3,6
USER046,2025-10-18,10.01,13.8,31.0,5,90.7,25.02,2.59,3,310,74,68,26,18,2,7
USER046,2025-10-19,7.34,16.5,32.4,1,94.3,25.32,5.4,5,233,83,91,134,15,2,6
USER046,2025-10-20,6.28,33.2,31.1,1,92.8,23.65,4.44,3,349,80,57,44,10,3,6
USER046,2025-10-21,6.26,23.6,28.9,2,99.2,23.67,4.07,1,243,61,78,140,20,4,7
USER046,2025-10-22,7.63,22.6,32.2,4,90.7,23.48,5.0,2,297,83,72,184,12,2,7
USER046,2025-10-23,7.72,17.6,27.8,2,94.7,23.95,5.63,5,200,97,79,87,22,1,6
USER046,2025-10-24,7.55,31.9,28.6,3,94.0,23.76,5.51,3,236,83,74,31,25,4,5
USER046,2025-10-25,8.92,20.8,23.1,4,98.7,24.62,4.9,3,377,79,78,72,24,5,6
USER046,2025-10-26,8.26,25.8,37.4,3,91.4,25.03,4.05,2,251,79,89,24,2,7,5
USER046,2025-10-27,6.15,13.8,19.6,1,89.9,23.09,5.77,3,431,62,69,28,12,2,8
USER046,2025-10-28,8.32,21.8,24.8,0,97.4,23.1,5.11,5,247,85,62,144,4,6,7
USER046,2025-10-29,7.71,23.6,25.1,1,91.8,23.83,3.99,6,233,81,100,57,9,2,6
USER046,2025-10-30,9.26,19.6,25.6,2,92.0,24.0,5.43,4,323,80,84,47,7,5,5
USER046,2025-10-31,7.92,21.9,28.1,2,97.1,23.33,5.99,3,284,85,77,47,1,1,8
USER046,2025-11-01,8.83,24.6,30.6,0,94.7,25.46,6.74,0,281,88,91,26,0,5,6
USER046,2025-11-02,7.82,15.9,30.3,0,94.9,24.58,8.32,4,213,84,66,44,28,4,5
USER046,2025-11-03,6.34,18.9,18.3,0,93.6,23.95,7.87,2,349,61,84,15,6,4,5
USER046,2025-11-04,8.73,21.5,17.5,6,87.3,23.18,6.19,4,239,83,84,57,27,2,4
USER046,2025-11-05,8.65,31.0,27.5,3,97.4,23.47,5.49,0,375,81,80,78,21,3,6
USER046,2025-11-06,8.63,26.2,24.3,2,89.5,23.31,4.36,4,296,74,94,174,43,3,7
USER047,2025-07-10,6.87,40.6,29.3,3,97.5,1.36,7.41,4,254,84,89,42,15,3,6
USER047,2025-07-11,5.5,17.2,30.8,1,91.5,0.75,5.8,1,251,83,83,116,17,2,6
USER047,2025-07-12,7.82,20.4,33.5,4,90.4,1.42,5.19,4,329,68,100,92,0,4,4
USER047,2025-07-13,6.27,25.4,27.9,1,98.2,1.26,5.22,1,240,68,77,63,6,2,5
USER047,2025-07-14,7.5,19.0,16.2,3,98.5,1.48,8.59,4,231,100,100,22,19,3,6
USER047,2025-07-15,7.62,34.9,34.4,4,94.7,1.38,8.31,0,263,97,76,36,1,1,7
USER047,2025-07-16,8.53,19.6,31.1,3,96.2,0.84,5.71,2,286,86,90,161,20,5,3
USER047,2025-07-17,7.36,19.5,31.0,0,94.2,1.37,5.26,4,220,100,100,283,2,3,8
USER047,2025-07-18,7.45,26.8,23.0,1,95.0,1.05,6.74,10,255,90,88,91,1,3,5
USER047,2025-07-19,9.15,28.9,18.0,0,95.2,2.1,6.38,0,342,76,92,159,13,6,3
USER047,2025-07-20,9.16,30.5,25.7,2,92.3,1.62,5.04,4,352,68,47,178,29,4,5
USER047,2025-07-21,6.98,21.2,22.3,5,97.5,0.81,7.47,7,267,94,100,41,33,5,5
USER047,2025-07-22,5.44,26.8,29.9,2,94.0,1.43,3.04,0,389,78,60,93,2,5,4
USER047,2025-07-23,6.39,34.8,21.2,3,85.5,1.41,5.54,6,266,86,71,117,6,6,4
USER047,2025-07-24,8.41,39.5,33.7,1,95.3,0.76,3.4,5,307,69,80,13,38,3,6
USER047,2025-07-25,7.67,25.7,12.5,1,92.7,0.73,4.09,6,238,78,100,90,9,5,6
USER047,2025-07-26,8.58,28.0,23.0,1,94.7,2.0,4.25,1,259,77,88,89,4,5,5
USER047,2025-07-27,8.59,24.5,28.1,4,87.5,1.85,4.31,6,265,78,78,133,23,4,6
USER047,2025-07-28,7.13,35.2,35.0,3,89.7,0.63,6.93,3,322,72,100,32,6,4,6
USER047,2025-07-29,8.62,20.5,19.3,2,94.2,1.26,4.99,1,315,88,78,15,23,5,8
USER047,2025-07-30,8.3,26.0,20.5,2,93.8,1.48,6.08,1,341,100,81,99,2,2,5
USER047,2025-07-31,6.08,31.8,33.4,4,97.4,1.38,4.92,6,352,72,88,105,9,4,6
USER047,2025-08-01,6.89,43.2,33.1,3,88.7,1.33,7.65,7,316,72,71,57,4,7,5
USER047,2025-08-02,7.06,18.7,36.1,1,85.0,2.16,5.97,1,301,80,72,188,23,6,9
USER047,2025-08-03,8.15,29.2,29.9,1,88.8,2.22,6.38,1,241,78,75,93,25,4,7
USER047,2025-08-04,6.93,22.1,28.9,3,94.8,1.21,6.95,5,364,89,100,126,7,3,5
USER047,2025-08-05,6.8,26.0,25.3,3,91.0,0.84,3.35,3,315,86,81,25,1,5,6
USER047,2025-08-06,8.43,17.7,26.6,0,95.8,1.34,8.69,1,246,59,68,121,6,6,5
USER047,2025-08-07,6.15,31.8,36.2,1,91.5,0.56,3.8,3,200,91,71,63,15,2,5
USER047,2025-08-08,5.92,33.9,29.3,3,98.9,0.79,3.82,4,312,85,84,94,20,4,5
USER047,2025-08-09,8.85,19.2,32.0,3,97.1,1.11,5.78,1,212,78,75,93,16,6,5
USER047,2025-08-10,9.64,30.8,26.9,2,95.6,1.62,7.22,2,326,69,77,82,2,4,5
USER047,2025-08-11,5.81,15.8,34.9,2,96.0,0.7,4.96,1,293,74,63,101,23,5,3
USER047,2025-08-12,6.1,38.7,32.4,4,99.5,1.3,4.5,0,339,79,50,79,7,2,6
USER047,2025-08-13,8.15,34.1,31.8,4,94.9,0.65,4.6,5,275,74,77,333,14,6,7
USER047,2025-08-14,7.82,32.7,26.5,0,98.6,0.68,8.1,6,316,86,79,301,0,3,4
USER047,2025-08-15,5.55,22.3,20.5,2,90.1,1.11,3.36,0,390,55,71,99,20,2,4
USER047,2025-08-16,7.0,42.3,36.8,2,99.5,1.26,5.8,3,299,82,79,76,0,4,6
USER047,2025-08-17,8.02,24.3,30.3,1,92.9,2.34,6.44,4,304,100,80,12,24,4,8
USER047,2025-08-18,6.35,25.4,20.0,2,99.0,0.57,5.08,3,329,71,82,78,73,2,5
USER047,2025-08-19,6.63,29.9,22.6,0,86.0,0.69,6.02,0,264,70,91,156,23,5,6
USER047,2025-08-20,6.67,19.8,29.4,4,89.5,1.44,4.09,2,231,83,98,290,17,3,3
USER047,2025-08-21,8.94,16.0,18.9,2,91.4,1.06,2.33,1,262,87,90,200,7,1,5
USER047,2025-08-22,4.79,30.9,22.9,2,97.2,1.06,5.0,3,331,65,78,137,22,2,6
USER047,2025-08-23,8.64,18.5,34.5,4,93.5,2.04,2.24,3,331,74,86,116,20,3,6
USER047,2025-08-24,7.88,21.8,24.3,3,98.3,1.47,3.82,2,335,93,72,79,25,4,3
USER047,2025-08-25,7.13,16.0,28.0,4,92.3,1.04,6.35,9,238,100,80,116,8,2,5
USER047,2025-08-26,5.82,27.4,39.1,1,87.7,1.01,5.89,0,420,80,68,42,9,6,5
USER047,2025-08-27,7.76,32.4,31.4,1,99.4,0.99,4.49,6,339,89,81,161,55,4,6
USER047,2025-08-28,8.91,35.6,33.6,3,92.8,1.29,4.1,2,276,72,64,195,14,4,5
USER047,2025-08-29,7.98,13.5,31.3,2,96.0,1.04,6.66,5,280,79,87,116,0,5,4
USER047,2025-08-30,7.41,37.8,34.1,1,96.3,1.14,5.72,2,235,67,91,81,22,4,8
USER047,2025-08-31,7.68,33.8,21.1,1,89.1,1.84,7.99,8,223,86,92,52,14,3,4
USER047,2025-09-01,6.3,29.5,29.0,0,99.5,0.98,7.1,3,316,94,72,47,23,4,2
USER047,2025-09-02,7.9,31.9,29.0,3,87.7,0.58,5.9,9,250,92,79,20,64,2,8
USER047,2025-09-03,7.15,22.7,21.8,2,95.2,0.63,5.93,2,404,100,100,93,3,4,5
USER047,2025-09-04,7.35,30.4,29.6,4,92.3,0.89,6.68,7,242,90,100,60,2,4,5
USER047,2025-09-05,7.12,21.7,31.2,3,98.3,1.43,5.9,8,281,100,84,58,19,5,4
USER047,2025-09-06,8.41,19.6,28.1,1,94.2,1.42,7.27,1,237,71,67,47,6,3,6
USER047,2025-09-07,9.07,30.9,16.9,4,93.6,2.71,5.29,4,373,68,93,23,5,4,6
USER047,2025-09-08,7.95,39.3,31.0,5,92.7,0.58,6.08,2,311,80,83,84,45,6,4
USER047,2025-09-09,7.8,16.7,25.6,2,94.6,1.36,5.05,4,209,66,89,81,2,3,3
USER047,2025-09-10,7.31,27.7,24.4,2,92.3,1.16,7.23,7,256,92,70,182,9,2,7
USER047,2025-09-11,7.65,20.6,32.9,3,98.0,0.72,3.76,11,214,93,69,89,43,1,6
USER047,2025-09-12,5.55,32.7,39.0,0,97.1,1.35,5.42,1,274,72,62,54,5,4,6
USER047,2025-09-13,8.38,22.0,36.1,0,98.1,1.01,6.36,6,309,64,82,148,28,3,5
USER047,2025-09-14,8.83,20.9,34.6,2,94.1,1.2,6.29,4,297,66,82,148,21,2,5
USER047,2025-09-15,6.15,43.1,30.6,2,96.2,0.77,5.49,3,280,87,89,123,7,3,6
USER047,2025-09-16,5.92,38.3,20.1,1,99.0,0.81,6.83,0,436,64,62,58,8,3,5
USER047,2025-09-17,5.77,40.7,22.6,4,98.3,1.24,3.86,2,315,70,76,21,35,6,5
USER047,2025-09-18,7.47,24.6,27.5,2,92.3,1.35,6.21,2,371,79,59,13,79,2,3
USER047,2025-09-19,7.63,15.5,30.3,2,94.4,0.83,2.59,3,302,88,86,273,9,3,7
USER047,2025-09-20,7.14,29.7,27.8,1,98.0,2.39,5.23,5,273,89,86,98,1,5,5
USER047,2025-09-21,7.84,19.7,20.2,2,91.7,1.47,7.16,2,235,77,74,52,21,2,8
USER047,2025-09-22,7.27,17.2,19.6,3,96.5,0.97,7.66,7,223,91,90,14,22,1,6
USER047,2025-09-23,6.18,28.5,40.0,4,94.0,1.34,6.03,2,303,83,68,181,9,3,5
USER047,2025-09-24,7.3,16.2,18.1,3,94.4,1.14,5.99,4,305,100,88,88,56,4,7
USER047,2025-09-25,6.95,22.4,29.4,0,87.8,0.6,7.52,1,300,91,50,68,1,5,5
USER047,2025-09-26,6.14,20.8,24.9,5,96.9,1.12,7.07,7,312,72,74,107,8,3,6
USER047,2025-09-27,7.87,31.5,26.1,0,93.0,1.06,6.45,5,250,81,100,28,82,3,5
USER047,2025-09-28,9.13,33.6,35.8,3,92.3,2.13,5.35,4,246,60,82,23,0,5,6
USER047,2025-09-29,6.89,26.5,21.4,1,89.7,0.55,6.1,6,267,83,63,42,3,6,7
USER047,2025-09-30,7.85,30.4,26.4,4,96.1,0.83,7.39,4,200,70,77,146,34,4,4
USER047,2025-10-01,5.93,34.7,32.4,0,97.2,0.82,5.9,4,295,70,72,38,2,5,4
USER047,2025-10-02,6.48,20.8,30.2,2,94.6,1.06,6.14,6,262,89,100,156,14,3,5
USER047,2025-10-03,7.14,23.3,28.3,1,97.7,0.62,4.99,9,276,82,78,70,29,3,7
USER047,2025-10-04,6.72,28.8,31.3,0,98.3,2.98,6.43,1,281,79,89,82,9,6,4
USER047,2025-10-05,8.99,26.0,34.1,1,94.7,2.14,3.76,6,387,78,77,202,13,3,3
USER047,2025-10-06,6.9,20.2,15.6,2,93.6,0.55,5.95,3,224,88,83,405,19,2,7
USER047,2025-10-07,5.52,38.0,24.1,1,95.8,1.1,4.75,2,271,66,76,39,0,3,3
USER047,2025-10-08,7.43,16.1,23.0,2,89.8,1.08,5.43,1,277,85,75,60,18,3,6
USER047,2025-10-09,5.79,24.3,27.9,2,94.4,1.37,5.93,3,312,71,87,144,54,3,4
USER047,2025-10-10,8.96,35.9,20.1,2,95.4,1.24,7.27,0,292,60,93,54,69,5,3
USER047,2025-10-11,7.06,26.4,29.9,1,98.7,1.04,6.71,4,252,83,87,47,3,4,6
USER047,2025-10-12,8.07,27.1,24.5,0,89.4,2.22,4.31,1,298,83,88,268,12,2,6
USER047,2025-10-13,6.55,16.9,15.9,2,93.0,1.38,5.48,5,315,66,74,77,25,4,7
USER047,2025-10-14,7.18,33.1,24.1,1,93.4,0.54,6.73,6,303,100,81,87,1,5,5
USER047,2025-10-15,4.79,25.5,24.1,1,88.8,0.81,3.64,1,339,54,64,182,10,2,5
USER047,2025-10-16,7.49,27.5,16.8,4,95.4,1.46,6.18,6,232,81,63,137,6,3,6
USER047,2025-10-17,7.39,22.0,29.5,1,94.8,0.88,9.4,5,297,92,67,93,10,3,6
USER047,2025-10-18,8.7,24.3,21.9,4,92.7,1.05,4.24,3,324,57,78,89,0,2,7
USER047,2025-10-19,9.06,27.9,20.2,1,89.7,2.33,3.84,2,351,79,80,140,120,3,3
USER047,2025-10-20,8.01,22.5,25.2,4,90.7,1.45,6.89,0,330,82,89,131,9,4,4
USER047,2025-10-21,7.48,35.4,25.4,1,89.5,1.19,6.92,5,345,83,100,24,15,3,4
USER047,2025-10-22,6.64,23.4,23.9,4,95.2,0.96,6.05,9,283,82,87,20,2,3,7
USER047,2025-10-23,5.62,34.2,29.7,3,88.3,1.35,4.79,0,235,62,75,143,10,2,4
USER047,2025-10-24,5.23,15.5,25.4,1,96.4,1.4,7.22,0,372,68,49,108,16,5,5
USER047,2025-10-25,9.65,25.5,29.2,1,93.2,1.84,5.6,2,346,88,81,14,12,3,5
USER047,2025-10-26,8.48,29.4,25.3,0,98.6,2.73,6.26,2,200,56,78,51,9,5,6
USER047,2025-10-27,6.97,29.0,23.8,2,97.3,1.26,6.12,5,308,87,81,216,3,4,6
USER047,2025-10-28,7.68,18.9,28.4,2,94.3,0.62,6.4,4,367,68,70,113,14,1,6
USER047,2025-10-29,7.24,29.7,23.4,1,92.7,1.33,5.94,2,245,92,100,75,0,4,6
USER047,2025-10-30,7.24,22.9,25.3,1,90.9,1.37,4.92,4,289,84,90,56,45,5,6
USER047,2025-10-31,7.36,19.8,29.8,3,93.3,0.9,4.61,0,223,90,100,538,16,5,7
USER047,2025-11-01,8.37,17.8,27.1,2,97.3,2.56,3.84,2,277,69,99,198,16,4,6
USER047,2025-11-02,7.89,20.8,25.0,0,97.7,2.71,6.71,2,200,80,100,119,6,6,8
USER047,2025-11-03,4.97,26.2,21.9,3,97.6,1.24,3.21,0,373,59,58,36,1,3,7
USER047,2025-11-04,6.29,25.5,31.1,2,95.0,0.63,6.83,4,208,75,65,38,49,2,7
USER047,2025-11-05,8.23,29.3,35.7,0,97.0,0.62,6.36,2,299,54,77,122,0,4,4
USER047,2025-11-06,6.79,25.3,31.9,4,93.8,0.8,5.75,4,376,96,65,45,54,5,8
USER048,2025-07-10,8.57,28.2,38.4,1,93.5,21.5,6.27,5,333,95,86,73,20,4,5
USER048,2025-07-11,7.14,25.6,35.8,2,86.8,21.88,8.02,5,305,74,62,117,9,3,4
USER048,2025-07-12,9.59,19.4,25.7,1,94.9,22.08,4.86,1,320,83,68,64,38,3,5
USER048,2025-07-13,9.26,14.7,24.1,1,93.3,22.92,5.36,2,303,76,89,33,4,3,5
USER048,2025-07-14,6.36,19.6,29.6,3,91.4,21.98,5.44,2,304,73,65,187,22,2,6
USER048,2025-07-15,7.11,22.4,25.9,3,97.4,21.62,5.56,3,200,78,81,77,1,5,4
USER048,2025-07-16,7.98,20.7,22.1,1,95.9,22.28,3.52,6,200,100,100,80,39,3,5
USER048,2025-07-17,7.96,20.6,40.1,1,96.8,21.97,6.92,4,245,81,77,153,14,2,5
USER048,2025-07-18,5.55,25.8,24.6,1,89.9,21.98,2.24,1,415,68,71,131,4,3,6
USER048,2025-07-19,8.13,37.1,25.5,1,98.2,22.67,6.77,3,262,82,100,115,2,2,7
USER048,2025-07-20,8.9,22.9,26.8,0,94.0,23.12,7.61,3,225,70,95,121,8,2,5
USER048,2025-07-21,9.3,22.1,24.6,3,94.9,22.22,4.4,2,251,79,78,77,8,3,4
USER048,2025-07-22,7.05,30.4,30.1,2,89.9,22.14,5.3,2,200,86,85,128,44,5,4
USER048,2025-07-23,7.59,19.3,32.7,2,92.3,21.92,2.82,4,275,86,97,79,2,6,6
USER048,2025-07-24,7.87,16.8,23.4,2,99.8,22.27,8.27,2,259,78,95,243,4,4,5
USER048,2025-07-25,6.95,25.2,29.3,2,93.0,22.33,7.24,2,211,75,63,20,21,1,6
USER048,2025-07-26,10.06,21.8,29.2,1,94.8,22.25,5.46,4,279,89,91,67,21,7,5
USER048,2025-07-27,8.75,41.5,31.1,1,92.0,23.45,4.45,4,295,90,71,186,10,3,6
USER048,2025-07-28,7.98,19.4,29.6,4,91.0,21.6,4.95,0,222,77,71,237,1,3,6
USER048,2025-07-29,7.92,25.9,23.6,2,93.7,21.81,7.74,3,200,78,69,29,72,6,6
USER048,2025-07-30,7.67,28.3,29.6,1,93.8,22.04,5.56,7,219,88,78,151,89,5,4
USER048,2025-07-31,8.02,28.4,25.4,2,98.1,22.29,5.52,4,200,95,100,41,28,4,5
USER048,2025-08-01,6.43,38.7,22.4,1,86.8,22.26,4.14,4,257,71,74,23,27,3,6
USER048,2025-08-02,8.94,19.8,37.7,0,92.7,23.93,5.06,4,275,100,70,131,2,3,6
USER048,2025-08-03,8.57,24.0,28.6,0,82.5,23.99,6.3,3,305,80,91,41,7,3,7
USER048,2025-08-04,7.2,23.9,18.2,4,95.7,21.52,6.14,3,349,64,80,165,30,3,2
USER048,2025-08-05,6.42,32.1,32.9,1,90.1,21.91,7.24,6,332,67,81,57,43,3,5
USER048,2025-08-06,7.93,18.7,30.2,2,88.8,21.7,9.91,4,226,77,76,125,5,4,8
USER048,2025-08-07,9.59,15.1,23.3,3,94.7,21.72,3.83,4,317,73,85,109,4,5,4
USER048,2025-08-08,8.47,15.3,34.4,2,94.9,21.99,7.14,3,296,73,67,38,12,4,3
USER048,2025-08-09,8.63,15.0,25.0,3,97.3,23.34,4.98,6,201,83,87,60,6,5,7
USER048,2025-08-10,8.69,18.5,19.3,8,98.8,23.1,6.64,4,315,89,100,169,4,6,5
USER048,2025-08-11,7.27,24.2,29.3,2,95.3,21.6,2.45,7,200,56,92,112,3,3,6
USER048,2025-08-12,7.16,23.4,36.6,4,94.4,22.07,6.2,2,304,86,81,82,53,4,7
USER048,2025-08-13,8.93,27.9,32.3,3,98.7,21.98,4.73,4,292,74,65,144,6,5,7
USER048,2025-08-14,6.59,23.3,33.2,1,99.0,22.03,5.51,4,272,78,87,53,42,4,8
USER048,2025-08-15,9.95,20.8,23.2,1,93.4,21.85,6.9,3,291,65,60,221,23,3,7
USER048,2025-08-16,8.06,19.5,24.7,0,98.4,22.72,5.83,9,307,100,49,56,1,3,5
USER048,2025-08-17,8.14,20.5,28.0,1,98.0,23.06,4.66,2,282,76,81,90,0,3,7
USER048,2025-08-18,7.29,27.2,23.4,1,98.8,22.17,6.94,3,241,85,98,108,5,3,7
USER048,2025-08-19,6.91,20.2,22.7,2,93.4,21.97,3.78,2,292,78,48,48,46,6,6
USER048,2025-08-20,4.9,27.5,23.9,4,93.7,21.8,4.05,0,259,50,76,17,26,5,6
USER048,2025-08-21,9.26,24.0,30.8,3,91.5,22.26,8.77,4,273,72,61,47,14,4,6
USER048,2025-08-22,5.99,28.0,18.6,1,98.0,22.32,3.68,3,362,56,77,48,12,4,2
USER048,2025-08-23,7.56,16.1,31.6,5,98.6,22.35,5.68,4,231,81,84,166,31,3,7
USER048,2025-08-24,8.97,17.4,20.2,1,92.6,22.32,4.84,3,294,72,99,182,27,5,7
USER048,2025-08-25,5.55,33.3,26.1,5,91.3,21.86,1.19,1,343,65,72,65,4,3,5
USER048,2025-08-26,9.74,34.4,25.5,2,96.4,21.55,8.34,4,310,68,58,65,11,3,5
USER048,2025-08-27,8.36,20.7,19.6,5,95.2,21.69,4.5,5,235,83,85,50,0,3,6
USER048,2025-08-28,6.85,36.1,23.6,0,92.1,21.89,5.61,1,210,93,93,66,19,6,6
USER048,2025-08-29,9.21,32.0,34.9,0,89.4,22.03,5.88,4,248,80,73,130,13,5,3
USER048,2025-08-30,8.9,26.5,26.1,1,97.4,23.82,6.05,2,296,86,92,200,22,5,4
USER048,2025-08-31,9.34,32.8,25.2,2,96.5,23.22,4.4,3,321,100,80,154,1,6,5
USER048,2025-09-01,6.39,27.1,32.4,3,94.1,22.02,5.05,3,333,66,69,78,27,3,8
USER048,2025-09-02,8.18,21.5,27.5,1,96.4,22.36,5.25,8,256,80,100,27,11,7,5
USER048,2025-09-03,7.54,22.6,21.2,4,96.7,22.1,5.71,2,298,73,77,28,34,4,6
USER048,2025-09-04,8.68,25.9,27.4,2,90.6,21.91,3.44,3,200,75,77,79,19,5,6
USER048,2025-09-05,7.58,22.1,27.9,3,86.8,22.13,4.33,4,305,81,76,73,15,4,6
USER048,2025-09-06,7.88,16.8,24.0,5,87.8,23.97,4.8,4,293,91,81,2,14,4,7
USER048,2025-09-07,9.11,34.8,17.8,3,99.3,23.91,5.3,3,338,100,99,199,68,4,5
USER048,2025-09-08,7.95,25.9,24.7,0,99.4,22.3,4.69,1,277,85,92,283,17,5,4
USER048,2025-09-09,7.53,20.8,32.9,1,98.2,22.25,4.96,3,232,85,62,40,9,5,5
USER048,2025-09-10,7.48,27.0,18.7,4,95.0,21.78,5.31,8,210,96,73,194,23,3,6
USER048,2025-09-11,8.82,26.6,27.6,0,92.9,22.24,9.37,1,239,95,70,38,23,3,4
USER048,2025-09-12,7.4,28.0,28.0,2,92.7,21.66,3.55,3,317,63,96,119,6,2,6
USER048,2025-09-13,7.49,34.4,30.2,0,93.6,22.05,4.85,1,238,78,80,54,0,4,7
USER048,2025-09-14,9.85,24.5,36.8,3,97.2,23.48,6.36,0,351,69,82,87,14,3,6
USER048,2025-09-15,8.2,22.6,20.1,2,91.4,22.16,6.79,9,272,83,100,135,81,5,6
USER048,2025-09-16,7.51,24.8,35.8,2,92.1,21.72,4.83,3,329,100,87,233,1,6,6
USER048,2025-09-17,7.45,28.8,30.1,0,90.6,21.71,3.1,3,211,91,70,132,16,3,8
USER048,2025-09-18,5.92,16.6,21.6,2,96.9,22.31,3.67,2,342,75,69,75,52,4,7
USER048,2025-09-19,8.46,34.3,33.2,0,96.9,22.4,7.75,9,264,85,83,102,3,5,4
USER048,2025-09-20,9.89,22.4,28.1,0,98.3,23.26,4.5,1,296,53,65,36,18,2,6
USER048,2025-09-21,9.42,12.4,19.6,2,97.8,23.4,6.46,2,301,76,91,125,2,3,6
USER048,2025-09-22,7.82,25.1,25.0,2,97.1,21.99,6.89,4,222,84,78,55,22,6,3
USER048,2025-09-23,8.98,17.8,28.5,2,93.8,22.07,7.59,2,278,65,75,116,102,3,8
USER048,2025-09-24,5.85,33.1,34.0,3,96.6,22.44,7.11,1,338,59,78,101,22,4,7
USER048,2025-09-25,7.85,28.9,25.9,4,99.4,21.86,5.43,1,299,84,85,79,3,2,6
USER048,2025-09-26,7.58,38.8,22.2,2,83.9,22.12,6.19,7,331,76,86,4,27,1,5
USER048,2025-09-27,9.41,37.0,28.5,2,88.2,23.72,3.91,2,262,75,81,69,10,1,6
USER048,2025-09-28,9.3,35.2,31.3,1,94.5,22.88,6.25,3,297,70,68,125,23,5,4
USER048,2025-09-29,7.84,24.6,29.2,3,81.4,21.54,4.94,3,389,84,62,65,9,7,5
USER048,2025-09-30,8.03,22.8,33.1,1,92.5,22.38,7.0,5,266,90,88,153,39,4,5
USER048,2025-10-01,7.99,12.7,27.8,0,99.4,21.57,6.01,7,290,84,87,133,14,2,8
USER048,2025-10-02,6.29,25.5,20.1,2,91.2,22.21,2.96,3,325,71,78,108,75,2,6
USER048,2025-10-03,7.49,26.3,22.4,3,97.9,21.84,6.92,4,320,94,100,207,38,4,8
USER048,2025-10-04,8.95,17.6,25.9,0,94.0,23.98,5.73,1,281,71,96,116,13,3,7
USER048,2025-10-05,9.21,28.1,30.5,1,96.6,23.64,4.38,5,279,84,83,10,54,4,7
USER048,2025-10-06,10.01,26.3,24.4,2,97.1,22.29,5.22,1,245,81,74,267,4,2,5
USER048,2025-10-07,6.7,31.0,32.0,0,88.2,22.4,3.7,1,244,95,91,68,4,1,5
USER048,2025-10-08,8.29,15.7,22.2,2,94.6,21.62,4.41,6,236,98,84,26,10,4,5
USER048,2025-10-09,8.03,34.2,23.1,2,96.0,21.58,6.27,3,212,82,79,74,86,3,5
USER048,2025-10-10,7.43,17.3,29.0,1,81.9,21.69,6.81,5,322,75,86,78,1,4,5
USER048,2025-10-11,7.63,20.5,25.7,2,97.8,22.59,7.73,4,220,97,100,125,16,3,3
USER048,2025-10-12,8.01,35.5,30.5,2,94.9,22.35,7.03,2,337,83,83,42,2,4,6
USER048,2025-10-13,8.24,23.3,21.7,2,98.8,21.78,4.85,4,274,62,100,50,11,2,5
USER048,2025-10-14,8.91,23.9,26.9,2,90.7,21.78,5.32,4,299,90,97,63,0,5,5
USER048,2025-10-15,9.0,36.9,38.4,2,97.0,21.73,6.79,6,369,66,76,162,2,3,8
USER048,2025-10-16,7.02,21.1,21.7,4,90.2,22.37,4.96,3,340,71,64,99,28,3,4
USER048,2025-10-17,7.74,18.7,12.9,4,98.4,22.22,4.65,7,243,91,75,63,4,4,4
USER048,2025-10-18,7.96,28.1,22.7,2,94.1,22.35,5.84,6,301,86,84,73,3,2,5
USER048,2025-10-19,9.27,22.9,33.7,2,86.8,23.37,5.16,3,328,70,84,81,10,6,3
USER048,2025-10-20,7.38,21.1,33.7,4,94.1,22.5,7.18,5,291,74,99,59,44,5,7
USER048,2025-10-21,6.71,31.6,25.2,3,92.2,22.1,2.23,1,277,80,62,69,10,3,5
USER048,2025-10-22,9.81,24.2,33.1,3,95.0,22.1,5.37,0,354,68,91,24,18,4,5
USER048,2025-10-23,9.72,21.1,32.1,0,93.9,21.86,2.67,3,331,55,64,52,0,6,5
USER048,2025-10-24,6.6,22.6,32.4,1,95.5,22.09,6.09,2,214,74,69,283,9,3,5
USER048,2025-10-25,10.04,30.5,28.4,0,88.0,23.99,4.71,3,399,53,79,29,48,2,5
USER048,2025-10-26,9.02,22.6,37.9,3,91.8,22.7,3.67,1,260,81,76,40,9,3,7
USER048,2025-10-27,8.4,17.5,21.5,1,95.8,21.74,6.45,5,200,89,73,125,89,2,7
USER048,2025-10-28,8.27,22.4,21.7,2,90.3,21.68,4.71,15,200,92,74,268,15,4,5
USER048,2025-10-29,5.78,34.7,20.8,3,96.1,22.17,5.78,1,321,61,79,98,5,3,7
USER048,2025-10-30,8.15,15.6,27.0,3,92.0,21.97,4.12,5,236,93,97,373,49,5,6
USER048,2025-10-31,10.29,21.5,32.6,2,97.4,21.73,2.96,2,345,67,82,168,2,4,6
USER048,2025-11-01,9.3,14.9,28.0,2,98.4,22.94,4.07,2,202,67,81,96,86,5,6
USER048,2025-11-02,9.56,31.1,23.8,0,99.4,23.66,3.98,3,212,78,52,60,43,4,5
USER048,2025-11-03,8.27,24.4,31.7,1,87.4,21.91,2.81,7,322,85,100,36,12,2,5
USER048,2025-11-04,6.6,14.0,17.5,0,89.7,22.45,6.06,4,235,66,83,68,8,2,4
USER048,2025-11-05,7.31,16.5,34.5,3,96.6,21.82,8.62,4,222,68,97,104,24,4,4
USER048,2025-11-06,4.22,15.9,22.9,2,95.9,22.13,1.53,0,452,47,79,269,18,5,6
USER049,2025-07-10,7.84,24.2,28.5,4,92.3,21.98,5.1,3,266,86,89,196,67,4,4
USER049,2025-07-11,8.3,33.9,15.8,3,97.6,22.01,4.66,3,268,74,92,40,2,5,5
USER049,2025-07-12,7.72,29.4,19.4,3,96.6,22.48,3.52,5,306,99,75,59,5,5,5
USER049,2025-07-13,7.86,39.9,30.6,1,93.2,22.65,5.79,3,247,72,72,31,8,5,6
USER049,2025-07-14,6.91,31.7,27.3,3,92.5,21.66,2.96,1,313,72,62,77,44,5,7
USER049,2025-07-15,9.67,28.6,20.4,1,97.0,21.87,4.46,1,428,89,37,32,7,6,6
USER049,2025-07-16,8.69,20.0,34.5,0,91.6,21.94,5.46,5,301,81,75,71,16,3,5
USER049,2025-07-17,9.4,22.9,18.2,1,95.2,22.28,5.98,3,297,58,76,192,21,3,8
USER049,2025-07-18,6.64,22.9,31.9,1,95.5,22.04,6.43,2,335,78,99,43,8,3,7
USER049,2025-07-19,7.99,22.7,27.9,4,98.4,23.0,6.75,7,311,78,100,58,0,5,6
USER049,2025-07-20,8.29,24.4,27.6,2,88.4,22.5,6.06,4,321,61,89,59,12,4,7
USER049,2025-07-21,8.87,29.3,32.7,1,87.5,22.45,7.43,1,233,89,77,42,54,3,3
USER049,2025-07-22,6.62,25.5,26.1,3,96.9,22.37,5.2,3,255,71,68,22,37,3,6
USER049,2025-07-23,7.81,16.6,28.6,2,95.3,22.36,4.34,5,265,72,72,122,2,6,7
USER049,2025-07-24,7.99,28.0,36.9,2,96.8,22.24,6.64,3,305,89,97,52,12,5,5
USER049,2025-07-25,7.65,19.3,35.7,4,93.1,22.07,5.03,4,230,78,99,33,32,4,5
USER049,2025-07-26,9.9,23.4,34.7,2,95.6,22.82,5.92,4,222,63,74,66,1,4,5
USER049,2025-07-27,7.82,20.3,34.2,1,92.2,23.07,7.54,3,278,75,61,106,40,3,5
USER049,2025-07-28,7.79,24.1,26.8,4,92.6,22.08,7.27,6,229,92,66,75,32,3,4
USER049,2025-07-29,7.47,25.4,33.5,4,93.0,21.77,5.07,4,219,76,100,5,8,5,6
USER049,2025-07-30,6.61,21.3,22.7,2,93.0,21.98,4.93,2,224,73,80,172,10,2,5
USER049,2025-07-31,7.28,20.5,33.1,1,99.5,22.48,6.31,2,240,98,64,256,14,6,6
USER049,2025-08-01,7.37,29.8,26.5,3,95.3,21.78,6.48,4,240,79,97,59,32,3,6
USER049,2025-08-02,10.89,28.4,20.1,1,91.2,23.39,3.23,1,328,52,68,70,14,4,5
USER049,2025-08-03,7.17,15.4,20.9,4,93.0,22.1,5.18,2,233,100,74,177,6,3,7
USER049,2025-08-04,6.12,24.1,18.4,1,87.8,22.07,3.69,1,264,75,57,46,31,3,6
USER049,2025-08-05,7.47,26.6,35.0,1,88.5,22.43,3.87,5,200,68,78,141,26,5,6
USER049,2025-08-06,7.55,14.2,27.0,3,92.0,22.22,5.4,5,358,89,78,63,6,2,5
USER049,2025-08-07,7.42,28.0,28.9,1,94.6,22.23,7.79,6,322,81,82,78,9,4,5
USER049,2025-08-08,6.92,25.9,27.4,0,97.3,21.76,3.29,2,279,81,71,119,57,4,7
USER049,2025-08-09,8.92,20.3,23.6,1,97.5,22.5,1.72,3,274,79,67,57,5,3,5
USER049,2025-08-10,7.6,28.2,39.2,0,85.5,22.21,5.13,5,248,92,88,143,11,3,3
USER049,2025-08-11,7.43,27.8,25.2,1,88.7,21.94,6.38,6,359,92,61,26,56,2,7
USER049,2025-08-12,6.87,28.4,26.9,0,94.6,21.61,6.48,1,351,69,92,41,8,6,7
USER049,2025-08-13,7.72,29.2,23.1,2,99.5,21.95,8.42,5,251,100,92,213,17,4,5
USER049,2025-08-14,8.2,36.5,20.3,3,92.5,21.61,4.45,5,338,94,62,70,4,7,7
USER049,2025-08-15,7.8,21.7,17.5,1,96.7,21.58,6.05,7,200,95,100,69,4,2,6
USER049,2025-08-16,8.11,33.8,30.2,2,91.5,23.01,3.97,3,200,99,100,45,23,5,7
USER049,2025-08-17,7.89,17.5,23.9,1,97.6,22.33,2.72,7,286,89,100,242,11,5,8
USER049,2025-08-18,6.53,21.3,16.7,2,95.8,22.23,7.87,1,213,75,73,57,13,3,4
USER049,2025-08-19,7.3,14.3,23.6,1,99.5,22.1,4.64,7,297,73,83,53,47,2,8
USER049,2025-08-20,8.98,24.4,19.3,3,98.5,22.26,4.16,4,291,90,69,110,21,2,5
USER049,2025-08-21,6.67,29.9,28.7,2,94.4,21.89,6.94,2,266,64,100,71,43,2,8
USER049,2025-08-22,8.22,21.3,33.7,3,90.1,22.21,3.98,4,324,62,80,20,22,2,5
USER049,2025-08-23,8.67,19.8,20.7,1,95.7,23.49,5.44,6,340,72,81,42,21,6,5
USER049,2025-08-24,7.6,20.8,31.9,4,90.7,22.02,5.35,6,224,66,82,167,2,3,5
USER049,2025-08-25,8.94,15.5,20.5,3,86.0,22.3,7.36,2,335,75,96,48,7,4,6
USER049,2025-08-26,9.54,27.5,27.8,0,90.8,21.63,3.44,3,349,73,89,137,0,2,7
USER049,2025-08-27,6.45,36.0,32.3,1,91.5,22.27,4.11,2,301,66,63,351,25,4,4
USER049,2025-08-28,7.15,24.9,26.0,3,93.4,22.43,6.62,3,319,75,90,118,95,6,7
USER049,2025-08-29,6.32,31.6,33.2,2,93.7,21.93,6.67,2,327,66,78,73,21,4,6
USER049,2025-08-30,10.13,38.4,25.0,2,97.9,23.34,3.23,0,335,65,56,17,51,3,5
USER049,2025-08-31,8.29,18.8,30.4,2,94.6,23.59,6.03,5,224,94,100,42,16,5,6
USER049,2025-09-01,5.15,20.1,34.5,1,94.9,21.64,5.52,0,386,68,52,83,90,2,7
USER049,2025-09-02,6.48,23.2,22.7,3,94.8,21.67,4.42,2,346,71,71,26,30,3,5
USER049,2025-09-03,6.79,30.8,25.4,4,93.3,22.02,8.19,3,257,74,79,4,0,3,3
USER049,2025-09-04,10.82,18.4,24.5,2,96.9,22.11,2.93,0,409,46,77,111,0,6,7
USER049,2025-09-05,7.9,18.2,35.9,1,97.9,21.87,5.88,2,217,72,78,128,13,6,6
USER049,2025-09-06,9.63,22.7,29.5,1,89.2,23.17,6.36,4,343,72,59,115,3,5,6
USER049,2025-09-07,8.55,23.2,35.5,2,97.8,23.72,5.06,4,277,96,75,72,11,5,4
USER049,2025-09-08,7.21,23.8,39.6,0,99.5,22.04,4.31,6,200,81,68,24,39,5,4
USER049,2025-09-09,8.87,19.0,30.5,4,94.8,21.76,5.51,3,223,82,78,71,11,4,4
USER049,2025-09-10,7.59,23.1,31.6,2,88.9,22.43,5.09,3,222,77,83,143,4,3,8
USER049,2025-09-11,6.46,16.9,33.9,3,87.8,21.93,2.92,3,340,80,82,5,13,3,5
USER049,2025-09-12,8.59,31.6,24.7,2,93.5,21.87,5.67,6,283,78,90,25,65,2,7
USER049,2025-09-13,9.27,25.0,17.5,1,87.8,23.29,4.47,1,338,74,77,91,28,3,5
USER049,2025-09-14,8.73,27.3,23.3,0,95.8,23.71,7.6,6,429,89,83,110,4,2,7
USER049,2025-09-15,8.04,21.0,29.7,2,97.5,22.3,6.41,7,248,89,100,133,45,5,6
USER049,2025-09-16,8.52,28.2,24.2,0,96.4,21.58,7.37,1,345,87,82,12,1,4,4
USER049,2025-09-17,6.99,25.8,20.8,1,89.3,22.31,5.82,5,267,79,76,55,31,3,3
USER049,2025-09-18,7.52,16.7,34.6,1,96.0,21.93,3.62,4,270,85,84,129,2,3,5
USER049,2025-09-19,7.91,21.0,27.3,0,90.2,22.46,5.35,5,313,90,100,89,11,3,5
USER049,2025-09-20,9.16,34.6,29.4,2,96.8,22.95,4.01,3,232,59,64,24,5,3,7
USER049,2025-09-21,9.27,26.4,27.7,1,93.7,22.44,4.8,2,328,63,82,175,42,5,6
USER049,2025-09-22,7.43,21.2,31.9,3,93.9,21.77,4.87,2,252,100,78,177,12,3,7
USER049,2025-09-23,8.85,23.2,23.5,4,93.5,21.93,3.03,2,223,74,84,35,15,2,5
USER049,2025-09-24,6.94,25.0,24.3,4,85.1,21.58,7.28,2,331,64,77,17,11,3,6
USER049,2025-09-25,8.09,20.4,24.6,1,97.4,22.23,4.59,2,230,100,81,57,0,5,7
USER049,2025-09-26,8.43,26.6,22.7,1,93.4,21.63,7.25,1,275,85,85,260,16,4,5
USER049,2025-09-27,8.24,32.7,29.8,1,93.1,23.75,5.3,0,270,83,100,97,17,3,6
USER049,2025-09-28,8.09,23.8,25.1,3,94.4,23.93,6.93,6,259,57,84,29,7,3,8
USER049,2025-09-29,8.61,13.8,26.4,0,89.8,21.76,4.47,4,212,80,87,54,22,3,8
USER049,2025-09-30,7.68,19.1,23.1,0,88.7,22.17,5.62,5,275,100,90,67,11,3,4
USER049,2025-10-01,6.35,27.3,31.0,2,93.6,21.86,3.18,2,241,78,76,69,23,5,7
USER049,2025-10-02,8.5,36.2,29.3,1,97.6,22.48,6.48,3,244,63,83,155,8,3,4
USER049,2025-10-03,7.51,25.6,16.2,1,96.0,21.84,4.59,5,407,84,84,553,8,7,7
USER049,2025-10-04,8.09,32.2,27.4,1,89.7,22.75,8.1,2,277,84,99,37,1,5,5
USER049,2025-10-05,8.81,19.6,34.3,0,89.3,23.27,4.59,3,297,85,50,26,5,3,2
USER049,2025-10-06,8.45,33.7,17.6,3,97.6,22.45,4.24,4,217,66,99,37,23,5,8
USER049,2025-10-07,7.49,14.2,26.3,2,95.1,22.19,5.09,5,232,74,100,21,44,3,7
USER049,2025-10-08,9.13,33.2,34.6,1,98.9,22.15,7.28,0,275,75,72,60,5,5,5
USER049,2025-10-09,6.88,36.8,28.5,0,93.5,22.31,7.16,2,375,82,83,72,9,7,8
USER049,2025-10-10,6.25,23.1,21.2,1,95.0,21.6,3.29,2,253,66,82,62,18,5,8
USER049,2025-10-11,7.21,16.1,35.7,2,93.0,22.82,7.59,1,314,64,73,57,16,4,4
USER049,2025-10-12,9.27,22.0,32.9,1,97.8,22.61,1.31,2,255,75,58,114,59,7,6
USER049,2025-10-13,8.06,24.5,38.2,2,98.9,21.87,7.21,3,291,91,79,86,16,2,4
USER049,2025-10-14,8.53,21.6,25.2,2,98.1,21.69,6.9,4,280,88,98,89,14,2,6
USER049,2025-10-15,8.39,17.9,28.1,1,87.5,21.9,8.25,2,361,85,75,96,2,4,5
USER049,2025-10-16,8.35,23.6,24.9,1,92.1,22.46,5.17,0,312,63,72,48,23,2,6
USER049,2025-10-17,7.17,18.5,22.5,3,96.2,21.64,5.69,6,292,80,91,179,2,5,9
USER049,2025-10-18,9.97,20.6,24.7,5,97.0,22.19,2.18,1,313,63,64,137,7,4,4
USER049,2025-10-19,8.39,24.1,30.5,1,94.3,22.84,3.6,3,229,91,96,74,34,4,3
USER049,2025-10-20,6.87,30.3,24.3,2,98.2,22.34,6.13,3,335,80,84,67,6,5,3
USER049,2025-10-21,9.89,31.7,34.2,2,96.8,21.58,4.15,3,200,85,86,13,7,3,3
USER049,2025-10-22,7.59,17.2,16.7,2,92.5,22.25,4.36,4,308,90,78,49,0,2,5
USER049,2025-10-23,7.09,29.6,25.2,3,98.1,22.49,2.69,5,304,100,94,92,66,4,6
USER049,2025-10-24,6.58,32.0,33.3,1,94.2,21.99,4.06,5,215,89,61,22,11,5,7
USER049,2025-10-25,10.66,27.9,26.2,2,90.4,23.18,6.45,0,343,64,64,211,33,4,7
USER049,2025-10-26,7.42,21.1,26.7,3,97.0,22.66,7.68,7,200,74,66,18,42,5,4
USER049,2025-10-27,8.9,27.2,21.8,1,96.3,21.75,2.98,1,382,90,85,119,4,2,5
USER049,2025-10-28,7.47,41.0,38.7,1,99.5,22.37,6.84,5,320,89,81,95,97,2,6
USER049,2025-10-29,8.61,32.4,28.3,1,97.7,22.13,6.02,3,347,81,75,77,9,2,5
USER049,2025-10-30,6.52,18.9,29.2,5,91.8,21.72,7.46,1,285,88,58,124,20,6,8
USER049,2025-10-31,6.17,32.7,30.6,6,89.4,22.14,5.13,0,285,66,67,189,1,5,6
USER049,2025-11-01,8.05,24.6,36.0,2,97.0,22.61,6.9,5,263,84,67,95,11,3,9
USER049,2025-11-02,8.57,15.9,30.9,2,97.5,22.55,4.59,4,295,96,91,35,5,7,7
USER049,2025-11-03,8.61,25.9,32.2,1,94.4,22.11,2.95,2,314,71,87,145,6,2,8
USER049,2025-11-04,7.19,32.4,35.6,2,95.7,21.61,6.93,2,252,85,82,137,6,5,6
USER049,2025-11-05,8.57,25.9,22.3,0,86.9,21.86,7.83,3,352,77,84,27,37,4,7
USER049,2025-11-06,6.58,23.7,24.4,1,93.7,22.25,7.82,4,259,78,85,71,4,5,7
USER050,2025-07-10,8.01,29.9,37.4,1,94.3,23.81,3.9,6,218,80,100,341,0,3,6
USER050,2025-07-11,7.52,22.1,26.3,1,91.2,23.97,4.56,8,227,70,92,114,0,4,6
USER050,2025-07-12,8.89,26.7,37.8,2,89.8,23.6,4.57,2,272,67,84,54,15,3,7
USER050,2025-07-13,6.12,19.7,23.7,0,95.2,24.0,6.67,4,200,67,85,33,71,2,5
USER050,2025-07-14,6.2,23.1,36.6,1,95.5,23.89,2.0,1,294,70,65,189,28,3,6
USER050,2025-07-15,7.6,32.8,32.6,1,96.2,23.29,7.44,3,274,92,80,134,66,3,7
USER050,2025-07-16,7.58,29.1,32.1,4,93.9,23.12,6.22,2,273,88,62,29,3,4,7
USER050,2025-07-17,6.39,32.7,24.7,2,87.9,23.66,5.82,2,262,70,76,110,9,5,5
USER050,2025-07-18,7.49,21.9,22.5,1,92.0,23.96,6.76,3,300,94,98,213,20,3,7
USER050,2025-07-19,9.09,26.1,31.1,2,94.1,24.34,5.07,0,254,66,75,34,34,7,4
USER050,2025-07-20,8.8,30.1,21.5,3,96.3,24.87,6.95,1,276,66,100,37,36,3,6
USER050,2025-07-21,7.31,22.4,31.7,2,93.3,23.6,4.75,7,297,88,77,54,27,3,8
USER050,2025-07-22,7.17,32.8,30.5,3,95.3,23.15,5.96,5,290,78,96,118,89,4,5
USER050,2025-07-23,6.89,20.4,24.7,5,89.2,23.65,7.17,9,244,80,71,50,9,3,5
USER050,2025-07-24,6.32,28.7,25.3,0,98.8,23.78,3.81,3,246,96,78,115,22,3,7
USER050,2025-07-25,6.87,41.2,37.9,4,91.4,23.46,6.06,3,287,95,76,157,11,3,7
USER050,2025-07-26,7.07,26.2,21.6,1,86.4,24.35,4.75,0,200,83,71,34,5,2,6
USER050,2025-07-27,9.44,38.0,29.6,2,96.5,25.42,2.84,3,292,80,54,123,22,3,8
USER050,2025-07-28,7.13,26.1,20.1,2,99.7,23.72,7.35,4,312,78,91,63,10,5,5
USER050,2025-07-29,5.86,28.5,27.7,2,95.8,23.81,4.15,2,274,77,92,198,3,1,3
USER050,2025-07-30,6.91,17.5,25.2,1,95.2,23.39,6.34,4,398,80,53,172,24,7,5
USER050,2025-07-31,5.69,16.3,24.4,4,98.4,23.03,3.94,0,295,61,39,195,47,3,5
USER050,2025-08-01,7.83,30.6,36.3,6,92.9,23.06,4.83,4,274,87,80,32,9,3,5
USER050,2025-08-02,7.39,37.9,27.5,1,95.6,24.79,7.07,6,316,85,83,60,8,4,3
USER050,2025-08-03,8.72,22.0,18.6,3,96.7,23.69,3.04,2,376,80,92,97,37,3,5
USER050,2025-08-04,7.02,36.3,20.8,4,93.1,23.7,6.63,2,200,100,79,193,22,3,5
USER050,2025-08-05,6.3,21.0,16.0,2,93.3,23.12,3.96,3,287,81,78,117,5,4,5
USER050,2025-08-06,7.37,19.4,21.3,3,93.0,23.74,5.14,4,280,100,100,22,20,4,8
USER050,2025-08-07,6.7,18.3,21.7,2,92.3,23.86,4.45,3,222,78,78,5,4,5,6
USER050,2025-08-08,8.56,32.6,24.1,1,95.4,23.06,3.35,5,311,81,63,32,4,5,5
USER050,2025-08-09,7.72,22.7,24.2,1,96.9,24.92,5.39,3,384,94,86,16,12,6,7
USER050,2025-08-10,8.22,26.5,21.4,2,90.9,24.76,3.69,3,249,84,96,210,12,2,6
USER050,2025-08-11,6.21,35.8,26.6,2,97.6,23.75,4.5,2,295,75,92,57,4,5,5
USER050,2025-08-12,6.22,28.7,23.3,3,98.6,23.3,5.18,3,374,80,77,33,23,6,6
USER050,2025-08-13,7.42,20.0,33.9,1,93.3,23.01,6.45,3,280,100,74,123,8,5,7
USER050,2025-08-14,7.41,17.3,32.1,6,85.6,23.24,2.89,4,324,90,93,40,59,3,8
USER050,2025-08-15,6.29,33.4,25.8,3,90.3,23.66,4.15,0,317,60,68,19,9,5,6
USER050,2025-08-16,8.85,17.1,23.3,3,89.7,24.28,7.26,2,375,77,89,48,40,5,3
USER050,2025-08-17,8.11,16.8,30.4,2,93.7,23.79,4.43,4,253,89,84,61,4,2,5
USER050,2025-08-18,7.4,21.9,32.0,3,87.6,23.6,6.37,3,258,74,100,189,19,5,6
USER050,2025-08-19,7.9,27.1,23.5,1,97.5,23.63,7.14,2,357,83,85,125,7,4,8
USER050,2025-08-20,7.83,17.3,34.1,1,93.5,23.09,3.73,4,265,78,68,34,13,3,7
USER050,2025-08-21,6.59,14.2,29.1,2,83.7,23.86,5.03,4,269,85,84,137,28,5,4
USER050,2025-08-22,7.73,27.5,34.9,1,93.4,23.96,3.47,4,200,74,87,30,17,2,7
USER050,2025-08-23,8.41,29.7,20.3,0,92.4,25.09,5.57,9,253,80,55,111,7,4,8
USER050,2025-08-24,9.24,36.9,28.6,4,92.5,23.66,4.84,1,292,51,75,59,8,4,6
USER050,2025-08-25,7.24,33.4,27.9,1,88.8,23.37,5.62,7,260,86,95,51,7,1,6
USER050,2025-08-26,9.15,35.4,34.3,5,97.2,23.29,6.72,2,321,89,70,92,12,5,6
USER050,2025-08-27,7.73,32.0,25.5,2,95.2,23.25,6.66,6,276,76,90,81,40,6,4
USER050,2025-08-28,6.07,22.8,28.8,1,94.6,23.29,5.87,1,305,81,75,36,39,5,3
USER050,2025-08-29,7.98,20.3,24.5,1,97.6,23.97,5.9,8,200,100,95,9,14,5,5
USER050,2025-08-30,7.9,26.6,28.1,1,94.6,24.65,5.64,4,323,97,100,43,9,3,8
USER050,2025-08-31,11.12,19.6,36.7,3,97.3,23.81,5.68,0,375,59,42,34,22,2,4
USER050,2025-09-01,7.25,32.1,36.1,1,99.5,23.99,4.39,3,315,100,99,146,43,5,6
USER050,2025-09-02,5.8,23.1,24.9,2,94.3,23.16,7.06,1,245,66,86,133,48,2,6
USER050,2025-09-03,6.47,21.9,16.0,1,94.9,23.87,1.92,1,268,79,99,87,2,4,7
USER050,2025-09-04,7.76,19.2,38.3,2,97.2,23.34,5.48,0,213,92,100,88,29,7,6
USER050,2025-09-05,7.31,37.5,33.3,1,97.6,23.69,6.18,2,345,95,99,124,7,3,4
USER050,2025-09-06,10.15,35.0,24.2,2,89.0,25.37,2.02,0,395,63,36,91,23,6,6
USER050,2025-09-07,7.77,23.2,21.6,1,96.4,23.62,5.07,0,279,100,74,135,28,4,3
USER050,2025-09-08,6.65,21.9,30.1,1,99.7,23.21,5.06,2,273,73,89,37,8,4,7
USER050,2025-09-09,8.82,27.9,33.9,2,85.6,23.96,2.14,3,255,72,94,152,54,1,5
USER050,2025-09-10,6.04,25.5,25.7,3,96.3,23.05,3.12,3,283,86,64,239,18,3,3
USER050,2025-09-11,7.55,26.8,24.3,4,98.7,23.03,6.97,4,239,98,100,60,28,1,6
USER050,2025-09-12,7.03,18.9,23.5,0,88.4,23.62,6.1,4,301,78,70,83,2,3,4
USER050,2025-09-13,9.82,24.5,39.3,1,98.4,24.75,1.38,3,283,63,70,72,45,4,3
USER050,2025-09-14,8.95,14.8,27.5,0,91.4,23.82,3.2,5,330,74,88,34,17,4,6
USER050,2025-09-15,6.53,27.5,34.9,2,94.5,23.37,6.61,3,264,76,79,118,6,3,3
USER050,2025-09-16,7.01,22.3,24.6,2,94.2,23.32,7.42,3,235,81,84,95,1,4,5
USER050,2025-09-17,9.42,27.4,16.6,2,88.6,23.14,2.74,0,358,66,63,16,41,3,4
USER050,2025-09-18,5.84,31.5,27.8,4,93.7,23.04,6.84,1,393,81,67,139,22,3,7
USER050,2025-09-19,6.74,16.1,27.4,2,96.8,23.94,6.24,4,236,81,83,15,0,5,7
USER050,2025-09-20,8.36,25.9,32.1,5,91.8,24.83,7.44,3,315,78,87,168,27,6,4
USER050,2025-09-21,8.51,37.6,34.1,3,85.4,24.46,4.35,2,308,100,61,84,51,4,7
USER050,2025-09-22,7.61,20.9,35.9,3,89.9,23.0,5.07,5,285,81,100,229,115,3,7
USER050,2025-09-23,8.44,16.5,34.3,1,91.0,23.7,4.26,6,341,92,81,25,2,4,6
USER050,2025-09-24,7.19,23.6,23.1,1,93.8,23.62,6.06,4,335,95,96,14,16,2,7
USER050,2025-09-25,5.55,14.1,35.7,4,94.9,23.51,4.8,1,326,66,67,129,19,5,9
USER050,2025-09-26,5.66,20.8,22.7,2,90.9,23.37,6.64,2,364,80,82,22,9,2,4
USER050,2025-09-27,7.83,21.3,24.0,3,95.7,24.06,4.86,0,283,77,78,171,20,2,6
USER050,2025-09-28,8.77,31.5,23.4,2,94.7,24.63,4.53,3,301,81,94,168,11,7,6
USER050,2025-09-29,7.04,20.3,31.8,3,92.5,23.08,3.51,0,254,89,91,50,8,2,6
USER050,2025-09-30,5.18,32.5,35.5,3,97.4,23.99,3.27,0,357,65,71,114,4,3,5
USER050,2025-10-01,7.82,35.0,24.0,4,94.4,23.56,5.02,5,295,76,93,103,17,4,8
USER050,2025-10-02,6.27,14.7,32.1,3,99.2,23.37,7.0,2,287,81,74,44,6,2,5
USER050,2025-10-03,7.35,21.7,27.2,2,93.1,23.45,3.86,3,268,79,94,73,5,4,5
USER050,2025-10-04,7.6,36.1,28.1,0,97.3,23.93,6.83,3,292,95,95,175,19,3,6
USER050,2025-10-05,7.37,22.8,31.9,3,85.6,24.33,7.46,5,263,100,98,89,5,2,8
USER050,2025-10-06,9.03,25.2,14.6,4,95.3,23.5,4.32,1,303,84,81,169,11,4,7
USER050,2025-10-07,8.71,34.4,12.4,2,95.5,23.35,4.78,2,295,43,87,157,11,5,6
USER050,2025-10-08,5.73,21.5,38.2,3,93.8,23.61,5.42,5,288,68,76,90,66,7,8
USER050,2025-10-09,7.76,31.2,36.4,3,91.5,23.39,4.17,5,267,82,97,157,5,3,6
USER050,2025-10-10,7.71,21.3,34.3,1,90.5,23.58,7.47,4,221,81,65,130,2,5,6
USER050,2025-10-11,8.62,25.3,21.1,3,96.9,25.3,4.77,5,258,85,77,64,1,5,4
USER050,2025-10-12,8.69,27.1,21.4,0,87.7,24.3,5.78,3,326,68,70,28,9,6,5
USER050,2025-10-13,7.95,31.7,23.8,2,94.5,23.7,3.55,4,261,82,96,118,30,4,5
USER050,2025-10-14,5.76,20.5,17.0,2,97.5,23.51,5.58,2,291,89,54,68,7,3,6
USER050,2025-10-15,4.61,35.1,33.0,4,98.7,23.27,5.03,0,343,32,60,246,1,5,5
USER050,2025-10-16,5.67,29.8,33.1,0,98.0,23.9,4.27,7,346,83,77,24,47,3,6
USER050,2025-10-17,7.5,23.4,28.8,3,93.9,23.12,7.28,2,207,100,93,30,18,5,5
USER050,2025-10-18,9.18,27.7,20.6,3,92.7,23.64,5.78,1,350,75,92,320,66,4,5
USER050,2025-10-19,9.11,20.3,24.4,0,93.2,24.41,7.45,3,281,72,58,54,1,2,5
USER050,2025-10-20,7.45,32.6,29.1,2,97.1,23.79,6.96,6,260,88,87,6,53,3,8
USER050,2025-10-21,7.4,34.0,30.5,2,96.5,23.35,5.73,7,243,93,96,76,14,4,4
USER050,2025-10-22,7.4,32.6,33.6,1,97.1,23.98,6.65,8,264,100,85,245,31,3,6
USER050,2025-10-23,5.21,26.5,21.2,2,94.9,23.53,4.74,0,262,58,74,0,9,4,6
USER050,2025-10-24,8.16,21.4,30.6,2,91.4,23.18,3.95,1,299,78,100,118,8,2,3
USER050,2025-10-25,7.95,36.1,27.4,1,93.2,24.9,6.63,3,328,77,87,248,1,4,6
USER050,2025-10-26,9.03,27.0,23.2,2,95.4,25.07,5.52,3,265,77,88,195,9,3,6
USER050,2025-10-27,8.8,32.4,15.3,1,95.5,23.92,7.42,3,404,74,92,20,38,1,7
USER050,2025-10-28,8.02,19.3,32.1,1,93.3,23.11,5.07,1,262,88,83,41,20,3,3
USER050,2025-10-29,6.58,28.4,29.6,1,91.8,23.73,5.55,6,351,82,74,73,73,3,6
USER050,2025-10-30,8.01,17.6,31.0,1,96.5,23.68,7.62,2,361,69,92,117,8,2,3
USER050,2025-10-31,8.67,17.4,26.4,0,90.8,23.92,5.14,2,281,77,72,59,35,5,6
USER050,2025-11-01,9.96,27.3,36.0,2,93.4,24.91,3.59,3,345,50,58,21,7,2,5
USER050,2025-11-02,8.33,28.7,21.9,0,97.1,23.96,6.48,1,274,89,61,147,17,4,6
USER050,2025-11-03,7.54,24.2,25.2,0,87.9,23.96,6.4,2,241,93,92,150,30,5,5
USER050,2025-11-04,8.0,21.8,40.4,5,92.6,23.71,5.77,2,212,74,78,157,22,5,5
USER050,2025-11-05,7.71,22.5,33.2,1,98.5,23.73,4.34,5,234,86,85,53,68,4,6
USER050,2025-11-06,7.71,23.0,22.9,1,94.1,23.52,6.93,4,255,99,67,38,39,4,5
USER051,2025-07-10,5.94,24.9,19.0,2,92.7,0.78,5.52,2,262,100,95,291,10,4,3
USER051,2025-07-11,7.08,30.5,22.8,4,86.2,0.52,6.81,4,204,65,100,88,93,4,6
USER051,2025-07-12,5.41,19.7,33.1,0,95.6,2.47,1.64,5,305,79,64,134,19,3,7
USER051,2025-07-13,8.08,22.9,26.7,7,86.8,1.78,6.58,1,272,61,62,50,29,3,4
USER051,2025-07-14,5.27,23.5,28.8,1,92.5,1.33,4.38,3,297,74,67,180,6,4,5
USER051,2025-07-15,7.72,18.5,34.1,1,93.0,0.97,5.11,4,417,81,90,46,13,4,5
USER051,2025-07-16,6.99,19.2,39.8,1,89.3,1.27,0.77,7,315,79,81,111,3,3,6
USER051,2025-07-17,5.39,29.7,31.1,2,95.1,1.41,6.88,2,267,76,67,89,16,4,7
USER051,2025-07-18,5.33,20.9,24.1,3,98.3,1.34,3.72,0,314,78,93,59,0,5,3
USER051,2025-07-19,8.64,19.6,32.6,0,90.9,1.18,3.68,5,236,73,71,83,12,2,5
USER051,2025-07-20,8.6,27.2,29.4,2,95.7,1.5,5.12,2,351,63,65,26,15,5,6
USER051,2025-07-21,6.14,20.9,26.1,2,97.8,1.35,3.33,2,200,94,76,172,34,2,5
USER051,2025-07-22,6.03,19.5,28.4,1,92.2,0.76,3.79,6,270,62,80,84,21,4,4
USER051,2025-07-23,6.69,14.1,25.0,2,99.5,1.23,7.34,4,326,100,74,41,14,4,5
USER051,2025-07-24,7.01,33.7,16.2,0,93.1,1.38,5.89,5,200,82,86,200,14,3,6
USER051,2025-07-25,7.16,29.1,37.6,1,92.3,1.27,7.49,4,214,100,79,84,3,3,8
USER051,2025-07-26,6.75,23.3,34.0,2,88.7,1.52,7.87,4,223,98,99,52,1,6,5
USER051,2025-07-27,7.9,20.2,23.5,1,90.2,1.78,6.95,1,277,58,76,126,5,3,5
USER051,2025-07-28,7.45,19.4,33.5,2,97.9,0.63,5.07,3,251,78,73,15,13,7,7
USER051,2025-07-29,6.23,25.5,20.0,2,93.8,1.36,6.0,3,277,73,82,64,0,2,7
USER051,2025-07-30,7.73,30.6,19.3,0,96.7,0.83,2.18,3,343,92,90,10,10,4,3
USER051,2025-07-31,7.72,19.7,27.0,1,91.2,1.3,1.89,4,265,94,82,2,15,4,5
USER051,2025-08-01,5.22,27.2,23.2,2,89.7,0.56,3.62,1,301,71,94,18,67,5,4
USER051,2025-08-02,7.22,39.9,22.6,3,92.0,2.36,6.73,3,311,95,87,38,1,5,7
USER051,2025-08-03,4.85,39.0,27.9,2,92.7,1.72,5.32,4,382,67,78,216,9,2,7
USER051,2025-08-04,6.04,24.5,31.6,3,80.8,1.03,2.12,4,238,79,56,129,13,4,4
USER051,2025-08-05,7.19,22.4,34.2,2,97.4,1.13,7.98,4,236,82,95,220,26,5,6
USER051,2025-08-06,7.79,13.1,16.9,2,88.3,0.63,4.48,5,287,67,70,119,27,4,3
USER051,2025-08-07,6.4,29.9,27.5,0,88.6,0.7,2.51,3,292,83,100,34,26,5,7
USER051,2025-08-08,6.19,33.4,31.1,5,91.3,1.16,2.99,4,257,87,58,103,43,6,8
USER051,2025-08-09,8.08,21.8,31.3,2,99.5,2.59,6.08,5,343,77,82,14,36,5,4
USER051,2025-08-10,5.94,24.3,35.2,1,95.2,2.97,2.19,2,363,88,73,67,4,4,7
USER051,2025-08-11,5.29,19.6,22.7,1,96.7,0.94,8.82,3,323,78,81,110,6,4,5
USER051,2025-08-12,6.58,26.2,30.6,4,94.4,0.97,5.09,6,277,80,97,401,30,7,8
USER051,2025-08-13,5.31,27.9,25.7,3,97.0,1.22,5.51,2,298,93,73,132,45,4,4
USER051,2025-08-14,6.88,17.6,24.4,1,98.6,1.24,5.23,3,284,89,98,33,7,4,7
USER051,2025-08-15,6.67,17.4,22.9,3,96.6,0.63,5.8,7,248,70,86,112,3,4,5
USER051,2025-08-16,7.69,23.4,26.0,2,93.6,1.21,5.67,0,283,66,71,26,0,3,7
USER051,2025-08-17,8.25,24.6,31.2,2,95.6,2.75,7.1,1,235,80,100,53,4,3,5
USER051,2025-08-18,7.1,26.7,23.9,1,95.8,0.84,5.57,6,260,71,72,70,58,3,5
USER051,2025-08-19,6.91,29.5,20.7,3,93.9,1.32,6.61,2,214,82,66,60,3,5,3
USER051,2025-08-20,7.49,20.2,33.5,0,95.5,0.79,5.12,5,213,74,80,77,5,6,6
USER051,2025-08-21,5.61,31.9,32.5,0,86.0,1.13,3.23,6,399,69,82,235,16,2,4
USER051,2025-08-22,5.37,19.7,37.3,1,84.8,1.19,4.5,2,263,84,86,59,47,5,5
USER051,2025-08-23,6.88,31.3,26.4,2,96.7,1.11,5.15,6,229,89,95,19,1,3,8
USER051,2025-08-24,7.72,17.3,39.4,1,94.9,1.2,6.45,3,225,87,64,15,20,4,8
USER051,2025-08-25,6.74,16.8,28.1,0,91.5,0.94,5.76,3,269,86,97,116,12,4,7
USER051,2025-08-26,7.31,32.7,33.7,2,97.2,0.84,6.87,3,355,99,78,60,5,6,5
USER051,2025-08-27,6.29,25.6,23.2,5,92.2,0.7,4.03,2,317,80,83,236,16,6,8
USER051,2025-08-28,6.27,19.0,30.5,3,96.5,0.8,4.55,5,256,80,95,56,3,3,7
USER051,2025-08-29,5.85,21.0,24.5,2,94.9,0.88,5.33,4,312,72,84,147,2,3,3
USER051,2025-08-30,9.19,23.2,28.2,4,95.1,1.45,4.55,2,341,63,94,85,17,5,6
USER051,2025-08-31,7.39,25.2,34.9,3,91.5,2.54,6.95,4,238,88,85,75,8,3,4
USER051,2025-09-01,5.31,28.4,28.9,0,93.6,0.55,3.96,2,299,74,75,61,44,2,5
USER051,2025-09-02,5.69,30.0,35.4,2,99.1,0.52,7.24,2,369,58,78,126,102,3,5
USER051,2025-09-03,8.04,14.5,24.4,2,89.1,0.93,5.27,3,227,83,90,50,54,3,4
USER051,2025-09-04,5.78,34.4,26.4,3,95.8,0.55,6.22,0,333,70,88,160,7,4,6
USER051,2025-09-05,5.53,25.7,16.5,1,96.5,1.33,5.49,2,343,75,92,27,18,3,6
USER051,2025-09-06,7.27,17.9,21.0,1,90.1,2.22,7.46,4,206,84,100,258,3,6,4
USER051,2025-09-07,8.71,19.9,27.5,2,97.6,1.31,2.09,2,342,57,87,101,18,3,4
USER051,2025-09-08,8.01,38.1,20.9,2,99.7,0.93,6.07,2,350,71,76,56,7,4,8
USER051,2025-09-09,7.39,15.1,27.5,4,97.2,1.5,4.49,3,239,90,58,42,19,4,3
USER051,2025-09-10,4.33,36.4,23.1,2,99.4,1.48,4.48,2,376,62,77,88,22,4,4
USER051,2025-09-11,7.16,34.3,34.2,1,95.8,0.79,5.46,4,228,92,98,54,1,4,7
USER051,2025-09-12,6.46,25.4,20.2,2,91.0,0.81,4.87,2,259,72,77,168,20,2,6
USER051,2025-09-13,7.11,34.4,38.0,3,93.1,1.91,7.6,3,231,85,98,15,13,2,8
USER051,2025-09-14,7.08,20.3,29.6,3,91.0,1.82,5.71,6,227,83,100,65,21,1,3
USER051,2025-09-15,6.48,25.9,25.7,1,99.0,0.69,3.92,5,254,83,100,26,89,3,5
USER051,2025-09-16,5.96,16.2,26.5,1,92.8,1.23,3.15,2,200,88,86,33,27,5,5
USER051,2025-09-17,6.33,32.3,29.4,2,89.7,1.43,8.48,8,292,70,100,84,8,4,6
USER051,2025-09-18,6.99,24.9,33.3,2,89.9,1.38,5.78,4,229,83,79,21,5,2,7
USER051,2025-09-19,6.47,35.5,20.1,4,89.1,1.24,2.9,5,200,72,76,219,23,5,6
USER051,2025-09-20,7.48,28.2,28.0,2,86.5,1.95,4.47,1,200,93,75,95,0,3,7
USER051,2025-09-21,8.11,20.9,31.4,2,99.3,1.22,5.14,5,257,52,93,41,10,1,6
USER051,2025-09-22,6.23,26.5,23.7,3,95.2,1.28,5.31,3,383,80,91,95,11,4,4
USER051,2025-09-23,6.62,38.0,31.5,2,84.4,0.9,5.99,0,259,100,75,33,8,4,6
USER051,2025-09-24,6.78,21.9,25.2,1,91.8,1.05,5.72,4,229,82,86,163,14,2,3
USER051,2025-09-25,6.74,19.3,26.0,5,91.3,0.9,6.4,3,200,76,80,135,54,4,7
USER051,2025-09-26,7.25,22.0,36.3,3,90.0,0.89,3.88,3,261,82,78,31,0,3,7
USER051,2025-09-27,8.15,20.6,22.2,2,97.9,2.96,4.63,2,279,70,99,30,11,3,3
USER051,2025-09-28,6.36,23.6,18.6,0,95.3,2.09,2.52,3,280,63,97,80,46,4,6
USER051,2025-09-29,8.33,18.7,24.3,2,95.8,0.8,5.92,1,275,80,48,51,116,3,6
USER051,2025-09-30,7.06,27.0,19.1,2,90.0,1.02,6.6,5,275,77,80,82,4,5,5
USER051,2025-10-01,5.3,20.8,26.2,5,98.5,0.87,6.02,3,246,61,53,126,7,3,4
USER051,2025-10-02,7.77,35.3,23.9,2,98.8,1.39,5.05,1,323,79,92,100,17,5,4
USER051,2025-10-03,7.77,23.5,22.9,3,97.2,0.54,5.98,6,216,93,77,407,14,3,6
USER051,2025-10-04,7.31,32.7,20.5,3,96.5,2.58,4.03,8,282,91,94,49,12,3,7
USER051,2025-10-05,7.36,23.7,37.1,4,98.5,1.32,4.37,6,230,80,88,181,9,4,5
USER051,2025-10-06,6.38,26.2,21.7,3,98.9,0.58,5.62,2,320,70,91,150,16,2,5
USER051,2025-10-07,7.4,25.1,31.2,5,96.6,0.6,8.46,4,343,92,96,35,11,4,5
USER051,2025-10-08,5.77,26.2,25.2,2,98.0,0.97,6.78,2,213,75,86,93,12,6,5
USER051,2025-10-09,7.51,26.6,30.3,3,96.2,0.78,5.61,2,341,82,98,85,5,5,7
USER051,2025-10-10,6.67,29.3,24.8,2,85.0,1.39,7.25,3,314,96,92,67,9,5,7
USER051,2025-10-11,8.38,12.5,26.5,1,95.2,2.23,4.98,4,345,61,90,125,42,2,6
USER051,2025-10-12,8.55,28.0,31.3,2,91.0,2.27,3.89,0,242,85,73,131,51,6,4
USER051,2025-10-13,7.9,15.5,33.9,4,93.2,0.52,6.38,2,291,87,78,166,8,2,7
USER051,2025-10-14,5.28,26.1,17.2,1,96.5,1.04,4.63,2,341,68,66,110,55,7,6
USER051,2025-10-15,4.89,23.8,24.1,3,97.0,1.04,7.9,1,288,63,61,77,8,3,3
USER051,2025-10-16,7.65,19.1,32.3,3,95.1,0.7,4.7,4,250,93,77,4,50,6,6
USER051,2025-10-17,5.54,18.1,27.9,2,93.6,1.48,4.88,2,369,62,75,104,2,3,5
USER051,2025-10-18,6.45,26.1,29.5,1,97.5,2.22,8.44,10,200,95,75,104,40,3,7
USER051,2025-10-19,7.9,26.4,23.9,2,88.0,1.85,1.42,3,263,65,78,92,14,5,6
USER051,2025-10-20,6.29,22.9,29.6,2,98.4,1.38,4.63,3,200,82,100,63,37,5,5
USER051,2025-10-21,4.73,29.3,24.4,4,93.0,0.64,6.68,2,264,71,45,77,20,4,3
USER051,2025-10-22,8.27,24.0,30.0,2,89.3,0.66,4.57,1,276,77,79,135,40,6,7
USER051,2025-10-23,6.5,27.9,29.1,4,97.6,1.27,3.57,7,280,70,100,41,23,3,5
USER051,2025-10-24,6.59,36.5,33.8,2,92.2,1.14,4.16,2,332,89,86,39,14,3,8
USER051,2025-10-25,8.28,20.7,35.9,1,92.5,1.76,5.54,3,285,84,93,24,16,2,6
USER051,2025-10-26,9.12,27.8,25.1,2,93.1,2.96,7.43,2,380,60,63,71,28,4,2
USER051,2025-10-27,5.63,37.7,24.6,2,88.1,1.34,6.43,2,292,77,62,243,11,4,6
USER051,2025-10-28,6.93,25.2,25.2,1,91.6,1.01,4.38,1,260,85,89,199,8,2,5
USER051,2025-10-29,6.65,14.8,30.7,3,83.5,0.67,6.51,4,286,91,73,95,2,4,6
USER051,2025-10-30,6.54,19.7,29.4,3,96.1,0.61,5.08,3,282,74,73,193,3,2,6
USER051,2025-10-31,6.59,19.3,31.0,0,98.9,0.77,6.46,6,205,97,95,248,72,4,7
USER051,2025-11-01,7.74,25.4,18.6,2,88.8,2.02,3.73,2,274,77,73,132,20,4,8
USER051,2025-11-02,6.28,20.9,32.3,0,88.1,1.83,5.37,2,301,70,77,57,27,4,9
USER051,2025-11-03,6.78,36.8,40.0,2,98.4,0.68,7.45,7,255,96,66,136,52,4,6
USER051,2025-11-04,6.16,36.1,29.4,1,88.6,1.04,6.2,3,200,72,75,99,45,2,6
USER051,2025-11-05,7.45,26.4,28.1,1,88.7,1.25,3.5,4,251,79,82,30,0,3,4
USER051,2025-11-06,6.81,26.8,30.0,1,91.9,1.39,6.66,4,200,88,84,53,20,3,6
USER052,2025-07-10,5.28,39.3,25.8,3,93.6,21.55,5.07,1,259,81,84,217,68,4,6
USER052,2025-07-11,6.76,17.1,29.1,0,87.8,21.68,5.1,2,296,79,68,107,22,4,5
USER052,2025-07-12,6.46,30.6,23.2,5,96.9,23.29,6.73,4,200,88,87,107,11,4,8
USER052,2025-07-13,6.65,21.3,34.9,1,90.1,23.42,5.73,3,254,78,91,203,8,4,6
USER052,2025-07-14,5.94,23.4,31.6,2,90.3,21.84,6.11,4,350,79,81,195,0,6,4
USER052,2025-07-15,4.78,20.4,34.9,0,85.9,21.57,3.07,5,330,63,59,15,1,5,5
USER052,2025-07-16,6.51,19.7,26.4,0,95.3,21.87,8.44,7,295,96,82,104,8,2,7
USER052,2025-07-17,6.02,23.5,24.3,0,93.9,22.17,3.11,5,264,90,77,15,2,4,6
USER052,2025-07-18,5.8,24.7,28.9,2,96.8,21.86,3.24,6,234,77,84,333,16,7,4
USER052,2025-07-19,7.55,37.0,34.0,2,91.0,23.52,6.95,3,266,69,99,20,4,4,8
USER052,2025-07-20,5.62,23.8,32.6,1,91.5,23.82,6.4,2,257,92,91,118,50,5,4
USER052,2025-07-21,6.61,24.6,29.7,3,96.9,22.45,6.0,2,288,88,81,102,9,3,8
USER052,2025-07-22,6.12,24.8,17.0,2,95.3,21.74,5.56,2,305,92,100,122,16,6,6
USER052,2025-07-23,5.49,18.8,33.0,0,92.9,21.75,4.55,4,302,64,78,30,3,4,6
USER052,2025-07-24,5.91,28.9,19.4,1,94.9,21.78,5.18,4,250,87,83,64,14,2,6
USER052,2025-07-25,5.32,22.6,21.4,1,90.0,22.25,8.95,3,298,63,75,129,31,7,5
USER052,2025-07-26,6.66,18.7,28.7,2,98.7,23.28,7.19,5,249,77,77,192,7,5,5
USER052,2025-07-27,7.61,19.4,31.0,2,97.8,22.92,3.85,4,350,75,82,23,5,4,4
USER052,2025-07-28,6.07,11.0,21.5,3,91.6,22.26,5.67,4,213,94,63,25,1,5,5
USER052,2025-07-29,4.0,41.3,25.2,2,93.4,21.82,4.06,2,293,64,64,109,3,2,5
USER052,2025-07-30,6.64,28.5,33.4,1,96.8,22.32,5.33,3,347,91,92,219,30,4,7
USER052,2025-07-31,4.01,29.4,30.2,2,94.6,22.38,6.79,2,356,75,70,148,57,6,3
USER052,2025-08-01,7.16,34.9,31.3,2,91.7,21.61,8.56,1,329,77,65,84,5,3,4
USER052,2025-08-02,6.69,21.1,29.9,0,94.4,23.45,6.32,5,272,63,84,17,36,3,7
USER052,2025-08-03,7.19,21.9,30.4,2,93.2,23.59,3.22,4,289,94,71,315,7,6,4
USER052,2025-08-04,6.03,38.3,17.5,2,90.7,21.6,5.25,1,213,69,79,185,27,5,6
USER052,2025-08-05,6.23,33.9,25.7,2,95.5,22.18,6.56,5,200,76,83,62,9,3,7
USER052,2025-08-06,5.26,32.5,25.2,1,94.0,21.65,8.32,3,293,86,69,35,23,6,6
USER052,2025-08-07,5.34,24.0,36.3,3,97.0,22.09,4.36,5,281,85,83,82,10,3,7
USER052,2025-08-08,6.05,29.5,33.5,3,94.1,21.83,3.46,1,333,87,69,69,8,4,6
USER052,2025-08-09,7.34,20.8,37.5,2,95.4,23.88,5.25,5,276,86,74,4,1,2,7
USER052,2025-08-10,4.94,30.5,27.3,3,96.8,22.95,4.77,2,317,77,69,86,29,7,4
USER052,2025-08-11,6.32,24.5,16.3,1,91.0,21.86,3.73,5,276,93,76,120,6,2,7
USER052,2025-08-12,4.49,31.9,40.9,3,92.7,21.98,6.92,2,303,75,56,33,61,4,6
USER052,2025-08-13,5.84,17.8,24.9,0,88.1,22.1,7.18,5,292,67,91,107,0,6,4
USER052,2025-08-14,5.44,21.5,19.3,2,97.3,22.33,7.2,6,309,75,80,18,9,2,6
USER052,2025-08-15,6.3,41.1,20.5,4,94.7,22.49,5.56,4,324,100,66,128,21,3,6
USER052,2025-08-16,5.93,38.3,23.5,2,87.5,23.1,5.55,8,284,73,71,212,9,2,6
USER052,2025-08-17,6.76,40.0,30.8,1,96.7,23.69,6.45,2,331,86,66,47,104,3,9
USER052,2025-08-18,6.46,31.2,24.1,4,97.5,21.63,6.24,6,279,83,81,47,8,6,5
USER052,2025-08-19,6.73,24.4,29.9,2,93.2,21.59,3.78,1,249,95,91,63,47,3,8
USER052,2025-08-20,5.91,14.7,35.9,2,92.9,21.76,8.33,3,200,81,82,188,14,4,5
USER052,2025-08-21,4.68,28.9,31.7,1,94.9,21.7,5.43,0,313,72,78,54,42,4,8
USER052,2025-08-22,5.89,37.1,23.8,5,94.1,21.62,6.11,3,200,99,94,305,6,7,6
USER052,2025-08-23,7.23,20.0,19.4,2,96.8,22.27,6.8,4,301,80,75,242,2,6,5
USER052,2025-08-24,8.35,22.4,21.2,4,88.3,22.71,6.31,1,378,59,79,125,28,5,3
USER052,2025-08-25,6.15,18.7,33.6,4,94.2,21.58,6.77,5,267,86,93,98,4,3,7
USER052,2025-08-26,5.71,33.8,28.5,4,96.0,22.3,7.41,5,200,80,72,161,102,5,6
USER052,2025-08-27,6.77,18.3,26.0,1,90.9,21.57,4.07,5,264,84,87,55,36,2,7
USER052,2025-08-28,4.6,29.8,24.3,1,94.9,21.81,5.96,3,288,75,85,278,22,5,6
USER052,2025-08-29,5.75,19.1,20.0,2,94.5,22.06,5.11,3,325,66,100,219,0,4,5
USER052,2025-08-30,8.22,25.5,31.4,2,95.1,23.41,5.05,2,346,48,55,94,6,2,4
USER052,2025-08-31,6.71,24.5,21.7,0,95.7,23.51,2.52,4,292,78,66,93,19,7,4
USER052,2025-09-01,5.29,19.8,31.1,2,87.8,21.89,7.04,1,200,92,88,28,31,2,5
USER052,2025-09-02,7.05,26.8,31.4,3,98.9,22.3,5.3,1,282,80,100,83,30,4,5
USER052,2025-09-03,5.14,20.4,27.7,2,98.2,22.23,5.69,4,329,83,75,212,42,5,5
USER052,2025-09-04,6.82,36.6,32.1,3,96.9,21.68,6.78,5,212,85,74,189,30,3,7
USER052,2025-09-05,6.57,28.3,30.0,1,95.3,21.61,1.9,4,320,89,87,48,1,2,6
USER052,2025-09-06,8.03,16.0,26.5,1,95.7,22.23,4.81,1,227,69,70,76,2,5,4
USER052,2025-09-07,7.92,27.6,33.7,2,98.4,23.4,4.37,1,254,67,74,136,23,3,7
USER052,2025-09-08,4.0,24.9,24.9,3,95.0,21.67,0.27,0,402,77,67,34,8,5,4
USER052,2025-09-09,5.65,29.6,27.4,0,95.0,22.01,4.02,5,276,81,99,36,16,3,7
USER052,2025-09-10,5.84,15.5,28.3,0,85.1,22.45,5.34,3,273,71,92,88,3,5,7
USER052,2025-09-11,6.05,22.5,32.7,4,97.6,21.59,7.12,4,252,80,82,29,23,2,6
USER052,2025-09-12,6.95,18.2,38.5,0,95.5,21.66,5.5,4,284,70,52,32,2,5,8
USER052,2025-09-13,6.11,30.4,22.3,2,94.6,22.4,5.29,7,256,90,78,27,8,2,4
USER052,2025-09-14,6.53,15.0,32.4,4,91.8,23.67,3.35,3,288,100,72,103,14,2,6
USER052,2025-09-15,4.62,28.0,22.7,2,98.8,22.39,2.94,3,332,61,82,94,8,5,6
USER052,2025-09-16,5.06,34.4,33.2,3,88.0,22.36,4.46,3,372,72,90,17,67,3,4
USER052,2025-09-17,6.35,32.6,36.0,0,93.6,22.0,6.62,4,317,96,100,68,31,5,7
USER052,2025-09-18,5.21,22.8,25.5,0,94.0,21.69,4.35,2,332,82,74,52,39,2,6
USER052,2025-09-19,5.22,23.6,30.4,4,86.1,21.66,7.53,2,356,80,91,35,0,3,6
USER052,2025-09-20,7.4,37.1,28.6,0,96.9,22.93,6.23,1,355,56,69,47,9,5,3
USER052,2025-09-21,5.87,15.2,20.5,2,89.1,22.41,6.98,4,265,87,73,34,23,2,5
USER052,2025-09-22,4.35,40.5,13.7,1,93.4,21.74,5.78,0,253,78,83,185,32,6,6
USER052,2025-09-23,6.93,26.2,18.6,4,92.2,21.76,4.41,5,259,92,74,82,6,2,4
USER052,2025-09-24,7.09,17.4,21.1,2,96.3,22.43,3.86,3,363,75,100,95,9,3,7
USER052,2025-09-25,5.98,26.7,36.0,1,96.5,21.53,5.17,2,200,85,100,214,1,4,7
USER052,2025-09-26,4.98,30.1,18.3,2,94.9,21.51,7.1,4,360,98,87,133,27,5,3
USER052,2025-09-27,6.83,15.0,14.7,2,94.4,23.29,3.92,5,245,79,81,137,21,1,5
USER052,2025-09-28,7.83,28.5,27.1,0,91.5,22.38,5.94,0,276,75,61,46,12,3,2
USER052,2025-09-29,7.22,24.0,29.6,1,96.8,22.38,8.68,3,236,85,69,87,29,2,6
USER052,2025-09-30,5.46,22.0,38.8,0,88.6,22.18,8.01,5,213,56,81,258,78,4,6
USER052,2025-10-01,6.05,20.4,16.5,4,92.7,21.8,7.81,3,200,67,75,118,40,5,4
USER052,2025-10-02,7.87,23.8,21.2,5,92.1,22.35,6.04,5,251,80,76,345,3,4,6
USER052,2025-10-03,6.2,19.7,17.7,2,91.6,21.68,4.18,4,200,76,95,64,35,6,8
USER052,2025-10-04,8.02,18.1,38.2,3,92.7,23.34,5.4,3,335,53,85,25,8,4,3
USER052,2025-10-05,7.21,35.1,20.9,3,92.5,23.05,4.85,2,309,51,77,134,7,4,5
USER052,2025-10-06,6.92,34.9,20.4,1,91.7,22.39,5.25,2,210,95,93,165,39,6,7
USER052,2025-10-07,6.15,21.6,29.9,2,90.0,22.09,4.61,4,241,91,100,20,5,4,7
USER052,2025-10-08,6.59,31.7,32.0,2,97.0,22.15,5.93,8,242,89,90,18,26,2,7
USER052,2025-10-09,6.43,28.9,15.4,2,98.8,22.14,5.79,10,287,75,87,51,4,4,6
USER052,2025-10-10,7.0,34.5,25.4,3,95.6,22.32,2.77,2,284,59,62,98,8,3,8
USER052,2025-10-11,7.75,33.4,14.3,2,93.3,22.21,2.09,3,288,83,78,93,17,7,4
USER052,2025-10-12,6.12,22.5,28.2,2,88.3,23.06,2.97,3,245,68,80,100,16,6,7
USER052,2025-10-13,7.29,17.6,17.6,4,95.7,22.49,4.65,1,200,72,73,85,19,3,7
USER052,2025-10-14,4.62,20.0,16.6,1,91.7,22.5,2.14,1,217,52,63,28,23,7,3
USER052,2025-10-15,6.54,27.4,33.2,1,92.7,22.27,5.47,4,324,84,99,72,22,1,5
USER052,2025-10-16,7.23,19.2,23.0,0,91.9,22.04,5.49,0,256,71,100,157,7,3,7
USER052,2025-10-17,4.74,23.1,29.4,4,96.9,21.79,5.02,2,376,65,78,158,12,2,5
USER052,2025-10-18,7.83,22.8,27.2,4,90.3,22.68,4.16,5,286,73,84,51,37,4,9
USER052,2025-10-19,6.93,14.6,32.1,3,93.6,23.73,5.02,1,318,98,87,52,13,3,8
USER052,2025-10-20,4.46,14.1,33.7,1,91.0,22.15,4.52,0,285,57,98,58,26,3,6
USER052,2025-10-21,7.25,30.5,22.9,3,96.2,21.78,7.82,1,283,70,69,124,14,2,5
USER052,2025-10-22,6.58,29.3,29.2,1,94.1,22.31,6.4,4,281,88,91,318,8,2,6
USER052,2025-10-23,6.27,21.5,24.8,0,91.1,22.28,4.37,7,268,76,73,131,31,1,7
USER052,2025-10-24,5.5,26.6,27.1,0,98.0,22.36,6.6,1,296,82,79,108,17,5,4
USER052,2025-10-25,6.43,32.7,26.6,5,97.7,22.75,4.76,4,267,96,84,45,8,5,6
USER052,2025-10-26,7.73,24.7,32.3,1,97.7,22.64,4.16,2,269,87,82,43,35,2,6
USER052,2025-10-27,5.59,23.3,14.4,1,98.3,21.7,4.94,2,298,77,98,95,1,4,7
USER052,2025-10-28,6.22,26.9,25.8,4,92.8,21.55,6.52,3,252,81,96,133,5,5,7
USER052,2025-10-29,5.5,34.3,36.6,2,96.8,21.83,7.61,4,333,82,78,74,0,4,6
USER052,2025-10-30,6.77,21.2,33.5,2,94.3,21.66,2.99,3,246,86,87,64,75,6,7
USER052,2025-10-31,5.72,42.8,24.8,3,88.3,21.89,6.63,5,240,69,64,17,4,3,6
USER052,2025-11-01,7.3,28.1,29.7,3,91.3,23.18,8.38,3,307,80,86,36,18,6,4
USER052,2025-11-02,7.83,18.1,33.8,1,96.7,23.11,5.88,6,253,80,71,124,17,3,6
USER052,2025-11-03,5.74,20.1,30.9,1,94.4,21.84,4.04,3,257,80,88,40,34,3,5
USER052,2025-11-04,7.09,22.6,17.6,2,92.0,22.31,7.59,4,305,84,81,236,5,3,8
USER052,2025-11-05,5.3,15.1,29.0,1,95.2,21.87,4.19,1,342,70,97,210,16,3,4
USER052,2025-11-06,4.0,24.4,30.5,0,87.7,21.5,5.53,3,333,67,85,354,6,4,3
USER053,2025-07-10,5.99,31.5,42.1,0,92.5,23.36,5.0,2,375,73,67,258,3,5,7
USER053,2025-07-11,6.43,32.8,27.8,2,95.5,23.75,4.62,3,223,80,64,55,3,5,7
USER053,2025-07-12,6.42,25.3,25.5,2,94.7,24.94,5.49,6,269,98,73,82,0,2,5
USER053,2025-07-13,9.1,25.2,22.8,0,93.2,23.66,4.88,1,317,77,77,104,36,5,5
USER053,2025-07-14,8.21,36.7,15.1,0,97.8,23.64,5.55,2,262,77,78,163,9,3,6
USER053,2025-07-15,7.84,34.3,23.9,1,95.0,23.51,3.47,6,344,72,86,130,2,2,6
USER053,2025-07-16,5.4,37.3,26.2,0,98.3,23.91,4.1,3,300,64,87,47,36,7,7
USER053,2025-07-17,6.33,24.3,29.2,2,90.8,23.48,4.82,3,200,100,87,13,3,2,4
USER053,2025-07-18,8.4,24.7,26.4,2,92.8,23.23,5.81,3,335,80,86,62,9,4,7
USER053,2025-07-19,8.07,27.4,27.4,2,92.2,24.69,3.95,1,257,80,55,44,23,4,8
USER053,2025-07-20,8.23,33.1,30.9,2,90.1,24.5,1.6,3,200,74,81,103,49,3,5
USER053,2025-07-21,6.04,22.0,29.1,2,91.1,23.16,6.31,1,299,79,77,102,10,3,6
USER053,2025-07-22,5.3,23.3,26.2,0,98.6,23.44,5.16,6,358,72,62,143,4,5,6
USER053,2025-07-23,6.44,22.1,21.1,2,98.7,23.91,6.81,1,222,83,68,297,3,4,7
USER053,2025-07-24,8.49,22.4,26.4,3,90.7,23.36,3.58,4,306,71,88,29,1,5,8
USER053,2025-07-25,6.98,27.0,18.3,1,95.5,23.62,2.05,6,304,97,80,108,5,3,7
USER053,2025-07-26,8.47,27.3,30.3,0,97.0,23.79,3.76,2,278,87,63,64,4,2,6
USER053,2025-07-27,7.52,11.3,15.6,2,95.5,25.13,5.98,3,278,93,84,79,10,2,6
USER053,2025-07-28,5.45,25.6,32.2,1,98.9,23.43,5.63,2,317,78,59,86,23,4,4
USER053,2025-07-29,7.37,18.7,17.8,1,97.7,23.49,5.76,3,281,94,86,41,11,3,7
USER053,2025-07-30,8.27,32.4,18.8,2,97.6,23.61,4.07,5,271,76,86,281,14,3,8
USER053,2025-07-31,5.63,29.9,21.5,5,91.7,23.12,4.42,2,299,64,73,157,120,2,5
USER053,2025-08-01,6.86,23.0,23.6,3,96.8,23.97,6.03,2,249,79,72,25,34,4,6
USER053,2025-08-02,7.76,27.9,31.6,2,95.3,24.01,3.16,2,332,100,89,22,9,4,7
USER053,2025-08-03,7.78,24.3,29.1,1,86.0,24.72,4.8,5,287,72,66,163,63,4,6
USER053,2025-08-04,5.36,22.0,21.1,3,93.1,23.64,1.59,1,334,66,94,35,6,3,7
USER053,2025-08-05,4.97,23.5,26.3,5,91.2,23.07,6.51,1,316,76,83,97,78,4,7
USER053,2025-08-06,8.94,26.6,32.3,3,92.0,23.69,3.97,4,380,52,64,136,10,2,5
USER053,2025-08-07,5.18,15.9,34.3,1,89.7,23.11,4.33,0,354,67,84,26,57,4,3
USER053,2025-08-08,7.07,21.6,22.3,4,95.5,23.27,6.54,5,200,82,89,24,25,2,8
USER053,2025-08-09,6.05,28.5,19.5,1,89.3,25.19,1.14,3,358,65,73,38,20,3,5
USER053,2025-08-10,8.87,16.7,25.6,0,94.0,25.44,7.3,2,257,80,88,66,9,5,5
USER053,2025-08-11,6.39,16.8,35.8,6,87.7,23.56,5.43,2,266,67,53,57,0,3,4
USER053,2025-08-12,6.7,26.9,19.7,4,87.4,23.56,2.76,0,257,95,100,160,19,1,5
USER053,2025-08-13,7.88,20.4,25.6,2,94.3,23.1,4.82,4,308,87,69,15,2,2,5
USER053,2025-08-14,6.02,25.3,30.5,3,95.7,23.75,6.68,3,311,71,89,161,2,6,6
USER053,2025-08-15,7.4,15.9,27.9,6,97.1,23.2,6.5,4,342,94,85,124,26,2,7
USER053,2025-08-16,8.34,32.4,29.4,3,98.4,24.23,3.31,4,293,80,70,132,13,3,5
USER053,2025-08-17,8.37,24.5,30.5,0,96.7,23.79,4.39,1,266,67,58,59,1,3,4
USER053,2025-08-18,7.16,26.2,26.2,2,93.4,23.03,6.33,7,285,77,87,156,26,3,6
USER053,2025-08-19,7.53,22.4,17.1,0,97.3,23.6,7.72,5,237,100,91,33,7,3,4
USER053,2025-08-20,8.0,27.2,21.9,2,90.0,23.09,3.65,2,282,63,81,23,91,4,3
USER053,2025-08-21,7.63,24.4,16.3,2,98.1,23.08,4.15,3,326,73,80,55,19,4,6
USER053,2025-08-22,7.11,25.5,30.9,1,99.9,23.62,4.92,11,288,96,92,200,8,3,5
USER053,2025-08-23,7.32,29.1,27.7,2,94.9,25.11,7.5,4,257,94,84,61,5,5,6
USER053,2025-08-24,7.21,20.0,32.8,1,98.5,23.5,5.52,8,232,71,79,107,1,6,2
USER053,2025-08-25,6.79,22.1,11.4,1,89.0,23.5,3.85,4,200,100,67,45,0,4,3
USER053,2025-08-26,8.62,28.4,16.2,2,93.9,23.24,2.93,0,279,96,85,46,25,6,7
USER053,2025-08-27,6.0,36.6,38.5,2,96.5,23.6,4.18,6,364,67,82,126,5,4,7
USER053,2025-08-28,6.24,23.3,22.7,3,94.2,23.39,4.46,3,270,59,87,168,32,5,7
USER053,2025-08-29,6.05,16.1,28.5,1,87.7,23.38,7.06,4,296,91,82,162,30,5,5
USER053,2025-08-30,8.74,34.1,42.1,3,96.3,23.52,3.67,1,333,76,82,245,17,4,5
USER053,2025-08-31,8.5,25.1,20.3,1,89.7,23.89,4.2,2,339,82,83,115,44,3,3
USER053,2025-09-01,6.49,26.3,23.0,1,98.6,23.82,2.56,2,200,69,100,66,0,4,8
USER053,2025-09-02,7.33,24.5,40.3,1,93.7,23.24,4.74,5,208,86,76,109,14,4,7
USER053,2025-09-03,7.79,25.7,29.1,2,87.2,23.03,5.98,5,398,73,79,117,22,3,5
USER053,2025-09-04,8.41,34.8,29.5,1,91.5,23.26,6.24,2,378,80,67,144,13,5,7
USER053,2025-09-05,7.58,22.5,20.3,3,90.6,23.81,5.02,7,305,76,96,70,14,4,4
USER053,2025-09-06,8.07,28.1,23.2,2,98.3,24.03,4.75,3,219,90,76,15,18,2,5
USER053,2025-09-07,6.99,23.3,27.3,1,90.3,25.29,6.14,4,264,69,75,27,10,4,7
USER053,2025-09-08,8.98,32.0,33.4,1,95.1,23.71,6.25,0,352,81,98,479,10,3,7
USER053,2025-09-09,7.9,15.2,20.1,2,85.2,23.8,7.24,6,227,89,80,156,7,4,6
USER053,2025-09-10,6.16,15.7,23.1,0,98.2,23.41,5.89,0,309,83,73,97,15,2,4
USER053,2025-09-11,6.25,20.9,37.1,2,82.0,23.63,5.79,3,308,84,62,149,5,5,5
USER053,2025-09-12,8.17,21.0,24.5,5,97.1,23.12,5.6,3,240,73,77,77,26,4,5
USER053,2025-09-13,7.29,21.8,30.5,2,97.6,24.78,8.49,2,200,83,100,96,19,3,7
USER053,2025-09-14,9.94,23.8,19.0,1,88.8,25.08,2.37,1,346,65,54,40,2,1,3
USER053,2025-09-15,7.15,25.1,25.6,1,93.3,23.43,6.29,1,280,82,100,133,19,4,7
USER053,2025-09-16,7.05,27.0,37.8,3,91.2,23.98,3.93,3,290,98,81,153,11,2,4
USER053,2025-09-17,6.66,16.0,30.9,1,91.9,23.49,7.94,4,281,76,94,26,1,5,4
USER053,2025-09-18,7.27,16.7,24.0,5,89.7,23.69,2.25,6,200,90,84,411,11,3,6
USER053,2025-09-19,7.01,23.4,24.1,1,82.9,23.4,7.44,4,281,92,72,63,1,3,6
USER053,2025-09-20,7.79,24.2,34.0,4,92.7,24.33,6.21,5,408,90,61,127,20,3,7
USER053,2025-09-21,9.27,28.0,21.3,3,95.4,24.92,4.89,1,355,55,88,22,42,2,4
USER053,2025-09-22,6.84,36.2,27.2,2,95.2,23.65,6.54,6,231,92,97,55,28,4,7
USER053,2025-09-23,6.66,18.3,19.8,5,98.3,23.31,8.29,3,250,67,90,28,5,3,6
USER053,2025-09-24,7.76,27.3,28.5,2,95.6,23.93,3.84,4,247,94,99,20,50,2,8
USER053,2025-09-25,5.44,26.1,17.3,0,92.6,23.33,6.01,2,281,70,71,173,3,6,4
USER053,2025-09-26,7.89,33.8,32.6,2,92.9,23.61,5.43,4,301,66,92,221,52,5,5
USER053,2025-09-27,8.94,37.1,22.8,2,92.6,24.08,6.1,3,325,73,53,322,21,3,7
USER053,2025-09-28,8.03,24.3,22.5,1,93.5,25.36,6.34,5,318,84,78,239,49,3,6
USER053,2025-09-29,8.85,16.1,13.9,2,94.0,23.42,3.65,2,316,90,90,175,27,4,7
USER053,2025-09-30,7.64,21.1,20.6,4,92.2,23.86,5.6,3,266,82,66,157,9,4,7
USER053,2025-10-01,6.76,21.9,29.7,1,88.9,23.49,4.4,5,232,78,100,4,26,5,4
USER053,2025-10-02,8.0,38.1,12.2,2,92.4,23.03,4.82,4,322,60,78,89,36,6,3
USER053,2025-10-03,7.3,32.5,15.6,0,92.8,23.72,8.0,4,206,76,75,70,4,5,6
USER053,2025-10-04,8.94,15.2,36.9,2,95.3,25.12,3.05,0,376,60,65,81,5,6,7
USER053,2025-10-05,8.1,23.4,23.0,2,97.6,24.56,7.16,2,344,70,75,111,53,4,7
USER053,2025-10-06,4.73,24.1,21.4,0,97.7,23.05,5.63,0,360,80,80,151,37,2,5
USER053,2025-10-07,8.45,31.7,31.4,1,98.8,23.86,3.28,1,233,70,88,74,7,2,4
USER053,2025-10-08,7.86,19.7,37.1,2,95.5,23.82,5.57,3,333,71,80,313,23,4,5
USER053,2025-10-09,7.92,23.9,30.2,1,96.6,23.99,4.42,1,307,81,82,138,13,2,4
USER053,2025-10-10,6.69,24.7,30.5,1,90.8,23.54,4.47,3,314,79,92,122,10,5,4
USER053,2025-10-11,9.11,14.3,20.0,1,79.2,25.17,3.77,1,433,58,64,91,5,6,7
USER053,2025-10-12,7.96,25.8,26.7,0,87.2,23.97,1.69,0,285,71,55,110,4,4,7
USER053,2025-10-13,6.91,26.1,31.4,1,88.9,23.43,5.7,7,271,68,65,33,7,2,4
USER053,2025-10-14,5.65,23.1,37.8,1,99.0,23.56,5.64,3,335,78,77,59,1,5,7
USER053,2025-10-15,6.03,20.6,34.0,1,92.0,23.2,4.56,5,227,61,72,43,32,4,7
USER053,2025-10-16,8.31,23.5,30.3,2,96.2,23.92,3.82,4,200,63,75,115,1,7,5
USER053,2025-10-17,8.03,39.3,31.0,0,91.0,23.82,6.85,4,359,73,86,99,61,5,7
USER053,2025-10-18,7.83,17.3,18.8,3,93.1,24.09,7.7,5,208,80,78,15,5,1,5
USER053,2025-10-19,6.58,36.3,22.3,1,83.5,24.58,6.27,0,240,62,72,43,15,4,6
USER053,2025-10-20,5.33,31.4,37.4,1,95.5,23.71,5.22,1,366,67,82,59,16,2,4
USER053,2025-10-21,5.85,14.2,30.5,1,96.9,23.15,4.36,1,306,76,54,135,3,6,5
USER053,2025-10-22,6.25,36.1,28.1,0,90.0,23.84,5.32,4,357,73,88,37,29,4,4
USER053,2025-10-23,9.5,24.2,26.1,1,96.4,23.29,2.67,1,346,76,89,94,13,3,4
USER053,2025-10-24,4.67,35.2,28.8,1,91.9,23.07,4.19,1,287,58,47,117,22,5,6
USER053,2025-10-25,8.15,30.2,29.8,3,96.4,24.84,2.33,4,336,75,96,18,36,6,6
USER053,2025-10-26,8.09,22.4,30.0,0,90.6,25.24,5.67,2,328,84,78,433,21,5,7
USER053,2025-10-27,7.53,17.2,38.9,1,94.9,23.98,3.26,5,317,100,84,56,2,2,6
USER053,2025-10-28,7.38,23.2,30.3,1,97.7,23.94,4.37,3,272,100,87,10,11,2,7
USER053,2025-10-29,6.11,14.6,29.4,3,94.1,23.69,3.78,5,338,84,53,91,23,3,4
USER053,2025-10-30,4.28,26.0,23.7,1,94.6,23.98,3.56,0,395,58,58,65,21,6,5
USER053,2025-10-31,7.55,19.1,34.8,2,97.3,23.4,4.88,7,200,84,89,74,4,5,3
USER053,2025-11-01,8.83,25.8,25.0,2,94.9,24.8,4.39,2,306,86,70,68,28,4,3
USER053,2025-11-02,6.28,24.9,18.0,1,90.4,24.79,5.08,4,331,60,100,104,1,2,5
USER053,2025-11-03,5.56,21.0,33.4,2,99.1,23.71,5.86,1,328,92,84,20,7,2,5
USER053,2025-11-04,7.55,16.3,13.6,2,88.5,23.12,5.17,3,271,77,75,98,7,3,5
USER053,2025-11-05,6.39,16.8,19.8,0,89.6,23.67,8.13,2,339,99,100,36,5,3,5
USER053,2025-11-06,6.88,21.6,18.7,1,93.8,23.57,3.34,5,278,95,84,175,11,5,5
USER054,2025-07-10,7.45,34.5,17.7,1,96.4,1.13,7.38,1,248,97,78,45,2,4,8
USER054,2025-07-11,7.85,16.8,26.4,0,98.3,0.7,4.93,6,265,95,83,65,20,3,7
USER054,2025-07-12,10.81,21.4,19.1,1,99.4,1.9,2.71,0,287,79,53,157,9,5,2
USER054,2025-07-13,10.08,15.0,27.8,1,96.9,1.54,7.16,3,306,70,100,81,15,3,5
USER054,2025-07-14,8.35,20.5,26.0,0,96.6,0.63,5.85,3,287,85,100,92,35,6,6
USER054,2025-07-15,8.97,20.8,35.9,3,91.3,0.82,3.88,1,305,80,92,74,7,3,8
USER054,2025-07-16,8.0,24.0,33.5,1,91.0,0.9,4.5,4,200,62,76,185,35,6,5
USER054,2025-07-17,8.65,23.6,32.2,1,99.7,1.13,8.14,6,248,79,85,120,24,5,6
USER054,2025-07-18,8.97,28.0,31.1,2,95.1,0.6,5.07,5,357,57,74,127,41,4,6
USER054,2025-07-19,9.71,26.0,30.5,2,93.5,1.47,3.64,0,283,98,80,45,31,5,4
USER054,2025-07-20,9.88,31.2,27.3,4,97.0,2.92,4.16,1,364,59,74,95,6,3,5
USER054,2025-07-21,7.23,23.3,24.7,4,92.8,0.9,5.24,2,284,80,88,36,8,3,6
USER054,2025-07-22,8.1,17.2,39.6,1,90.0,1.2,3.28,3,324,78,94,77,7,5,3
USER054,2025-07-23,7.19,17.2,32.7,2,95.4,0.59,4.66,4,273,83,92,15,11,7,7
USER054,2025-07-24,6.69,24.7,34.0,0,94.7,1.17,1.35,2,285,78,77,171,4,4,4
USER054,2025-07-25,7.77,32.8,23.8,5,96.0,1.02,7.86,7,216,78,81,73,47,6,6
USER054,2025-07-26,8.38,18.8,26.0,4,83.5,1.49,7.27,5,236,84,91,34,1,3,5
USER054,2025-07-27,9.57,27.5,18.9,1,93.4,1.73,2.0,0,398,74,67,167,6,4,4
USER054,2025-07-28,7.82,21.9,19.5,3,96.7,0.93,4.76,4,287,80,80,57,17,3,5
USER054,2025-07-29,7.43,23.3,24.9,2,90.4,0.85,7.71,2,380,79,80,68,93,4,7
USER054,2025-07-30,7.15,32.6,22.5,4,95.1,1.16,2.46,5,220,76,100,19,5,3,6
USER054,2025-07-31,7.73,25.7,22.9,3,96.4,1.1,7.28,6,262,96,88,5,23,6,5
USER054,2025-08-01,7.03,20.8,26.2,2,91.9,1.0,2.61,2,221,84,79,200,13,3,5
USER054,2025-08-02,9.7,22.5,24.3,0,92.1,1.47,2.86,2,262,71,58,54,28,5,5
USER054,2025-08-03,7.34,25.9,23.2,7,95.5,2.13,5.65,3,381,79,70,147,23,2,6
USER054,2025-08-04,8.51,20.1,19.7,3,98.7,1.03,4.9,8,276,75,86,42,10,6,7
USER054,2025-08-05,8.83,33.6,25.8,3,96.9,0.81,3.32,4,268,75,92,79,20,3,6
USER054,2025-08-06,7.31,24.7,30.5,1,94.5,1.26,2.67,2,243,90,84,147,1,3,4
USER054,2025-08-07,7.19,23.1,36.1,0,97.4,0.91,3.19,3,219,70,76,163,4,4,7
USER054,2025-08-08,8.7,31.6,31.7,3,91.6,1.42,5.46,3,264,69,100,210,0,6,7
USER054,2025-08-09,8.62,17.2,24.6,3,92.9,1.31,5.79,3,274,86,81,91,2,5,5
USER054,2025-08-10,10.27,26.9,33.9,1,85.5,1.02,4.26,3,230,69,76,49,12,4,4
USER054,2025-08-11,7.68,11.5,28.1,3,97.1,1.38,5.94,4,237,78,100,221,29,3,7
USER054,2025-08-12,7.71,13.6,27.9,3,94.2,0.86,7.04,3,274,84,100,7,2,4,4
USER054,2025-08-13,8.35,19.7,32.3,1,91.5,1.25,7.35,5,330,95,90,267,2,4,7
USER054,2025-08-14,7.76,36.9,31.4,2,90.2,0.88,6.68,6,255,75,92,111,8,3,4
USER054,2025-08-15,9.33,23.1,30.3,1,91.1,1.23,4.17,3,334,71,69,57,27,3,5
USER054,2025-08-16,9.7,25.3,26.3,2,83.5,1.5,2.22,4,266,64,82,96,63,3,7
USER054,2025-08-17,9.34,25.4,36.4,0,97.9,2.06,5.54,1,281,73,76,79,8,4,8
USER054,2025-08-18,8.99,22.9,16.8,0,88.8,0.58,4.53,3,250,79,70,27,17,2,8
USER054,2025-08-19,6.95,27.1,21.6,1,97.0,0.74,2.48,1,200,83,77,31,11,3,5
USER054,2025-08-20,8.73,31.0,23.4,2,93.3,0.72,6.1,4,320,79,73,16,18,4,6
USER054,2025-08-21,7.5,36.0,20.9,0,98.1,1.25,4.72,3,200,90,51,14,9,7,6
USER054,2025-08-22,8.49,21.2,36.8,3,96.1,1.08,5.09,4,243,76,78,32,50,5,7
USER054,2025-08-23,10.64,21.2,23.4,3,97.5,1.08,3.94,1,268,72,94,63,6,4,8
USER054,2025-08-24,10.89,36.8,27.2,2,96.8,2.97,2.98,0,279,65,45,71,19,3,5
USER054,2025-08-25,8.82,21.3,32.0,3,94.0,1.33,6.16,5,355,89,77,21,111,2,5
USER054,2025-08-26,7.95,25.2,27.7,2,90.0,1.15,9.19,5,285,92,96,231,15,3,5
USER054,2025-08-27,7.3,29.7,18.3,2,79.8,1.17,5.77,3,270,67,85,79,2,4,4
USER054,2025-08-28,8.08,18.8,23.3,5,94.4,0.95,8.08,7,271,91,75,161,1,3,6
USER054,2025-08-29,9.71,19.0,28.4,1,90.8,0.53,5.16,0,318,67,77,52,28,5,6
USER054,2025-08-30,7.71,28.9,35.2,0,97.3,1.69,3.71,7,339,88,100,97,24,2,6
USER054,2025-08-31,8.76,17.5,38.4,1,85.7,2.74,5.51,3,291,84,91,126,8,5,4
USER054,2025-09-01,7.69,21.4,29.7,5,89.6,0.69,5.85,1,268,92,90,26,29,2,5
USER054,2025-09-02,9.91,25.0,31.5,5,97.4,1.42,3.13,2,386,80,86,93,42,5,7
USER054,2025-09-03,5.9,25.8,34.4,1,95.5,0.5,2.93,3,390,52,74,166,31,6,6
USER054,2025-09-04,7.64,22.9,31.9,2,96.3,1.35,4.08,4,307,65,75,45,25,3,7
USER054,2025-09-05,8.17,34.7,19.7,2,94.1,1.42,8.18,7,202,100,90,112,79,4,5
USER054,2025-09-06,10.06,28.5,27.6,4,91.0,2.73,5.61,3,253,84,65,366,3,6,7
USER054,2025-09-07,9.9,30.7,26.5,1,94.0,1.95,3.05,2,280,75,89,147,5,5,3
USER054,2025-09-08,7.38,19.6,35.1,2,94.3,1.42,4.64,3,246,87,64,54,14,2,5
USER054,2025-09-09,7.11,23.2,31.2,1,99.0,1.31,3.93,4,265,71,72,31,17,3,6
USER054,2025-09-10,9.84,17.7,34.2,2,87.9,0.8,7.47,2,413,57,85,45,5,5,3
USER054,2025-09-11,6.63,16.8,32.2,2,95.8,0.51,4.92,0,287,81,89,12,46,4,6
USER054,2025-09-12,8.46,33.5,33.7,3,97.6,0.51,5.23,3,322,87,95,56,34,5,5
USER054,2025-09-13,7.82,16.7,21.3,2,97.4,1.55,5.95,5,200,100,100,27,17,5,5
USER054,2025-09-14,10.17,16.7,23.9,1,91.4,1.93,4.94,3,323,64,100,128,12,3,5
USER054,2025-09-15,7.0,39.3,35.1,3,89.0,1.32,5.86,1,300,93,99,46,14,6,7
USER054,2025-09-16,7.59,16.4,22.7,1,96.9,1.27,4.71,4,270,88,82,175,2,3,6
USER054,2025-09-17,8.08,23.2,21.1,0,95.8,1.33,5.24,7,235,91,79,69,85,2,8
USER054,2025-09-18,9.09,22.7,22.2,1,82.1,1.44,6.77,3,228,75,83,54,13,3,6
USER054,2025-09-19,7.86,18.2,19.8,1,87.1,0.54,4.06,2,200,90,88,22,21,4,6
USER054,2025-09-20,7.46,23.2,24.0,1,94.2,2.45,6.92,3,340,90,68,38,4,4,6
USER054,2025-09-21,10.51,24.7,24.0,3,98.0,2.36,4.19,0,302,36,45,96,6,3,3
USER054,2025-09-22,8.21,16.0,29.4,2,97.5,1.1,4.83,8,304,94,88,79,3,4,6
USER054,2025-09-23,7.19,15.5,26.9,2,95.2,1.16,5.54,5,259,72,100,41,7,2,8
USER054,2025-09-24,9.22,31.9,40.3,1,97.2,1.32,5.19,6,330,75,84,129,34,4,6
USER054,2025-09-25,9.13,18.4,35.6,3,93.1,1.35,5.66,2,352,71,66,43,5,4,5
USER054,2025-09-26,10.08,29.0,33.4,1,96.2,1.18,7.33,1,330,74,45,124,20,3,4
USER054,2025-09-27,10.01,19.2,31.2,2,89.9,1.94,4.1,3,271,73,63,56,41,6,4
USER054,2025-09-28,7.83,31.4,28.7,0,93.6,1.98,6.1,6,200,97,85,47,12,4,5
USER054,2025-09-29,9.46,28.2,21.0,2,97.8,1.14,5.02,2,320,85,90,164,26,3,4
USER054,2025-09-30,8.59,42.7,20.8,3,93.3,1.1,3.34,4,320,100,92,286,14,4,8
USER054,2025-10-01,8.48,40.5,33.3,1,97.9,0.73,1.12,2,269,89,81,274,12,6,4
USER054,2025-10-02,6.62,35.5,13.7,2,95.0,1.03,6.06,0,333,63,70,44,9,3,5
USER054,2025-10-03,6.2,29.5,20.9,5,96.9,0.92,3.57,3,437,82,61,49,8,7,4
USER054,2025-10-04,7.59,33.5,31.6,2,95.0,1.85,4.12,6,343,73,66,73,0,3,6
USER054,2025-10-05,7.78,33.9,28.1,2,95.4,1.63,3.95,7,332,72,93,221,0,6,3
USER054,2025-10-06,9.76,32.8,32.7,4,100.0,0.89,6.31,5,354,69,86,32,1,4,5
USER054,2025-10-07,7.56,19.5,34.3,1,86.6,1.1,7.09,4,285,81,100,108,12,2,5
USER054,2025-10-08,7.84,21.9,28.4,1,91.0,0.69,7.82,3,230,77,78,55,11,3,7
USER054,2025-10-09,7.3,29.9,30.9,2,93.9,1.38,9.26,2,216,79,82,76,53,3,4
USER054,2025-10-10,9.07,34.4,33.8,4,98.8,0.51,8.31,5,299,74,82,189,3,4,6
USER054,2025-10-11,8.9,24.0,37.0,1,95.8,1.87,3.16,5,293,88,85,121,18,4,6
USER054,2025-10-12,10.39,35.1,24.6,4,95.5,2.28,6.78,2,325,64,56,19,5,8,6
USER054,2025-10-13,9.49,25.5,20.7,2,94.9,0.81,5.95,4,289,80,92,14,39,4,7
USER054,2025-10-14,6.09,17.9,34.9,1,94.7,1.3,4.16,2,440,53,63,90,32,2,4
USER054,2025-10-15,7.76,29.2,36.2,1,95.1,1.37,7.1,6,203,88,85,172,24,4,5
USER054,2025-10-16,9.92,34.6,34.3,0,94.9,1.13,4.69,3,287,80,79,95,11,3,6
USER054,2025-10-17,8.43,29.6,31.7,1,92.6,0.67,4.53,8,200,100,83,28,9,2,6
USER054,2025-10-18,9.46,20.5,29.2,1,98.7,2.67,4.11,4,260,49,67,38,15,3,6
USER054,2025-10-19,9.55,29.7,22.6,1,95.4,1.55,3.5,4,211,83,69,62,15,3,7
USER054,2025-10-20,7.33,33.7,29.1,2,95.7,1.46,2.97,3,252,95,67,29,17,6,7
USER054,2025-10-21,6.9,29.7,25.5,1,98.5,1.06,3.77,4,398,82,83,412,120,4,7
USER054,2025-10-22,6.54,28.8,28.1,3,92.0,0.7,6.28,1,289,79,85,68,7,4,6
USER054,2025-10-23,8.2,18.0,25.2,1,96.3,0.56,7.7,3,202,96,67,263,65,4,6
USER054,2025-10-24,7.69,24.9,27.2,2,96.0,1.2,6.52,2,200,100,61,80,1,3,5
USER054,2025-10-25,7.64,23.4,33.1,2,97.2,2.26,6.1,2,233,67,66,161,5,5,3
USER054,2025-10-26,9.3,22.7,28.3,2,97.5,2.95,6.14,5,284,89,82,86,83,5,7
USER054,2025-10-27,7.38,16.4,27.0,3,96.2,1.33,7.79,3,360,79,87,48,22,3,7
USER054,2025-10-28,8.13,38.2,33.7,1,95.5,0.86,5.71,2,361,84,84,87,3,4,8
USER054,2025-10-29,7.9,29.9,33.4,3,78.0,1.23,5.63,2,313,80,77,283,16,5,4
USER054,2025-10-30,7.91,17.4,21.5,0,97.5,1.49,7.04,5,246,76,77,117,46,2,6
USER054,2025-10-31,9.03,22.2,27.5,1,92.6,0.86,1.96,4,270,79,93,106,9,2,4
USER054,2025-11-01,9.59,14.2,23.0,1,94.6,2.86,3.08,2,326,62,72,14,20,2,4
USER054,2025-11-02,9.75,30.4,33.5,3,95.1,2.47,4.57,1,361,73,68,18,6,3,7
USER054,2025-11-03,9.73,17.5,22.9,2,92.7,1.07,6.75,1,366,56,70,32,30,4,6
USER054,2025-11-04,6.51,17.5,27.4,0,96.7,1.04,3.97,3,329,69,97,113,14,3,8
USER054,2025-11-05,6.83,28.1,33.3,2,85.4,0.74,3.5,4,297,69,80,184,0,6,7
USER054,2025-11-06,7.53,16.9,24.6,2,94.0,1.09,2.97,3,359,79,73,37,0,1,3
USER055,2025-07-10,7.89,27.9,33.3,2,96.1,22.18,7.43,5,291,100,74,39,74,5,7
USER055,2025-07-11,6.13,23.5,32.4,2,91.1,21.8,7.81,2,329,74,87,100,40,5,3
USER055,2025-07-12,9.29,21.3,29.7,0,98.5,22.25,5.48,3,407,72,71,51,18,3,9
USER055,2025-07-13,6.91,21.8,32.0,2,98.5,22.09,5.95,2,307,71,93,97,0,4,5
USER055,2025-07-14,6.78,25.2,27.7,4,88.2,21.92,3.07,3,302,96,100,286,26,4,6
USER055,2025-07-15,6.56,21.5,34.8,2,95.5,21.96,6.12,1,327,100,81,42,24,1,6
USER055,2025-07-16,7.82,23.3,30.3,3,93.8,21.76,7.56,4,325,91,89,77,4,4,4
USER055,2025-07-17,7.98,35.9,30.2,1,89.2,21.68,6.58,3,252,70,90,182,23,5,4
USER055,2025-07-18,9.27,21.4,17.6,0,90.1,21.93,7.78,2,315,69,80,11,5,7,4
USER055,2025-07-19,8.29,22.8,26.4,1,98.3,22.63,6.73,6,287,73,78,60,48,5,5
USER055,2025-07-20,7.02,35.3,27.2,1,95.6,23.0,1.86,1,337,83,80,63,27,5,7
USER055,2025-07-21,8.21,15.3,18.6,2,99.0,21.56,6.38,5,283,73,82,87,9,2,5
USER055,2025-07-22,6.48,28.0,27.9,0,94.6,22.08,5.52,1,203,68,53,120,13,6,6
USER055,2025-07-23,7.57,19.6,23.3,3,94.1,22.29,7.23,4,297,92,89,43,6,4,6
USER055,2025-07-24,5.29,20.2,23.9,2,93.9,22.28,3.29,2,242,58,67,155,21,2,2
USER055,2025-07-25,7.88,25.1,24.2,2,92.5,21.76,5.74,4,289,68,96,204,33,4,4
USER055,2025-07-26,8.2,26.7,28.6,0,98.0,22.36,3.65,2,267,93,62,36,11,2,7
USER055,2025-07-27,7.17,23.0,34.2,2,92.0,22.53,6.37,5,338,64,80,17,11,2,4
USER055,2025-07-28,7.57,18.0,21.9,1,94.9,21.76,3.9,6,298,79,89,119,22,2,4
USER055,2025-07-29,8.07,21.2,23.9,2,96.1,21.6,6.27,6,255,72,82,124,7,5,7
USER055,2025-07-30,6.9,34.0,24.1,3,99.2,22.38,7.09,3,406,77,72,91,1,3,4
USER055,2025-07-31,6.39,26.6,23.7,2,99.0,21.57,4.73,4,319,90,72,148,20,6,8
USER055,2025-08-01,7.62,21.1,22.1,0,94.1,21.85,3.94,8,309,65,86,114,2,2,5
USER055,2025-08-02,8.96,30.7,22.7,0,95.1,23.49,4.35,1,319,60,82,111,1,5,6
USER055,2025-08-03,7.17,21.7,27.8,2,88.5,22.64,4.59,3,363,78,93,102,2,3,3
USER055,2025-08-04,8.2,20.5,15.8,2,90.6,21.76,5.88,2,365,81,74,156,2,4,6
USER055,2025-08-05,7.68,19.0,17.8,1,96.1,21.96,6.92,7,310,72,98,50,8,4,5
USER055,2025-08-06,6.99,27.2,32.4,4,95.5,21.61,5.32,1,214,93,85,18,21,4,6
USER055,2025-08-07,7.66,29.0,31.0,3,82.4,22.12,5.88,7,320,83,85,85,46,6,6
USER055,2025-08-08,6.75,23.0,29.3,0,83.8,22.19,4.88,1,267,84,100,73,7,6,6
USER055,2025-08-09,9.42,26.0,32.9,4,98.8,23.82,3.82,1,286,51,63,172,3,4,4
USER055,2025-08-10,9.78,23.0,38.6,3,98.0,22.23,5.66,1,303,79,70,83,3,4,6
USER055,2025-08-11,8.02,33.4,32.1,1,98.8,22.0,4.05,6,257,80,74,54,21,2,6
USER055,2025-08-12,6.41,25.1,30.8,2,93.8,22.31,5.66,5,268,78,80,34,4,1,3
USER055,2025-08-13,6.83,26.5,24.5,0,93.0,22.07,5.66,2,233,56,78,97,18,3,7
USER055,2025-08-14,5.69,21.8,21.8,1,87.3,21.71,6.75,2,301,83,89,22,43,1,5
USER055,2025-08-15,8.46,20.6,32.6,4,89.6,21.66,3.43,2,287,74,77,108,2,3,2
USER055,2025-08-16,8.46,16.5,30.5,3,98.3,22.0,8.33,8,286,100,69,123,11,4,6
USER055,2025-08-17,7.98,15.5,31.7,2,90.4,22.77,2.67,4,360,100,96,304,1,5,5
USER055,2025-08-18,6.15,20.8,29.6,2,91.0,21.59,6.68,3,348,61,68,78,29,5,5
USER055,2025-08-19,7.81,36.3,33.9,1,97.6,21.77,5.68,4,375,91,90,102,2,4,6
USER055,2025-08-20,7.16,21.8,24.7,1,98.9,22.41,3.58,7,240,78,79,115,8,5,7
USER055,2025-08-21,5.7,37.1,27.2,0,94.2,22.19,6.99,1,380,67,39,231,33,7,6
USER055,2025-08-22,5.61,19.4,30.4,2,93.2,22.09,3.24,2,333,55,75,35,44,3,7
USER055,2025-08-23,7.95,22.9,27.7,0,97.8,22.4,2.34,6,312,97,80,83,63,2,7
USER055,2025-08-24,8.31,20.5,30.2,4,97.4,22.18,4.14,2,260,87,100,31,12,4,6
USER055,2025-08-25,7.16,22.7,23.9,3,95.5,22.16,5.68,2,286,81,92,243,2,4,5
USER055,2025-08-26,9.23,27.7,29.3,3,89.3,22.48,4.6,5,289,77,99,95,39,4,5
USER055,2025-08-27,9.56,15.8,32.0,1,92.0,21.69,5.58,0,249,68,80,211,37,6,4
USER055,2025-08-28,6.78,18.9,30.6,1,88.4,21.61,7.26,2,271,95,97,84,5,4,7
USER055,2025-08-29,7.25,42.6,29.1,1,89.1,22.29,5.89,4,323,79,92,51,55,4,7
USER055,2025-08-30,8.13,23.0,37.3,2,96.9,23.77,5.83,5,270,87,98,113,13,5,7
USER055,2025-08-31,9.53,24.8,24.1,3,90.4,23.13,1.96,1,315,80,94,82,47,1,6
USER055,2025-09-01,6.97,20.7,34.5,2,97.7,22.3,3.22,4,324,71,90,57,50,2,8
USER055,2025-09-02,6.23,38.5,27.8,0,98.0,22.44,4.84,1,337,67,68,111,7,6,6
USER055,2025-09-03,6.27,28.8,28.5,3,93.9,21.67,2.96,0,333,91,71,153,11,6,5
USER055,2025-09-04,7.85,22.6,29.5,3,92.5,22.05,3.22,7,251,77,85,71,22,2,5
USER055,2025-09-05,6.62,27.5,27.4,2,94.8,22.09,4.36,2,363,79,83,33,34,4,4
USER055,2025-09-06,8.51,20.5,19.2,2,96.8,22.71,5.32,6,381,81,85,130,12,3,7
USER055,2025-09-07,7.8,18.9,17.5,1,99.0,23.04,7.01,7,357,85,80,35,14,3,7
USER055,2025-09-08,7.59,19.2,30.7,2,85.8,22.25,3.59,2,285,69,68,94,60,4,5
USER055,2025-09-09,9.08,11.8,35.0,3,97.4,22.02,6.49,2,364,67,67,68,2,8,6
USER055,2025-09-10,8.35,36.3,28.8,2,94.5,21.74,2.33,4,288,87,81,76,19,6,3
USER055,2025-09-11,5.61,32.8,25.3,4,97.2,21.97,3.97,2,306,70,77,75,16,4,6
USER055,2025-09-12,8.87,19.2,20.4,2,96.1,22.35,5.72,4,214,82,79,94,5,3,2
USER055,2025-09-13,8.81,22.1,37.0,3,91.2,22.52,4.13,3,337,70,97,186,10,3,7
USER055,2025-09-14,6.7,23.2,34.2,3,90.5,22.84,5.18,0,312,78,79,84,2,2,8
USER055,2025-09-15,8.43,31.0,36.7,1,91.0,21.54,3.01,5,200,81,84,134,20,5,8
USER055,2025-09-16,7.04,31.5,20.7,4,97.0,22.0,5.79,4,252,74,99,83,16,4,6
USER055,2025-09-17,8.57,29.0,24.8,0,92.1,21.9,6.16,0,318,59,67,28,22,5,6
USER055,2025-09-18,6.95,17.4,22.2,1,96.5,22.28,4.07,2,302,92,86,34,16,2,4
USER055,2025-09-19,6.76,23.6,31.0,1,93.6,22.39,5.78,2,200,70,81,123,15,6,5
USER055,2025-09-20,7.92,16.6,28.1,2,97.0,22.43,7.89,5,288,86,89,229,16,3,6
USER055,2025-09-21,8.99,19.4,19.7,0,93.5,23.18,5.46,7,247,76,75,149,41,5,5
USER055,2025-09-22,7.99,23.3,30.1,5,98.4,22.08,4.45,1,297,89,76,67,20,4,4
USER055,2025-09-23,8.03,17.8,24.6,1,95.9,22.06,5.74,7,302,93,99,95,0,6,6
USER055,2025-09-24,7.59,33.9,39.6,0,94.9,22.34,2.0,7,200,85,82,99,1,5,7
USER055,2025-09-25,7.67,23.8,27.7,2,96.4,22.43,6.33,4,337,98,73,71,34,2,6
USER055,2025-09-26,7.88,22.0,31.0,2,97.2,22.18,5.23,3,277,81,64,108,6,2,7
USER055,2025-09-27,10.18,40.0,36.3,1,96.3,22.96,2.6,1,405,58,65,120,36,4,7
USER055,2025-09-28,9.68,31.0,27.8,1,95.9,22.39,4.87,2,286,95,71,134,27,3,6
USER055,2025-09-29,7.84,21.0,22.0,1,97.1,21.78,7.01,3,242,92,80,118,35,6,7
USER055,2025-09-30,5.27,29.5,30.0,0,94.0,22.05,4.85,2,384,77,77,41,7,4,4
USER055,2025-10-01,6.89,31.4,31.3,1,95.7,22.33,3.47,6,314,82,94,37,3,1,8
USER055,2025-10-02,6.72,19.9,38.2,1,98.6,21.54,3.48,3,324,80,100,44,46,4,6
USER055,2025-10-03,8.17,25.2,36.2,2,98.2,21.74,5.77,3,200,100,89,77,41,3,5
USER055,2025-10-04,9.51,32.4,32.9,0,94.0,22.14,5.72,2,327,66,89,53,64,7,6
USER055,2025-10-05,7.66,15.5,23.6,3,98.3,23.05,4.85,2,212,92,85,286,20,4,5
USER055,2025-10-06,7.9,25.4,27.0,0,93.6,21.9,6.2,3,265,80,97,275,33,8,7
USER055,2025-10-07,7.35,32.2,32.9,1,96.6,22.13,9.5,8,270,77,82,82,22,4,8
USER055,2025-10-08,8.36,21.3,31.1,1,96.0,21.82,4.74,4,200,62,75,21,34,5,3
USER055,2025-10-09,7.0,27.4,20.9,5,88.1,22.35,5.28,3,200,91,86,57,6,4,7
USER055,2025-10-10,6.95,35.6,27.3,1,97.1,22.37,4.99,2,359,90,88,13,27,6,6
USER055,2025-10-11,9.18,20.0,24.5,0,87.3,23.7,6.21,2,238,64,43,172,29,4,6
USER055,2025-10-12,7.67,27.9,37.6,1,98.4,23.4,4.92,3,273,82,98,61,16,4,8
USER055,2025-10-13,8.69,24.7,20.9,3,85.5,21.69,5.58,4,319,97,79,122,37,2,5
USER055,2025-10-14,7.97,14.1,33.1,3,93.6,21.62,3.71,4,295,77,85,187,33,3,8
USER055,2025-10-15,7.23,33.2,22.5,2,86.8,21.91,4.87,5,250,74,78,55,48,3,6
USER055,2025-10-16,8.16,24.0,31.4,3,92.5,21.83,5.42,4,212,91,93,22,15,3,5
USER055,2025-10-17,7.74,33.9,18.3,1,96.3,22.41,5.05,6,217,83,92,13,59,6,4
USER055,2025-10-18,9.04,30.6,33.8,0,95.5,22.56,2.89,1,358,56,80,91,25,1,6
USER055,2025-10-19,9.08,30.1,29.1,1,99.4,23.39,5.8,1,258,67,88,40,13,8,6
USER055,2025-10-20,5.41,33.8,22.0,2,92.0,22.49,5.8,2,274,56,63,126,4,2,6
USER055,2025-10-21,7.98,20.3,21.5,4,97.2,22.04,5.93,4,260,95,83,89,9,5,6
USER055,2025-10-22,5.26,25.1,35.7,2,95.1,21.84,2.07,1,340,60,68,47,12,5,6
USER055,2025-10-23,7.32,23.9,35.5,2,93.6,22.14,3.07,0,291,87,100,134,1,2,8
USER055,2025-10-24,9.36,31.6,20.8,1,98.6,21.98,6.75,3,292,73,54,74,0,5,4
USER055,2025-10-25,9.68,21.9,19.8,1,94.9,22.88,3.31,0,355,75,89,176,1,5,7
USER055,2025-10-26,8.36,33.4,29.7,4,93.9,23.22,4.13,2,244,73,93,91,0,4,5
USER055,2025-10-27,7.58,22.2,25.8,3,98.2,21.73,5.24,6,284,95,83,106,33,3,6
USER055,2025-10-28,7.48,17.3,19.2,1,90.1,22.47,3.92,3,298,72,91,30,19,4,6
USER055,2025-10-29,9.46,35.8,35.5,1,87.3,21.5,5.38,2,371,64,87,206,21,3,8
USER055,2025-10-30,6.99,28.2,22.0,2,96.1,21.57,7.65,3,297,78,75,197,0,4,4
USER055,2025-10-31,8.34,24.1,35.3,2,94.0,21.96,5.43,4,272,89,90,54,13,2,7
USER055,2025-11-01,10.49,20.7,22.2,3,96.9,22.44,3.57,1,318,73,85,207,1,6,4
USER055,2025-11-02,9.05,37.0,29.1,1,90.1,23.58,4.53,1,226,89,71,14,92,3,5
USER055,2025-11-03,7.8,26.3,22.1,3,94.8,22.2,5.4,7,200,82,100,50,9,6,7
USER055,2025-11-04,7.09,29.7,22.3,2,92.3,22.18,4.81,7,323,82,65,213,4,2,5
USER055,2025-11-05,6.1,25.3,17.9,0,96.6,21.62,5.55,3,358,69,81,33,7,3,5
USER055,2025-11-06,7.7,25.5,32.3,3,94.5,22.08,6.64,5,237,91,79,39,21,4,6
USER056,2025-07-10,5.84,29.1,31.7,1,95.3,23.1,5.18,4,396,80,57,80,44,2,9
USER056,2025-07-11,5.76,29.1,28.6,0,87.7,23.69,6.04,2,321,80,100,71,16,2,5
USER056,2025-07-12,7.85,21.2,17.7,2,93.6,25.12,6.75,2,228,77,67,84,3,2,4
USER056,2025-07-13,6.37,27.7,30.5,3,90.6,25.06,5.41,4,200,89,83,119,21,3,4
USER056,2025-07-14,5.4,27.4,28.2,2,98.6,23.29,4.83,2,277,60,89,147,19,3,8
USER056,2025-07-15,4.0,29.1,18.5,5,94.9,23.7,5.7,1,249,57,54,62,17,6,5
USER056,2025-07-16,5.37,42.0,22.3,2,90.8,23.85,4.96,1,267,81,100,192,4,5,5
USER056,2025-07-17,5.14,23.5,23.0,3,99.8,23.31,5.49,4,210,90,75,69,9,3,7
USER056,2025-07-18,6.43,22.0,29.3,3,86.7,23.94,5.34,3,354,77,70,208,22,2,3
USER056,2025-07-19,7.11,26.4,33.2,2,96.8,24.55,5.39,3,263,86,93,18,91,2,6
USER056,2025-07-20,6.27,28.0,25.3,2,98.2,24.59,5.44,9,202,92,81,164,57,1,4
USER056,2025-07-21,6.92,40.2,26.7,0,95.5,23.64,5.34,4,200,94,73,16,33,4,7
USER056,2025-07-22,6.95,29.5,30.6,3,98.4,23.97,4.99,5,345,83,97,22,7,3,5
USER056,2025-07-23,6.13,22.3,23.4,1,97.0,23.88,7.72,5,200,80,91,87,56,3,7
USER056,2025-07-24,4.86,32.8,25.9,2,89.7,23.83,4.75,0,355,60,74,37,0,5,8
USER056,2025-07-25,6.33,37.5,30.5,1,92.0,23.3,6.84,4,260,95,80,92,33,3,6
USER056,2025-07-26,5.98,35.6,34.8,1,96.8,25.36,4.52,3,200,74,61,211,29,1,7
USER056,2025-07-27,7.17,27.2,35.9,2,97.8,23.94,7.07,1,342,88,72,43,3,4,7
USER056,2025-07-28,7.41,21.1,27.6,2,91.3,23.51,4.91,2,266,78,84,130,1,6,8
USER056,2025-07-29,5.91,31.0,28.0,4,83.7,23.57,7.57,5,200,92,80,163,1,4,7
USER056,2025-07-30,6.08,30.3,21.6,1,98.1,23.33,6.87,5,262,72,69,169,2,3,6
USER056,2025-07-31,6.31,23.3,23.3,0,98.0,23.93,4.08,5,359,79,80,111,30,6,5
USER056,2025-08-01,7.88,20.2,31.8,0,92.9,23.34,5.96,3,349,67,60,59,0,5,6
USER056,2025-08-02,6.68,32.1,23.8,3,89.7,24.37,5.84,5,200,99,87,40,0,2,5
USER056,2025-08-03,6.27,20.2,16.4,0,91.6,23.65,4.84,5,214,65,100,39,36,3,3
USER056,2025-08-04,5.9,25.4,27.2,2,95.5,23.06,6.7,3,304,79,78,77,4,4,6
USER056,2025-08-05,9.51,20.6,29.8,4,98.6,23.43,1.16,0,441,45,62,67,11,2,5
USER056,2025-08-06,6.6,31.2,32.3,1,97.6,23.44,4.52,6,200,85,98,44,0,5,6
USER056,2025-08-07,6.83,21.9,21.8,2,96.4,23.97,4.62,6,255,85,94,21,18,3,7
USER056,2025-08-08,7.37,31.9,26.0,2,92.8,23.89,6.13,9,264,76,82,74,10,5,7
USER056,2025-08-09,8.56,29.7,29.3,3,97.6,24.81,6.51,0,396,76,90,80,33,4,5
USER056,2025-08-10,7.4,25.5,30.7,2,94.9,24.19,4.66,2,298,74,86,23,2,2,8
USER056,2025-08-11,6.47,20.0,30.7,1,95.8,23.78,5.85,3,265,100,83,35,23,3,5
USER056,2025-08-12,6.36,14.8,28.9,0,98.3,23.33,7.03,4,313,91,91,84,36,3,5
USER056,2025-08-13,4.1,29.9,28.8,2,91.2,23.22,4.79,1,299,61,95,196,10,1,6
USER056,2025-08-14,6.24,24.6,24.1,1,95.5,23.35,4.79,7,227,81,100,38,20,3,8
USER056,2025-08-15,4.62,30.5,16.1,2,95.9,23.2,5.5,1,251,72,77,67,2,5,5
USER056,2025-08-16,8.63,22.0,23.2,7,95.5,24.37,7.74,1,253,73,55,22,90,3,4
USER056,2025-08-17,7.58,13.9,29.8,3,95.6,23.92,6.53,4,319,77,84,250,32,5,4
USER056,2025-08-18,5.6,25.4,19.5,3,93.7,23.21,5.21,1,296,62,86,46,51,4,5
USER056,2025-08-19,7.46,20.3,21.0,2,95.8,23.77,6.17,1,331,62,78,91,1,4,6
USER056,2025-08-20,6.24,25.8,20.9,4,89.0,23.05,6.4,11,200,63,75,68,6,3,6
USER056,2025-08-21,5.53,29.2,25.5,0,96.8,23.93,5.5,4,390,93,88,99,4,4,7
USER056,2025-08-22,5.86,22.2,19.5,1,95.1,23.84,5.24,7,311,83,83,72,42,4,8
USER056,2025-08-23,7.19,22.8,26.5,1,98.0,25.06,3.4,4,339,84,100,50,1,5,5
USER056,2025-08-24,7.46,18.0,26.4,2,97.6,24.16,5.94,1,262,76,87,23,41,5,7
USER056,2025-08-25,6.31,21.3,18.5,1,92.9,23.23,3.47,7,223,77,90,285,25,5,4
USER056,2025-08-26,5.75,15.9,26.6,2,96.2,23.24,6.69,5,285,94,62,84,18,5,6
USER056,2025-08-27,5.61,16.4,35.4,4,88.8,23.06,4.05,4,277,61,74,102,1,5,7
USER056,2025-08-28,4.65,23.8,19.4,0,98.5,23.07,5.82,1,369,67,82,25,37,5,5
USER056,2025-08-29,5.75,24.5,26.6,2,89.4,23.61,4.87,4,326,78,63,144,19,3,6
USER056,2025-08-30,7.97,22.5,23.5,2,96.1,24.21,5.79,0,317,75,80,160,1,6,8
USER056,2025-08-31,7.4,20.9,19.7,1,90.2,24.13,5.36,1,253,69,72,157,5,2,6
USER056,2025-09-01,4.63,31.2,37.6,1,98.0,23.37,3.27,1,354,72,91,71,2,3,7
USER056,2025-09-02,7.23,30.7,25.7,1,94.3,23.85,4.42,5,271,89,86,29,9,5,6
USER056,2025-09-03,7.65,29.9,34.7,2,97.9,23.89,4.2,5,200,74,71,36,18,6,7
USER056,2025-09-04,7.47,18.3,38.3,3,98.4,23.52,5.81,1,329,72,69,120,26,4,5
USER056,2025-09-05,6.61,33.6,15.7,2,94.2,23.29,4.33,6,272,87,77,47,14,3,5
USER056,2025-09-06,7.06,25.8,27.2,2,97.4,24.93,5.01,6,312,77,77,67,36,5,5
USER056,2025-09-07,8.44,18.1,26.0,2,92.9,25.1,5.11,1,305,64,67,111,41,3,4
USER056,2025-09-08,4.83,28.6,30.1,2,97.6,23.98,4.48,1,303,76,66,41,49,4,4
USER056,2025-09-09,7.25,31.3,30.9,2,96.5,23.07,2.98,4,277,71,100,69,16,7,4
USER056,2025-09-10,4.57,23.4,25.8,1,99.3,23.5,4.26,0,339,80,72,92,2,4,6
USER056,2025-09-11,5.35,13.5,32.1,0,93.8,23.06,4.86,1,237,83,67,14,71,4,5
USER056,2025-09-12,5.62,29.8,35.5,2,98.9,23.55,7.08,3,353,93,96,109,21,2,7
USER056,2025-09-13,7.57,31.8,28.7,2,85.6,24.6,1.85,2,249,79,82,267,26,4,6
USER056,2025-09-14,7.36,33.9,28.9,2,94.9,24.84,0.38,3,200,91,98,118,0,3,4
USER056,2025-09-15,5.84,22.5,24.3,4,91.5,23.23,6.98,3,320,85,86,75,17,6,8
USER056,2025-09-16,7.88,24.1,28.9,6,98.7,23.37,4.32,7,267,76,87,65,38,2,5
USER056,2025-09-17,5.81,20.9,35.6,2,92.3,23.83,6.88,4,208,92,86,113,13,4,7
USER056,2025-09-18,6.4,21.3,25.1,1,97.6,24.0,4.42,5,200,91,73,57,20,2,5
USER056,2025-09-19,4.0,38.2,31.6,1,90.5,23.43,4.62,1,344,71,73,22,11,4,7
USER056,2025-09-20,7.83,25.7,24.3,1,95.7,23.69,4.61,1,297,68,70,119,14,7,4
USER056,2025-09-21,7.71,20.9,42.9,0,91.0,24.87,4.91,4,362,76,78,29,18,2,7
USER056,2025-09-22,6.43,27.6,32.0,3,93.9,23.01,5.11,5,286,97,85,99,7,2,4
USER056,2025-09-23,7.06,19.0,31.4,0,90.9,23.15,3.25,4,332,93,95,106,34,4,6
USER056,2025-09-24,6.32,24.8,20.5,4,95.2,23.94,8.27,4,270,100,62,46,18,3,6
USER056,2025-09-25,7.1,21.7,16.5,2,95.6,23.38,3.95,1,205,83,69,39,26,5,6
USER056,2025-09-26,6.44,21.4,31.6,1,90.3,23.62,5.76,4,344,81,93,113,13,4,7
USER056,2025-09-27,9.04,34.5,35.7,0,97.1,25.32,3.06,0,305,51,70,124,22,4,7
USER056,2025-09-28,7.14,27.0,16.9,1,89.5,25.01,5.57,4,263,76,100,107,35,2,6
USER056,2025-09-29,7.27,14.3,32.5,5,93.3,23.04,5.67,6,262,93,84,60,0,5,5
USER056,2025-09-30,4.1,25.5,31.0,1,95.8,23.58,5.22,2,385,65,69,115,39,3,5
USER056,2025-10-01,6.99,27.0,35.9,1,95.0,23.63,7.04,2,232,97,85,121,16,5,6
USER056,2025-10-02,6.41,27.1,25.7,2,89.3,23.43,5.52,4,229,100,100,43,33,8,8
USER056,2025-10-03,7.03,19.8,29.4,4,97.9,23.51,6.59,12,208,73,83,93,5,4,3
USER056,2025-10-04,7.76,25.9,25.6,3,92.0,24.92,5.85,4,227,64,80,55,24,3,7
USER056,2025-10-05,7.4,15.9,27.9,2,95.4,24.41,6.05,3,263,89,83,7,2,4,3
USER056,2025-10-06,6.43,24.2,29.2,4,95.1,23.85,6.25,4,260,97,75,148,7,2,6
USER056,2025-10-07,5.63,21.6,39.0,2,91.7,23.88,6.64,3,269,79,100,150,36,4,8
USER056,2025-10-08,6.42,30.9,37.0,1,95.5,23.43,3.63,2,232,92,87,19,11,2,3
USER056,2025-10-09,7.28,16.2,19.3,2,93.4,23.25,5.82,2,365,71,74,117,15,4,5
USER056,2025-10-10,5.62,17.2,23.3,3,95.5,23.89,6.99,2,247,86,94,70,26,5,6
USER056,2025-10-11,8.11,15.7,21.4,6,95.5,24.17,3.38,1,363,73,77,204,8,2,8
USER056,2025-10-12,7.38,22.4,24.4,3,86.7,24.22,4.46,2,342,77,92,90,27,2,5
USER056,2025-10-13,5.96,13.8,36.1,2,93.0,23.29,4.91,3,291,92,80,81,34,2,6
USER056,2025-10-14,4.71,38.3,28.4,2,89.0,23.08,6.07,3,294,90,68,98,2,5,4
USER056,2025-10-15,7.26,33.5,28.4,2,89.9,23.69,8.1,2,239,75,61,165,8,3,4
USER056,2025-10-16,6.14,19.1,28.4,2,89.9,23.95,5.97,5,200,92,72,142,29,7,3
USER056,2025-10-17,7.28,33.3,25.8,2,95.8,23.6,5.96,2,201,76,91,94,71,4,4
USER056,2025-10-18,7.89,19.9,25.1,2,88.3,23.61,7.8,3,301,79,90,103,5,3,7
USER056,2025-10-19,8.23,18.1,39.8,1,90.9,23.94,3.05,3,232,86,59,133,7,1,5
USER056,2025-10-20,6.22,27.9,19.5,1,96.1,23.29,7.21,8,325,97,68,276,18,4,5
USER056,2025-10-21,7.13,13.4,29.1,0,95.8,23.89,5.57,2,316,73,76,134,25,5,6
USER056,2025-10-22,5.72,34.4,39.3,3,96.5,23.62,6.53,5,367,94,77,80,18,6,6
USER056,2025-10-23,6.79,23.9,28.3,3,98.1,23.99,6.18,6,400,89,94,41,4,3,7
USER056,2025-10-24,4.11,32.3,34.1,0,96.3,23.92,7.72,0,321,77,67,111,6,7,5
USER056,2025-10-25,9.58,27.5,21.8,4,89.1,23.81,0.56,0,321,68,75,58,20,4,8
USER056,2025-10-26,5.85,26.3,24.0,2,91.5,23.62,6.23,1,342,84,80,144,2,6,6
USER056,2025-10-27,5.09,24.8,29.5,3,95.7,23.28,4.41,2,282,60,85,85,10,3,5
USER056,2025-10-28,6.8,18.8,28.0,1,84.2,23.56,7.01,7,274,81,86,225,6,1,7
USER056,2025-10-29,5.51,30.4,26.3,4,99.1,23.57,4.37,2,208,99,74,179,15,4,7
USER056,2025-10-30,6.08,24.7,21.3,3,98.7,23.45,6.27,6,200,97,91,265,29,6,5
USER056,2025-10-31,5.18,29.2,37.5,1,96.6,23.41,6.72,3,224,71,88,192,7,2,8
USER056,2025-11-01,6.69,19.3,26.6,2,91.6,25.31,4.91,5,238,89,79,7,2,2,6
USER056,2025-11-02,8.18,36.3,39.6,4,89.1,23.88,5.53,3,281,64,60,47,14,5,6
USER056,2025-11-03,5.56,29.0,28.4,2,94.7,23.06,6.08,4,276,71,100,161,5,1,5
USER056,2025-11-04,7.14,23.7,30.8,3,95.8,23.36,5.95,5,288,89,79,122,13,4,5
USER056,2025-11-05,6.29,23.7,33.3,2,98.9,23.89,4.65,5,200,77,91,130,23,2,5
USER056,2025-11-06,6.08,19.1,28.6,2,93.9,23.85,5.54,2,299,75,87,122,0,1,7
USER057,2025-07-10,7.28,27.4,28.4,1,95.1,23.32,5.11,1,237,84,98,152,39,2,5
USER057,2025-07-11,6.01,27.4,27.0,2,90.9,23.03,2.99,2,281,60,68,61,34,2,6
USER057,2025-07-12,8.64,20.3,23.2,2,98.5,24.01,2.59,2,259,72,90,119,76,6,5
USER057,2025-07-13,8.85,28.1,39.3,4,98.6,23.77,4.0,1,386,90,98,59,3,4,4
USER057,2025-07-14,8.33,35.4,27.2,0,95.2,23.44,5.7,2,202,72,94,30,4,6,4
USER057,2025-07-15,6.33,28.6,22.5,3,92.0,23.73,6.87,5,274,57,97,95,66,2,7
USER057,2025-07-16,6.06,28.1,22.0,1,91.3,23.56,4.98,5,276,79,69,145,1,3,2
USER057,2025-07-17,8.75,28.3,36.6,1,90.6,23.35,3.72,3,241,70,78,57,8,5,7
USER057,2025-07-18,6.55,20.2,31.5,1,99.3,23.44,6.61,3,303,72,100,118,12,5,6
USER057,2025-07-19,8.13,32.4,24.9,0,94.0,25.5,7.36,5,279,70,77,218,25,4,7
USER057,2025-07-20,9.11,29.9,25.8,5,99.3,25.18,4.82,11,266,82,79,54,38,3,7
USER057,2025-07-21,7.8,32.5,17.4,1,91.8,23.28,6.59,3,290,83,79,55,27,2,5
USER057,2025-07-22,7.67,25.6,25.4,2,91.3,23.71,4.01,3,344,88,96,20,16,2,5
USER057,2025-07-23,8.5,16.2,29.3,2,94.8,23.14,8.39,3,200,73,64,198,81,3,7
USER057,2025-07-24,7.8,24.2,20.3,3,94.8,23.27,8.55,4,273,100,98,68,27,1,3
USER057,2025-07-25,7.86,26.8,34.2,0,89.2,23.78,5.7,6,246,95,80,61,8,2,5
USER057,2025-07-26,8.24,17.0,23.7,0,87.8,23.71,6.57,1,220,83,87,88,7,5,3
USER057,2025-07-27,9.59,25.9,27.9,2,96.4,25.35,4.01,0,300,54,59,96,41,4,4
USER057,2025-07-28,7.37,18.9,27.3,4,93.0,23.06,7.3,5,240,97,74,62,11,3,4
USER057,2025-07-29,6.93,25.3,15.4,1,94.6,23.57,7.09,4,219,100,82,47,6,7,4
USER057,2025-07-30,6.43,23.1,23.8,3,98.9,23.81,6.7,4,243,72,100,53,23,2,6
USER057,2025-07-31,5.17,29.2,28.4,1,98.1,23.02,6.47,0,326,53,68,120,3,3,7
USER057,2025-08-01,6.87,12.0,30.5,0,92.0,23.73,3.02,2,225,85,75,39,61,5,7
USER057,2025-08-02,8.32,21.0,30.2,4,95.6,24.1,5.26,1,282,100,72,48,45,5,6
USER057,2025-08-03,9.88,17.3,25.2,1,97.3,24.41,2.63,0,302,67,51,40,4,3,5
USER057,2025-08-04,8.35,36.3,37.8,4,96.3,23.01,5.34,6,276,77,81,84,3,2,7
USER057,2025-08-05,7.01,13.8,28.0,2,97.9,23.85,1.55,5,249,69,83,56,29,4,6
USER057,2025-08-06,7.3,27.9,37.2,2,96.6,23.26,4.48,3,221,95,91,41,22,4,6
USER057,2025-08-07,7.93,20.1,31.1,3,92.3,23.93,4.07,1,216,93,77,13,8,3,7
USER057,2025-08-08,4.78,32.4,21.7,2,94.6,23.73,3.37,0,304,53,44,154,3,5,5
USER057,2025-08-09,8.65,13.5,27.3,0,94.9,24.86,2.55,4,268,74,80,61,4,2,5
USER057,2025-08-10,8.54,27.4,19.0,2,94.1,24.03,7.27,3,324,74,81,41,0,4,5
USER057,2025-08-11,7.72,24.9,25.3,0,92.7,23.61,4.79,7,288,78,99,51,69,3,5
USER057,2025-08-12,7.67,23.4,32.8,0,90.7,23.4,4.8,2,307,95,94,117,34,3,6
USER057,2025-08-13,6.72,29.9,24.8,4,97.6,23.05,3.11,2,289,76,59,49,3,2,5
USER057,2025-08-14,9.2,22.1,31.3,0,92.9,23.0,3.11,1,249,74,88,33,2,4,3
USER057,2025-08-15,6.56,18.8,24.5,3,98.4,23.78,3.57,5,270,64,55,167,0,2,8
USER057,2025-08-16,7.3,25.6,31.8,1,87.5,25.06,6.54,3,200,86,99,96,21,2,6
USER057,2025-08-17,8.87,17.1,23.4,1,96.1,23.57,6.19,3,297,61,91,115,19,3,8
USER057,2025-08-18,6.82,28.7,28.7,1,98.5,23.78,5.58,2,380,90,76,22,4,4,6
USER057,2025-08-19,8.25,27.1,28.4,1,94.6,23.3,1.57,2,350,96,76,78,28,3,6
USER057,2025-08-20,7.75,24.6,22.4,2,96.9,23.33,2.97,3,260,85,100,184,50,4,5
USER057,2025-08-21,8.73,22.6,27.4,6,91.5,23.38,5.94,7,295,68,69,92,6,3,7
USER057,2025-08-22,7.37,28.4,26.4,5,94.2,23.66,6.08,7,287,84,75,133,34,6,6
USER057,2025-08-23,8.84,14.9,32.5,1,93.3,24.51,4.04,5,251,74,72,90,80,2,4
USER057,2025-08-24,6.2,33.0,29.1,2,82.7,25.21,6.15,0,328,79,87,31,5,2,6
USER057,2025-08-25,8.52,25.8,23.6,2,85.9,23.76,5.89,5,344,83,83,323,59,3,5
USER057,2025-08-26,5.84,23.4,28.0,3,89.4,23.61,4.54,3,341,66,68,122,0,3,5
USER057,2025-08-27,7.48,31.3,28.0,1,95.9,23.56,5.2,5,319,100,92,9,7,2,8
USER057,2025-08-28,7.96,28.0,36.8,1,91.1,23.8,5.44,5,236,88,89,130,12,6,8
USER057,2025-08-29,5.69,30.1,22.5,1,89.8,23.04,0.74,1,209,73,84,113,28,4,7
USER057,2025-08-30,8.87,26.6,19.1,1,97.0,23.55,5.0,1,338,55,62,104,17,5,4
USER057,2025-08-31,8.57,35.2,24.3,3,93.9,24.63,3.45,2,261,77,69,168,31,3,5
USER057,2025-09-01,6.5,37.3,25.0,1,98.5,23.62,7.02,6,231,50,77,49,8,5,7
USER057,2025-09-02,7.73,32.4,23.9,0,93.2,23.68,5.81,3,274,76,87,67,28,4,4
USER057,2025-09-03,4.92,21.5,32.7,3,88.4,23.83,4.43,0,354,56,55,20,20,4,5
USER057,2025-09-04,7.45,14.6,30.8,4,90.2,23.6,3.95,3,206,96,83,41,3,5,6
USER057,2025-09-05,6.6,28.1,17.8,2,88.1,23.84,7.11,2,373,85,64,170,1,4,6
USER057,2025-09-06,8.52,16.9,37.2,2,85.3,25.24,4.64,3,364,85,75,118,23,2,8
USER057,2025-09-07,8.31,20.6,21.6,4,86.6,25.46,4.54,5,244,67,75,75,14,4,4
USER057,2025-09-08,6.99,33.1,24.3,3,96.1,23.97,5.32,5,242,88,80,37,14,4,4
USER057,2025-09-09,9.43,26.8,18.8,4,96.9,23.89,3.33,1,366,76,57,102,1,5,4
USER057,2025-09-10,7.64,21.9,25.0,3,91.6,23.3,3.23,2,200,100,88,37,4,1,5
USER057,2025-09-11,7.12,23.6,21.4,1,99.2,23.85,2.71,4,303,97,78,57,8,4,4
USER057,2025-09-12,7.17,39.1,21.0,3,97.2,23.55,6.99,4,200,86,93,91,43,4,7
USER057,2025-09-13,8.25,18.9,28.6,1,92.0,24.85,4.24,6,383,80,74,72,1,2,7
USER057,2025-09-14,8.11,18.0,29.1,1,91.1,25.39,5.08,3,333,93,91,55,1,4,8
USER057,2025-09-15,8.48,21.4,30.6,1,94.0,23.64,5.01,1,347,75,75,37,40,3,4
USER057,2025-09-16,7.91,32.1,26.5,2,99.1,23.66,6.03,6,266,98,76,177,15,5,6
USER057,2025-09-17,7.01,28.7,33.7,4,94.0,23.78,4.12,4,200,74,72,92,67,4,7
USER057,2025-09-18,7.38,26.8,29.2,0,92.5,23.91,6.11,6,223,82,96,80,4,4,4
USER057,2025-09-19,7.39,29.8,36.7,2,96.1,23.38,3.13,9,200,98,77,151,7,3,5
USER057,2025-09-20,9.11,32.9,28.5,4,97.3,25.38,7.95,2,254,60,85,89,34,3,3
USER057,2025-09-21,9.54,29.9,20.8,2,98.0,25.21,5.85,0,362,59,58,91,10,2,4
USER057,2025-09-22,6.48,27.7,32.6,2,95.6,23.79,6.3,4,358,89,86,38,3,6,6
USER057,2025-09-23,6.53,28.0,32.9,0,94.7,23.4,3.75,4,244,99,89,366,21,4,7
USER057,2025-09-24,6.66,32.1,28.9,2,96.9,23.78,7.45,0,279,100,91,163,9,5,5
USER057,2025-09-25,8.53,20.4,23.7,2,95.6,23.82,4.04,3,312,84,69,122,2,2,7
USER057,2025-09-26,6.83,19.4,21.4,4,98.2,23.99,5.51,3,269,90,66,206,17,2,4
USER057,2025-09-27,10.63,24.6,24.8,2,85.9,24.2,3.52,1,303,69,45,47,1,6,6
USER057,2025-09-28,8.47,33.1,23.8,2,95.9,23.85,3.76,4,310,94,88,6,1,3,4
USER057,2025-09-29,7.73,21.6,25.0,2,91.4,23.81,5.94,8,301,100,91,54,7,2,6
USER057,2025-09-30,6.46,32.2,20.3,3,95.5,23.36,7.21,3,270,71,86,48,6,7,4
USER057,2025-10-01,5.06,25.2,22.7,3,98.3,23.41,2.71,1,341,58,86,45,16,3,3
USER057,2025-10-02,7.56,39.1,25.2,1,97.3,23.56,5.53,7,237,82,85,145,2,4,7
USER057,2025-10-03,8.38,28.6,39.6,2,91.7,23.53,4.59,3,357,74,82,66,10,4,6
USER057,2025-10-04,9.76,22.1,25.5,1,96.0,25.14,4.05,0,358,63,68,55,12,6,8
USER057,2025-10-05,8.01,31.0,27.0,3,95.2,25.19,4.82,4,227,89,100,48,41,5,4
USER057,2025-10-06,8.24,13.6,27.4,4,85.0,23.97,6.38,4,325,84,84,38,9,4,7
USER057,2025-10-07,7.48,31.9,33.5,2,96.4,23.37,8.45,9,219,100,85,104,16,6,8
USER057,2025-10-08,7.28,22.8,30.1,4,93.8,23.21,5.09,8,248,90,77,57,27,4,6
USER057,2025-10-09,8.35,32.8,17.7,2,95.4,23.19,6.67,7,283,78,92,174,4,3,4
USER057,2025-10-10,6.98,27.3,34.0,0,92.8,23.74,6.95,7,401,80,71,285,45,2,4
USER057,2025-10-11,8.9,27.3,35.4,1,96.7,23.7,3.75,1,243,88,70,48,120,4,5
USER057,2025-10-12,8.47,25.8,28.3,0,94.2,24.0,4.95,3,318,88,89,20,1,5,8
USER057,2025-10-13,7.95,21.2,26.8,1,94.9,23.43,5.39,3,240,82,94,160,13,5,6
USER057,2025-10-14,8.35,30.7,33.8,2,93.2,23.58,6.95,5,335,69,100,72,12,3,7
USER057,2025-10-15,6.98,26.1,27.9,1,98.4,23.51,4.44,3,286,79,78,307,23,4,4
USER057,2025-10-16,6.57,35.9,30.5,0,90.8,23.52,6.13,2,341,69,75,193,64,4,5
USER057,2025-10-17,6.97,22.5,27.5,2,94.2,23.3,5.45,4,229,72,91,134,18,6,3
USER057,2025-10-18,7.78,23.9,32.9,0,96.6,24.9,5.27,3,200,71,100,131,54,4,6
USER057,2025-10-19,8.73,25.4,21.2,3,95.7,23.73,5.39,3,320,70,88,172,11,4,6
USER057,2025-10-20,6.18,28.0,27.0,4,98.0,23.47,6.6,5,418,71,70,73,28,4,6
USER057,2025-10-21,8.02,22.2,29.6,4,84.5,23.37,6.87,2,206,86,72,165,59,3,4
USER057,2025-10-22,6.11,14.5,21.0,2,95.3,23.48,3.66,3,345,67,62,27,33,4,5
USER057,2025-10-23,10.67,33.4,25.1,3,95.7,23.64,3.53,0,351,48,67,57,23,3,5
USER057,2025-10-24,7.09,15.8,19.0,0,86.6,23.34,8.38,2,243,90,86,35,24,4,8
USER057,2025-10-25,7.7,35.5,19.8,6,97.5,24.88,4.77,2,269,92,100,69,27,4,5
USER057,2025-10-26,9.24,25.1,36.2,0,93.2,25.3,6.78,3,366,84,56,81,11,4,2
USER057,2025-10-27,8.68,30.0,39.1,1,89.4,23.85,4.57,7,327,75,100,27,22,2,8
USER057,2025-10-28,6.12,24.6,26.6,1,98.2,23.17,5.92,4,294,76,88,79,29,4,5
USER057,2025-10-29,6.01,34.4,38.0,4,96.7,23.18,5.78,2,401,82,100,78,0,2,6
USER057,2025-10-30,7.31,24.6,16.1,4,97.0,23.38,5.24,3,248,77,99,24,2,6,7
USER057,2025-10-31,6.47,22.8,30.6,2,97.8,23.03,4.76,0,300,72,91,59,19,3,7
USER057,2025-11-01,8.85,21.4,26.7,2,97.9,24.5,6.27,5,284,67,80,8,1,5,6
USER057,2025-11-02,9.94,26.2,18.2,3,97.7,24.72,7.52,3,269,54,75,181,0,3,8
USER057,2025-11-03,7.42,29.6,22.6,2,90.2,23.97,4.7,2,200,90,82,24,19,5,7
USER057,2025-11-04,7.97,33.1,27.2,2,95.2,23.94,7.49,6,328,82,95,22,38,4,8
USER057,2025-11-05,7.24,14.3,34.1,0,92.9,23.19,5.43,2,356,84,92,63,15,4,4
USER057,2025-11-06,9.16,19.3,27.7,1,91.3,23.52,5.57,3,293,57,72,62,5,2,7
USER058,2025-07-10,7.0,21.8,31.4,2,93.9,23.92,4.62,2,336,77,59,247,6,2,7
USER058,2025-07-11,7.18,29.7,25.1,1,94.7,23.07,4.93,1,221,72,84,92,13,2,6
USER058,2025-07-12,6.92,31.0,20.1,1,97.8,24.75,4.36,5,202,77,79,147,6,5,4
USER058,2025-07-13,8.95,31.4,25.2,1,97.6,25.47,6.96,2,269,73,77,169,28,2,4
USER058,2025-07-14,6.3,23.2,39.7,3,97.1,23.62,6.43,7,298,76,80,142,7,4,7
USER058,2025-07-15,9.79,23.3,25.3,5,93.4,23.58,1.54,0,328,75,71,21,12,7,5
USER058,2025-07-16,7.78,25.8,23.6,3,95.2,23.78,4.61,4,200,100,87,57,34,7,7
USER058,2025-07-17,7.98,20.5,32.2,1,99.7,23.44,6.43,3,252,93,97,9,86,5,8
USER058,2025-07-18,6.46,35.2,23.9,1,95.7,23.9,4.77,1,289,89,75,124,0,3,7
USER058,2025-07-19,7.35,35.3,19.0,1,88.3,24.64,4.5,5,229,83,91,65,14,2,7
USER058,2025-07-20,8.52,25.3,20.4,1,92.2,23.97,5.72,3,260,74,87,183,4,4,3
USER058,2025-07-21,7.97,33.7,24.6,6,97.3,23.32,5.61,5,334,92,99,78,29,3,7
USER058,2025-07-22,5.78,24.8,20.8,1,93.6,23.12,7.7,2,267,66,100,154,21,5,5
USER058,2025-07-23,7.34,18.8,20.6,3,95.8,23.24,4.18,4,262,99,88,206,8,4,4
USER058,2025-07-24,8.35,25.1,18.5,2,92.0,23.26,7.27,2,256,82,63,210,11,5,4
USER058,2025-07-25,7.5,17.4,37.7,1,98.3,23.7,5.34,6,200,91,95,97,0,4,7
USER058,2025-07-26,8.02,35.4,36.1,3,90.5,23.93,3.76,8,269,78,93,63,14,2,7
USER058,2025-07-27,7.83,17.1,28.2,1,87.2,23.8,5.77,1,312,79,78,119,17,6,6
USER058,2025-07-28,7.45,18.2,34.2,0,95.1,23.55,3.8,6,281,85,90,87,20,5,6
USER058,2025-07-29,8.45,19.6,28.7,3,94.5,23.53,5.62,5,291,89,91,106,1,3,7
USER058,2025-07-30,7.72,17.0,33.0,1,96.9,23.35,6.35,8,233,83,100,116,3,5,4
USER058,2025-07-31,8.75,13.0,21.9,3,94.5,23.56,6.62,3,307,72,71,62,42,3,7
USER058,2025-08-01,7.2,26.4,29.3,1,94.1,23.43,4.19,11,323,85,82,86,57,5,5
USER058,2025-08-02,7.68,23.3,25.1,3,99.4,23.87,5.56,10,200,93,87,27,5,4,7
USER058,2025-08-03,9.38,33.1,23.5,2,94.4,24.99,4.18,1,292,56,71,340,61,4,6
USER058,2025-08-04,7.1,16.4,23.6,3,93.6,23.06,4.33,1,270,80,68,140,5,5,5
USER058,2025-08-05,7.42,27.6,24.0,3,95.8,23.08,5.88,5,318,80,76,234,3,4,5
USER058,2025-08-06,7.31,27.8,24.1,2,95.9,23.72,2.71,6,274,96,65,86,1,5,6
USER058,2025-08-07,7.49,23.3,31.5,3,95.6,23.26,6.32,7,200,97,79,65,23,2,3
USER058,2025-08-08,8.09,21.9,37.1,0,95.2,23.9,2.03,2,342,85,100,39,4,4,8
USER058,2025-08-09,8.01,25.5,38.6,1,93.9,25.26,5.21,3,214,85,100,13,31,4,6
USER058,2025-08-10,9.04,36.5,34.7,1,91.7,24.13,6.8,5,307,59,67,99,38,4,5
USER058,2025-08-11,8.04,23.2,31.8,2,98.9,23.5,3.09,4,214,96,85,39,24,3,6
USER058,2025-08-12,7.15,24.8,37.9,2,93.2,23.98,5.47,6,242,83,77,24,4,2,6
USER058,2025-08-13,9.09,16.9,24.8,2,91.3,23.17,5.44,2,274,79,75,120,19,7,5
USER058,2025-08-14,6.62,14.7,35.1,1,95.8,23.83,5.03,2,294,66,82,273,7,4,5
USER058,2025-08-15,8.79,24.0,27.5,1,92.0,23.53,4.7,1,330,79,74,87,0,2,4
USER058,2025-08-16,8.57,28.8,18.4,2,94.3,24.57,6.21,6,258,90,81,21,53,2,9
USER058,2025-08-17,8.5,37.9,36.2,2,95.4,24.01,6.48,2,211,75,85,196,8,3,8
USER058,2025-08-18,7.68,11.7,29.9,4,95.8,23.6,3.95,7,314,76,73,89,5,3,8
USER058,2025-08-19,5.93,17.1,24.7,1,95.9,23.27,4.48,1,328,83,57,45,18,4,6
USER058,2025-08-20,8.0,15.7,27.6,3,98.0,23.87,4.28,8,270,74,80,153,61,4,6
USER058,2025-08-21,7.26,21.4,31.6,3,98.1,23.48,3.9,6,215,100,57,56,4,3,6
USER058,2025-08-22,7.57,32.6,15.5,1,96.1,23.86,6.56,5,264,61,90,52,21,5,7
USER058,2025-08-23,7.62,36.1,23.0,1,84.7,24.24,4.48,10,226,100,93,53,20,7,6
USER058,2025-08-24,9.13,23.7,32.0,4,90.5,24.41,4.15,5,356,81,75,59,6,5,7
USER058,2025-08-25,8.97,29.2,30.1,2,95.2,23.84,6.16,3,305,67,70,139,46,4,4
USER058,2025-08-26,8.17,23.4,36.2,2,97.5,23.15,3.74,3,295,88,86,37,2,3,6
USER058,2025-08-27,7.23,23.2,18.7,1,97.5,23.54,5.21,6,303,82,69,113,7,5,7
USER058,2025-08-28,7.09,29.6,30.5,3,99.5,23.11,5.21,4,200,72,92,17,20,5,7
USER058,2025-08-29,8.13,15.4,34.1,0,85.7,23.57,6.38,2,236,94,94,77,21,3,6
USER058,2025-08-30,7.25,29.7,35.0,2,93.7,25.12,3.53,1,200,72,88,33,4,3,5
USER058,2025-08-31,8.86,19.1,27.3,1,97.6,24.07,4.54,2,305,85,94,78,12,5,4
USER058,2025-09-01,6.7,21.4,41.2,1,95.3,23.87,3.55,2,332,81,71,82,11,3,6
USER058,2025-09-02,9.28,25.0,32.5,1,89.1,23.2,4.95,2,308,60,84,209,0,3,8
USER058,2025-09-03,7.84,19.6,24.5,5,97.5,23.85,7.4,5,200,98,100,103,6,6,7
USER058,2025-09-04,7.38,17.3,27.3,6,91.6,23.46,3.51,2,281,89,89,102,3,6,7
USER058,2025-09-05,7.06,19.8,34.6,0,94.6,23.28,6.4,2,309,77,91,95,11,6,6
USER058,2025-09-06,7.86,15.6,31.2,4,96.9,25.49,3.39,6,299,95,100,85,15,2,7
USER058,2025-09-07,7.66,20.9,18.1,4,97.2,24.47,5.49,5,264,89,100,91,20,2,6
USER058,2025-09-08,8.64,25.9,19.7,7,85.9,23.97,3.74,3,238,85,84,130,0,3,6
USER058,2025-09-09,5.56,19.3,35.2,0,93.6,23.95,4.2,0,316,76,68,138,5,5,6
USER058,2025-09-10,8.51,22.6,31.6,2,96.0,23.28,3.65,3,338,67,61,109,7,2,7
USER058,2025-09-11,5.78,20.2,22.6,3,98.0,23.85,5.92,3,398,70,99,118,31,7,5
USER058,2025-09-12,9.06,20.0,27.4,0,99.1,23.8,6.01,3,290,61,66,89,38,5,3
USER058,2025-09-13,9.11,15.9,24.5,0,95.1,24.12,6.19,4,232,92,84,66,2,6,3
USER058,2025-09-14,7.66,16.7,32.0,0,97.5,24.8,5.2,2,286,89,82,32,9,6,6
USER058,2025-09-15,7.83,27.3,33.4,4,96.7,23.08,6.21,4,271,89,87,52,5,5,8
USER058,2025-09-16,7.56,21.5,23.0,1,92.5,23.94,4.72,3,361,89,100,315,17,5,8
USER058,2025-09-17,8.64,24.6,27.7,3,93.5,23.67,5.42,2,354,63,87,50,6,5,4
USER058,2025-09-18,7.89,14.6,33.5,0,98.3,23.66,5.05,7,299,100,73,259,18,5,7
USER058,2025-09-19,7.52,23.3,30.0,1,96.5,23.73,6.72,3,222,61,75,54,32,4,8
USER058,2025-09-20,7.02,22.1,32.9,1,96.2,23.81,3.59,2,260,92,88,62,0,2,8
USER058,2025-09-21,7.79,17.5,27.5,4,87.2,25.18,7.79,6,308,67,64,73,24,5,6
USER058,2025-09-22,6.99,28.4,35.8,0,96.8,23.28,5.14,2,308,91,91,230,8,2,4
USER058,2025-09-23,6.22,36.5,28.4,0,92.2,23.35,5.69,1,308,74,95,202,100,1,6
USER058,2025-09-24,5.96,26.0,22.0,2,98.0,23.16,5.81,2,389,69,72,102,29,4,7
USER058,2025-09-25,7.59,31.1,22.3,1,87.4,23.39,8.09,7,227,74,74,66,15,3,7
USER058,2025-09-26,7.57,26.5,17.9,1,96.6,23.49,5.49,4,374,75,86,13,3,2,8
USER058,2025-09-27,7.81,25.5,19.5,3,95.4,24.73,8.25,11,221,89,73,46,8,3,5
USER058,2025-09-28,9.25,23.3,31.8,0,92.1,23.7,6.13,5,316,82,50,135,3,1,7
USER058,2025-09-29,7.79,17.2,32.1,4,99.0,23.82,4.55,2,253,100,84,128,15,4,5
USER058,2025-09-30,6.96,16.2,27.2,2,98.8,23.08,6.56,1,244,80,82,147,43,7,5
USER058,2025-10-01,6.28,25.2,32.6,5,97.6,23.3,6.43,0,356,70,69,48,4,2,7
USER058,2025-10-02,8.02,30.0,28.8,4,92.6,23.89,4.61,7,213,79,88,86,1,4,8
USER058,2025-10-03,8.34,30.1,27.1,1,88.7,23.2,5.51,7,309,92,86,146,1,6,4
USER058,2025-10-04,9.48,37.4,29.5,1,97.7,25.49,3.63,4,328,92,81,157,4,7,6
USER058,2025-10-05,9.79,23.6,30.5,1,92.4,24.41,5.29,1,275,53,91,57,17,7,3
USER058,2025-10-06,6.79,24.1,37.5,2,92.0,23.65,7.36,1,235,75,55,109,1,2,3
USER058,2025-10-07,6.74,14.6,28.4,2,91.9,23.36,5.2,4,200,70,78,38,17,4,5
USER058,2025-10-08,6.59,15.9,18.9,1,92.9,23.67,5.85,7,288,61,95,16,23,3,6
USER058,2025-10-09,7.53,20.3,26.3,1,94.0,23.52,3.47,3,200,74,90,207,40,3,6
USER058,2025-10-10,8.05,23.0,24.6,4,92.0,23.48,5.34,2,244,92,80,2,8,5,6
USER058,2025-10-11,8.83,36.8,31.4,3,92.5,24.86,6.52,2,225,79,69,128,2,3,7
USER058,2025-10-12,9.13,19.2,29.8,3,93.1,25.25,5.6,1,341,76,78,34,5,4,7
USER058,2025-10-13,9.28,38.9,28.8,2,95.2,23.51,3.61,0,267,77,86,47,33,2,5
USER058,2025-10-14,8.21,22.9,26.0,3,95.3,23.58,7.06,3,274,76,76,63,33,2,5
USER058,2025-10-15,7.85,30.8,24.7,1,93.4,23.89,7.84,6,250,94,100,80,6,5,6
USER058,2025-10-16,7.99,24.8,31.2,2,94.5,23.78,6.14,5,306,89,77,123,31,6,7
USER058,2025-10-17,7.25,21.5,21.1,3,93.1,23.22,7.29,4,215,75,78,31,8,5,5
USER058,2025-10-18,8.08,38.3,22.6,3,97.4,24.59,4.21,2,231,68,88,119,23,4,6
USER058,2025-10-19,9.15,21.7,25.8,1,96.8,24.12,3.11,3,307,90,84,136,6,3,5
USER058,2025-10-20,7.7,25.9,27.1,3,96.3,23.16,6.58,5,344,89,80,25,8,3,7
USER058,2025-10-21,6.86,19.6,26.4,2,95.9,23.24,1.79,3,248,75,57,219,0,6,6
USER058,2025-10-22,8.22,21.2,28.2,3,97.8,23.21,3.44,5,358,71,87,233,4,5,7
USER058,2025-10-23,8.7,38.0,37.0,0,99.1,23.86,4.61,1,397,85,93,44,9,4,5
USER058,2025-10-24,7.48,30.8,26.4,2,96.1,23.55,7.28,7,200,68,82,151,42,4,7
USER058,2025-10-25,9.7,29.6,20.2,1,94.2,23.64,1.49,2,302,67,89,218,1,4,3
USER058,2025-10-26,8.5,18.9,26.3,1,98.3,25.24,3.74,3,302,100,85,38,9,4,7
USER058,2025-10-27,5.77,27.6,28.2,1,90.4,23.41,5.53,2,333,73,69,114,39,3,4
USER058,2025-10-28,8.27,22.7,22.1,0,87.4,23.41,6.57,4,350,86,84,27,26,4,5
USER058,2025-10-29,7.2,27.4,25.1,5,97.6,23.69,6.02,3,276,96,97,56,26,5,4
USER058,2025-10-30,8.33,29.6,26.6,0,90.6,23.6,4.76,4,348,82,85,80,86,3,7
USER058,2025-10-31,6.78,23.5,19.9,2,98.0,23.22,3.33,5,297,77,73,68,24,4,4
USER058,2025-11-01,7.16,28.0,32.9,2,91.7,25.36,7.3,1,271,85,70,66,22,2,4
USER058,2025-11-02,9.12,27.8,16.5,3,97.7,24.4,6.39,2,244,65,71,36,5,1,5
USER058,2025-11-03,8.29,19.2,32.8,2,87.0,23.61,4.27,3,244,72,80,81,80,2,5
USER058,2025-11-04,8.62,26.7,28.9,4,98.4,23.56,4.39,4,200,77,89,13,17,3,5
USER058,2025-11-05,10.64,39.0,35.6,3,95.0,23.92,3.2,0,226,70,66,56,2,2,7
USER058,2025-11-06,8.54,24.7,26.5,0,93.1,23.25,6.42,3,327,78,73,105,20,3,5
USER059,2025-07-10,7.36,24.3,31.0,3,96.8,23.38,7.2,1,228,89,84,24,11,4,5
USER059,2025-07-11,8.55,22.4,33.3,3,90.4,23.95,7.32,3,369,88,62,64,28,4,6
USER059,2025-07-12,8.02,29.6,29.6,2,95.9,24.56,5.62,5,330,71,70,46,53,3,4
USER059,2025-07-13,5.37,36.4,25.4,2,93.8,25.14,5.13,1,274,78,73,90,45,3,6
USER059,2025-07-14,7.1,25.6,30.4,2,90.7,23.89,5.64,7,204,82,66,144,53,6,5
USER059,2025-07-15,6.05,19.5,21.1,4,90.4,23.28,8.17,1,219,86,100,8,4,5,5
USER059,2025-07-16,5.41,33.9,30.8,0,96.5,23.63,2.32,1,312,83,68,67,1,4,6
USER059,2025-07-17,7.38,20.2,27.0,7,99.2,23.29,4.26,8,294,59,75,41,49,3,5
USER059,2025-07-18,6.32,31.3,13.1,1,88.3,23.08,7.85,3,278,63,84,155,2,4,7
USER059,2025-07-19,7.82,33.9,29.2,1,95.2,23.64,2.88,0,262,69,89,39,1,3,6
USER059,2025-07-20,6.16,37.7,24.5,2,91.2,23.7,5.93,3,310,58,75,107,10,6,4
USER059,2025-07-21,7.33,22.5,37.2,1,94.1,23.31,5.76,3,321,83,100,180,2,3,4
USER059,2025-07-22,5.5,20.6,23.2,2,96.1,23.9,5.09,3,260,84,72,391,29,3,5
USER059,2025-07-23,5.45,36.9,26.2,2,95.0,23.45,6.29,5,230,82,84,34,5,6,5
USER059,2025-07-24,5.36,31.4,28.1,3,94.2,23.93,7.82,4,298,58,82,63,81,6,6
USER059,2025-07-25,7.14,20.6,21.0,4,97.2,23.27,5.3,2,359,88,82,22,5,6,7
USER059,2025-07-26,7.64,21.3,18.5,1,92.2,23.73,4.96,4,253,88,78,148,77,1,7
USER059,2025-07-27,9.1,22.9,22.3,3,97.4,24.16,4.28,3,228,66,81,65,20,8,6
USER059,2025-07-28,4.56,30.0,29.7,2,94.1,23.67,6.18,3,325,61,76,96,5,2,7
USER059,2025-07-29,6.79,22.3,27.9,4,90.3,23.8,4.9,4,256,77,69,50,6,2,4
USER059,2025-07-30,6.23,22.2,19.2,0,88.9,23.26,7.6,3,266,81,79,53,36,4,5
USER059,2025-07-31,5.95,22.3,31.7,5,94.8,23.54,7.41,3,282,82,78,32,3,2,7
USER059,2025-08-01,5.62,26.5,29.9,4,97.8,23.27,7.49,0,284,87,76,81,9,3,8
USER059,2025-08-02,8.41,32.2,29.7,4,91.2,23.78,2.68,3,320,77,94,68,21,4,8
USER059,2025-08-03,7.17,37.5,30.3,1,98.3,23.84,6.51,3,200,79,80,189,3,3,6
USER059,2025-08-04,7.78,28.8,20.4,2,97.8,23.66,6.17,1,362,84,72,19,0,2,6
USER059,2025-08-05,6.89,24.6,36.0,1,85.7,23.77,7.21,6,200,94,100,155,1,4,7
USER059,2025-08-06,6.97,20.9,24.6,2,96.7,23.46,6.03,5,325,74,87,184,6,4,5
USER059,2025-08-07,5.66,22.0,25.2,1,97.3,23.54,4.56,1,288,66,100,223,18,4,3
USER059,2025-08-08,7.48,22.4,22.9,3,96.3,23.34,7.55,6,370,69,90,73,27,4,7
USER059,2025-08-09,7.87,26.5,31.7,2,92.3,24.67,6.26,2,281,82,94,118,51,5,6
USER059,2025-08-10,7.65,37.7,33.8,3,97.0,24.07,5.68,3,282,73,71,93,3,4,6
USER059,2025-08-11,6.29,24.9,34.9,2,97.5,23.15,4.6,4,228,75,67,181,11,4,5
USER059,2025-08-12,7.34,32.3,32.8,1,94.7,23.7,6.2,5,351,93,77,49,7,3,6
USER059,2025-08-13,5.99,39.6,25.3,2,91.6,23.99,2.88,2,270,90,67,123,20,4,8
USER059,2025-08-14,6.7,24.2,22.2,2,99.2,23.86,7.91,3,217,99,94,42,26,3,8
USER059,2025-08-15,5.86,25.2,30.6,1,95.1,23.48,6.14,4,270,87,97,9,24,4,6
USER059,2025-08-16,8.64,40.7,36.6,1,94.6,24.31,3.67,3,270,89,72,250,6,4,5
USER059,2025-08-17,6.39,33.0,36.6,4,88.6,24.07,5.24,5,238,73,81,52,10,2,6
USER059,2025-08-18,5.21,24.0,24.7,2,91.0,23.06,3.87,1,261,78,74,83,10,3,3
USER059,2025-08-19,6.62,17.6,37.3,4,91.7,23.78,6.23,1,215,80,77,85,5,4,8
USER059,2025-08-20,6.91,33.4,26.6,0,86.5,23.19,3.35,3,257,82,73,93,3,6,6
USER059,2025-08-21,9.48,27.9,31.6,6,99.6,23.54,4.49,0,247,66,78,156,7,5,7
USER059,2025-08-22,6.37,31.8,22.8,2,98.2,23.53,8.34,3,200,73,88,153,24,2,6
USER059,2025-08-23,8.44,19.0,26.1,1,91.2,25.44,5.55,3,298,51,63,30,48,5,7
USER059,2025-08-24,7.56,25.2,32.8,2,92.2,23.55,5.54,5,296,66,92,172,13,1,3
USER059,2025-08-25,7.2,30.0,42.7,3,99.8,23.54,3.95,3,287,68,94,53,41,2,7
USER059,2025-08-26,6.32,13.8,24.0,3,98.4,23.77,4.83,6,301,89,95,32,7,3,7
USER059,2025-08-27,4.96,28.3,25.5,0,98.0,23.07,2.77,4,302,73,68,23,30,3,5
USER059,2025-08-28,4.88,18.8,17.3,1,93.8,23.95,8.15,1,336,55,71,131,18,7,6
USER059,2025-08-29,5.84,20.5,25.1,3,85.8,23.26,4.61,3,321,84,75,78,6,5,4
USER059,2025-08-30,6.18,23.9,36.7,4,96.5,25.11,5.39,6,288,72,95,221,10,1,6
USER059,2025-08-31,8.5,28.6,28.1,0,89.3,23.79,5.3,1,275,82,70,45,1,4,6
USER059,2025-09-01,5.91,29.4,28.2,0,93.2,23.74,4.01,5,257,75,63,82,2,4,6
USER059,2025-09-02,7.04,36.0,25.1,5,93.3,23.44,3.22,5,260,92,90,141,21,2,5
USER059,2025-09-03,7.35,23.0,21.6,1,91.3,23.37,5.31,6,393,91,81,70,107,6,7
USER059,2025-09-04,7.13,24.3,19.1,3,93.3,23.34,5.83,6,261,65,97,74,24,3,7
USER059,2025-09-05,4.88,18.0,23.7,1,96.0,23.23,7.01,1,276,63,57,74,1,4,6
USER059,2025-09-06,8.65,23.3,35.7,1,94.3,24.0,5.16,3,308,71,59,118,20,3,5
USER059,2025-09-07,6.78,23.3,25.1,5,95.4,24.07,6.68,4,287,80,94,227,120,2,6
USER059,2025-09-08,5.88,21.7,24.4,2,94.0,23.49,4.44,3,292,71,95,43,16,5,7
USER059,2025-09-09,7.3,36.0,14.8,3,91.4,23.33,3.47,3,200,79,79,45,32,5,7
USER059,2025-09-10,6.77,34.4,26.1,4,96.1,23.85,7.15,5,255,84,100,189,36,4,6
USER059,2025-09-11,6.45,27.6,31.6,0,91.8,23.08,7.36,4,231,92,68,26,46,4,5
USER059,2025-09-12,6.28,26.4,30.2,3,98.9,23.45,4.77,1,297,91,75,68,11,3,5
USER059,2025-09-13,7.76,24.8,32.0,4,92.4,24.2,4.84,2,290,74,79,29,8,3,4
USER059,2025-09-14,7.41,29.4,32.2,3,95.2,25.16,6.68,4,241,83,94,127,10,3,8
USER059,2025-09-15,6.09,17.5,32.8,1,97.4,23.15,7.03,4,339,87,59,135,37,4,6
USER059,2025-09-16,5.69,20.9,30.2,2,93.6,23.64,2.23,2,331,70,82,21,22,5,6
USER059,2025-09-17,6.22,22.0,28.0,1,97.4,23.14,3.11,2,259,87,96,21,30,5,7
USER059,2025-09-18,6.21,29.7,38.5,1,90.2,23.81,5.16,4,200,74,100,2,6,3,6
USER059,2025-09-19,6.48,35.3,25.6,3,86.0,23.95,4.2,10,200,83,81,144,55,2,6
USER059,2025-09-20,6.6,17.1,34.7,1,90.1,25.13,4.07,5,308,80,100,100,13,6,6
USER059,2025-09-21,7.09,19.8,26.7,2,96.0,24.2,1.91,10,251,99,100,103,19,4,4
USER059,2025-09-22,7.26,23.0,29.7,1,94.9,23.18,6.79,6,238,89,78,95,12,4,4
USER059,2025-09-23,7.81,22.9,28.2,0,91.4,23.92,7.51,2,276,91,69,87,7,6,5
USER059,2025-09-24,6.59,16.5,27.3,1,96.1,23.06,5.19,4,326,84,88,189,16,5,5
USER059,2025-09-25,6.17,30.6,15.8,2,92.2,23.85,6.72,2,280,94,84,63,10,4,4
USER059,2025-09-26,7.49,23.5,28.9,4,93.7,23.39,5.02,3,285,82,97,59,47,3,7
USER059,2025-09-27,6.3,21.7,38.7,1,90.9,23.96,2.83,4,270,85,71,68,1,3,8
USER059,2025-09-28,7.95,27.0,26.9,1,96.6,24.2,3.92,2,319,61,80,358,30,6,6
USER059,2025-09-29,5.79,28.1,23.1,0,93.6,23.68,5.85,2,319,89,66,83,38,3,6
USER059,2025-09-30,4.42,24.4,30.8,2,97.7,23.46,2.44,1,257,64,72,10,107,5,2
USER059,2025-10-01,7.36,24.3,15.7,2,94.6,23.07,3.84,3,240,64,91,85,21,3,7
USER059,2025-10-02,6.38,19.7,25.0,3,98.1,23.35,5.56,4,218,100,91,36,34,3,6
USER059,2025-10-03,5.5,32.5,29.6,3,94.3,23.99,5.43,2,305,85,66,155,15,6,4
USER059,2025-10-04,6.31,28.0,29.4,1,97.2,25.48,4.13,5,271,95,89,127,6,4,4
USER059,2025-10-05,7.28,16.1,36.3,1,96.9,23.94,5.47,6,226,78,68,99,51,3,5
USER059,2025-10-06,6.67,18.0,27.6,2,98.1,23.19,6.5,4,284,92,99,129,6,1,4
USER059,2025-10-07,6.61,28.0,23.8,4,94.9,23.25,5.8,3,222,93,92,94,4,4,5
USER059,2025-10-08,8.19,21.8,29.7,4,94.5,23.88,3.79,3,309,68,67,80,16,5,6
USER059,2025-10-09,6.68,31.7,31.6,0,90.1,23.95,5.88,3,200,99,90,52,7,4,6
USER059,2025-10-10,7.2,31.5,26.8,1,91.2,23.76,5.69,4,390,78,97,18,0,5,7
USER059,2025-10-11,8.17,19.5,34.4,2,93.3,24.72,4.32,1,301,82,83,33,30,3,5
USER059,2025-10-12,8.45,18.8,21.8,1,98.4,25.13,5.38,1,337,74,68,127,7,4,3
USER059,2025-10-13,8.39,28.1,25.4,3,98.6,23.82,6.13,1,235,68,61,69,9,4,6
USER059,2025-10-14,6.68,29.9,25.9,1,92.9,23.67,6.0,3,259,81,92,86,32,2,5
USER059,2025-10-15,4.82,18.3,25.1,2,98.4,23.15,5.26,1,424,95,71,99,32,5,5
USER059,2025-10-16,6.41,22.3,30.2,1,93.7,23.56,3.58,6,278,72,91,119,7,4,6
USER059,2025-10-17,6.45,19.5,21.9,4,98.2,23.98,7.99,5,262,75,84,53,17,7,4
USER059,2025-10-18,9.94,23.3,24.6,6,91.2,24.08,4.78,0,316,65,73,165,6,6,5
USER059,2025-10-19,6.58,34.6,28.2,2,95.0,25.02,6.07,3,298,90,84,210,15,5,7
USER059,2025-10-20,5.97,34.5,17.4,1,92.6,23.58,5.98,4,320,58,68,112,92,6,6
USER059,2025-10-21,5.68,26.1,39.7,3,91.5,23.76,5.55,3,373,70,83,21,13,7,6
USER059,2025-10-22,7.54,31.1,27.7,2,96.3,23.23,8.06,6,200,75,87,160,32,5,7
USER059,2025-10-23,5.57,38.5,40.6,2,92.0,23.6,5.64,5,256,67,68,72,9,4,3
USER059,2025-10-24,6.43,25.7,27.1,0,94.7,23.17,5.64,7,227,68,94,160,0,2,4
USER059,2025-10-25,7.63,21.4,35.2,4,95.9,24.08,4.5,1,270,79,75,22,19,3,7
USER059,2025-10-26,8.58,20.7,35.8,2,96.5,24.49,6.96,0,300,100,58,51,22,4,6
USER059,2025-10-27,7.39,28.6,34.1,2,95.4,23.06,4.35,3,263,76,71,12,49,4,6
USER059,2025-10-28,5.47,19.8,26.7,2,91.3,23.59,3.89,4,265,83,91,124,35,4,6
USER059,2025-10-29,7.16,20.8,28.5,1,93.4,23.05,5.72,5,245,84,64,347,4,2,5
USER059,2025-10-30,8.15,34.8,23.6,2,97.3,23.9,2.93,5,324,88,90,39,0,3,6
USER059,2025-10-31,5.69,24.3,39.1,1,90.7,23.3,5.25,8,252,56,96,153,7,2,3
USER059,2025-11-01,7.38,26.2,16.3,1,94.0,24.41,4.84,8,348,81,100,76,3,2,5
USER059,2025-11-02,8.99,22.4,24.3,4,96.7,23.87,4.8,1,394,70,64,124,21,2,6
USER059,2025-11-03,7.69,23.8,31.4,0,95.8,23.8,4.24,2,256,78,100,86,34,2,7
USER059,2025-11-04,6.35,16.0,31.7,1,96.1,23.42,6.62,8,206,77,96,7,11,4,6
USER059,2025-11-05,7.02,29.2,30.4,2,96.7,23.19,4.13,3,250,96,100,150,3,3,5
USER059,2025-11-06,6.72,21.6,33.5,0,97.8,23.59,2.7,4,224,66,100,231,58,5,4
USER060,2025-07-10,6.99,15.0,35.1,2,98.3,23.26,6.45,7,271,77,98,127,7,4,5
USER060,2025-07-11,5.84,21.6,33.4,3,96.7,23.25,5.29,2,290,77,73,277,4,3,3
USER060,2025-07-12,8.67,25.5,29.3,1,88.9,25.25,4.59,2,257,67,91,293,42,4,6
USER060,2025-07-13,8.45,28.1,34.9,1,99.5,25.43,4.2,3,280,79,79,235,3,4,5
USER060,2025-07-14,6.67,30.3,33.6,2,96.8,23.41,4.51,2,357,80,74,47,10,5,6
USER060,2025-07-15,8.13,27.2,25.3,4,94.4,23.96,5.94,9,280,91,96,24,34,6,4
USER060,2025-07-16,6.99,29.4,36.4,2,92.7,23.78,6.59,3,219,93,85,78,18,3,5
USER060,2025-07-17,7.84,31.2,23.2,3,97.3,23.83,5.65,4,233,100,93,51,15,2,7
USER060,2025-07-18,6.7,17.9,28.3,5,93.8,23.19,7.09,1,262,67,72,106,75,3,3
USER060,2025-07-19,9.05,27.9,30.9,2,82.0,23.99,3.62,1,296,77,87,95,20,3,3
USER060,2025-07-20,9.62,22.5,33.0,1,95.1,23.58,2.47,3,282,49,59,67,72,3,6
USER060,2025-07-21,5.85,26.9,27.4,1,96.4,23.14,5.26,2,371,88,84,46,61,3,6
USER060,2025-07-22,8.74,28.5,27.1,1,93.5,23.86,6.34,3,366,72,71,107,30,2,5
USER060,2025-07-23,5.47,25.6,21.1,2,92.2,23.06,2.25,0,247,70,91,40,10,6,4
USER060,2025-07-24,7.43,25.9,27.7,1,87.2,23.47,5.1,3,200,96,100,24,12,3,5
USER060,2025-07-25,9.55,25.4,17.2,5,95.8,23.14,3.89,3,260,76,59,308,34,3,3
USER060,2025-07-26,7.65,40.4,31.4,2,96.7,24.82,9.09,4,290,86,83,20,10,4,5
USER060,2025-07-27,10.9,18.9,17.4,1,91.4,24.94,4.2,0,330,45,77,62,27,3,6
USER060,2025-07-28,8.76,35.3,30.2,2,96.3,23.43,6.55,5,359,84,81,247,8,5,7
USER060,2025-07-29,8.76,17.7,25.3,2,98.0,23.02,5.76,1,265,70,71,73,3,3,7
USER060,2025-07-30,5.8,21.3,27.0,2,92.1,23.3,8.23,0,365,80,96,1,5,5,6
USER060,2025-07-31,7.52,30.8,20.8,3,91.2,23.24,4.83,7,248,87,100,108,17,5,7
USER060,2025-08-01,7.55,35.8,30.9,2,87.0,23.69,5.83,7,222,88,90,75,1,2,6
USER060,2025-08-02,8.14,13.1,26.5,0,96.7,24.18,4.32,4,276,89,97,84,12,1,7
USER060,2025-08-03,8.8,20.7,18.7,0,98.5,24.77,7.18,3,346,72,79,240,46,3,6
USER060,2025-08-04,8.29,22.5,27.6,3,95.0,23.71,5.66,2,279,100,73,24,13,2,4
USER060,2025-08-05,7.02,32.9,27.9,4,97.3,23.18,4.92,4,236,90,93,93,19,4,8
USER060,2025-08-06,7.85,25.9,23.3,1,94.4,23.71,4.89,7,207,67,85,115,15,3,5
USER060,2025-08-07,7.62,19.3,32.2,1,96.4,23.41,4.87,4,247,88,100,19,41,5,7
USER060,2025-08-08,5.8,23.4,31.3,3,95.5,23.41,4.25,2,377,70,64,46,0,5,8
USER060,2025-08-09,9.06,30.0,28.1,0,91.5,23.53,6.55,4,365,73,85,100,2,4,7
USER060,2025-08-10,8.1,20.0,34.1,2,94.1,23.86,8.18,5,266,83,85,208,10,5,7
USER060,2025-08-11,8.33,22.2,20.7,2,92.7,23.74,3.75,3,244,63,94,152,13,3,3
USER060,2025-08-12,7.09,20.0,33.2,3,95.6,23.65,7.88,4,246,78,87,107,9,3,5
USER060,2025-08-13,8.71,38.8,35.5,2,93.8,23.07,8.86,3,304,77,70,114,45,3,6
USER060,2025-08-14,8.26,20.5,33.0,0,99.0,23.62,3.84,4,240,100,81,68,10,4,2
USER060,2025-08-15,7.14,36.0,30.1,1,91.4,23.74,4.36,3,200,84,100,97,5,6,4
USER060,2025-08-16,7.51,26.1,41.2,4,94.9,24.36,4.42,5,200,91,82,82,28,5,6
USER060,2025-08-17,8.84,28.5,29.5,3,97.0,24.94,4.09,4,344,83,63,74,2,7,7
USER060,2025-08-18,7.08,33.5,20.6,2,89.2,23.44,5.75,3,222,80,64,103,2,6,6
USER060,2025-08-19,6.9,15.5,21.1,4,94.9,23.62,6.14,4,228,90,74,46,46,4,5
USER060,2025-08-20,6.75,24.6,24.4,6,93.1,23.58,6.14,3,202,72,100,4,16,2,4
USER060,2025-08-21,6.33,20.8,28.7,4,86.9,23.4,4.17,5,296,81,85,116,18,4,8
USER060,2025-08-22,8.44,34.9,25.2,2,95.8,23.23,4.7,2,200,84,100,180,65,2,7
USER060,2025-08-23,10.16,23.6,34.2,2,98.4,23.74,5.04,1,405,71,58,105,23,5,6
USER060,2025-08-24,8.44,29.4,33.4,2,94.9,24.46,6.45,4,227,81,87,117,12,5,6
USER060,2025-08-25,9.05,17.9,18.0,1,94.5,23.94,6.59,2,305,89,64,49,8,7,8
USER060,2025-08-26,7.19,17.5,23.7,1,98.9,23.73,8.31,6,323,70,100,83,3,3,3
USER060,2025-08-27,8.26,17.0,27.6,3,98.0,23.6,3.07,4,371,83,76,91,41,2,7
USER060,2025-08-28,8.83,22.6,25.7,3,98.4,23.35,7.24,3,296,71,78,21,0,4,6
USER060,2025-08-29,7.37,20.2,17.2,1,93.6,23.27,5.69,2,336,93,76,140,5,2,4
USER060,2025-08-30,7.92,18.1,25.1,0,90.3,23.93,7.28,4,342,65,63,41,13,1,5
USER060,2025-08-31,7.57,23.7,23.6,3,93.5,25.49,6.07,6,200,72,85,64,4,4,6
USER060,2025-09-01,7.21,13.8,22.8,0,87.1,23.9,8.3,1,323,76,91,157,0,4,8
USER060,2025-09-02,6.39,24.5,23.1,1,97.7,23.2,3.22,1,261,61,74,159,42,2,3
USER060,2025-09-03,7.08,25.7,26.8,0,95.1,23.47,5.74,4,293,84,100,28,38,4,6
USER060,2025-09-04,7.9,22.1,23.8,1,98.6,23.22,7.56,4,386,86,95,17,20,5,8
USER060,2025-09-05,8.17,21.2,37.9,2,95.6,23.05,4.25,5,295,71,76,148,37,5,6
USER060,2025-09-06,8.93,23.4,28.9,2,91.0,25.1,5.41,3,371,77,70,125,102,5,3
USER060,2025-09-07,9.06,24.1,20.3,3,87.9,25.45,3.88,3,232,67,63,98,7,5,6
USER060,2025-09-08,6.55,26.3,29.0,1,98.5,23.89,7.86,4,245,72,86,145,25,3,6
USER060,2025-09-09,9.16,34.2,30.9,1,96.3,23.66,3.25,4,303,56,74,82,3,2,5
USER060,2025-09-10,8.23,22.0,20.5,6,94.6,23.11,4.77,3,277,68,88,129,8,3,5
USER060,2025-09-11,7.24,20.5,30.5,3,95.3,23.79,6.71,3,347,92,86,80,11,5,6
USER060,2025-09-12,8.2,25.2,33.5,1,91.6,23.83,6.07,3,348,99,97,52,22,3,8
USER060,2025-09-13,8.92,30.4,22.6,6,95.3,24.1,3.58,3,374,64,77,51,9,2,3
USER060,2025-09-14,8.02,24.8,35.8,2,98.7,24.2,4.83,3,267,76,92,118,9,5,7
USER060,2025-09-15,7.79,37.6,41.1,3,94.6,23.83,3.7,1,324,82,84,73,44,4,7
USER060,2025-09-16,6.97,32.4,32.7,3,90.3,23.82,3.49,3,200,77,98,80,5,4,6
USER060,2025-09-17,7.34,25.8,31.8,3,90.5,23.43,2.73,1,303,86,72,45,24,3,7
USER060,2025-09-18,7.04,15.3,29.1,5,96.9,23.4,4.68,7,345,67,76,31,10,3,5
USER060,2025-09-19,8.46,43.2,28.0,1,92.0,23.74,6.42,0,308,74,85,158,1,2,7
USER060,2025-09-20,9.73,23.4,25.8,3,92.3,23.97,3.59,3,341,62,59,56,8,4,6
USER060,2025-09-21,6.85,17.0,21.6,2,97.6,24.1,4.02,2,296,77,85,88,18,5,4
USER060,2025-09-22,9.09,18.8,29.9,0,99.1,23.59,3.7,2,234,67,75,267,32,5,3
USER060,2025-09-23,9.01,28.0,25.6,0,96.7,23.42,4.63,0,324,77,82,149,2,3,6
USER060,2025-09-24,7.58,28.1,19.6,3,96.6,23.92,5.67,7,269,84,84,187,12,2,6
USER060,2025-09-25,8.49,37.0,36.2,2,88.3,23.72,6.33,2,307,100,81,88,7,6,5
USER060,2025-09-26,6.05,24.3,20.4,2,95.9,23.07,7.0,3,332,83,83,174,7,5,5
USER060,2025-09-27,9.35,19.1,33.4,3,86.2,24.5,3.63,5,305,78,76,71,8,6,4
USER060,2025-09-28,8.66,22.3,35.9,2,94.4,23.89,6.65,5,283,84,70,73,11,4,4
USER060,2025-09-29,8.16,18.2,18.5,0,95.9,23.77,6.09,5,211,91,72,63,3,3,6
USER060,2025-09-30,6.1,22.9,25.1,1,98.6,23.74,5.15,3,289,77,97,48,3,3,5
USER060,2025-10-01,8.27,19.3,17.6,5,94.5,23.86,2.28,2,304,73,66,103,2,5,7
USER060,2025-10-02,6.16,25.5,22.5,6,96.5,23.35,3.01,2,383,62,85,43,45,4,4
USER060,2025-10-03,7.0,24.7,39.5,3,88.6,23.08,5.38,4,263,78,78,5,5,6,7
USER060,2025-10-04,9.76,32.7,33.1,2,91.1,24.9,7.23,2,231,67,72,13,120,3,2
USER060,2025-10-05,10.35,22.4,23.5,0,98.9,25.31,5.18,0,355,63,81,74,2,5,3
USER060,2025-10-06,7.41,20.7,22.4,0,98.7,23.32,5.29,4,200,76,100,46,59,6,5
USER060,2025-10-07,7.32,15.9,36.7,4,97.1,23.67,4.82,3,283,71,69,50,6,4,5
USER060,2025-10-08,5.91,24.9,35.2,0,95.4,23.62,4.65,2,346,73,66,207,15,2,5
USER060,2025-10-09,6.98,25.1,29.5,1,96.6,23.19,6.98,1,298,85,78,52,29,1,4
USER060,2025-10-10,8.55,32.0,33.2,3,91.2,23.15,5.39,2,287,82,80,254,53,4,6
USER060,2025-10-11,7.33,26.6,34.1,3,91.1,24.0,7.78,3,342,72,84,80,18,3,7
USER060,2025-10-12,8.97,26.1,27.1,1,93.1,23.79,4.19,4,277,75,61,196,25,3,5
USER060,2025-10-13,7.11,33.8,27.7,1,96.8,23.96,6.03,5,225,87,88,15,27,5,5
USER060,2025-10-14,9.14,24.2,26.4,3,81.0,23.13,8.33,2,322,71,52,53,43,4,6
USER060,2025-10-15,6.16,23.9,36.9,6,90.8,23.72,5.86,5,366,81,60,70,35,4,6
USER060,2025-10-16,8.45,36.9,27.8,4,98.3,23.25,6.27,3,266,76,69,183,2,4,6
USER060,2025-10-17,6.93,17.0,42.3,4,88.7,23.45,4.4,3,200,95,71,124,2,4,8
USER060,2025-10-18,9.32,24.5,33.9,0,97.8,24.88,6.48,0,261,76,96,211,1,5,4
USER060,2025-10-19,11.12,14.6,20.1,0,92.0,24.38,0.3,0,327,36,55,145,8,7,6
USER060,2025-10-20,6.36,21.9,28.3,3,96.4,23.48,4.93,3,258,57,80,41,0,5,5
USER060,2025-10-21,7.75,28.4,15.5,3,99.1,23.74,4.67,5,257,81,65,274,7,2,5
USER060,2025-10-22,6.76,28.5,37.0,1,95.2,23.56,3.64,3,399,88,68,137,2,4,7
USER060,2025-10-23,6.25,30.2,25.2,1,90.4,23.87,5.63,5,334,72,59,60,3,2,4
USER060,2025-10-24,7.58,21.6,28.1,0,92.0,23.77,6.52,4,226,82,88,64,4,6,6
USER060,2025-10-25,8.88,28.4,32.1,3,96.9,25.32,5.2,4,302,73,77,43,6,3,7
USER060,2025-10-26,8.03,25.1,30.7,2,95.9,25.07,4.49,2,210,78,82,34,17,3,9
USER060,2025-10-27,6.43,16.4,24.2,0,93.5,23.93,5.48,1,227,75,82,186,13,2,6
USER060,2025-10-28,6.36,21.6,18.2,1,85.8,23.39,5.92,5,247,61,81,145,23,4,6
USER060,2025-10-29,6.9,23.5,30.9,2,95.1,23.18,5.54,3,301,90,85,68,0,3,7
USER060,2025-10-30,7.08,26.3,28.3,3,86.6,23.82,5.07,5,262,85,72,65,3,2,4
USER060,2025-10-31,5.82,30.5,17.8,0,98.4,23.31,5.6,2,285,47,70,49,22,5,6
USER060,2025-11-01,8.38,34.8,37.1,4,96.9,23.77,6.66,3,265,94,73,35,1,4,7
USER060,2025-11-02,9.56,24.8,29.1,1,94.1,24.87,2.83,1,327,81,90,130,40,1,7
USER060,2025-11-03,6.96,18.2,34.3,2,96.9,23.76,5.82,7,278,77,99,130,27,7,6
USER060,2025-11-04,6.68,32.3,26.3,1,97.9,23.63,3.97,2,312,82,81,140,0,5,7
USER060,2025-11-05,7.4,17.2,32.9,3,94.0,23.94,6.0,3,334,83,80,65,1,3,4
USER060,2025-11-06,8.65,30.3,19.9,3,99.2,23.96,3.75,3,316,78,86,36,11,3,4
USER061,2025-07-10,9.23,21.6,27.1,2,90.1,21.76,5.88,1,310,57,83,280,1,4,7
USER061,2025-07-11,8.86,26.1,34.1,0,97.8,21.82,6.86,0,219,61,79,270,0,3,6
USER061,2025-07-12,9.24,14.3,33.1,1,93.7,22.17,3.68,2,242,84,82,114,39,3,7
USER061,2025-07-13,7.81,26.6,29.1,5,98.3,23.85,7.82,4,200,87,88,91,60,5,7
USER061,2025-07-14,7.94,21.0,27.5,4,96.0,22.3,2.95,2,325,73,79,71,59,1,6
USER061,2025-07-15,8.61,23.6,22.2,1,97.5,21.67,3.76,1,345,81,90,163,13,2,5
USER061,2025-07-16,7.59,23.7,26.5,2,94.9,21.59,6.17,3,286,97,95,253,8,6,4
USER061,2025-07-17,7.42,18.5,32.2,2,97.1,21.75,8.96,4,200,96,99,85,17,5,6
USER061,2025-07-18,7.43,21.8,24.8,1,95.6,22.48,2.71,4,230,93,98,24,41,4,7
USER061,2025-07-19,8.19,24.5,21.9,3,90.1,23.7,5.94,5,354,70,73,63,23,5,5
USER061,2025-07-20,7.27,31.0,28.3,1,96.7,23.67,6.21,5,254,63,64,185,2,3,5
USER061,2025-07-21,8.18,36.0,22.3,4,97.1,21.84,5.54,2,299,81,71,90,8,4,7
USER061,2025-07-22,8.78,35.7,40.4,2,90.0,21.93,6.22,3,364,85,84,88,22,3,7
USER061,2025-07-23,8.11,13.8,17.5,1,99.0,22.05,6.18,2,270,76,88,121,7,3,5
USER061,2025-07-24,7.31,28.9,28.5,3,98.0,22.07,7.11,2,291,96,96,57,23,5,8
USER061,2025-07-25,6.58,29.2,31.2,3,97.4,22.06,6.03,3,400,81,75,193,11,4,4
USER061,2025-07-26,7.67,24.6,35.6,3,96.7,22.92,8.86,4,236,77,87,46,0,2,6
USER061,2025-07-27,7.93,30.6,29.1,1,91.9,22.1,5.18,7,243,87,96,72,8,8,6
USER061,2025-07-28,6.37,40.4,30.2,5,98.8,22.46,5.85,5,319,69,73,49,19,7,5
USER061,2025-07-29,8.34,31.7,26.0,1,99.1,22.27,6.59,4,377,72,86,23,7,4,7
USER061,2025-07-30,9.86,31.7,36.7,5,97.5,21.84,6.18,0,239,51,59,329,0,7,5
USER061,2025-07-31,7.77,26.5,23.2,1,88.0,21.97,5.41,6,200,100,73,22,19,3,4
USER061,2025-08-01,6.68,31.5,20.1,2,94.8,21.69,9.83,3,302,73,64,146,11,4,6
USER061,2025-08-02,7.76,27.3,22.0,1,89.5,23.51,6.91,1,361,70,96,20,5,3,6
USER061,2025-08-03,9.21,20.4,13.7,3,94.4,22.88,4.44,3,291,80,66,60,8,3,4
USER061,2025-08-04,7.87,18.3,26.3,4,94.9,22.49,6.25,2,320,100,67,50,24,4,3
USER061,2025-08-05,7.14,18.8,29.3,3,99.6,22.48,5.85,3,298,88,77,53,40,2,5
USER061,2025-08-06,7.44,18.4,33.6,1,92.6,22.12,6.07,8,200,75,92,107,53,3,5
USER061,2025-08-07,6.2,24.6,25.9,2,96.3,22.46,6.6,2,352,64,76,92,26,2,5
USER061,2025-08-08,6.32,25.3,22.5,0,95.5,22.38,4.96,2,262,81,78,35,9,4,7
USER061,2025-08-09,9.12,23.5,25.4,4,89.5,22.38,5.29,0,299,58,74,299,10,6,5
USER061,2025-08-10,8.47,24.1,22.4,0,95.1,23.45,4.69,6,351,70,63,43,33,3,7
USER061,2025-08-11,5.03,39.0,32.5,2,99.6,21.55,3.07,3,200,76,74,106,6,3,5
USER061,2025-08-12,7.54,15.3,29.7,1,92.6,22.34,7.98,8,267,73,78,112,8,3,5
USER061,2025-08-13,6.98,26.5,32.4,2,96.6,21.91,4.48,0,296,78,88,58,15,3,3
USER061,2025-08-14,7.08,31.1,26.8,1,96.8,21.67,5.8,7,255,98,98,41,78,3,6
USER061,2025-08-15,6.25,27.0,35.6,0,95.6,21.69,3.53,4,294,81,54,159,15,5,6
USER061,2025-08-16,8.65,34.6,28.6,0,89.6,22.2,5.55,5,284,76,57,98,17,3,7
USER061,2025-08-17,7.82,16.8,42.6,2,91.5,23.28,6.24,2,331,94,90,65,12,2,4
USER061,2025-08-18,7.55,26.6,28.7,4,90.6,21.6,6.8,8,281,87,82,91,17,5,5
USER061,2025-08-19,5.33,32.0,22.2,2,96.7,21.79,6.22,0,315,66,59,161,24,5,3
USER061,2025-08-20,6.96,29.1,34.5,2,92.5,21.62,4.81,10,253,77,76,174,78,6,4
USER061,2025-08-21,6.99,30.7,20.0,1,97.7,21.97,6.64,2,280,89,77,45,10,5,7
USER061,2025-08-22,7.52,26.4,25.8,2,97.4,22.48,6.19,6,226,77,100,72,1,5,4
USER061,2025-08-23,7.87,28.1,14.5,2,94.2,23.16,5.5,4,200,80,67,142,23,2,5
USER061,2025-08-24,9.16,34.6,27.1,4,87.1,22.22,4.77,3,331,70,97,87,16,2,4
USER061,2025-08-25,6.4,41.1,18.9,4,97.0,22.25,3.33,3,310,67,77,47,18,3,5
USER061,2025-08-26,7.05,23.6,25.2,3,92.5,21.65,4.73,0,309,68,86,411,3,3,6
USER061,2025-08-27,7.26,34.7,23.1,2,96.2,22.26,4.37,2,293,100,78,71,2,4,6
USER061,2025-08-28,7.54,28.8,20.2,1,96.2,21.81,8.64,7,275,95,90,97,2,4,8
USER061,2025-08-29,7.2,24.2,39.9,0,91.6,22.36,4.9,3,248,73,79,175,21,3,9
USER061,2025-08-30,7.9,12.8,31.3,2,91.1,22.18,4.88,2,200,75,100,105,6,5,7
USER061,2025-08-31,8.54,28.3,31.0,7,98.1,23.04,4.94,4,265,75,70,181,7,4,4
USER061,2025-09-01,6.95,37.9,22.7,0,93.1,22.32,5.69,2,290,74,92,5,4,4,8
USER061,2025-09-02,7.77,32.8,20.1,5,94.8,22.38,8.51,7,239,63,97,67,12,2,8
USER061,2025-09-03,7.1,19.6,24.3,1,96.5,22.18,5.11,6,285,88,87,92,4,5,5
USER061,2025-09-04,7.41,33.8,20.5,3,96.9,22.12,6.28,4,221,100,80,14,39,3,6
USER061,2025-09-05,5.46,30.1,28.6,0,99.3,21.5,4.69,2,283,62,63,212,47,4,7
USER061,2025-09-06,8.22,31.7,31.3,2,91.7,23.22,5.95,3,227,81,73,241,77,4,5
USER061,2025-09-07,6.83,16.2,23.1,0,91.6,23.94,5.11,5,298,91,80,244,22,4,4
USER061,2025-09-08,7.31,31.5,32.9,1,96.3,21.81,6.54,5,255,94,86,38,1,6,6
USER061,2025-09-09,7.75,22.6,28.2,0,96.7,22.49,2.87,4,231,98,98,28,11,3,4
USER061,2025-09-10,8.3,27.2,29.2,3,98.3,22.25,7.39,4,334,87,70,174,2,2,7
USER061,2025-09-11,7.66,24.1,20.0,3,96.1,21.68,3.48,4,295,100,79,155,59,6,4
USER061,2025-09-12,8.1,35.4,23.9,1,91.2,21.55,7.66,4,329,79,83,79,49,2,5
USER061,2025-09-13,7.51,35.2,23.9,1,89.2,22.4,7.4,5,214,91,97,112,7,8,4
USER061,2025-09-14,8.55,24.2,28.5,1,93.2,22.64,3.37,4,277,82,71,62,15,1,6
USER061,2025-09-15,7.86,18.5,29.7,6,97.4,21.74,5.43,4,295,86,92,62,11,3,6
USER061,2025-09-16,7.4,14.4,33.3,4,95.1,21.9,8.43,3,271,75,66,96,6,6,6
USER061,2025-09-17,9.3,14.0,23.4,1,93.5,21.74,3.83,4,267,75,63,41,47,2,4
USER061,2025-09-18,6.45,23.4,19.5,1,99.6,21.94,4.76,3,322,82,84,112,9,3,6
USER061,2025-09-19,9.23,37.0,24.9,4,89.3,22.23,3.92,1,283,77,78,17,28,4,6
USER061,2025-09-20,9.31,19.0,15.9,0,97.7,23.17,4.42,2,232,73,59,25,71,2,8
USER061,2025-09-21,8.68,18.3,21.6,2,92.7,22.64,6.26,4,263,79,90,101,6,2,7
USER061,2025-09-22,7.43,34.8,23.8,2,95.4,21.54,7.42,8,208,73,100,157,13,6,5
USER061,2025-09-23,6.07,30.9,22.8,5,96.1,22.38,4.87,3,255,86,98,130,5,2,8
USER061,2025-09-24,7.73,21.2,34.6,2,96.6,22.34,5.1,9,235,100,89,27,1,1,8
USER061,2025-09-25,7.04,17.7,16.5,1,90.9,21.66,5.84,1,316,94,76,67,12,5,8
USER061,2025-09-26,6.94,23.0,30.4,2,95.1,22.04,6.48,5,200,91,84,10,25,4,5
USER061,2025-09-27,8.51,34.8,40.8,2,99.3,22.28,5.45,2,200,80,90,136,8,2,6
USER061,2025-09-28,8.77,28.9,29.1,0,96.4,23.22,4.96,3,373,74,93,116,12,5,6
USER061,2025-09-29,6.87,30.0,16.8,2,97.9,21.51,5.6,1,352,73,92,72,25,6,6
USER061,2025-09-30,6.9,18.0,28.4,0,98.9,22.02,7.02,3,368,77,86,130,46,4,7
USER061,2025-10-01,7.43,39.2,25.6,5,98.2,22.37,6.03,7,289,92,96,126,7,6,6
USER061,2025-10-02,7.47,16.9,30.7,4,90.9,22.02,3.32,5,356,84,85,214,8,7,7
USER061,2025-10-03,5.09,23.3,32.9,1,93.7,22.29,6.97,2,391,68,80,52,10,4,4
USER061,2025-10-04,11.03,20.5,22.0,0,91.9,23.22,3.91,0,371,35,65,37,19,6,6
USER061,2025-10-05,7.73,15.5,28.1,4,98.1,22.54,6.65,4,200,91,97,207,5,5,2
USER061,2025-10-06,6.65,40.3,33.4,4,85.4,21.83,6.49,1,231,71,90,102,1,4,8
USER061,2025-10-07,5.46,30.0,28.3,1,95.3,22.43,0.68,2,273,60,83,58,21,4,3
USER061,2025-10-08,7.53,24.6,20.0,1,95.9,21.99,3.58,4,261,100,84,36,2,3,5
USER061,2025-10-09,7.03,23.4,22.4,1,98.3,22.14,3.05,3,257,83,87,55,22,5,7
USER061,2025-10-10,7.33,28.9,28.4,3,92.8,22.11,7.34,8,307,91,100,163,2,6,5
USER061,2025-10-11,8.55,30.1,17.3,3,99.4,22.67,4.75,2,328,82,91,105,7,4,4
USER061,2025-10-12,8.81,27.2,36.4,1,96.6,23.09,6.08,2,249,67,68,160,57,3,2
USER061,2025-10-13,6.66,21.5,24.0,3,95.6,22.46,4.52,4,263,82,92,82,33,4,3
USER061,2025-10-14,7.46,10.6,20.2,2,98.3,22.15,7.45,6,310,95,76,41,16,3,4
USER061,2025-10-15,7.1,24.4,27.4,2,98.0,21.55,6.24,4,200,97,74,90,45,5,3
USER061,2025-10-16,7.47,25.0,32.9,2,87.7,21.57,4.93,5,224,74,89,107,17,3,5
USER061,2025-10-17,8.35,19.4,27.3,0,96.5,22.27,5.13,3,217,65,88,134,2,6,8
USER061,2025-10-18,7.87,38.3,27.1,0,88.6,23.8,6.46,2,308,94,92,118,1,4,5
USER061,2025-10-19,9.48,19.5,20.8,2,98.4,23.89,5.84,2,407,72,71,69,13,3,8
USER061,2025-10-20,7.03,33.4,30.6,1,91.7,22.29,3.79,4,200,100,90,258,30,6,4
USER061,2025-10-21,8.71,36.2,25.9,2,88.8,22.0,5.42,3,282,60,62,151,11,6,5
USER061,2025-10-22,7.32,24.2,30.1,4,91.9,22.2,4.44,4,235,86,89,130,6,3,5
USER061,2025-10-23,6.45,30.8,26.9,1,90.9,22.13,4.03,0,242,61,81,39,7,2,7
USER061,2025-10-24,8.93,24.2,17.5,1,92.0,21.67,4.3,0,224,81,100,175,23,5,3
USER061,2025-10-25,8.5,15.7,21.7,2,96.8,23.68,7.77,0,336,82,61,25,47,5,5
USER061,2025-10-26,8.23,30.5,29.4,2,92.8,22.68,4.36,7,283,75,80,267,1,4,6
USER061,2025-10-27,8.63,18.1,21.2,2,92.1,21.51,3.88,6,279,72,92,34,63,4,3
USER061,2025-10-28,6.73,21.2,31.8,1,87.8,22.48,7.48,4,319,83,81,152,1,1,9
USER061,2025-10-29,7.22,23.9,23.9,4,95.1,21.83,6.19,3,282,80,70,72,38,2,5
USER061,2025-10-30,4.48,38.0,22.7,1,94.5,22.19,4.85,0,372,50,87,175,6,3,4
USER061,2025-10-31,9.52,20.0,30.9,1,98.0,22.42,6.74,4,348,91,80,188,18,6,4
USER061,2025-11-01,7.27,36.4,21.0,1,94.0,23.3,4.89,3,226,100,79,251,30,5,6
USER061,2025-11-02,8.13,31.0,28.1,2,91.3,22.85,4.6,1,236,67,89,171,4,4,3
USER061,2025-11-03,6.75,32.1,27.7,0,93.2,22.36,5.75,2,269,76,98,49,2,5,5
USER061,2025-11-04,7.89,32.3,32.2,1,96.2,22.33,5.84,6,243,66,100,124,2,3,6
USER061,2025-11-05,7.48,16.3,40.8,0,95.2,21.61,6.89,3,208,91,77,63,15,5,6
USER061,2025-11-06,6.88,35.2,23.6,2,91.3,22.32,4.22,2,274,71,74,118,9,6,7
USER062,2025-07-10,6.32,23.8,26.0,0,90.1,0.82,5.03,7,259,87,75,64,2,3,6
USER062,2025-07-11,5.25,41.5,32.9,1,92.5,1.19,3.85,1,281,83,75,151,13,4,6
USER062,2025-07-12,8.08,38.6,30.9,2,95.2,2.03,3.28,3,382,59,64,59,2,4,7
USER062,2025-07-13,8.12,26.4,25.7,3,92.6,2.57,4.19,0,284,69,91,84,37,2,8
USER062,2025-07-14,6.97,24.7,36.2,3,98.6,0.68,5.3,1,200,91,85,18,4,2,5
USER062,2025-07-15,6.65,32.4,22.1,2,94.1,0.73,5.85,7,262,92,84,151,11,6,4
USER062,2025-07-16,5.97,18.4,30.9,1,93.0,0.51,5.67,3,218,73,100,126,26,7,4
USER062,2025-07-17,7.7,28.2,15.1,2,97.8,1.23,5.24,3,251,83,60,30,12,5,5
USER062,2025-07-18,7.32,14.6,22.6,1,92.3,0.9,4.97,5,221,90,67,45,14,5,8
USER062,2025-07-19,7.46,25.4,22.3,0,94.4,2.47,4.78,3,333,68,87,161,32,3,7
USER062,2025-07-20,6.71,17.5,28.3,3,97.6,2.25,8.79,5,270,67,100,45,2,5,4
USER062,2025-07-21,7.66,30.3,24.5,1,92.8,1.27,4.99,7,288,80,68,35,2,4,2
USER062,2025-07-22,6.42,24.4,27.6,4,89.2,1.25,7.89,2,271,96,83,52,2,2,9
USER062,2025-07-23,5.99,33.7,25.9,1,92.1,1.21,5.35,1,274,85,86,83,14,4,7
USER062,2025-07-24,6.82,18.0,26.6,4,92.6,1.26,5.03,5,279,82,99,135,14,6,6
USER062,2025-07-25,4.81,27.2,19.0,2,96.2,0.78,4.69,2,323,70,91,64,10,4,2
USER062,2025-07-26,6.53,16.5,17.9,2,97.5,1.8,5.17,7,240,94,90,184,17,2,7
USER062,2025-07-27,8.58,34.6,37.9,3,93.0,2.95,2.41,1,309,56,80,207,25,5,4
USER062,2025-07-28,7.87,28.8,32.9,1,94.9,0.87,5.25,0,267,58,70,185,27,5,5
USER062,2025-07-29,7.7,24.4,27.9,1,95.5,0.75,5.65,2,232,62,90,290,4,5,5
USER062,2025-07-30,6.01,17.4,29.0,5,97.1,0.83,3.44,5,275,88,79,122,111,1,5
USER062,2025-07-31,5.35,16.6,32.6,3,98.7,0.82,4.58,3,247,71,87,74,8,5,4
USER062,2025-08-01,7.0,33.7,32.8,1,97.2,0.79,7.17,2,246,71,77,93,28,2,6
USER062,2025-08-02,8.47,19.4,34.9,1,97.0,1.33,6.15,3,336,62,67,104,16,4,4
USER062,2025-08-03,6.69,26.1,20.0,2,95.5,1.77,5.12,2,295,76,91,126,12,4,5
USER062,2025-08-04,5.05,34.5,37.9,2,95.2,0.72,2.77,3,360,81,76,47,0,5,6
USER062,2025-08-05,5.31,29.9,16.4,0,88.7,0.82,1.72,4,278,75,61,85,7,7,5
USER062,2025-08-06,6.24,19.7,19.8,2,99.1,0.74,4.61,4,200,85,70,52,14,2,3
USER062,2025-08-07,7.11,14.6,36.4,5,94.5,1.21,7.42,2,353,83,100,96,63,6,6
USER062,2025-08-08,6.1,28.6,38.0,3,88.3,0.76,4.65,1,324,78,95,196,55,3,7
USER062,2025-08-09,8.32,20.9,29.4,4,88.9,1.45,5.33,0,260,60,88,121,55,2,6
USER062,2025-08-10,8.6,16.2,26.6,0,91.8,1.15,4.87,0,310,58,89,194,19,2,6
USER062,2025-08-11,5.49,24.6,25.0,1,99.2,0.66,5.45,2,242,83,88,40,32,3,5
USER062,2025-08-12,7.57,18.7,31.5,1,96.5,0.88,6.05,4,324,82,71,11,14,3,5
USER062,2025-08-13,6.06,29.8,32.2,0,94.3,0.82,7.3,2,225,86,81,52,23,4,7
USER062,2025-08-14,6.81,32.3,28.4,4,89.8,0.55,5.12,4,253,87,73,78,7,6,2
USER062,2025-08-15,5.96,14.6,29.6,2,97.1,1.23,2.89,4,267,86,80,61,11,6,8
USER062,2025-08-16,6.97,37.4,29.2,2,91.5,1.7,3.55,9,255,84,79,231,27,5,8
USER062,2025-08-17,6.78,34.8,32.3,0,94.5,1.81,7.03,6,270,75,85,47,5,4,5
USER062,2025-08-18,4.0,20.2,29.9,2,94.5,0.96,3.07,0,348,80,37,25,63,5,5
USER062,2025-08-19,7.87,25.1,26.8,3,88.6,1.43,6.85,3,272,99,65,26,44,3,5
USER062,2025-08-20,5.6,20.1,37.8,4,96.7,0.52,5.77,3,226,89,82,70,3,3,6
USER062,2025-08-21,5.46,22.6,27.1,6,97.1,1.25,5.53,4,328,67,100,26,28,3,4
USER062,2025-08-22,7.66,28.2,25.4,4,92.7,0.82,4.94,5,354,90,71,59,12,2,5
USER062,2025-08-23,7.44,33.3,38.0,3,94.2,2.06,6.81,3,238,69,94,146,12,3,7
USER062,2025-08-24,7.83,25.1,26.0,0,90.2,1.27,5.42,1,332,74,78,52,5,3,5
USER062,2025-08-25,6.24,24.1,28.0,0,98.2,1.44,6.01,4,327,83,68,50,8,3,6
USER062,2025-08-26,7.86,16.8,26.2,1,92.9,1.25,3.35,7,283,93,79,36,50,4,6
USER062,2025-08-27,5.19,28.0,26.2,0,95.4,1.0,2.21,2,234,78,79,129,8,5,5
USER062,2025-08-28,6.09,19.0,18.5,1,95.9,0.55,6.22,5,269,91,65,49,120,2,7
USER062,2025-08-29,4.88,15.0,16.7,5,85.8,1.06,4.1,3,274,79,82,41,7,3,3
USER062,2025-08-30,7.09,14.4,33.4,1,87.2,1.1,6.52,6,294,77,61,180,20,4,4
USER062,2025-08-31,7.2,35.0,28.5,2,96.9,1.16,3.41,3,320,78,87,79,1,2,8
USER062,2025-09-01,4.49,27.0,28.6,2,81.3,0.98,3.01,0,289,76,56,81,71,3,2
USER062,2025-09-02,6.34,24.1,29.6,2,91.0,0.63,8.16,3,221,94,85,23,0,4,7
USER062,2025-09-03,4.96,21.8,21.2,3,98.4,1.07,6.2,1,313,76,92,168,22,4,6
USER062,2025-09-04,6.43,23.4,25.5,5,98.3,1.24,7.05,2,239,99,78,18,38,3,6
USER062,2025-09-05,6.05,26.1,18.9,5,89.6,0.75,5.13,6,329,82,92,51,26,7,7
USER062,2025-09-06,7.51,18.3,28.7,4,93.0,1.55,6.85,3,315,66,82,111,1,7,7
USER062,2025-09-07,6.66,16.0,21.7,2,92.9,1.59,6.99,0,251,83,82,46,10,5,6
USER062,2025-09-08,6.31,17.6,35.1,3,96.4,0.89,5.0,4,350,93,81,195,14,2,6
USER062,2025-09-09,7.28,16.5,36.4,3,95.2,1.3,5.45,5,235,86,85,49,30,4,5
USER062,2025-09-10,5.91,18.8,35.3,1,98.0,0.82,4.86,0,330,89,100,277,9,1,7
USER062,2025-09-11,6.52,14.7,26.1,4,89.9,0.75,7.57,3,269,92,100,55,17,2,6
USER062,2025-09-12,8.54,16.4,29.1,0,89.4,1.14,1.84,2,328,60,78,22,16,7,1
USER062,2025-09-13,7.23,16.7,29.0,5,94.7,2.27,8.02,1,201,94,98,48,20,2,7
USER062,2025-09-14,9.9,33.4,31.3,2,97.8,2.09,2.03,0,365,44,76,217,1,5,4
USER062,2025-09-15,5.81,33.4,27.7,1,97.8,0.81,5.14,2,214,78,90,32,3,3,5
USER062,2025-09-16,4.08,30.0,20.2,1,97.0,1.16,5.08,2,382,71,76,288,20,6,2
USER062,2025-09-17,4.57,35.9,31.1,0,84.6,0.61,5.75,3,281,58,77,159,50,6,7
USER062,2025-09-18,6.15,19.6,27.6,0,93.1,1.27,6.75,4,328,78,100,164,3,5,6
USER062,2025-09-19,4.87,20.4,34.3,2,94.6,1.43,5.62,2,271,61,96,59,25,3,6
USER062,2025-09-20,8.33,29.6,17.9,0,92.9,2.02,4.16,0,225,52,96,44,5,3,7
USER062,2025-09-21,5.73,17.8,18.1,0,95.7,2.6,4.95,2,239,87,86,325,35,2,5
USER062,2025-09-22,5.83,22.7,25.7,1,89.5,1.28,5.29,2,200,91,100,154,16,2,5
USER062,2025-09-23,4.63,32.7,27.8,5,93.0,0.69,2.73,0,278,53,70,116,79,4,5
USER062,2025-09-24,6.37,25.6,31.5,4,99.3,0.99,5.81,4,261,64,80,194,1,3,5
USER062,2025-09-25,5.04,24.1,19.7,1,96.4,0.87,6.79,1,289,93,72,73,18,5,3
USER062,2025-09-26,7.61,31.8,30.3,3,92.9,0.77,5.04,11,274,69,97,42,10,6,5
USER062,2025-09-27,8.15,29.3,32.0,1,88.6,1.26,3.89,2,319,62,90,116,3,3,5
USER062,2025-09-28,6.36,21.8,18.9,1,93.7,2.35,3.78,7,264,96,88,158,1,5,7
USER062,2025-09-29,5.45,24.2,17.3,3,89.5,1.38,5.2,4,376,78,75,481,73,6,6
USER062,2025-09-30,4.99,35.0,22.8,1,95.1,1.09,3.49,1,277,73,70,71,27,6,5
USER062,2025-10-01,5.35,25.9,26.1,3,96.7,1.0,7.75,2,302,94,90,140,13,2,3
USER062,2025-10-02,5.85,16.9,24.1,2,95.9,0.58,4.29,5,243,87,92,129,1,5,6
USER062,2025-10-03,4.26,37.9,32.4,1,85.4,1.32,2.39,0,307,72,64,41,19,5,5
USER062,2025-10-04,7.61,20.4,34.8,1,94.0,1.91,5.42,0,282,80,81,29,1,1,5
USER062,2025-10-05,7.36,33.6,19.3,0,95.9,2.39,6.26,1,312,81,77,76,29,4,4
USER062,2025-10-06,6.76,25.4,29.6,0,95.2,1.42,5.63,6,309,61,100,35,7,3,5
USER062,2025-10-07,7.52,26.0,20.0,5,86.2,0.6,5.04,1,312,97,95,55,46,4,6
USER062,2025-10-08,7.36,34.1,24.8,1,88.1,1.31,5.96,2,210,80,100,95,67,2,8
USER062,2025-10-09,5.41,43.7,27.1,5,97.2,0.55,5.58,4,249,93,82,44,3,3,8
USER062,2025-10-10,6.81,26.9,22.4,0,97.2,1.14,7.83,2,277,77,99,51,3,3,3
USER062,2025-10-11,6.93,37.9,25.8,3,94.7,1.14,6.52,2,319,83,81,22,12,2,5
USER062,2025-10-12,6.25,24.0,17.1,2,95.5,1.61,4.07,1,200,82,98,29,14,3,5
USER062,2025-10-13,6.31,22.2,35.3,1,93.0,0.94,4.66,6,302,99,78,23,16,5,7
USER062,2025-10-14,4.51,30.1,22.1,3,94.3,1.23,3.93,1,338,67,68,98,30,5,5
USER062,2025-10-15,4.0,23.0,19.8,2,95.2,1.43,3.04,1,200,83,65,40,49,4,7
USER062,2025-10-16,4.37,27.2,13.9,3,95.8,1.03,3.7,0,341,72,61,20,20,2,5
USER062,2025-10-17,7.17,34.5,37.9,1,94.6,0.82,5.78,5,312,91,84,57,35,2,4
USER062,2025-10-18,7.37,21.9,23.6,0,97.8,2.6,7.08,1,314,55,58,84,5,5,8
USER062,2025-10-19,6.06,18.8,28.4,1,97.4,2.1,4.45,4,243,89,98,107,6,2,6
USER062,2025-10-20,6.64,37.1,22.2,5,93.5,0.97,6.48,1,353,78,92,145,29,4,6
USER062,2025-10-21,6.69,18.6,29.6,3,94.0,1.07,5.21,4,200,85,87,54,35,3,4
USER062,2025-10-22,7.0,34.8,24.3,4,97.7,0.82,5.89,3,250,88,87,267,4,5,7
USER062,2025-10-23,6.16,16.1,27.5,0,94.0,0.79,6.08,5,287,75,80,54,27,3,6
USER062,2025-10-24,5.86,22.3,37.5,2,92.1,0.63,3.18,3,265,80,79,156,23,6,5
USER062,2025-10-25,8.12,22.9,23.8,3,97.7,1.09,5.03,3,266,67,91,45,7,7,4
USER062,2025-10-26,7.91,22.8,23.8,1,97.1,1.97,4.28,2,325,91,89,62,8,2,7
USER062,2025-10-27,6.64,17.4,40.1,1,97.9,0.52,4.19,3,250,86,79,87,11,3,7
USER062,2025-10-28,6.67,29.6,34.9,3,91.4,1.0,6.1,4,240,89,96,160,10,4,4
USER062,2025-10-29,5.91,29.9,19.4,1,94.6,1.48,7.12,2,262,87,70,101,36,2,7
USER062,2025-10-30,5.97,15.7,36.4,2,89.2,1.26,3.45,3,242,77,79,115,3,5,4
USER062,2025-10-31,5.44,20.3,37.1,2,95.8,0.97,6.48,4,319,78,72,184,4,2,5
USER062,2025-11-01,7.36,23.8,27.0,1,98.3,2.63,7.45,1,322,85,90,84,10,6,7
USER062,2025-11-02,5.92,19.9,20.2,4,91.5,1.39,4.84,4,215,79,100,43,14,3,5
USER062,2025-11-03,5.7,21.6,27.5,5,94.8,0.72,3.62,5,233,74,80,45,43,1,6
USER062,2025-11-04,5.52,19.0,32.4,1,98.1,1.1,6.6,2,280,70,89,39,2,6,7
USER062,2025-11-05,4.61,19.3,26.6,2,90.0,1.22,6.42,3,287,70,74,29,48,6,6
USER062,2025-11-06,5.78,21.1,24.8,1,90.4,1.49,6.21,3,323,72,92,142,9,3,5
USER063,2025-07-10,7.4,18.6,26.4,0,96.5,23.98,5.97,3,306,79,90,145,3,4,6
USER063,2025-07-11,6.77,37.5,25.4,2,94.8,23.8,6.27,5,317,83,68,307,7,6,8
USER063,2025-07-12,8.07,16.0,21.8,2,94.8,23.62,5.35,5,274,68,91,104,27,7,7
USER063,2025-07-13,8.7,33.0,29.0,2,86.2,24.73,7.32,3,334,67,70,55,6,3,5
USER063,2025-07-14,8.54,30.6,30.7,0,94.7,23.14,5.45,4,253,74,83,57,18,1,5
USER063,2025-07-15,5.37,12.2,33.9,1,91.5,23.44,3.29,0,253,67,78,131,50,5,5
USER063,2025-07-16,8.69,18.3,27.8,1,97.1,23.84,4.55,3,253,86,69,45,90,4,4
USER063,2025-07-17,7.72,25.5,27.7,4,91.1,23.63,4.6,7,310,100,100,135,24,5,5
USER063,2025-07-18,5.89,25.9,19.2,1,87.1,23.12,6.41,1,464,81,72,144,4,7,8
USER063,2025-07-19,8.75,21.1,31.9,0,95.0,24.55,2.91,3,337,53,67,43,43,6,3
USER063,2025-07-20,8.43,16.1,39.1,0,97.3,24.15,4.62,4,323,62,87,53,0,3,4
USER063,2025-07-21,6.56,29.1,31.9,3,93.9,23.67,5.97,2,270,73,82,40,0,5,5
USER063,2025-07-22,8.13,12.3,27.7,2,93.4,23.48,7.82,4,247,77,75,59,13,6,6
USER063,2025-07-23,8.94,28.1,13.1,5,96.1,23.04,4.25,1,312,78,75,180,14,5,4
USER063,2025-07-24,6.65,21.8,32.8,2,91.4,23.11,4.32,3,278,80,79,161,2,4,8
USER063,2025-07-25,5.61,25.2,18.1,2,98.2,23.58,3.02,2,315,73,52,82,25,2,4
USER063,2025-07-26,7.76,17.3,30.8,4,96.6,25.34,6.96,5,271,93,94,22,14,4,6
USER063,2025-07-27,9.31,32.0,29.1,0,91.4,25.42,2.58,1,312,70,87,87,8,6,8
USER063,2025-07-28,8.29,27.2,20.2,3,95.6,23.07,4.65,7,275,84,99,136,31,5,5
USER063,2025-07-29,7.87,23.6,26.2,2,92.8,23.21,4.2,8,312,82,73,128,6,6,5
USER063,2025-07-30,5.43,16.8,39.6,3,94.0,23.37,3.03,1,388,61,58,155,11,4,6
USER063,2025-07-31,8.93,21.7,26.9,0,99.7,23.85,3.4,3,293,72,80,154,65,4,7
USER063,2025-08-01,6.66,15.9,23.9,1,94.7,23.98,5.11,1,265,79,89,81,26,4,5
USER063,2025-08-02,8.29,36.6,28.0,4,93.7,24.79,4.18,5,315,90,77,253,11,2,6
USER063,2025-08-03,8.86,23.8,17.4,3,98.7,23.66,5.34,1,299,68,59,163,4,4,7
USER063,2025-08-04,6.41,30.9,23.1,3,97.5,23.4,5.59,4,276,71,81,70,28,4,6
USER063,2025-08-05,7.57,24.2,19.2,3,84.2,23.74,5.62,3,242,99,84,113,11,4,6
USER063,2025-08-06,8.11,31.5,30.3,3,96.5,23.55,6.22,6,200,87,87,63,14,3,6
USER063,2025-08-07,7.32,23.5,32.2,3,97.5,23.02,5.5,5,232,86,88,11,99,6,7
USER063,2025-08-08,7.13,31.6,36.8,2,92.7,23.4,7.32,4,200,68,91,200,63,3,6
USER063,2025-08-09,7.8,31.0,24.7,2,86.7,24.82,3.48,7,277,94,95,59,7,5,6
USER063,2025-08-10,9.22,23.3,26.9,0,88.7,23.75,3.65,1,262,66,67,133,4,5,6
USER063,2025-08-11,8.45,23.3,35.1,2,99.0,23.14,3.88,6,276,79,75,204,10,5,3
USER063,2025-08-12,7.6,19.5,31.2,2,90.8,23.02,5.18,4,200,100,87,239,7,5,6
USER063,2025-08-13,7.15,21.7,15.9,1,94.6,23.26,4.22,8,363,91,76,185,36,2,6
USER063,2025-08-14,8.93,27.9,29.9,2,94.9,23.26,6.17,1,283,80,79,38,53,6,4
USER063,2025-08-15,6.55,33.6,20.2,4,96.3,23.81,4.43,6,305,76,62,113,0,4,6
USER063,2025-08-16,8.55,19.1,19.5,5,97.8,25.01,3.02,4,200,92,91,16,0,2,5
USER063,2025-08-17,8.42,18.1,24.5,2,97.8,24.48,6.56,3,207,87,82,69,1,4,3
USER063,2025-08-18,9.39,20.7,31.3,2,90.0,23.89,4.39,0,332,73,81,87,1,4,7
USER063,2025-08-19,8.1,28.7,37.8,0,97.7,23.27,4.63,1,362,86,71,200,57,5,7
USER063,2025-08-20,6.43,14.9,33.7,0,94.4,23.45,6.39,2,312,65,69,134,0,4,4
USER063,2025-08-21,7.9,34.1,34.4,1,97.1,23.05,4.68,4,261,89,70,32,11,6,6
USER063,2025-08-22,7.39,24.4,38.7,3,94.7,23.83,7.41,4,321,82,91,18,22,7,8
USER063,2025-08-23,8.27,26.1,30.9,1,98.5,24.75,3.79,2,309,92,100,112,0,5,5
USER063,2025-08-24,7.94,36.6,21.8,2,93.3,24.79,2.78,3,346,79,68,146,48,4,6
USER063,2025-08-25,6.34,23.7,30.1,2,90.6,23.73,4.91,5,306,47,71,212,1,6,4
USER063,2025-08-26,6.89,26.4,20.1,0,95.7,23.51,5.2,2,284,80,100,260,2,3,4
USER063,2025-08-27,5.83,17.2,27.9,2,96.0,23.68,5.9,4,341,83,84,137,2,3,4
USER063,2025-08-28,6.72,37.4,33.0,0,95.9,23.04,4.88,3,319,77,71,150,3,6,6
USER063,2025-08-29,7.74,20.7,33.7,0,97.6,23.41,5.23,6,200,70,84,64,31,6,6
USER063,2025-08-30,8.23,16.9,34.1,1,97.0,24.08,5.52,4,232,100,73,90,10,4,4
USER063,2025-08-31,8.08,20.5,24.4,3,94.8,24.16,5.56,0,216,86,73,78,10,2,8
USER063,2025-09-01,5.83,14.8,15.1,2,88.8,23.71,5.18,2,319,61,71,68,9,3,6
USER063,2025-09-02,10.02,17.8,27.2,2,99.8,23.41,4.67,1,349,37,79,187,40,5,6
USER063,2025-09-03,7.2,18.6,26.6,1,97.8,23.92,4.44,6,223,81,100,159,18,3,5
USER063,2025-09-04,6.04,34.3,24.7,2,94.0,23.52,6.96,3,367,66,93,149,14,2,3
USER063,2025-09-05,6.08,32.5,23.7,3,93.5,23.1,7.19,1,263,65,85,181,9,4,5
USER063,2025-09-06,10.4,20.6,29.2,1,95.3,24.82,3.71,0,327,70,55,44,7,3,5
USER063,2025-09-07,7.72,15.4,33.9,0,88.7,24.89,7.9,4,263,91,79,248,2,3,4
USER063,2025-09-08,6.35,19.6,24.3,2,90.6,23.68,4.62,5,256,85,62,52,44,7,5
USER063,2025-09-09,5.4,30.0,21.5,0,93.7,23.22,3.55,2,317,49,70,142,11,1,5
USER063,2025-09-10,8.84,25.0,29.6,2,97.2,23.48,6.42,2,308,74,99,142,9,2,4
USER063,2025-09-11,9.34,17.0,23.6,3,92.5,23.52,5.39,3,294,87,98,45,23,3,6
USER063,2025-09-12,7.84,27.6,29.5,4,96.8,23.53,5.06,2,226,78,74,174,6,3,6
USER063,2025-09-13,8.49,14.1,15.1,2,95.9,24.43,7.01,5,247,98,80,55,5,5,5
USER063,2025-09-14,8.06,31.3,21.5,3,90.8,24.15,4.89,7,216,76,92,228,0,4,4
USER063,2025-09-15,8.16,24.1,24.3,2,96.6,23.48,7.13,10,311,85,100,288,23,2,6
USER063,2025-09-16,9.08,22.9,35.9,0,97.2,23.85,2.74,2,208,57,79,134,57,2,7
USER063,2025-09-17,8.12,31.7,30.1,1,96.4,23.89,3.0,6,206,81,97,51,9,6,5
USER063,2025-09-18,7.27,28.1,32.7,1,91.2,23.44,4.58,2,289,67,77,79,8,3,5
USER063,2025-09-19,6.02,29.9,37.3,1,96.9,23.38,4.35,3,308,62,92,190,10,4,3
USER063,2025-09-20,10.98,29.0,39.8,4,96.7,24.06,3.58,0,324,88,56,109,80,5,4
USER063,2025-09-21,8.56,18.7,31.8,2,98.7,25.12,7.5,1,209,78,84,41,7,4,5
USER063,2025-09-22,8.52,33.9,22.8,2,94.6,23.67,8.94,1,341,82,92,98,0,3,5
USER063,2025-09-23,6.35,32.4,19.0,6,98.9,23.82,5.62,4,319,77,80,165,9,3,6
USER063,2025-09-24,8.52,18.5,26.5,3,93.0,23.68,6.66,4,348,73,65,56,11,3,6
USER063,2025-09-25,8.53,17.2,27.9,2,97.0,23.49,6.09,3,218,94,74,49,111,5,7
USER063,2025-09-26,8.94,18.3,28.4,6,95.5,23.86,6.85,2,276,69,76,23,19,3,5
USER063,2025-09-27,6.82,17.0,32.3,3,91.4,23.65,6.59,4,355,91,85,88,20,4,6
USER063,2025-09-28,9.96,15.8,25.1,0,84.2,24.64,3.28,2,342,75,71,10,8,2,3
USER063,2025-09-29,6.51,18.4,33.7,3,97.0,23.95,4.91,2,305,64,83,43,19,5,5
USER063,2025-09-30,9.58,33.4,29.9,0,93.9,23.68,3.97,6,319,64,87,259,40,3,3
USER063,2025-10-01,8.67,20.2,29.0,1,95.9,23.96,4.89,4,406,88,85,25,47,1,5
USER063,2025-10-02,5.62,31.0,27.0,3,86.9,23.57,5.25,0,210,79,84,58,17,5,6
USER063,2025-10-03,6.7,36.4,20.8,0,94.8,23.34,5.76,3,273,83,96,155,31,3,8
USER063,2025-10-04,7.8,26.4,19.1,3,91.6,24.04,7.08,1,227,63,100,58,33,2,8
USER063,2025-10-05,8.19,17.7,26.8,0,89.7,25.36,8.09,4,350,90,76,211,6,6,6
USER063,2025-10-06,6.83,18.5,22.6,2,97.1,23.81,5.81,3,338,58,80,42,19,3,8
USER063,2025-10-07,9.01,25.0,32.0,2,91.5,23.2,5.67,2,216,68,61,444,64,2,4
USER063,2025-10-08,6.05,19.4,32.3,2,96.3,23.93,4.32,0,250,94,81,123,75,2,7
USER063,2025-10-09,7.42,28.2,25.9,4,92.3,23.54,7.07,4,294,84,81,98,5,5,3
USER063,2025-10-10,7.17,19.6,42.0,0,97.1,23.71,5.16,3,313,98,79,113,4,3,4
USER063,2025-10-11,8.72,20.4,17.9,1,92.7,24.46,0.0,8,331,80,77,23,13,4,4
USER063,2025-10-12,9.5,29.0,31.1,2,91.6,24.23,5.49,2,259,68,79,14,7,4,5
USER063,2025-10-13,8.38,18.0,19.6,0,94.2,23.87,6.31,4,360,80,79,121,8,6,7
USER063,2025-10-14,8.31,26.5,33.8,3,94.3,23.54,5.66,5,228,68,96,43,2,4,5
USER063,2025-10-15,7.49,24.4,18.2,3,94.6,23.01,6.23,6,215,92,81,43,9,4,8
USER063,2025-10-16,7.91,24.1,36.9,3,94.4,23.5,4.87,4,252,100,75,305,4,5,5
USER063,2025-10-17,6.71,21.9,36.8,4,96.3,23.64,6.19,5,337,74,79,139,51,3,8
USER063,2025-10-18,7.85,15.9,30.7,4,97.3,23.7,5.51,7,264,86,100,34,12,4,4
USER063,2025-10-19,8.83,30.3,28.8,2,95.4,25.27,7.67,4,345,74,84,15,2,2,7
USER063,2025-10-20,5.66,25.2,30.0,2,87.0,23.7,4.97,0,270,59,75,31,9,6,4
USER063,2025-10-21,7.88,32.8,29.9,3,93.9,23.13,6.35,2,260,100,96,240,0,1,8
USER063,2025-10-22,8.29,32.3,28.0,3,95.6,23.82,5.11,4,200,93,82,51,11,1,8
USER063,2025-10-23,7.41,29.2,26.4,6,92.9,23.48,6.98,3,303,80,100,20,35,4,5
USER063,2025-10-24,6.84,13.4,29.3,2,94.9,23.41,5.25,4,304,94,87,96,14,3,8
USER063,2025-10-25,8.01,31.5,25.8,5,87.5,23.8,4.99,1,322,77,82,123,14,7,5
USER063,2025-10-26,9.13,20.6,30.5,3,95.1,23.89,1.93,1,344,76,85,150,1,4,4
USER063,2025-10-27,8.18,21.0,32.1,4,98.6,23.91,6.13,2,227,76,75,104,0,6,5
USER063,2025-10-28,6.76,31.1,26.6,3,92.3,23.8,6.1,3,360,93,61,142,8,1,7
USER063,2025-10-29,8.92,23.6,37.4,0,93.6,23.69,5.98,4,293,81,67,278,23,4,4
USER063,2025-10-30,8.55,27.2,30.2,3,93.1,23.58,3.76,4,343,88,74,124,12,5,6
USER063,2025-10-31,6.89,18.2,27.8,2,92.4,23.69,9.27,4,305,89,97,80,30,4,2
USER063,2025-11-01,7.51,28.4,28.8,3,97.4,24.22,4.78,6,209,88,77,63,4,4,4
USER063,2025-11-02,6.95,18.0,24.0,2,96.6,25.1,4.36,3,322,85,57,79,22,2,6
USER063,2025-11-03,6.34,23.5,25.3,2,99.2,23.28,3.48,2,404,62,66,42,54,6,6
USER063,2025-11-04,6.9,19.0,27.9,3,86.8,23.0,3.22,3,250,73,70,157,42,2,4
USER063,2025-11-05,7.09,25.3,35.4,2,97.7,23.38,2.78,7,335,69,99,110,24,5,6
USER063,2025-11-06,8.98,35.4,21.0,3,97.7,23.39,4.48,5,229,67,77,202,20,3,7
USER064,2025-07-10,9.17,22.5,24.4,2,88.6,21.63,3.83,3,259,81,79,262,31,3,4
USER064,2025-07-11,6.29,31.3,34.1,2,92.4,21.89,3.77,2,313,70,74,52,1,5,3
USER064,2025-07-12,8.5,13.0,23.2,2,91.7,22.55,5.79,1,352,75,97,74,16,7,5
USER064,2025-07-13,10.04,20.8,21.9,2,94.1,23.32,3.74,1,309,71,84,117,22,2,4
USER064,2025-07-14,8.95,36.5,23.2,1,90.1,21.68,4.95,1,294,70,89,38,6,4,7
USER064,2025-07-15,6.27,19.0,22.8,0,94.8,22.25,5.43,2,310,77,78,61,25,6,7
USER064,2025-07-16,8.52,27.4,34.6,1,96.8,22.26,4.21,5,216,67,63,73,45,2,7
USER064,2025-07-17,8.1,17.9,21.5,1,91.1,22.28,5.92,3,291,65,94,93,3,5,6
USER064,2025-07-18,7.57,22.3,22.5,3,91.7,21.67,4.48,2,264,69,77,151,2,5,6
USER064,2025-07-19,8.44,30.8,22.2,1,92.7,23.49,5.12,6,272,91,98,103,34,4,5
USER064,2025-07-20,10.78,28.2,34.8,1,96.6,23.25,4.34,0,363,56,83,1,0,3,7
USER064,2025-07-21,8.78,25.0,24.0,1,84.6,21.93,5.74,5,268,84,80,99,12,3,6
USER064,2025-07-22,6.86,24.8,23.6,1,98.1,22.24,4.78,3,301,72,84,78,10,1,5
USER064,2025-07-23,6.05,26.4,22.2,1,98.5,22.03,5.58,4,255,59,67,273,10,3,7
USER064,2025-07-24,5.89,14.2,30.4,1,93.6,21.61,7.65,2,380,64,86,169,31,6,4
USER064,2025-07-25,7.57,32.5,20.2,0,90.4,22.47,5.83,4,312,80,82,184,3,4,7
USER064,2025-07-26,8.46,31.6,24.1,1,98.4,22.53,3.0,5,275,83,82,76,31,4,4
USER064,2025-07-27,7.03,21.4,24.2,2,94.9,22.73,6.6,3,300,76,87,129,0,3,5
USER064,2025-07-28,9.5,24.0,29.7,2,91.2,22.41,6.21,4,301,68,84,86,14,2,6
USER064,2025-07-29,6.21,15.9,26.4,1,91.5,22.06,5.57,1,254,57,66,50,8,3,7
USER064,2025-07-30,8.21,18.7,21.8,0,97.8,21.66,6.41,8,340,59,94,79,5,6,8
USER064,2025-07-31,6.86,11.3,30.9,1,90.2,21.52,3.99,1,206,58,71,24,18,5,6
USER064,2025-08-01,6.06,27.4,28.9,4,97.7,22.26,4.33,1,288,56,58,161,10,6,5
USER064,2025-08-02,7.63,27.9,40.3,2,98.0,22.56,4.81,3,309,80,72,160,30,4,8
USER064,2025-08-03,7.06,22.5,19.8,0,91.0,22.76,4.53,5,202,60,93,209,9,3,7
USER064,2025-08-04,8.19,27.3,13.0,3,96.2,22.36,8.22,5,200,85,86,86,6,2,6
USER064,2025-08-05,6.87,27.9,36.4,4,95.7,21.63,8.57,3,279,100,65,136,12,5,7
USER064,2025-08-06,7.27,19.9,20.2,2,96.1,22.09,4.89,2,279,82,83,20,5,4,8
USER064,2025-08-07,7.59,25.9,35.1,1,96.7,22.2,5.74,4,200,87,100,34,15,4,4
USER064,2025-08-08,10.2,18.9,24.7,1,89.8,22.34,3.67,0,270,59,86,19,5,6,8
USER064,2025-08-09,9.32,16.7,23.9,4,97.0,23.17,6.67,3,306,76,91,95,4,3,6
USER064,2025-08-10,7.47,32.9,24.3,0,97.3,23.05,7.15,6,289,74,72,81,11,2,5
USER064,2025-08-11,7.85,23.5,36.0,1,88.3,21.72,4.0,4,275,83,95,59,3,5,7
USER064,2025-08-12,5.1,20.2,21.8,7,94.5,22.48,5.78,0,370,50,55,379,27,3,4
USER064,2025-08-13,6.63,17.6,29.1,0,97.3,21.9,5.63,2,348,73,88,114,77,4,5
USER064,2025-08-14,9.04,24.9,27.4,2,89.0,21.77,5.36,1,376,76,71,60,13,5,4
USER064,2025-08-15,8.26,35.2,26.3,2,94.9,21.76,5.77,5,253,91,79,156,13,4,6
USER064,2025-08-16,8.38,20.7,26.2,2,89.6,23.01,3.79,5,200,70,84,75,4,2,5
USER064,2025-08-17,9.56,16.7,26.8,1,95.7,23.06,5.63,5,224,82,69,76,8,3,4
USER064,2025-08-18,8.72,27.4,16.7,1,87.2,21.55,6.29,6,244,79,56,191,1,3,7
USER064,2025-08-19,5.6,22.5,20.4,1,95.0,21.72,6.75,1,325,45,77,105,1,6,7
USER064,2025-08-20,6.1,15.1,19.4,3,87.4,22.33,3.01,1,346,65,64,151,3,4,3
USER064,2025-08-21,6.44,18.3,33.0,2,99.8,21.89,6.48,1,262,76,68,132,75,6,5
USER064,2025-08-22,8.4,25.3,32.7,1,97.4,21.62,4.58,7,324,84,88,21,1,1,6
USER064,2025-08-23,10.31,15.0,26.8,1,93.5,23.61,3.9,1,354,65,52,142,41,3,3
USER064,2025-08-24,8.89,19.0,18.3,3,88.5,22.36,3.52,4,322,89,88,70,23,1,3
USER064,2025-08-25,7.09,31.0,42.6,0,97.7,21.64,6.83,5,257,70,84,56,6,3,6
USER064,2025-08-26,7.18,19.7,22.8,0,89.1,22.38,4.79,2,367,89,90,21,0,4,6
USER064,2025-08-27,6.04,25.7,22.0,1,94.2,22.05,5.37,2,261,83,57,157,68,4,4
USER064,2025-08-28,7.93,22.6,25.1,0,93.7,21.75,5.65,2,264,93,100,81,7,5,8
USER064,2025-08-29,5.92,19.4,34.5,3,96.1,22.23,1.99,1,370,81,91,44,31,4,5
USER064,2025-08-30,7.17,24.2,19.5,2,96.2,23.03,7.91,1,307,81,99,325,16,4,6
USER064,2025-08-31,9.29,31.6,17.0,1,99.2,22.16,5.15,3,259,75,77,121,28,3,4
USER064,2025-09-01,5.38,18.4,33.9,1,88.9,21.75,1.89,0,434,72,71,34,15,2,5
USER064,2025-09-02,6.97,31.2,36.7,0,91.0,21.55,6.54,0,200,95,74,141,12,4,5
USER064,2025-09-03,7.99,24.9,23.8,1,98.6,21.65,8.22,2,291,94,100,7,15,3,5
USER064,2025-09-04,7.28,26.5,35.3,4,90.0,22.04,4.08,4,303,78,59,25,19,3,6
USER064,2025-09-05,8.3,17.4,21.9,2,90.5,22.27,6.98,3,322,96,80,65,25,4,5
USER064,2025-09-06,9.97,19.8,28.2,2,97.7,23.67,7.12,4,271,68,67,159,25,7,5
USER064,2025-09-07,9.15,16.6,36.9,2,98.0,22.41,5.93,5,226,76,80,46,23,3,6
USER064,2025-09-08,7.49,16.0,27.9,3,89.3,21.83,4.91,3,202,97,80,181,66,1,4
USER064,2025-09-09,7.02,15.7,26.3,5,88.8,21.91,8.73,7,226,92,92,22,20,4,5
USER064,2025-09-10,5.46,32.8,24.3,2,92.5,22.19,5.65,0,376,73,66,25,12,3,4
USER064,2025-09-11,8.27,16.2,22.3,4,97.5,22.41,5.23,7,258,100,98,53,16,3,6
USER064,2025-09-12,7.44,23.5,34.5,3,91.9,21.71,4.29,4,305,75,90,38,7,3,4
USER064,2025-09-13,7.51,23.5,19.9,3,94.0,23.6,7.06,6,364,91,74,82,3,3,7
USER064,2025-09-14,9.64,29.6,36.1,4,99.0,22.67,8.96,0,235,70,77,79,19,3,6
USER064,2025-09-15,9.42,20.1,34.8,3,89.9,21.7,3.22,3,241,76,77,17,11,4,4
USER064,2025-09-16,6.54,15.1,30.9,1,95.7,21.75,4.18,2,296,100,73,70,12,4,6
USER064,2025-09-17,8.57,20.4,19.1,0,95.1,21.99,4.84,2,307,81,78,117,25,6,4
USER064,2025-09-18,6.35,31.5,19.5,1,97.2,22.41,5.45,3,243,82,58,95,33,9,5
USER064,2025-09-19,5.69,19.2,16.8,3,99.5,21.85,5.51,0,289,82,54,67,0,4,7
USER064,2025-09-20,9.3,13.5,36.0,3,86.7,22.93,5.51,3,301,64,80,109,14,3,5
USER064,2025-09-21,6.88,15.2,20.6,3,91.6,22.61,4.13,3,301,72,71,80,19,4,7
USER064,2025-09-22,7.37,19.8,22.0,3,87.3,21.7,4.46,7,313,87,78,72,9,3,6
USER064,2025-09-23,7.56,31.0,27.3,3,92.7,21.92,4.83,2,291,100,70,108,14,3,5
USER064,2025-09-24,8.02,34.6,24.7,1,96.8,22.08,4.89,3,224,92,61,87,13,3,5
USER064,2025-09-25,6.84,40.9,25.2,1,92.9,22.41,5.68,5,215,78,79,44,33,4,3
USER064,2025-09-26,8.43,11.8,24.1,3,96.7,21.69,6.81,2,236,84,76,177,3,5,7
USER064,2025-09-27,9.3,31.5,33.2,1,98.9,23.32,6.12,3,263,69,72,50,13,5,6
USER064,2025-09-28,10.11,25.9,33.1,2,95.4,23.54,2.22,1,317,53,60,207,34,7,4
USER064,2025-09-29,6.61,31.4,33.4,0,92.5,21.63,5.06,5,348,70,83,52,22,3,7
USER064,2025-09-30,7.87,19.3,26.1,5,98.8,21.89,5.58,1,239,82,82,124,46,5,5
USER064,2025-10-01,7.53,29.7,19.5,6,98.1,22.47,5.88,5,303,76,79,31,0,4,4
USER064,2025-10-02,9.74,16.7,26.5,0,94.5,22.13,5.31,1,334,80,67,135,29,4,7
USER064,2025-10-03,8.4,26.2,20.3,2,99.3,22.05,8.23,2,254,92,93,38,16,3,5
USER064,2025-10-04,8.14,12.9,26.6,0,96.6,23.71,6.9,1,236,74,95,82,13,5,4
USER064,2025-10-05,9.77,27.0,26.2,0,90.7,23.46,6.89,3,439,63,67,86,3,2,4
USER064,2025-10-06,7.58,17.0,28.2,4,95.5,22.12,6.54,3,232,89,58,251,0,3,5
USER064,2025-10-07,7.72,20.9,28.6,3,99.9,21.59,6.4,3,269,100,70,300,16,3,7
USER064,2025-10-08,7.97,18.4,25.9,0,91.3,21.71,8.6,6,316,96,80,48,13,2,7
USER064,2025-10-09,6.76,24.4,29.8,4,96.8,21.98,4.41,2,277,54,78,49,42,3,8
USER064,2025-10-10,8.73,22.7,31.2,2,88.2,22.03,7.13,3,328,80,76,17,5,3,5
USER064,2025-10-11,8.08,36.3,27.2,1,96.8,22.05,8.97,4,204,94,73,33,60,3,7
USER064,2025-10-12,7.89,29.5,28.2,2,96.8,23.93,5.7,4,259,85,92,250,14,3,6
USER064,2025-10-13,6.86,34.3,31.9,0,94.3,21.61,2.18,4,272,77,89,88,4,5,4
USER064,2025-10-14,9.12,20.2,16.5,3,94.9,21.67,3.95,3,289,74,100,29,26,3,5
USER064,2025-10-15,7.6,25.6,23.2,1,97.4,22.25,5.65,4,318,90,88,251,13,4,8
USER064,2025-10-16,6.78,16.1,27.5,1,98.0,22.46,3.86,1,307,77,100,130,11,4,5
USER064,2025-10-17,6.94,31.8,37.5,0,94.4,21.82,4.32,2,235,82,78,12,26,5,7
USER064,2025-10-18,7.84,19.5,13.7,4,96.5,22.95,6.22,2,248,88,85,140,15,5,5
USER064,2025-10-19,8.34,26.8,23.6,3,95.3,23.72,2.92,1,285,79,88,27,29,3,7
USER064,2025-10-20,6.87,23.5,27.2,1,94.8,22.03,3.4,4,215,92,76,68,31,6,5
USER064,2025-10-21,7.3,19.3,23.2,1,89.9,22.0,6.32,2,222,67,66,7,0,5,3
USER064,2025-10-22,7.43,32.2,25.0,5,89.7,21.83,5.16,3,258,86,49,31,18,2,7
USER064,2025-10-23,8.31,22.5,37.7,3,97.9,21.71,5.27,2,270,85,84,58,1,6,6
USER064,2025-10-24,5.79,23.2,25.0,2,98.3,21.96,4.78,0,286,61,85,69,36,4,6
USER064,2025-10-25,8.34,23.1,32.9,1,96.8,22.98,6.92,3,227,81,87,129,0,4,4
USER064,2025-10-26,8.49,25.2,27.4,5,91.4,23.41,4.42,6,316,72,100,82,26,3,7
USER064,2025-10-27,7.93,30.0,29.0,1,95.8,22.27,4.54,7,200,84,97,111,1,1,8
USER064,2025-10-28,7.6,28.7,16.5,2,93.3,21.73,6.08,8,265,94,85,130,8,5,6
USER064,2025-10-29,7.7,16.2,25.9,4,88.8,22.43,6.92,3,249,86,99,22,31,5,5
USER064,2025-10-30,7.02,36.5,20.3,1,97.5,21.63,2.97,2,263,79,88,64,4,3,6
USER064,2025-10-31,7.79,26.1,37.7,3,97.5,21.6,5.29,6,200,97,81,180,4,2,3
USER064,2025-11-01,10.93,20.1,23.8,1,93.2,22.35,4.27,0,374,59,65,18,23,3,6
USER064,2025-11-02,8.7,20.5,33.5,3,94.8,23.49,6.87,0,200,85,58,27,10,6,6
USER064,2025-11-03,7.99,22.0,29.9,1,97.7,21.57,5.72,6,277,96,96,90,39,5,5
USER064,2025-11-04,8.34,27.2,31.3,1,97.8,22.19,6.78,6,200,88,91,44,23,3,6
USER064,2025-11-05,8.33,26.6,35.1,2,97.3,21.94,8.36,5,288,74,92,171,6,5,3
USER064,2025-11-06,6.4,22.5,40.9,2,89.1,22.27,4.52,0,285,62,86,219,17,1,4
USER065,2025-07-10,7.98,24.9,29.0,2,93.5,22.29,6.35,3,336,75,78,115,9,3,8
USER065,2025-07-11,9.37,24.0,28.7,3,91.7,22.04,2.42,5,294,85,64,9,3,5,8
USER065,2025-07-12,10.59,40.1,23.5,1,93.6,23.19,5.16,1,284,75,77,335,5,6,5
USER065,2025-07-13,9.77,29.3,24.7,1,94.2,22.39,3.34,3,332,77,74,124,9,4,7
USER065,2025-07-14,7.1,36.3,27.5,1,94.7,22.18,5.76,3,245,81,68,249,1,7,7
USER065,2025-07-15,6.57,30.5,30.7,2,90.3,21.95,3.53,4,349,72,73,13,10,4,4
USER065,2025-07-16,8.36,36.4,29.6,2,94.2,21.56,6.01,4,234,93,91,26,6,4,5
USER065,2025-07-17,6.57,26.9,19.8,0,88.8,22.18,4.04,0,295,73,61,19,24,4,7
USER065,2025-07-18,9.67,18.0,21.1,2,93.4,21.72,2.29,3,200,78,67,93,2,3,5
USER065,2025-07-19,10.78,24.6,27.0,4,98.7,22.3,5.55,0,285,50,74,66,5,7,7
USER065,2025-07-20,11.19,20.9,27.2,0,92.4,23.18,5.49,0,231,51,56,24,6,3,3
USER065,2025-07-21,7.36,17.6,23.0,5,92.4,22.1,2.17,4,266,70,93,26,4,5,4
USER065,2025-07-22,7.36,40.3,35.8,1,95.1,22.02,6.62,4,291,85,83,103,25,2,5
USER065,2025-07-23,8.63,25.0,33.6,0,89.4,21.76,5.04,4,259,96,85,143,66,3,8
USER065,2025-07-24,7.43,23.3,38.5,2,97.9,21.81,4.06,3,200,91,100,81,8,4,2
USER065,2025-07-25,8.82,34.0,32.6,1,97.4,22.29,5.88,2,286,71,66,38,6,2,4
USER065,2025-07-26,10.04,26.2,27.2,1,91.3,23.83,5.89,3,308,63,69,160,5,1,4
USER065,2025-07-27,8.01,35.7,16.3,1,87.3,23.93,3.45,4,221,83,85,261,35,4,6
USER065,2025-07-28,8.43,34.5,21.5,3,95.0,21.5,8.19,6,224,63,100,136,3,1,5
USER065,2025-07-29,9.61,28.2,22.5,2,94.1,21.56,2.35,3,257,70,72,149,20,3,6
USER065,2025-07-30,7.98,23.5,20.3,2,88.7,21.9,4.73,3,255,65,88,179,5,5,6
USER065,2025-07-31,6.93,26.2,24.0,1,93.2,21.95,5.23,1,315,73,69,38,21,2,5
USER065,2025-08-01,8.4,28.1,28.4,1,89.8,22.38,5.8,4,202,75,66,45,7,5,4
USER065,2025-08-02,9.66,12.9,30.1,5,87.7,22.29,5.23,2,337,60,80,273,11,4,5
USER065,2025-08-03,9.43,30.1,42.1,3,88.4,23.88,3.38,0,217,81,83,181,31,7,4
USER065,2025-08-04,9.39,35.6,27.9,2,89.3,22.17,2.78,1,316,68,98,148,93,6,6
USER065,2025-08-05,6.65,34.5,24.7,0,90.8,21.66,6.2,1,324,61,66,93,58,4,3
USER065,2025-08-06,8.79,17.0,23.5,3,85.5,21.57,7.34,6,327,79,81,221,7,6,4
USER065,2025-08-07,8.57,26.9,18.0,2,97.8,21.95,2.78,9,251,94,91,16,10,6,6
USER065,2025-08-08,6.41,21.8,14.8,0,89.8,21.59,5.19,1,285,68,93,236,1,2,7
USER065,2025-08-09,9.59,21.5,35.9,0,94.2,22.26,3.06,2,250,79,88,176,57,3,6
USER065,2025-08-10,8.51,30.0,19.2,2,93.9,22.83,5.34,4,272,82,88,179,2,5,6
USER065,2025-08-11,8.26,17.2,24.5,2,97.1,22.34,6.53,4,322,72,94,89,10,2,6
USER065,2025-08-12,9.39,14.6,19.9,1,97.9,22.19,4.37,2,214,80,82,123,6,6,6
USER065,2025-08-13,6.48,14.7,25.4,2,90.7,22.09,2.17,1,277,78,62,199,0,4,4
USER065,2025-08-14,6.77,23.4,31.4,1,95.9,21.75,3.97,1,200,64,87,89,1,1,7
USER065,2025-08-15,8.08,28.9,34.8,2,96.0,21.56,4.81,3,227,71,86,54,1,4,8
USER065,2025-08-16,8.25,27.7,31.1,3,95.8,22.6,2.77,5,235,80,75,96,37,3,6
USER065,2025-08-17,8.58,21.7,39.2,3,92.1,22.75,6.57,3,245,92,79,61,26,7,6
USER065,2025-08-18,9.43,22.5,26.7,2,94.5,22.37,5.54,1,236,66,98,39,11,3,5
USER065,2025-08-19,9.4,30.2,28.8,1,97.6,22.23,7.03,2,265,86,78,101,3,3,7
USER065,2025-08-20,8.84,24.4,17.0,2,96.0,22.32,4.03,5,292,72,85,163,39,4,7
USER065,2025-08-21,8.66,32.0,30.2,1,98.3,21.54,8.03,6,277,86,99,318,0,3,7
USER065,2025-08-22,6.49,19.4,30.7,2,97.9,21.77,6.74,2,356,75,57,118,19,2,5
USER065,2025-08-23,8.09,14.1,34.7,2,92.4,22.62,3.47,5,200,88,77,67,10,5,5
USER065,2025-08-24,9.13,14.2,22.3,1,95.3,23.35,5.14,5,258,85,84,38,65,1,6
USER065,2025-08-25,9.34,30.7,25.3,2,96.5,21.53,5.72,2,203,80,82,130,31,6,5
USER065,2025-08-26,8.11,33.9,29.5,3,99.5,22.37,5.54,3,310,90,100,57,11,4,5
USER065,2025-08-27,8.69,30.2,37.6,0,96.5,21.84,6.75,1,200,89,100,19,14,3,7
USER065,2025-08-28,8.21,25.5,30.6,2,92.3,22.33,4.53,3,200,100,85,76,20,3,7
USER065,2025-08-29,8.28,36.2,25.4,4,94.0,22.13,8.94,4,245,92,76,58,31,3,4
USER065,2025-08-30,9.54,28.8,27.5,3,91.7,23.37,5.23,3,333,90,80,12,4,1,6
USER065,2025-08-31,9.07,14.3,37.2,3,91.6,23.71,7.11,6,250,80,79,204,1,2,5
USER065,2025-09-01,6.88,21.6,29.7,1,94.8,21.56,5.74,0,267,86,64,87,2,6,5
USER065,2025-09-02,7.07,25.4,29.4,3,92.8,21.65,5.53,5,280,77,91,75,5,4,7
USER065,2025-09-03,7.5,28.0,30.4,0,91.5,22.43,4.31,1,241,80,64,111,10,2,4
USER065,2025-09-04,7.68,19.4,23.5,0,93.5,21.68,4.46,1,200,82,95,35,73,3,6
USER065,2025-09-05,8.88,20.3,33.6,2,93.4,22.34,5.65,8,200,93,79,109,16,2,3
USER065,2025-09-06,9.83,24.8,15.9,2,94.7,23.85,3.36,4,220,87,81,194,4,3,7
USER065,2025-09-07,8.64,26.5,38.4,1,96.2,23.67,6.01,4,249,99,97,289,28,6,4
USER065,2025-09-08,9.87,32.3,25.0,2,92.1,21.88,2.47,5,271,95,65,102,1,3,2
USER065,2025-09-09,8.66,27.8,25.3,5,96.6,21.91,7.87,5,286,83,88,54,11,2,5
USER065,2025-09-10,9.01,17.5,20.3,1,91.8,22.03,3.46,3,253,87,81,73,0,6,4
USER065,2025-09-11,8.25,23.4,21.3,1,96.5,22.25,5.04,3,229,71,72,25,9,5,8
USER065,2025-09-12,9.09,18.9,24.4,6,95.5,22.31,4.17,1,232,88,72,58,27,6,6
USER065,2025-09-13,8.72,33.5,26.9,1,98.2,23.0,6.46,5,208,92,100,52,2,6,5
USER065,2025-09-14,7.28,35.6,38.0,1,91.7,23.04,5.78,2,208,77,68,69,2,2,4
USER065,2025-09-15,7.5,22.7,24.4,1,97.3,21.64,6.2,3,279,73,94,188,13,3,7
USER065,2025-09-16,9.04,24.0,35.3,2,99.4,22.11,6.01,7,279,87,93,105,16,3,8
USER065,2025-09-17,8.67,28.1,28.3,0,98.4,21.6,5.5,4,312,91,91,32,12,7,4
USER065,2025-09-18,7.67,21.6,19.0,2,99.2,21.52,7.52,6,293,90,87,50,0,1,6
USER065,2025-09-19,6.82,27.6,32.6,3,85.3,22.37,4.55,2,250,51,74,158,3,3,2
USER065,2025-09-20,10.3,18.7,29.8,0,97.0,22.84,4.8,1,346,76,70,100,10,5,7
USER065,2025-09-21,8.26,25.4,29.2,2,92.2,23.4,6.14,5,200,96,92,266,23,4,4
USER065,2025-09-22,8.58,35.4,37.0,1,98.1,21.9,3.96,3,200,83,100,18,28,5,8
USER065,2025-09-23,8.41,31.0,21.3,4,95.1,22.13,4.43,6,284,92,90,118,12,2,6
USER065,2025-09-24,8.48,20.2,28.1,3,95.5,22.32,5.56,5,252,94,68,29,12,4,6
USER065,2025-09-25,8.53,20.1,33.5,4,91.6,21.73,4.58,3,288,77,90,63,13,4,8
USER065,2025-09-26,8.47,20.8,22.1,2,94.6,21.64,6.85,7,282,88,94,20,2,1,6
USER065,2025-09-27,9.45,24.2,27.4,3,96.4,23.62,5.5,5,221,84,97,55,18,2,8
USER065,2025-09-28,8.51,26.5,21.1,4,97.7,22.62,4.57,4,200,73,100,94,7,3,7
USER065,2025-09-29,9.38,27.9,21.8,2,94.2,21.85,8.0,3,284,79,69,88,24,4,5
USER065,2025-09-30,8.24,22.6,27.5,1,94.5,22.1,7.58,5,282,95,96,12,29,5,4
USER065,2025-10-01,7.56,38.2,20.3,2,99.6,21.51,8.13,5,252,86,93,61,75,5,8
USER065,2025-10-02,6.68,15.1,17.5,3,94.0,21.51,3.46,3,314,70,89,65,1,2,4
USER065,2025-10-03,8.03,22.0,33.4,0,92.0,22.24,4.67,4,200,98,93,60,23,2,5
USER065,2025-10-04,8.47,22.3,16.0,0,89.3,23.63,3.07,3,241,90,83,94,32,2,7
USER065,2025-10-05,8.03,20.8,35.1,3,88.8,22.1,6.55,4,200,91,100,99,4,1,5
USER065,2025-10-06,8.88,13.5,15.4,0,95.2,22.01,3.75,3,344,90,84,216,18,3,7
USER065,2025-10-07,9.51,22.2,25.3,4,96.4,21.93,5.92,4,245,66,99,131,5,2,5
USER065,2025-10-08,7.2,21.1,23.8,3,94.4,22.25,5.39,4,206,78,76,48,12,4,5
USER065,2025-10-09,7.83,19.2,19.8,2,99.1,21.69,2.93,4,288,99,60,168,68,4,5
USER065,2025-10-10,7.63,20.9,19.8,0,97.0,22.39,8.0,2,254,90,65,116,22,6,6
USER065,2025-10-11,7.8,26.4,26.7,1,95.4,23.99,7.03,3,301,79,74,82,13,2,6
USER065,2025-10-12,9.01,25.5,20.9,3,97.1,22.72,6.55,4,295,86,84,83,43,3,4
USER065,2025-10-13,6.29,26.6,25.7,4,86.3,21.51,2.66,0,376,64,91,43,0,3,8
USER065,2025-10-14,8.32,28.3,22.8,2,98.6,21.93,4.12,6,282,94,100,232,5,2,8
USER065,2025-10-15,8.83,37.2,41.2,2,98.4,21.78,6.08,7,226,83,96,38,21,3,4
USER065,2025-10-16,8.48,22.2,16.7,1,97.6,21.63,3.91,6,219,77,100,108,16,5,5
USER065,2025-10-17,7.41,33.5,20.2,3,95.4,22.14,5.31,2,296,56,100,41,8,2,6
USER065,2025-10-18,9.84,16.1,22.1,3,94.2,22.03,4.07,0,319,68,63,62,1,4,4
USER065,2025-10-19,8.13,28.3,25.9,5,87.9,22.7,6.59,9,218,85,63,84,19,4,6
USER065,2025-10-20,9.07,29.7,22.4,4,91.0,21.9,6.88,3,318,81,81,123,31,3,6
USER065,2025-10-21,8.4,15.8,26.4,3,92.2,21.58,10.0,4,319,76,83,202,25,5,6
USER065,2025-10-22,6.42,14.5,27.2,2,97.1,22.04,4.42,0,326,74,73,226,106,2,7
USER065,2025-10-23,7.73,16.7,25.4,2,91.8,22.21,5.34,5,280,67,83,22,22,2,6
USER065,2025-10-24,7.64,41.2,30.4,2,92.0,22.0,5.83,0,253,73,84,160,23,2,3
USER065,2025-10-25,9.28,26.3,17.5,3,98.3,22.75,6.39,1,331,74,68,41,0,6,6
USER065,2025-10-26,11.42,22.6,26.5,0,97.7,22.18,4.09,0,284,59,46,37,28,4,6
USER065,2025-10-27,6.74,18.4,26.3,3,98.5,22.22,5.72,2,334,78,72,80,3,3,7
USER065,2025-10-28,7.34,33.3,27.5,5,97.7,21.63,6.2,3,250,77,85,145,10,1,6
USER065,2025-10-29,6.69,24.7,26.2,1,98.7,22.07,6.25,0,200,61,88,63,3,2,5
USER065,2025-10-30,8.22,21.1,25.2,0,85.9,22.24,4.44,6,303,75,94,74,1,2,6
USER065,2025-10-31,7.61,21.0,21.3,0,94.8,21.56,6.97,6,234,82,81,109,6,4,8
USER065,2025-11-01,7.22,15.2,35.4,2,99.4,22.9,5.01,5,278,74,98,47,0,2,6
USER065,2025-11-02,10.18,28.7,26.2,5,96.1,23.85,7.48,3,265,69,63,165,59,6,5
USER065,2025-11-03,9.99,29.0,16.9,5,98.9,22.28,5.71,0,308,85,76,114,3,2,8
USER065,2025-11-04,7.58,28.6,34.7,0,90.0,21.96,3.57,4,228,90,87,139,43,4,8
USER065,2025-11-05,6.71,16.8,18.4,2,92.6,21.57,5.25,1,334,77,87,64,29,5,7
USER065,2025-11-06,7.54,16.2,17.6,3,96.0,22.3,5.59,6,357,73,79,155,38,4,6
USER066,2025-07-10,9.91,21.2,33.0,3,92.2,23.24,8.93,2,308,92,87,53,5,4,5
USER066,2025-07-11,8.12,29.9,29.8,2,92.8,23.96,1.43,5,206,84,94,61,13,3,4
USER066,2025-07-12,8.15,20.5,18.3,2,95.9,24.74,6.48,4,300,75,100,15,4,2,5
USER066,2025-07-13,7.45,32.1,32.0,2,95.9,24.86,5.02,1,307,84,84,133,35,6,5
USER066,2025-07-14,9.61,34.0,23.8,1,92.5,23.97,6.93,4,234,65,69,22,6,2,6
USER066,2025-07-15,7.51,17.4,25.3,1,94.1,23.14,6.18,3,335,77,68,31,49,3,7
USER066,2025-07-16,8.01,17.0,34.8,2,97.6,23.69,4.69,5,253,91,100,47,7,4,8
USER066,2025-07-17,8.71,24.1,30.4,1,95.0,23.14,6.84,4,301,88,80,27,0,2,6
USER066,2025-07-18,6.76,20.2,21.1,2,89.6,23.24,4.28,0,299,78,61,64,74,1,5
USER066,2025-07-19,7.97,27.8,30.6,3,98.6,24.46,3.92,3,287,80,85,121,24,4,3
USER066,2025-07-20,8.83,32.0,35.8,1,91.0,24.14,8.76,3,215,75,61,92,8,4,7
USER066,2025-07-21,7.29,31.9,33.7,3,95.6,23.33,5.53,6,272,91,62,131,21,3,7
USER066,2025-07-22,6.12,23.8,34.3,3,98.8,23.72,3.89,0,313,84,76,156,9,2,4
USER066,2025-07-23,9.17,22.7,26.2,4,99.4,23.6,7.1,5,380,79,62,58,18,4,4
USER066,2025-07-24,6.88,28.9,36.2,4,87.0,23.22,4.17,7,337,65,70,80,3,1,6
USER066,2025-07-25,8.47,34.5,30.6,1,90.1,23.04,5.12,4,218,82,94,175,26,3,7
USER066,2025-07-26,8.27,22.9,21.7,3,92.2,25.29,6.65,3,294,85,97,130,1,6,6
USER066,2025-07-27,8.7,20.0,24.9,1,97.6,25.01,5.15,5,361,80,100,36,28,3,5
USER066,2025-07-28,8.45,21.1,23.0,1,91.9,23.05,6.45,3,324,92,93,144,33,2,4
USER066,2025-07-29,8.56,18.7,32.2,3,95.4,23.12,5.97,1,231,95,84,68,5,8,5
USER066,2025-07-30,6.96,26.9,28.1,2,95.9,23.68,6.33,1,296,81,93,55,0,5,6
USER066,2025-07-31,7.69,24.8,27.3,3,91.7,23.23,5.56,4,293,75,100,96,61,6,6
USER066,2025-08-01,8.12,23.9,25.7,1,88.7,23.33,4.15,0,308,90,86,147,14,5,6
USER066,2025-08-02,9.18,22.7,31.3,1,98.3,25.17,5.52,2,376,94,75,184,6,2,5
USER066,2025-08-03,10.09,28.7,31.8,0,84.2,24.0,5.19,3,342,63,81,61,11,3,4
USER066,2025-08-04,8.84,23.8,40.3,6,93.2,23.79,7.61,3,310,83,83,33,48,3,3
USER066,2025-08-05,10.08,23.4,23.6,3,96.7,23.26,4.69,1,282,87,82,115,15,3,4
USER066,2025-08-06,7.2,32.0,24.8,3,96.7,23.25,3.79,4,310,88,77,148,25,4,5
USER066,2025-08-07,8.75,23.1,19.1,3,95.4,23.63,8.66,2,200,86,100,51,11,4,8
USER066,2025-08-08,9.02,22.2,28.7,3,90.7,23.59,6.62,4,276,92,79,48,40,5,7
USER066,2025-08-09,10.55,34.8,15.7,2,92.4,25.28,5.79,0,312,68,54,231,9,8,6
USER066,2025-08-10,8.91,18.1,15.8,4,98.7,25.14,5.64,3,270,100,62,79,3,2,7
USER066,2025-08-11,7.91,32.8,20.7,2,95.9,23.21,6.29,1,244,92,88,43,21,6,5
USER066,2025-08-12,10.02,20.2,32.8,1,91.1,23.06,4.26,0,325,81,68,24,15,4,6
USER066,2025-08-13,8.49,21.1,18.3,2,92.1,23.14,5.84,3,228,72,82,27,14,3,5
USER066,2025-08-14,7.32,26.2,21.2,1,91.7,23.61,4.21,4,243,67,66,131,7,5,5
USER066,2025-08-15,7.45,29.4,22.4,2,94.8,23.08,6.53,5,349,79,95,115,4,6,4
USER066,2025-08-16,10.48,36.3,21.8,3,96.3,24.09,6.3,3,350,66,70,73,1,4,3
USER066,2025-08-17,8.81,23.6,18.1,3,85.7,23.73,6.33,3,395,91,100,109,18,6,8
USER066,2025-08-18,8.89,37.6,37.3,4,92.0,23.73,6.02,3,300,70,55,81,10,2,5
USER066,2025-08-19,10.2,13.8,28.0,0,94.9,23.57,2.92,1,328,59,67,35,15,5,5
USER066,2025-08-20,8.85,26.0,26.6,2,91.7,23.19,7.15,5,364,66,90,93,42,7,6
USER066,2025-08-21,9.41,22.9,27.5,2,95.1,23.44,7.49,8,292,80,79,65,6,4,6
USER066,2025-08-22,7.4,31.6,21.6,1,87.1,23.37,6.91,2,428,70,59,70,15,5,5
USER066,2025-08-23,10.49,19.6,20.1,1,90.5,24.39,1.45,1,324,53,78,14,2,4,6
USER066,2025-08-24,9.98,27.5,27.9,2,96.7,25.26,3.19,2,336,73,67,79,4,2,8
USER066,2025-08-25,7.81,29.9,29.8,1,92.1,23.14,6.33,5,220,100,71,96,0,4,5
USER066,2025-08-26,8.52,29.0,33.4,2,96.0,23.51,7.71,4,278,84,93,108,4,5,7
USER066,2025-08-27,7.3,22.6,28.2,1,93.1,23.23,5.95,2,200,68,78,129,53,4,3
USER066,2025-08-28,8.2,18.1,14.3,1,97.3,23.83,5.81,5,254,67,97,58,18,4,8
USER066,2025-08-29,8.51,17.2,33.5,2,97.9,23.11,9.64,8,295,96,95,81,3,2,8
USER066,2025-08-30,8.7,32.6,24.5,2,96.3,25.15,4.12,4,228,91,79,114,21,2,5
USER066,2025-08-31,9.74,23.0,24.9,3,97.3,24.46,2.84,2,302,68,64,62,0,5,5
USER066,2025-09-01,7.87,23.3,32.3,2,96.6,23.71,4.86,5,262,77,93,119,4,4,5
USER066,2025-09-02,9.0,19.8,23.9,2,99.0,23.22,5.8,5,200,93,94,10,102,4,5
USER066,2025-09-03,8.23,26.5,28.0,0,89.7,23.33,6.78,4,204,67,89,115,8,4,4
USER066,2025-09-04,8.16,19.6,19.2,2,95.0,23.38,4.44,7,200,67,78,47,21,2,6
USER066,2025-09-05,7.58,25.8,33.0,2,95.9,23.27,6.66,1,228,81,74,58,29,3,5
USER066,2025-09-06,8.78,20.9,38.3,2,90.2,25.31,6.82,2,200,70,100,182,27,2,7
USER066,2025-09-07,8.9,20.6,30.6,1,97.2,24.61,4.73,4,343,82,97,271,5,4,7
USER066,2025-09-08,8.85,24.9,29.5,3,90.7,23.45,6.36,4,271,85,75,124,4,4,4
USER066,2025-09-09,7.29,28.7,21.1,2,93.2,23.42,6.34,0,274,96,81,97,19,4,5
USER066,2025-09-10,7.46,30.8,26.2,0,91.2,23.16,2.75,2,253,80,72,185,30,7,5
USER066,2025-09-11,9.35,27.2,27.0,1,95.8,23.42,5.36,1,340,70,55,91,16,2,7
USER066,2025-09-12,8.51,18.8,29.0,1,93.6,23.08,5.26,5,298,100,94,77,1,5,6
USER066,2025-09-13,10.32,35.3,13.2,2,96.6,24.13,5.23,2,318,82,71,16,0,4,6
USER066,2025-09-14,8.91,16.0,19.7,3,90.6,23.98,5.27,2,352,85,98,29,0,2,9
USER066,2025-09-15,9.16,22.9,35.8,1,92.8,23.63,2.4,6,231,91,90,42,42,7,5
USER066,2025-09-16,7.11,23.6,28.6,0,91.0,23.17,5.62,1,355,70,79,57,18,5,5
USER066,2025-09-17,6.85,27.4,26.7,0,97.7,23.34,5.05,4,297,71,78,87,47,6,7
USER066,2025-09-18,7.08,25.2,38.3,1,92.0,23.15,3.64,3,279,73,93,63,8,5,7
USER066,2025-09-19,7.64,38.3,35.2,0,97.9,23.61,3.79,2,200,84,80,111,12,3,6
USER066,2025-09-20,9.32,26.4,26.7,2,93.4,25.22,4.46,2,378,77,74,117,2,3,3
USER066,2025-09-21,10.2,17.6,19.7,1,91.8,24.01,5.46,1,348,66,88,51,4,6,5
USER066,2025-09-22,6.77,24.7,36.4,1,93.5,23.36,2.7,1,306,75,86,73,18,2,6
USER066,2025-09-23,7.21,21.6,26.2,0,96.6,23.95,5.21,4,204,81,75,79,21,2,5
USER066,2025-09-24,7.35,40.2,24.0,1,90.7,23.14,6.58,2,304,80,65,118,52,2,6
USER066,2025-09-25,10.07,22.3,31.5,3,95.5,23.1,6.4,2,200,84,75,67,0,4,6
USER066,2025-09-26,7.21,17.7,26.2,3,97.0,23.84,5.38,1,294,85,91,217,17,3,5
USER066,2025-09-27,8.17,23.2,34.6,1,97.6,24.89,3.05,3,313,81,98,84,15,7,4
USER066,2025-09-28,9.58,23.7,13.9,1,96.4,24.38,5.32,5,260,79,83,40,11,6,3
USER066,2025-09-29,7.1,25.5,19.8,3,87.3,23.15,2.74,4,343,68,74,56,27,5,4
USER066,2025-09-30,6.63,29.3,30.1,3,93.4,23.8,5.96,4,380,64,87,62,1,4,6
USER066,2025-10-01,8.14,30.8,27.6,4,90.0,23.46,3.7,3,227,61,84,164,11,5,8
USER066,2025-10-02,5.84,26.3,33.9,3,89.5,23.55,1.96,0,296,62,73,218,10,4,7
USER066,2025-10-03,8.65,14.1,36.6,2,98.1,23.59,7.42,4,286,100,96,157,13,3,4
USER066,2025-10-04,8.33,22.8,20.0,2,91.5,25.47,6.06,6,276,85,97,50,23,6,7
USER066,2025-10-05,9.61,26.3,18.3,2,88.8,24.78,1.1,3,296,85,87,77,8,2,7
USER066,2025-10-06,6.47,28.9,21.6,2,94.3,23.64,4.0,1,285,58,73,143,7,3,4
USER066,2025-10-07,9.07,19.6,28.8,0,95.3,23.03,5.93,1,290,72,79,60,31,4,8
USER066,2025-10-08,8.31,22.5,20.7,1,91.0,23.65,6.14,2,230,87,89,54,19,2,6
USER066,2025-10-09,8.14,38.6,20.5,7,88.3,23.64,5.77,2,397,78,100,64,94,2,6
USER066,2025-10-10,8.34,33.4,29.1,3,98.4,23.73,6.49,4,286,100,93,28,22,3,7
USER066,2025-10-11,9.65,26.4,24.8,2,94.7,24.93,2.47,3,243,79,88,67,1,4,7
USER066,2025-10-12,9.56,16.0,21.3,1,98.2,24.31,6.05,1,331,59,74,130,30,3,5
USER066,2025-10-13,6.58,36.8,35.3,0,96.8,23.95,3.63,2,318,76,76,77,37,4,5
USER066,2025-10-14,8.95,20.0,29.1,0,95.4,23.26,7.56,3,301,86,68,103,8,4,5
USER066,2025-10-15,8.7,23.1,25.8,7,87.7,23.52,6.16,4,250,87,75,114,1,5,7
USER066,2025-10-16,7.96,21.8,40.1,2,96.0,23.87,5.13,5,267,86,85,8,13,7,8
USER066,2025-10-17,8.07,39.5,30.3,3,92.4,23.22,5.16,1,277,62,82,55,7,6,8
USER066,2025-10-18,7.49,24.0,21.9,2,93.0,25.5,5.7,2,200,58,74,87,14,6,5
USER066,2025-10-19,7.98,32.5,30.8,3,96.5,23.54,6.09,4,254,81,94,83,10,2,6
USER066,2025-10-20,7.87,28.4,23.0,2,96.6,23.17,2.81,5,358,81,89,38,45,4,6
USER066,2025-10-21,8.24,25.4,23.9,2,95.7,23.77,8.85,8,226,83,91,123,5,3,4
USER066,2025-10-22,8.76,21.0,19.6,3,89.5,23.08,5.08,3,301,77,71,123,24,1,6
USER066,2025-10-23,5.92,18.8,21.1,2,95.6,23.17,3.22,0,247,73,72,209,37,5,5
USER066,2025-10-24,7.6,38.5,39.3,1,99.1,23.96,5.78,5,351,82,87,75,2,6,4
USER066,2025-10-25,9.97,35.4,35.1,3,98.6,23.93,4.48,3,354,82,84,104,18,2,5
USER066,2025-10-26,8.99,23.1,16.7,2,89.8,24.58,5.77,2,272,91,57,54,0,6,9
USER066,2025-10-27,9.35,23.2,31.1,3,93.4,23.68,3.5,3,433,83,89,105,8,6,6
USER066,2025-10-28,7.17,22.7,21.4,0,97.7,23.2,6.27,4,347,85,74,31,31,4,4
USER066,2025-10-29,8.77,24.5,24.0,3,96.5,23.27,7.51,2,228,93,80,20,6,3,4
USER066,2025-10-30,8.46,20.5,21.6,4,90.4,23.84,5.0,4,200,81,87,83,16,5,4
USER066,2025-10-31,9.38,17.0,24.7,1,97.0,23.38,7.22,8,337,86,67,13,35,5,6
USER066,2025-11-01,9.69,26.6,35.9,5,90.1,23.73,5.46,3,306,77,87,24,18,5,5
USER066,2025-11-02,9.9,25.2,20.8,4,99.2,25.44,6.78,3,278,63,59,600,47,3,6
USER066,2025-11-03,8.04,24.4,17.1,2,94.8,23.67,4.2,9,313,90,78,309,3,2,8
USER066,2025-11-04,7.47,21.7,29.0,2,96.2,23.76,5.71,2,299,73,81,83,20,5,8
USER066,2025-11-05,8.33,24.0,32.3,2,91.6,23.62,5.43,3,311,84,94,111,3,6,7
USER066,2025-11-06,7.62,20.5,25.2,1,96.3,23.31,4.78,4,232,80,89,138,27,3,5
USER067,2025-07-10,5.72,15.5,27.0,2,98.0,23.61,8.79,7,323,88,96,30,13,5,6
USER067,2025-07-11,7.44,21.6,19.7,1,96.6,23.21,5.33,3,353,74,75,60,22,4,5
USER067,2025-07-12,8.42,18.3,38.5,1,93.5,24.27,3.03,1,255,81,65,94,1,3,8
USER067,2025-07-13,6.65,22.2,21.2,0,98.1,24.14,4.45,1,219,65,86,20,43,5,5
USER067,2025-07-14,5.01,30.0,21.2,3,93.3,23.18,7.91,6,362,66,84,227,3,7,3
USER067,2025-07-15,5.84,13.0,31.3,1,97.9,23.07,3.66,6,290,84,92,132,3,4,6
USER067,2025-07-16,7.27,29.0,34.0,3,94.3,23.02,5.91,5,331,90,71,30,57,4,7
USER067,2025-07-17,6.32,24.3,30.2,6,92.1,23.11,6.17,3,296,100,100,60,16,4,4
USER067,2025-07-18,7.26,20.5,28.9,2,91.5,23.68,6.28,1,200,92,86,31,22,3,8
USER067,2025-07-19,7.06,21.6,30.9,1,95.4,25.35,6.43,4,237,100,85,21,6,6,4
USER067,2025-07-20,5.86,25.9,25.1,0,87.6,24.04,4.54,2,215,86,73,287,9,3,8
USER067,2025-07-21,7.58,15.9,25.3,1,94.4,23.75,5.79,0,259,75,83,43,12,1,5
USER067,2025-07-22,7.89,37.0,21.3,1,92.7,23.44,7.56,2,302,83,62,189,4,2,8
USER067,2025-07-23,6.25,30.9,33.2,3,95.6,23.59,7.34,6,200,89,99,56,34,1,3
USER067,2025-07-24,5.82,25.8,26.3,1,99.3,23.28,6.43,5,295,80,100,85,20,5,8
USER067,2025-07-25,7.12,36.5,30.1,1,91.2,23.91,6.17,3,381,77,83,107,33,3,4
USER067,2025-07-26,6.82,19.7,23.3,3,95.7,24.73,5.76,1,236,84,49,48,10,6,7
USER067,2025-07-27,7.28,28.2,33.6,0,90.5,24.8,4.25,3,304,78,82,71,2,3,7
USER067,2025-07-28,5.17,23.5,31.7,0,97.1,23.87,4.3,4,341,86,61,24,7,3,5
USER067,2025-07-29,6.04,17.1,18.6,5,96.0,23.93,7.69,3,337,73,82,192,10,5,6
USER067,2025-07-30,5.1,14.9,35.3,7,92.0,23.34,4.07,3,270,71,76,48,6,6,7
USER067,2025-07-31,5.94,30.9,24.9,1,98.2,23.79,4.05,6,290,100,63,45,25,6,7
USER067,2025-08-01,6.02,21.0,29.7,1,87.8,23.16,6.01,1,218,81,93,229,29,4,7
USER067,2025-08-02,6.9,20.7,23.4,1,91.3,24.1,5.24,2,398,79,90,66,0,5,5
USER067,2025-08-03,5.71,39.3,40.1,2,97.2,24.8,7.0,4,264,90,100,36,9,5,7
USER067,2025-08-04,5.81,23.9,34.3,2,95.1,23.89,4.62,7,312,73,75,213,20,7,7
USER067,2025-08-05,4.47,29.6,21.2,1,90.2,23.89,4.98,6,322,83,68,34,47,3,6
USER067,2025-08-06,5.76,29.8,30.0,4,96.5,23.12,5.65,2,267,99,100,90,4,5,4
USER067,2025-08-07,8.46,32.0,31.3,3,94.2,23.54,4.19,1,295,56,63,76,13,5,8
USER067,2025-08-08,5.09,20.8,28.2,3,98.0,23.97,5.97,4,304,86,59,79,42,4,4
USER067,2025-08-09,7.27,15.6,29.0,2,92.4,24.5,4.12,3,316,87,63,185,19,5,5
USER067,2025-08-10,7.95,23.9,36.3,3,97.7,24.47,4.96,5,247,77,85,64,40,6,6
USER067,2025-08-11,4.4,28.6,16.7,3,96.1,23.07,3.26,1,322,74,60,35,52,6,6
USER067,2025-08-12,7.04,30.0,35.0,1,95.7,23.83,1.77,5,322,87,74,152,3,4,4
USER067,2025-08-13,5.75,27.2,18.6,0,86.5,23.25,5.61,2,294,85,63,30,99,1,5
USER067,2025-08-14,6.85,25.2,20.6,1,87.6,23.95,6.55,5,283,85,100,27,53,5,6
USER067,2025-08-15,6.91,22.5,30.2,1,99.4,23.09,6.28,6,315,90,76,112,5,4,6
USER067,2025-08-16,7.78,38.6,24.2,0,94.7,25.18,5.34,2,266,61,75,266,2,6,6
USER067,2025-08-17,7.31,32.6,20.2,1,95.6,23.64,4.84,4,266,75,77,116,67,3,4
USER067,2025-08-18,7.38,22.3,19.5,1,98.9,23.17,4.63,4,268,70,72,94,23,3,2
USER067,2025-08-19,4.3,31.4,28.6,1,92.0,23.11,4.27,1,327,58,54,128,0,4,3
USER067,2025-08-20,6.01,31.8,26.5,1,92.6,23.43,3.14,4,200,100,86,18,7,3,6
USER067,2025-08-21,7.18,25.8,32.8,3,96.7,23.22,7.36,4,304,95,73,40,22,5,5
USER067,2025-08-22,4.5,16.2,38.9,4,92.4,23.07,6.45,1,255,72,80,11,11,3,5
USER067,2025-08-23,6.5,18.1,35.8,2,91.6,23.76,5.46,4,301,92,100,70,3,5,4
USER067,2025-08-24,7.87,33.7,25.9,2,94.3,25.48,5.11,2,270,81,47,55,52,6,5
USER067,2025-08-25,5.71,33.5,22.5,4,91.2,23.39,5.5,5,253,90,91,55,16,4,4
USER067,2025-08-26,6.3,41.2,28.7,2,97.6,23.88,3.02,5,306,78,94,84,11,5,7
USER067,2025-08-27,5.48,21.8,23.7,4,99.1,23.2,4.92,2,306,75,93,68,31,5,6
USER067,2025-08-28,8.88,12.6,35.8,0,96.3,23.8,3.73,0,387,69,57,49,9,3,4
USER067,2025-08-29,5.45,19.9,28.9,6,82.9,23.64,5.92,3,349,77,66,77,32,1,7
USER067,2025-08-30,7.45,20.7,18.0,2,81.7,25.01,7.7,4,232,52,96,298,7,3,5
USER067,2025-08-31,8.32,18.5,33.4,1,96.8,23.67,6.27,1,356,72,75,52,15,4,6
USER067,2025-09-01,6.5,21.8,35.9,3,96.8,23.33,6.45,6,332,90,95,49,102,5,6
USER067,2025-09-02,6.3,18.5,27.9,2,86.4,23.13,5.95,6,287,72,88,323,4,3,7
USER067,2025-09-03,4.97,30.8,27.9,2,93.6,23.91,5.49,0,281,72,86,77,1,6,5
USER067,2025-09-04,6.55,28.3,25.5,2,92.0,23.35,4.26,3,200,74,68,38,18,4,5
USER067,2025-09-05,6.57,31.3,26.4,1,98.8,23.53,4.35,6,301,92,79,160,37,4,7
USER067,2025-09-06,6.96,21.7,32.3,1,89.0,23.87,6.32,7,214,63,97,75,32,3,6
USER067,2025-09-07,6.42,26.6,33.3,3,92.6,24.24,4.57,2,306,90,100,129,0,3,7
USER067,2025-09-08,4.86,40.0,27.4,4,97.2,23.26,7.25,1,200,90,98,99,6,2,5
USER067,2025-09-09,7.68,25.9,21.3,0,91.4,23.47,5.37,2,292,77,59,121,7,2,4
USER067,2025-09-10,5.12,30.3,18.0,2,94.5,23.97,5.96,2,319,86,52,24,23,5,5
USER067,2025-09-11,5.69,19.2,28.9,3,93.5,23.86,6.52,4,315,88,72,31,6,6,4
USER067,2025-09-12,5.99,32.7,20.4,1,93.7,23.08,5.73,6,352,57,57,53,55,6,6
USER067,2025-09-13,6.52,35.0,19.1,1,95.4,25.05,3.99,2,236,98,76,96,1,3,5
USER067,2025-09-14,6.62,26.1,20.3,2,92.1,25.16,5.49,2,247,75,92,178,29,2,5
USER067,2025-09-15,5.6,26.1,27.4,2,94.8,23.86,6.91,5,284,87,79,114,9,3,5
USER067,2025-09-16,5.2,21.3,26.1,3,99.0,23.93,6.62,1,307,90,90,45,31,5,6
USER067,2025-09-17,5.78,33.5,34.8,0,96.0,23.49,5.11,3,376,100,76,46,0,3,7
USER067,2025-09-18,6.26,26.8,24.5,3,90.9,23.26,4.57,6,284,100,73,87,29,2,7
USER067,2025-09-19,7.88,16.0,37.9,2,94.2,23.84,4.19,3,260,69,60,150,36,4,9
USER067,2025-09-20,7.45,25.8,21.0,1,98.0,23.87,6.11,2,312,68,77,118,39,5,5
USER067,2025-09-21,7.01,35.4,32.6,0,88.2,24.29,5.0,6,233,70,92,133,12,3,5
USER067,2025-09-22,4.32,19.6,40.5,4,93.7,23.05,5.1,0,287,65,70,196,8,3,5
USER067,2025-09-23,6.61,17.9,28.0,2,97.2,23.52,3.84,4,236,93,87,126,83,2,5
USER067,2025-09-24,5.41,19.0,23.0,2,97.7,23.11,3.93,2,327,95,74,70,13,3,4
USER067,2025-09-25,6.22,18.0,25.8,2,96.6,23.37,6.66,4,249,74,93,234,9,4,6
USER067,2025-09-26,7.59,26.5,29.2,5,96.2,23.69,6.27,4,274,70,65,60,11,5,5
USER067,2025-09-27,8.15,21.6,19.4,3,97.6,25.2,5.16,3,220,74,85,92,15,2,7
USER067,2025-09-28,7.33,19.6,24.8,0,90.4,24.18,5.5,5,299,75,95,49,33,4,7
USER067,2025-09-29,7.5,27.0,32.1,3,93.3,23.19,5.31,4,247,74,79,132,5,5,7
USER067,2025-09-30,6.52,16.4,18.1,2,95.4,23.8,6.5,4,269,80,83,159,45,3,6
USER067,2025-10-01,7.08,34.7,30.2,0,96.0,23.89,7.12,4,291,77,87,94,5,2,5
USER067,2025-10-02,6.44,40.8,24.6,1,87.8,23.32,4.2,5,254,92,84,123,30,4,5
USER067,2025-10-03,4.86,18.1,27.6,2,90.3,23.15,3.68,1,271,66,72,101,9,7,7
USER067,2025-10-04,6.54,44.4,31.7,2,87.2,24.48,3.02,5,275,89,89,161,49,2,4
USER067,2025-10-05,6.42,20.4,21.6,3,91.1,24.2,3.33,5,298,87,89,271,40,5,5
USER067,2025-10-06,5.19,28.5,23.9,3,93.4,23.02,5.72,1,324,74,78,38,69,5,7
USER067,2025-10-07,5.28,23.2,29.7,5,97.3,23.43,8.07,4,262,70,67,83,21,5,5
USER067,2025-10-08,5.91,18.4,36.3,2,99.1,23.34,5.19,5,287,81,68,97,1,5,5
USER067,2025-10-09,7.24,29.0,22.5,2,89.5,23.95,4.97,1,315,83,68,82,9,3,8
USER067,2025-10-10,6.16,15.1,25.2,4,96.5,23.76,6.23,5,309,86,85,135,6,4,5
USER067,2025-10-11,8.54,15.8,35.2,3,97.9,24.78,3.25,1,309,61,65,57,0,3,3
USER067,2025-10-12,6.81,23.3,28.3,2,92.2,24.31,9.41,3,314,88,93,115,27,4,8
USER067,2025-10-13,5.55,40.1,24.8,1,93.4,23.19,2.24,3,275,73,72,92,2,3,4
USER067,2025-10-14,6.96,25.4,20.8,4,97.5,23.93,5.11,4,251,100,88,56,1,5,6
USER067,2025-10-15,6.64,25.6,27.6,2,98.1,23.14,8.53,4,288,100,82,33,0,3,8
USER067,2025-10-16,5.71,31.0,13.1,2,97.4,23.47,5.86,3,287,82,69,57,5,4,4
USER067,2025-10-17,6.1,15.7,22.1,2,92.4,23.82,5.54,3,412,87,79,23,0,3,7
USER067,2025-10-18,6.66,32.8,29.4,2,91.0,24.98,4.0,5,290,80,88,57,40,4,6
USER067,2025-10-19,7.72,19.1,17.7,2,96.8,23.61,4.68,2,240,65,85,37,10,2,5
USER067,2025-10-20,5.84,17.0,25.6,2,96.0,23.36,6.7,6,218,88,70,127,26,3,5
USER067,2025-10-21,7.43,28.2,20.6,3,99.0,23.43,5.78,7,278,66,63,210,15,2,6
USER067,2025-10-22,6.73,17.3,27.3,4,92.4,23.13,4.88,3,234,77,97,190,0,4,6
USER067,2025-10-23,6.96,35.1,28.7,5,98.8,23.04,6.57,3,221,90,84,156,5,3,6
USER067,2025-10-24,5.8,18.3,19.7,4,94.0,23.91,5.62,4,236,65,86,27,2,4,7
USER067,2025-10-25,7.82,20.8,34.9,1,88.0,23.96,7.33,1,303,71,77,157,41,1,6
USER067,2025-10-26,6.02,35.5,32.1,2,92.1,23.76,5.78,4,200,67,94,80,0,3,6
USER067,2025-10-27,4.0,20.9,29.5,3,96.5,23.41,4.4,0,294,63,72,105,4,5,6
USER067,2025-10-28,7.26,29.3,27.5,6,92.2,23.44,5.61,3,340,73,64,53,8,5,4
USER067,2025-10-29,4.85,22.4,20.2,0,98.0,23.59,7.23,3,252,74,62,89,9,4,6
USER067,2025-10-30,5.39,26.9,28.8,1,97.5,23.4,5.19,4,251,91,79,88,4,6,7
USER067,2025-10-31,5.41,17.4,28.9,1,94.9,23.39,6.75,3,358,68,77,245,11,4,8
USER067,2025-11-01,6.85,23.3,28.3,1,89.0,23.93,7.81,7,262,81,87,205,26,4,6
USER067,2025-11-02,6.74,19.2,19.7,0,90.6,25.0,5.58,5,320,70,90,80,2,4,7
USER067,2025-11-03,6.34,21.6,37.8,1,94.6,23.41,1.62,11,261,84,73,67,5,5,4
USER067,2025-11-04,7.53,34.6,32.3,1,84.6,23.52,5.21,1,219,61,85,55,40,3,6
USER067,2025-11-05,6.48,27.0,28.9,2,100.0,23.0,5.49,8,239,89,94,200,8,3,5
USER067,2025-11-06,5.04,22.5,38.3,5,95.5,23.81,4.28,2,373,73,81,85,120,8,7
USER068,2025-07-10,8.09,20.8,28.9,4,95.5,21.66,5.2,5,322,74,68,76,26,4,3
USER068,2025-07-11,5.35,22.9,32.2,3,99.5,21.68,3.97,0,296,100,71,142,55,5,6
USER068,2025-07-12,7.89,21.5,31.4,3,96.4,23.29,6.11,1,300,80,99,179,1,4,4
USER068,2025-07-13,7.55,31.2,27.8,2,94.7,23.2,6.0,4,246,80,100,39,2,4,7
USER068,2025-07-14,4.99,35.0,29.3,3,99.3,21.72,0.0,5,306,60,84,12,20,2,6
USER068,2025-07-15,7.06,24.4,27.5,1,96.7,22.07,8.93,6,275,88,85,88,2,4,6
USER068,2025-07-16,4.86,34.2,23.7,1,92.9,22.45,6.11,4,342,74,70,94,21,3,6
USER068,2025-07-17,6.45,20.8,29.0,1,92.3,22.11,6.65,5,253,85,94,38,11,4,4
USER068,2025-07-18,6.34,29.4,20.9,3,94.0,22.45,5.27,4,290,93,91,123,6,3,6
USER068,2025-07-19,8.55,25.6,33.6,2,98.7,22.59,4.43,0,328,93,94,28,9,4,6
USER068,2025-07-20,8.1,20.8,23.0,2,92.2,22.97,5.51,2,303,80,88,133,42,2,7
USER068,2025-07-21,6.4,32.1,20.2,1,94.8,21.65,7.95,7,290,93,82,179,9,5,5
USER068,2025-07-22,5.13,28.7,24.4,0,98.1,22.48,5.94,7,354,56,85,124,1,4,4
USER068,2025-07-23,6.01,22.2,22.7,0,95.3,22.48,8.35,2,259,85,90,49,22,1,6
USER068,2025-07-24,7.14,13.6,22.3,0,88.8,21.61,4.7,2,312,83,77,118,13,5,7
USER068,2025-07-25,7.42,35.7,27.5,1,96.3,22.29,5.77,5,235,96,96,21,6,4,6
USER068,2025-07-26,8.13,23.3,32.5,2,85.6,22.72,3.14,1,260,71,66,86,7,4,3
USER068,2025-07-27,8.89,17.0,24.1,4,93.0,22.1,7.22,1,254,56,82,45,7,4,5
USER068,2025-07-28,7.38,21.2,23.9,1,98.9,21.72,2.79,4,285,86,86,42,2,3,8
USER068,2025-07-29,6.43,28.9,27.4,2,89.8,22.11,5.72,1,221,92,79,462,4,4,5
USER068,2025-07-30,7.33,22.6,23.6,3,94.0,22.33,6.51,2,268,78,89,86,21,3,6
USER068,2025-07-31,4.5,22.3,27.9,3,98.2,22.43,5.74,0,392,75,57,98,7,4,5
USER068,2025-08-01,4.98,31.3,33.3,0,88.8,21.64,5.71,2,323,97,82,81,18,2,5
USER068,2025-08-02,6.68,31.8,19.7,4,97.8,23.3,6.96,6,225,100,90,122,66,4,4
USER068,2025-08-03,5.91,26.5,33.2,1,96.8,23.72,4.05,5,327,95,90,106,2,4,3
USER068,2025-08-04,5.83,15.3,33.5,3,96.0,22.34,6.32,3,330,70,58,88,67,4,5
USER068,2025-08-05,7.09,25.8,27.9,1,94.3,21.88,3.85,3,297,84,91,76,37,3,3
USER068,2025-08-06,6.01,22.3,34.9,1,89.1,21.93,7.2,2,327,80,91,230,20,1,7
USER068,2025-08-07,5.7,25.2,19.0,0,98.3,22.12,6.89,3,349,63,82,32,24,6,5
USER068,2025-08-08,5.83,22.0,20.4,0,98.6,22.02,5.51,1,300,63,96,16,48,4,6
USER068,2025-08-09,7.06,18.2,29.8,4,97.1,22.41,6.8,5,281,88,93,276,41,6,5
USER068,2025-08-10,7.96,21.4,25.0,1,91.3,23.97,4.46,0,332,72,92,57,1,4,3
USER068,2025-08-11,6.95,33.4,18.6,0,95.2,21.82,8.18,7,236,80,79,103,75,6,6
USER068,2025-08-12,4.13,16.7,27.4,0,94.3,22.05,2.19,1,259,68,47,162,30,6,6
USER068,2025-08-13,7.8,16.7,27.8,2,97.9,21.66,2.99,1,273,81,62,194,23,4,4
USER068,2025-08-14,6.87,23.7,17.2,3,93.5,21.91,6.32,1,262,85,100,143,85,2,6
USER068,2025-08-15,6.34,25.8,20.8,3,98.3,22.01,7.91,5,317,91,80,38,14,7,7
USER068,2025-08-16,6.91,20.8,23.7,1,97.8,22.99,4.46,5,277,83,81,79,21,3,4
USER068,2025-08-17,9.33,24.4,38.0,0,95.7,22.04,6.0,0,313,63,76,195,1,3,4
USER068,2025-08-18,7.76,22.6,20.7,2,98.7,21.69,7.45,4,292,86,59,35,27,5,7
USER068,2025-08-19,4.85,39.9,35.1,0,94.8,22.27,5.51,0,211,56,80,76,8,4,7
USER068,2025-08-20,6.14,35.6,29.9,3,95.1,21.91,3.14,3,273,73,76,108,11,3,5
USER068,2025-08-21,6.53,23.7,39.5,1,93.3,21.54,7.04,6,265,80,91,97,1,4,5
USER068,2025-08-22,7.79,28.7,32.1,0,97.8,21.93,6.44,2,228,90,66,43,4,6,5
USER068,2025-08-23,8.75,37.1,21.6,2,98.5,23.26,6.91,1,311,74,64,53,18,5,5
USER068,2025-08-24,6.77,24.1,22.5,2,98.5,23.65,7.61,5,347,92,100,89,30,3,8
USER068,2025-08-25,6.34,26.5,23.9,3,93.0,21.9,6.84,2,328,81,86,24,27,4,7
USER068,2025-08-26,5.43,33.6,28.7,2,96.1,21.85,4.65,2,330,78,68,34,4,2,6
USER068,2025-08-27,6.73,32.9,21.4,3,95.0,22.18,5.8,7,319,84,97,76,0,2,4
USER068,2025-08-28,5.98,18.0,25.4,3,94.1,21.98,1.67,4,225,82,68,48,13,5,5
USER068,2025-08-29,6.63,14.6,28.6,3,93.5,22.12,5.9,4,233,93,74,117,4,6,6
USER068,2025-08-30,8.04,26.7,26.7,1,84.0,23.04,4.81,5,311,53,79,65,19,5,6
USER068,2025-08-31,6.0,18.4,29.1,3,93.9,23.76,4.17,6,333,96,64,70,75,3,6
USER068,2025-09-01,7.81,35.4,29.2,0,93.1,21.85,7.99,2,260,85,74,17,15,4,6
USER068,2025-09-02,7.06,25.5,27.0,4,93.7,22.42,8.95,6,332,72,74,24,39,4,7
USER068,2025-09-03,7.2,22.9,21.0,3,83.1,22.18,4.75,2,329,78,89,227,35,4,8
USER068,2025-09-04,6.81,21.9,29.8,0,97.0,22.04,5.72,6,281,84,80,119,27,4,7
USER068,2025-09-05,8.53,15.2,33.3,1,96.2,22.46,4.97,0,344,40,94,38,1,6,4
USER068,2025-09-06,7.39,19.4,23.4,5,98.6,23.37,3.05,3,277,91,70,38,26,4,6
USER068,2025-09-07,8.91,28.0,22.4,1,97.4,23.42,3.76,2,267,77,69,242,26,2,5
USER068,2025-09-08,4.0,15.3,25.3,2,93.3,22.35,3.66,2,362,73,61,93,22,4,3
USER068,2025-09-09,5.02,21.8,29.3,5,90.3,22.17,7.61,3,329,71,68,110,54,3,4
USER068,2025-09-10,6.19,18.2,24.4,0,95.5,22.24,4.76,2,230,90,73,46,0,2,7
USER068,2025-09-11,5.22,26.1,35.2,2,99.1,21.66,3.68,3,270,53,99,65,2,1,5
USER068,2025-09-12,6.58,36.1,31.8,0,90.3,21.54,7.29,8,240,100,76,46,27,2,8
USER068,2025-09-13,9.63,37.4,24.1,5,95.1,22.35,3.51,0,372,74,61,104,23,3,5
USER068,2025-09-14,6.64,29.5,32.1,3,98.7,23.29,5.13,1,292,73,93,126,29,4,5
USER068,2025-09-15,5.53,21.3,25.2,4,92.4,22.24,4.28,4,394,74,80,67,10,4,6
USER068,2025-09-16,4.15,21.7,28.9,1,94.8,22.1,4.94,1,359,54,74,49,1,2,7
USER068,2025-09-17,8.36,21.0,25.7,2,95.8,22.25,5.22,4,284,81,77,62,12,5,6
USER068,2025-09-18,5.05,26.3,15.8,1,92.3,21.8,5.89,0,385,59,60,29,32,6,6
USER068,2025-09-19,4.22,23.3,34.9,2,95.2,22.05,5.61,0,425,81,52,138,4,3,3
USER068,2025-09-20,9.12,21.7,21.2,1,90.0,23.13,3.28,0,239,65,81,86,20,6,6
USER068,2025-09-21,7.49,23.8,35.8,2,97.6,22.14,7.26,1,386,74,100,79,8,3,5
USER068,2025-09-22,8.05,30.2,17.3,1,97.1,21.85,4.96,4,237,83,76,52,8,5,7
USER068,2025-09-23,7.65,19.8,32.7,3,97.5,22.27,4.05,2,287,68,75,227,8,7,2
USER068,2025-09-24,7.78,18.0,30.8,0,96.6,21.73,3.39,1,257,78,60,80,23,3,4
USER068,2025-09-25,8.17,31.9,28.7,2,97.9,22.11,5.17,3,268,71,96,342,32,3,8
USER068,2025-09-26,4.93,22.4,16.9,2,91.9,22.45,5.35,3,200,80,96,114,83,4,6
USER068,2025-09-27,8.6,17.8,37.4,1,95.4,23.19,5.93,1,336,50,80,125,20,3,5
USER068,2025-09-28,7.71,17.9,34.9,3,86.1,23.37,2.62,6,314,93,73,16,0,5,5
USER068,2025-09-29,6.81,24.8,22.2,3,91.6,21.94,6.18,3,207,68,100,63,4,2,4
USER068,2025-09-30,6.29,27.2,21.5,0,96.7,21.69,4.37,3,283,85,87,52,5,3,6
USER068,2025-10-01,6.89,18.6,30.2,0,96.6,21.6,8.46,5,318,78,92,158,13,2,5
USER068,2025-10-02,7.37,30.5,29.5,2,91.2,21.78,6.72,4,200,86,91,18,43,5,6
USER068,2025-10-03,5.81,20.9,22.7,0,85.2,22.04,3.97,2,248,85,71,65,16,4,5
USER068,2025-10-04,9.12,27.3,30.0,3,96.0,23.15,2.28,1,409,85,70,76,14,4,3
USER068,2025-10-05,6.99,39.0,24.4,2,94.9,23.86,4.64,6,261,96,85,182,13,5,6
USER068,2025-10-06,7.53,29.8,28.5,2,98.5,22.16,6.04,2,289,89,85,26,16,3,6
USER068,2025-10-07,4.0,37.5,25.0,2,94.1,22.19,4.63,0,324,62,66,131,17,5,3
USER068,2025-10-08,6.5,23.8,33.4,3,94.7,22.41,5.01,4,268,93,73,29,1,6,7
USER068,2025-10-09,5.98,25.5,18.9,2,94.9,22.33,7.16,9,299,80,92,15,1,5,6
USER068,2025-10-10,6.58,27.7,27.4,3,94.8,22.17,4.44,2,231,93,85,125,22,4,7
USER068,2025-10-11,6.88,29.0,39.4,3,95.9,23.19,6.64,7,350,89,72,123,12,3,6
USER068,2025-10-12,8.37,14.3,26.3,2,91.9,22.74,3.86,1,350,60,72,39,0,4,7
USER068,2025-10-13,6.8,30.4,33.3,1,94.1,21.75,7.53,3,212,97,78,102,12,3,6
USER068,2025-10-14,5.82,33.0,24.2,0,93.4,21.68,4.42,2,311,82,79,170,27,3,7
USER068,2025-10-15,7.11,25.4,23.4,2,95.9,21.58,8.41,4,219,95,95,46,20,5,4
USER068,2025-10-16,4.1,17.8,22.1,0,89.6,21.84,2.99,1,343,66,75,258,59,6,4
USER068,2025-10-17,5.37,18.8,23.0,1,95.6,21.77,4.15,2,361,63,79,139,12,2,8
USER068,2025-10-18,6.03,26.0,34.7,1,99.6,23.58,6.73,1,245,69,98,60,35,3,4
USER068,2025-10-19,7.36,20.8,29.7,5,91.3,22.75,5.66,2,295,77,100,97,14,2,4
USER068,2025-10-20,5.41,20.7,25.2,2,93.5,22.36,5.15,4,335,85,60,92,0,7,6
USER068,2025-10-21,6.6,20.1,24.0,3,97.5,21.69,2.3,7,248,84,71,74,19,2,6
USER068,2025-10-22,6.38,15.7,23.5,1,96.0,22.3,3.8,3,200,72,80,74,47,4,8
USER068,2025-10-23,5.59,30.9,17.5,0,95.1,21.54,4.97,4,320,81,100,211,11,4,6
USER068,2025-10-24,7.7,19.1,36.8,0,85.0,21.61,4.26,1,228,80,78,62,32,7,4
USER068,2025-10-25,8.02,26.4,30.9,1,95.4,22.78,6.41,3,334,82,91,49,17,5,4
USER068,2025-10-26,8.4,20.2,25.1,4,91.5,22.67,4.63,1,286,76,85,108,1,3,4
USER068,2025-10-27,7.06,31.9,26.5,0,97.6,22.24,5.01,5,200,82,91,88,87,2,3
USER068,2025-10-28,4.33,21.7,35.3,1,93.0,22.1,4.95,2,341,68,72,50,8,5,6
USER068,2025-10-29,5.21,32.7,14.3,0,89.4,21.69,7.53,3,242,71,62,247,12,4,6
USER068,2025-10-30,5.99,33.7,25.0,2,98.3,22.03,5.27,4,304,74,87,95,5,4,5
USER068,2025-10-31,4.62,21.0,22.0,2,95.5,21.68,4.63,2,257,81,63,50,20,3,5
USER068,2025-11-01,7.1,23.1,21.1,1,91.9,22.82,4.02,5,245,82,93,159,15,2,5
USER068,2025-11-02,7.56,28.3,21.2,2,86.3,22.21,5.75,2,307,68,80,173,47,5,7
USER068,2025-11-03,6.12,21.1,20.3,3,93.9,21.83,7.62,2,219,93,76,69,32,2,8
USER068,2025-11-04,5.83,30.7,33.5,0,95.4,21.63,4.59,3,324,73,86,73,12,2,4
USER068,2025-11-05,6.17,32.6,29.6,5,95.4,22.42,5.13,3,266,83,90,164,35,6,5
USER068,2025-11-06,7.39,22.7,22.4,2,96.1,22.43,5.38,2,204,75,60,122,31,3,2
USER069,2025-07-10,6.89,13.3,35.6,2,98.5,23.71,8.49,4,328,85,95,27,10,4,6
USER069,2025-07-11,6.27,36.6,24.3,2,94.3,23.21,4.49,0,351,71,81,174,16,6,5
USER069,2025-07-12,6.71,27.0,36.6,2,96.5,24.33,5.26,3,250,83,83,122,31,2,6
USER069,2025-07-13,8.96,27.3,27.6,2,94.8,24.64,8.27,5,210,61,87,125,18,5,5
USER069,2025-07-14,7.22,16.4,30.2,2,91.8,23.67,7.53,3,291,63,62,218,4,3,7
USER069,2025-07-15,5.92,15.8,24.4,3,90.7,23.91,4.53,1,313,70,69,44,1,4,6
USER069,2025-07-16,6.41,26.5,25.8,1,98.4,23.7,6.01,2,313,68,79,25,26,3,5
USER069,2025-07-17,9.66,20.8,29.7,3,94.1,23.84,5.23,0,213,58,86,59,11,4,6
USER069,2025-07-18,7.24,36.5,32.7,2,98.2,23.43,5.18,3,274,80,89,255,42,3,5
USER069,2025-07-19,10.45,32.2,20.8,2,92.6,24.17,3.21,1,359,70,83,79,11,2,4
USER069,2025-07-20,8.21,16.8,32.6,2,96.6,24.3,8.4,3,436,77,95,143,0,3,6
USER069,2025-07-21,8.22,23.2,22.6,3,93.1,23.1,4.57,7,246,70,83,47,35,5,7
USER069,2025-07-22,4.84,25.2,25.4,1,90.6,23.92,2.54,0,398,63,76,87,21,3,5
USER069,2025-07-23,7.88,27.1,22.4,1,94.6,23.83,4.5,4,266,93,94,10,17,2,6
USER069,2025-07-24,7.26,18.7,28.3,4,95.5,23.24,6.0,4,202,73,68,69,44,2,7
USER069,2025-07-25,6.19,29.7,34.3,1,97.4,23.79,4.62,0,288,69,85,25,11,1,6
USER069,2025-07-26,8.71,28.4,28.1,3,94.4,24.63,6.24,2,414,85,87,191,8,4,8
USER069,2025-07-27,8.77,21.3,28.1,2,96.9,24.05,6.73,8,331,74,76,73,18,1,7
USER069,2025-07-28,7.81,24.2,16.7,0,98.2,23.2,7.58,4,240,90,97,259,2,6,4
USER069,2025-07-29,6.64,29.9,33.1,3,95.5,23.74,2.34,1,291,76,92,123,3,2,6
USER069,2025-07-30,7.33,27.0,24.9,2,88.8,23.15,4.99,2,246,88,60,61,11,7,6
USER069,2025-07-31,6.78,23.8,25.5,2,97.3,23.03,5.2,7,382,74,100,51,25,5,4
USER069,2025-08-01,6.72,19.3,22.0,2,94.7,23.88,4.98,6,316,87,78,168,54,4,6
USER069,2025-08-02,8.22,19.3,23.0,1,95.6,23.52,4.15,4,220,91,76,118,1,6,7
USER069,2025-08-03,8.74,25.8,22.2,3,99.1,24.49,5.32,3,254,91,52,32,23,4,6
USER069,2025-08-04,8.66,35.9,29.2,1,89.0,23.59,4.1,1,286,52,57,27,5,2,6
USER069,2025-08-05,8.63,31.3,36.4,5,94.8,23.29,6.52,4,262,84,84,107,27,6,6
USER069,2025-08-06,8.83,32.7,30.0,4,88.4,23.54,6.88,2,234,77,80,70,18,2,7
USER069,2025-08-07,7.08,29.5,29.0,1,96.4,23.26,8.2,0,314,86,73,275,10,5,4
USER069,2025-08-08,8.26,20.9,35.8,1,92.1,23.08,6.29,3,243,92,73,43,19,4,8
USER069,2025-08-09,8.73,12.5,27.9,1,98.3,24.81,3.57,2,256,80,60,29,15,4,6
USER069,2025-08-10,9.56,18.6,36.2,3,91.2,25.22,4.89,1,275,77,87,44,1,4,5
USER069,2025-08-11,6.35,17.8,28.6,5,96.2,23.73,7.19,3,323,69,85,28,52,6,6
USER069,2025-08-12,6.89,14.3,36.8,2,96.9,23.83,5.93,5,312,79,73,56,49,3,5
USER069,2025-08-13,8.96,28.9,27.3,2,98.1,23.41,7.45,2,200,74,71,63,3,5,6
USER069,2025-08-14,8.23,33.1,25.3,0,88.7,23.67,5.08,4,213,92,85,15,7,5,8
USER069,2025-08-15,8.46,23.4,21.4,3,89.2,23.87,4.01,1,219,74,60,58,5,4,8
USER069,2025-08-16,9.14,31.2,23.8,4,98.2,25.15,5.0,2,316,67,94,266,74,5,6
USER069,2025-08-17,10.28,22.7,24.3,2,94.9,23.87,3.55,1,234,47,61,97,10,3,6
USER069,2025-08-18,7.01,24.3,32.8,5,96.4,23.74,5.54,3,284,91,63,67,0,3,4
USER069,2025-08-19,7.62,22.0,28.0,4,98.9,23.31,6.74,3,275,89,99,126,41,4,7
USER069,2025-08-20,7.97,15.3,32.1,1,96.3,23.98,3.91,3,200,81,82,85,7,4,4
USER069,2025-08-21,9.34,18.8,36.3,3,99.4,23.48,5.6,5,327,100,80,16,7,4,5
USER069,2025-08-22,7.29,13.5,19.9,3,92.9,23.1,4.52,2,263,89,94,192,43,6,7
USER069,2025-08-23,9.81,18.1,37.8,4,96.8,24.58,1.96,2,282,73,75,190,55,3,3
USER069,2025-08-24,7.44,26.0,35.4,2,96.7,23.69,6.86,3,247,92,78,292,29,3,5
USER069,2025-08-25,8.26,22.8,18.3,2,98.9,23.63,4.95,9,281,94,82,143,120,5,7
USER069,2025-08-26,7.97,27.3,39.7,1,94.5,23.23,3.73,3,286,84,88,51,41,4,4
USER069,2025-08-27,6.04,21.4,29.1,2,95.0,23.74,4.86,1,297,71,71,51,53,7,5
USER069,2025-08-28,7.5,37.0,29.4,3,96.4,23.23,1.64,3,239,89,65,246,5,4,4
USER069,2025-08-29,5.9,27.2,31.2,2,94.6,23.34,4.79,0,263,70,73,53,9,3,3
USER069,2025-08-30,8.43,27.6,32.4,3,91.6,23.58,8.32,5,292,80,67,180,2,2,8
USER069,2025-08-31,9.82,14.7,21.8,1,96.8,24.89,6.02,2,280,74,86,40,5,3,5
USER069,2025-09-01,6.34,15.9,19.8,3,87.6,23.5,3.8,1,280,76,77,114,31,4,4
USER069,2025-09-02,8.96,16.2,39.6,4,93.6,23.68,4.21,2,288,73,80,27,6,1,7
USER069,2025-09-03,10.2,28.0,23.3,1,90.2,23.85,5.18,0,331,63,42,22,2,6,5
USER069,2025-09-04,7.8,19.5,28.0,2,94.0,23.23,5.49,5,200,79,75,55,0,4,5
USER069,2025-09-05,5.17,29.0,34.3,5,87.6,23.71,1.59,0,331,73,70,233,17,5,3
USER069,2025-09-06,9.21,17.2,22.6,1,90.7,23.79,5.6,1,233,69,77,39,14,4,4
USER069,2025-09-07,9.67,27.6,31.5,1,95.7,25.4,3.43,4,237,74,77,117,38,3,5
USER069,2025-09-08,7.59,23.9,28.6,1,91.0,23.84,5.02,3,331,97,68,278,43,5,7
USER069,2025-09-09,7.33,21.1,33.2,2,93.3,23.9,9.08,2,308,67,74,114,7,4,4
USER069,2025-09-10,5.67,32.7,25.8,1,96.7,23.62,2.82,0,425,73,66,103,11,3,6
USER069,2025-09-11,7.68,26.6,24.6,1,90.1,23.38,5.43,1,293,76,88,46,2,4,5
USER069,2025-09-12,8.67,33.0,21.7,1,96.7,23.63,4.74,2,314,85,86,71,110,5,4
USER069,2025-09-13,8.58,29.9,23.4,0,94.8,24.19,5.12,4,285,81,86,27,7,3,6
USER069,2025-09-14,8.46,23.9,24.4,3,90.5,23.88,5.56,2,358,76,91,122,25,6,8
USER069,2025-09-15,7.89,19.6,22.4,1,99.4,23.95,4.72,2,329,79,91,233,14,3,7
USER069,2025-09-16,6.74,18.2,26.5,2,96.2,23.81,5.58,2,308,72,97,37,23,2,3
USER069,2025-09-17,6.07,27.1,36.6,3,98.2,23.95,2.85,2,399,70,67,88,10,6,3
USER069,2025-09-18,8.22,13.5,15.8,2,96.0,23.51,5.42,4,267,91,88,36,10,6,6
USER069,2025-09-19,7.02,21.3,31.3,2,89.6,23.44,3.92,1,355,89,100,28,1,5,7
USER069,2025-09-20,8.45,32.6,24.9,0,95.8,24.26,4.54,7,207,80,87,131,62,5,6
USER069,2025-09-21,6.44,16.8,25.0,2,98.7,23.87,4.25,3,306,87,90,83,27,4,5
USER069,2025-09-22,9.19,23.1,34.9,2,98.7,23.19,7.71,3,278,63,88,77,27,6,4
USER069,2025-09-23,7.93,22.5,20.5,3,98.6,23.26,5.32,8,213,89,69,99,35,6,7
USER069,2025-09-24,8.0,22.2,27.6,1,88.6,23.21,5.46,2,244,80,100,172,52,6,3
USER069,2025-09-25,5.73,32.9,40.4,2,88.6,23.21,4.56,0,200,62,67,91,25,4,5
USER069,2025-09-26,8.77,15.2,34.3,2,86.1,23.05,4.06,5,304,71,79,81,6,4,6
USER069,2025-09-27,6.99,22.6,28.5,3,90.4,23.72,4.93,0,259,71,84,87,54,4,7
USER069,2025-09-28,8.75,28.8,25.9,2,99.3,23.69,3.37,3,297,69,93,168,27,1,5
USER069,2025-09-29,8.19,15.2,29.2,3,94.3,23.95,4.94,4,250,95,82,5,83,4,3
USER069,2025-09-30,7.49,28.0,24.1,1,90.5,23.46,5.73,4,229,95,91,29,8,3,5
USER069,2025-10-01,9.19,27.2,23.3,1,95.4,23.67,5.21,4,309,82,78,33,68,5,7
USER069,2025-10-02,8.47,25.2,25.5,4,99.0,23.7,3.76,4,245,83,97,126,46,1,7
USER069,2025-10-03,7.51,22.4,19.6,1,92.5,23.06,7.58,2,200,84,77,86,46,2,5
USER069,2025-10-04,7.88,19.0,37.8,2,95.2,24.68,5.09,2,290,93,100,55,22,7,5
USER069,2025-10-05,9.02,22.4,17.1,2,90.9,23.97,3.95,5,348,83,65,42,24,3,7
USER069,2025-10-06,6.45,14.4,21.7,1,94.5,23.27,3.8,3,364,64,71,46,45,5,5
USER069,2025-10-07,7.37,15.1,24.1,0,95.2,23.27,7.51,6,314,88,92,82,11,2,5
USER069,2025-10-08,8.39,25.5,30.3,1,92.1,23.76,6.58,5,241,71,89,19,23,4,5
USER069,2025-10-09,6.1,28.6,24.0,2,98.1,23.34,5.7,1,292,71,90,56,1,2,5
USER069,2025-10-10,7.41,23.6,27.4,2,97.0,24.0,5.81,6,259,86,67,94,1,5,3
USER069,2025-10-11,8.83,25.9,25.1,3,92.3,24.89,4.63,2,347,70,77,8,3,2,7
USER069,2025-10-12,7.85,31.8,36.4,0,98.3,25.41,7.07,4,263,81,96,27,27,5,8
USER069,2025-10-13,7.98,18.3,29.2,0,97.5,23.78,5.59,5,200,90,89,40,11,6,7
USER069,2025-10-14,7.63,23.8,29.2,3,94.5,23.62,5.65,4,270,91,100,97,5,7,8
USER069,2025-10-15,7.12,31.6,22.0,2,97.4,23.63,6.35,6,236,92,100,36,31,5,5
USER069,2025-10-16,6.88,21.2,25.3,3,99.7,23.11,5.87,5,268,80,55,84,24,3,6
USER069,2025-10-17,7.64,27.4,26.7,3,94.4,23.95,7.26,3,200,83,95,76,31,5,2
USER069,2025-10-18,8.89,23.2,15.2,2,96.0,25.45,6.91,2,364,91,100,12,10,4,7
USER069,2025-10-19,8.57,22.7,21.0,4,90.4,24.66,6.28,4,248,84,100,49,1,5,7
USER069,2025-10-20,8.95,29.6,28.0,4,98.1,23.12,5.82,2,316,100,89,72,35,4,5
USER069,2025-10-21,7.51,30.1,27.4,0,91.7,23.84,5.62,3,292,74,100,73,14,5,6
USER069,2025-10-22,6.51,22.0,33.1,5,94.0,23.11,4.32,3,269,86,100,62,4,6,4
USER069,2025-10-23,8.66,20.2,20.3,1,96.0,23.91,6.47,4,320,88,89,125,0,3,8
USER069,2025-10-24,5.88,23.1,27.1,0,83.4,23.89,3.83,1,321,70,50,105,3,7,7
USER069,2025-10-25,6.73,23.7,24.5,4,98.4,25.1,4.82,7,200,83,79,18,17,6,6
USER069,2025-10-26,9.03,39.2,22.3,1,94.9,23.84,4.73,3,244,72,93,109,19,2,6
USER069,2025-10-27,7.65,32.6,40.4,2,95.2,23.31,4.08,4,262,97,100,91,20,6,7
USER069,2025-10-28,8.0,14.4,34.0,0,92.3,23.82,6.47,5,249,77,92,157,14,4,7
USER069,2025-10-29,8.12,29.5,26.9,5,92.7,23.12,5.67,0,294,80,85,91,18,6,6
USER069,2025-10-30,6.27,26.2,32.8,1,93.4,23.97,5.62,1,272,69,84,55,16,3,6
USER069,2025-10-31,7.58,34.9,20.6,3,96.4,23.58,7.0,1,240,90,92,77,1,5,4
USER069,2025-11-01,8.76,27.2,20.0,1,90.3,24.6,4.66,3,200,78,99,26,6,2,5
USER069,2025-11-02,8.8,30.8,33.4,1,92.0,24.08,0.71,3,270,59,75,133,17,5,6
USER069,2025-11-03,6.42,31.3,25.9,0,92.8,23.85,5.4,3,301,61,58,11,10,3,7
USER069,2025-11-04,8.22,18.4,32.2,0,96.6,23.16,6.37,3,267,77,88,100,14,2,4
USER069,2025-11-05,8.56,17.2,27.5,2,97.0,23.12,7.25,4,287,97,75,40,81,3,5
USER069,2025-11-06,7.48,23.8,31.6,1,97.4,23.97,4.72,2,227,96,85,13,14,5,4
USER070,2025-07-10,6.46,20.9,28.4,0,98.2,22.24,5.71,3,304,73,86,82,35,6,7
USER070,2025-07-11,7.79,24.8,25.9,5,95.9,21.62,5.99,5,201,81,90,92,11,3,6
USER070,2025-07-12,7.48,12.5,32.3,0,93.7,23.88,6.58,3,256,86,82,97,9,3,6
USER070,2025-07-13,7.71,20.4,34.7,4,97.2,23.18,6.97,2,313,85,94,132,31,6,5
USER070,2025-07-14,8.9,25.8,30.3,1,93.9,21.92,4.73,3,316,68,70,40,0,5,6
USER070,2025-07-15,9.55,22.0,29.0,1,98.6,22.3,5.58,1,226,60,76,84,38,2,4
USER070,2025-07-16,6.94,28.9,30.2,1,95.8,21.9,5.9,2,242,96,78,129,120,5,8
USER070,2025-07-17,6.5,20.7,31.8,2,97.9,21.68,3.48,1,244,74,62,81,1,2,4
USER070,2025-07-18,7.13,23.3,30.8,0,94.6,22.34,5.56,3,200,91,66,119,20,3,4
USER070,2025-07-19,8.51,25.3,31.3,1,94.6,24.0,6.37,1,333,100,89,63,2,3,6
USER070,2025-07-20,10.18,19.7,33.7,1,92.4,22.16,1.96,0,390,75,70,77,3,2,6
USER070,2025-07-21,7.15,15.9,29.2,3,92.1,22.08,3.16,1,312,66,75,96,27,2,5
USER070,2025-07-22,8.16,29.9,29.4,3,94.1,21.76,5.2,1,284,83,100,177,46,4,7
USER070,2025-07-23,7.25,16.4,34.6,1,90.2,22.3,4.29,1,350,65,85,207,53,5,7
USER070,2025-07-24,8.14,22.6,29.3,2,94.8,22.38,5.44,4,315,63,98,35,1,5,8
USER070,2025-07-25,6.24,34.7,22.1,1,92.8,21.55,5.1,2,293,65,68,227,3,4,6
USER070,2025-07-26,9.45,25.4,31.8,1,98.2,22.03,4.85,3,295,68,73,65,13,4,6
USER070,2025-07-27,8.57,23.3,24.4,2,94.5,22.11,3.59,3,265,56,96,80,50,4,4
USER070,2025-07-28,6.53,17.6,29.7,3,97.8,21.81,5.84,3,245,72,56,71,20,3,8
USER070,2025-07-29,7.85,21.4,30.0,1,92.1,21.98,4.73,4,297,100,100,356,27,2,5
USER070,2025-07-30,7.33,23.7,24.4,5,96.1,21.74,6.03,6,293,88,70,160,19,3,7
USER070,2025-07-31,7.43,23.4,36.8,2,98.1,21.52,5.13,3,352,80,96,102,15,6,7
USER070,2025-08-01,5.97,25.1,30.2,3,92.5,22.35,2.32,2,375,52,75,47,11,6,6
USER070,2025-08-02,8.82,29.9,27.4,0,92.3,22.35,3.03,4,413,78,99,72,18,3,6
USER070,2025-08-03,7.18,19.9,36.5,0,98.0,22.16,3.96,4,286,77,89,48,110,4,5
USER070,2025-08-04,6.46,18.2,24.3,2,89.4,21.61,3.12,4,308,80,69,83,45,5,6
USER070,2025-08-05,7.0,21.6,25.5,1,92.9,22.16,6.45,3,324,74,62,34,13,6,5
USER070,2025-08-06,7.77,21.6,30.4,2,92.7,21.81,8.37,4,312,75,93,154,3,4,6
USER070,2025-08-07,7.07,27.6,27.0,1,91.6,22.19,2.58,3,295,86,85,50,9,6,4
USER070,2025-08-08,6.69,21.4,25.7,1,97.1,22.09,7.25,6,345,100,92,64,58,4,6
USER070,2025-08-09,7.99,13.6,27.3,3,96.5,23.22,3.02,2,253,99,76,257,24,3,9
USER070,2025-08-10,8.88,28.0,26.5,2,91.8,22.24,6.48,3,200,76,85,147,5,2,5
USER070,2025-08-11,7.01,29.3,28.3,1,96.9,21.6,4.66,5,262,96,84,147,18,3,4
USER070,2025-08-12,7.52,15.6,30.1,1,94.1,21.65,7.16,9,200,87,87,124,10,1,6
USER070,2025-08-13,6.9,33.1,27.3,1,85.9,21.57,7.53,1,360,66,63,61,3,4,7
USER070,2025-08-14,5.84,23.8,18.0,0,90.5,22.2,3.01,2,349,73,51,138,30,5,4
USER070,2025-08-15,5.53,27.9,27.4,2,93.3,22.04,5.76,2,426,63,75,235,3,3,4
USER070,2025-08-16,10.06,14.4,20.0,0,95.4,22.55,3.78,2,382,74,48,161,13,4,6
USER070,2025-08-17,9.65,18.6,32.4,0,98.0,23.51,3.86,1,379,58,74,50,1,5,4
USER070,2025-08-18,8.07,38.6,33.3,0,95.4,22.17,5.52,6,200,100,81,42,82,3,5
USER070,2025-08-19,8.84,18.1,31.4,4,90.5,22.46,6.01,4,280,99,85,69,16,6,7
USER070,2025-08-20,8.85,17.1,29.8,3,92.4,21.97,4.62,3,254,95,86,98,1,2,5
USER070,2025-08-21,5.66,15.3,18.1,4,85.4,21.79,5.02,2,348,56,48,142,2,2,3
USER070,2025-08-22,8.38,27.3,20.8,3,87.2,21.89,4.98,4,258,76,100,123,54,5,8
USER070,2025-08-23,10.19,27.3,18.5,4,98.0,23.01,2.32,1,402,76,70,145,5,5,9
USER070,2025-08-24,8.31,21.2,23.6,1,94.8,22.88,6.71,5,259,78,74,178,3,5,6
USER070,2025-08-25,8.26,27.1,21.7,1,92.9,22.08,4.76,5,247,86,100,297,18,5,5
USER070,2025-08-26,6.6,13.6,38.1,1,90.1,22.41,5.07,3,353,77,82,58,3,6,6
USER070,2025-08-27,7.39,16.4,31.5,3,90.1,22.03,6.06,1,200,87,73,57,0,4,6
USER070,2025-08-28,7.25,14.1,31.7,4,94.0,21.93,3.83,7,318,69,97,74,17,6,5
USER070,2025-08-29,8.95,33.2,20.3,2,94.1,21.76,5.47,3,281,75,91,63,36,5,8
USER070,2025-08-30,8.18,19.6,14.4,2,96.3,22.82,3.73,1,238,87,95,115,21,4,3
USER070,2025-08-31,9.77,16.3,35.4,3,89.8,22.47,7.17,1,222,80,78,57,6,3,8
USER070,2025-09-01,7.17,32.4,22.8,5,97.5,22.07,3.08,3,243,82,77,52,13,5,6
USER070,2025-09-02,7.09,20.2,36.3,0,96.5,21.89,9.18,3,238,98,66,96,7,5,7
USER070,2025-09-03,7.28,31.3,20.7,1,98.2,22.18,4.81,5,290,64,87,33,4,2,6
USER070,2025-09-04,8.0,27.5,20.2,0,91.8,21.59,6.0,8,286,87,67,203,41,1,6
USER070,2025-09-05,8.91,25.9,25.9,0,92.5,21.54,5.56,7,276,100,88,79,22,2,6
USER070,2025-09-06,8.87,19.5,32.1,2,94.0,23.32,6.1,1,267,84,92,362,21,5,5
USER070,2025-09-07,10.2,40.8,24.7,2,95.2,23.53,2.21,1,327,55,77,95,4,2,7
USER070,2025-09-08,7.38,17.4,32.8,0,96.7,21.79,4.81,3,330,83,79,10,15,4,7
USER070,2025-09-09,5.67,25.7,34.4,2,98.7,22.18,6.26,0,350,36,65,7,1,3,4
USER070,2025-09-10,6.36,17.9,34.1,2,98.4,22.18,6.99,3,291,83,79,52,12,2,8
USER070,2025-09-11,8.27,23.5,24.8,3,88.0,21.62,6.87,1,291,84,82,80,6,2,5
USER070,2025-09-12,7.95,21.0,36.0,2,90.2,22.33,4.05,1,266,87,61,11,22,3,4
USER070,2025-09-13,8.23,23.0,19.0,2,95.5,23.77,4.14,3,285,93,100,140,44,2,3
USER070,2025-09-14,8.56,24.7,30.8,3,83.3,23.0,6.02,4,297,82,98,37,11,2,5
USER070,2025-09-15,8.0,25.4,22.1,2,85.1,22.15,6.92,4,234,74,98,208,60,5,5
USER070,2025-09-16,7.71,20.2,30.8,3,87.8,22.05,4.84,4,287,92,68,76,9,6,7
USER070,2025-09-17,7.39,17.7,24.6,2,97.9,22.36,4.58,3,262,94,97,77,2,5,5
USER070,2025-09-18,7.31,36.5,30.5,3,90.3,21.99,7.01,2,233,73,92,82,41,4,4
USER070,2025-09-19,7.49,16.6,33.3,2,93.0,21.75,7.74,5,200,67,76,106,9,3,5
USER070,2025-09-20,7.46,28.8,30.3,3,91.4,22.33,6.2,0,256,83,76,161,4,4,6
USER070,2025-09-21,7.41,36.3,24.9,1,95.4,22.08,6.61,3,254,77,98,164,4,6,4
USER070,2025-09-22,8.84,29.0,30.8,2,94.8,22.3,4.06,2,291,78,84,94,16,3,3
USER070,2025-09-23,7.31,24.2,18.4,0,97.8,21.81,5.47,3,246,99,87,262,29,5,7
USER070,2025-09-24,7.32,22.5,17.6,3,91.8,22.29,5.25,7,295,80,89,250,22,5,3
USER070,2025-09-25,6.89,30.2,37.1,1,92.3,21.83,4.87,3,243,59,60,135,3,5,3
USER070,2025-09-26,6.17,19.5,18.4,7,94.3,21.68,5.75,3,335,59,76,47,12,3,5
USER070,2025-09-27,8.52,17.3,25.9,1,99.9,22.26,5.54,5,279,91,85,56,20,2,7
USER070,2025-09-28,8.97,24.7,24.3,2,85.4,22.87,6.56,3,280,74,73,2,2,4,4
USER070,2025-09-29,6.84,15.4,28.9,1,85.4,22.45,3.0,3,342,81,86,27,4,2,6
USER070,2025-09-30,7.47,33.2,23.4,3,92.3,22.25,7.21,2,247,89,71,91,21,2,6
USER070,2025-10-01,9.58,21.7,34.9,1,93.0,22.16,7.07,2,359,73,77,111,15,5,2
USER070,2025-10-02,6.13,23.4,28.6,1,87.3,22.33,6.59,0,301,52,60,21,6,4,3
USER070,2025-10-03,10.15,26.0,27.2,1,88.9,22.02,5.74,2,300,91,50,202,24,2,7
USER070,2025-10-04,7.55,27.6,30.1,2,96.5,23.7,5.08,4,273,82,93,87,41,2,7
USER070,2025-10-05,7.58,26.1,30.5,5,90.6,23.62,7.14,3,306,88,86,149,10,4,7
USER070,2025-10-06,8.73,18.6,21.6,2,93.1,21.5,5.91,4,270,67,89,166,13,4,6
USER070,2025-10-07,6.37,17.8,21.4,5,98.2,22.21,4.66,3,285,88,79,64,38,3,2
USER070,2025-10-08,6.74,17.6,26.7,1,95.5,22.14,8.38,2,318,93,91,160,11,3,7
USER070,2025-10-09,6.7,25.6,33.8,0,94.2,22.42,2.85,7,243,70,81,42,2,3,4
USER070,2025-10-10,7.08,16.3,31.8,2,95.4,22.25,6.53,8,301,79,84,92,12,3,5
USER070,2025-10-11,7.3,25.9,27.7,2,94.2,22.06,4.78,8,278,68,78,24,24,3,5
USER070,2025-10-12,8.57,20.7,36.4,2,87.9,23.24,2.6,4,311,94,100,43,15,3,7
USER070,2025-10-13,8.97,20.9,24.9,1,90.0,22.18,6.19,3,258,69,98,214,22,6,5
USER070,2025-10-14,7.31,28.0,34.2,2,98.7,22.43,5.51,6,200,87,72,69,51,4,6
USER070,2025-10-15,7.62,25.5,29.4,2,96.8,22.04,7.43,6,253,96,76,145,4,3,8
USER070,2025-10-16,5.87,28.2,31.2,3,95.7,21.66,5.52,1,324,51,74,90,1,8,6
USER070,2025-10-17,5.87,26.0,15.6,1,97.5,22.15,5.12,0,309,75,81,70,26,4,5
USER070,2025-10-18,8.96,15.4,32.3,1,92.7,22.9,4.53,3,284,63,75,84,13,5,6
USER070,2025-10-19,8.8,30.8,36.4,2,95.4,23.39,3.05,2,276,78,87,57,0,2,8
USER070,2025-10-20,8.82,16.9,19.6,2,97.3,22.31,6.67,1,256,91,77,55,4,4,4
USER070,2025-10-21,8.38,20.1,20.5,2,92.8,21.74,5.24,2,213,85,86,113,6,2,6
USER070,2025-10-22,6.79,33.3,28.5,2,97.3,21.54,3.41,1,351,79,92,102,8,4,7
USER070,2025-10-23,7.37,26.2,28.1,1,92.8,22.16,6.98,3,273,56,80,253,56,7,7
USER070,2025-10-24,7.29,20.0,27.9,1,94.2,22.11,5.13,3,261,83,77,59,26,3,4
USER070,2025-10-25,8.25,21.3,26.0,1,96.2,23.27,5.18,3,234,98,88,46,4,5,6
USER070,2025-10-26,8.76,17.6,30.5,3,85.9,23.72,7.09,6,294,69,57,82,55,4,6
USER070,2025-10-27,8.31,27.8,36.1,4,90.7,22.13,6.42,3,271,90,100,54,12,2,2
USER070,2025-10-28,7.81,20.2,15.6,2,84.5,22.2,5.37,7,248,97,94,33,21,5,3
USER070,2025-10-29,6.59,31.7,40.0,1,99.0,22.16,4.68,0,276,89,81,10,10,5,6
USER070,2025-10-30,7.37,30.0,34.5,1,95.3,22.43,7.63,2,283,88,81,55,13,4,7
USER070,2025-10-31,7.03,33.7,24.4,2,87.1,22.45,4.07,3,319,83,83,147,7,5,5
USER070,2025-11-01,8.94,27.9,29.0,3,95.0,23.46,7.0,1,304,89,82,35,1,3,7
USER070,2025-11-02,7.81,28.6,30.4,3,91.5,22.05,5.48,3,306,91,92,95,17,4,5
USER070,2025-11-03,8.46,30.5,24.0,2,90.3,21.91,5.55,5,221,97,80,97,19,5,6
USER070,2025-11-04,5.36,25.7,33.4,3,93.2,21.5,3.43,2,395,74,78,137,1,4,4
USER070,2025-11-05,5.23,23.8,19.5,0,88.8,22.23,4.57,1,377,59,58,69,6,2,6
USER070,2025-11-06,9.14,37.9,31.9,5,95.3,22.42,3.66,3,234,83,77,37,7,5,4
USER071,2025-07-10,7.92,22.3,32.6,1,96.2,23.12,6.72,2,211,75,100,78,81,3,8
USER071,2025-07-11,8.61,33.8,30.0,5,84.2,23.89,2.13,5,327,89,74,109,3,5,4
USER071,2025-07-12,7.43,29.3,27.0,1,93.8,24.97,7.81,2,306,88,64,46,22,2,5
USER071,2025-07-13,8.52,19.4,21.4,1,92.2,24.38,6.98,5,278,83,69,44,26,2,7
USER071,2025-07-14,8.68,20.3,32.5,2,93.8,23.8,4.64,3,277,69,75,170,12,8,4
USER071,2025-07-15,8.29,25.0,29.0,1,93.8,23.13,5.43,3,220,71,83,120,19,5,7
USER071,2025-07-16,9.91,28.1,23.3,3,98.2,23.09,4.78,0,236,56,74,115,1,3,7
USER071,2025-07-17,6.06,17.2,16.3,3,98.2,23.73,2.73,0,275,79,74,94,0,3,5
USER071,2025-07-18,8.21,24.7,26.2,3,98.3,23.44,8.26,6,304,82,93,117,33,2,5
USER071,2025-07-19,8.52,31.6,24.2,3,96.6,25.15,7.67,2,231,78,69,59,4,4,6
USER071,2025-07-20,9.72,42.1,29.7,3,96.9,24.38,4.06,3,340,64,90,13,11,3,3
USER071,2025-07-21,7.69,24.3,22.6,1,96.4,23.63,7.35,3,286,80,89,166,22,7,6
USER071,2025-07-22,7.25,21.8,29.5,0,94.2,23.61,8.65,5,352,76,78,11,22,5,5
USER071,2025-07-23,7.92,28.2,29.7,3,93.5,23.15,7.05,5,200,73,73,41,3,5,7
USER071,2025-07-24,8.1,15.2,35.1,1,93.6,23.44,6.67,3,227,97,100,161,6,1,6
USER071,2025-07-25,5.32,35.0,23.1,3,94.2,23.01,6.04,1,322,47,59,39,23,3,3
USER071,2025-07-26,9.03,35.1,17.4,3,93.8,24.96,4.88,5,312,84,92,34,31,4,6
USER071,2025-07-27,8.59,29.4,26.0,1,94.0,24.48,8.58,1,241,78,88,103,1,4,7
USER071,2025-07-28,7.05,21.6,21.5,0,97.5,23.09,5.45,3,357,64,93,56,4,4,4
USER071,2025-07-29,8.31,24.5,26.8,3,94.6,23.67,5.9,2,222,91,75,64,3,3,8
USER071,2025-07-30,8.35,19.3,23.3,0,91.9,23.62,6.28,4,324,83,74,69,15,4,7
USER071,2025-07-31,7.43,26.0,36.3,0,98.7,23.58,5.68,7,281,94,100,33,21,5,5
USER071,2025-08-01,7.45,23.7,30.0,3,95.1,23.91,4.25,3,290,93,100,134,11,4,5
USER071,2025-08-02,9.8,19.4,19.5,1,96.8,24.17,2.99,1,335,76,55,211,11,2,2
USER071,2025-08-03,7.99,33.0,28.2,2,95.8,24.11,5.74,3,239,96,62,12,11,1,6
USER071,2025-08-04,7.4,24.9,24.1,1,94.8,23.31,5.53,5,236,75,99,37,6,4,5
USER071,2025-08-05,7.39,16.7,34.2,3,88.5,23.23,4.68,2,295,73,80,7,2,2,6
USER071,2025-08-06,7.17,28.3,28.0,4,94.4,23.2,5.0,6,200,85,84,221,4,5,5
USER071,2025-08-07,6.35,27.1,29.4,3,97.6,23.65,4.23,0,273,69,68,140,7,6,3
USER071,2025-08-08,9.58,21.4,21.2,3,97.6,23.03,4.68,2,384,75,81,71,11,4,8
USER071,2025-08-09,9.66,19.5,25.7,2,93.8,24.19,5.23,1,344,66,71,158,17,7,6
USER071,2025-08-10,8.45,26.3,31.0,3,93.3,24.91,3.94,5,332,70,82,76,7,4,4
USER071,2025-08-11,6.21,12.6,30.3,2,92.6,23.49,7.61,2,257,59,82,98,5,4,4
USER071,2025-08-12,7.07,22.8,27.8,1,89.4,23.15,4.34,1,278,81,73,247,40,2,3
USER071,2025-08-13,7.4,23.8,39.4,3,90.0,23.61,5.01,3,281,65,83,140,15,5,8
USER071,2025-08-14,6.26,27.5,35.0,1,98.7,23.21,4.22,4,379,71,64,231,11,1,4
USER071,2025-08-15,7.8,24.9,25.5,2,94.0,23.15,3.62,6,280,79,78,28,11,3,7
USER071,2025-08-16,7.82,30.7,23.4,2,93.6,24.74,3.37,4,253,86,87,51,40,4,7
USER071,2025-08-17,9.28,31.9,31.9,5,89.1,24.43,4.14,2,322,79,72,110,0,2,6
USER071,2025-08-18,7.96,22.4,32.6,2,94.8,23.39,5.8,6,287,96,78,135,18,2,6
USER071,2025-08-19,7.99,29.8,26.0,4,91.6,23.7,7.3,2,282,91,90,105,8,5,6
USER071,2025-08-20,7.83,22.3,30.7,3,92.4,23.3,4.4,2,225,86,88,335,35,3,6
USER071,2025-08-21,7.44,28.5,27.8,2,96.8,23.11,4.43,6,317,80,96,35,20,1,6
USER071,2025-08-22,7.9,32.6,22.5,2,95.2,23.14,5.56,4,294,100,83,65,39,3,5
USER071,2025-08-23,7.57,19.2,28.2,2,94.6,23.77,6.67,3,307,95,69,2,58,5,6
USER071,2025-08-24,7.3,30.9,19.5,2,92.2,24.71,4.15,8,341,79,73,166,0,5,7
USER071,2025-08-25,6.75,24.3,25.4,2,98.9,23.73,5.72,0,323,66,87,229,19,4,6
USER071,2025-08-26,8.9,22.1,21.0,2,96.7,23.1,2.24,4,392,71,91,98,77,4,6
USER071,2025-08-27,8.05,23.3,24.6,2,97.8,23.82,5.0,6,274,76,100,114,8,4,8
USER071,2025-08-28,6.95,21.7,27.9,3,96.0,23.61,7.08,3,232,64,74,195,45,7,5
USER071,2025-08-29,7.74,23.9,25.2,1,90.8,23.28,7.03,5,249,93,95,125,4,2,3
USER071,2025-08-30,8.61,20.2,35.4,3,93.5,23.96,7.96,6,233,80,73,58,3,5,4
USER071,2025-08-31,8.73,28.2,38.4,4,91.9,24.58,4.1,3,226,82,73,234,2,3,5
USER071,2025-09-01,6.12,24.5,28.4,2,89.4,23.29,5.98,0,316,68,60,70,15,3,7
USER071,2025-09-02,8.14,40.9,24.6,1,95.0,23.37,4.64,6,217,73,73,92,3,2,8
USER071,2025-09-03,9.18,25.8,27.6,0,96.5,23.98,5.93,4,263,77,78,54,17,5,7
USER071,2025-09-04,7.39,22.0,26.7,3,92.0,23.14,4.29,4,221,94,89,79,2,2,6
USER071,2025-09-05,8.06,30.8,30.8,0,87.6,23.98,7.27,4,200,92,75,21,23,4,5
USER071,2025-09-06,7.96,23.8,34.4,3,99.2,24.93,6.03,4,298,87,95,41,36,4,6
USER071,2025-09-07,8.65,19.7,38.2,1,96.3,25.1,9.55,10,228,80,66,118,26,5,7
USER071,2025-09-08,7.9,19.4,29.1,1,94.6,23.1,4.37,3,234,95,69,57,31,5,7
USER071,2025-09-09,7.07,19.3,24.9,1,99.5,23.9,5.11,2,290,70,74,88,58,4,6
USER071,2025-09-10,10.15,21.5,24.7,2,90.3,23.14,6.75,0,328,80,79,74,17,3,5
USER071,2025-09-11,8.42,23.8,16.1,0,94.4,23.66,5.73,3,228,88,85,228,1,2,5
USER071,2025-09-12,7.71,30.0,30.9,2,93.5,23.25,6.11,5,290,100,91,107,28,6,6
USER071,2025-09-13,9.05,29.8,34.1,1,88.7,23.83,6.03,1,236,70,81,111,13,2,4
USER071,2025-09-14,8.7,16.3,23.0,3,98.3,25.21,5.24,4,334,78,95,194,76,3,8
USER071,2025-09-15,6.86,14.9,27.8,0,96.6,23.77,5.52,7,221,77,70,164,41,3,5
USER071,2025-09-16,6.04,20.8,31.6,3,97.0,23.71,4.25,1,282,72,78,42,22,3,6
USER071,2025-09-17,7.05,37.8,29.6,2,86.7,23.18,7.65,3,336,73,55,110,14,3,6
USER071,2025-09-18,7.15,17.8,34.3,3,94.3,23.1,6.0,4,290,90,68,181,26,5,5
USER071,2025-09-19,7.36,23.0,23.2,0,87.7,23.67,5.5,4,386,89,86,234,52,5,5
USER071,2025-09-20,10.76,16.4,29.9,1,93.7,23.96,4.96,0,352,58,79,306,4,7,4
USER071,2025-09-21,7.85,27.4,37.6,5,86.6,24.2,4.44,10,264,72,83,325,3,4,7
USER071,2025-09-22,7.12,16.1,25.9,2,95.8,23.72,7.14,1,333,53,95,45,3,1,7
USER071,2025-09-23,7.23,19.3,22.3,3,95.8,23.88,4.92,5,379,89,77,105,9,3,7
USER071,2025-09-24,8.61,23.5,27.9,1,84.6,23.78,2.79,2,318,68,88,52,6,3,6
USER071,2025-09-25,8.38,21.1,32.9,1,94.4,23.78,2.97,0,343,74,100,98,10,5,5
USER071,2025-09-26,6.77,28.8,20.2,3,95.2,23.06,3.98,3,250,73,85,44,1,4,7
USER071,2025-09-27,8.2,19.6,30.2,0,85.6,24.14,6.7,4,302,82,79,62,13,4,3
USER071,2025-09-28,8.48,23.9,21.9,0,95.9,25.37,7.54,4,273,81,79,207,14,2,7
USER071,2025-09-29,8.11,25.5,31.6,1,86.3,23.26,7.98,5,264,87,85,38,10,3,7
USER071,2025-09-30,7.12,23.2,23.9,5,87.8,23.4,5.18,3,344,69,92,148,9,2,6
USER071,2025-10-01,7.82,28.8,17.5,2,93.0,23.74,4.79,3,305,75,78,79,11,3,6
USER071,2025-10-02,8.6,24.3,28.5,1,83.8,23.89,4.54,1,215,68,64,76,43,3,7
USER071,2025-10-03,6.75,27.0,20.4,2,98.8,23.99,4.76,4,257,92,86,137,30,4,3
USER071,2025-10-04,8.13,14.1,28.2,3,92.5,24.85,7.35,2,208,87,80,79,4,5,6
USER071,2025-10-05,7.38,23.3,39.3,1,91.6,23.65,5.37,2,219,91,75,39,9,2,3
USER071,2025-10-06,7.75,38.7,18.7,5,95.7,23.06,4.66,5,223,87,81,94,3,6,6
USER071,2025-10-07,7.6,13.6,23.5,2,95.0,23.28,4.8,4,219,100,87,197,59,2,5
USER071,2025-10-08,7.18,15.6,19.8,2,93.0,23.26,5.1,3,267,93,82,40,21,3,6
USER071,2025-10-09,7.59,34.2,13.6,2,88.7,23.01,5.02,3,242,98,80,179,19,2,7
USER071,2025-10-10,8.0,22.1,34.7,0,91.5,23.83,5.14,5,213,85,74,152,2,4,7
USER071,2025-10-11,7.9,22.5,34.5,1,95.7,24.22,7.29,5,209,100,100,174,25,2,5
USER071,2025-10-12,7.88,14.0,31.9,2,89.2,24.32,4.69,3,200,97,88,64,7,6,6
USER071,2025-10-13,8.3,26.9,23.7,3,89.4,23.3,6.99,2,308,84,100,105,45,3,7
USER071,2025-10-14,8.0,44.3,17.3,0,98.0,23.94,4.8,5,217,83,75,46,42,3,4
USER071,2025-10-15,7.92,32.8,29.0,4,95.3,23.51,4.67,4,276,100,69,125,52,6,4
USER071,2025-10-16,7.4,21.2,27.3,3,89.7,23.35,7.25,4,251,77,93,88,50,2,5
USER071,2025-10-17,7.95,15.5,37.6,0,91.2,23.66,6.77,8,296,95,98,72,25,6,6
USER071,2025-10-18,8.64,21.6,29.9,2,99.1,25.44,5.99,1,298,85,100,125,9,7,8
USER071,2025-10-19,7.94,34.3,26.0,3,92.2,23.91,5.12,4,219,94,90,81,21,6,6
USER071,2025-10-20,7.97,17.5,28.4,0,93.4,23.93,5.66,6,289,99,76,56,36,7,7
USER071,2025-10-21,9.84,30.6,27.4,0,97.5,23.62,4.67,3,288,82,59,54,19,4,7
USER071,2025-10-22,7.77,18.7,27.1,2,93.7,23.68,6.97,8,200,81,84,16,0,4,6
USER071,2025-10-23,6.37,17.0,24.8,0,88.8,23.77,7.28,3,270,60,79,188,3,5,6
USER071,2025-10-24,6.93,34.6,18.1,2,96.1,23.66,3.07,6,359,70,95,38,45,2,4
USER071,2025-10-25,8.21,34.3,26.9,3,92.3,25.02,4.72,6,291,88,95,51,83,1,6
USER071,2025-10-26,9.2,21.1,31.0,0,99.2,24.16,4.16,1,245,84,92,18,37,6,5
USER071,2025-10-27,7.16,27.1,38.2,1,93.9,23.13,5.56,3,340,75,76,111,35,4,4
USER071,2025-10-28,7.68,26.8,36.4,4,84.4,23.36,5.82,6,200,77,59,246,13,5,7
USER071,2025-10-29,7.45,40.8,38.4,2,91.2,23.6,4.19,3,303,95,79,133,14,3,8
USER071,2025-10-30,8.59,21.1,27.7,2,96.0,23.13,1.66,6,296,54,75,73,32,4,4
USER071,2025-10-31,7.86,19.1,31.0,2,95.0,23.5,5.1,1,200,88,93,81,5,4,4
USER071,2025-11-01,7.88,19.0,30.0,2,90.6,25.13,6.04,3,225,79,88,38,4,6,7
USER071,2025-11-02,10.02,23.8,28.9,3,91.7,24.44,5.03,1,316,69,69,32,35,5,6
USER071,2025-11-03,8.04,29.4,15.8,2,93.1,23.39,6.16,6,358,100,100,186,20,6,6
USER071,2025-11-04,11.0,17.5,25.8,1,89.9,23.65,2.9,0,465,56,70,19,8,6,4
USER071,2025-11-05,8.58,33.4,32.3,4,82.1,23.85,4.56,1,373,82,63,128,80,3,4
USER071,2025-11-06,5.84,23.8,18.3,1,94.1,23.01,3.43,1,268,74,68,105,17,3,7
USER072,2025-07-10,8.96,33.5,35.2,2,89.6,22.0,7.1,5,269,87,80,39,25,2,5
USER072,2025-07-11,7.59,20.7,24.3,3,97.4,21.77,5.94,1,296,90,59,192,6,3,5
USER072,2025-07-12,10.98,25.4,39.2,3,88.1,22.28,2.81,3,377,71,56,157,34,4,3
USER072,2025-07-13,10.71,25.7,24.0,1,91.4,23.38,2.94,1,371,68,71,57,9,4,7
USER072,2025-07-14,10.39,23.9,14.6,2,91.1,21.83,5.99,3,274,68,85,161,7,2,7
USER072,2025-07-15,9.5,31.0,36.9,5,99.5,22.11,5.92,3,200,92,87,139,74,4,4
USER072,2025-07-16,8.97,20.5,25.6,1,98.4,21.96,4.93,10,300,96,79,108,27,4,7
USER072,2025-07-17,6.93,26.9,26.2,0,86.4,21.53,8.1,1,279,68,55,76,74,5,2
USER072,2025-07-18,9.37,25.4,25.5,2,93.5,22.44,5.24,7,252,84,89,361,7,3,5
USER072,2025-07-19,11.3,17.5,26.3,1,98.4,23.18,2.77,0,368,55,94,50,15,3,4
USER072,2025-07-20,9.62,15.6,29.3,1,89.2,23.72,7.13,4,267,70,93,54,6,3,3
USER072,2025-07-21,9.33,16.0,27.8,0,90.4,21.51,4.43,7,230,75,79,81,14,3,5
USER072,2025-07-22,9.5,17.2,27.5,1,91.1,21.8,5.96,4,311,95,76,56,9,5,6
USER072,2025-07-23,9.82,23.7,32.7,0,90.4,21.52,5.07,2,292,77,79,67,26,5,6
USER072,2025-07-24,8.97,34.5,31.1,2,98.0,21.86,8.92,2,339,77,90,62,0,2,5
USER072,2025-07-25,8.1,32.2,38.1,2,97.7,22.38,5.41,4,240,97,49,113,24,3,5
USER072,2025-07-26,10.46,27.4,24.6,1,96.9,23.22,3.94,2,330,67,100,147,25,4,7
USER072,2025-07-27,10.34,19.1,24.3,0,81.8,22.68,3.73,0,378,71,78,20,13,1,3
USER072,2025-07-28,8.13,39.9,27.8,1,91.6,22.03,3.46,1,323,74,87,77,35,5,5
USER072,2025-07-29,7.55,18.8,26.7,1,93.8,21.92,4.75,0,290,63,71,63,19,3,5
USER072,2025-07-30,9.42,16.0,23.1,0,96.3,21.68,4.86,8,350,89,64,115,0,2,6
USER072,2025-07-31,7.14,33.3,25.2,0,89.3,22.33,7.29,3,402,70,92,96,28,4,7
USER072,2025-08-01,8.46,17.2,24.9,0,93.5,22.39,5.49,3,255,76,84,25,0,3,6
USER072,2025-08-02,9.01,20.9,35.9,3,97.9,23.69,6.24,2,299,88,100,44,82,6,7
USER072,2025-08-03,8.51,27.0,18.1,5,99.0,23.06,6.88,3,345,89,95,70,6,2,5
USER072,2025-08-04,7.05,24.9,26.8,3,89.9,21.6,3.0,0,302,71,51,141,26,4,3
USER072,2025-08-05,7.79,27.0,40.0,2,92.6,21.67,3.58,2,251,77,69,30,4,2,6
USER072,2025-08-06,7.47,33.1,24.2,0,96.9,22.15,2.32,4,248,71,100,117,37,2,4
USER072,2025-08-07,9.22,40.3,24.7,2,90.7,22.25,5.99,7,225,76,87,29,17,2,5
USER072,2025-08-08,7.62,19.1,29.3,2,92.4,21.75,4.07,4,366,78,82,111,11,4,6
USER072,2025-08-09,9.07,32.5,28.6,0,92.7,22.79,4.15,5,331,94,99,200,17,2,7
USER072,2025-08-10,9.12,26.0,31.0,5,94.5,22.92,5.27,3,204,98,88,16,20,5,6
USER072,2025-08-11,8.88,21.5,24.7,2,99.4,22.23,4.96,4,271,51,90,109,32,6,6
USER072,2025-08-12,7.0,18.9,35.4,1,88.0,21.97,5.17,4,285,57,51,127,42,2,5
USER072,2025-08-13,10.0,22.4,22.4,4,98.1,21.74,5.15,4,296,88,64,142,27,2,5
USER072,2025-08-14,8.94,31.3,19.7,0,90.0,21.98,6.99,0,228,100,70,175,7,6,5
USER072,2025-08-15,7.57,20.2,35.1,2,92.4,22.03,5.92,2,268,86,76,68,33,4,7
USER072,2025-08-16,8.12,33.3,24.8,2,96.9,23.28,6.45,3,200,68,100,27,21,7,5
USER072,2025-08-17,9.67,41.2,34.9,3,93.6,22.61,5.44,4,200,73,73,111,10,5,6
USER072,2025-08-18,9.25,28.4,34.3,1,91.9,21.56,4.83,4,200,86,77,102,2,3,6
USER072,2025-08-19,9.52,14.8,20.1,2,95.6,21.73,6.5,2,253,90,81,116,41,5,5
USER072,2025-08-20,8.34,35.9,28.9,4,96.3,22.32,5.5,5,226,100,78,87,16,4,5
USER072,2025-08-21,7.94,17.9,37.2,2,91.2,22.06,3.75,4,336,86,89,271,16,3,4
USER072,2025-08-22,9.34,39.9,19.5,3,89.7,22.49,4.43,3,268,82,95,188,4,4,5
USER072,2025-08-23,9.56,27.9,30.8,3,93.6,23.81,4.13,5,269,75,95,85,0,5,6
USER072,2025-08-24,10.75,32.1,28.9,1,89.9,22.61,4.76,3,296,72,83,184,53,2,4
USER072,2025-08-25,8.93,27.8,23.7,4,98.2,22.3,6.87,5,310,100,82,45,0,4,8
USER072,2025-08-26,9.3,29.2,35.2,3,97.2,21.83,5.29,5,200,89,97,57,9,3,5
USER072,2025-08-27,8.48,24.5,28.2,0,85.5,21.7,4.36,7,270,73,79,164,4,2,6
USER072,2025-08-28,9.22,27.5,23.2,3,91.0,21.51,7.35,6,259,91,92,37,25,3,3
USER072,2025-08-29,8.34,29.3,16.6,3,94.2,21.74,7.51,6,278,92,100,108,8,5,3
USER072,2025-08-30,8.86,22.2,25.0,2,89.5,22.73,5.15,8,336,71,78,89,0,6,6
USER072,2025-08-31,10.62,21.1,23.8,3,86.5,22.71,4.46,3,342,46,63,1,8,6,4
USER072,2025-09-01,7.2,23.0,28.2,4,95.1,21.57,4.99,1,271,79,81,15,8,3,6
USER072,2025-09-02,9.02,28.1,34.1,2,98.5,22.21,6.11,2,284,97,91,103,61,5,6
USER072,2025-09-03,9.35,33.0,26.1,3,93.7,22.34,6.8,6,203,87,84,45,22,4,7
USER072,2025-09-04,8.79,31.6,24.6,3,89.1,22.21,8.02,2,361,99,97,92,4,4,8
USER072,2025-09-05,8.46,15.3,23.3,4,90.8,22.29,6.87,4,309,61,68,15,14,4,8
USER072,2025-09-06,9.49,27.8,25.2,3,96.0,23.35,3.77,6,308,71,93,79,28,5,4
USER072,2025-09-07,8.76,30.6,26.7,0,93.2,22.91,5.8,4,217,91,64,244,39,4,3
USER072,2025-09-08,7.56,20.3,37.0,4,95.5,22.42,2.93,3,358,69,67,81,42,4,7
USER072,2025-09-09,9.02,35.2,19.1,4,90.3,22.1,7.23,4,355,87,100,72,29,1,6
USER072,2025-09-10,9.56,29.4,28.5,0,79.8,22.43,3.2,5,281,77,93,52,36,2,8
USER072,2025-09-11,6.62,21.7,17.4,1,91.7,21.88,4.97,1,205,77,59,35,3,4,6
USER072,2025-09-12,6.93,24.5,31.3,2,99.4,21.94,7.51,0,310,67,84,216,0,5,6
USER072,2025-09-13,8.43,20.7,27.4,2,98.6,22.54,5.99,5,225,80,84,208,12,7,5
USER072,2025-09-14,10.19,36.4,37.9,2,93.2,22.82,7.24,2,352,75,84,165,14,2,6
USER072,2025-09-15,9.2,29.3,23.9,1,89.1,21.98,5.49,4,242,92,73,206,18,2,4
USER072,2025-09-16,8.62,20.9,29.2,1,97.6,21.77,5.94,2,245,98,86,203,50,6,6
USER072,2025-09-17,9.86,26.5,19.4,4,97.9,21.54,8.12,1,235,85,77,118,11,4,5
USER072,2025-09-18,8.36,27.3,28.2,2,96.5,21.69,4.17,4,276,93,68,203,52,3,4
USER072,2025-09-19,7.31,22.7,25.9,2,97.5,21.57,6.75,1,280,80,84,117,47,3,4
USER072,2025-09-20,10.64,16.9,17.3,2,94.2,23.49,6.82,1,351,61,67,65,14,3,7
USER072,2025-09-21,9.92,43.5,22.8,3,93.0,23.47,2.6,4,235,95,71,135,80,4,6
USER072,2025-09-22,8.09,21.5,32.3,1,90.6,22.26,3.87,5,254,100,81,283,8,6,5
USER072,2025-09-23,8.62,19.9,26.1,2,92.4,21.51,8.67,2,200,91,74,117,4,3,7
USER072,2025-09-24,9.07,24.5,29.3,1,85.0,22.09,3.7,3,283,76,86,165,12,4,6
USER072,2025-09-25,9.3,22.7,36.0,2,89.6,22.37,5.63,0,200,76,96,261,15,6,8
USER072,2025-09-26,10.77,21.3,16.9,5,92.7,21.97,5.29,2,236,86,84,21,28,5,5
USER072,2025-09-27,10.22,19.5,30.1,4,91.1,23.14,4.6,1,269,62,73,57,10,3,5
USER072,2025-09-28,9.82,21.2,32.9,0,95.4,22.71,3.98,3,215,72,66,152,41,6,5
USER072,2025-09-29,10.05,28.7,31.8,3,92.9,22.38,5.76,7,326,65,84,232,17,6,4
USER072,2025-09-30,9.41,14.0,29.2,1,94.5,21.85,6.59,2,373,96,80,48,37,3,4
USER072,2025-10-01,9.03,34.7,18.9,1,91.1,21.93,6.03,8,252,95,95,17,25,3,7
USER072,2025-10-02,8.36,20.8,27.1,0,92.3,21.75,7.43,3,265,84,75,143,4,5,7
USER072,2025-10-03,7.7,20.6,22.2,2,92.4,21.6,2.9,7,295,81,87,115,2,4,5
USER072,2025-10-04,9.3,24.0,28.8,3,98.5,22.27,8.14,2,272,81,70,180,25,3,8
USER072,2025-10-05,9.93,19.9,18.7,5,88.4,23.34,5.78,2,258,81,65,54,26,5,6
USER072,2025-10-06,9.11,32.0,30.2,2,95.2,22.06,6.11,4,281,86,82,91,4,2,6
USER072,2025-10-07,7.53,29.8,29.8,4,93.9,22.47,3.08,2,311,65,70,63,0,2,5
USER072,2025-10-08,9.1,32.2,27.8,2,93.4,21.85,2.26,1,272,100,100,131,7,4,7
USER072,2025-10-09,9.76,19.3,33.1,0,88.9,22.22,5.62,4,230,81,100,93,18,5,5
USER072,2025-10-10,9.57,23.5,32.1,2,94.7,21.6,2.8,7,236,84,77,11,15,3,6
USER072,2025-10-11,8.14,24.1,31.7,2,96.4,23.73,7.95,4,388,78,97,64,26,2,6
USER072,2025-10-12,12.0,18.8,28.7,3,96.3,23.16,3.34,0,363,62,68,41,17,2,2
USER072,2025-10-13,10.55,21.6,26.7,2,98.3,21.92,5.71,2,324,55,72,53,4,4,8
USER072,2025-10-14,7.83,28.6,18.8,2,98.8,22.39,5.73,6,250,58,72,95,1,7,8
USER072,2025-10-15,8.35,39.7,28.6,3,99.3,22.46,3.87,5,307,88,96,137,93,3,4
USER072,2025-10-16,7.33,20.0,26.0,2,97.8,22.37,6.54,1,332,87,67,137,2,3,6
USER072,2025-10-17,7.88,19.0,24.8,1,96.7,22.03,7.35,2,296,89,86,51,3,2,6
USER072,2025-10-18,10.59,14.4,30.9,1,94.3,22.16,6.37,1,245,68,82,66,7,5,6
USER072,2025-10-19,11.71,31.3,32.4,0,90.7,22.52,2.41,1,394,61,73,70,22,3,4
USER072,2025-10-20,9.36,20.3,29.1,2,95.8,22.11,4.63,3,206,87,75,62,12,5,8
USER072,2025-10-21,8.12,14.7,25.7,2,95.3,22.37,6.09,2,335,65,82,58,36,2,5
USER072,2025-10-22,7.47,31.2,26.9,5,95.8,21.77,4.28,0,292,74,68,78,24,6,3
USER072,2025-10-23,7.72,30.0,37.7,1,96.5,22.3,8.01,4,336,77,83,27,0,4,4
USER072,2025-10-24,8.68,26.1,29.3,4,87.7,22.35,4.95,4,308,100,99,142,51,2,7
USER072,2025-10-25,10.78,18.1,24.5,2,94.7,23.63,3.63,2,256,64,85,41,5,6,3
USER072,2025-10-26,9.41,14.8,30.8,2,93.3,23.63,0.78,2,298,100,90,119,3,5,6
USER072,2025-10-27,8.44,20.4,27.5,3,96.2,21.83,2.06,3,251,93,95,78,11,3,7
USER072,2025-10-28,8.05,19.4,32.7,0,96.9,22.24,4.34,5,231,71,68,72,18,5,4
USER072,2025-10-29,9.6,17.0,19.1,1,84.6,22.12,5.13,2,312,93,92,255,2,4,5
USER072,2025-10-30,10.34,23.9,26.9,1,93.7,22.15,5.26,5,311,72,77,271,25,4,4
USER072,2025-10-31,8.27,27.1,25.7,3,98.3,21.68,7.02,4,283,75,94,26,27,4,6
USER072,2025-11-01,9.84,28.3,23.1,0,97.1,22.51,4.4,6,344,95,88,270,9,5,5
USER072,2025-11-02,9.0,17.8,33.1,1,83.5,22.05,4.63,5,277,92,81,242,26,3,6
USER072,2025-11-03,9.25,17.8,32.4,3,96.3,21.77,3.4,3,402,99,86,73,23,7,6
USER072,2025-11-04,7.19,23.0,23.2,3,97.5,22.37,4.97,3,281,68,74,35,16,3,5
USER072,2025-11-05,9.15,21.9,26.4,0,95.3,21.51,4.81,7,343,81,81,116,8,5,7
USER072,2025-11-06,9.14,23.3,37.6,0,95.6,22.42,5.42,6,254,99,69,86,7,6,5
USER073,2025-07-10,8.21,21.7,20.2,2,91.7,23.09,4.78,9,219,76,82,121,19,4,7
USER073,2025-07-11,7.69,18.7,27.4,1,94.4,23.36,9.11,4,239,83,95,12,7,5,5
USER073,2025-07-12,8.26,19.9,28.1,3,96.5,24.43,7.85,6,243,95,93,86,13,8,5
USER073,2025-07-13,8.97,11.3,20.5,1,95.4,24.93,5.38,3,333,89,64,152,15,3,5
USER073,2025-07-14,7.16,34.8,33.0,2,93.5,23.7,5.68,2,239,70,68,34,42,6,8
USER073,2025-07-15,8.02,21.8,28.5,4,93.1,23.17,5.68,4,215,96,100,10,14,1,5
USER073,2025-07-16,5.53,15.4,34.7,1,97.8,23.38,4.24,1,296,79,66,33,24,2,5
USER073,2025-07-17,7.33,24.6,31.1,2,97.2,23.06,3.06,3,245,100,61,86,20,3,5
USER073,2025-07-18,8.01,35.5,40.0,1,99.4,23.54,8.41,5,302,87,78,32,11,3,5
USER073,2025-07-19,10.48,25.5,26.8,2,98.7,25.0,3.02,0,395,51,68,226,5,3,7
USER073,2025-07-20,8.28,28.9,16.8,4,97.9,24.38,5.15,3,213,82,81,33,30,3,5
USER073,2025-07-21,7.12,36.2,34.1,2,91.5,23.51,3.99,6,271,86,89,94,19,5,4
USER073,2025-07-22,7.84,17.8,31.8,0,87.9,23.22,5.81,1,283,84,92,46,31,5,8
USER073,2025-07-23,6.89,33.6,21.4,1,92.0,23.04,7.12,2,266,72,68,101,29,3,6
USER073,2025-07-24,6.99,28.7,25.0,2,93.2,23.87,5.0,2,317,95,63,14,32,4,6
USER073,2025-07-25,8.93,15.9,31.0,4,92.1,23.6,3.85,2,288,83,83,162,15,5,7
USER073,2025-07-26,8.3,37.4,23.6,2,88.8,24.34,5.52,2,309,88,100,75,37,6,4
USER073,2025-07-27,8.95,19.7,26.7,0,94.8,24.44,6.03,3,239,84,91,61,3,3,4
USER073,2025-07-28,9.25,30.9,24.3,3,93.0,23.93,5.86,0,213,83,68,136,17,4,8
USER073,2025-07-29,6.94,22.2,26.1,2,92.8,23.43,3.13,1,212,93,72,46,1,3,4
USER073,2025-07-30,7.67,29.5,32.0,2,94.2,23.74,1.11,1,200,73,73,24,17,3,7
USER073,2025-07-31,7.61,28.5,29.8,7,96.9,23.7,4.24,4,208,85,84,42,86,5,8
USER073,2025-08-01,8.03,21.4,18.1,3,95.0,23.35,8.56,6,240,88,74,74,11,3,5
USER073,2025-08-02,7.49,19.8,24.5,0,91.2,25.45,4.41,4,439,77,95,62,60,2,8
USER073,2025-08-03,9.01,42.8,25.0,1,96.1,23.74,6.68,6,318,63,67,63,8,4,6
USER073,2025-08-04,8.89,24.3,23.6,2,91.9,23.56,7.09,3,310,86,82,139,56,3,7
USER073,2025-08-05,7.18,17.2,28.1,4,96.9,23.98,5.86,4,251,88,76,40,0,2,6
USER073,2025-08-06,8.71,29.5,37.0,3,93.6,24.0,5.03,4,342,79,82,21,21,5,3
USER073,2025-08-07,7.45,35.4,26.2,2,97.6,23.46,5.97,8,293,94,78,106,66,4,3
USER073,2025-08-08,7.52,22.2,35.8,1,98.8,23.83,2.84,2,200,89,79,36,32,5,7
USER073,2025-08-09,7.85,28.8,24.2,4,99.0,23.76,7.29,1,200,87,99,47,11,3,7
USER073,2025-08-10,9.1,40.7,30.1,1,87.4,24.7,6.83,1,303,76,82,187,0,5,4
USER073,2025-08-11,7.72,15.0,28.4,2,93.6,23.2,6.25,5,200,69,80,212,9,3,8
USER073,2025-08-12,6.3,30.5,22.3,1,96.2,23.76,4.84,1,285,68,98,112,81,5,6
USER073,2025-08-13,9.34,23.3,21.9,2,94.2,23.56,5.03,1,279,72,78,74,35,2,5
USER073,2025-08-14,7.25,31.1,25.3,2,92.5,23.36,5.54,1,324,67,85,131,39,4,6
USER073,2025-08-15,6.56,27.4,14.9,1,94.4,23.78,6.09,3,350,72,98,74,36,4,7
USER073,2025-08-16,9.3,26.4,22.2,0,98.0,24.79,4.44,4,341,68,100,76,18,3,7
USER073,2025-08-17,7.37,22.7,26.5,1,96.2,23.5,4.33,1,245,97,76,49,10,2,8
USER073,2025-08-18,7.14,17.2,22.3,1,96.8,23.08,8.57,5,210,75,100,53,0,6,7
USER073,2025-08-19,8.48,17.4,32.1,0,95.1,23.2,3.56,6,285,97,56,15,17,3,7
USER073,2025-08-20,8.19,28.6,32.7,0,95.9,23.28,6.42,4,254,80,90,152,11,5,5
USER073,2025-08-21,9.83,35.0,35.2,2,99.1,23.1,6.41,2,335,79,53,33,3,4,7
USER073,2025-08-22,9.11,34.4,21.7,4,98.3,23.61,6.84,1,333,79,100,126,23,3,6
USER073,2025-08-23,8.22,18.2,36.8,2,96.6,24.97,6.99,7,260,79,90,143,68,5,6
USER073,2025-08-24,9.12,39.1,25.5,0,96.2,24.82,4.16,1,248,80,76,124,4,3,5
USER073,2025-08-25,7.6,18.2,37.2,2,95.4,23.55,1.14,3,227,79,100,9,20,5,6
USER073,2025-08-26,6.68,23.4,27.0,2,98.5,23.07,2.38,4,274,76,75,151,14,4,5
USER073,2025-08-27,7.89,23.5,26.4,1,98.9,23.96,8.04,9,289,88,75,67,18,4,4
USER073,2025-08-28,9.63,24.9,24.0,1,94.6,23.46,2.82,2,442,80,73,51,26,1,3
USER073,2025-08-29,7.16,22.5,21.9,4,99.1,23.85,5.98,4,293,67,100,381,23,3,6
USER073,2025-08-30,9.13,12.7,24.4,1,97.2,24.67,3.21,3,365,71,77,87,15,5,4
USER073,2025-08-31,8.42,28.9,21.3,1,93.8,23.99,3.55,5,267,85,88,118,32,4,7
USER073,2025-09-01,8.13,25.1,20.2,2,85.8,23.18,2.81,7,284,85,83,166,32,3,6
USER073,2025-09-02,7.84,28.7,21.9,0,95.1,23.54,5.17,7,222,83,93,88,27,3,5
USER073,2025-09-03,6.39,15.2,38.7,3,91.3,23.95,5.11,1,316,81,68,182,61,4,6
USER073,2025-09-04,8.73,32.2,27.7,2,91.4,23.56,3.86,2,335,82,68,98,41,5,7
USER073,2025-09-05,7.86,23.3,19.4,2,90.2,23.29,7.26,7,291,96,96,242,16,3,6
USER073,2025-09-06,8.92,21.7,21.3,4,94.0,24.68,7.99,3,268,67,59,134,35,3,3
USER073,2025-09-07,8.15,17.9,28.9,4,99.7,24.88,5.09,4,371,80,90,229,9,5,3
USER073,2025-09-08,9.22,23.7,23.0,5,91.7,23.68,7.57,3,256,82,85,21,13,3,8
USER073,2025-09-09,8.56,18.3,35.5,2,96.5,23.83,6.83,6,352,86,54,110,26,3,5
USER073,2025-09-10,8.24,37.6,26.6,1,94.3,23.37,4.84,9,274,80,100,114,3,5,7
USER073,2025-09-11,6.01,17.2,17.5,2,92.9,23.98,2.79,2,276,75,76,24,1,6,4
USER073,2025-09-12,6.1,22.3,30.5,5,97.4,23.47,3.63,4,403,79,76,1,38,3,7
USER073,2025-09-13,8.23,37.7,24.0,5,95.8,23.85,6.58,7,200,84,78,125,0,7,6
USER073,2025-09-14,9.53,23.7,24.7,6,96.4,24.95,3.42,3,344,72,92,74,5,5,8
USER073,2025-09-15,6.13,23.8,15.8,1,94.6,23.2,4.79,1,216,67,87,26,1,1,5
USER073,2025-09-16,7.66,15.6,18.4,3,93.6,23.7,5.85,7,211,70,78,185,17,5,5
USER073,2025-09-17,7.33,27.4,20.4,3,92.6,23.32,6.0,4,317,91,77,69,8,3,7
USER073,2025-09-18,7.35,28.1,37.2,3,96.2,23.19,5.31,2,298,73,73,26,10,3,6
USER073,2025-09-19,7.35,27.3,31.1,1,93.0,23.78,5.69,2,329,92,89,232,2,4,6
USER073,2025-09-20,8.73,20.3,32.6,2,91.5,23.92,7.32,2,280,63,87,88,16,5,6
USER073,2025-09-21,9.49,32.8,22.4,1,95.5,24.93,3.26,1,246,81,71,45,19,2,6
USER073,2025-09-22,9.13,22.3,26.6,8,94.8,23.29,3.78,9,383,100,78,139,29,4,7
USER073,2025-09-23,6.74,29.7,33.3,0,89.2,23.07,8.06,6,269,66,72,52,33,5,2
USER073,2025-09-24,7.77,35.5,24.9,2,95.6,23.46,5.25,3,272,93,91,49,9,1,6
USER073,2025-09-25,8.7,20.9,31.0,1,89.2,23.1,7.41,4,283,84,78,188,2,3,2
USER073,2025-09-26,9.34,20.8,35.8,1,92.6,23.24,4.79,1,261,67,64,165,24,2,7
USER073,2025-09-27,9.79,23.9,27.3,1,93.5,24.75,0.5,1,392,76,88,149,5,4,6
USER073,2025-09-28,9.31,23.0,30.6,2,95.1,23.87,3.6,2,200,71,90,128,31,4,4
USER073,2025-09-29,6.74,23.2,22.8,2,91.8,23.25,2.68,2,398,100,70,116,20,1,6
USER073,2025-09-30,8.21,30.7,27.8,3,95.5,23.74,6.68,3,233,100,76,69,11,2,8
USER073,2025-10-01,8.05,20.3,27.3,3,97.5,23.87,7.47,6,251,97,92,21,16,5,5
USER073,2025-10-02,8.12,38.2,27.2,3,96.9,23.68,2.54,3,271,84,87,97,0,7,6
USER073,2025-10-03,7.45,21.2,37.0,2,92.9,23.73,4.02,5,211,77,96,95,35,7,5
USER073,2025-10-04,7.72,12.7,30.5,2,99.1,23.79,6.58,5,251,94,80,10,2,5,6
USER073,2025-10-05,9.49,26.1,25.8,1,99.1,23.62,5.38,2,348,73,66,58,9,3,8
USER073,2025-10-06,7.88,22.7,29.4,2,96.5,23.74,5.81,5,229,81,91,58,27,2,5
USER073,2025-10-07,6.78,34.8,20.1,1,99.8,23.86,7.05,2,296,60,79,294,31,4,7
USER073,2025-10-08,8.44,32.3,22.7,3,98.2,23.87,3.72,2,263,76,77,23,15,5,3
USER073,2025-10-09,7.12,16.8,21.7,2,93.0,23.73,7.19,0,253,86,88,88,13,2,8
USER073,2025-10-10,7.76,24.8,27.1,3,81.9,23.67,6.17,3,272,83,90,96,12,4,4
USER073,2025-10-11,6.14,35.3,24.2,0,94.4,24.15,2.24,3,297,68,68,106,14,3,4
USER073,2025-10-12,9.87,16.0,30.3,1,97.2,23.73,3.18,3,346,79,74,89,14,2,5
USER073,2025-10-13,8.05,26.0,33.4,1,87.6,23.78,5.21,4,240,82,87,240,18,3,5
USER073,2025-10-14,8.82,21.6,37.1,1,95.3,23.97,3.05,1,350,84,63,45,1,3,5
USER073,2025-10-15,7.61,24.2,17.8,1,88.8,23.93,4.55,5,308,80,67,56,48,3,5
USER073,2025-10-16,10.28,22.5,31.0,4,95.4,23.78,3.16,1,306,59,62,100,7,3,6
USER073,2025-10-17,8.4,21.6,32.4,1,99.6,23.72,5.7,4,285,92,99,161,56,5,4
USER073,2025-10-18,8.99,26.6,28.1,0,95.9,23.64,3.53,4,267,78,77,23,43,3,6
USER073,2025-10-19,7.8,34.1,19.8,2,93.7,23.96,3.77,4,200,85,86,67,24,4,4
USER073,2025-10-20,6.52,14.6,31.0,2,94.8,23.8,3.49,3,278,68,80,235,19,4,4
USER073,2025-10-21,7.2,23.7,24.2,1,93.4,23.28,5.51,1,315,72,96,8,15,4,5
USER073,2025-10-22,7.1,14.7,23.9,1,94.7,23.18,2.46,1,218,66,74,15,22,5,8
USER073,2025-10-23,7.45,39.0,26.8,0,98.3,23.98,5.62,6,204,92,80,157,32,3,6
USER073,2025-10-24,6.62,33.1,26.0,1,98.5,23.84,4.81,1,401,80,88,196,3,4,5
USER073,2025-10-25,9.55,15.9,18.6,2,95.2,24.21,3.27,4,340,76,82,15,11,4,4
USER073,2025-10-26,9.03,24.3,26.8,1,96.6,24.99,8.84,3,304,75,79,14,65,8,5
USER073,2025-10-27,10.06,18.6,38.7,5,97.2,23.28,2.44,2,329,58,76,75,17,2,7
USER073,2025-10-28,8.23,22.9,36.5,3,96.4,23.57,5.95,7,233,92,83,32,27,1,3
USER073,2025-10-29,8.07,25.1,32.0,0,98.1,23.93,6.94,3,209,100,74,51,3,4,7
USER073,2025-10-30,6.41,15.4,27.6,1,90.5,23.3,3.81,3,280,76,72,100,12,1,7
USER073,2025-10-31,6.72,26.6,20.3,1,90.6,23.65,5.52,1,269,76,59,29,9,2,8
USER073,2025-11-01,8.48,12.8,26.6,2,95.8,25.24,4.47,2,200,89,97,102,48,3,6
USER073,2025-11-02,8.22,25.7,24.6,1,95.7,23.93,5.22,1,203,93,83,165,8,3,6
USER073,2025-11-03,8.62,23.5,27.5,1,92.6,23.7,1.04,3,399,84,96,112,57,5,3
USER073,2025-11-04,7.65,30.7,35.3,3,99.3,23.98,7.17,4,255,97,76,176,26,3,7
USER073,2025-11-05,9.42,25.2,21.0,0,93.4,23.55,4.57,1,359,69,84,52,32,6,4
USER073,2025-11-06,8.35,24.6,13.8,4,98.7,23.46,2.81,6,200,82,100,80,61,4,4
USER074,2025-07-10,7.23,31.2,28.4,3,92.4,23.74,4.21,1,255,79,78,95,32,4,4
USER074,2025-07-11,8.39,27.2,28.9,1,99.4,23.87,3.86,4,200,94,63,97,7,4,7
USER074,2025-07-12,8.53,18.7,23.9,2,97.6,25.38,6.26,0,200,88,100,108,51,4,3
USER074,2025-07-13,8.71,32.5,41.2,1,97.1,25.21,4.12,3,225,92,70,106,1,2,4
USER074,2025-07-14,9.38,31.6,33.4,0,97.3,23.34,6.25,1,326,75,87,51,9,2,6
USER074,2025-07-15,8.94,30.5,28.9,1,88.4,23.47,5.61,5,229,71,67,81,0,4,7
USER074,2025-07-16,7.36,20.1,24.1,2,97.4,23.44,3.95,7,274,86,67,42,94,4,6
USER074,2025-07-17,6.71,17.3,30.3,1,92.9,23.77,3.26,1,346,71,85,71,16,2,6
USER074,2025-07-18,6.89,29.7,20.0,3,98.2,23.54,4.35,2,283,68,60,136,38,5,5
USER074,2025-07-19,8.63,27.3,23.2,2,98.3,25.12,7.22,3,261,97,83,25,0,4,6
USER074,2025-07-20,8.63,20.1,25.9,2,87.5,24.65,5.42,2,307,79,77,88,24,4,7
USER074,2025-07-21,8.45,32.0,23.6,1,97.4,23.5,4.77,8,221,82,88,59,17,7,4
USER074,2025-07-22,7.87,23.5,16.2,3,91.2,23.96,6.91,4,344,90,79,61,7,5,7
USER074,2025-07-23,8.23,28.7,22.6,3,90.4,23.09,6.59,3,200,94,74,31,3,6,6
USER074,2025-07-24,9.58,29.3,18.6,0,95.4,23.72,4.26,3,250,81,67,71,34,4,3
USER074,2025-07-25,8.49,25.3,36.7,0,96.5,23.37,3.83,7,277,86,98,183,15,2,5
USER074,2025-07-26,10.44,16.8,24.1,2,88.3,24.64,2.54,0,393,81,69,33,33,3,5
USER074,2025-07-27,9.82,23.9,30.2,3,89.1,23.74,3.58,4,264,84,70,136,32,4,4
USER074,2025-07-28,9.82,30.2,40.2,2,98.2,23.13,3.64,2,249,66,75,51,22,2,5
USER074,2025-07-29,7.05,27.9,23.1,3,95.6,23.88,4.88,2,295,56,53,93,17,2,6
USER074,2025-07-30,7.56,23.6,28.8,2,93.9,23.53,6.0,8,347,73,77,138,25,3,6
USER074,2025-07-31,8.9,32.3,34.1,2,91.9,23.89,6.35,3,268,90,75,91,58,4,7
USER074,2025-08-01,9.66,24.8,23.8,6,94.1,23.21,6.31,0,276,91,64,99,51,2,4
USER074,2025-08-02,10.24,20.0,33.6,2,96.4,23.71,4.73,2,285,80,80,65,32,4,4
USER074,2025-08-03,8.5,27.3,25.0,1,95.6,24.04,4.99,5,276,88,96,10,18,3,6
USER074,2025-08-04,8.38,22.9,21.7,0,97.5,23.22,7.38,2,230,84,62,25,38,4,6
USER074,2025-08-05,6.12,20.8,25.0,1,99.3,23.87,5.16,3,250,63,80,136,3,3,6
USER074,2025-08-06,7.16,26.9,27.8,1,92.0,23.84,4.1,4,286,71,98,32,0,4,6
USER074,2025-08-07,6.84,22.1,21.5,1,97.7,23.26,2.95,2,344,69,75,60,7,6,7
USER074,2025-08-08,6.39,32.9,35.0,1,90.9,23.14,3.41,2,289,65,72,68,51,6,4
USER074,2025-08-09,9.65,38.4,22.9,3,98.2,25.09,4.8,4,250,67,69,68,19,3,3
USER074,2025-08-10,8.4,31.0,20.8,1,96.9,24.49,10.0,4,329,55,89,40,83,5,7
USER074,2025-08-11,8.31,25.3,32.6,1,93.7,23.95,4.48,4,274,82,100,235,24,3,6
USER074,2025-08-12,11.2,37.6,28.8,5,87.8,23.29,2.69,0,320,78,72,78,5,3,7
USER074,2025-08-13,8.63,12.4,35.2,4,89.5,23.64,6.76,5,264,71,90,82,7,1,5
USER074,2025-08-14,7.61,27.6,27.2,2,92.4,23.6,5.53,3,299,78,84,80,53,4,5
USER074,2025-08-15,8.25,17.2,27.0,1,90.8,23.9,6.27,4,252,89,76,101,14,4,8
USER074,2025-08-16,9.81,32.1,22.4,0,95.1,25.42,3.7,3,233,84,65,176,22,2,5
USER074,2025-08-17,8.49,24.4,26.5,1,97.3,25.27,8.79,5,231,91,100,59,23,4,5
USER074,2025-08-18,7.73,31.4,24.2,1,93.4,23.86,5.81,6,241,85,82,71,14,4,6
USER074,2025-08-19,6.86,20.0,27.3,3,86.2,23.83,6.16,2,267,62,57,145,50,4,3
USER074,2025-08-20,6.64,22.6,14.6,1,96.6,23.48,5.18,2,310,56,51,67,17,4,6
USER074,2025-08-21,9.38,14.2,28.9,3,90.5,23.09,3.33,2,266,79,99,169,96,5,6
USER074,2025-08-22,7.52,32.0,27.7,5,90.3,23.55,4.23,2,291,84,65,130,10,6,6
USER074,2025-08-23,9.86,30.9,30.4,1,94.6,25.09,6.23,1,340,88,96,128,17,1,4
USER074,2025-08-24,9.37,24.1,27.8,2,97.0,24.8,6.5,2,201,91,80,67,13,4,4
USER074,2025-08-25,7.34,27.0,40.0,4,86.4,23.29,8.6,1,310,64,100,58,1,3,6
USER074,2025-08-26,8.02,22.8,31.9,1,95.1,23.82,5.45,3,205,86,89,40,9,4,6
USER074,2025-08-27,8.36,24.8,28.5,2,96.4,23.75,7.27,9,297,83,73,121,10,4,7
USER074,2025-08-28,8.3,33.7,32.3,2,95.1,23.84,4.94,5,323,100,91,241,62,3,5
USER074,2025-08-29,7.57,30.5,31.2,3,86.3,23.03,5.01,2,293,74,71,143,1,2,6
USER074,2025-08-30,9.6,27.5,23.1,1,94.5,23.79,5.49,0,274,92,78,111,5,3,6
USER074,2025-08-31,9.12,19.2,21.5,4,95.6,23.8,4.87,4,339,87,58,87,7,5,7
USER074,2025-09-01,7.36,21.6,24.4,1,96.6,23.81,7.01,1,305,90,85,164,33,4,5
USER074,2025-09-02,8.59,31.7,21.1,3,97.6,23.97,7.61,3,225,92,91,116,2,2,5
USER074,2025-09-03,9.06,26.3,25.8,1,97.9,23.52,5.37,1,332,82,65,177,39,2,6
USER074,2025-09-04,10.63,22.1,35.4,3,90.2,23.54,4.6,2,200,70,41,69,8,4,6
USER074,2025-09-05,8.24,23.4,22.8,5,93.1,23.02,4.15,3,214,99,100,131,3,5,7
USER074,2025-09-06,11.23,17.3,22.3,1,95.5,25.22,3.98,0,415,63,54,103,44,5,7
USER074,2025-09-07,8.01,18.9,36.5,6,98.3,24.68,2.88,5,282,84,100,119,0,4,7
USER074,2025-09-08,11.15,22.6,19.3,6,92.3,23.02,4.49,1,328,74,61,118,37,3,5
USER074,2025-09-09,7.05,30.0,27.8,5,97.4,23.67,5.56,3,313,97,91,87,15,4,6
USER074,2025-09-10,6.29,32.3,32.3,3,98.3,23.97,6.24,0,303,81,62,40,27,4,4
USER074,2025-09-11,7.41,31.1,34.8,2,98.5,23.18,4.81,3,321,61,94,114,9,5,5
USER074,2025-09-12,6.11,30.4,26.0,2,94.2,23.91,8.02,2,275,59,72,349,2,3,5
USER074,2025-09-13,8.73,29.2,20.6,1,92.9,24.29,6.76,9,329,100,74,107,30,3,6
USER074,2025-09-14,8.67,19.4,29.5,2,98.4,25.27,6.4,5,249,86,92,214,12,3,8
USER074,2025-09-15,7.98,28.3,23.7,5,95.4,23.39,2.49,5,275,77,85,67,0,6,7
USER074,2025-09-16,8.47,22.0,26.8,2,95.1,23.16,6.49,7,238,86,97,14,24,4,7
USER074,2025-09-17,9.15,24.1,23.3,5,90.8,23.99,4.65,6,341,79,91,123,9,3,7
USER074,2025-09-18,6.89,20.5,32.1,2,92.5,23.95,3.06,3,295,94,76,125,6,6,7
USER074,2025-09-19,9.34,30.8,23.6,2,98.1,23.75,4.09,1,292,80,78,34,17,3,3
USER074,2025-09-20,9.12,26.9,20.6,2,96.2,24.47,3.81,4,258,83,95,100,69,6,6
USER074,2025-09-21,8.21,20.3,21.5,5,99.0,24.01,7.93,12,274,86,66,234,6,6,6
USER074,2025-09-22,8.07,15.3,29.9,0,92.1,23.89,6.46,3,248,78,97,42,11,3,6
USER074,2025-09-23,7.22,28.8,24.9,4,90.3,23.56,5.15,0,318,89,99,25,40,2,6
USER074,2025-09-24,8.27,38.9,34.3,1,96.7,23.8,4.9,5,340,92,100,113,7,3,5
USER074,2025-09-25,9.08,33.4,37.0,2,89.2,23.97,5.2,8,200,69,92,107,26,4,5
USER074,2025-09-26,7.68,15.1,24.6,4,90.8,23.76,4.21,1,302,80,85,13,0,6,3
USER074,2025-09-27,8.16,33.1,24.2,4,90.8,23.89,3.82,3,217,92,92,42,47,2,2
USER074,2025-09-28,8.58,25.6,21.7,2,87.7,24.78,7.81,2,338,100,81,67,15,4,6
USER074,2025-09-29,7.53,24.4,22.0,1,89.0,23.04,6.45,4,247,78,73,77,23,6,5
USER074,2025-09-30,5.99,33.6,18.9,2,87.7,23.82,3.23,1,351,50,60,14,7,4,5
USER074,2025-10-01,9.17,14.9,35.4,1,93.9,23.44,5.98,3,312,84,92,63,29,3,8
USER074,2025-10-02,9.72,14.6,27.7,4,93.8,23.45,4.96,2,298,82,70,106,32,3,7
USER074,2025-10-03,7.55,22.6,33.8,1,97.2,23.9,4.28,2,233,76,78,229,81,4,4
USER074,2025-10-04,8.83,21.6,24.4,2,97.5,23.53,6.88,5,263,92,90,20,7,4,5
USER074,2025-10-05,8.68,14.4,26.1,2,91.8,24.41,3.15,1,356,83,82,70,0,5,6
USER074,2025-10-06,8.8,16.8,38.7,1,93.8,23.33,4.98,1,328,95,61,145,37,4,5
USER074,2025-10-07,7.26,28.2,30.6,3,94.5,23.96,6.24,3,256,75,93,380,22,3,5
USER074,2025-10-08,9.28,30.3,29.3,5,95.7,23.34,4.87,5,322,96,91,48,21,3,2
USER074,2025-10-09,7.05,17.6,21.2,4,95.3,23.17,3.54,4,300,67,87,159,2,5,7
USER074,2025-10-10,7.26,25.0,27.3,2,96.5,23.06,6.73,4,377,84,62,52,8,3,3
USER074,2025-10-11,9.09,18.9,23.9,3,94.0,24.41,2.76,2,343,95,80,125,9,2,8
USER074,2025-10-12,8.57,25.9,16.1,4,94.5,25.09,6.46,3,312,100,71,202,21,5,7
USER074,2025-10-13,10.17,24.1,33.6,2,91.8,23.35,5.33,1,341,70,67,16,86,1,7
USER074,2025-10-14,8.28,14.9,13.2,0,90.8,23.11,4.9,8,275,82,100,73,30,3,4
USER074,2025-10-15,8.76,20.3,23.3,4,89.6,23.78,6.37,3,200,82,82,118,33,2,8
USER074,2025-10-16,8.1,22.7,21.3,4,94.1,23.66,5.71,3,221,88,91,184,3,4,8
USER074,2025-10-17,6.27,32.2,33.3,2,98.2,23.98,4.62,2,335,81,90,77,2,5,5
USER074,2025-10-18,7.91,32.4,20.9,4,92.0,24.93,4.49,2,204,65,96,36,25,4,5
USER074,2025-10-19,9.55,17.0,26.6,2,97.7,25.33,7.69,3,441,86,70,60,35,3,8
USER074,2025-10-20,9.22,19.4,23.5,2,88.3,23.29,6.44,2,289,95,88,57,28,5,6
USER074,2025-10-21,6.97,14.7,27.2,2,96.5,23.7,4.63,1,252,69,82,59,45,5,8
USER074,2025-10-22,9.09,19.8,28.0,1,91.7,23.15,6.34,6,291,95,100,273,0,3,8
USER074,2025-10-23,7.2,27.4,25.4,1,94.0,23.85,4.7,4,291,74,92,166,31,4,7
USER074,2025-10-24,9.63,27.7,28.4,2,96.1,23.34,2.5,3,307,87,85,177,11,7,4
USER074,2025-10-25,9.78,26.5,17.2,1,95.2,24.46,7.76,3,315,68,89,69,17,3,5
USER074,2025-10-26,10.41,28.4,32.3,2,99.4,24.7,4.37,1,282,68,78,122,25,4,7
USER074,2025-10-27,9.14,16.4,32.0,5,98.1,23.59,5.25,0,399,87,99,119,11,5,6
USER074,2025-10-28,9.63,24.3,27.3,1,97.1,23.19,4.14,3,286,89,75,287,6,4,6
USER074,2025-10-29,7.75,29.6,32.7,4,95.8,23.15,5.47,3,309,80,88,70,7,3,7
USER074,2025-10-30,8.8,36.1,16.5,3,86.8,23.12,4.76,3,373,82,68,257,5,4,7
USER074,2025-10-31,7.66,32.6,26.3,1,93.1,23.76,1.5,0,347,79,73,47,0,7,4
USER074,2025-11-01,11.36,31.0,23.7,5,94.4,23.55,5.14,0,398,40,66,16,46,1,3
USER074,2025-11-02,8.02,20.9,29.3,1,95.6,24.96,8.01,5,271,93,86,47,47,1,5
USER074,2025-11-03,7.82,20.5,36.1,1,94.4,23.9,5.53,4,271,88,69,71,8,6,7
USER074,2025-11-04,8.04,33.4,31.8,4,97.6,23.79,2.57,1,291,80,71,159,8,2,6
USER074,2025-11-05,9.48,25.3,31.8,3,92.1,23.92,6.93,2,214,60,95,35,17,5,5
USER074,2025-11-06,6.11,21.2,36.0,3,94.8,23.04,6.1,1,253,75,43,17,66,4,4
USER075,2025-07-10,8.49,22.2,35.6,5,94.2,0.72,5.06,8,200,76,86,25,2,6,9
USER075,2025-07-11,7.02,32.7,29.7,1,93.9,1.06,8.48,2,254,90,82,154,22,5,5
USER075,2025-07-12,8.54,27.8,34.0,3,99.1,2.11,6.69,7,200,97,78,72,14,6,5
USER075,2025-07-13,9.15,38.4,21.2,2,95.5,1.03,6.29,1,242,77,93,41,2,2,7
USER075,2025-07-14,8.63,24.4,24.7,1,90.2,1.05,5.23,5,243,80,76,96,4,5,3
USER075,2025-07-15,8.95,18.7,29.6,0,93.7,1.2,4.5,3,331,66,88,117,36,3,5
USER075,2025-07-16,8.8,20.3,36.4,1,96.5,1.14,1.06,1,203,83,82,19,14,3,6
USER075,2025-07-17,9.79,29.7,17.1,0,93.0,0.92,3.61,2,270,77,70,63,2,8,1
USER075,2025-07-18,5.71,27.8,28.8,3,94.9,1.18,2.33,0,385,65,67,23,1,4,6
USER075,2025-07-19,10.14,29.6,24.8,3,90.6,2.3,3.6,3,393,75,68,43,4,3,5
USER075,2025-07-20,8.29,37.0,32.9,0,98.7,1.5,5.66,5,200,85,100,41,3,6,7
USER075,2025-07-21,8.69,23.7,30.8,6,96.7,0.89,5.03,5,201,79,91,91,41,5,6
USER075,2025-07-22,7.4,26.2,27.5,1,99.2,0.9,4.1,5,255,81,86,37,17,3,7
USER075,2025-07-23,8.66,28.2,22.5,2,91.6,1.49,5.9,2,301,92,73,177,17,1,7
USER075,2025-07-24,6.91,31.4,31.1,2,90.9,0.77,1.71,0,307,71,85,71,1,2,4
USER075,2025-07-25,6.93,22.4,31.4,4,98.0,0.94,3.97,2,287,88,77,36,19,5,5
USER075,2025-07-26,9.52,25.0,32.3,4,90.0,1.33,4.86,3,273,71,73,136,0,4,6
USER075,2025-07-27,9.01,25.6,33.9,1,91.2,1.63,6.97,1,221,78,75,7,76,2,4
USER075,2025-07-28,7.45,25.4,25.7,4,97.3,1.14,1.74,2,350,92,83,29,21,3,7
USER075,2025-07-29,9.03,22.3,26.8,5,94.9,1.36,5.89,8,337,72,81,219,83,6,6
USER075,2025-07-30,9.38,36.4,32.2,2,90.0,0.71,5.71,1,200,76,87,32,18,3,6
USER075,2025-07-31,8.74,23.2,18.0,1,94.7,0.61,6.79,5,259,87,100,38,9,2,6
USER075,2025-08-01,6.74,20.1,28.0,3,92.2,1.13,8.42,2,229,75,65,62,43,4,4
USER075,2025-08-02,10.52,14.3,29.0,4,95.4,1.96,4.94,1,367,77,60,120,11,4,6
USER075,2025-08-03,9.59,36.4,24.9,2,95.3,1.13,5.72,5,241,75,78,56,5,2,8
USER075,2025-08-04,8.71,28.6,25.9,1,94.8,0.66,7.56,0,267,78,79,84,1,3,6
USER075,2025-08-05,5.35,17.3,34.5,1,93.6,0.53,5.13,0,309,66,54,52,4,1,4
USER075,2025-08-06,7.52,16.4,28.0,2,89.4,1.17,2.62,3,350,88,62,55,118,2,5
USER075,2025-08-07,8.12,20.6,35.6,2,95.8,0.6,6.56,6,295,86,89,10,64,4,7
USER075,2025-08-08,7.57,21.7,21.6,2,91.9,0.51,6.12,6,204,86,76,152,6,4,5
USER075,2025-08-09,10.72,23.2,35.1,4,97.6,1.39,6.81,3,332,61,73,115,1,4,3
USER075,2025-08-10,9.3,23.7,26.0,0,92.2,2.79,5.48,2,339,73,96,161,0,6,6
USER075,2025-08-11,9.31,38.4,25.9,0,97.5,0.63,7.92,5,200,79,68,160,16,4,6
USER075,2025-08-12,9.09,18.3,35.4,4,96.6,0.74,4.21,2,242,90,94,210,0,5,6
USER075,2025-08-13,8.59,32.0,33.3,3,85.6,0.75,4.98,1,277,83,99,115,31,3,6
USER075,2025-08-14,6.79,35.1,27.3,3,95.6,1.33,7.0,3,204,74,79,104,2,4,7
USER075,2025-08-15,7.34,20.2,36.0,1,96.4,1.32,5.65,2,320,79,84,16,59,2,5
USER075,2025-08-16,10.2,31.0,31.4,0,97.0,2.48,4.99,1,270,53,62,129,16,4,8
USER075,2025-08-17,9.68,18.6,36.5,1,98.8,2.52,5.3,2,236,67,64,132,43,3,6
USER075,2025-08-18,7.77,26.1,24.3,1,97.1,1.42,4.32,3,251,75,62,69,5,1,4
USER075,2025-08-19,8.99,26.1,33.0,2,99.2,0.62,4.28,5,253,77,88,162,19,3,6
USER075,2025-08-20,7.11,24.0,31.3,3,90.9,1.08,7.25,2,255,62,75,156,6,5,3
USER075,2025-08-21,8.65,34.8,31.0,2,94.2,1.05,1.77,4,237,72,98,100,41,4,6
USER075,2025-08-22,6.71,20.9,23.7,1,91.0,1.39,4.95,0,336,67,93,89,29,5,7
USER075,2025-08-23,7.66,19.6,34.6,3,83.6,1.73,5.25,1,200,79,73,144,16,6,7
USER075,2025-08-24,8.7,15.9,27.5,1,89.6,1.6,5.49,3,226,65,92,138,6,2,5
USER075,2025-08-25,8.0,23.6,33.8,2,94.1,1.23,4.8,3,219,100,77,88,3,7,2
USER075,2025-08-26,7.96,12.2,25.1,1,98.0,0.83,6.23,6,314,81,93,64,30,2,7
USER075,2025-08-27,7.41,23.9,19.5,1,96.4,1.48,4.66,1,363,87,83,57,20,2,7
USER075,2025-08-28,7.17,23.7,33.9,0,96.1,1.37,5.68,1,386,87,84,67,14,2,7
USER075,2025-08-29,8.26,24.8,21.4,1,97.6,0.59,5.5,1,243,99,100,48,11,1,6
USER075,2025-08-30,8.43,23.5,28.9,6,95.1,1.78,4.04,3,261,87,78,242,82,2,6
USER075,2025-08-31,8.44,23.2,28.9,2,95.6,2.14,2.48,7,241,87,71,22,24,4,5
USER075,2025-09-01,8.45,22.4,27.7,1,99.1,0.98,5.13,9,248,83,96,46,9,4,5
USER075,2025-09-02,7.71,29.9,29.9,4,90.1,0.53,2.43,3,200,79,58,248,58,3,5
USER075,2025-09-03,7.64,18.8,22.0,1,95.4,1.21,2.54,4,328,87,100,116,2,2,8
USER075,2025-09-04,6.59,24.1,21.1,1,92.6,1.09,6.96,2,337,68,74,209,42,5,8
USER075,2025-09-05,8.17,30.9,28.6,0,84.7,1.12,7.22,5,316,83,92,44,24,6,7
USER075,2025-09-06,9.07,24.2,23.2,1,96.2,1.76,7.75,3,284,81,59,157,41,5,7
USER075,2025-09-07,8.56,30.7,36.2,1,98.5,1.74,7.47,2,282,67,79,90,3,3,6
USER075,2025-09-08,7.87,23.7,23.4,2,91.2,1.15,7.32,2,249,80,68,59,3,2,5
USER075,2025-09-09,9.1,23.2,22.0,2,95.6,1.04,7.07,1,249,76,75,82,42,2,6
USER075,2025-09-10,7.83,30.5,31.7,2,88.9,1.27,6.2,6,293,93,77,69,39,6,8
USER075,2025-09-11,6.96,35.5,34.4,0,96.2,1.06,5.6,4,299,82,71,184,58,3,7
USER075,2025-09-12,6.95,14.2,25.4,1,94.7,1.39,2.57,2,306,84,86,190,4,4,6
USER075,2025-09-13,8.86,21.1,21.9,0,89.8,2.62,4.09,2,423,93,88,39,11,1,6
USER075,2025-09-14,9.26,28.3,26.4,2,93.2,2.33,5.39,4,334,85,88,93,10,3,7
USER075,2025-09-15,8.1,35.8,22.5,1,90.7,1.35,7.65,1,299,91,85,280,19,6,5
USER075,2025-09-16,8.91,22.3,27.9,4,91.6,1.23,7.09,4,200,82,77,149,20,1,7
USER075,2025-09-17,7.72,20.4,24.1,2,86.4,0.51,7.52,8,248,62,81,40,12,4,7
USER075,2025-09-18,8.85,41.6,29.2,0,98.1,1.21,5.94,5,330,71,89,109,32,5,7
USER075,2025-09-19,8.97,31.5,32.6,2,94.7,1.02,5.61,2,200,78,95,30,3,4,4
USER075,2025-09-20,9.41,18.0,22.9,1,98.6,1.16,4.93,4,242,59,80,69,4,5,6
USER075,2025-09-21,8.69,33.1,24.8,3,96.6,1.82,4.41,2,200,70,99,84,10,4,5
USER075,2025-09-22,4.99,26.5,20.6,3,97.7,0.73,2.04,1,282,51,47,28,0,5,5
USER075,2025-09-23,7.06,12.6,24.3,3,89.9,0.59,5.95,6,293,60,68,173,12,3,6
USER075,2025-09-24,8.94,27.1,30.6,2,92.9,0.56,6.92,3,374,77,100,34,0,5,6
USER075,2025-09-25,10.15,17.6,25.6,1,91.1,0.82,4.58,2,292,76,61,97,10,2,5
USER075,2025-09-26,7.78,20.1,37.3,1,93.9,1.2,6.41,2,208,88,90,203,41,4,6
USER075,2025-09-27,6.55,23.5,30.8,5,87.1,2.99,2.94,3,298,66,64,33,25,3,6
USER075,2025-09-28,10.2,33.1,31.4,4,85.9,2.71,4.89,2,352,88,65,64,20,4,6
USER075,2025-09-29,8.11,15.1,27.3,2,92.5,0.79,3.01,5,284,100,100,38,44,2,6
USER075,2025-09-30,7.87,21.6,21.3,2,92.1,1.1,6.49,0,256,82,100,189,16,4,7
USER075,2025-10-01,9.79,28.8,24.9,1,95.3,1.11,4.5,2,287,78,86,212,35,2,7
USER075,2025-10-02,8.59,27.7,34.2,0,90.2,0.99,6.15,3,376,78,95,60,15,3,6
USER075,2025-10-03,8.11,34.2,23.5,2,97.4,1.14,3.4,4,258,74,89,30,11,2,6
USER075,2025-10-04,9.16,33.4,17.3,3,91.0,2.41,7.94,5,311,65,89,55,2,5,6
USER075,2025-10-05,10.39,25.4,26.5,3,92.7,2.33,3.12,0,401,60,84,67,61,4,5
USER075,2025-10-06,6.11,25.5,26.9,1,93.3,1.31,2.66,1,361,75,69,76,3,5,5
USER075,2025-10-07,5.69,28.3,36.9,0,93.0,1.45,4.68,2,347,84,76,110,6,6,3
USER075,2025-10-08,6.66,33.6,22.6,2,98.1,0.64,5.43,0,253,73,99,22,2,4,3
USER075,2025-10-09,7.72,21.7,39.3,4,88.4,1.43,6.38,5,311,89,86,165,6,5,7
USER075,2025-10-10,8.11,25.9,23.1,2,90.5,0.58,5.83,5,250,100,100,119,26,2,7
USER075,2025-10-11,9.77,35.4,27.3,0,93.8,2.27,5.83,1,355,66,79,45,54,3,6
USER075,2025-10-12,10.21,17.6,21.4,2,96.8,2.67,5.07,0,286,78,65,8,29,6,7
USER075,2025-10-13,7.8,44.3,25.7,0,87.5,0.73,3.51,7,269,89,95,17,4,5,6
USER075,2025-10-14,7.28,26.6,21.7,0,94.3,0.94,5.33,3,244,74,84,35,20,3,3
USER075,2025-10-15,7.24,30.5,35.1,1,97.9,0.8,5.06,4,286,100,89,84,25,5,8
USER075,2025-10-16,7.61,19.2,26.8,2,91.2,1.5,9.42,7,221,96,77,59,56,3,2
USER075,2025-10-17,6.51,27.0,25.7,2,91.8,0.82,4.7,4,303,66,78,5,13,6,4
USER075,2025-10-18,7.82,21.2,16.0,2,91.3,1.34,6.34,6,271,71,93,78,0,4,6
USER075,2025-10-19,9.08,34.5,27.2,2,93.5,1.53,6.06,3,309,94,77,107,20,6,5
USER075,2025-10-20,7.47,31.5,28.1,2,97.2,1.27,4.17,2,315,77,86,65,120,4,7
USER075,2025-10-21,7.26,45.2,28.2,4,89.3,0.96,5.34,4,256,72,81,63,62,2,4
USER075,2025-10-22,6.87,16.1,30.1,0,92.0,1.12,4.65,2,261,71,45,67,0,4,5
USER075,2025-10-23,7.75,35.8,18.6,5,94.2,0.61,5.66,2,247,80,86,50,5,2,5
USER075,2025-10-24,7.75,33.3,16.1,4,91.4,1.29,7.63,2,385,74,68,214,33,5,6
USER075,2025-10-25,8.73,24.3,33.1,0,91.6,1.95,2.6,6,266,86,100,36,6,4,9
USER075,2025-10-26,8.66,24.4,29.5,1,88.1,1.91,2.45,4,305,83,85,35,65,7,5
USER075,2025-10-27,8.55,27.0,31.9,1,96.9,1.06,6.96,7,287,86,74,106,32,2,7
USER075,2025-10-28,7.29,27.9,32.5,1,93.5,1.14,5.55,6,244,84,87,43,49,3,7
USER075,2025-10-29,7.28,30.2,18.3,1,95.1,1.24,3.6,2,306,74,76,170,18,4,4
USER075,2025-10-30,7.13,13.6,26.9,1,97.9,0.59,4.93,3,267,66,60,163,56,5,5
USER075,2025-10-31,7.03,21.2,23.6,5,96.2,0.93,7.14,4,347,81,67,29,30,3,8
USER075,2025-11-01,9.42,23.4,22.0,3,96.8,1.79,4.74,3,269,74,69,26,76,3,7
USER075,2025-11-02,10.88,15.6,23.9,1,91.9,1.77,4.06,0,278,83,55,65,16,4,3
USER075,2025-11-03,7.93,18.7,17.4,2,87.2,1.09,5.9,7,272,90,90,73,30,7,5
USER075,2025-11-04,6.84,17.9,26.0,3,84.5,1.34,3.52,4,342,77,86,135,11,4,7
USER075,2025-11-05,6.17,28.4,32.6,2,90.4,0.83,5.34,0,236,67,59,78,14,4,6
USER075,2025-11-06,6.82,11.7,26.2,1,91.4,1.18,7.26,4,311,71,88,360,4,5,7
USER076,2025-07-10,9.46,25.9,21.9,2,96.5,22.25,4.35,2,258,66,65,135,12,6,7
USER076,2025-07-11,6.66,18.4,27.3,2,90.7,22.12,4.64,1,263,66,100,148,32,6,2
USER076,2025-07-12,9.23,14.5,25.3,3,85.0,23.4,5.69,2,273,73,81,229,0,3,4
USER076,2025-07-13,8.32,18.2,28.9,2,89.7,23.41,7.62,2,214,70,97,221,4,2,6
USER076,2025-07-14,7.09,29.3,21.9,1,96.7,21.55,6.07,4,283,71,73,89,2,2,7
USER076,2025-07-15,8.62,25.2,35.4,1,97.1,21.74,4.16,6,355,94,69,23,49,5,7
USER076,2025-07-16,5.92,30.7,25.0,4,96.4,22.06,2.96,0,330,74,71,123,74,3,6
USER076,2025-07-17,7.85,34.0,26.6,4,88.6,21.91,5.87,4,334,75,80,154,27,3,5
USER076,2025-07-18,8.12,20.9,32.4,2,96.5,22.26,5.77,5,208,88,100,35,17,5,8
USER076,2025-07-19,7.68,16.7,28.3,2,92.1,23.76,6.61,1,200,70,89,52,47,3,6
USER076,2025-07-20,7.95,28.4,21.9,2,96.2,23.86,5.66,4,263,82,100,111,71,5,6
USER076,2025-07-21,8.06,24.0,25.4,2,95.2,22.17,6.27,6,339,77,85,41,13,3,5
USER076,2025-07-22,6.24,38.3,23.0,1,96.5,22.31,3.82,2,252,68,86,28,24,4,4
USER076,2025-07-23,10.31,18.6,22.3,2,96.4,22.18,3.67,2,282,67,58,87,26,3,5
USER076,2025-07-24,7.83,32.7,16.6,1,91.0,22.29,2.93,6,217,63,92,127,1,2,6
USER076,2025-07-25,6.97,24.7,22.1,2,97.0,21.81,4.15,1,303,71,83,31,3,2,7
USER076,2025-07-26,9.2,28.5,25.8,2,95.3,23.54,5.66,1,244,61,83,110,40,6,7
USER076,2025-07-27,7.83,16.6,23.0,3,99.7,23.05,5.01,3,257,89,73,25,17,5,6
USER076,2025-07-28,8.71,27.4,26.3,2,96.6,22.46,3.18,3,258,75,80,129,28,6,4
USER076,2025-07-29,7.34,28.8,26.6,1,91.0,22.34,6.64,5,321,74,77,74,4,3,8
USER076,2025-07-30,7.98,17.8,29.3,3,91.4,22.29,6.55,6,348,94,100,140,18,2,4
USER076,2025-07-31,6.68,30.9,23.0,3,94.6,22.18,5.03,4,259,62,71,175,2,6,6
USER076,2025-08-01,6.81,24.2,33.1,1,98.1,21.73,6.76,1,200,67,82,34,12,2,5
USER076,2025-08-02,9.51,29.6,20.1,2,93.5,23.45,6.64,3,208,69,83,27,3,5,5
USER076,2025-08-03,9.75,22.1,29.6,2,93.9,22.79,6.43,2,302,75,77,258,49,3,6
USER076,2025-08-04,9.05,41.4,25.8,1,94.4,22.42,5.25,0,244,84,89,64,10,4,8
USER076,2025-08-05,6.43,22.2,35.5,4,91.0,21.85,4.09,4,223,74,96,64,52,4,5
USER076,2025-08-06,8.01,29.7,21.2,0,90.8,21.89,5.05,3,257,80,96,54,2,3,7
USER076,2025-08-07,8.46,20.7,24.3,1,91.0,22.24,5.01,3,344,69,95,119,1,4,5
USER076,2025-08-08,8.61,15.7,23.1,1,98.3,21.84,5.39,7,235,91,91,90,2,6,8
USER076,2025-08-09,8.75,27.2,24.6,3,90.1,22.11,5.25,1,248,75,72,44,47,3,8
USER076,2025-08-10,9.08,32.1,28.1,0,95.0,23.76,6.07,2,448,76,53,48,48,3,5
USER076,2025-08-11,7.33,23.8,36.5,3,94.0,21.89,5.24,2,253,62,87,46,1,5,6
USER076,2025-08-12,7.65,15.1,23.0,3,98.7,22.38,5.5,3,252,94,90,44,12,1,8
USER076,2025-08-13,7.05,29.4,27.3,4,92.8,21.51,7.87,3,377,67,67,155,7,5,6
USER076,2025-08-14,8.37,21.9,24.2,1,90.1,22.25,5.93,11,275,79,73,10,4,3,5
USER076,2025-08-15,6.99,19.6,22.7,2,94.3,21.6,5.08,6,282,70,60,145,7,3,5
USER076,2025-08-16,9.34,24.2,21.6,4,95.3,22.29,1.84,1,300,72,81,106,0,2,6
USER076,2025-08-17,9.1,26.3,32.0,1,97.8,23.53,5.82,4,250,89,85,82,7,4,6
USER076,2025-08-18,8.38,21.9,30.2,2,91.3,22.48,4.35,5,225,78,78,16,19,5,6
USER076,2025-08-19,8.67,19.3,31.8,1,86.4,21.77,3.55,6,332,64,64,157,16,5,6
USER076,2025-08-20,8.1,18.7,25.9,0,95.4,22.11,7.53,5,200,97,100,106,20,3,6
USER076,2025-08-21,7.39,18.6,21.2,2,94.4,22.13,6.44,4,288,81,66,166,28,6,5
USER076,2025-08-22,6.66,14.7,31.3,1,90.6,22.39,6.19,2,242,71,72,324,20,5,3
USER076,2025-08-23,7.6,23.9,32.1,6,87.7,23.69,7.55,4,327,82,81,11,41,4,4
USER076,2025-08-24,9.83,37.0,38.8,1,91.1,23.28,6.19,1,239,66,78,226,7,3,5
USER076,2025-08-25,9.58,21.2,24.9,3,90.6,21.77,2.23,0,337,83,78,215,35,3,2
USER076,2025-08-26,6.25,21.7,27.4,0,90.8,22.0,3.49,0,273,63,59,102,14,6,6
USER076,2025-08-27,8.69,11.6,35.4,4,92.1,21.61,5.6,3,259,83,89,600,9,2,5
USER076,2025-08-28,9.11,29.1,35.8,0,90.2,22.28,5.83,2,320,72,79,49,75,4,3
USER076,2025-08-29,7.32,23.9,15.4,0,98.5,22.36,5.51,3,224,81,70,25,6,2,4
USER076,2025-08-30,8.04,17.8,27.7,1,91.3,22.22,6.02,4,220,78,70,198,12,1,8
USER076,2025-08-31,8.79,12.7,27.4,1,95.3,22.47,6.63,5,278,78,84,204,1,3,6
USER076,2025-09-01,7.81,21.2,16.7,2,94.9,22.48,3.91,5,285,72,86,193,4,3,6
USER076,2025-09-02,7.07,38.4,27.9,0,97.6,21.72,3.35,4,319,84,76,46,17,2,4
USER076,2025-09-03,9.52,16.0,17.7,2,91.3,22.18,5.69,2,259,76,77,185,23,5,8
USER076,2025-09-04,5.8,17.7,21.4,3,96.5,22.28,2.7,1,326,72,56,106,24,3,6
USER076,2025-09-05,7.35,20.2,40.3,1,89.8,22.27,6.24,1,248,80,82,53,3,4,5
USER076,2025-09-06,10.36,21.4,40.1,3,96.2,23.43,4.61,0,360,77,66,153,2,6,7
USER076,2025-09-07,8.3,19.8,33.5,1,92.5,22.52,3.03,5,311,71,75,16,17,3,6
USER076,2025-09-08,7.19,12.8,21.5,3,96.2,21.87,4.94,4,270,78,77,49,3,5,5
USER076,2025-09-09,5.93,15.7,30.8,2,92.4,21.68,5.61,1,252,67,81,339,50,6,4
USER076,2025-09-10,6.42,27.0,36.3,1,96.5,21.8,4.34,1,262,74,86,38,14,5,5
USER076,2025-09-11,5.26,26.7,31.2,3,95.7,22.17,2.64,0,271,64,49,41,44,2,4
USER076,2025-09-12,6.44,19.2,31.6,1,96.0,22.31,7.96,2,328,63,66,81,9,5,7
USER076,2025-09-13,10.23,36.5,22.4,0,98.0,22.99,4.68,1,323,54,61,158,8,3,4
USER076,2025-09-14,8.32,11.5,33.3,0,97.2,22.92,5.89,4,224,100,75,40,3,2,7
USER076,2025-09-15,8.26,35.6,21.7,0,94.2,22.1,8.05,6,265,89,79,139,53,3,4
USER076,2025-09-16,9.34,24.3,27.7,2,90.7,22.43,5.02,2,328,85,79,215,24,6,8
USER076,2025-09-17,6.87,18.1,25.7,0,95.9,22.4,6.1,1,200,84,78,98,7,3,7
USER076,2025-09-18,6.82,21.2,26.5,1,90.8,21.52,3.87,4,330,85,84,81,1,2,6
USER076,2025-09-19,8.54,23.9,32.5,2,93.1,22.06,6.96,6,262,72,61,73,69,7,5
USER076,2025-09-20,8.84,22.2,25.3,1,95.3,22.17,5.44,2,233,90,69,119,12,5,8
USER076,2025-09-21,9.47,28.7,30.5,1,90.5,22.09,3.19,0,384,69,75,305,16,5,6
USER076,2025-09-22,8.22,24.9,31.4,3,90.9,21.88,7.55,5,342,100,78,107,27,5,5
USER076,2025-09-23,6.31,27.8,25.1,2,96.4,21.62,6.93,1,351,72,67,202,17,4,6
USER076,2025-09-24,8.47,21.5,23.5,1,97.8,21.84,5.25,4,299,94,84,147,8,4,4
USER076,2025-09-25,6.16,22.8,35.1,2,91.2,21.54,6.91,3,396,71,73,51,6,2,7
USER076,2025-09-26,9.88,28.3,25.9,2,95.1,22.24,6.74,2,273,59,59,70,30,3,4
USER076,2025-09-27,8.23,19.9,22.7,2,97.5,23.74,4.07,5,319,99,88,57,25,2,6
USER076,2025-09-28,7.62,15.2,33.9,4,90.4,22.81,6.66,3,298,91,87,162,3,4,5
USER076,2025-09-29,6.34,31.7,26.6,1,96.0,22.44,7.78,1,319,82,73,42,3,3,4
USER076,2025-09-30,6.47,22.2,17.7,2,94.7,21.83,4.41,3,358,80,65,129,18,4,7
USER076,2025-10-01,6.3,24.7,37.2,2,92.9,21.79,6.56,1,342,61,69,197,60,4,3
USER076,2025-10-02,7.68,17.2,29.3,1,90.5,21.79,8.4,3,358,85,70,63,12,6,5
USER076,2025-10-03,6.2,28.0,26.9,4,88.4,22.45,5.41,0,311,64,86,101,24,4,6
USER076,2025-10-04,9.0,22.6,20.2,0,94.0,22.86,4.85,2,218,98,84,45,50,4,4
USER076,2025-10-05,10.53,31.0,23.4,0,90.7,23.31,4.31,1,358,61,73,146,10,3,2
USER076,2025-10-06,8.31,15.8,25.0,2,97.3,22.2,4.88,5,201,90,84,43,61,3,7
USER076,2025-10-07,6.12,36.0,24.9,2,97.0,21.79,4.26,2,400,82,68,95,14,3,5
USER076,2025-10-08,8.62,18.0,24.5,2,96.4,21.97,4.9,3,241,83,75,105,64,5,5
USER076,2025-10-09,7.29,17.8,35.1,2,93.1,21.96,5.74,6,237,67,99,44,11,5,6
USER076,2025-10-10,7.0,28.3,41.9,3,97.2,22.47,1.52,5,260,70,88,26,32,4,6
USER076,2025-10-11,7.71,29.3,27.3,3,84.8,23.55,4.2,2,351,95,83,183,21,2,5
USER076,2025-10-12,9.5,22.8,20.2,2,92.6,22.72,1.8,4,350,67,78,61,36,4,7
USER076,2025-10-13,6.66,30.5,20.3,4,97.7,21.66,4.87,5,384,80,90,32,3,7,5
USER076,2025-10-14,7.65,14.4,27.0,0,97.1,22.4,5.61,8,334,92,82,62,10,3,7
USER076,2025-10-15,6.59,20.8,19.6,5,97.0,21.94,4.71,1,301,64,99,40,8,4,5
USER076,2025-10-16,8.83,35.7,23.5,0,98.7,21.5,4.93,3,273,70,96,48,8,4,4
USER076,2025-10-17,7.76,31.4,27.0,4,87.6,22.45,5.85,1,218,80,87,174,1,6,8
USER076,2025-10-18,8.58,21.1,32.7,1,96.5,23.16,5.14,4,283,77,75,124,8,6,5
USER076,2025-10-19,7.44,29.4,31.4,4,93.9,23.01,4.01,7,251,60,89,66,18,7,6
USER076,2025-10-20,9.17,14.3,29.9,1,95.5,21.69,7.05,6,318,80,73,73,6,2,4
USER076,2025-10-21,6.95,16.6,31.0,1,98.2,21.77,5.75,3,236,85,90,118,10,3,5
USER076,2025-10-22,8.05,28.2,29.7,1,94.5,22.13,4.97,3,287,61,83,124,7,4,6
USER076,2025-10-23,7.9,26.1,33.0,1,85.9,22.06,7.14,2,226,73,89,215,5,6,7
USER076,2025-10-24,7.51,25.2,32.9,2,97.6,22.03,5.04,1,272,92,78,279,29,3,5
USER076,2025-10-25,10.88,29.0,28.8,4,97.6,22.6,6.9,1,327,73,55,84,19,4,2
USER076,2025-10-26,8.57,32.2,21.5,1,93.6,23.04,6.83,3,264,88,100,214,3,4,6
USER076,2025-10-27,6.81,28.4,19.2,2,95.2,22.04,4.3,3,270,82,77,133,19,3,8
USER076,2025-10-28,8.61,29.7,30.8,3,92.3,21.86,5.92,4,347,74,79,19,31,4,4
USER076,2025-10-29,6.3,25.4,17.7,3,96.1,22.26,5.76,4,333,99,65,142,3,2,7
USER076,2025-10-30,6.79,13.2,26.7,2,93.2,22.12,3.95,4,277,92,83,114,12,3,3
USER076,2025-10-31,7.52,25.2,29.0,1,95.8,22.43,4.67,3,217,71,86,55,26,2,6
USER076,2025-11-01,9.25,18.6,23.1,1,92.9,23.7,6.07,4,339,84,68,64,7,4,4
USER076,2025-11-02,7.75,19.9,33.7,2,98.4,23.54,5.57,3,236,81,100,249,3,5,5
USER076,2025-11-03,7.69,21.3,31.0,5,89.6,21.9,5.77,7,200,94,96,12,0,5,7
USER076,2025-11-04,9.36,33.0,26.7,0,94.7,22.41,4.81,3,239,85,92,70,18,2,3
USER076,2025-11-05,8.75,17.9,26.2,3,92.4,22.47,4.56,6,289,86,79,68,6,3,6
USER076,2025-11-06,7.12,33.0,33.0,3,93.7,21.61,4.29,2,261,77,75,168,12,5,6
USER077,2025-07-10,7.35,26.5,33.0,4,92.7,23.57,3.88,2,300,77,84,61,0,3,6
USER077,2025-07-11,9.13,32.3,26.9,4,97.8,23.13,4.61,2,267,65,73,99,2,3,7
USER077,2025-07-12,7.68,21.2,35.2,1,90.3,23.69,5.88,2,246,91,93,124,36,4,5
USER077,2025-07-13,8.78,28.5,35.7,0,92.6,23.59,6.14,3,315,70,44,29,40,4,4
USER077,2025-07-14,7.48,28.9,42.1,3,93.4,23.39,6.52,5,214,85,74,75,13,7,8
USER077,2025-07-15,8.0,25.7,15.8,2,86.4,23.9,3.86,5,409,81,77,21,15,4,6
USER077,2025-07-16,8.37,19.0,35.0,6,98.2,23.67,2.93,2,271,83,67,167,17,2,7
USER077,2025-07-17,7.79,23.3,14.5,3,97.0,23.14,1.34,8,200,69,90,126,1,3,5
USER077,2025-07-18,7.45,20.0,25.4,3,96.0,23.15,5.56,4,306,100,78,195,13,3,6
USER077,2025-07-19,8.05,19.8,30.8,5,92.8,24.3,5.82,9,365,87,90,39,51,5,6
USER077,2025-07-20,9.2,22.5,24.1,4,90.5,24.69,4.93,0,391,74,80,94,2,5,7
USER077,2025-07-21,6.82,23.7,28.7,2,98.0,23.61,4.36,5,256,90,79,165,26,4,6
USER077,2025-07-22,6.4,24.2,22.3,0,94.1,23.48,5.17,2,283,62,71,48,22,3,6
USER077,2025-07-23,7.12,24.0,28.7,3,93.9,23.17,6.24,5,255,92,93,60,23,3,4
USER077,2025-07-24,6.33,21.0,15.6,2,92.9,23.67,6.63,4,230,78,74,124,32,3,5
USER077,2025-07-25,5.67,19.5,26.6,6,96.6,23.34,7.98,6,399,73,72,41,15,2,7
USER077,2025-07-26,8.08,22.0,26.4,5,95.1,24.22,3.73,4,272,81,100,124,20,4,7
USER077,2025-07-27,8.55,22.7,24.9,1,91.5,25.14,4.54,3,327,74,99,22,11,6,7
USER077,2025-07-28,7.15,18.2,30.5,5,92.8,23.08,5.65,8,247,95,83,160,23,4,7
USER077,2025-07-29,7.9,25.0,35.7,0,95.9,23.52,4.29,2,284,96,76,25,1,3,7
USER077,2025-07-30,5.52,36.5,28.1,1,94.6,23.62,5.71,4,339,82,84,35,21,4,8
USER077,2025-07-31,6.92,20.9,21.0,3,88.2,23.72,5.95,5,319,73,100,247,10,3,7
USER077,2025-08-01,7.62,16.3,26.5,3,91.3,23.16,5.3,3,248,83,92,112,19,3,3
USER077,2025-08-02,9.45,16.9,27.1,1,93.6,23.69,3.37,0,441,65,95,96,1,3,7
USER077,2025-08-03,7.68,17.5,30.6,2,95.0,23.65,4.27,3,338,84,73,74,6,5,5
USER077,2025-08-04,7.49,25.7,29.4,4,87.7,23.49,2.67,2,276,73,100,99,0,7,6
USER077,2025-08-05,5.72,31.2,20.6,2,90.5,23.33,7.27,2,321,66,96,160,18,2,4
USER077,2025-08-06,5.93,35.3,25.4,4,91.1,23.07,5.77,4,320,70,78,48,0,3,8
USER077,2025-08-07,6.93,34.1,29.9,1,92.3,23.23,4.12,1,327,100,86,37,10,6,5
USER077,2025-08-08,7.14,18.5,27.7,2,91.1,23.27,7.76,4,268,89,77,34,17,4,5
USER077,2025-08-09,8.74,20.0,30.9,2,97.3,24.35,2.91,2,352,67,78,192,9,3,6
USER077,2025-08-10,7.45,18.9,26.5,3,98.1,25.41,5.45,7,296,83,100,30,50,4,5
USER077,2025-08-11,9.98,32.1,21.7,4,93.3,23.88,5.96,1,332,39,54,91,7,4,6
USER077,2025-08-12,7.3,32.3,27.2,2,94.0,23.19,5.42,2,244,100,81,62,6,6,7
USER077,2025-08-13,5.75,27.1,36.3,0,97.9,23.42,4.84,0,299,67,100,378,19,5,6
USER077,2025-08-14,7.3,34.7,31.6,2,96.2,23.8,8.84,9,239,89,99,51,47,4,6
USER077,2025-08-15,6.03,28.2,27.9,1,98.7,23.86,3.77,3,271,86,91,79,8,6,7
USER077,2025-08-16,8.04,13.4,28.7,1,97.9,23.58,4.94,3,260,100,76,61,8,4,5
USER077,2025-08-17,9.0,28.7,30.6,1,93.8,24.98,6.1,3,321,67,100,112,8,7,7
USER077,2025-08-18,7.57,31.3,25.4,1,98.5,23.39,6.92,1,228,79,100,36,6,4,5
USER077,2025-08-19,6.59,26.1,21.5,1,90.6,23.1,8.26,5,296,77,82,14,24,2,6
USER077,2025-08-20,8.35,27.1,34.5,1,98.3,23.51,5.42,6,334,75,89,138,10,5,5
USER077,2025-08-21,6.46,24.2,22.4,2,96.4,23.47,4.17,3,200,70,83,66,13,1,7
USER077,2025-08-22,5.4,22.9,20.8,2,95.8,23.68,4.61,2,347,74,80,43,13,3,5
USER077,2025-08-23,6.99,24.8,34.0,3,98.1,25.37,5.55,0,281,94,69,103,56,6,5
USER077,2025-08-24,8.09,17.8,21.9,2,91.2,24.74,6.42,0,200,82,80,29,16,3,4
USER077,2025-08-25,7.38,23.2,34.5,1,88.4,23.77,3.42,2,311,90,81,18,22,4,5
USER077,2025-08-26,8.0,28.3,41.0,3,96.5,23.03,5.55,3,269,80,78,31,0,7,4
USER077,2025-08-27,6.36,24.1,28.3,3,93.4,23.62,7.17,2,223,81,78,442,120,4,9
USER077,2025-08-28,7.56,26.6,29.5,4,96.8,23.04,4.42,3,280,89,73,43,24,4,7
USER077,2025-08-29,6.73,29.9,33.1,1,93.0,23.57,7.65,3,200,80,95,38,1,3,5
USER077,2025-08-30,8.15,40.8,22.4,1,95.1,25.25,5.97,6,308,81,80,173,31,2,6
USER077,2025-08-31,7.76,25.6,22.0,1,97.6,24.63,9.16,5,262,83,99,42,96,6,3
USER077,2025-09-01,7.43,27.2,36.9,0,97.7,23.07,3.66,3,234,88,83,32,11,5,5
USER077,2025-09-02,6.82,21.8,23.6,2,97.1,23.04,5.72,5,337,66,94,98,59,4,4
USER077,2025-09-03,5.79,27.4,23.2,1,91.7,23.87,3.34,2,387,71,78,126,5,3,5
USER077,2025-09-04,7.74,27.6,29.5,0,98.3,23.74,3.9,2,314,75,79,113,11,7,9
USER077,2025-09-05,8.71,29.2,35.4,1,87.0,23.17,4.46,6,306,78,54,39,1,5,6
USER077,2025-09-06,8.82,15.8,18.3,2,93.8,24.47,4.15,3,338,77,74,72,7,1,7
USER077,2025-09-07,7.66,16.5,22.2,2,94.9,24.62,6.89,6,358,90,100,49,12,3,6
USER077,2025-09-08,6.16,22.4,19.1,1,92.6,23.27,6.1,1,308,92,86,74,11,3,8
USER077,2025-09-09,7.54,27.8,27.1,1,98.8,23.96,6.83,7,200,81,72,93,9,2,8
USER077,2025-09-10,7.06,17.9,30.6,3,94.1,23.78,5.6,9,292,77,100,101,2,4,5
USER077,2025-09-11,5.72,23.5,28.5,1,90.4,23.84,5.4,0,339,76,80,216,9,5,7
USER077,2025-09-12,6.3,24.6,23.0,4,96.0,23.65,4.21,4,344,87,100,64,14,7,4
USER077,2025-09-13,7.99,35.2,27.2,0,91.6,24.33,5.89,1,272,93,100,45,84,5,5
USER077,2025-09-14,8.98,21.1,21.4,1,95.7,25.29,5.86,1,310,86,67,7,9,4,7
USER077,2025-09-15,7.13,22.8,28.1,1,89.9,23.46,7.04,5,200,73,88,98,72,3,4
USER077,2025-09-16,6.89,25.3,32.4,0,86.2,23.3,6.61,4,327,82,87,85,79,3,3
USER077,2025-09-17,6.83,14.8,28.2,1,93.3,23.58,4.94,5,314,81,96,90,23,5,5
USER077,2025-09-18,7.68,25.0,35.1,2,94.7,23.78,6.25,1,200,81,100,212,13,4,5
USER077,2025-09-19,7.76,11.7,26.1,1,96.2,23.95,10.0,3,200,80,81,39,2,3,5
USER077,2025-09-20,9.33,31.9,30.5,3,98.6,24.42,2.11,5,371,68,66,17,2,5,6
USER077,2025-09-21,8.45,20.3,33.4,0,90.2,25.39,6.56,3,365,84,70,55,12,5,3
USER077,2025-09-22,8.77,27.5,12.9,1,96.9,23.44,2.91,1,322,65,81,188,24,3,8
USER077,2025-09-23,6.32,30.8,31.5,1,96.6,23.59,5.08,3,261,72,81,230,21,5,6
USER077,2025-09-24,6.8,37.1,35.1,1,96.9,23.08,5.38,4,270,91,83,104,11,7,7
USER077,2025-09-25,5.51,25.0,35.8,1,96.0,23.17,2.51,1,290,70,82,135,0,2,3
USER077,2025-09-26,8.8,33.7,24.2,1,90.6,23.17,5.44,3,353,62,67,67,0,5,4
USER077,2025-09-27,7.68,23.5,29.8,1,90.3,24.16,4.74,5,335,88,82,87,2,5,8
USER077,2025-09-28,8.67,37.9,27.1,1,94.8,24.25,6.18,1,291,85,70,174,0,3,5
USER077,2025-09-29,5.42,31.5,29.7,3,96.0,23.05,4.09,1,268,71,88,145,34,3,6
USER077,2025-09-30,7.74,22.5,30.4,0,93.4,23.22,5.04,1,224,80,90,45,26,6,6
USER077,2025-10-01,5.33,28.0,32.3,0,87.5,23.63,5.3,2,407,71,70,104,0,4,5
USER077,2025-10-02,7.23,34.9,26.3,4,88.0,23.85,7.31,7,275,84,93,45,7,3,7
USER077,2025-10-03,6.48,11.1,22.8,3,98.7,23.36,5.68,6,266,91,94,29,45,3,6
USER077,2025-10-04,7.51,27.8,22.8,0,92.0,23.92,2.0,7,258,92,88,61,12,6,5
USER077,2025-10-05,9.28,21.6,33.3,2,97.8,24.72,4.69,0,289,62,75,191,7,4,5
USER077,2025-10-06,7.31,30.1,30.0,5,90.8,23.72,4.97,3,365,90,74,30,6,4,3
USER077,2025-10-07,8.03,28.2,25.8,2,90.1,23.09,4.21,1,254,72,85,207,1,4,6
USER077,2025-10-08,7.08,23.3,29.3,3,96.0,23.54,7.07,1,287,100,55,94,16,2,5
USER077,2025-10-09,7.59,17.4,24.4,2,98.2,23.4,4.48,4,364,87,59,80,19,3,6
USER077,2025-10-10,7.02,16.5,27.4,1,98.1,23.8,6.95,8,244,84,80,40,24,5,6
USER077,2025-10-11,7.9,32.0,29.3,3,96.0,23.58,5.0,2,264,87,87,93,59,5,6
USER077,2025-10-12,7.97,35.8,27.2,2,95.1,24.21,6.84,2,347,70,80,144,26,3,4
USER077,2025-10-13,7.27,21.2,37.1,0,98.0,23.22,6.03,5,269,84,81,56,7,5,7
USER077,2025-10-14,6.75,16.3,25.7,3,99.4,23.67,3.46,6,285,84,45,11,70,6,8
USER077,2025-10-15,6.1,20.8,21.3,1,93.6,23.02,4.21,1,297,66,75,49,17,3,8
USER077,2025-10-16,5.98,26.4,29.0,1,95.6,23.98,5.89,2,310,82,65,31,27,2,6
USER077,2025-10-17,6.8,27.5,20.9,3,95.3,23.43,4.3,5,318,72,84,138,2,3,6
USER077,2025-10-18,8.36,22.0,30.8,0,93.4,24.19,2.8,3,287,85,75,30,9,4,6
USER077,2025-10-19,8.29,28.3,24.8,3,93.8,23.98,5.22,2,211,88,72,121,21,4,5
USER077,2025-10-20,7.74,35.6,29.7,0,89.9,23.29,2.93,6,216,66,77,182,7,5,5
USER077,2025-10-21,6.11,19.8,23.2,3,89.8,23.75,3.83,1,295,75,92,57,0,3,7
USER077,2025-10-22,7.64,38.0,26.4,2,95.3,23.55,4.42,2,225,86,61,74,1,3,8
USER077,2025-10-23,6.58,31.3,22.2,0,90.7,23.68,5.86,1,376,79,79,65,2,6,7
USER077,2025-10-24,7.79,28.5,17.9,1,97.3,23.19,4.62,1,238,73,93,62,3,4,5
USER077,2025-10-25,6.54,19.6,20.6,1,92.4,23.89,7.36,1,278,68,49,243,34,2,5
USER077,2025-10-26,6.11,16.7,39.8,1,97.1,24.59,4.24,3,274,97,80,95,16,4,4
USER077,2025-10-27,7.61,27.0,32.6,2,94.0,23.95,7.4,4,291,80,83,50,13,5,4
USER077,2025-10-28,6.27,22.3,33.1,1,92.2,23.72,7.38,0,326,86,96,61,12,6,6
USER077,2025-10-29,5.52,18.0,23.7,1,95.6,23.43,1.69,1,288,62,83,13,0,6,7
USER077,2025-10-30,8.1,19.4,30.6,4,93.5,23.6,7.32,1,328,83,98,164,7,3,6
USER077,2025-10-31,8.38,25.0,26.4,1,86.8,23.93,9.32,3,262,79,91,60,67,3,5
USER077,2025-11-01,7.57,25.2,18.6,1,89.9,25.03,7.02,5,312,98,77,51,45,3,9
USER077,2025-11-02,8.02,26.2,23.3,1,92.7,24.81,5.65,1,300,78,75,89,8,4,6
USER077,2025-11-03,6.05,30.2,20.6,3,99.0,23.35,2.55,0,308,61,77,8,59,2,8
USER077,2025-11-04,5.77,21.2,31.0,3,98.7,23.16,6.8,1,297,73,62,134,31,4,3
USER077,2025-11-05,7.02,19.7,19.4,1,99.2,23.09,5.73,8,297,100,91,15,18,2,7
USER077,2025-11-06,6.08,17.3,34.7,5,96.3,23.24,2.57,2,210,79,71,234,8,5,5
USER078,2025-07-10,8.53,19.8,19.1,2,91.2,21.59,5.72,2,340,89,73,25,1,6,3
USER078,2025-07-11,8.61,25.4,27.6,2,95.1,21.9,5.28,2,325,100,80,17,7,5,4
USER078,2025-07-12,7.44,21.3,30.4,2,96.1,23.84,6.02,6,339,77,76,84,15,5,7
USER078,2025-07-13,8.7,23.3,19.7,2,88.4,22.68,3.86,4,200,79,88,142,8,5,5
USER078,2025-07-14,8.2,30.2,32.4,0,97.0,21.91,4.65,3,248,92,81,75,50,2,3
USER078,2025-07-15,8.24,25.7,29.9,5,97.0,21.69,2.21,7,410,98,79,41,4,2,6
USER078,2025-07-16,6.98,34.4,37.5,3,91.2,22.37,5.84,1,366,61,80,70,4,3,4
USER078,2025-07-17,8.61,17.0,36.4,0,95.3,22.41,6.81,0,353,100,92,97,26,4,7
USER078,2025-07-18,10.17,18.8,29.4,6,96.2,22.48,6.89,3,226,68,75,56,1,4,7
USER078,2025-07-19,7.99,22.7,30.4,2,97.5,22.19,3.18,6,273,92,77,91,8,5,6
USER078,2025-07-20,10.06,26.5,26.1,0,94.9,22.13,5.67,1,391,76,69,31,0,4,8
USER078,2025-07-21,8.17,20.1,25.0,3,95.8,21.63,6.23,8,200,92,92,148,14,6,6
USER078,2025-07-22,7.51,31.3,29.4,2,91.2,22.43,6.35,6,373,78,98,47,19,2,5
USER078,2025-07-23,7.42,28.0,32.6,0,85.5,22.18,6.93,4,297,87,100,52,15,2,6
USER078,2025-07-24,8.86,31.4,25.5,5,96.1,21.57,4.97,4,275,87,100,41,14,4,6
USER078,2025-07-25,6.54,43.8,25.8,0,94.3,21.68,3.17,0,275,78,75,44,1,5,8
USER078,2025-07-26,9.39,34.4,31.9,3,88.5,23.53,3.44,6,294,69,74,59,28,4,6
USER078,2025-07-27,9.92,23.7,24.3,1,95.2,23.32,4.87,3,254,73,80,112,37,3,6
USER078,2025-07-28,7.17,17.6,23.2,2,94.1,21.63,3.86,4,289,68,66,105,1,4,6
USER078,2025-07-29,9.19,25.8,22.4,1,94.0,21.96,4.74,4,253,75,90,36,16,4,5
USER078,2025-07-30,8.66,27.1,26.6,4,91.2,21.89,5.5,3,244,80,100,237,6,2,4
USER078,2025-07-31,7.12,28.5,30.0,3,90.3,21.88,2.89,3,321,83,91,63,19,4,6
USER078,2025-08-01,7.9,36.2,39.2,1,94.2,22.12,5.91,3,274,70,82,141,34,6,7
USER078,2025-08-02,9.27,17.1,31.3,0,82.4,23.44,5.13,4,334,84,79,114,17,1,7
USER078,2025-08-03,7.51,17.6,37.2,2,93.1,22.96,2.38,1,283,76,83,60,2,3,3
USER078,2025-08-04,7.69,24.1,35.3,4,90.3,22.44,7.27,4,250,78,73,81,46,4,6
USER078,2025-08-05,5.69,23.5,33.0,2,94.8,22.4,1.98,1,266,61,79,182,18,2,5
USER078,2025-08-06,8.3,17.3,29.6,6,95.1,22.03,5.54,4,273,72,93,91,2,2,6
USER078,2025-08-07,7.5,24.2,23.8,4,91.5,21.55,7.62,0,267,100,68,109,2,4,6
USER078,2025-08-08,7.66,21.6,33.7,1,97.9,21.85,4.96,3,248,97,72,40,9,4,4
USER078,2025-08-09,9.39,20.9,32.3,0,97.1,22.83,4.36,1,314,71,61,41,23,5,6
USER078,2025-08-10,8.74,25.0,33.4,2,97.3,23.14,6.07,0,258,91,94,98,3,4,4
USER078,2025-08-11,7.38,12.2,36.9,2,99.0,21.51,5.05,6,298,88,71,22,38,4,7
USER078,2025-08-12,10.17,22.2,34.7,2,94.1,22.09,4.78,1,281,92,65,46,6,3,5
USER078,2025-08-13,6.81,23.8,26.0,2,97.5,21.77,5.02,0,306,77,66,145,8,2,5
USER078,2025-08-14,7.73,24.9,25.7,0,92.6,21.96,5.87,5,200,100,69,106,8,4,6
USER078,2025-08-15,6.46,26.0,37.2,3,92.0,22.44,4.56,4,292,60,45,31,7,3,7
USER078,2025-08-16,7.26,21.8,30.4,5,96.0,23.63,5.0,6,224,75,76,26,93,3,7
USER078,2025-08-17,7.85,21.2,25.0,3,94.4,23.48,5.87,4,313,83,85,188,3,3,7
USER078,2025-08-18,7.09,17.4,37.7,4,85.3,22.31,5.63,2,319,82,75,82,23,5,6
USER078,2025-08-19,8.57,18.2,23.9,3,96.4,21.93,5.29,7,200,85,87,182,19,4,7
USER078,2025-08-20,7.17,35.8,33.6,6,90.6,22.49,5.95,6,339,71,65,91,8,2,4
USER078,2025-08-21,7.43,29.6,32.4,0,87.5,21.52,6.11,4,307,70,60,35,7,5,5
USER078,2025-08-22,6.35,18.5,29.9,0,97.9,21.93,2.7,2,294,76,87,106,8,2,7
USER078,2025-08-23,9.28,22.3,32.9,1,94.1,23.84,4.57,6,325,65,68,165,10,4,8
USER078,2025-08-24,9.19,20.3,23.3,0,89.5,22.81,7.27,1,287,66,69,56,2,2,6
USER078,2025-08-25,6.99,18.2,24.9,0,95.4,22.09,4.94,1,239,86,53,54,4,2,6
USER078,2025-08-26,9.39,35.6,22.9,2,88.6,21.85,5.12,1,293,73,87,88,30,4,5
USER078,2025-08-27,7.64,29.9,38.6,1,93.2,21.97,5.39,3,242,90,59,50,17,2,7
USER078,2025-08-28,6.27,37.0,18.8,2,97.7,21.62,4.83,1,266,79,76,74,1,3,4
USER078,2025-08-29,7.83,14.1,29.7,2,95.1,22.21,5.75,7,328,87,81,155,17,6,7
USER078,2025-08-30,8.83,21.7,21.1,0,88.9,22.67,6.55,8,200,79,100,68,39,2,4
USER078,2025-08-31,8.71,26.4,27.6,4,98.3,22.76,6.53,5,243,88,90,91,23,3,7
USER078,2025-09-01,6.56,25.4,31.4,2,95.8,21.52,3.43,1,226,60,72,66,8,3,7
USER078,2025-09-02,6.5,26.0,30.3,2,97.4,22.3,0.0,1,291,93,71,78,74,3,4
USER078,2025-09-03,9.01,19.2,33.9,3,98.2,22.3,5.66,4,290,73,97,91,15,1,8
USER078,2025-09-04,6.68,15.1,34.1,0,96.7,21.57,5.24,2,265,72,73,179,4,4,4
USER078,2025-09-05,7.02,25.1,23.6,2,97.0,22.43,4.58,8,269,94,88,165,1,4,5
USER078,2025-09-06,8.44,28.7,27.9,3,97.8,22.35,4.46,6,200,100,98,150,1,2,6
USER078,2025-09-07,8.71,21.8,22.2,2,98.9,23.64,8.19,1,286,69,83,27,33,3,6
USER078,2025-09-08,6.66,20.5,28.5,2,87.4,21.66,6.36,4,250,52,76,175,0,6,7
USER078,2025-09-09,8.0,17.7,22.6,2,90.9,21.98,10.0,5,200,86,63,34,10,3,7
USER078,2025-09-10,8.04,21.6,41.5,1,98.1,21.65,5.91,3,246,92,57,77,1,5,8
USER078,2025-09-11,8.82,24.5,23.1,2,97.0,21.92,6.26,4,289,95,91,62,16,3,5
USER078,2025-09-12,7.48,22.4,26.0,3,93.2,21.7,4.76,3,254,77,82,178,12,4,7
USER078,2025-09-13,7.52,19.0,35.0,2,95.8,23.17,5.4,4,296,93,67,67,27,2,4
USER078,2025-09-14,8.74,17.4,31.8,2,97.2,22.07,4.27,4,297,88,85,58,4,3,7
USER078,2025-09-15,6.57,32.4,17.0,5,92.2,21.6,5.99,2,371,87,73,52,30,5,4
USER078,2025-09-16,9.33,38.4,31.8,4,97.0,22.48,5.35,2,238,100,70,56,0,4,7
USER078,2025-09-17,8.11,28.1,30.3,0,95.7,21.98,6.18,2,200,86,87,112,3,3,4
USER078,2025-09-18,7.47,23.2,28.1,2,96.1,21.51,4.7,3,292,88,99,90,23,2,6
USER078,2025-09-19,6.88,22.2,20.3,2,97.5,21.87,3.21,8,271,84,74,43,13,3,4
USER078,2025-09-20,8.42,18.0,29.0,3,92.8,22.41,5.72,5,331,64,99,23,71,5,7
USER078,2025-09-21,7.88,36.5,31.5,0,93.0,22.3,7.22,9,249,86,98,94,6,5,4
USER078,2025-09-22,5.84,20.2,27.1,2,95.0,22.15,4.69,1,347,71,68,119,71,3,4
USER078,2025-09-23,7.63,14.5,34.5,4,90.9,21.82,4.31,2,206,83,77,195,5,2,7
USER078,2025-09-24,7.81,18.2,39.3,1,97.3,21.74,8.27,4,285,80,82,35,1,3,5
USER078,2025-09-25,6.53,38.3,17.2,3,86.1,22.33,6.6,3,287,69,53,17,0,6,6
USER078,2025-09-26,6.37,27.7,24.9,3,92.5,21.75,4.47,2,338,81,85,103,7,5,5
USER078,2025-09-27,8.83,19.9,34.6,3,97.5,22.71,4.36,1,261,90,75,245,17,3,4
USER078,2025-09-28,8.88,25.6,27.0,1,96.2,23.78,5.07,2,291,83,73,63,32,5,5
USER078,2025-09-29,7.92,32.5,21.3,0,91.3,22.13,3.87,7,337,86,82,8,52,6,8
USER078,2025-09-30,8.58,31.4,34.1,1,92.4,22.5,6.3,4,278,84,72,100,0,5,3
USER078,2025-10-01,7.76,30.1,26.5,4,95.4,21.52,6.41,5,240,79,94,38,24,2,6
USER078,2025-10-02,8.61,26.1,18.3,2,91.4,21.98,6.26,4,324,89,100,104,1,5,6
USER078,2025-10-03,7.74,33.9,20.3,0,90.1,21.68,4.95,6,200,89,92,37,18,4,5
USER078,2025-10-04,8.69,33.5,25.4,3,94.1,23.21,4.38,3,297,74,91,107,55,2,6
USER078,2025-10-05,8.35,20.0,21.9,0,98.5,23.3,7.46,4,240,99,94,37,14,6,7
USER078,2025-10-06,7.28,41.0,33.2,1,94.8,21.9,4.82,5,244,100,85,108,51,4,5
USER078,2025-10-07,6.09,31.3,21.5,0,97.0,22.06,4.42,3,284,78,86,172,6,4,4
USER078,2025-10-08,8.23,21.2,16.9,3,85.7,21.72,5.33,6,271,100,94,169,1,3,2
USER078,2025-10-09,6.45,25.6,20.7,4,95.8,22.12,6.85,1,407,65,77,39,22,2,5
USER078,2025-10-10,9.29,21.3,28.8,2,97.7,21.99,4.08,1,239,88,87,55,34,3,8
USER078,2025-10-11,9.43,14.7,22.3,2,97.9,23.15,1.74,1,312,71,100,163,5,4,5
USER078,2025-10-12,8.27,25.6,31.0,2,99.7,22.54,6.46,6,269,100,84,109,14,3,8
USER078,2025-10-13,9.07,15.3,26.6,2,93.9,22.16,6.98,3,245,61,86,10,0,6,5
USER078,2025-10-14,9.35,32.5,27.9,2,97.7,21.65,6.06,2,364,79,73,123,18,5,4
USER078,2025-10-15,8.65,16.6,25.1,3,92.5,21.76,3.77,4,331,83,64,141,18,3,6
USER078,2025-10-16,7.07,22.4,33.8,1,97.3,21.7,5.31,2,249,71,84,27,34,2,7
USER078,2025-10-17,7.0,24.8,27.9,2,89.8,22.37,4.88,6,363,87,68,84,48,3,7
USER078,2025-10-18,9.44,29.1,35.1,1,97.3,22.66,6.13,0,257,78,76,72,23,6,7
USER078,2025-10-19,10.4,15.3,26.3,1,98.3,22.28,4.79,3,351,74,75,135,7,4,3
USER078,2025-10-20,7.37,32.7,29.5,2,98.3,21.77,5.88,5,315,92,77,28,52,2,7
USER078,2025-10-21,7.16,18.2,27.5,3,97.3,21.73,5.86,3,227,68,88,46,50,2,6
USER078,2025-10-22,8.16,14.0,26.2,0,94.7,21.99,6.21,4,317,81,87,32,22,3,7
USER078,2025-10-23,8.15,30.8,30.0,0,92.6,21.72,5.73,4,233,90,84,166,47,4,7
USER078,2025-10-24,9.0,22.4,25.1,1,89.0,21.83,3.45,0,280,82,81,222,6,5,6
USER078,2025-10-25,8.45,23.4,20.4,0,98.3,22.19,7.33,6,200,100,83,223,37,3,5
USER078,2025-10-26,9.11,25.9,27.1,0,94.5,23.66,4.85,1,292,71,80,155,1,5,3
USER078,2025-10-27,5.49,18.0,21.4,1,89.6,22.12,3.38,0,315,61,62,255,26,5,6
USER078,2025-10-28,7.34,25.9,31.8,0,93.9,22.26,4.28,2,302,92,84,201,39,2,8
USER078,2025-10-29,8.1,17.2,25.6,3,94.7,21.9,8.16,3,316,100,78,53,2,4,5
USER078,2025-10-30,9.47,36.2,25.3,1,95.1,22.04,5.32,2,276,69,86,71,39,5,8
USER078,2025-10-31,6.58,28.6,23.2,0,95.1,22.16,4.59,3,304,79,78,108,15,5,7
USER078,2025-11-01,8.64,28.1,31.8,3,98.9,22.8,7.28,2,234,96,82,68,9,4,5
USER078,2025-11-02,8.25,33.9,12.6,0,88.5,23.25,6.21,5,200,91,94,113,1,6,5
USER078,2025-11-03,8.28,27.5,33.9,5,96.8,22.29,4.85,4,314,90,73,97,19,2,4
USER078,2025-11-04,6.75,26.5,26.3,0,95.2,21.91,6.46,7,309,81,71,133,13,2,6
USER078,2025-11-05,6.79,24.5,31.0,3,97.9,21.59,7.37,5,305,76,70,187,72,7,7
USER078,2025-11-06,8.35,28.5,33.5,3,93.8,21.6,7.25,4,200,76,63,20,21,3,6
USER079,2025-07-10,7.74,16.8,26.2,2,96.5,0.94,6.04,8,353,85,87,77,6,3,5
USER079,2025-07-11,6.64,18.6,21.3,3,95.3,1.37,3.85,3,200,89,78,148,3,4,6
USER079,2025-07-12,7.76,19.3,26.8,1,91.3,2.01,3.19,1,265,82,63,40,1,3,6
USER079,2025-07-13,6.99,31.1,32.3,5,91.3,1.39,5.26,5,257,100,81,17,41,5,5
USER079,2025-07-14,8.43,35.0,19.4,1,91.4,1.37,5.39,5,305,88,84,35,0,4,5
USER079,2025-07-15,7.13,22.0,17.4,4,94.3,1.11,4.78,6,266,82,95,205,10,3,6
USER079,2025-07-16,8.25,28.6,31.8,1,97.1,1.23,7.69,7,251,65,88,159,28,2,5
USER079,2025-07-17,6.26,28.5,19.6,3,97.9,1.03,5.34,1,284,88,100,21,46,3,5
USER079,2025-07-18,5.55,28.3,32.6,1,92.8,1.29,3.71,0,384,72,68,51,7,5,5
USER079,2025-07-19,7.4,27.2,31.1,2,94.5,2.49,4.83,3,230,71,83,28,16,5,8
USER079,2025-07-20,9.73,28.2,22.3,1,92.9,1.51,3.57,1,379,64,70,90,24,2,5
USER079,2025-07-21,6.59,18.8,34.0,1,96.6,1.23,7.28,3,364,76,92,75,10,2,8
USER079,2025-07-22,6.2,32.3,16.7,0,91.5,1.39,3.99,4,203,73,68,104,4,3,6
USER079,2025-07-23,6.19,23.8,23.6,1,91.7,1.02,5.25,3,262,85,72,157,0,5,3
USER079,2025-07-24,4.0,33.4,28.9,3,98.4,1.44,4.52,0,387,61,78,47,1,2,6
USER079,2025-07-25,6.83,24.3,31.8,3,90.8,1.2,8.16,3,348,100,92,22,12,3,6
USER079,2025-07-26,8.67,28.9,30.3,2,98.1,1.99,4.68,1,340,60,55,41,21,3,8
USER079,2025-07-27,6.1,33.1,22.4,2,97.7,2.01,8.08,1,252,84,87,184,19,5,7
USER079,2025-07-28,6.69,27.3,36.9,4,93.5,1.04,5.36,2,258,79,91,35,8,3,7
USER079,2025-07-29,6.6,26.8,26.1,3,93.5,1.17,5.66,6,278,89,77,70,5,4,5
USER079,2025-07-30,9.09,30.5,27.1,1,98.0,0.76,4.94,1,326,97,64,107,14,2,6
USER079,2025-07-31,6.26,19.4,27.5,1,97.5,1.0,4.76,4,271,89,83,216,3,4,6
USER079,2025-08-01,7.18,34.2,23.4,3,96.8,1.41,6.19,4,342,77,60,57,25,1,7
USER079,2025-08-02,8.49,14.3,23.0,2,85.4,1.94,6.16,2,329,78,72,123,17,7,6
USER079,2025-08-03,6.64,16.6,25.0,2,88.4,1.91,4.29,5,350,88,71,252,51,3,4
USER079,2025-08-04,7.01,29.2,22.3,2,97.0,0.96,7.26,6,351,92,87,116,0,4,7
USER079,2025-08-05,8.65,25.0,31.3,2,89.3,1.17,5.48,3,302,78,54,34,0,4,6
USER079,2025-08-06,7.21,31.0,28.6,2,97.9,1.24,4.75,7,309,87,90,75,3,3,6
USER079,2025-08-07,6.23,30.7,24.8,3,97.5,0.86,4.15,3,207,88,86,120,53,3,5
USER079,2025-08-08,7.24,29.7,30.7,2,91.7,0.53,8.6,4,200,65,94,72,6,3,3
USER079,2025-08-09,9.28,16.7,33.6,1,92.2,2.61,3.31,0,305,59,80,176,0,1,5
USER079,2025-08-10,6.23,11.6,30.4,1,98.8,1.78,5.34,6,274,96,77,12,33,2,6
USER079,2025-08-11,7.13,19.4,14.2,3,92.0,1.07,5.07,4,225,83,86,135,39,2,6
USER079,2025-08-12,6.07,33.0,19.8,7,97.9,0.61,4.61,2,315,86,71,58,21,2,4
USER079,2025-08-13,6.34,16.2,27.0,1,91.4,0.63,2.62,5,354,84,65,119,0,5,4
USER079,2025-08-14,7.16,24.8,20.6,2,99.4,1.47,7.0,4,314,93,96,38,14,3,7
USER079,2025-08-15,6.52,24.2,23.8,5,96.6,1.26,4.88,11,200,100,100,45,12,3,4
USER079,2025-08-16,8.24,15.1,33.5,2,95.9,1.77,3.24,2,264,93,95,151,17,2,6
USER079,2025-08-17,7.41,33.5,27.4,5,95.3,2.53,6.65,3,275,89,78,53,24,2,5
USER079,2025-08-18,6.62,15.8,30.1,1,97.0,0.5,4.09,2,253,99,93,63,15,6,4
USER079,2025-08-19,4.8,12.9,33.7,2,94.4,0.74,4.05,2,366,70,74,192,3,3,3
USER079,2025-08-20,7.94,17.9,24.1,2,90.3,1.42,5.91,4,369,53,68,45,18,6,8
USER079,2025-08-21,5.47,22.1,25.9,6,97.9,0.91,6.46,3,274,76,78,54,11,5,6
USER079,2025-08-22,4.66,35.3,30.6,1,99.7,0.57,6.44,0,402,59,81,164,35,5,5
USER079,2025-08-23,7.58,26.5,28.0,2,95.3,1.24,5.83,1,300,100,87,303,3,4,6
USER079,2025-08-24,7.33,31.1,32.9,0,94.8,2.7,5.84,2,252,91,48,166,1,2,4
USER079,2025-08-25,6.16,36.0,38.5,2,88.8,0.51,2.76,6,293,84,86,126,20,4,6
USER079,2025-08-26,7.01,18.8,21.5,1,96.3,0.56,5.96,1,236,86,80,103,0,5,8
USER079,2025-08-27,6.23,21.3,34.6,2,97.1,1.26,7.59,5,324,85,85,127,93,6,8
USER079,2025-08-28,6.18,35.1,26.7,1,99.1,1.3,6.42,7,319,76,58,128,2,4,3
USER079,2025-08-29,6.48,21.2,19.7,0,98.2,0.88,7.09,5,210,95,66,52,5,5,6
USER079,2025-08-30,8.77,22.7,15.5,3,87.0,2.3,3.51,4,295,48,59,25,87,3,7
USER079,2025-08-31,8.98,22.6,40.0,2,97.0,2.45,5.01,0,346,65,76,35,11,4,7
USER079,2025-09-01,5.71,29.4,32.0,2,97.4,0.52,2.16,2,267,84,68,17,37,5,7
USER079,2025-09-02,6.21,25.3,31.8,1,95.6,0.99,1.89,5,290,92,72,78,20,5,5
USER079,2025-09-03,5.89,13.7,23.4,1,96.0,1.07,4.46,2,328,77,100,99,18,5,7
USER079,2025-09-04,7.01,22.7,15.4,1,92.6,0.73,5.26,5,200,86,84,133,28,4,6
USER079,2025-09-05,5.54,28.7,22.5,2,93.8,1.28,5.66,3,241,69,78,107,10,3,5
USER079,2025-09-06,7.45,18.6,21.4,0,95.6,1.15,2.64,3,329,82,76,69,4,5,4
USER079,2025-09-07,7.05,24.8,23.0,1,92.8,2.22,3.46,6,257,84,68,116,55,3,6
USER079,2025-09-08,7.06,25.2,28.1,2,96.3,1.0,8.73,12,287,84,76,12,37,6,7
USER079,2025-09-09,7.81,17.4,34.2,2,98.4,1.02,3.34,3,200,88,59,105,7,3,2
USER079,2025-09-10,7.41,25.3,23.4,1,96.9,0.99,5.02,3,278,96,91,135,12,2,6
USER079,2025-09-11,5.25,18.2,20.7,3,93.5,0.76,6.86,0,353,48,89,78,5,5,4
USER079,2025-09-12,6.38,26.1,32.7,3,92.1,1.35,6.52,4,217,79,83,111,18,3,5
USER079,2025-09-13,6.17,19.5,32.5,3,94.9,2.05,5.06,5,255,74,84,43,29,3,6
USER079,2025-09-14,7.3,16.4,29.7,1,94.3,2.75,5.94,7,305,76,89,66,6,3,6
USER079,2025-09-15,6.09,20.4,34.5,1,95.9,0.62,9.26,2,301,76,75,81,0,4,2
USER079,2025-09-16,6.51,28.5,35.3,1,85.5,0.6,5.59,4,200,85,96,140,75,3,4
USER079,2025-09-17,5.51,20.2,25.0,1,96.3,1.0,6.77,5,254,100,66,34,19,3,4
USER079,2025-09-18,5.55,28.4,26.3,0,94.7,0.96,6.77,1,233,56,87,101,14,4,7
USER079,2025-09-19,5.43,20.3,21.2,3,95.6,1.18,3.48,4,280,66,79,5,12,4,5
USER079,2025-09-20,7.16,16.7,32.1,0,96.4,2.76,4.89,7,220,70,85,16,43,5,6
USER079,2025-09-21,6.7,14.9,30.7,3,97.8,1.81,7.03,3,202,78,74,53,9,3,3
USER079,2025-09-22,5.79,36.3,33.1,5,95.1,0.62,3.7,5,339,84,82,101,27,3,5
USER079,2025-09-23,6.22,22.3,33.6,4,90.9,0.86,3.34,5,290,70,72,208,21,2,5
USER079,2025-09-24,6.52,27.7,36.3,0,96.9,0.64,4.53,9,239,93,83,41,13,4,5
USER079,2025-09-25,6.85,22.0,36.5,1,95.8,0.57,7.53,6,284,58,82,32,3,3,5
USER079,2025-09-26,7.24,27.7,26.4,1,92.3,0.78,7.39,4,325,84,77,217,45,2,5
USER079,2025-09-27,7.16,27.2,19.0,4,90.2,1.1,6.98,3,305,80,100,151,19,4,5
USER079,2025-09-28,9.32,38.4,24.3,2,94.2,2.61,2.76,2,222,58,100,23,5,5,5
USER079,2025-09-29,5.39,16.6,26.8,5,91.8,1.02,5.04,4,213,74,59,71,19,2,3
USER079,2025-09-30,6.13,21.7,21.2,2,89.2,0.56,4.03,2,292,68,72,27,6,2,4
USER079,2025-10-01,5.66,29.7,32.2,1,95.0,0.6,5.43,2,288,100,65,142,0,2,4
USER079,2025-10-02,6.69,22.0,27.6,4,97.7,0.63,5.68,3,240,100,88,80,26,2,7
USER079,2025-10-03,7.76,23.2,34.8,1,96.3,0.91,4.38,1,250,69,77,237,16,1,3
USER079,2025-10-04,6.43,31.8,13.5,4,93.6,2.84,4.34,5,235,94,88,62,21,3,6
USER079,2025-10-05,6.89,28.2,29.8,3,95.9,2.41,5.29,5,211,92,88,26,19,5,5
USER079,2025-10-06,6.74,16.8,21.6,0,93.3,0.84,3.75,3,304,92,100,36,3,4,5
USER079,2025-10-07,5.27,29.3,19.4,2,92.8,0.68,6.97,1,275,88,75,64,55,3,3
USER079,2025-10-08,6.04,30.3,31.3,4,96.8,1.14,5.05,3,261,89,90,38,3,3,5
USER079,2025-10-09,8.05,19.2,22.7,0,98.2,1.15,4.09,4,338,87,100,78,40,3,6
USER079,2025-10-10,6.79,23.4,26.1,3,94.9,0.87,6.84,2,210,83,87,77,54,1,4
USER079,2025-10-11,7.41,22.2,27.8,0,87.9,2.88,7.23,1,349,80,94,141,13,6,8
USER079,2025-10-12,8.32,20.7,37.0,1,88.4,2.18,4.43,2,303,59,67,4,11,8,6
USER079,2025-10-13,6.0,16.3,21.0,4,98.3,0.62,4.93,2,299,87,65,112,27,3,6
USER079,2025-10-14,8.1,34.6,18.9,1,97.2,1.31,5.25,4,291,87,77,99,7,1,4
USER079,2025-10-15,6.05,21.5,21.8,2,90.1,0.62,7.11,3,305,88,76,90,3,5,7
USER079,2025-10-16,6.51,24.0,18.0,2,93.0,0.77,5.67,9,266,86,88,179,4,3,7
USER079,2025-10-17,5.96,24.5,21.6,0,92.9,0.61,6.0,1,308,74,100,119,44,4,7
USER079,2025-10-18,8.98,26.0,30.6,1,88.5,2.64,0.9,1,333,66,70,47,9,2,8
USER079,2025-10-19,7.3,32.5,32.6,0,91.9,1.36,8.16,1,200,69,73,70,17,6,6
USER079,2025-10-20,5.53,26.9,25.4,3,97.4,1.34,3.32,3,200,72,71,79,8,4,5
USER079,2025-10-21,6.7,22.9,20.3,1,91.5,0.5,8.98,3,268,75,79,32,36,4,5
USER079,2025-10-22,5.15,15.6,25.4,0,93.8,0.87,4.87,0,374,75,45,153,13,3,4
USER079,2025-10-23,5.69,22.7,16.0,0,97.2,0.82,4.52,3,281,83,79,95,42,5,5
USER079,2025-10-24,6.31,26.9,27.2,2,96.4,1.2,5.15,5,203,95,92,115,20,4,5
USER079,2025-10-25,7.75,30.9,22.4,2,99.4,1.57,4.64,8,356,62,89,44,37,3,5
USER079,2025-10-26,8.3,26.2,23.5,1,86.9,1.06,0.95,3,306,86,81,43,1,4,5
USER079,2025-10-27,5.72,21.5,18.5,0,98.3,0.83,5.74,5,351,68,76,123,24,5,3
USER079,2025-10-28,6.89,35.5,20.2,4,98.1,0.62,5.24,7,249,100,75,312,4,8,5
USER079,2025-10-29,6.42,23.8,36.3,0,92.1,1.46,5.28,1,282,84,86,46,0,4,6
USER079,2025-10-30,6.03,37.9,23.1,0,92.1,0.59,5.62,3,283,70,79,79,7,5,7
USER079,2025-10-31,6.71,21.6,25.1,4,93.2,0.93,7.57,7,321,77,91,94,6,4,5
USER079,2025-11-01,9.01,14.2,24.0,1,88.7,2.64,4.8,3,425,52,68,97,14,5,3
USER079,2025-11-02,7.85,15.3,17.5,0,99.4,2.63,4.08,2,223,76,86,26,37,4,3
USER079,2025-11-03,5.15,22.6,24.8,2,91.5,1.14,4.55,1,343,67,81,164,8,4,4
USER079,2025-11-04,6.59,15.7,26.6,2,97.8,1.18,7.27,5,275,78,96,94,26,4,5
USER079,2025-11-05,5.95,22.0,27.4,0,93.6,0.96,5.29,1,200,93,91,78,11,5,5
USER079,2025-11-06,7.12,21.6,21.7,3,86.9,0.94,7.66,3,200,85,64,52,31,5,6
USER080,2025-07-10,6.64,21.1,36.4,3,92.6,0.71,4.38,2,251,81,65,81,28,4,5
USER080,2025-07-11,6.17,18.8,27.1,3,94.4,1.41,5.11,1,293,83,55,34,32,3,3
USER080,2025-07-12,7.91,30.5,20.7,3,98.1,1.77,3.78,3,294,71,60,232,13,4,2
USER080,2025-07-13,8.6,33.5,21.1,1,94.9,1.35,4.92,3,277,74,91,55,72,4,7
USER080,2025-07-14,7.34,27.9,26.8,0,97.0,0.63,4.9,5,200,90,100,140,4,7,5
USER080,2025-07-15,6.53,15.5,31.4,4,97.4,1.22,4.49,1,303,55,95,32,16,1,4
USER080,2025-07-16,6.82,30.7,38.5,2,93.9,1.34,5.09,5,200,81,85,8,6,4,8
USER080,2025-07-17,6.47,13.7,25.1,2,96.5,1.16,4.39,4,306,73,52,143,28,3,7
USER080,2025-07-18,5.59,16.3,25.0,2,90.1,1.05,4.87,2,317,63,59,138,23,6,4
USER080,2025-07-19,9.09,32.0,20.2,3,81.2,2.87,4.64,2,323,79,62,133,1,6,7
USER080,2025-07-20,7.87,27.0,34.3,1,91.6,1.97,8.03,5,260,60,76,179,8,4,7
USER080,2025-07-21,7.49,18.7,19.3,3,90.3,0.71,5.06,3,317,97,68,19,25,3,6
USER080,2025-07-22,7.39,30.8,20.8,1,94.5,0.81,3.79,3,244,83,100,98,8,4,5
USER080,2025-07-23,7.5,29.0,29.4,4,97.8,0.64,5.76,6,360,77,88,67,46,3,6
USER080,2025-07-24,7.38,27.0,26.3,1,94.2,0.73,6.93,1,200,100,62,204,50,3,5
USER080,2025-07-25,7.66,18.4,35.9,1,85.6,1.15,5.04,6,217,80,98,135,2,4,6
USER080,2025-07-26,8.21,26.7,20.2,0,96.2,1.74,0.47,4,200,78,70,97,30,6,4
USER080,2025-07-27,7.71,20.2,20.4,2,92.8,2.77,4.23,2,286,85,100,109,23,3,7
USER080,2025-07-28,6.47,19.2,22.0,2,97.5,0.52,3.65,5,344,99,82,4,17,4,8
USER080,2025-07-29,6.72,24.4,29.1,1,97.1,0.82,5.77,1,348,80,89,193,2,4,4
USER080,2025-07-30,6.99,18.3,25.4,4,82.6,0.57,5.2,2,305,86,77,103,11,5,7
USER080,2025-07-31,6.08,26.8,13.5,2,94.3,1.16,5.59,3,375,45,88,127,13,4,6
USER080,2025-08-01,6.42,28.9,37.8,2,98.8,0.84,5.8,6,245,77,82,56,17,3,8
USER080,2025-08-02,8.76,36.7,35.4,1,92.4,1.57,5.06,3,269,95,46,78,55,6,7
USER080,2025-08-03,7.84,25.5,38.0,1,97.8,1.12,5.04,2,276,82,82,49,37,5,3
USER080,2025-08-04,6.64,20.4,42.2,6,92.7,1.41,6.64,5,323,84,81,125,7,5,2
USER080,2025-08-05,8.16,28.3,34.3,3,96.7,0.83,7.03,4,402,80,71,23,40,4,4
USER080,2025-08-06,7.41,32.3,19.9,2,98.7,0.84,5.68,6,258,100,81,36,9,4,6
USER080,2025-08-07,6.49,23.0,26.0,2,97.4,0.54,7.77,3,290,91,69,38,6,2,5
USER080,2025-08-08,6.37,26.2,21.4,3,95.6,1.1,7.36,5,286,73,94,149,17,2,8
USER080,2025-08-09,8.51,20.7,17.9,3,82.3,1.72,4.97,2,285,65,72,143,37,4,6
USER080,2025-08-10,9.02,28.1,27.7,1,90.4,1.63,5.22,8,352,64,77,244,5,5,3
USER080,2025-08-11,6.15,35.2,33.7,1,88.3,1.4,3.93,5,319,72,89,155,3,3,6
USER080,2025-08-12,7.9,21.9,32.9,1,93.2,0.98,5.73,6,304,96,80,110,32,3,7
USER080,2025-08-13,6.29,30.4,24.1,1,95.9,1.08,4.17,3,200,84,81,186,17,6,4
USER080,2025-08-14,7.72,29.1,22.6,5,83.0,0.67,8.59,1,288,75,88,143,17,3,7
USER080,2025-08-15,7.27,19.6,33.6,1,96.7,1.31,7.12,3,200,87,94,142,62,7,8
USER080,2025-08-16,8.44,34.2,26.7,1,94.3,1.67,5.46,2,210,86,83,76,32,6,7
USER080,2025-08-17,9.22,37.8,18.5,1,97.9,1.1,4.57,0,296,56,100,102,9,3,6
USER080,2025-08-18,7.82,15.0,30.0,3,94.5,0.86,7.16,5,329,69,64,223,4,7,7
USER080,2025-08-19,6.91,30.1,30.4,1,95.2,1.24,4.39,4,368,74,81,82,2,5,6
USER080,2025-08-20,7.96,32.8,22.0,4,95.1,0.53,5.44,2,290,74,90,115,10,3,8
USER080,2025-08-21,8.6,41.4,27.8,3,97.0,0.51,4.97,0,313,60,62,1,7,2,5
USER080,2025-08-22,7.76,33.2,36.2,0,97.7,1.33,5.29,6,200,81,91,210,5,3,7
USER080,2025-08-23,5.89,19.7,23.1,1,92.7,2.03,4.43,2,271,71,93,25,17,3,5
USER080,2025-08-24,8.17,20.2,26.4,3,95.7,2.45,6.33,3,241,85,74,47,2,3,5
USER080,2025-08-25,6.69,15.7,27.5,2,97.8,0.86,8.05,4,252,96,74,85,35,6,8
USER080,2025-08-26,7.73,16.1,39.1,3,96.1,1.25,7.09,6,270,76,66,281,37,4,3
USER080,2025-08-27,6.74,24.7,21.8,1,98.0,1.22,5.34,2,240,93,100,112,40,5,5
USER080,2025-08-28,6.33,18.6,27.3,2,95.1,0.68,3.92,8,265,94,91,131,4,2,6
USER080,2025-08-29,7.12,21.6,14.9,3,96.5,1.26,5.92,4,200,89,74,126,16,5,5
USER080,2025-08-30,8.3,15.1,13.8,3,92.4,1.31,4.56,4,301,81,80,113,35,4,6
USER080,2025-08-31,8.27,29.5,28.1,3,88.3,1.64,7.17,4,378,87,93,62,9,3,5
USER080,2025-09-01,6.47,26.2,31.6,1,94.5,1.47,5.1,2,225,77,76,106,45,1,6
USER080,2025-09-02,7.72,23.4,43.8,1,93.6,1.28,5.82,4,252,93,79,105,3,3,7
USER080,2025-09-03,8.27,24.6,23.8,1,92.7,1.15,3.57,2,200,69,80,107,0,5,7
USER080,2025-09-04,7.08,16.6,18.5,0,96.0,0.9,5.37,7,277,96,85,191,17,4,6
USER080,2025-09-05,7.59,14.1,38.0,1,97.3,1.08,5.23,4,244,89,76,22,42,4,8
USER080,2025-09-06,9.53,21.0,23.3,1,92.1,1.63,8.2,2,319,58,83,54,83,6,6
USER080,2025-09-07,7.16,14.2,25.9,2,95.3,1.16,4.6,4,258,86,100,42,48,2,6
USER080,2025-09-08,8.02,30.0,31.5,5,97.8,0.62,8.96,3,200,95,100,220,2,3,5
USER080,2025-09-09,7.15,35.5,27.6,5,90.6,1.13,5.56,1,200,86,86,84,15,4,4
USER080,2025-09-10,7.42,19.8,37.0,1,85.5,0.8,6.56,4,234,74,66,53,0,3,7
USER080,2025-09-11,7.21,32.1,18.5,3,94.8,0.81,3.3,6,266,95,100,36,32,4,8
USER080,2025-09-12,6.25,23.4,24.5,2,91.9,0.88,5.19,3,293,77,92,41,14,4,8
USER080,2025-09-13,9.26,27.3,19.1,2,87.7,1.05,2.87,1,320,67,46,180,0,2,6
USER080,2025-09-14,7.08,34.7,25.9,2,93.6,1.61,5.56,3,200,85,86,166,9,6,6
USER080,2025-09-15,5.94,15.6,19.7,3,93.6,0.91,3.22,3,291,82,84,99,50,4,2
USER080,2025-09-16,6.49,18.9,34.0,4,90.2,1.47,6.52,4,284,58,95,94,10,4,8
USER080,2025-09-17,6.2,17.9,20.3,3,95.9,1.48,6.69,2,399,100,95,145,7,2,6
USER080,2025-09-18,5.26,16.1,30.2,3,91.5,0.51,4.87,0,311,75,58,78,6,6,6
USER080,2025-09-19,7.18,25.8,20.1,2,92.1,1.39,4.24,4,258,82,85,70,14,2,8
USER080,2025-09-20,8.39,13.2,31.0,0,99.7,2.09,3.54,1,250,73,75,78,28,5,6
USER080,2025-09-21,6.6,17.8,31.4,0,85.1,1.39,4.13,4,225,99,64,62,20,4,7
USER080,2025-09-22,5.49,33.0,21.9,4,94.2,0.68,4.77,1,242,57,78,13,3,5,2
USER080,2025-09-23,6.16,37.0,30.6,4,98.0,0.95,4.86,1,305,88,87,185,9,3,4
USER080,2025-09-24,7.43,37.6,19.9,5,90.7,1.37,5.45,2,301,72,77,139,25,2,7
USER080,2025-09-25,7.57,28.7,27.6,0,99.2,1.32,5.9,4,213,76,83,40,16,5,4
USER080,2025-09-26,6.33,28.5,26.4,1,99.3,0.54,3.23,6,237,75,80,88,3,7,5
USER080,2025-09-27,7.71,19.1,35.3,2,97.0,2.54,6.55,4,319,94,100,122,50,4,7
USER080,2025-09-28,8.55,30.4,23.6,3,98.5,1.09,7.12,6,264,78,93,19,30,4,6
USER080,2025-09-29,6.46,21.0,32.9,2,94.5,1.22,7.69,2,252,53,90,65,0,2,5
USER080,2025-09-30,6.89,17.8,28.5,1,89.3,1.08,5.12,6,259,75,84,88,16,3,4
USER080,2025-10-01,6.12,33.8,24.4,2,94.3,1.46,5.76,2,380,59,95,316,11,6,7
USER080,2025-10-02,7.08,25.1,23.4,2,95.6,1.16,8.6,6,255,100,88,123,31,5,5
USER080,2025-10-03,7.78,32.7,25.9,1,94.7,1.49,3.04,5,320,74,100,87,56,3,6
USER080,2025-10-04,8.87,24.4,25.6,0,96.3,2.15,5.88,0,375,80,80,63,11,5,3
USER080,2025-10-05,8.26,31.1,32.9,6,97.9,1.09,5.68,3,242,92,90,30,1,2,5
USER080,2025-10-06,6.19,23.6,38.8,1,86.7,1.13,4.78,3,235,81,86,231,12,2,6
USER080,2025-10-07,6.41,19.3,28.4,2,94.2,1.02,5.32,3,234,94,72,144,60,3,8
USER080,2025-10-08,6.24,26.5,22.7,1,95.6,0.81,5.25,1,326,86,72,118,12,4,6
USER080,2025-10-09,6.7,30.0,21.6,3,96.6,1.43,6.26,5,251,81,72,189,17,4,6
USER080,2025-10-10,4.74,38.2,29.4,3,97.4,0.64,4.93,0,388,75,60,72,1,7,5
USER080,2025-10-11,9.85,20.3,24.2,0,93.1,1.83,6.2,2,356,61,61,173,16,6,6
USER080,2025-10-12,5.8,19.8,33.3,2,96.3,1.98,5.15,1,363,72,78,79,23,6,5
USER080,2025-10-13,6.25,20.4,26.7,3,97.9,0.87,6.33,3,318,91,86,124,12,5,3
USER080,2025-10-14,6.73,26.7,31.6,2,96.8,1.11,5.68,2,228,84,88,49,2,4,6
USER080,2025-10-15,8.92,19.5,22.7,2,99.2,0.79,5.2,1,315,74,75,93,2,2,6
USER080,2025-10-16,6.45,30.9,18.6,4,97.9,1.19,1.2,2,279,76,79,146,34,2,6
USER080,2025-10-17,7.62,33.6,33.1,3,97.1,0.97,7.46,6,267,100,79,10,2,3,6
USER080,2025-10-18,7.68,25.9,21.4,2,93.9,1.01,5.28,1,293,90,72,25,14,2,6
USER080,2025-10-19,7.54,20.7,23.2,2,95.7,2.66,5.58,6,200,82,100,89,9,3,7
USER080,2025-10-20,7.15,21.8,24.7,1,92.3,0.61,5.18,4,245,78,81,50,2,4,5
USER080,2025-10-21,5.98,17.0,23.6,0,92.7,0.93,5.92,3,237,80,62,117,39,1,8
USER080,2025-10-22,9.69,25.8,28.4,2,94.3,0.53,3.61,2,304,50,90,171,0,3,6
USER080,2025-10-23,6.93,27.6,29.6,2,97.8,1.39,6.22,8,228,89,62,139,22,6,6
USER080,2025-10-24,7.28,24.0,27.5,3,96.4,0.83,6.4,9,273,82,94,58,7,4,5
USER080,2025-10-25,8.16,31.1,33.0,3,97.3,2.19,7.59,5,308,55,86,39,6,6,5
USER080,2025-10-26,9.2,22.5,34.4,5,95.3,2.4,3.07,2,284,68,61,13,15,1,5
USER080,2025-10-27,7.35,20.4,19.2,2,98.9,1.1,6.82,5,231,80,100,10,38,6,5
USER080,2025-10-28,8.07,27.6,25.6,1,92.4,0.85,7.97,5,271,98,97,18,19,6,5
USER080,2025-10-29,6.17,37.3,32.2,1,94.3,1.44,2.54,2,345,89,84,101,31,2,6
USER080,2025-10-30,6.47,16.0,23.6,1,98.6,1.39,7.44,6,280,87,65,100,18,6,5
USER080,2025-10-31,8.2,21.2,37.9,2,97.8,0.89,4.18,7,277,78,78,171,20,2,7
USER080,2025-11-01,8.46,32.7,30.4,2,88.4,1.5,4.88,2,358,86,91,90,8,3,7
USER080,2025-11-02,6.57,28.0,27.0,4,87.0,1.7,5.24,4,246,73,100,53,11,4,8
USER080,2025-11-03,5.27,21.0,27.8,3,95.4,0.91,6.84,3,321,69,71,38,26,3,4
USER080,2025-11-04,8.36,29.6,32.0,8,96.0,0.95,3.62,2,239,88,71,108,19,5,3
USER080,2025-11-05,6.58,27.1,23.5,2,92.4,0.5,5.15,3,322,91,86,150,17,5,5
USER080,2025-11-06,6.05,20.3,28.8,4,94.3,0.93,2.68,2,287,71,100,237,10,4,5
